density_g_cm3,rpm,penetration_depth_mm,probe_diameter_mm,acquisition_time_s,angular_speed_rad_s,tangential_velocity_cm_s,crossing_time_s,blocked_time_s,effective_time_s,sampled_mass_per_refresh_mg,n_refresh,effective_sampled_mass_estimate_mg
0.4,10,0.1,5.0,3.0,1.0471975511965976,1.8849555921538759,0.2652582384864922,0.8488263631567752,2.151173636843225,0.7853981633974484,8.109733552923256,6.369369838108589
0.4,10,0.2,5.0,3.0,1.0471975511965976,1.8849555921538759,0.2652582384864922,0.8488263631567752,2.151173636843225,1.5707963267948968,8.109733552923256,12.738739676217177
0.4,10,0.3,5.0,3.0,1.0471975511965976,1.8849555921538759,0.2652582384864922,0.8488263631567752,2.151173636843225,2.356194490192345,8.109733552923256,19.108109514325765
0.4,10,0.4,5.0,3.0,1.0471975511965976,1.8849555921538759,0.2652582384864922,0.8488263631567752,2.151173636843225,3.1415926535897936,8.109733552923256,25.477479352434354
0.4,10,0.5,5.0,3.0,1.0471975511965976,1.8849555921538759,0.2652582384864922,0.8488263631567752,2.151173636843225,3.926990816987242,8.109733552923256,31.846849190542944
0.4,10,0.6,5.0,3.0,1.0471975511965976,1.8849555921538759,0.2652582384864922,0.8488263631567752,2.151173636843225,4.71238898038469,8.109733552923256,38.21621902865153
0.4,10,0.7,5.0,3.0,1.0471975511965976,1.8849555921538759,0.2652582384864922,0.8488263631567752,2.151173636843225,5.497787143782138,8.109733552923256,44.58558886676012
0.4,10,0.8,5.0,3.0,1.0471975511965976,1.8849555921538759,0.2652582384864922,0.8488263631567752,2.151173636843225,6.283185307179587,8.109733552923256,50.95495870486871
0.4,10,0.9,5.0,3.0,1.0471975511965976,1.8849555921538759,0.2652582384864922,0.8488263631567752,2.151173636843225,7.068583470577035,8.109733552923256,57.3243285429773
0.4,10,1.0,5.0,3.0,1.0471975511965976,1.8849555921538759,0.2652582384864922,0.8488263631567752,2.151173636843225,7.853981633974484,8.109733552923256,63.69369838108589
0.4,10,1.1,5.0,3.0,1.0471975511965976,1.8849555921538759,0.2652582384864922,0.8488263631567752,2.151173636843225,8.639379797371934,8.109733552923256,70.06306821919449
0.4,10,1.2,5.0,3.0,1.0471975511965976,1.8849555921538759,0.2652582384864922,0.8488263631567752,2.151173636843225,9.42477796076938,8.109733552923256,76.43243805730306
0.4,10,1.3,5.0,3.0,1.0471975511965976,1.8849555921538759,0.2652582384864922,0.8488263631567752,2.151173636843225,10.210176124166829,8.109733552923256,82.80180789541166
0.4,10,1.4,5.0,3.0,1.0471975511965976,1.8849555921538759,0.2652582384864922,0.8488263631567752,2.151173636843225,10.995574287564276,8.109733552923256,89.17117773352024
0.4,10,1.5,5.0,3.0,1.0471975511965976,1.8849555921538759,0.2652582384864922,0.8488263631567752,2.151173636843225,11.780972450961725,8.109733552923256,95.54054757162884
0.4,10,1.6,5.0,3.0,1.0471975511965976,1.8849555921538759,0.2652582384864922,0.8488263631567752,2.151173636843225,12.566370614359174,8.109733552923256,101.90991740973742
0.4,10,1.7,5.0,3.0,1.0471975511965976,1.8849555921538759,0.2652582384864922,0.8488263631567752,2.151173636843225,13.351768777756622,8.109733552923256,108.279287247846
0.4,10,1.8,5.0,3.0,1.0471975511965976,1.8849555921538759,0.2652582384864922,0.8488263631567752,2.151173636843225,14.13716694115407,8.109733552923256,114.6486570859546
0.4,10,1.9,5.0,3.0,1.0471975511965976,1.8849555921538759,0.2652582384864922,0.8488263631567752,2.151173636843225,14.922565104551516,8.109733552923256,121.01802692406316
0.4,10,2.0,5.0,3.0,1.0471975511965976,1.8849555921538759,0.2652582384864922,0.8488263631567752,2.151173636843225,15.707963267948967,8.109733552923256,127.38739676217178
0.4,11,0.1,5.0,3.0,1.1519173063162573,2.0734511513692633,0.24114385316953843,1.1574904952137843,1.8425095047862157,0.7853981633974484,7.64070690821558,6.000997172770712
0.4,11,0.2,5.0,3.0,1.1519173063162573,2.0734511513692633,0.24114385316953843,1.1574904952137843,1.8425095047862157,1.5707963267948968,7.64070690821558,12.001994345541425
0.4,11,0.3,5.0,3.0,1.1519173063162573,2.0734511513692633,0.24114385316953843,1.1574904952137843,1.8425095047862157,2.356194490192345,7.64070690821558,18.002991518312136
0.4,11,0.4,5.0,3.0,1.1519173063162573,2.0734511513692633,0.24114385316953843,1.1574904952137843,1.8425095047862157,3.1415926535897936,7.64070690821558,24.00398869108285
0.4,11,0.5,5.0,3.0,1.1519173063162573,2.0734511513692633,0.24114385316953843,1.1574904952137843,1.8425095047862157,3.926990816987242,7.64070690821558,30.004985863853562
0.4,11,0.6,5.0,3.0,1.1519173063162573,2.0734511513692633,0.24114385316953843,1.1574904952137843,1.8425095047862157,4.71238898038469,7.64070690821558,36.00598303662427
0.4,11,0.7,5.0,3.0,1.1519173063162573,2.0734511513692633,0.24114385316953843,1.1574904952137843,1.8425095047862157,5.497787143782138,7.64070690821558,42.00698020939498
0.4,11,0.8,5.0,3.0,1.1519173063162573,2.0734511513692633,0.24114385316953843,1.1574904952137843,1.8425095047862157,6.283185307179587,7.64070690821558,48.0079773821657
0.4,11,0.9,5.0,3.0,1.1519173063162573,2.0734511513692633,0.24114385316953843,1.1574904952137843,1.8425095047862157,7.068583470577035,7.64070690821558,54.008974554936415
0.4,11,1.0,5.0,3.0,1.1519173063162573,2.0734511513692633,0.24114385316953843,1.1574904952137843,1.8425095047862157,7.853981633974484,7.64070690821558,60.009971727707125
0.4,11,1.1,5.0,3.0,1.1519173063162573,2.0734511513692633,0.24114385316953843,1.1574904952137843,1.8425095047862157,8.639379797371934,7.64070690821558,66.01096890047785
0.4,11,1.2,5.0,3.0,1.1519173063162573,2.0734511513692633,0.24114385316953843,1.1574904952137843,1.8425095047862157,9.42477796076938,7.64070690821558,72.01196607324854
0.4,11,1.3,5.0,3.0,1.1519173063162573,2.0734511513692633,0.24114385316953843,1.1574904952137843,1.8425095047862157,10.210176124166829,7.64070690821558,78.01296324601925
0.4,11,1.4,5.0,3.0,1.1519173063162573,2.0734511513692633,0.24114385316953843,1.1574904952137843,1.8425095047862157,10.995574287564276,7.64070690821558,84.01396041878996
0.4,11,1.5,5.0,3.0,1.1519173063162573,2.0734511513692633,0.24114385316953843,1.1574904952137843,1.8425095047862157,11.780972450961725,7.64070690821558,90.01495759156069
0.4,11,1.6,5.0,3.0,1.1519173063162573,2.0734511513692633,0.24114385316953843,1.1574904952137843,1.8425095047862157,12.566370614359174,7.64070690821558,96.0159547643314
0.4,11,1.7,5.0,3.0,1.1519173063162573,2.0734511513692633,0.24114385316953843,1.1574904952137843,1.8425095047862157,13.351768777756622,7.64070690821558,102.0169519371021
0.4,11,1.8,5.0,3.0,1.1519173063162573,2.0734511513692633,0.24114385316953843,1.1574904952137843,1.8425095047862157,14.13716694115407,7.64070690821558,108.01794910987283
0.4,11,1.9,5.0,3.0,1.1519173063162573,2.0734511513692633,0.24114385316953843,1.1574904952137843,1.8425095047862157,14.922565104551516,7.64070690821558,114.01894628264351
0.4,11,2.0,5.0,3.0,1.1519173063162573,2.0734511513692633,0.24114385316953843,1.1574904952137843,1.8425095047862157,15.707963267948967,7.64070690821558,120.01994345541425
0.4,12,0.1,5.0,3.0,1.2566370614359172,2.261946710584651,0.22104853207207686,1.0610329539459689,1.9389670460540311,0.7853981633974484,8.771680263507907,6.889261568868756
0.4,12,0.2,5.0,3.0,1.2566370614359172,2.261946710584651,0.22104853207207686,1.0610329539459689,1.9389670460540311,1.5707963267948968,8.771680263507907,13.778523137737512
0.4,12,0.3,5.0,3.0,1.2566370614359172,2.261946710584651,0.22104853207207686,1.0610329539459689,1.9389670460540311,2.356194490192345,8.771680263507907,20.667784706606266
0.4,12,0.4,5.0,3.0,1.2566370614359172,2.261946710584651,0.22104853207207686,1.0610329539459689,1.9389670460540311,3.1415926535897936,8.771680263507907,27.557046275475024
0.4,12,0.5,5.0,3.0,1.2566370614359172,2.261946710584651,0.22104853207207686,1.0610329539459689,1.9389670460540311,3.926990816987242,8.771680263507907,34.44630784434378
0.4,12,0.6,5.0,3.0,1.2566370614359172,2.261946710584651,0.22104853207207686,1.0610329539459689,1.9389670460540311,4.71238898038469,8.771680263507907,41.33556941321253
0.4,12,0.7,5.0,3.0,1.2566370614359172,2.261946710584651,0.22104853207207686,1.0610329539459689,1.9389670460540311,5.497787143782138,8.771680263507907,48.224830982081286
0.4,12,0.8,5.0,3.0,1.2566370614359172,2.261946710584651,0.22104853207207686,1.0610329539459689,1.9389670460540311,6.283185307179587,8.771680263507907,55.11409255095005
0.4,12,0.9,5.0,3.0,1.2566370614359172,2.261946710584651,0.22104853207207686,1.0610329539459689,1.9389670460540311,7.068583470577035,8.771680263507907,62.00335411981881
0.4,12,1.0,5.0,3.0,1.2566370614359172,2.261946710584651,0.22104853207207686,1.0610329539459689,1.9389670460540311,7.853981633974484,8.771680263507907,68.89261568868756
0.4,12,1.1,5.0,3.0,1.2566370614359172,2.261946710584651,0.22104853207207686,1.0610329539459689,1.9389670460540311,8.639379797371934,8.771680263507907,75.78187725755633
0.4,12,1.2,5.0,3.0,1.2566370614359172,2.261946710584651,0.22104853207207686,1.0610329539459689,1.9389670460540311,9.42477796076938,8.771680263507907,82.67113882642506
0.4,12,1.3,5.0,3.0,1.2566370614359172,2.261946710584651,0.22104853207207686,1.0610329539459689,1.9389670460540311,10.210176124166829,8.771680263507907,89.56040039529383
0.4,12,1.4,5.0,3.0,1.2566370614359172,2.261946710584651,0.22104853207207686,1.0610329539459689,1.9389670460540311,10.995574287564276,8.771680263507907,96.44966196416257
0.4,12,1.5,5.0,3.0,1.2566370614359172,2.261946710584651,0.22104853207207686,1.0610329539459689,1.9389670460540311,11.780972450961725,8.771680263507907,103.33892353303133
0.4,12,1.6,5.0,3.0,1.2566370614359172,2.261946710584651,0.22104853207207686,1.0610329539459689,1.9389670460540311,12.566370614359174,8.771680263507907,110.2281851019001
0.4,12,1.7,5.0,3.0,1.2566370614359172,2.261946710584651,0.22104853207207686,1.0610329539459689,1.9389670460540311,13.351768777756622,8.771680263507907,117.11744667076884
0.4,12,1.8,5.0,3.0,1.2566370614359172,2.261946710584651,0.22104853207207686,1.0610329539459689,1.9389670460540311,14.13716694115407,8.771680263507907,124.00670823963762
0.4,12,1.9,5.0,3.0,1.2566370614359172,2.261946710584651,0.22104853207207686,1.0610329539459689,1.9389670460540311,14.922565104551516,8.771680263507907,130.89596980850635
0.4,12,2.0,5.0,3.0,1.2566370614359172,2.261946710584651,0.22104853207207686,1.0610329539459689,1.9389670460540311,15.707963267948967,8.771680263507907,137.7852313773751
0.4,13,0.1,5.0,3.0,1.3613568165555772,2.450442269800039,0.20404479883576324,0.9794150344116634,2.020584965588337,0.7853981633974484,9.902653618800235,7.7775259649668005
0.4,13,0.2,5.0,3.0,1.3613568165555772,2.450442269800039,0.20404479883576324,0.9794150344116634,2.020584965588337,1.5707963267948968,9.902653618800235,15.555051929933601
0.4,13,0.3,5.0,3.0,1.3613568165555772,2.450442269800039,0.20404479883576324,0.9794150344116634,2.020584965588337,2.356194490192345,9.902653618800235,23.3325778949004
0.4,13,0.4,5.0,3.0,1.3613568165555772,2.450442269800039,0.20404479883576324,0.9794150344116634,2.020584965588337,3.1415926535897936,9.902653618800235,31.110103859867202
0.4,13,0.5,5.0,3.0,1.3613568165555772,2.450442269800039,0.20404479883576324,0.9794150344116634,2.020584965588337,3.926990816987242,9.902653618800235,38.887629824834
0.4,13,0.6,5.0,3.0,1.3613568165555772,2.450442269800039,0.20404479883576324,0.9794150344116634,2.020584965588337,4.71238898038469,9.902653618800235,46.6651557898008
0.4,13,0.7,5.0,3.0,1.3613568165555772,2.450442269800039,0.20404479883576324,0.9794150344116634,2.020584965588337,5.497787143782138,9.902653618800235,54.4426817547676
0.4,13,0.8,5.0,3.0,1.3613568165555772,2.450442269800039,0.20404479883576324,0.9794150344116634,2.020584965588337,6.283185307179587,9.902653618800235,62.220207719734404
0.4,13,0.9,5.0,3.0,1.3613568165555772,2.450442269800039,0.20404479883576324,0.9794150344116634,2.020584965588337,7.068583470577035,9.902653618800235,69.9977336847012
0.4,13,1.0,5.0,3.0,1.3613568165555772,2.450442269800039,0.20404479883576324,0.9794150344116634,2.020584965588337,7.853981633974484,9.902653618800235,77.775259649668
0.4,13,1.1,5.0,3.0,1.3613568165555772,2.450442269800039,0.20404479883576324,0.9794150344116634,2.020584965588337,8.639379797371934,9.902653618800235,85.55278561463481
0.4,13,1.2,5.0,3.0,1.3613568165555772,2.450442269800039,0.20404479883576324,0.9794150344116634,2.020584965588337,9.42477796076938,9.902653618800235,93.3303115796016
0.4,13,1.3,5.0,3.0,1.3613568165555772,2.450442269800039,0.20404479883576324,0.9794150344116634,2.020584965588337,10.210176124166829,9.902653618800235,101.1078375445684
0.4,13,1.4,5.0,3.0,1.3613568165555772,2.450442269800039,0.20404479883576324,0.9794150344116634,2.020584965588337,10.995574287564276,9.902653618800235,108.8853635095352
0.4,13,1.5,5.0,3.0,1.3613568165555772,2.450442269800039,0.20404479883576324,0.9794150344116634,2.020584965588337,11.780972450961725,9.902653618800235,116.662889474502
0.4,13,1.6,5.0,3.0,1.3613568165555772,2.450442269800039,0.20404479883576324,0.9794150344116634,2.020584965588337,12.566370614359174,9.902653618800235,124.44041543946881
0.4,13,1.7,5.0,3.0,1.3613568165555772,2.450442269800039,0.20404479883576324,0.9794150344116634,2.020584965588337,13.351768777756622,9.902653618800235,132.2179414044356
0.4,13,1.8,5.0,3.0,1.3613568165555772,2.450442269800039,0.20404479883576324,0.9794150344116634,2.020584965588337,14.13716694115407,9.902653618800235,139.9954673694024
0.4,13,1.9,5.0,3.0,1.3613568165555772,2.450442269800039,0.20404479883576324,0.9794150344116634,2.020584965588337,14.922565104551516,9.902653618800235,147.77299333436918
0.4,13,2.0,5.0,3.0,1.3613568165555772,2.450442269800039,0.20404479883576324,0.9794150344116634,2.020584965588337,15.707963267948967,9.902653618800235,155.550519299336
0.4,14,0.1,5.0,3.0,1.4660765716752369,2.6389378290154264,0.18947017034749444,0.9094568176679733,2.0905431823320266,0.7853981633974484,11.033626974092558,8.665790361064841
0.4,14,0.2,5.0,3.0,1.4660765716752369,2.6389378290154264,0.18947017034749444,0.9094568176679733,2.0905431823320266,1.5707963267948968,11.033626974092558,17.331580722129683
0.4,14,0.3,5.0,3.0,1.4660765716752369,2.6389378290154264,0.18947017034749444,0.9094568176679733,2.0905431823320266,2.356194490192345,11.033626974092558,25.99737108319452
0.4,14,0.4,5.0,3.0,1.4660765716752369,2.6389378290154264,0.18947017034749444,0.9094568176679733,2.0905431823320266,3.1415926535897936,11.033626974092558,34.663161444259366
0.4,14,0.5,5.0,3.0,1.4660765716752369,2.6389378290154264,0.18947017034749444,0.9094568176679733,2.0905431823320266,3.926990816987242,11.033626974092558,43.3289518053242
0.4,14,0.6,5.0,3.0,1.4660765716752369,2.6389378290154264,0.18947017034749444,0.9094568176679733,2.0905431823320266,4.71238898038469,11.033626974092558,51.99474216638904
0.4,14,0.7,5.0,3.0,1.4660765716752369,2.6389378290154264,0.18947017034749444,0.9094568176679733,2.0905431823320266,5.497787143782138,11.033626974092558,60.660532527453874
0.4,14,0.8,5.0,3.0,1.4660765716752369,2.6389378290154264,0.18947017034749444,0.9094568176679733,2.0905431823320266,6.283185307179587,11.033626974092558,69.32632288851873
0.4,14,0.9,5.0,3.0,1.4660765716752369,2.6389378290154264,0.18947017034749444,0.9094568176679733,2.0905431823320266,7.068583470577035,11.033626974092558,77.99211324958357
0.4,14,1.0,5.0,3.0,1.4660765716752369,2.6389378290154264,0.18947017034749444,0.9094568176679733,2.0905431823320266,7.853981633974484,11.033626974092558,86.6579036106484
0.4,14,1.1,5.0,3.0,1.4660765716752369,2.6389378290154264,0.18947017034749444,0.9094568176679733,2.0905431823320266,8.639379797371934,11.033626974092558,95.32369397171327
0.4,14,1.2,5.0,3.0,1.4660765716752369,2.6389378290154264,0.18947017034749444,0.9094568176679733,2.0905431823320266,9.42477796076938,11.033626974092558,103.98948433277808
0.4,14,1.3,5.0,3.0,1.4660765716752369,2.6389378290154264,0.18947017034749444,0.9094568176679733,2.0905431823320266,10.210176124166829,11.033626974092558,112.65527469384293
0.4,14,1.4,5.0,3.0,1.4660765716752369,2.6389378290154264,0.18947017034749444,0.9094568176679733,2.0905431823320266,10.995574287564276,11.033626974092558,121.32106505490775
0.4,14,1.5,5.0,3.0,1.4660765716752369,2.6389378290154264,0.18947017034749444,0.9094568176679733,2.0905431823320266,11.780972450961725,11.033626974092558,129.9868554159726
0.4,14,1.6,5.0,3.0,1.4660765716752369,2.6389378290154264,0.18947017034749444,0.9094568176679733,2.0905431823320266,12.566370614359174,11.033626974092558,138.65264577703746
0.4,14,1.7,5.0,3.0,1.4660765716752369,2.6389378290154264,0.18947017034749444,0.9094568176679733,2.0905431823320266,13.351768777756622,11.033626974092558,147.31843613810227
0.4,14,1.8,5.0,3.0,1.4660765716752369,2.6389378290154264,0.18947017034749444,0.9094568176679733,2.0905431823320266,14.13716694115407,11.033626974092558,155.98422649916714
0.4,14,1.9,5.0,3.0,1.4660765716752369,2.6389378290154264,0.18947017034749444,0.9094568176679733,2.0905431823320266,14.922565104551516,11.033626974092558,164.65001686023194
0.4,14,2.0,5.0,3.0,1.4660765716752369,2.6389378290154264,0.18947017034749444,0.9094568176679733,2.0905431823320266,15.707963267948967,11.033626974092558,173.3158072212968
0.4,15,0.1,5.0,3.0,1.5707963267948963,2.8274333882308134,0.1768388256576615,0.8488263631567752,2.151173636843225,0.7853981633974484,12.16460032938488,9.55405475716288
0.4,15,0.2,5.0,3.0,1.5707963267948963,2.8274333882308134,0.1768388256576615,0.8488263631567752,2.151173636843225,1.5707963267948968,12.16460032938488,19.10810951432576
0.4,15,0.3,5.0,3.0,1.5707963267948963,2.8274333882308134,0.1768388256576615,0.8488263631567752,2.151173636843225,2.356194490192345,12.16460032938488,28.66216427148864
0.4,15,0.4,5.0,3.0,1.5707963267948963,2.8274333882308134,0.1768388256576615,0.8488263631567752,2.151173636843225,3.1415926535897936,12.16460032938488,38.21621902865152
0.4,15,0.5,5.0,3.0,1.5707963267948963,2.8274333882308134,0.1768388256576615,0.8488263631567752,2.151173636843225,3.926990816987242,12.16460032938488,47.7702737858144
0.4,15,0.6,5.0,3.0,1.5707963267948963,2.8274333882308134,0.1768388256576615,0.8488263631567752,2.151173636843225,4.71238898038469,12.16460032938488,57.32432854297728
0.4,15,0.7,5.0,3.0,1.5707963267948963,2.8274333882308134,0.1768388256576615,0.8488263631567752,2.151173636843225,5.497787143782138,12.16460032938488,66.87838330014016
0.4,15,0.8,5.0,3.0,1.5707963267948963,2.8274333882308134,0.1768388256576615,0.8488263631567752,2.151173636843225,6.283185307179587,12.16460032938488,76.43243805730305
0.4,15,0.9,5.0,3.0,1.5707963267948963,2.8274333882308134,0.1768388256576615,0.8488263631567752,2.151173636843225,7.068583470577035,12.16460032938488,85.98649281446592
0.4,15,1.0,5.0,3.0,1.5707963267948963,2.8274333882308134,0.1768388256576615,0.8488263631567752,2.151173636843225,7.853981633974484,12.16460032938488,95.5405475716288
0.4,15,1.1,5.0,3.0,1.5707963267948963,2.8274333882308134,0.1768388256576615,0.8488263631567752,2.151173636843225,8.639379797371934,12.16460032938488,105.09460232879171
0.4,15,1.2,5.0,3.0,1.5707963267948963,2.8274333882308134,0.1768388256576615,0.8488263631567752,2.151173636843225,9.42477796076938,12.16460032938488,114.64865708595455
0.4,15,1.3,5.0,3.0,1.5707963267948963,2.8274333882308134,0.1768388256576615,0.8488263631567752,2.151173636843225,10.210176124166829,12.16460032938488,124.20271184311744
0.4,15,1.4,5.0,3.0,1.5707963267948963,2.8274333882308134,0.1768388256576615,0.8488263631567752,2.151173636843225,10.995574287564276,12.16460032938488,133.75676660028032
0.4,15,1.5,5.0,3.0,1.5707963267948963,2.8274333882308134,0.1768388256576615,0.8488263631567752,2.151173636843225,11.780972450961725,12.16460032938488,143.3108213574432
0.4,15,1.6,5.0,3.0,1.5707963267948963,2.8274333882308134,0.1768388256576615,0.8488263631567752,2.151173636843225,12.566370614359174,12.16460032938488,152.8648761146061
0.4,15,1.7,5.0,3.0,1.5707963267948963,2.8274333882308134,0.1768388256576615,0.8488263631567752,2.151173636843225,13.351768777756622,12.16460032938488,162.41893087176896
0.4,15,1.8,5.0,3.0,1.5707963267948963,2.8274333882308134,0.1768388256576615,0.8488263631567752,2.151173636843225,14.13716694115407,12.16460032938488,171.97298562893184
0.4,15,1.9,5.0,3.0,1.5707963267948963,2.8274333882308134,0.1768388256576615,0.8488263631567752,2.151173636843225,14.922565104551516,12.16460032938488,181.5270403860947
0.4,15,2.0,5.0,3.0,1.5707963267948963,2.8274333882308134,0.1768388256576615,0.8488263631567752,2.151173636843225,15.707963267948967,12.16460032938488,191.0810951432576
0.4,16,0.1,5.0,3.0,1.6755160819145563,3.015928947446201,0.16578639905405765,1.0610329539459689,1.9389670460540311,0.7853981633974484,11.695573684677209,9.185682091825008
0.4,16,0.2,5.0,3.0,1.6755160819145563,3.015928947446201,0.16578639905405765,1.0610329539459689,1.9389670460540311,1.5707963267948968,11.695573684677209,18.371364183650016
0.4,16,0.3,5.0,3.0,1.6755160819145563,3.015928947446201,0.16578639905405765,1.0610329539459689,1.9389670460540311,2.356194490192345,11.695573684677209,27.55704627547502
0.4,16,0.4,5.0,3.0,1.6755160819145563,3.015928947446201,0.16578639905405765,1.0610329539459689,1.9389670460540311,3.1415926535897936,11.695573684677209,36.74272836730003
0.4,16,0.5,5.0,3.0,1.6755160819145563,3.015928947446201,0.16578639905405765,1.0610329539459689,1.9389670460540311,3.926990816987242,11.695573684677209,45.92841045912504
0.4,16,0.6,5.0,3.0,1.6755160819145563,3.015928947446201,0.16578639905405765,1.0610329539459689,1.9389670460540311,4.71238898038469,11.695573684677209,55.11409255095004
0.4,16,0.7,5.0,3.0,1.6755160819145563,3.015928947446201,0.16578639905405765,1.0610329539459689,1.9389670460540311,5.497787143782138,11.695573684677209,64.29977464277505
0.4,16,0.8,5.0,3.0,1.6755160819145563,3.015928947446201,0.16578639905405765,1.0610329539459689,1.9389670460540311,6.283185307179587,11.695573684677209,73.48545673460006
0.4,16,0.9,5.0,3.0,1.6755160819145563,3.015928947446201,0.16578639905405765,1.0610329539459689,1.9389670460540311,7.068583470577035,11.695573684677209,82.67113882642506
0.4,16,1.0,5.0,3.0,1.6755160819145563,3.015928947446201,0.16578639905405765,1.0610329539459689,1.9389670460540311,7.853981633974484,11.695573684677209,91.85682091825008
0.4,16,1.1,5.0,3.0,1.6755160819145563,3.015928947446201,0.16578639905405765,1.0610329539459689,1.9389670460540311,8.639379797371934,11.695573684677209,101.04250301007511
0.4,16,1.2,5.0,3.0,1.6755160819145563,3.015928947446201,0.16578639905405765,1.0610329539459689,1.9389670460540311,9.42477796076938,11.695573684677209,110.22818510190008
0.4,16,1.3,5.0,3.0,1.6755160819145563,3.015928947446201,0.16578639905405765,1.0610329539459689,1.9389670460540311,10.210176124166829,11.695573684677209,119.4138671937251
0.4,16,1.4,5.0,3.0,1.6755160819145563,3.015928947446201,0.16578639905405765,1.0610329539459689,1.9389670460540311,10.995574287564276,11.695573684677209,128.5995492855501
0.4,16,1.5,5.0,3.0,1.6755160819145563,3.015928947446201,0.16578639905405765,1.0610329539459689,1.9389670460540311,11.780972450961725,11.695573684677209,137.7852313773751
0.4,16,1.6,5.0,3.0,1.6755160819145563,3.015928947446201,0.16578639905405765,1.0610329539459689,1.9389670460540311,12.566370614359174,11.695573684677209,146.97091346920013
0.4,16,1.7,5.0,3.0,1.6755160819145563,3.015928947446201,0.16578639905405765,1.0610329539459689,1.9389670460540311,13.351768777756622,11.695573684677209,156.1565955610251
0.4,16,1.8,5.0,3.0,1.6755160819145563,3.015928947446201,0.16578639905405765,1.0610329539459689,1.9389670460540311,14.13716694115407,11.695573684677209,165.34227765285013
0.4,16,1.9,5.0,3.0,1.6755160819145563,3.015928947446201,0.16578639905405765,1.0610329539459689,1.9389670460540311,14.922565104551516,11.695573684677209,174.52795974467512
0.4,16,2.0,5.0,3.0,1.6755160819145563,3.015928947446201,0.16578639905405765,1.0610329539459689,1.9389670460540311,15.707963267948967,11.695573684677209,183.71364183650016
0.4,17,0.1,5.0,3.0,1.7802358370342162,3.204424506661589,0.15603425793323072,0.9986192507726765,2.0013807492273235,0.7853981633974484,12.826547039969535,10.07394648792305
0.4,17,0.2,5.0,3.0,1.7802358370342162,3.204424506661589,0.15603425793323072,0.9986192507726765,2.0013807492273235,1.5707963267948968,12.826547039969535,20.1478929758461
0.4,17,0.3,5.0,3.0,1.7802358370342162,3.204424506661589,0.15603425793323072,0.9986192507726765,2.0013807492273235,2.356194490192345,12.826547039969535,30.221839463769147
0.4,17,0.4,5.0,3.0,1.7802358370342162,3.204424506661589,0.15603425793323072,0.9986192507726765,2.0013807492273235,3.1415926535897936,12.826547039969535,40.2957859516922
0.4,17,0.5,5.0,3.0,1.7802358370342162,3.204424506661589,0.15603425793323072,0.9986192507726765,2.0013807492273235,3.926990816987242,12.826547039969535,50.369732439615255
0.4,17,0.6,5.0,3.0,1.7802358370342162,3.204424506661589,0.15603425793323072,0.9986192507726765,2.0013807492273235,4.71238898038469,12.826547039969535,60.44367892753829
0.4,17,0.7,5.0,3.0,1.7802358370342162,3.204424506661589,0.15603425793323072,0.9986192507726765,2.0013807492273235,5.497787143782138,12.826547039969535,70.51762541546134
0.4,17,0.8,5.0,3.0,1.7802358370342162,3.204424506661589,0.15603425793323072,0.9986192507726765,2.0013807492273235,6.283185307179587,12.826547039969535,80.5915719033844
0.4,17,0.9,5.0,3.0,1.7802358370342162,3.204424506661589,0.15603425793323072,0.9986192507726765,2.0013807492273235,7.068583470577035,12.826547039969535,90.66551839130746
0.4,17,1.0,5.0,3.0,1.7802358370342162,3.204424506661589,0.15603425793323072,0.9986192507726765,2.0013807492273235,7.853981633974484,12.826547039969535,100.73946487923051
0.4,17,1.1,5.0,3.0,1.7802358370342162,3.204424506661589,0.15603425793323072,0.9986192507726765,2.0013807492273235,8.639379797371934,12.826547039969535,110.81341136715358
0.4,17,1.2,5.0,3.0,1.7802358370342162,3.204424506661589,0.15603425793323072,0.9986192507726765,2.0013807492273235,9.42477796076938,12.826547039969535,120.88735785507659
0.4,17,1.3,5.0,3.0,1.7802358370342162,3.204424506661589,0.15603425793323072,0.9986192507726765,2.0013807492273235,10.210176124166829,12.826547039969535,130.96130434299965
0.4,17,1.4,5.0,3.0,1.7802358370342162,3.204424506661589,0.15603425793323072,0.9986192507726765,2.0013807492273235,10.995574287564276,12.826547039969535,141.03525083092268
0.4,17,1.5,5.0,3.0,1.7802358370342162,3.204424506661589,0.15603425793323072,0.9986192507726765,2.0013807492273235,11.780972450961725,12.826547039969535,151.10919731884576
0.4,17,1.6,5.0,3.0,1.7802358370342162,3.204424506661589,0.15603425793323072,0.9986192507726765,2.0013807492273235,12.566370614359174,12.826547039969535,161.1831438067688
0.4,17,1.7,5.0,3.0,1.7802358370342162,3.204424506661589,0.15603425793323072,0.9986192507726765,2.0013807492273235,13.351768777756622,12.826547039969535,171.25709029469186
0.4,17,1.8,5.0,3.0,1.7802358370342162,3.204424506661589,0.15603425793323072,0.9986192507726765,2.0013807492273235,14.13716694115407,12.826547039969535,181.33103678261492
0.4,17,1.9,5.0,3.0,1.7802358370342162,3.204424506661589,0.15603425793323072,0.9986192507726765,2.0013807492273235,14.922565104551516,12.826547039969535,191.40498327053794
0.4,17,2.0,5.0,3.0,1.7802358370342162,3.204424506661589,0.15603425793323072,0.9986192507726765,2.0013807492273235,15.707963267948967,12.826547039969535,201.47892975846102
0.4,18,0.1,5.0,3.0,1.8849555921538759,3.3929200658769765,0.14736568804805125,0.9431404035075279,2.056859596492472,0.7853981633974484,13.95752039526186,10.962210884021092
0.4,18,0.2,5.0,3.0,1.8849555921538759,3.3929200658769765,0.14736568804805125,0.9431404035075279,2.056859596492472,1.5707963267948968,13.95752039526186,21.924421768042183
0.4,18,0.3,5.0,3.0,1.8849555921538759,3.3929200658769765,0.14736568804805125,0.9431404035075279,2.056859596492472,2.356194490192345,13.95752039526186,32.88663265206327
0.4,18,0.4,5.0,3.0,1.8849555921538759,3.3929200658769765,0.14736568804805125,0.9431404035075279,2.056859596492472,3.1415926535897936,13.95752039526186,43.84884353608437
0.4,18,0.5,5.0,3.0,1.8849555921538759,3.3929200658769765,0.14736568804805125,0.9431404035075279,2.056859596492472,3.926990816987242,13.95752039526186,54.81105442010546
0.4,18,0.6,5.0,3.0,1.8849555921538759,3.3929200658769765,0.14736568804805125,0.9431404035075279,2.056859596492472,4.71238898038469,13.95752039526186,65.77326530412654
0.4,18,0.7,5.0,3.0,1.8849555921538759,3.3929200658769765,0.14736568804805125,0.9431404035075279,2.056859596492472,5.497787143782138,13.95752039526186,76.73547618814763
0.4,18,0.8,5.0,3.0,1.8849555921538759,3.3929200658769765,0.14736568804805125,0.9431404035075279,2.056859596492472,6.283185307179587,13.95752039526186,87.69768707216873
0.4,18,0.9,5.0,3.0,1.8849555921538759,3.3929200658769765,0.14736568804805125,0.9431404035075279,2.056859596492472,7.068583470577035,13.95752039526186,98.65989795618982
0.4,18,1.0,5.0,3.0,1.8849555921538759,3.3929200658769765,0.14736568804805125,0.9431404035075279,2.056859596492472,7.853981633974484,13.95752039526186,109.62210884021091
0.4,18,1.1,5.0,3.0,1.8849555921538759,3.3929200658769765,0.14736568804805125,0.9431404035075279,2.056859596492472,8.639379797371934,13.95752039526186,120.58431972423203
0.4,18,1.2,5.0,3.0,1.8849555921538759,3.3929200658769765,0.14736568804805125,0.9431404035075279,2.056859596492472,9.42477796076938,13.95752039526186,131.54653060825308
0.4,18,1.3,5.0,3.0,1.8849555921538759,3.3929200658769765,0.14736568804805125,0.9431404035075279,2.056859596492472,10.210176124166829,13.95752039526186,142.5087414922742
0.4,18,1.4,5.0,3.0,1.8849555921538759,3.3929200658769765,0.14736568804805125,0.9431404035075279,2.056859596492472,10.995574287564276,13.95752039526186,153.47095237629526
0.4,18,1.5,5.0,3.0,1.8849555921538759,3.3929200658769765,0.14736568804805125,0.9431404035075279,2.056859596492472,11.780972450961725,13.95752039526186,164.43316326031638
0.4,18,1.6,5.0,3.0,1.8849555921538759,3.3929200658769765,0.14736568804805125,0.9431404035075279,2.056859596492472,12.566370614359174,13.95752039526186,175.39537414433747
0.4,18,1.7,5.0,3.0,1.8849555921538759,3.3929200658769765,0.14736568804805125,0.9431404035075279,2.056859596492472,13.351768777756622,13.95752039526186,186.35758502835856
0.4,18,1.8,5.0,3.0,1.8849555921538759,3.3929200658769765,0.14736568804805125,0.9431404035075279,2.056859596492472,14.13716694115407,13.95752039526186,197.31979591237965
0.4,18,1.9,5.0,3.0,1.8849555921538759,3.3929200658769765,0.14736568804805125,0.9431404035075279,2.056859596492472,14.922565104551516,13.95752039526186,208.2820067964007
0.4,18,2.0,5.0,3.0,1.8849555921538759,3.3929200658769765,0.14736568804805125,0.9431404035075279,2.056859596492472,15.707963267948967,13.95752039526186,219.24421768042183
0.4,19,0.1,5.0,3.0,1.9896753472735356,3.581415625092364,0.13960959920341698,0.8935014349018686,2.106498565098131,0.7853981633974484,15.088493750554182,11.850475280119133
0.4,19,0.2,5.0,3.0,1.9896753472735356,3.581415625092364,0.13960959920341698,0.8935014349018686,2.106498565098131,1.5707963267948968,15.088493750554182,23.700950560238265
0.4,19,0.3,5.0,3.0,1.9896753472735356,3.581415625092364,0.13960959920341698,0.8935014349018686,2.106498565098131,2.356194490192345,15.088493750554182,35.55142584035739
0.4,19,0.4,5.0,3.0,1.9896753472735356,3.581415625092364,0.13960959920341698,0.8935014349018686,2.106498565098131,3.1415926535897936,15.088493750554182,47.40190112047653
0.4,19,0.5,5.0,3.0,1.9896753472735356,3.581415625092364,0.13960959920341698,0.8935014349018686,2.106498565098131,3.926990816987242,15.088493750554182,59.25237640059566
0.4,19,0.6,5.0,3.0,1.9896753472735356,3.581415625092364,0.13960959920341698,0.8935014349018686,2.106498565098131,4.71238898038469,15.088493750554182,71.10285168071478
0.4,19,0.7,5.0,3.0,1.9896753472735356,3.581415625092364,0.13960959920341698,0.8935014349018686,2.106498565098131,5.497787143782138,15.088493750554182,82.95332696083392
0.4,19,0.8,5.0,3.0,1.9896753472735356,3.581415625092364,0.13960959920341698,0.8935014349018686,2.106498565098131,6.283185307179587,15.088493750554182,94.80380224095306
0.4,19,0.9,5.0,3.0,1.9896753472735356,3.581415625092364,0.13960959920341698,0.8935014349018686,2.106498565098131,7.068583470577035,15.088493750554182,106.65427752107219
0.4,19,1.0,5.0,3.0,1.9896753472735356,3.581415625092364,0.13960959920341698,0.8935014349018686,2.106498565098131,7.853981633974484,15.088493750554182,118.50475280119132
0.4,19,1.1,5.0,3.0,1.9896753472735356,3.581415625092364,0.13960959920341698,0.8935014349018686,2.106498565098131,8.639379797371934,15.088493750554182,130.35522808131049
0.4,19,1.2,5.0,3.0,1.9896753472735356,3.581415625092364,0.13960959920341698,0.8935014349018686,2.106498565098131,9.42477796076938,15.088493750554182,142.20570336142956
0.4,19,1.3,5.0,3.0,1.9896753472735356,3.581415625092364,0.13960959920341698,0.8935014349018686,2.106498565098131,10.210176124166829,15.088493750554182,154.0561786415487
0.4,19,1.4,5.0,3.0,1.9896753472735356,3.581415625092364,0.13960959920341698,0.8935014349018686,2.106498565098131,10.995574287564276,15.088493750554182,165.90665392166784
0.4,19,1.5,5.0,3.0,1.9896753472735356,3.581415625092364,0.13960959920341698,0.8935014349018686,2.106498565098131,11.780972450961725,15.088493750554182,177.75712920178697
0.4,19,1.6,5.0,3.0,1.9896753472735356,3.581415625092364,0.13960959920341698,0.8935014349018686,2.106498565098131,12.566370614359174,15.088493750554182,189.60760448190612
0.4,19,1.7,5.0,3.0,1.9896753472735356,3.581415625092364,0.13960959920341698,0.8935014349018686,2.106498565098131,13.351768777756622,15.088493750554182,201.45807976202522
0.4,19,1.8,5.0,3.0,1.9896753472735356,3.581415625092364,0.13960959920341698,0.8935014349018686,2.106498565098131,14.13716694115407,15.088493750554182,213.30855504214438
0.4,19,1.9,5.0,3.0,1.9896753472735356,3.581415625092364,0.13960959920341698,0.8935014349018686,2.106498565098131,14.922565104551516,15.088493750554182,225.15903032226348
0.4,19,2.0,5.0,3.0,1.9896753472735356,3.581415625092364,0.13960959920341698,0.8935014349018686,2.106498565098131,15.707963267948967,15.088493750554182,237.00950560238263
0.4,20,0.1,5.0,3.0,2.0943951023931953,3.7699111843077517,0.1326291192432461,0.8488263631567752,2.151173636843225,0.7853981633974484,16.219467105846512,12.738739676217177
0.4,20,0.2,5.0,3.0,2.0943951023931953,3.7699111843077517,0.1326291192432461,0.8488263631567752,2.151173636843225,1.5707963267948968,16.219467105846512,25.477479352434354
0.4,20,0.3,5.0,3.0,2.0943951023931953,3.7699111843077517,0.1326291192432461,0.8488263631567752,2.151173636843225,2.356194490192345,16.219467105846512,38.21621902865153
0.4,20,0.4,5.0,3.0,2.0943951023931953,3.7699111843077517,0.1326291192432461,0.8488263631567752,2.151173636843225,3.1415926535897936,16.219467105846512,50.95495870486871
0.4,20,0.5,5.0,3.0,2.0943951023931953,3.7699111843077517,0.1326291192432461,0.8488263631567752,2.151173636843225,3.926990816987242,16.219467105846512,63.69369838108589
0.4,20,0.6,5.0,3.0,2.0943951023931953,3.7699111843077517,0.1326291192432461,0.8488263631567752,2.151173636843225,4.71238898038469,16.219467105846512,76.43243805730306
0.4,20,0.7,5.0,3.0,2.0943951023931953,3.7699111843077517,0.1326291192432461,0.8488263631567752,2.151173636843225,5.497787143782138,16.219467105846512,89.17117773352024
0.4,20,0.8,5.0,3.0,2.0943951023931953,3.7699111843077517,0.1326291192432461,0.8488263631567752,2.151173636843225,6.283185307179587,16.219467105846512,101.90991740973742
0.4,20,0.9,5.0,3.0,2.0943951023931953,3.7699111843077517,0.1326291192432461,0.8488263631567752,2.151173636843225,7.068583470577035,16.219467105846512,114.6486570859546
0.4,20,1.0,5.0,3.0,2.0943951023931953,3.7699111843077517,0.1326291192432461,0.8488263631567752,2.151173636843225,7.853981633974484,16.219467105846512,127.38739676217178
0.4,20,1.1,5.0,3.0,2.0943951023931953,3.7699111843077517,0.1326291192432461,0.8488263631567752,2.151173636843225,8.639379797371934,16.219467105846512,140.12613643838898
0.4,20,1.2,5.0,3.0,2.0943951023931953,3.7699111843077517,0.1326291192432461,0.8488263631567752,2.151173636843225,9.42477796076938,16.219467105846512,152.86487611460612
0.4,20,1.3,5.0,3.0,2.0943951023931953,3.7699111843077517,0.1326291192432461,0.8488263631567752,2.151173636843225,10.210176124166829,16.219467105846512,165.6036157908233
0.4,20,1.4,5.0,3.0,2.0943951023931953,3.7699111843077517,0.1326291192432461,0.8488263631567752,2.151173636843225,10.995574287564276,16.219467105846512,178.34235546704048
0.4,20,1.5,5.0,3.0,2.0943951023931953,3.7699111843077517,0.1326291192432461,0.8488263631567752,2.151173636843225,11.780972450961725,16.219467105846512,191.08109514325767
0.4,20,1.6,5.0,3.0,2.0943951023931953,3.7699111843077517,0.1326291192432461,0.8488263631567752,2.151173636843225,12.566370614359174,16.219467105846512,203.81983481947483
0.4,20,1.7,5.0,3.0,2.0943951023931953,3.7699111843077517,0.1326291192432461,0.8488263631567752,2.151173636843225,13.351768777756622,16.219467105846512,216.558574495692
0.4,20,1.8,5.0,3.0,2.0943951023931953,3.7699111843077517,0.1326291192432461,0.8488263631567752,2.151173636843225,14.13716694115407,16.219467105846512,229.2973141719092
0.4,20,1.9,5.0,3.0,2.0943951023931953,3.7699111843077517,0.1326291192432461,0.8488263631567752,2.151173636843225,14.922565104551516,16.219467105846512,242.03605384812633
0.4,20,2.0,5.0,3.0,2.0943951023931953,3.7699111843077517,0.1326291192432461,0.8488263631567752,2.151173636843225,15.707963267948967,16.219467105846512,254.77479352434355
0.4,21,0.1,5.0,3.0,2.199114857512855,3.9584067435231396,0.12631344689832963,1.010507575186637,1.989492424813363,0.7853981633974484,15.750440461138837,12.370367010879303
0.4,21,0.2,5.0,3.0,2.199114857512855,3.9584067435231396,0.12631344689832963,1.010507575186637,1.989492424813363,1.5707963267948968,15.750440461138837,24.740734021758605
0.4,21,0.3,5.0,3.0,2.199114857512855,3.9584067435231396,0.12631344689832963,1.010507575186637,1.989492424813363,2.356194490192345,15.750440461138837,37.111101032637904
0.4,21,0.4,5.0,3.0,2.199114857512855,3.9584067435231396,0.12631344689832963,1.010507575186637,1.989492424813363,3.1415926535897936,15.750440461138837,49.48146804351721
0.4,21,0.5,5.0,3.0,2.199114857512855,3.9584067435231396,0.12631344689832963,1.010507575186637,1.989492424813363,3.926990816987242,15.750440461138837,61.85183505439651
0.4,21,0.6,5.0,3.0,2.199114857512855,3.9584067435231396,0.12631344689832963,1.010507575186637,1.989492424813363,4.71238898038469,15.750440461138837,74.22220206527581
0.4,21,0.7,5.0,3.0,2.199114857512855,3.9584067435231396,0.12631344689832963,1.010507575186637,1.989492424813363,5.497787143782138,15.750440461138837,86.5925690761551
0.4,21,0.8,5.0,3.0,2.199114857512855,3.9584067435231396,0.12631344689832963,1.010507575186637,1.989492424813363,6.283185307179587,15.750440461138837,98.96293608703442
0.4,21,0.9,5.0,3.0,2.199114857512855,3.9584067435231396,0.12631344689832963,1.010507575186637,1.989492424813363,7.068583470577035,15.750440461138837,111.33330309791371
0.4,21,1.0,5.0,3.0,2.199114857512855,3.9584067435231396,0.12631344689832963,1.010507575186637,1.989492424813363,7.853981633974484,15.750440461138837,123.70367010879302
0.4,21,1.1,5.0,3.0,2.199114857512855,3.9584067435231396,0.12631344689832963,1.010507575186637,1.989492424813363,8.639379797371934,15.750440461138837,136.07403711967234
0.4,21,1.2,5.0,3.0,2.199114857512855,3.9584067435231396,0.12631344689832963,1.010507575186637,1.989492424813363,9.42477796076938,15.750440461138837,148.44440413055162
0.4,21,1.3,5.0,3.0,2.199114857512855,3.9584067435231396,0.12631344689832963,1.010507575186637,1.989492424813363,10.210176124166829,15.750440461138837,160.81477114143092
0.4,21,1.4,5.0,3.0,2.199114857512855,3.9584067435231396,0.12631344689832963,1.010507575186637,1.989492424813363,10.995574287564276,15.750440461138837,173.1851381523102
0.4,21,1.5,5.0,3.0,2.199114857512855,3.9584067435231396,0.12631344689832963,1.010507575186637,1.989492424813363,11.780972450961725,15.750440461138837,185.55550516318954
0.4,21,1.6,5.0,3.0,2.199114857512855,3.9584067435231396,0.12631344689832963,1.010507575186637,1.989492424813363,12.566370614359174,15.750440461138837,197.92587217406884
0.4,21,1.7,5.0,3.0,2.199114857512855,3.9584067435231396,0.12631344689832963,1.010507575186637,1.989492424813363,13.351768777756622,15.750440461138837,210.29623918494812
0.4,21,1.8,5.0,3.0,2.199114857512855,3.9584067435231396,0.12631344689832963,1.010507575186637,1.989492424813363,14.13716694115407,15.750440461138837,222.66660619582743
0.4,21,1.9,5.0,3.0,2.199114857512855,3.9584067435231396,0.12631344689832963,1.010507575186637,1.989492424813363,14.922565104551516,15.750440461138837,235.0369732067067
0.4,21,2.0,5.0,3.0,2.199114857512855,3.9584067435231396,0.12631344689832963,1.010507575186637,1.989492424813363,15.707963267948967,15.750440461138837,247.40734021758604
0.4,22,0.1,5.0,3.0,2.3038346126325147,4.146902302738527,0.12057192658476922,0.9645754126781536,2.035424587321846,0.7853981633974484,16.881413816431156,13.25863140697734
0.4,22,0.2,5.0,3.0,2.3038346126325147,4.146902302738527,0.12057192658476922,0.9645754126781536,2.035424587321846,1.5707963267948968,16.881413816431156,26.51726281395468
0.4,22,0.3,5.0,3.0,2.3038346126325147,4.146902302738527,0.12057192658476922,0.9645754126781536,2.035424587321846,2.356194490192345,16.881413816431156,39.77589422093202
0.4,22,0.4,5.0,3.0,2.3038346126325147,4.146902302738527,0.12057192658476922,0.9645754126781536,2.035424587321846,3.1415926535897936,16.881413816431156,53.03452562790936
0.4,22,0.5,5.0,3.0,2.3038346126325147,4.146902302738527,0.12057192658476922,0.9645754126781536,2.035424587321846,3.926990816987242,16.881413816431156,66.29315703488669
0.4,22,0.6,5.0,3.0,2.3038346126325147,4.146902302738527,0.12057192658476922,0.9645754126781536,2.035424587321846,4.71238898038469,16.881413816431156,79.55178844186403
0.4,22,0.7,5.0,3.0,2.3038346126325147,4.146902302738527,0.12057192658476922,0.9645754126781536,2.035424587321846,5.497787143782138,16.881413816431156,92.81041984884136
0.4,22,0.8,5.0,3.0,2.3038346126325147,4.146902302738527,0.12057192658476922,0.9645754126781536,2.035424587321846,6.283185307179587,16.881413816431156,106.06905125581872
0.4,22,0.9,5.0,3.0,2.3038346126325147,4.146902302738527,0.12057192658476922,0.9645754126781536,2.035424587321846,7.068583470577035,16.881413816431156,119.32768266279605
0.4,22,1.0,5.0,3.0,2.3038346126325147,4.146902302738527,0.12057192658476922,0.9645754126781536,2.035424587321846,7.853981633974484,16.881413816431156,132.58631406977338
0.4,22,1.1,5.0,3.0,2.3038346126325147,4.146902302738527,0.12057192658476922,0.9645754126781536,2.035424587321846,8.639379797371934,16.881413816431156,145.84494547675075
0.4,22,1.2,5.0,3.0,2.3038346126325147,4.146902302738527,0.12057192658476922,0.9645754126781536,2.035424587321846,9.42477796076938,16.881413816431156,159.10357688372807
0.4,22,1.3,5.0,3.0,2.3038346126325147,4.146902302738527,0.12057192658476922,0.9645754126781536,2.035424587321846,10.210176124166829,16.881413816431156,172.3622082907054
0.4,22,1.4,5.0,3.0,2.3038346126325147,4.146902302738527,0.12057192658476922,0.9645754126781536,2.035424587321846,10.995574287564276,16.881413816431156,185.62083969768273
0.4,22,1.5,5.0,3.0,2.3038346126325147,4.146902302738527,0.12057192658476922,0.9645754126781536,2.035424587321846,11.780972450961725,16.881413816431156,198.87947110466007
0.4,22,1.6,5.0,3.0,2.3038346126325147,4.146902302738527,0.12057192658476922,0.9645754126781536,2.035424587321846,12.566370614359174,16.881413816431156,212.13810251163744
0.4,22,1.7,5.0,3.0,2.3038346126325147,4.146902302738527,0.12057192658476922,0.9645754126781536,2.035424587321846,13.351768777756622,16.881413816431156,225.39673391861476
0.4,22,1.8,5.0,3.0,2.3038346126325147,4.146902302738527,0.12057192658476922,0.9645754126781536,2.035424587321846,14.13716694115407,16.881413816431156,238.6553653255921
0.4,22,1.9,5.0,3.0,2.3038346126325147,4.146902302738527,0.12057192658476922,0.9645754126781536,2.035424587321846,14.922565104551516,16.881413816431156,251.91399673256942
0.4,22,2.0,5.0,3.0,2.3038346126325147,4.146902302738527,0.12057192658476922,0.9645754126781536,2.035424587321846,15.707963267948967,16.881413816431156,265.17262813954676
0.4,23,0.1,5.0,3.0,2.4085543677521746,4.335397861953914,0.11532966890717056,0.9226373512573643,2.0773626487426355,0.7853981633974484,18.012387171723482,14.146895803075383
0.4,23,0.2,5.0,3.0,2.4085543677521746,4.335397861953914,0.11532966890717056,0.9226373512573643,2.0773626487426355,1.5707963267948968,18.012387171723482,28.293791606150766
0.4,23,0.3,5.0,3.0,2.4085543677521746,4.335397861953914,0.11532966890717056,0.9226373512573643,2.0773626487426355,2.356194490192345,18.012387171723482,42.44068740922614
0.4,23,0.4,5.0,3.0,2.4085543677521746,4.335397861953914,0.11532966890717056,0.9226373512573643,2.0773626487426355,3.1415926535897936,18.012387171723482,56.58758321230153
0.4,23,0.5,5.0,3.0,2.4085543677521746,4.335397861953914,0.11532966890717056,0.9226373512573643,2.0773626487426355,3.926990816987242,18.012387171723482,70.7344790153769
0.4,23,0.6,5.0,3.0,2.4085543677521746,4.335397861953914,0.11532966890717056,0.9226373512573643,2.0773626487426355,4.71238898038469,18.012387171723482,84.88137481845229
0.4,23,0.7,5.0,3.0,2.4085543677521746,4.335397861953914,0.11532966890717056,0.9226373512573643,2.0773626487426355,5.497787143782138,18.012387171723482,99.02827062152767
0.4,23,0.8,5.0,3.0,2.4085543677521746,4.335397861953914,0.11532966890717056,0.9226373512573643,2.0773626487426355,6.283185307179587,18.012387171723482,113.17516642460306
0.4,23,0.9,5.0,3.0,2.4085543677521746,4.335397861953914,0.11532966890717056,0.9226373512573643,2.0773626487426355,7.068583470577035,18.012387171723482,127.32206222767844
0.4,23,1.0,5.0,3.0,2.4085543677521746,4.335397861953914,0.11532966890717056,0.9226373512573643,2.0773626487426355,7.853981633974484,18.012387171723482,141.4689580307538
0.4,23,1.1,5.0,3.0,2.4085543677521746,4.335397861953914,0.11532966890717056,0.9226373512573643,2.0773626487426355,8.639379797371934,18.012387171723482,155.61585383382925
0.4,23,1.2,5.0,3.0,2.4085543677521746,4.335397861953914,0.11532966890717056,0.9226373512573643,2.0773626487426355,9.42477796076938,18.012387171723482,169.76274963690457
0.4,23,1.3,5.0,3.0,2.4085543677521746,4.335397861953914,0.11532966890717056,0.9226373512573643,2.0773626487426355,10.210176124166829,18.012387171723482,183.90964543997995
0.4,23,1.4,5.0,3.0,2.4085543677521746,4.335397861953914,0.11532966890717056,0.9226373512573643,2.0773626487426355,10.995574287564276,18.012387171723482,198.05654124305534
0.4,23,1.5,5.0,3.0,2.4085543677521746,4.335397861953914,0.11532966890717056,0.9226373512573643,2.0773626487426355,11.780972450961725,18.012387171723482,212.20343704613072
0.4,23,1.6,5.0,3.0,2.4085543677521746,4.335397861953914,0.11532966890717056,0.9226373512573643,2.0773626487426355,12.566370614359174,18.012387171723482,226.35033284920613
0.4,23,1.7,5.0,3.0,2.4085543677521746,4.335397861953914,0.11532966890717056,0.9226373512573643,2.0773626487426355,13.351768777756622,18.012387171723482,240.49722865228148
0.4,23,1.8,5.0,3.0,2.4085543677521746,4.335397861953914,0.11532966890717056,0.9226373512573643,2.0773626487426355,14.13716694115407,18.012387171723482,254.6441244553569
0.4,23,1.9,5.0,3.0,2.4085543677521746,4.335397861953914,0.11532966890717056,0.9226373512573643,2.0773626487426355,14.922565104551516,18.012387171723482,268.79102025843224
0.4,23,2.0,5.0,3.0,2.4085543677521746,4.335397861953914,0.11532966890717056,0.9226373512573643,2.0773626487426355,15.707963267948967,18.012387171723482,282.9379160615076
0.4,24,0.1,5.0,3.0,2.5132741228718345,4.523893421169302,0.11052426603603843,0.8841941282883075,2.1158058717116925,0.7853981633974484,19.143360527015812,15.03516019917343
0.4,24,0.2,5.0,3.0,2.5132741228718345,4.523893421169302,0.11052426603603843,0.8841941282883075,2.1158058717116925,1.5707963267948968,19.143360527015812,30.07032039834686
0.4,24,0.3,5.0,3.0,2.5132741228718345,4.523893421169302,0.11052426603603843,0.8841941282883075,2.1158058717116925,2.356194490192345,19.143360527015812,45.10548059752028
0.4,24,0.4,5.0,3.0,2.5132741228718345,4.523893421169302,0.11052426603603843,0.8841941282883075,2.1158058717116925,3.1415926535897936,19.143360527015812,60.14064079669372
0.4,24,0.5,5.0,3.0,2.5132741228718345,4.523893421169302,0.11052426603603843,0.8841941282883075,2.1158058717116925,3.926990816987242,19.143360527015812,75.17580099586714
0.4,24,0.6,5.0,3.0,2.5132741228718345,4.523893421169302,0.11052426603603843,0.8841941282883075,2.1158058717116925,4.71238898038469,19.143360527015812,90.21096119504055
0.4,24,0.7,5.0,3.0,2.5132741228718345,4.523893421169302,0.11052426603603843,0.8841941282883075,2.1158058717116925,5.497787143782138,19.143360527015812,105.24612139421399
0.4,24,0.8,5.0,3.0,2.5132741228718345,4.523893421169302,0.11052426603603843,0.8841941282883075,2.1158058717116925,6.283185307179587,19.143360527015812,120.28128159338743
0.4,24,0.9,5.0,3.0,2.5132741228718345,4.523893421169302,0.11052426603603843,0.8841941282883075,2.1158058717116925,7.068583470577035,19.143360527015812,135.31644179256085
0.4,24,1.0,5.0,3.0,2.5132741228718345,4.523893421169302,0.11052426603603843,0.8841941282883075,2.1158058717116925,7.853981633974484,19.143360527015812,150.35160199173427
0.4,24,1.1,5.0,3.0,2.5132741228718345,4.523893421169302,0.11052426603603843,0.8841941282883075,2.1158058717116925,8.639379797371934,19.143360527015812,165.38676219090775
0.4,24,1.2,5.0,3.0,2.5132741228718345,4.523893421169302,0.11052426603603843,0.8841941282883075,2.1158058717116925,9.42477796076938,19.143360527015812,180.4219223900811
0.4,24,1.3,5.0,3.0,2.5132741228718345,4.523893421169302,0.11052426603603843,0.8841941282883075,2.1158058717116925,10.210176124166829,19.143360527015812,195.45708258925455
0.4,24,1.4,5.0,3.0,2.5132741228718345,4.523893421169302,0.11052426603603843,0.8841941282883075,2.1158058717116925,10.995574287564276,19.143360527015812,210.49224278842797
0.4,24,1.5,5.0,3.0,2.5132741228718345,4.523893421169302,0.11052426603603843,0.8841941282883075,2.1158058717116925,11.780972450961725,19.143360527015812,225.52740298760142
0.4,24,1.6,5.0,3.0,2.5132741228718345,4.523893421169302,0.11052426603603843,0.8841941282883075,2.1158058717116925,12.566370614359174,19.143360527015812,240.56256318677487
0.4,24,1.7,5.0,3.0,2.5132741228718345,4.523893421169302,0.11052426603603843,0.8841941282883075,2.1158058717116925,13.351768777756622,19.143360527015812,255.59772338594826
0.4,24,1.8,5.0,3.0,2.5132741228718345,4.523893421169302,0.11052426603603843,0.8841941282883075,2.1158058717116925,14.13716694115407,19.143360527015812,270.6328835851217
0.4,24,1.9,5.0,3.0,2.5132741228718345,4.523893421169302,0.11052426603603843,0.8841941282883075,2.1158058717116925,14.922565104551516,19.143360527015812,285.6680437842951
0.4,24,2.0,5.0,3.0,2.5132741228718345,4.523893421169302,0.11052426603603843,0.8841941282883075,2.1158058717116925,15.707963267948967,19.143360527015812,300.70320398346854
0.4,25,0.1,5.0,3.0,2.6179938779914944,4.71238898038469,0.1061032953945969,0.8488263631567751,2.151173636843225,0.7853981633974484,20.274333882308138,15.923424595271472
0.4,25,0.2,5.0,3.0,2.6179938779914944,4.71238898038469,0.1061032953945969,0.8488263631567751,2.151173636843225,1.5707963267948968,20.274333882308138,31.846849190542944
0.4,25,0.3,5.0,3.0,2.6179938779914944,4.71238898038469,0.1061032953945969,0.8488263631567751,2.151173636843225,2.356194490192345,20.274333882308138,47.7702737858144
0.4,25,0.4,5.0,3.0,2.6179938779914944,4.71238898038469,0.1061032953945969,0.8488263631567751,2.151173636843225,3.1415926535897936,20.274333882308138,63.69369838108589
0.4,25,0.5,5.0,3.0,2.6179938779914944,4.71238898038469,0.1061032953945969,0.8488263631567751,2.151173636843225,3.926990816987242,20.274333882308138,79.61712297635735
0.4,25,0.6,5.0,3.0,2.6179938779914944,4.71238898038469,0.1061032953945969,0.8488263631567751,2.151173636843225,4.71238898038469,20.274333882308138,95.5405475716288
0.4,25,0.7,5.0,3.0,2.6179938779914944,4.71238898038469,0.1061032953945969,0.8488263631567751,2.151173636843225,5.497787143782138,20.274333882308138,111.46397216690028
0.4,25,0.8,5.0,3.0,2.6179938779914944,4.71238898038469,0.1061032953945969,0.8488263631567751,2.151173636843225,6.283185307179587,20.274333882308138,127.38739676217178
0.4,25,0.9,5.0,3.0,2.6179938779914944,4.71238898038469,0.1061032953945969,0.8488263631567751,2.151173636843225,7.068583470577035,20.274333882308138,143.31082135744325
0.4,25,1.0,5.0,3.0,2.6179938779914944,4.71238898038469,0.1061032953945969,0.8488263631567751,2.151173636843225,7.853981633974484,20.274333882308138,159.2342459527147
0.4,25,1.1,5.0,3.0,2.6179938779914944,4.71238898038469,0.1061032953945969,0.8488263631567751,2.151173636843225,8.639379797371934,20.274333882308138,175.1576705479862
0.4,25,1.2,5.0,3.0,2.6179938779914944,4.71238898038469,0.1061032953945969,0.8488263631567751,2.151173636843225,9.42477796076938,20.274333882308138,191.0810951432576
0.4,25,1.3,5.0,3.0,2.6179938779914944,4.71238898038469,0.1061032953945969,0.8488263631567751,2.151173636843225,10.210176124166829,20.274333882308138,207.00451973852913
0.4,25,1.4,5.0,3.0,2.6179938779914944,4.71238898038469,0.1061032953945969,0.8488263631567751,2.151173636843225,10.995574287564276,20.274333882308138,222.92794433380055
0.4,25,1.5,5.0,3.0,2.6179938779914944,4.71238898038469,0.1061032953945969,0.8488263631567751,2.151173636843225,11.780972450961725,20.274333882308138,238.85136892907204
0.4,25,1.6,5.0,3.0,2.6179938779914944,4.71238898038469,0.1061032953945969,0.8488263631567751,2.151173636843225,12.566370614359174,20.274333882308138,254.77479352434355
0.4,25,1.7,5.0,3.0,2.6179938779914944,4.71238898038469,0.1061032953945969,0.8488263631567751,2.151173636843225,13.351768777756622,20.274333882308138,270.698218119615
0.4,25,1.8,5.0,3.0,2.6179938779914944,4.71238898038469,0.1061032953945969,0.8488263631567751,2.151173636843225,14.13716694115407,20.274333882308138,286.6216427148865
0.4,25,1.9,5.0,3.0,2.6179938779914944,4.71238898038469,0.1061032953945969,0.8488263631567751,2.151173636843225,14.922565104551516,20.274333882308138,302.5450673101579
0.4,25,2.0,5.0,3.0,2.6179938779914944,4.71238898038469,0.1061032953945969,0.8488263631567751,2.151173636843225,15.707963267948967,20.274333882308138,318.4684919054294
0.4,26,0.1,5.0,3.0,2.7227136331111543,4.900884539600078,0.10202239941788162,0.9794150344116634,2.020584965588337,0.7853981633974484,19.80530723760047,15.555051929933601
0.4,26,0.2,5.0,3.0,2.7227136331111543,4.900884539600078,0.10202239941788162,0.9794150344116634,2.020584965588337,1.5707963267948968,19.80530723760047,31.110103859867202
0.4,26,0.3,5.0,3.0,2.7227136331111543,4.900884539600078,0.10202239941788162,0.9794150344116634,2.020584965588337,2.356194490192345,19.80530723760047,46.6651557898008
0.4,26,0.4,5.0,3.0,2.7227136331111543,4.900884539600078,0.10202239941788162,0.9794150344116634,2.020584965588337,3.1415926535897936,19.80530723760047,62.220207719734404
0.4,26,0.5,5.0,3.0,2.7227136331111543,4.900884539600078,0.10202239941788162,0.9794150344116634,2.020584965588337,3.926990816987242,19.80530723760047,77.775259649668
0.4,26,0.6,5.0,3.0,2.7227136331111543,4.900884539600078,0.10202239941788162,0.9794150344116634,2.020584965588337,4.71238898038469,19.80530723760047,93.3303115796016
0.4,26,0.7,5.0,3.0,2.7227136331111543,4.900884539600078,0.10202239941788162,0.9794150344116634,2.020584965588337,5.497787143782138,19.80530723760047,108.8853635095352
0.4,26,0.8,5.0,3.0,2.7227136331111543,4.900884539600078,0.10202239941788162,0.9794150344116634,2.020584965588337,6.283185307179587,19.80530723760047,124.44041543946881
0.4,26,0.9,5.0,3.0,2.7227136331111543,4.900884539600078,0.10202239941788162,0.9794150344116634,2.020584965588337,7.068583470577035,19.80530723760047,139.9954673694024
0.4,26,1.0,5.0,3.0,2.7227136331111543,4.900884539600078,0.10202239941788162,0.9794150344116634,2.020584965588337,7.853981633974484,19.80530723760047,155.550519299336
0.4,26,1.1,5.0,3.0,2.7227136331111543,4.900884539600078,0.10202239941788162,0.9794150344116634,2.020584965588337,8.639379797371934,19.80530723760047,171.10557122926963
0.4,26,1.2,5.0,3.0,2.7227136331111543,4.900884539600078,0.10202239941788162,0.9794150344116634,2.020584965588337,9.42477796076938,19.80530723760047,186.6606231592032
0.4,26,1.3,5.0,3.0,2.7227136331111543,4.900884539600078,0.10202239941788162,0.9794150344116634,2.020584965588337,10.210176124166829,19.80530723760047,202.2156750891368
0.4,26,1.4,5.0,3.0,2.7227136331111543,4.900884539600078,0.10202239941788162,0.9794150344116634,2.020584965588337,10.995574287564276,19.80530723760047,217.7707270190704
0.4,26,1.5,5.0,3.0,2.7227136331111543,4.900884539600078,0.10202239941788162,0.9794150344116634,2.020584965588337,11.780972450961725,19.80530723760047,233.325778949004
0.4,26,1.6,5.0,3.0,2.7227136331111543,4.900884539600078,0.10202239941788162,0.9794150344116634,2.020584965588337,12.566370614359174,19.80530723760047,248.88083087893762
0.4,26,1.7,5.0,3.0,2.7227136331111543,4.900884539600078,0.10202239941788162,0.9794150344116634,2.020584965588337,13.351768777756622,19.80530723760047,264.4358828088712
0.4,26,1.8,5.0,3.0,2.7227136331111543,4.900884539600078,0.10202239941788162,0.9794150344116634,2.020584965588337,14.13716694115407,19.80530723760047,279.9909347388048
0.4,26,1.9,5.0,3.0,2.7227136331111543,4.900884539600078,0.10202239941788162,0.9794150344116634,2.020584965588337,14.922565104551516,19.80530723760047,295.54598666873835
0.4,26,2.0,5.0,3.0,2.7227136331111543,4.900884539600078,0.10202239941788162,0.9794150344116634,2.020584965588337,15.707963267948967,19.80530723760047,311.101038598672
0.4,27,0.1,5.0,3.0,2.827433388230814,5.089380098815465,0.09824379203203415,0.9431404035075279,2.056859596492472,0.7853981633974484,20.936280592892793,16.443316326031642
0.4,27,0.2,5.0,3.0,2.827433388230814,5.089380098815465,0.09824379203203415,0.9431404035075279,2.056859596492472,1.5707963267948968,20.936280592892793,32.886632652063284
0.4,27,0.3,5.0,3.0,2.827433388230814,5.089380098815465,0.09824379203203415,0.9431404035075279,2.056859596492472,2.356194490192345,20.936280592892793,49.32994897809492
0.4,27,0.4,5.0,3.0,2.827433388230814,5.089380098815465,0.09824379203203415,0.9431404035075279,2.056859596492472,3.1415926535897936,20.936280592892793,65.77326530412657
0.4,27,0.5,5.0,3.0,2.827433388230814,5.089380098815465,0.09824379203203415,0.9431404035075279,2.056859596492472,3.926990816987242,20.936280592892793,82.2165816301582
0.4,27,0.6,5.0,3.0,2.827433388230814,5.089380098815465,0.09824379203203415,0.9431404035075279,2.056859596492472,4.71238898038469,20.936280592892793,98.65989795618984
0.4,27,0.7,5.0,3.0,2.827433388230814,5.089380098815465,0.09824379203203415,0.9431404035075279,2.056859596492472,5.497787143782138,20.936280592892793,115.10321428222147
0.4,27,0.8,5.0,3.0,2.827433388230814,5.089380098815465,0.09824379203203415,0.9431404035075279,2.056859596492472,6.283185307179587,20.936280592892793,131.54653060825314
0.4,27,0.9,5.0,3.0,2.827433388230814,5.089380098815465,0.09824379203203415,0.9431404035075279,2.056859596492472,7.068583470577035,20.936280592892793,147.98984693428477
0.4,27,1.0,5.0,3.0,2.827433388230814,5.089380098815465,0.09824379203203415,0.9431404035075279,2.056859596492472,7.853981633974484,20.936280592892793,164.4331632603164
0.4,27,1.1,5.0,3.0,2.827433388230814,5.089380098815465,0.09824379203203415,0.9431404035075279,2.056859596492472,8.639379797371934,20.936280592892793,180.8764795863481
0.4,27,1.2,5.0,3.0,2.827433388230814,5.089380098815465,0.09824379203203415,0.9431404035075279,2.056859596492472,9.42477796076938,20.936280592892793,197.31979591237967
0.4,27,1.3,5.0,3.0,2.827433388230814,5.089380098815465,0.09824379203203415,0.9431404035075279,2.056859596492472,10.210176124166829,20.936280592892793,213.76311223841134
0.4,27,1.4,5.0,3.0,2.827433388230814,5.089380098815465,0.09824379203203415,0.9431404035075279,2.056859596492472,10.995574287564276,20.936280592892793,230.20642856444294
0.4,27,1.5,5.0,3.0,2.827433388230814,5.089380098815465,0.09824379203203415,0.9431404035075279,2.056859596492472,11.780972450961725,20.936280592892793,246.6497448904746
0.4,27,1.6,5.0,3.0,2.827433388230814,5.089380098815465,0.09824379203203415,0.9431404035075279,2.056859596492472,12.566370614359174,20.936280592892793,263.09306121650627
0.4,27,1.7,5.0,3.0,2.827433388230814,5.089380098815465,0.09824379203203415,0.9431404035075279,2.056859596492472,13.351768777756622,20.936280592892793,279.5363775425379
0.4,27,1.8,5.0,3.0,2.827433388230814,5.089380098815465,0.09824379203203415,0.9431404035075279,2.056859596492472,14.13716694115407,20.936280592892793,295.97969386856954
0.4,27,1.9,5.0,3.0,2.827433388230814,5.089380098815465,0.09824379203203415,0.9431404035075279,2.056859596492472,14.922565104551516,20.936280592892793,312.42301019460115
0.4,27,2.0,5.0,3.0,2.827433388230814,5.089380098815465,0.09824379203203415,0.9431404035075279,2.056859596492472,15.707963267948967,20.936280592892793,328.8663265206328
0.4,28,0.1,5.0,3.0,2.9321531433504737,5.277875658030853,0.09473508517374722,0.9094568176679733,2.0905431823320266,0.7853981633974484,22.067253948185115,17.331580722129683
0.4,28,0.2,5.0,3.0,2.9321531433504737,5.277875658030853,0.09473508517374722,0.9094568176679733,2.0905431823320266,1.5707963267948968,22.067253948185115,34.663161444259366
0.4,28,0.3,5.0,3.0,2.9321531433504737,5.277875658030853,0.09473508517374722,0.9094568176679733,2.0905431823320266,2.356194490192345,22.067253948185115,51.99474216638904
0.4,28,0.4,5.0,3.0,2.9321531433504737,5.277875658030853,0.09473508517374722,0.9094568176679733,2.0905431823320266,3.1415926535897936,22.067253948185115,69.32632288851873
0.4,28,0.5,5.0,3.0,2.9321531433504737,5.277875658030853,0.09473508517374722,0.9094568176679733,2.0905431823320266,3.926990816987242,22.067253948185115,86.6579036106484
0.4,28,0.6,5.0,3.0,2.9321531433504737,5.277875658030853,0.09473508517374722,0.9094568176679733,2.0905431823320266,4.71238898038469,22.067253948185115,103.98948433277808
0.4,28,0.7,5.0,3.0,2.9321531433504737,5.277875658030853,0.09473508517374722,0.9094568176679733,2.0905431823320266,5.497787143782138,22.067253948185115,121.32106505490775
0.4,28,0.8,5.0,3.0,2.9321531433504737,5.277875658030853,0.09473508517374722,0.9094568176679733,2.0905431823320266,6.283185307179587,22.067253948185115,138.65264577703746
0.4,28,0.9,5.0,3.0,2.9321531433504737,5.277875658030853,0.09473508517374722,0.9094568176679733,2.0905431823320266,7.068583470577035,22.067253948185115,155.98422649916714
0.4,28,1.0,5.0,3.0,2.9321531433504737,5.277875658030853,0.09473508517374722,0.9094568176679733,2.0905431823320266,7.853981633974484,22.067253948185115,173.3158072212968
0.4,28,1.1,5.0,3.0,2.9321531433504737,5.277875658030853,0.09473508517374722,0.9094568176679733,2.0905431823320266,8.639379797371934,22.067253948185115,190.64738794342654
0.4,28,1.2,5.0,3.0,2.9321531433504737,5.277875658030853,0.09473508517374722,0.9094568176679733,2.0905431823320266,9.42477796076938,22.067253948185115,207.97896866555615
0.4,28,1.3,5.0,3.0,2.9321531433504737,5.277875658030853,0.09473508517374722,0.9094568176679733,2.0905431823320266,10.210176124166829,22.067253948185115,225.31054938768585
0.4,28,1.4,5.0,3.0,2.9321531433504737,5.277875658030853,0.09473508517374722,0.9094568176679733,2.0905431823320266,10.995574287564276,22.067253948185115,242.6421301098155
0.4,28,1.5,5.0,3.0,2.9321531433504737,5.277875658030853,0.09473508517374722,0.9094568176679733,2.0905431823320266,11.780972450961725,22.067253948185115,259.9737108319452
0.4,28,1.6,5.0,3.0,2.9321531433504737,5.277875658030853,0.09473508517374722,0.9094568176679733,2.0905431823320266,12.566370614359174,22.067253948185115,277.3052915540749
0.4,28,1.7,5.0,3.0,2.9321531433504737,5.277875658030853,0.09473508517374722,0.9094568176679733,2.0905431823320266,13.351768777756622,22.067253948185115,294.63687227620454
0.4,28,1.8,5.0,3.0,2.9321531433504737,5.277875658030853,0.09473508517374722,0.9094568176679733,2.0905431823320266,14.13716694115407,22.067253948185115,311.96845299833427
0.4,28,1.9,5.0,3.0,2.9321531433504737,5.277875658030853,0.09473508517374722,0.9094568176679733,2.0905431823320266,14.922565104551516,22.067253948185115,329.3000337204639
0.4,28,2.0,5.0,3.0,2.9321531433504737,5.277875658030853,0.09473508517374722,0.9094568176679733,2.0905431823320266,15.707963267948967,22.067253948185115,346.6316144425936
0.4,29,0.1,5.0,3.0,3.0368728984701336,5.466371217246241,0.0914683580987904,0.878096237748388,2.121903762251612,0.7853981633974484,23.19822730347745,18.21984511822773
0.4,29,0.2,5.0,3.0,3.0368728984701336,5.466371217246241,0.0914683580987904,0.878096237748388,2.121903762251612,1.5707963267948968,23.19822730347745,36.43969023645546
0.4,29,0.3,5.0,3.0,3.0368728984701336,5.466371217246241,0.0914683580987904,0.878096237748388,2.121903762251612,2.356194490192345,23.19822730347745,54.65953535468318
0.4,29,0.4,5.0,3.0,3.0368728984701336,5.466371217246241,0.0914683580987904,0.878096237748388,2.121903762251612,3.1415926535897936,23.19822730347745,72.87938047291092
0.4,29,0.5,5.0,3.0,3.0368728984701336,5.466371217246241,0.0914683580987904,0.878096237748388,2.121903762251612,3.926990816987242,23.19822730347745,91.09922559113865
0.4,29,0.6,5.0,3.0,3.0368728984701336,5.466371217246241,0.0914683580987904,0.878096237748388,2.121903762251612,4.71238898038469,23.19822730347745,109.31907070936636
0.4,29,0.7,5.0,3.0,3.0368728984701336,5.466371217246241,0.0914683580987904,0.878096237748388,2.121903762251612,5.497787143782138,23.19822730347745,127.5389158275941
0.4,29,0.8,5.0,3.0,3.0368728984701336,5.466371217246241,0.0914683580987904,0.878096237748388,2.121903762251612,6.283185307179587,23.19822730347745,145.75876094582185
0.4,29,0.9,5.0,3.0,3.0368728984701336,5.466371217246241,0.0914683580987904,0.878096237748388,2.121903762251612,7.068583470577035,23.19822730347745,163.97860606404956
0.4,29,1.0,5.0,3.0,3.0368728984701336,5.466371217246241,0.0914683580987904,0.878096237748388,2.121903762251612,7.853981633974484,23.19822730347745,182.1984511822773
0.4,29,1.1,5.0,3.0,3.0368728984701336,5.466371217246241,0.0914683580987904,0.878096237748388,2.121903762251612,8.639379797371934,23.19822730347745,200.41829630050506
0.4,29,1.2,5.0,3.0,3.0368728984701336,5.466371217246241,0.0914683580987904,0.878096237748388,2.121903762251612,9.42477796076938,23.19822730347745,218.63814141873272
0.4,29,1.3,5.0,3.0,3.0368728984701336,5.466371217246241,0.0914683580987904,0.878096237748388,2.121903762251612,10.210176124166829,23.19822730347745,236.85798653696048
0.4,29,1.4,5.0,3.0,3.0368728984701336,5.466371217246241,0.0914683580987904,0.878096237748388,2.121903762251612,10.995574287564276,23.19822730347745,255.0778316551882
0.4,29,1.5,5.0,3.0,3.0368728984701336,5.466371217246241,0.0914683580987904,0.878096237748388,2.121903762251612,11.780972450961725,23.19822730347745,273.2976767734159
0.4,29,1.6,5.0,3.0,3.0368728984701336,5.466371217246241,0.0914683580987904,0.878096237748388,2.121903762251612,12.566370614359174,23.19822730347745,291.5175218916437
0.4,29,1.7,5.0,3.0,3.0368728984701336,5.466371217246241,0.0914683580987904,0.878096237748388,2.121903762251612,13.351768777756622,23.19822730347745,309.7373670098714
0.4,29,1.8,5.0,3.0,3.0368728984701336,5.466371217246241,0.0914683580987904,0.878096237748388,2.121903762251612,14.13716694115407,23.19822730347745,327.9572121280991
0.4,29,1.9,5.0,3.0,3.0368728984701336,5.466371217246241,0.0914683580987904,0.878096237748388,2.121903762251612,14.922565104551516,23.19822730347745,346.1770572463268
0.4,29,2.0,5.0,3.0,3.0368728984701336,5.466371217246241,0.0914683580987904,0.878096237748388,2.121903762251612,15.707963267948967,23.19822730347745,364.3969023645546
0.4,30,0.1,5.0,3.0,3.1415926535897927,5.654866776461627,0.08841941282883076,0.8488263631567752,2.151173636843225,0.7853981633974484,24.32920065876976,19.10810951432576
0.4,30,0.2,5.0,3.0,3.1415926535897927,5.654866776461627,0.08841941282883076,0.8488263631567752,2.151173636843225,1.5707963267948968,24.32920065876976,38.21621902865152
0.4,30,0.3,5.0,3.0,3.1415926535897927,5.654866776461627,0.08841941282883076,0.8488263631567752,2.151173636843225,2.356194490192345,24.32920065876976,57.32432854297728
0.4,30,0.4,5.0,3.0,3.1415926535897927,5.654866776461627,0.08841941282883076,0.8488263631567752,2.151173636843225,3.1415926535897936,24.32920065876976,76.43243805730305
0.4,30,0.5,5.0,3.0,3.1415926535897927,5.654866776461627,0.08841941282883076,0.8488263631567752,2.151173636843225,3.926990816987242,24.32920065876976,95.5405475716288
0.4,30,0.6,5.0,3.0,3.1415926535897927,5.654866776461627,0.08841941282883076,0.8488263631567752,2.151173636843225,4.71238898038469,24.32920065876976,114.64865708595455
0.4,30,0.7,5.0,3.0,3.1415926535897927,5.654866776461627,0.08841941282883076,0.8488263631567752,2.151173636843225,5.497787143782138,24.32920065876976,133.75676660028032
0.4,30,0.8,5.0,3.0,3.1415926535897927,5.654866776461627,0.08841941282883076,0.8488263631567752,2.151173636843225,6.283185307179587,24.32920065876976,152.8648761146061
0.4,30,0.9,5.0,3.0,3.1415926535897927,5.654866776461627,0.08841941282883076,0.8488263631567752,2.151173636843225,7.068583470577035,24.32920065876976,171.97298562893184
0.4,30,1.0,5.0,3.0,3.1415926535897927,5.654866776461627,0.08841941282883076,0.8488263631567752,2.151173636843225,7.853981633974484,24.32920065876976,191.0810951432576
0.4,30,1.1,5.0,3.0,3.1415926535897927,5.654866776461627,0.08841941282883076,0.8488263631567752,2.151173636843225,8.639379797371934,24.32920065876976,210.18920465758342
0.4,30,1.2,5.0,3.0,3.1415926535897927,5.654866776461627,0.08841941282883076,0.8488263631567752,2.151173636843225,9.42477796076938,24.32920065876976,229.2973141719091
0.4,30,1.3,5.0,3.0,3.1415926535897927,5.654866776461627,0.08841941282883076,0.8488263631567752,2.151173636843225,10.210176124166829,24.32920065876976,248.40542368623488
0.4,30,1.4,5.0,3.0,3.1415926535897927,5.654866776461627,0.08841941282883076,0.8488263631567752,2.151173636843225,10.995574287564276,24.32920065876976,267.51353320056063
0.4,30,1.5,5.0,3.0,3.1415926535897927,5.654866776461627,0.08841941282883076,0.8488263631567752,2.151173636843225,11.780972450961725,24.32920065876976,286.6216427148864
0.4,30,1.6,5.0,3.0,3.1415926535897927,5.654866776461627,0.08841941282883076,0.8488263631567752,2.151173636843225,12.566370614359174,24.32920065876976,305.7297522292122
0.4,30,1.7,5.0,3.0,3.1415926535897927,5.654866776461627,0.08841941282883076,0.8488263631567752,2.151173636843225,13.351768777756622,24.32920065876976,324.8378617435379
0.4,30,1.8,5.0,3.0,3.1415926535897927,5.654866776461627,0.08841941282883076,0.8488263631567752,2.151173636843225,14.13716694115407,24.32920065876976,343.9459712578637
0.4,30,1.9,5.0,3.0,3.1415926535897927,5.654866776461627,0.08841941282883076,0.8488263631567752,2.151173636843225,14.922565104551516,24.32920065876976,363.0540807721894
0.4,30,2.0,5.0,3.0,3.1415926535897927,5.654866776461627,0.08841941282883076,0.8488263631567752,2.151173636843225,15.707963267948967,24.32920065876976,382.1621902865152
0.4,31,0.1,5.0,3.0,3.2463124087094526,5.843362335677015,0.08556717370532008,0.9583523454995849,2.041647654500415,0.7853981633974484,23.86017401406209,18.73973684898789
0.4,31,0.2,5.0,3.0,3.2463124087094526,5.843362335677015,0.08556717370532008,0.9583523454995849,2.041647654500415,1.5707963267948968,23.86017401406209,37.47947369797578
0.4,31,0.3,5.0,3.0,3.2463124087094526,5.843362335677015,0.08556717370532008,0.9583523454995849,2.041647654500415,2.356194490192345,23.86017401406209,56.21921054696366
0.4,31,0.4,5.0,3.0,3.2463124087094526,5.843362335677015,0.08556717370532008,0.9583523454995849,2.041647654500415,3.1415926535897936,23.86017401406209,74.95894739595155
0.4,31,0.5,5.0,3.0,3.2463124087094526,5.843362335677015,0.08556717370532008,0.9583523454995849,2.041647654500415,3.926990816987242,23.86017401406209,93.69868424493944
0.4,31,0.6,5.0,3.0,3.2463124087094526,5.843362335677015,0.08556717370532008,0.9583523454995849,2.041647654500415,4.71238898038469,23.86017401406209,112.43842109392732
0.4,31,0.7,5.0,3.0,3.2463124087094526,5.843362335677015,0.08556717370532008,0.9583523454995849,2.041647654500415,5.497787143782138,23.86017401406209,131.1781579429152
0.4,31,0.8,5.0,3.0,3.2463124087094526,5.843362335677015,0.08556717370532008,0.9583523454995849,2.041647654500415,6.283185307179587,23.86017401406209,149.9178947919031
0.4,31,0.9,5.0,3.0,3.2463124087094526,5.843362335677015,0.08556717370532008,0.9583523454995849,2.041647654500415,7.068583470577035,23.86017401406209,168.657631640891
0.4,31,1.0,5.0,3.0,3.2463124087094526,5.843362335677015,0.08556717370532008,0.9583523454995849,2.041647654500415,7.853981633974484,23.86017401406209,187.3973684898789
0.4,31,1.1,5.0,3.0,3.2463124087094526,5.843362335677015,0.08556717370532008,0.9583523454995849,2.041647654500415,8.639379797371934,23.86017401406209,206.1371053388668
0.4,31,1.2,5.0,3.0,3.2463124087094526,5.843362335677015,0.08556717370532008,0.9583523454995849,2.041647654500415,9.42477796076938,23.86017401406209,224.87684218785463
0.4,31,1.3,5.0,3.0,3.2463124087094526,5.843362335677015,0.08556717370532008,0.9583523454995849,2.041647654500415,10.210176124166829,23.86017401406209,243.61657903684255
0.4,31,1.4,5.0,3.0,3.2463124087094526,5.843362335677015,0.08556717370532008,0.9583523454995849,2.041647654500415,10.995574287564276,23.86017401406209,262.3563158858304
0.4,31,1.5,5.0,3.0,3.2463124087094526,5.843362335677015,0.08556717370532008,0.9583523454995849,2.041647654500415,11.780972450961725,23.86017401406209,281.09605273481833
0.4,31,1.6,5.0,3.0,3.2463124087094526,5.843362335677015,0.08556717370532008,0.9583523454995849,2.041647654500415,12.566370614359174,23.86017401406209,299.8357895838062
0.4,31,1.7,5.0,3.0,3.2463124087094526,5.843362335677015,0.08556717370532008,0.9583523454995849,2.041647654500415,13.351768777756622,23.86017401406209,318.5755264327941
0.4,31,1.8,5.0,3.0,3.2463124087094526,5.843362335677015,0.08556717370532008,0.9583523454995849,2.041647654500415,14.13716694115407,23.86017401406209,337.315263281782
0.4,31,1.9,5.0,3.0,3.2463124087094526,5.843362335677015,0.08556717370532008,0.9583523454995849,2.041647654500415,14.922565104551516,23.86017401406209,356.0550001307698
0.4,31,2.0,5.0,3.0,3.2463124087094526,5.843362335677015,0.08556717370532008,0.9583523454995849,2.041647654500415,15.707963267948967,23.86017401406209,374.7947369797578
0.4,32,0.1,5.0,3.0,3.3510321638291125,6.031857894892402,0.08289319952702882,0.9284038347027228,2.071596165297277,0.7853981633974484,24.991147369354415,19.628001245085933
0.4,32,0.2,5.0,3.0,3.3510321638291125,6.031857894892402,0.08289319952702882,0.9284038347027228,2.071596165297277,1.5707963267948968,24.991147369354415,39.256002490171866
0.4,32,0.3,5.0,3.0,3.3510321638291125,6.031857894892402,0.08289319952702882,0.9284038347027228,2.071596165297277,2.356194490192345,24.991147369354415,58.884003735257785
0.4,32,0.4,5.0,3.0,3.3510321638291125,6.031857894892402,0.08289319952702882,0.9284038347027228,2.071596165297277,3.1415926535897936,24.991147369354415,78.51200498034373
0.4,32,0.5,5.0,3.0,3.3510321638291125,6.031857894892402,0.08289319952702882,0.9284038347027228,2.071596165297277,3.926990816987242,24.991147369354415,98.14000622542966
0.4,32,0.6,5.0,3.0,3.3510321638291125,6.031857894892402,0.08289319952702882,0.9284038347027228,2.071596165297277,4.71238898038469,24.991147369354415,117.76800747051557
0.4,32,0.7,5.0,3.0,3.3510321638291125,6.031857894892402,0.08289319952702882,0.9284038347027228,2.071596165297277,5.497787143782138,24.991147369354415,137.3960087156015
0.4,32,0.8,5.0,3.0,3.3510321638291125,6.031857894892402,0.08289319952702882,0.9284038347027228,2.071596165297277,6.283185307179587,24.991147369354415,157.02400996068747
0.4,32,0.9,5.0,3.0,3.3510321638291125,6.031857894892402,0.08289319952702882,0.9284038347027228,2.071596165297277,7.068583470577035,24.991147369354415,176.6520112057734
0.4,32,1.0,5.0,3.0,3.3510321638291125,6.031857894892402,0.08289319952702882,0.9284038347027228,2.071596165297277,7.853981633974484,24.991147369354415,196.28001245085932
0.4,32,1.1,5.0,3.0,3.3510321638291125,6.031857894892402,0.08289319952702882,0.9284038347027228,2.071596165297277,8.639379797371934,24.991147369354415,215.90801369594527
0.4,32,1.2,5.0,3.0,3.3510321638291125,6.031857894892402,0.08289319952702882,0.9284038347027228,2.071596165297277,9.42477796076938,24.991147369354415,235.53601494103114
0.4,32,1.3,5.0,3.0,3.3510321638291125,6.031857894892402,0.08289319952702882,0.9284038347027228,2.071596165297277,10.210176124166829,24.991147369354415,255.1640161861171
0.4,32,1.4,5.0,3.0,3.3510321638291125,6.031857894892402,0.08289319952702882,0.9284038347027228,2.071596165297277,10.995574287564276,24.991147369354415,274.792017431203
0.4,32,1.5,5.0,3.0,3.3510321638291125,6.031857894892402,0.08289319952702882,0.9284038347027228,2.071596165297277,11.780972450961725,24.991147369354415,294.420018676289
0.4,32,1.6,5.0,3.0,3.3510321638291125,6.031857894892402,0.08289319952702882,0.9284038347027228,2.071596165297277,12.566370614359174,24.991147369354415,314.04801992137493
0.4,32,1.7,5.0,3.0,3.3510321638291125,6.031857894892402,0.08289319952702882,0.9284038347027228,2.071596165297277,13.351768777756622,24.991147369354415,333.6760211664608
0.4,32,1.8,5.0,3.0,3.3510321638291125,6.031857894892402,0.08289319952702882,0.9284038347027228,2.071596165297277,14.13716694115407,24.991147369354415,353.3040224115468
0.4,32,1.9,5.0,3.0,3.3510321638291125,6.031857894892402,0.08289319952702882,0.9284038347027228,2.071596165297277,14.922565104551516,24.991147369354415,372.9320236566326
0.4,32,2.0,5.0,3.0,3.3510321638291125,6.031857894892402,0.08289319952702882,0.9284038347027228,2.071596165297277,15.707963267948967,24.991147369354415,392.56002490171863
0.4,33,0.1,5.0,3.0,3.4557519189487724,6.220353454107791,0.08038128438984612,0.9002703851662767,2.0997296148337234,0.7853981633974484,26.122120724646745,20.516265641183978
0.4,33,0.2,5.0,3.0,3.4557519189487724,6.220353454107791,0.08038128438984612,0.9002703851662767,2.0997296148337234,1.5707963267948968,26.122120724646745,41.032531282367955
0.4,33,0.3,5.0,3.0,3.4557519189487724,6.220353454107791,0.08038128438984612,0.9002703851662767,2.0997296148337234,2.356194490192345,26.122120724646745,61.548796923551926
0.4,33,0.4,5.0,3.0,3.4557519189487724,6.220353454107791,0.08038128438984612,0.9002703851662767,2.0997296148337234,3.1415926535897936,26.122120724646745,82.06506256473591
0.4,33,0.5,5.0,3.0,3.4557519189487724,6.220353454107791,0.08038128438984612,0.9002703851662767,2.0997296148337234,3.926990816987242,26.122120724646745,102.58132820591989
0.4,33,0.6,5.0,3.0,3.4557519189487724,6.220353454107791,0.08038128438984612,0.9002703851662767,2.0997296148337234,4.71238898038469,26.122120724646745,123.09759384710385
0.4,33,0.7,5.0,3.0,3.4557519189487724,6.220353454107791,0.08038128438984612,0.9002703851662767,2.0997296148337234,5.497787143782138,26.122120724646745,143.61385948828783
0.4,33,0.8,5.0,3.0,3.4557519189487724,6.220353454107791,0.08038128438984612,0.9002703851662767,2.0997296148337234,6.283185307179587,26.122120724646745,164.13012512947182
0.4,33,0.9,5.0,3.0,3.4557519189487724,6.220353454107791,0.08038128438984612,0.9002703851662767,2.0997296148337234,7.068583470577035,26.122120724646745,184.64639077065578
0.4,33,1.0,5.0,3.0,3.4557519189487724,6.220353454107791,0.08038128438984612,0.9002703851662767,2.0997296148337234,7.853981633974484,26.122120724646745,205.16265641183978
0.4,33,1.1,5.0,3.0,3.4557519189487724,6.220353454107791,0.08038128438984612,0.9002703851662767,2.0997296148337234,8.639379797371934,26.122120724646745,225.6789220530238
0.4,33,1.2,5.0,3.0,3.4557519189487724,6.220353454107791,0.08038128438984612,0.9002703851662767,2.0997296148337234,9.42477796076938,26.122120724646745,246.1951876942077
0.4,33,1.3,5.0,3.0,3.4557519189487724,6.220353454107791,0.08038128438984612,0.9002703851662767,2.0997296148337234,10.210176124166829,26.122120724646745,266.7114533353917
0.4,33,1.4,5.0,3.0,3.4557519189487724,6.220353454107791,0.08038128438984612,0.9002703851662767,2.0997296148337234,10.995574287564276,26.122120724646745,287.22771897657566
0.4,33,1.5,5.0,3.0,3.4557519189487724,6.220353454107791,0.08038128438984612,0.9002703851662767,2.0997296148337234,11.780972450961725,26.122120724646745,307.7439846177596
0.4,33,1.6,5.0,3.0,3.4557519189487724,6.220353454107791,0.08038128438984612,0.9002703851662767,2.0997296148337234,12.566370614359174,26.122120724646745,328.26025025894364
0.4,33,1.7,5.0,3.0,3.4557519189487724,6.220353454107791,0.08038128438984612,0.9002703851662767,2.0997296148337234,13.351768777756622,26.122120724646745,348.7765159001276
0.4,33,1.8,5.0,3.0,3.4557519189487724,6.220353454107791,0.08038128438984612,0.9002703851662767,2.0997296148337234,14.13716694115407,26.122120724646745,369.29278154131157
0.4,33,1.9,5.0,3.0,3.4557519189487724,6.220353454107791,0.08038128438984612,0.9002703851662767,2.0997296148337234,14.922565104551516,26.122120724646745,389.8090471824955
0.4,33,2.0,5.0,3.0,3.4557519189487724,6.220353454107791,0.08038128438984612,0.9002703851662767,2.0997296148337234,15.707963267948967,26.122120724646745,410.32531282367955
0.4,34,0.1,5.0,3.0,3.5604716740684323,6.408849013323178,0.07801712896661536,0.8737918444260919,2.126208155573908,0.7853981633974484,27.25309407993907,21.40453003728202
0.4,34,0.2,5.0,3.0,3.5604716740684323,6.408849013323178,0.07801712896661536,0.8737918444260919,2.126208155573908,1.5707963267948968,27.25309407993907,42.80906007456404
0.4,34,0.3,5.0,3.0,3.5604716740684323,6.408849013323178,0.07801712896661536,0.8737918444260919,2.126208155573908,2.356194490192345,27.25309407993907,64.21359011184605
0.4,34,0.4,5.0,3.0,3.5604716740684323,6.408849013323178,0.07801712896661536,0.8737918444260919,2.126208155573908,3.1415926535897936,27.25309407993907,85.61812014912807
0.4,34,0.5,5.0,3.0,3.5604716740684323,6.408849013323178,0.07801712896661536,0.8737918444260919,2.126208155573908,3.926990816987242,27.25309407993907,107.0226501864101
0.4,34,0.6,5.0,3.0,3.5604716740684323,6.408849013323178,0.07801712896661536,0.8737918444260919,2.126208155573908,4.71238898038469,27.25309407993907,128.4271802236921
0.4,34,0.7,5.0,3.0,3.5604716740684323,6.408849013323178,0.07801712896661536,0.8737918444260919,2.126208155573908,5.497787143782138,27.25309407993907,149.83171026097412
0.4,34,0.8,5.0,3.0,3.5604716740684323,6.408849013323178,0.07801712896661536,0.8737918444260919,2.126208155573908,6.283185307179587,27.25309407993907,171.23624029825615
0.4,34,0.9,5.0,3.0,3.5604716740684323,6.408849013323178,0.07801712896661536,0.8737918444260919,2.126208155573908,7.068583470577035,27.25309407993907,192.64077033553818
0.4,34,1.0,5.0,3.0,3.5604716740684323,6.408849013323178,0.07801712896661536,0.8737918444260919,2.126208155573908,7.853981633974484,27.25309407993907,214.0453003728202
0.4,34,1.1,5.0,3.0,3.5604716740684323,6.408849013323178,0.07801712896661536,0.8737918444260919,2.126208155573908,8.639379797371934,27.25309407993907,235.44983041010227
0.4,34,1.2,5.0,3.0,3.5604716740684323,6.408849013323178,0.07801712896661536,0.8737918444260919,2.126208155573908,9.42477796076938,27.25309407993907,256.8543604473842
0.4,34,1.3,5.0,3.0,3.5604716740684323,6.408849013323178,0.07801712896661536,0.8737918444260919,2.126208155573908,10.210176124166829,27.25309407993907,278.25889048466627
0.4,34,1.4,5.0,3.0,3.5604716740684323,6.408849013323178,0.07801712896661536,0.8737918444260919,2.126208155573908,10.995574287564276,27.25309407993907,299.66342052194824
0.4,34,1.5,5.0,3.0,3.5604716740684323,6.408849013323178,0.07801712896661536,0.8737918444260919,2.126208155573908,11.780972450961725,27.25309407993907,321.06795055923027
0.4,34,1.6,5.0,3.0,3.5604716740684323,6.408849013323178,0.07801712896661536,0.8737918444260919,2.126208155573908,12.566370614359174,27.25309407993907,342.4724805965123
0.4,34,1.7,5.0,3.0,3.5604716740684323,6.408849013323178,0.07801712896661536,0.8737918444260919,2.126208155573908,13.351768777756622,27.25309407993907,363.8770106337943
0.4,34,1.8,5.0,3.0,3.5604716740684323,6.408849013323178,0.07801712896661536,0.8737918444260919,2.126208155573908,14.13716694115407,27.25309407993907,385.28154067107636
0.4,34,1.9,5.0,3.0,3.5604716740684323,6.408849013323178,0.07801712896661536,0.8737918444260919,2.126208155573908,14.922565104551516,27.25309407993907,406.6860707083583
0.4,34,2.0,5.0,3.0,3.5604716740684323,6.408849013323178,0.07801712896661536,0.8737918444260919,2.126208155573908,15.707963267948967,27.25309407993907,428.0906007456404
0.4,35,0.1,5.0,3.0,3.665191429188092,6.5973445725385655,0.07578806813899779,0.8488263631567752,2.151173636843225,0.7853981633974484,28.38406743523139,22.292794433380056
0.4,35,0.2,5.0,3.0,3.665191429188092,6.5973445725385655,0.07578806813899779,0.8488263631567752,2.151173636843225,1.5707963267948968,28.38406743523139,44.58558886676011
0.4,35,0.3,5.0,3.0,3.665191429188092,6.5973445725385655,0.07578806813899779,0.8488263631567752,2.151173636843225,2.356194490192345,28.38406743523139,66.87838330014016
0.4,35,0.4,5.0,3.0,3.665191429188092,6.5973445725385655,0.07578806813899779,0.8488263631567752,2.151173636843225,3.1415926535897936,28.38406743523139,89.17117773352022
0.4,35,0.5,5.0,3.0,3.665191429188092,6.5973445725385655,0.07578806813899779,0.8488263631567752,2.151173636843225,3.926990816987242,28.38406743523139,111.46397216690029
0.4,35,0.6,5.0,3.0,3.665191429188092,6.5973445725385655,0.07578806813899779,0.8488263631567752,2.151173636843225,4.71238898038469,28.38406743523139,133.75676660028032
0.4,35,0.7,5.0,3.0,3.665191429188092,6.5973445725385655,0.07578806813899779,0.8488263631567752,2.151173636843225,5.497787143782138,28.38406743523139,156.04956103366038
0.4,35,0.8,5.0,3.0,3.665191429188092,6.5973445725385655,0.07578806813899779,0.8488263631567752,2.151173636843225,6.283185307179587,28.38406743523139,178.34235546704045
0.4,35,0.9,5.0,3.0,3.665191429188092,6.5973445725385655,0.07578806813899779,0.8488263631567752,2.151173636843225,7.068583470577035,28.38406743523139,200.63514990042052
0.4,35,1.0,5.0,3.0,3.665191429188092,6.5973445725385655,0.07578806813899779,0.8488263631567752,2.151173636843225,7.853981633974484,28.38406743523139,222.92794433380058
0.4,35,1.1,5.0,3.0,3.665191429188092,6.5973445725385655,0.07578806813899779,0.8488263631567752,2.151173636843225,8.639379797371934,28.38406743523139,245.22073876718068
0.4,35,1.2,5.0,3.0,3.665191429188092,6.5973445725385655,0.07578806813899779,0.8488263631567752,2.151173636843225,9.42477796076938,28.38406743523139,267.51353320056063
0.4,35,1.3,5.0,3.0,3.665191429188092,6.5973445725385655,0.07578806813899779,0.8488263631567752,2.151173636843225,10.210176124166829,28.38406743523139,289.8063276339407
0.4,35,1.4,5.0,3.0,3.665191429188092,6.5973445725385655,0.07578806813899779,0.8488263631567752,2.151173636843225,10.995574287564276,28.38406743523139,312.09912206732076
0.4,35,1.5,5.0,3.0,3.665191429188092,6.5973445725385655,0.07578806813899779,0.8488263631567752,2.151173636843225,11.780972450961725,28.38406743523139,334.39191650070086
0.4,35,1.6,5.0,3.0,3.665191429188092,6.5973445725385655,0.07578806813899779,0.8488263631567752,2.151173636843225,12.566370614359174,28.38406743523139,356.6847109340809
0.4,35,1.7,5.0,3.0,3.665191429188092,6.5973445725385655,0.07578806813899779,0.8488263631567752,2.151173636843225,13.351768777756622,28.38406743523139,378.97750536746094
0.4,35,1.8,5.0,3.0,3.665191429188092,6.5973445725385655,0.07578806813899779,0.8488263631567752,2.151173636843225,14.13716694115407,28.38406743523139,401.27029980084103
0.4,35,1.9,5.0,3.0,3.665191429188092,6.5973445725385655,0.07578806813899779,0.8488263631567752,2.151173636843225,14.922565104551516,28.38406743523139,423.563094234221
0.4,35,2.0,5.0,3.0,3.665191429188092,6.5973445725385655,0.07578806813899779,0.8488263631567752,2.151173636843225,15.707963267948967,28.38406743523139,445.85588866760116
0.5,10,0.1,5.0,3.0,1.0471975511965976,1.8849555921538759,0.2652582384864922,0.8488263631567752,2.151173636843225,0.9817477042468105,8.109733552923256,7.961712297635736
0.5,10,0.2,5.0,3.0,1.0471975511965976,1.8849555921538759,0.2652582384864922,0.8488263631567752,2.151173636843225,1.963495408493621,8.109733552923256,15.923424595271472
0.5,10,0.3,5.0,3.0,1.0471975511965976,1.8849555921538759,0.2652582384864922,0.8488263631567752,2.151173636843225,2.945243112740431,8.109733552923256,23.885136892907205
0.5,10,0.4,5.0,3.0,1.0471975511965976,1.8849555921538759,0.2652582384864922,0.8488263631567752,2.151173636843225,3.926990816987242,8.109733552923256,31.846849190542944
0.5,10,0.5,5.0,3.0,1.0471975511965976,1.8849555921538759,0.2652582384864922,0.8488263631567752,2.151173636843225,4.908738521234052,8.109733552923256,39.808561488178675
0.5,10,0.6,5.0,3.0,1.0471975511965976,1.8849555921538759,0.2652582384864922,0.8488263631567752,2.151173636843225,5.890486225480862,8.109733552923256,47.77027378581441
0.5,10,0.7,5.0,3.0,1.0471975511965976,1.8849555921538759,0.2652582384864922,0.8488263631567752,2.151173636843225,6.872233929727671,8.109733552923256,55.73198608345014
0.5,10,0.8,5.0,3.0,1.0471975511965976,1.8849555921538759,0.2652582384864922,0.8488263631567752,2.151173636843225,7.853981633974484,8.109733552923256,63.69369838108589
0.5,10,0.9,5.0,3.0,1.0471975511965976,1.8849555921538759,0.2652582384864922,0.8488263631567752,2.151173636843225,8.835729338221293,8.109733552923256,71.65541067872162
0.5,10,1.0,5.0,3.0,1.0471975511965976,1.8849555921538759,0.2652582384864922,0.8488263631567752,2.151173636843225,9.817477042468104,8.109733552923256,79.61712297635735
0.5,10,1.1,5.0,3.0,1.0471975511965976,1.8849555921538759,0.2652582384864922,0.8488263631567752,2.151173636843225,10.799224746714915,8.109733552923256,87.57883527399309
0.5,10,1.2,5.0,3.0,1.0471975511965976,1.8849555921538759,0.2652582384864922,0.8488263631567752,2.151173636843225,11.780972450961723,8.109733552923256,95.54054757162882
0.5,10,1.3,5.0,3.0,1.0471975511965976,1.8849555921538759,0.2652582384864922,0.8488263631567752,2.151173636843225,12.762720155208536,8.109733552923256,103.50225986926456
0.5,10,1.4,5.0,3.0,1.0471975511965976,1.8849555921538759,0.2652582384864922,0.8488263631567752,2.151173636843225,13.744467859455343,8.109733552923256,111.46397216690028
0.5,10,1.5,5.0,3.0,1.0471975511965976,1.8849555921538759,0.2652582384864922,0.8488263631567752,2.151173636843225,14.726215563702155,8.109733552923256,119.42568446453602
0.5,10,1.6,5.0,3.0,1.0471975511965976,1.8849555921538759,0.2652582384864922,0.8488263631567752,2.151173636843225,15.707963267948967,8.109733552923256,127.38739676217178
0.5,10,1.7,5.0,3.0,1.0471975511965976,1.8849555921538759,0.2652582384864922,0.8488263631567752,2.151173636843225,16.689710972195776,8.109733552923256,135.3491090598075
0.5,10,1.8,5.0,3.0,1.0471975511965976,1.8849555921538759,0.2652582384864922,0.8488263631567752,2.151173636843225,17.671458676442587,8.109733552923256,143.31082135744325
0.5,10,1.9,5.0,3.0,1.0471975511965976,1.8849555921538759,0.2652582384864922,0.8488263631567752,2.151173636843225,18.653206380689394,8.109733552923256,151.27253365507895
0.5,10,2.0,5.0,3.0,1.0471975511965976,1.8849555921538759,0.2652582384864922,0.8488263631567752,2.151173636843225,19.634954084936208,8.109733552923256,159.2342459527147
0.5,11,0.1,5.0,3.0,1.1519173063162573,2.0734511513692633,0.24114385316953843,1.1574904952137843,1.8425095047862157,0.9817477042468105,7.64070690821558,7.501246465963391
0.5,11,0.2,5.0,3.0,1.1519173063162573,2.0734511513692633,0.24114385316953843,1.1574904952137843,1.8425095047862157,1.963495408493621,7.64070690821558,15.002492931926781
0.5,11,0.3,5.0,3.0,1.1519173063162573,2.0734511513692633,0.24114385316953843,1.1574904952137843,1.8425095047862157,2.945243112740431,7.64070690821558,22.50373939789017
0.5,11,0.4,5.0,3.0,1.1519173063162573,2.0734511513692633,0.24114385316953843,1.1574904952137843,1.8425095047862157,3.926990816987242,7.64070690821558,30.004985863853562
0.5,11,0.5,5.0,3.0,1.1519173063162573,2.0734511513692633,0.24114385316953843,1.1574904952137843,1.8425095047862157,4.908738521234052,7.64070690821558,37.50623232981695
0.5,11,0.6,5.0,3.0,1.1519173063162573,2.0734511513692633,0.24114385316953843,1.1574904952137843,1.8425095047862157,5.890486225480862,7.64070690821558,45.00747879578034
0.5,11,0.7,5.0,3.0,1.1519173063162573,2.0734511513692633,0.24114385316953843,1.1574904952137843,1.8425095047862157,6.872233929727671,7.64070690821558,52.50872526174372
0.5,11,0.8,5.0,3.0,1.1519173063162573,2.0734511513692633,0.24114385316953843,1.1574904952137843,1.8425095047862157,7.853981633974484,7.64070690821558,60.009971727707125
0.5,11,0.9,5.0,3.0,1.1519173063162573,2.0734511513692633,0.24114385316953843,1.1574904952137843,1.8425095047862157,8.835729338221293,7.64070690821558,67.51121819367052
0.5,11,1.0,5.0,3.0,1.1519173063162573,2.0734511513692633,0.24114385316953843,1.1574904952137843,1.8425095047862157,9.817477042468104,7.64070690821558,75.0124646596339
0.5,11,1.1,5.0,3.0,1.1519173063162573,2.0734511513692633,0.24114385316953843,1.1574904952137843,1.8425095047862157,10.799224746714915,7.64070690821558,82.5137111255973
0.5,11,1.2,5.0,3.0,1.1519173063162573,2.0734511513692633,0.24114385316953843,1.1574904952137843,1.8425095047862157,11.780972450961723,7.64070690821558,90.01495759156067
0.5,11,1.3,5.0,3.0,1.1519173063162573,2.0734511513692633,0.24114385316953843,1.1574904952137843,1.8425095047862157,12.762720155208536,7.64070690821558,97.51620405752408
0.5,11,1.4,5.0,3.0,1.1519173063162573,2.0734511513692633,0.24114385316953843,1.1574904952137843,1.8425095047862157,13.744467859455343,7.64070690821558,105.01745052348744
0.5,11,1.5,5.0,3.0,1.1519173063162573,2.0734511513692633,0.24114385316953843,1.1574904952137843,1.8425095047862157,14.726215563702155,7.64070690821558,112.51869698945085
0.5,11,1.6,5.0,3.0,1.1519173063162573,2.0734511513692633,0.24114385316953843,1.1574904952137843,1.8425095047862157,15.707963267948967,7.64070690821558,120.01994345541425
0.5,11,1.7,5.0,3.0,1.1519173063162573,2.0734511513692633,0.24114385316953843,1.1574904952137843,1.8425095047862157,16.689710972195776,7.64070690821558,127.52118992137763
0.5,11,1.8,5.0,3.0,1.1519173063162573,2.0734511513692633,0.24114385316953843,1.1574904952137843,1.8425095047862157,17.671458676442587,7.64070690821558,135.02243638734103
0.5,11,1.9,5.0,3.0,1.1519173063162573,2.0734511513692633,0.24114385316953843,1.1574904952137843,1.8425095047862157,18.653206380689394,7.64070690821558,142.5236828533044
0.5,11,2.0,5.0,3.0,1.1519173063162573,2.0734511513692633,0.24114385316953843,1.1574904952137843,1.8425095047862157,19.634954084936208,7.64070690821558,150.0249293192678
0.5,12,0.1,5.0,3.0,1.2566370614359172,2.261946710584651,0.22104853207207686,1.0610329539459689,1.9389670460540311,0.9817477042468105,8.771680263507907,8.611576961085945
0.5,12,0.2,5.0,3.0,1.2566370614359172,2.261946710584651,0.22104853207207686,1.0610329539459689,1.9389670460540311,1.963495408493621,8.771680263507907,17.22315392217189
0.5,12,0.3,5.0,3.0,1.2566370614359172,2.261946710584651,0.22104853207207686,1.0610329539459689,1.9389670460540311,2.945243112740431,8.771680263507907,25.83473088325783
0.5,12,0.4,5.0,3.0,1.2566370614359172,2.261946710584651,0.22104853207207686,1.0610329539459689,1.9389670460540311,3.926990816987242,8.771680263507907,34.44630784434378
0.5,12,0.5,5.0,3.0,1.2566370614359172,2.261946710584651,0.22104853207207686,1.0610329539459689,1.9389670460540311,4.908738521234052,8.771680263507907,43.05788480542972
0.5,12,0.6,5.0,3.0,1.2566370614359172,2.261946710584651,0.22104853207207686,1.0610329539459689,1.9389670460540311,5.890486225480862,8.771680263507907,51.66946176651566
0.5,12,0.7,5.0,3.0,1.2566370614359172,2.261946710584651,0.22104853207207686,1.0610329539459689,1.9389670460540311,6.872233929727671,8.771680263507907,60.2810387276016
0.5,12,0.8,5.0,3.0,1.2566370614359172,2.261946710584651,0.22104853207207686,1.0610329539459689,1.9389670460540311,7.853981633974484,8.771680263507907,68.89261568868756
0.5,12,0.9,5.0,3.0,1.2566370614359172,2.261946710584651,0.22104853207207686,1.0610329539459689,1.9389670460540311,8.835729338221293,8.771680263507907,77.5041926497735
0.5,12,1.0,5.0,3.0,1.2566370614359172,2.261946710584651,0.22104853207207686,1.0610329539459689,1.9389670460540311,9.817477042468104,8.771680263507907,86.11576961085945
0.5,12,1.1,5.0,3.0,1.2566370614359172,2.261946710584651,0.22104853207207686,1.0610329539459689,1.9389670460540311,10.799224746714915,8.771680263507907,94.72734657194539
0.5,12,1.2,5.0,3.0,1.2566370614359172,2.261946710584651,0.22104853207207686,1.0610329539459689,1.9389670460540311,11.780972450961723,8.771680263507907,103.33892353303132
0.5,12,1.3,5.0,3.0,1.2566370614359172,2.261946710584651,0.22104853207207686,1.0610329539459689,1.9389670460540311,12.762720155208536,8.771680263507907,111.95050049411728
0.5,12,1.4,5.0,3.0,1.2566370614359172,2.261946710584651,0.22104853207207686,1.0610329539459689,1.9389670460540311,13.744467859455343,8.771680263507907,120.5620774552032
0.5,12,1.5,5.0,3.0,1.2566370614359172,2.261946710584651,0.22104853207207686,1.0610329539459689,1.9389670460540311,14.726215563702155,8.771680263507907,129.17365441628917
0.5,12,1.6,5.0,3.0,1.2566370614359172,2.261946710584651,0.22104853207207686,1.0610329539459689,1.9389670460540311,15.707963267948967,8.771680263507907,137.7852313773751
0.5,12,1.7,5.0,3.0,1.2566370614359172,2.261946710584651,0.22104853207207686,1.0610329539459689,1.9389670460540311,16.689710972195776,8.771680263507907,146.39680833846106
0.5,12,1.8,5.0,3.0,1.2566370614359172,2.261946710584651,0.22104853207207686,1.0610329539459689,1.9389670460540311,17.671458676442587,8.771680263507907,155.008385299547
0.5,12,1.9,5.0,3.0,1.2566370614359172,2.261946710584651,0.22104853207207686,1.0610329539459689,1.9389670460540311,18.653206380689394,8.771680263507907,163.61996226063292
0.5,12,2.0,5.0,3.0,1.2566370614359172,2.261946710584651,0.22104853207207686,1.0610329539459689,1.9389670460540311,19.634954084936208,8.771680263507907,172.2315392217189
0.5,13,0.1,5.0,3.0,1.3613568165555772,2.450442269800039,0.20404479883576324,0.9794150344116634,2.020584965588337,0.9817477042468105,9.902653618800235,9.7219074562085
0.5,13,0.2,5.0,3.0,1.3613568165555772,2.450442269800039,0.20404479883576324,0.9794150344116634,2.020584965588337,1.963495408493621,9.902653618800235,19.443814912417
0.5,13,0.3,5.0,3.0,1.3613568165555772,2.450442269800039,0.20404479883576324,0.9794150344116634,2.020584965588337,2.945243112740431,9.902653618800235,29.165722368625495
0.5,13,0.4,5.0,3.0,1.3613568165555772,2.450442269800039,0.20404479883576324,0.9794150344116634,2.020584965588337,3.926990816987242,9.902653618800235,38.887629824834
0.5,13,0.5,5.0,3.0,1.3613568165555772,2.450442269800039,0.20404479883576324,0.9794150344116634,2.020584965588337,4.908738521234052,9.902653618800235,48.6095372810425
0.5,13,0.6,5.0,3.0,1.3613568165555772,2.450442269800039,0.20404479883576324,0.9794150344116634,2.020584965588337,5.890486225480862,9.902653618800235,58.33144473725099
0.5,13,0.7,5.0,3.0,1.3613568165555772,2.450442269800039,0.20404479883576324,0.9794150344116634,2.020584965588337,6.872233929727671,9.902653618800235,68.05335219345949
0.5,13,0.8,5.0,3.0,1.3613568165555772,2.450442269800039,0.20404479883576324,0.9794150344116634,2.020584965588337,7.853981633974484,9.902653618800235,77.775259649668
0.5,13,0.9,5.0,3.0,1.3613568165555772,2.450442269800039,0.20404479883576324,0.9794150344116634,2.020584965588337,8.835729338221293,9.902653618800235,87.4971671058765
0.5,13,1.0,5.0,3.0,1.3613568165555772,2.450442269800039,0.20404479883576324,0.9794150344116634,2.020584965588337,9.817477042468104,9.902653618800235,97.219074562085
0.5,13,1.1,5.0,3.0,1.3613568165555772,2.450442269800039,0.20404479883576324,0.9794150344116634,2.020584965588337,10.799224746714915,9.902653618800235,106.9409820182935
0.5,13,1.2,5.0,3.0,1.3613568165555772,2.450442269800039,0.20404479883576324,0.9794150344116634,2.020584965588337,11.780972450961723,9.902653618800235,116.66288947450198
0.5,13,1.3,5.0,3.0,1.3613568165555772,2.450442269800039,0.20404479883576324,0.9794150344116634,2.020584965588337,12.762720155208536,9.902653618800235,126.38479693071051
0.5,13,1.4,5.0,3.0,1.3613568165555772,2.450442269800039,0.20404479883576324,0.9794150344116634,2.020584965588337,13.744467859455343,9.902653618800235,136.10670438691898
0.5,13,1.5,5.0,3.0,1.3613568165555772,2.450442269800039,0.20404479883576324,0.9794150344116634,2.020584965588337,14.726215563702155,9.902653618800235,145.82861184312748
0.5,13,1.6,5.0,3.0,1.3613568165555772,2.450442269800039,0.20404479883576324,0.9794150344116634,2.020584965588337,15.707963267948967,9.902653618800235,155.550519299336
0.5,13,1.7,5.0,3.0,1.3613568165555772,2.450442269800039,0.20404479883576324,0.9794150344116634,2.020584965588337,16.689710972195776,9.902653618800235,165.2724267555445
0.5,13,1.8,5.0,3.0,1.3613568165555772,2.450442269800039,0.20404479883576324,0.9794150344116634,2.020584965588337,17.671458676442587,9.902653618800235,174.994334211753
0.5,13,1.9,5.0,3.0,1.3613568165555772,2.450442269800039,0.20404479883576324,0.9794150344116634,2.020584965588337,18.653206380689394,9.902653618800235,184.71624166796147
0.5,13,2.0,5.0,3.0,1.3613568165555772,2.450442269800039,0.20404479883576324,0.9794150344116634,2.020584965588337,19.634954084936208,9.902653618800235,194.43814912417
0.5,14,0.1,5.0,3.0,1.4660765716752369,2.6389378290154264,0.18947017034749444,0.9094568176679733,2.0905431823320266,0.9817477042468105,11.033626974092558,10.83223795133105
0.5,14,0.2,5.0,3.0,1.4660765716752369,2.6389378290154264,0.18947017034749444,0.9094568176679733,2.0905431823320266,1.963495408493621,11.033626974092558,21.6644759026621
0.5,14,0.3,5.0,3.0,1.4660765716752369,2.6389378290154264,0.18947017034749444,0.9094568176679733,2.0905431823320266,2.945243112740431,11.033626974092558,32.49671385399314
0.5,14,0.4,5.0,3.0,1.4660765716752369,2.6389378290154264,0.18947017034749444,0.9094568176679733,2.0905431823320266,3.926990816987242,11.033626974092558,43.3289518053242
0.5,14,0.5,5.0,3.0,1.4660765716752369,2.6389378290154264,0.18947017034749444,0.9094568176679733,2.0905431823320266,4.908738521234052,11.033626974092558,54.16118975665525
0.5,14,0.6,5.0,3.0,1.4660765716752369,2.6389378290154264,0.18947017034749444,0.9094568176679733,2.0905431823320266,5.890486225480862,11.033626974092558,64.99342770798629
0.5,14,0.7,5.0,3.0,1.4660765716752369,2.6389378290154264,0.18947017034749444,0.9094568176679733,2.0905431823320266,6.872233929727671,11.033626974092558,75.82566565931734
0.5,14,0.8,5.0,3.0,1.4660765716752369,2.6389378290154264,0.18947017034749444,0.9094568176679733,2.0905431823320266,7.853981633974484,11.033626974092558,86.6579036106484
0.5,14,0.9,5.0,3.0,1.4660765716752369,2.6389378290154264,0.18947017034749444,0.9094568176679733,2.0905431823320266,8.835729338221293,11.033626974092558,97.49014156197944
0.5,14,1.0,5.0,3.0,1.4660765716752369,2.6389378290154264,0.18947017034749444,0.9094568176679733,2.0905431823320266,9.817477042468104,11.033626974092558,108.3223795133105
0.5,14,1.1,5.0,3.0,1.4660765716752369,2.6389378290154264,0.18947017034749444,0.9094568176679733,2.0905431823320266,10.799224746714915,11.033626974092558,119.15461746464155
0.5,14,1.2,5.0,3.0,1.4660765716752369,2.6389378290154264,0.18947017034749444,0.9094568176679733,2.0905431823320266,11.780972450961723,11.033626974092558,129.98685541597257
0.5,14,1.3,5.0,3.0,1.4660765716752369,2.6389378290154264,0.18947017034749444,0.9094568176679733,2.0905431823320266,12.762720155208536,11.033626974092558,140.81909336730365
0.5,14,1.4,5.0,3.0,1.4660765716752369,2.6389378290154264,0.18947017034749444,0.9094568176679733,2.0905431823320266,13.744467859455343,11.033626974092558,151.65133131863467
0.5,14,1.5,5.0,3.0,1.4660765716752369,2.6389378290154264,0.18947017034749444,0.9094568176679733,2.0905431823320266,14.726215563702155,11.033626974092558,162.48356926996573
0.5,14,1.6,5.0,3.0,1.4660765716752369,2.6389378290154264,0.18947017034749444,0.9094568176679733,2.0905431823320266,15.707963267948967,11.033626974092558,173.3158072212968
0.5,14,1.7,5.0,3.0,1.4660765716752369,2.6389378290154264,0.18947017034749444,0.9094568176679733,2.0905431823320266,16.689710972195776,11.033626974092558,184.14804517262783
0.5,14,1.8,5.0,3.0,1.4660765716752369,2.6389378290154264,0.18947017034749444,0.9094568176679733,2.0905431823320266,17.671458676442587,11.033626974092558,194.98028312395888
0.5,14,1.9,5.0,3.0,1.4660765716752369,2.6389378290154264,0.18947017034749444,0.9094568176679733,2.0905431823320266,18.653206380689394,11.033626974092558,205.8125210752899
0.5,14,2.0,5.0,3.0,1.4660765716752369,2.6389378290154264,0.18947017034749444,0.9094568176679733,2.0905431823320266,19.634954084936208,11.033626974092558,216.644759026621
0.5,15,0.1,5.0,3.0,1.5707963267948963,2.8274333882308134,0.1768388256576615,0.8488263631567752,2.151173636843225,0.9817477042468105,12.16460032938488,11.9425684464536
0.5,15,0.2,5.0,3.0,1.5707963267948963,2.8274333882308134,0.1768388256576615,0.8488263631567752,2.151173636843225,1.963495408493621,12.16460032938488,23.8851368929072
0.5,15,0.3,5.0,3.0,1.5707963267948963,2.8274333882308134,0.1768388256576615,0.8488263631567752,2.151173636843225,2.945243112740431,12.16460032938488,35.8277053393608
0.5,15,0.4,5.0,3.0,1.5707963267948963,2.8274333882308134,0.1768388256576615,0.8488263631567752,2.151173636843225,3.926990816987242,12.16460032938488,47.7702737858144
0.5,15,0.5,5.0,3.0,1.5707963267948963,2.8274333882308134,0.1768388256576615,0.8488263631567752,2.151173636843225,4.908738521234052,12.16460032938488,59.712842232268
0.5,15,0.6,5.0,3.0,1.5707963267948963,2.8274333882308134,0.1768388256576615,0.8488263631567752,2.151173636843225,5.890486225480862,12.16460032938488,71.6554106787216
0.5,15,0.7,5.0,3.0,1.5707963267948963,2.8274333882308134,0.1768388256576615,0.8488263631567752,2.151173636843225,6.872233929727671,12.16460032938488,83.59797912517519
0.5,15,0.8,5.0,3.0,1.5707963267948963,2.8274333882308134,0.1768388256576615,0.8488263631567752,2.151173636843225,7.853981633974484,12.16460032938488,95.5405475716288
0.5,15,0.9,5.0,3.0,1.5707963267948963,2.8274333882308134,0.1768388256576615,0.8488263631567752,2.151173636843225,8.835729338221293,12.16460032938488,107.4831160180824
0.5,15,1.0,5.0,3.0,1.5707963267948963,2.8274333882308134,0.1768388256576615,0.8488263631567752,2.151173636843225,9.817477042468104,12.16460032938488,119.425684464536
0.5,15,1.1,5.0,3.0,1.5707963267948963,2.8274333882308134,0.1768388256576615,0.8488263631567752,2.151173636843225,10.799224746714915,12.16460032938488,131.3682529109896
0.5,15,1.2,5.0,3.0,1.5707963267948963,2.8274333882308134,0.1768388256576615,0.8488263631567752,2.151173636843225,11.780972450961723,12.16460032938488,143.3108213574432
0.5,15,1.3,5.0,3.0,1.5707963267948963,2.8274333882308134,0.1768388256576615,0.8488263631567752,2.151173636843225,12.762720155208536,12.16460032938488,155.2533898038968
0.5,15,1.4,5.0,3.0,1.5707963267948963,2.8274333882308134,0.1768388256576615,0.8488263631567752,2.151173636843225,13.744467859455343,12.16460032938488,167.19595825035037
0.5,15,1.5,5.0,3.0,1.5707963267948963,2.8274333882308134,0.1768388256576615,0.8488263631567752,2.151173636843225,14.726215563702155,12.16460032938488,179.13852669680398
0.5,15,1.6,5.0,3.0,1.5707963267948963,2.8274333882308134,0.1768388256576615,0.8488263631567752,2.151173636843225,15.707963267948967,12.16460032938488,191.0810951432576
0.5,15,1.7,5.0,3.0,1.5707963267948963,2.8274333882308134,0.1768388256576615,0.8488263631567752,2.151173636843225,16.689710972195776,12.16460032938488,203.0236635897112
0.5,15,1.8,5.0,3.0,1.5707963267948963,2.8274333882308134,0.1768388256576615,0.8488263631567752,2.151173636843225,17.671458676442587,12.16460032938488,214.9662320361648
0.5,15,1.9,5.0,3.0,1.5707963267948963,2.8274333882308134,0.1768388256576615,0.8488263631567752,2.151173636843225,18.653206380689394,12.16460032938488,226.90880048261835
0.5,15,2.0,5.0,3.0,1.5707963267948963,2.8274333882308134,0.1768388256576615,0.8488263631567752,2.151173636843225,19.634954084936208,12.16460032938488,238.851368929072
0.5,16,0.1,5.0,3.0,1.6755160819145563,3.015928947446201,0.16578639905405765,1.0610329539459689,1.9389670460540311,0.9817477042468105,11.695573684677209,11.48210261478126
0.5,16,0.2,5.0,3.0,1.6755160819145563,3.015928947446201,0.16578639905405765,1.0610329539459689,1.9389670460540311,1.963495408493621,11.695573684677209,22.96420522956252
0.5,16,0.3,5.0,3.0,1.6755160819145563,3.015928947446201,0.16578639905405765,1.0610329539459689,1.9389670460540311,2.945243112740431,11.695573684677209,34.44630784434377
0.5,16,0.4,5.0,3.0,1.6755160819145563,3.015928947446201,0.16578639905405765,1.0610329539459689,1.9389670460540311,3.926990816987242,11.695573684677209,45.92841045912504
0.5,16,0.5,5.0,3.0,1.6755160819145563,3.015928947446201,0.16578639905405765,1.0610329539459689,1.9389670460540311,4.908738521234052,11.695573684677209,57.410513073906294
0.5,16,0.6,5.0,3.0,1.6755160819145563,3.015928947446201,0.16578639905405765,1.0610329539459689,1.9389670460540311,5.890486225480862,11.695573684677209,68.89261568868754
0.5,16,0.7,5.0,3.0,1.6755160819145563,3.015928947446201,0.16578639905405765,1.0610329539459689,1.9389670460540311,6.872233929727671,11.695573684677209,80.3747183034688
0.5,16,0.8,5.0,3.0,1.6755160819145563,3.015928947446201,0.16578639905405765,1.0610329539459689,1.9389670460540311,7.853981633974484,11.695573684677209,91.85682091825008
0.5,16,0.9,5.0,3.0,1.6755160819145563,3.015928947446201,0.16578639905405765,1.0610329539459689,1.9389670460540311,8.835729338221293,11.695573684677209,103.33892353303132
0.5,16,1.0,5.0,3.0,1.6755160819145563,3.015928947446201,0.16578639905405765,1.0610329539459689,1.9389670460540311,9.817477042468104,11.695573684677209,114.82102614781259
0.5,16,1.1,5.0,3.0,1.6755160819145563,3.015928947446201,0.16578639905405765,1.0610329539459689,1.9389670460540311,10.799224746714915,11.695573684677209,126.30312876259384
0.5,16,1.2,5.0,3.0,1.6755160819145563,3.015928947446201,0.16578639905405765,1.0610329539459689,1.9389670460540311,11.780972450961723,11.695573684677209,137.78523137737508
0.5,16,1.3,5.0,3.0,1.6755160819145563,3.015928947446201,0.16578639905405765,1.0610329539459689,1.9389670460540311,12.762720155208536,11.695573684677209,149.26733399215638
0.5,16,1.4,5.0,3.0,1.6755160819145563,3.015928947446201,0.16578639905405765,1.0610329539459689,1.9389670460540311,13.744467859455343,11.695573684677209,160.7494366069376
0.5,16,1.5,5.0,3.0,1.6755160819145563,3.015928947446201,0.16578639905405765,1.0610329539459689,1.9389670460540311,14.726215563702155,11.695573684677209,172.23153922171886
0.5,16,1.6,5.0,3.0,1.6755160819145563,3.015928947446201,0.16578639905405765,1.0610329539459689,1.9389670460540311,15.707963267948967,11.695573684677209,183.71364183650016
0.5,16,1.7,5.0,3.0,1.6755160819145563,3.015928947446201,0.16578639905405765,1.0610329539459689,1.9389670460540311,16.689710972195776,11.695573684677209,195.1957444512814
0.5,16,1.8,5.0,3.0,1.6755160819145563,3.015928947446201,0.16578639905405765,1.0610329539459689,1.9389670460540311,17.671458676442587,11.695573684677209,206.67784706606264
0.5,16,1.9,5.0,3.0,1.6755160819145563,3.015928947446201,0.16578639905405765,1.0610329539459689,1.9389670460540311,18.653206380689394,11.695573684677209,218.15994968084388
0.5,16,2.0,5.0,3.0,1.6755160819145563,3.015928947446201,0.16578639905405765,1.0610329539459689,1.9389670460540311,19.634954084936208,11.695573684677209,229.64205229562518
0.5,17,0.1,5.0,3.0,1.7802358370342162,3.204424506661589,0.15603425793323072,0.9986192507726765,2.0013807492273235,0.9817477042468105,12.826547039969535,12.592433109903814
0.5,17,0.2,5.0,3.0,1.7802358370342162,3.204424506661589,0.15603425793323072,0.9986192507726765,2.0013807492273235,1.963495408493621,12.826547039969535,25.184866219807628
0.5,17,0.3,5.0,3.0,1.7802358370342162,3.204424506661589,0.15603425793323072,0.9986192507726765,2.0013807492273235,2.945243112740431,12.826547039969535,37.77729932971143
0.5,17,0.4,5.0,3.0,1.7802358370342162,3.204424506661589,0.15603425793323072,0.9986192507726765,2.0013807492273235,3.926990816987242,12.826547039969535,50.369732439615255
0.5,17,0.5,5.0,3.0,1.7802358370342162,3.204424506661589,0.15603425793323072,0.9986192507726765,2.0013807492273235,4.908738521234052,12.826547039969535,62.962165549519064
0.5,17,0.6,5.0,3.0,1.7802358370342162,3.204424506661589,0.15603425793323072,0.9986192507726765,2.0013807492273235,5.890486225480862,12.826547039969535,75.55459865942287
0.5,17,0.7,5.0,3.0,1.7802358370342162,3.204424506661589,0.15603425793323072,0.9986192507726765,2.0013807492273235,6.872233929727671,12.826547039969535,88.14703176932667
0.5,17,0.8,5.0,3.0,1.7802358370342162,3.204424506661589,0.15603425793323072,0.9986192507726765,2.0013807492273235,7.853981633974484,12.826547039969535,100.73946487923051
0.5,17,0.9,5.0,3.0,1.7802358370342162,3.204424506661589,0.15603425793323072,0.9986192507726765,2.0013807492273235,8.835729338221293,12.826547039969535,113.3318979891343
0.5,17,1.0,5.0,3.0,1.7802358370342162,3.204424506661589,0.15603425793323072,0.9986192507726765,2.0013807492273235,9.817477042468104,12.826547039969535,125.92433109903813
0.5,17,1.1,5.0,3.0,1.7802358370342162,3.204424506661589,0.15603425793323072,0.9986192507726765,2.0013807492273235,10.799224746714915,12.826547039969535,138.51676420894194
0.5,17,1.2,5.0,3.0,1.7802358370342162,3.204424506661589,0.15603425793323072,0.9986192507726765,2.0013807492273235,11.780972450961723,12.826547039969535,151.10919731884573
0.5,17,1.3,5.0,3.0,1.7802358370342162,3.204424506661589,0.15603425793323072,0.9986192507726765,2.0013807492273235,12.762720155208536,12.826547039969535,163.70163042874955
0.5,17,1.4,5.0,3.0,1.7802358370342162,3.204424506661589,0.15603425793323072,0.9986192507726765,2.0013807492273235,13.744467859455343,12.826547039969535,176.29406353865335
0.5,17,1.5,5.0,3.0,1.7802358370342162,3.204424506661589,0.15603425793323072,0.9986192507726765,2.0013807492273235,14.726215563702155,12.826547039969535,188.88649664855717
0.5,17,1.6,5.0,3.0,1.7802358370342162,3.204424506661589,0.15603425793323072,0.9986192507726765,2.0013807492273235,15.707963267948967,12.826547039969535,201.47892975846102
0.5,17,1.7,5.0,3.0,1.7802358370342162,3.204424506661589,0.15603425793323072,0.9986192507726765,2.0013807492273235,16.689710972195776,12.826547039969535,214.07136286836482
0.5,17,1.8,5.0,3.0,1.7802358370342162,3.204424506661589,0.15603425793323072,0.9986192507726765,2.0013807492273235,17.671458676442587,12.826547039969535,226.6637959782686
0.5,17,1.9,5.0,3.0,1.7802358370342162,3.204424506661589,0.15603425793323072,0.9986192507726765,2.0013807492273235,18.653206380689394,12.826547039969535,239.25622908817238
0.5,17,2.0,5.0,3.0,1.7802358370342162,3.204424506661589,0.15603425793323072,0.9986192507726765,2.0013807492273235,19.634954084936208,12.826547039969535,251.84866219807625
0.5,18,0.1,5.0,3.0,1.8849555921538759,3.3929200658769765,0.14736568804805125,0.9431404035075279,2.056859596492472,0.9817477042468105,13.95752039526186,13.702763605026364
0.5,18,0.2,5.0,3.0,1.8849555921538759,3.3929200658769765,0.14736568804805125,0.9431404035075279,2.056859596492472,1.963495408493621,13.95752039526186,27.40552721005273
0.5,18,0.3,5.0,3.0,1.8849555921538759,3.3929200658769765,0.14736568804805125,0.9431404035075279,2.056859596492472,2.945243112740431,13.95752039526186,41.10829081507909
0.5,18,0.4,5.0,3.0,1.8849555921538759,3.3929200658769765,0.14736568804805125,0.9431404035075279,2.056859596492472,3.926990816987242,13.95752039526186,54.81105442010546
0.5,18,0.5,5.0,3.0,1.8849555921538759,3.3929200658769765,0.14736568804805125,0.9431404035075279,2.056859596492472,4.908738521234052,13.95752039526186,68.51381802513183
0.5,18,0.6,5.0,3.0,1.8849555921538759,3.3929200658769765,0.14736568804805125,0.9431404035075279,2.056859596492472,5.890486225480862,13.95752039526186,82.21658163015817
0.5,18,0.7,5.0,3.0,1.8849555921538759,3.3929200658769765,0.14736568804805125,0.9431404035075279,2.056859596492472,6.872233929727671,13.95752039526186,95.91934523518452
0.5,18,0.8,5.0,3.0,1.8849555921538759,3.3929200658769765,0.14736568804805125,0.9431404035075279,2.056859596492472,7.853981633974484,13.95752039526186,109.62210884021091
0.5,18,0.9,5.0,3.0,1.8849555921538759,3.3929200658769765,0.14736568804805125,0.9431404035075279,2.056859596492472,8.835729338221293,13.95752039526186,123.32487244523728
0.5,18,1.0,5.0,3.0,1.8849555921538759,3.3929200658769765,0.14736568804805125,0.9431404035075279,2.056859596492472,9.817477042468104,13.95752039526186,137.02763605026365
0.5,18,1.1,5.0,3.0,1.8849555921538759,3.3929200658769765,0.14736568804805125,0.9431404035075279,2.056859596492472,10.799224746714915,13.95752039526186,150.73039965529
0.5,18,1.2,5.0,3.0,1.8849555921538759,3.3929200658769765,0.14736568804805125,0.9431404035075279,2.056859596492472,11.780972450961723,13.95752039526186,164.43316326031635
0.5,18,1.3,5.0,3.0,1.8849555921538759,3.3929200658769765,0.14736568804805125,0.9431404035075279,2.056859596492472,12.762720155208536,13.95752039526186,178.13592686534275
0.5,18,1.4,5.0,3.0,1.8849555921538759,3.3929200658769765,0.14736568804805125,0.9431404035075279,2.056859596492472,13.744467859455343,13.95752039526186,191.83869047036904
0.5,18,1.5,5.0,3.0,1.8849555921538759,3.3929200658769765,0.14736568804805125,0.9431404035075279,2.056859596492472,14.726215563702155,13.95752039526186,205.54145407539545
0.5,18,1.6,5.0,3.0,1.8849555921538759,3.3929200658769765,0.14736568804805125,0.9431404035075279,2.056859596492472,15.707963267948967,13.95752039526186,219.24421768042183
0.5,18,1.7,5.0,3.0,1.8849555921538759,3.3929200658769765,0.14736568804805125,0.9431404035075279,2.056859596492472,16.689710972195776,13.95752039526186,232.94698128544817
0.5,18,1.8,5.0,3.0,1.8849555921538759,3.3929200658769765,0.14736568804805125,0.9431404035075279,2.056859596492472,17.671458676442587,13.95752039526186,246.64974489047455
0.5,18,1.9,5.0,3.0,1.8849555921538759,3.3929200658769765,0.14736568804805125,0.9431404035075279,2.056859596492472,18.653206380689394,13.95752039526186,260.35250849550084
0.5,18,2.0,5.0,3.0,1.8849555921538759,3.3929200658769765,0.14736568804805125,0.9431404035075279,2.056859596492472,19.634954084936208,13.95752039526186,274.0552721005273
0.5,19,0.1,5.0,3.0,1.9896753472735356,3.581415625092364,0.13960959920341698,0.8935014349018686,2.106498565098131,0.9817477042468105,15.088493750554182,14.813094100148914
0.5,19,0.2,5.0,3.0,1.9896753472735356,3.581415625092364,0.13960959920341698,0.8935014349018686,2.106498565098131,1.963495408493621,15.088493750554182,29.62618820029783
0.5,19,0.3,5.0,3.0,1.9896753472735356,3.581415625092364,0.13960959920341698,0.8935014349018686,2.106498565098131,2.945243112740431,15.088493750554182,44.439282300446735
0.5,19,0.4,5.0,3.0,1.9896753472735356,3.581415625092364,0.13960959920341698,0.8935014349018686,2.106498565098131,3.926990816987242,15.088493750554182,59.25237640059566
0.5,19,0.5,5.0,3.0,1.9896753472735356,3.581415625092364,0.13960959920341698,0.8935014349018686,2.106498565098131,4.908738521234052,15.088493750554182,74.06547050074457
0.5,19,0.6,5.0,3.0,1.9896753472735356,3.581415625092364,0.13960959920341698,0.8935014349018686,2.106498565098131,5.890486225480862,15.088493750554182,88.87856460089347
0.5,19,0.7,5.0,3.0,1.9896753472735356,3.581415625092364,0.13960959920341698,0.8935014349018686,2.106498565098131,6.872233929727671,15.088493750554182,103.69165870104237
0.5,19,0.8,5.0,3.0,1.9896753472735356,3.581415625092364,0.13960959920341698,0.8935014349018686,2.106498565098131,7.853981633974484,15.088493750554182,118.50475280119132
0.5,19,0.9,5.0,3.0,1.9896753472735356,3.581415625092364,0.13960959920341698,0.8935014349018686,2.106498565098131,8.835729338221293,15.088493750554182,133.31784690134023
0.5,19,1.0,5.0,3.0,1.9896753472735356,3.581415625092364,0.13960959920341698,0.8935014349018686,2.106498565098131,9.817477042468104,15.088493750554182,148.13094100148913
0.5,19,1.1,5.0,3.0,1.9896753472735356,3.581415625092364,0.13960959920341698,0.8935014349018686,2.106498565098131,10.799224746714915,15.088493750554182,162.94403510163806
0.5,19,1.2,5.0,3.0,1.9896753472735356,3.581415625092364,0.13960959920341698,0.8935014349018686,2.106498565098131,11.780972450961723,15.088493750554182,177.75712920178694
0.5,19,1.3,5.0,3.0,1.9896753472735356,3.581415625092364,0.13960959920341698,0.8935014349018686,2.106498565098131,12.762720155208536,15.088493750554182,192.5702233019359
0.5,19,1.4,5.0,3.0,1.9896753472735356,3.581415625092364,0.13960959920341698,0.8935014349018686,2.106498565098131,13.744467859455343,15.088493750554182,207.38331740208474
0.5,19,1.5,5.0,3.0,1.9896753472735356,3.581415625092364,0.13960959920341698,0.8935014349018686,2.106498565098131,14.726215563702155,15.088493750554182,222.1964115022337
0.5,19,1.6,5.0,3.0,1.9896753472735356,3.581415625092364,0.13960959920341698,0.8935014349018686,2.106498565098131,15.707963267948967,15.088493750554182,237.00950560238263
0.5,19,1.7,5.0,3.0,1.9896753472735356,3.581415625092364,0.13960959920341698,0.8935014349018686,2.106498565098131,16.689710972195776,15.088493750554182,251.82259970253153
0.5,19,1.8,5.0,3.0,1.9896753472735356,3.581415625092364,0.13960959920341698,0.8935014349018686,2.106498565098131,17.671458676442587,15.088493750554182,266.63569380268046
0.5,19,1.9,5.0,3.0,1.9896753472735356,3.581415625092364,0.13960959920341698,0.8935014349018686,2.106498565098131,18.653206380689394,15.088493750554182,281.44878790282934
0.5,19,2.0,5.0,3.0,1.9896753472735356,3.581415625092364,0.13960959920341698,0.8935014349018686,2.106498565098131,19.634954084936208,15.088493750554182,296.26188200297827
0.5,20,0.1,5.0,3.0,2.0943951023931953,3.7699111843077517,0.1326291192432461,0.8488263631567752,2.151173636843225,0.9817477042468105,16.219467105846512,15.923424595271472
0.5,20,0.2,5.0,3.0,2.0943951023931953,3.7699111843077517,0.1326291192432461,0.8488263631567752,2.151173636843225,1.963495408493621,16.219467105846512,31.846849190542944
0.5,20,0.3,5.0,3.0,2.0943951023931953,3.7699111843077517,0.1326291192432461,0.8488263631567752,2.151173636843225,2.945243112740431,16.219467105846512,47.77027378581441
0.5,20,0.4,5.0,3.0,2.0943951023931953,3.7699111843077517,0.1326291192432461,0.8488263631567752,2.151173636843225,3.926990816987242,16.219467105846512,63.69369838108589
0.5,20,0.5,5.0,3.0,2.0943951023931953,3.7699111843077517,0.1326291192432461,0.8488263631567752,2.151173636843225,4.908738521234052,16.219467105846512,79.61712297635735
0.5,20,0.6,5.0,3.0,2.0943951023931953,3.7699111843077517,0.1326291192432461,0.8488263631567752,2.151173636843225,5.890486225480862,16.219467105846512,95.54054757162882
0.5,20,0.7,5.0,3.0,2.0943951023931953,3.7699111843077517,0.1326291192432461,0.8488263631567752,2.151173636843225,6.872233929727671,16.219467105846512,111.46397216690028
0.5,20,0.8,5.0,3.0,2.0943951023931953,3.7699111843077517,0.1326291192432461,0.8488263631567752,2.151173636843225,7.853981633974484,16.219467105846512,127.38739676217178
0.5,20,0.9,5.0,3.0,2.0943951023931953,3.7699111843077517,0.1326291192432461,0.8488263631567752,2.151173636843225,8.835729338221293,16.219467105846512,143.31082135744325
0.5,20,1.0,5.0,3.0,2.0943951023931953,3.7699111843077517,0.1326291192432461,0.8488263631567752,2.151173636843225,9.817477042468104,16.219467105846512,159.2342459527147
0.5,20,1.1,5.0,3.0,2.0943951023931953,3.7699111843077517,0.1326291192432461,0.8488263631567752,2.151173636843225,10.799224746714915,16.219467105846512,175.15767054798619
0.5,20,1.2,5.0,3.0,2.0943951023931953,3.7699111843077517,0.1326291192432461,0.8488263631567752,2.151173636843225,11.780972450961723,16.219467105846512,191.08109514325764
0.5,20,1.3,5.0,3.0,2.0943951023931953,3.7699111843077517,0.1326291192432461,0.8488263631567752,2.151173636843225,12.762720155208536,16.219467105846512,207.00451973852913
0.5,20,1.4,5.0,3.0,2.0943951023931953,3.7699111843077517,0.1326291192432461,0.8488263631567752,2.151173636843225,13.744467859455343,16.219467105846512,222.92794433380055
0.5,20,1.5,5.0,3.0,2.0943951023931953,3.7699111843077517,0.1326291192432461,0.8488263631567752,2.151173636843225,14.726215563702155,16.219467105846512,238.85136892907204
0.5,20,1.6,5.0,3.0,2.0943951023931953,3.7699111843077517,0.1326291192432461,0.8488263631567752,2.151173636843225,15.707963267948967,16.219467105846512,254.77479352434355
0.5,20,1.7,5.0,3.0,2.0943951023931953,3.7699111843077517,0.1326291192432461,0.8488263631567752,2.151173636843225,16.689710972195776,16.219467105846512,270.698218119615
0.5,20,1.8,5.0,3.0,2.0943951023931953,3.7699111843077517,0.1326291192432461,0.8488263631567752,2.151173636843225,17.671458676442587,16.219467105846512,286.6216427148865
0.5,20,1.9,5.0,3.0,2.0943951023931953,3.7699111843077517,0.1326291192432461,0.8488263631567752,2.151173636843225,18.653206380689394,16.219467105846512,302.5450673101579
0.5,20,2.0,5.0,3.0,2.0943951023931953,3.7699111843077517,0.1326291192432461,0.8488263631567752,2.151173636843225,19.634954084936208,16.219467105846512,318.4684919054294
0.5,21,0.1,5.0,3.0,2.199114857512855,3.9584067435231396,0.12631344689832963,1.010507575186637,1.989492424813363,0.9817477042468105,15.750440461138837,15.462958763599127
0.5,21,0.2,5.0,3.0,2.199114857512855,3.9584067435231396,0.12631344689832963,1.010507575186637,1.989492424813363,1.963495408493621,15.750440461138837,30.925917527198255
0.5,21,0.3,5.0,3.0,2.199114857512855,3.9584067435231396,0.12631344689832963,1.010507575186637,1.989492424813363,2.945243112740431,15.750440461138837,46.38887629079738
0.5,21,0.4,5.0,3.0,2.199114857512855,3.9584067435231396,0.12631344689832963,1.010507575186637,1.989492424813363,3.926990816987242,15.750440461138837,61.85183505439651
0.5,21,0.5,5.0,3.0,2.199114857512855,3.9584067435231396,0.12631344689832963,1.010507575186637,1.989492424813363,4.908738521234052,15.750440461138837,77.31479381799564
0.5,21,0.6,5.0,3.0,2.199114857512855,3.9584067435231396,0.12631344689832963,1.010507575186637,1.989492424813363,5.890486225480862,15.750440461138837,92.77775258159475
0.5,21,0.7,5.0,3.0,2.199114857512855,3.9584067435231396,0.12631344689832963,1.010507575186637,1.989492424813363,6.872233929727671,15.750440461138837,108.24071134519386
0.5,21,0.8,5.0,3.0,2.199114857512855,3.9584067435231396,0.12631344689832963,1.010507575186637,1.989492424813363,7.853981633974484,15.750440461138837,123.70367010879302
0.5,21,0.9,5.0,3.0,2.199114857512855,3.9584067435231396,0.12631344689832963,1.010507575186637,1.989492424813363,8.835729338221293,15.750440461138837,139.16662887239212
0.5,21,1.0,5.0,3.0,2.199114857512855,3.9584067435231396,0.12631344689832963,1.010507575186637,1.989492424813363,9.817477042468104,15.750440461138837,154.62958763599127
0.5,21,1.1,5.0,3.0,2.199114857512855,3.9584067435231396,0.12631344689832963,1.010507575186637,1.989492424813363,10.799224746714915,15.750440461138837,170.0925463995904
0.5,21,1.2,5.0,3.0,2.199114857512855,3.9584067435231396,0.12631344689832963,1.010507575186637,1.989492424813363,11.780972450961723,15.750440461138837,185.5555051631895
0.5,21,1.3,5.0,3.0,2.199114857512855,3.9584067435231396,0.12631344689832963,1.010507575186637,1.989492424813363,12.762720155208536,15.750440461138837,201.01846392678866
0.5,21,1.4,5.0,3.0,2.199114857512855,3.9584067435231396,0.12631344689832963,1.010507575186637,1.989492424813363,13.744467859455343,15.750440461138837,216.48142269038772
0.5,21,1.5,5.0,3.0,2.199114857512855,3.9584067435231396,0.12631344689832963,1.010507575186637,1.989492424813363,14.726215563702155,15.750440461138837,231.9443814539869
0.5,21,1.6,5.0,3.0,2.199114857512855,3.9584067435231396,0.12631344689832963,1.010507575186637,1.989492424813363,15.707963267948967,15.750440461138837,247.40734021758604
0.5,21,1.7,5.0,3.0,2.199114857512855,3.9584067435231396,0.12631344689832963,1.010507575186637,1.989492424813363,16.689710972195776,15.750440461138837,262.87029898118516
0.5,21,1.8,5.0,3.0,2.199114857512855,3.9584067435231396,0.12631344689832963,1.010507575186637,1.989492424813363,17.671458676442587,15.750440461138837,278.33325774478425
0.5,21,1.9,5.0,3.0,2.199114857512855,3.9584067435231396,0.12631344689832963,1.010507575186637,1.989492424813363,18.653206380689394,15.750440461138837,293.79621650838334
0.5,21,2.0,5.0,3.0,2.199114857512855,3.9584067435231396,0.12631344689832963,1.010507575186637,1.989492424813363,19.634954084936208,15.750440461138837,309.25917527198254
0.5,22,0.1,5.0,3.0,2.3038346126325147,4.146902302738527,0.12057192658476922,0.9645754126781536,2.035424587321846,0.9817477042468105,16.881413816431156,16.573289258721672
0.5,22,0.2,5.0,3.0,2.3038346126325147,4.146902302738527,0.12057192658476922,0.9645754126781536,2.035424587321846,1.963495408493621,16.881413816431156,33.146578517443345
0.5,22,0.3,5.0,3.0,2.3038346126325147,4.146902302738527,0.12057192658476922,0.9645754126781536,2.035424587321846,2.945243112740431,16.881413816431156,49.71986777616501
0.5,22,0.4,5.0,3.0,2.3038346126325147,4.146902302738527,0.12057192658476922,0.9645754126781536,2.035424587321846,3.926990816987242,16.881413816431156,66.29315703488669
0.5,22,0.5,5.0,3.0,2.3038346126325147,4.146902302738527,0.12057192658476922,0.9645754126781536,2.035424587321846,4.908738521234052,16.881413816431156,82.86644629360836
0.5,22,0.6,5.0,3.0,2.3038346126325147,4.146902302738527,0.12057192658476922,0.9645754126781536,2.035424587321846,5.890486225480862,16.881413816431156,99.43973555233002
0.5,22,0.7,5.0,3.0,2.3038346126325147,4.146902302738527,0.12057192658476922,0.9645754126781536,2.035424587321846,6.872233929727671,16.881413816431156,116.0130248110517
0.5,22,0.8,5.0,3.0,2.3038346126325147,4.146902302738527,0.12057192658476922,0.9645754126781536,2.035424587321846,7.853981633974484,16.881413816431156,132.58631406977338
0.5,22,0.9,5.0,3.0,2.3038346126325147,4.146902302738527,0.12057192658476922,0.9645754126781536,2.035424587321846,8.835729338221293,16.881413816431156,149.15960332849505
0.5,22,1.0,5.0,3.0,2.3038346126325147,4.146902302738527,0.12057192658476922,0.9645754126781536,2.035424587321846,9.817477042468104,16.881413816431156,165.73289258721672
0.5,22,1.1,5.0,3.0,2.3038346126325147,4.146902302738527,0.12057192658476922,0.9645754126781536,2.035424587321846,10.799224746714915,16.881413816431156,182.3061818459384
0.5,22,1.2,5.0,3.0,2.3038346126325147,4.146902302738527,0.12057192658476922,0.9645754126781536,2.035424587321846,11.780972450961723,16.881413816431156,198.87947110466004
0.5,22,1.3,5.0,3.0,2.3038346126325147,4.146902302738527,0.12057192658476922,0.9645754126781536,2.035424587321846,12.762720155208536,16.881413816431156,215.45276036338177
0.5,22,1.4,5.0,3.0,2.3038346126325147,4.146902302738527,0.12057192658476922,0.9645754126781536,2.035424587321846,13.744467859455343,16.881413816431156,232.0260496221034
0.5,22,1.5,5.0,3.0,2.3038346126325147,4.146902302738527,0.12057192658476922,0.9645754126781536,2.035424587321846,14.726215563702155,16.881413816431156,248.5993388808251
0.5,22,1.6,5.0,3.0,2.3038346126325147,4.146902302738527,0.12057192658476922,0.9645754126781536,2.035424587321846,15.707963267948967,16.881413816431156,265.17262813954676
0.5,22,1.7,5.0,3.0,2.3038346126325147,4.146902302738527,0.12057192658476922,0.9645754126781536,2.035424587321846,16.689710972195776,16.881413816431156,281.74591739826843
0.5,22,1.8,5.0,3.0,2.3038346126325147,4.146902302738527,0.12057192658476922,0.9645754126781536,2.035424587321846,17.671458676442587,16.881413816431156,298.3192066569901
0.5,22,1.9,5.0,3.0,2.3038346126325147,4.146902302738527,0.12057192658476922,0.9645754126781536,2.035424587321846,18.653206380689394,16.881413816431156,314.8924959157117
0.5,22,2.0,5.0,3.0,2.3038346126325147,4.146902302738527,0.12057192658476922,0.9645754126781536,2.035424587321846,19.634954084936208,16.881413816431156,331.46578517443345
0.5,23,0.1,5.0,3.0,2.4085543677521746,4.335397861953914,0.11532966890717056,0.9226373512573643,2.0773626487426355,0.9817477042468105,18.012387171723482,17.683619753844226
0.5,23,0.2,5.0,3.0,2.4085543677521746,4.335397861953914,0.11532966890717056,0.9226373512573643,2.0773626487426355,1.963495408493621,18.012387171723482,35.36723950768845
0.5,23,0.3,5.0,3.0,2.4085543677521746,4.335397861953914,0.11532966890717056,0.9226373512573643,2.0773626487426355,2.945243112740431,18.012387171723482,53.05085926153267
0.5,23,0.4,5.0,3.0,2.4085543677521746,4.335397861953914,0.11532966890717056,0.9226373512573643,2.0773626487426355,3.926990816987242,18.012387171723482,70.7344790153769
0.5,23,0.5,5.0,3.0,2.4085543677521746,4.335397861953914,0.11532966890717056,0.9226373512573643,2.0773626487426355,4.908738521234052,18.012387171723482,88.41809876922113
0.5,23,0.6,5.0,3.0,2.4085543677521746,4.335397861953914,0.11532966890717056,0.9226373512573643,2.0773626487426355,5.890486225480862,18.012387171723482,106.10171852306534
0.5,23,0.7,5.0,3.0,2.4085543677521746,4.335397861953914,0.11532966890717056,0.9226373512573643,2.0773626487426355,6.872233929727671,18.012387171723482,123.78533827690956
0.5,23,0.8,5.0,3.0,2.4085543677521746,4.335397861953914,0.11532966890717056,0.9226373512573643,2.0773626487426355,7.853981633974484,18.012387171723482,141.4689580307538
0.5,23,0.9,5.0,3.0,2.4085543677521746,4.335397861953914,0.11532966890717056,0.9226373512573643,2.0773626487426355,8.835729338221293,18.012387171723482,159.15257778459804
0.5,23,1.0,5.0,3.0,2.4085543677521746,4.335397861953914,0.11532966890717056,0.9226373512573643,2.0773626487426355,9.817477042468104,18.012387171723482,176.83619753844226
0.5,23,1.1,5.0,3.0,2.4085543677521746,4.335397861953914,0.11532966890717056,0.9226373512573643,2.0773626487426355,10.799224746714915,18.012387171723482,194.5198172922865
0.5,23,1.2,5.0,3.0,2.4085543677521746,4.335397861953914,0.11532966890717056,0.9226373512573643,2.0773626487426355,11.780972450961723,18.012387171723482,212.2034370461307
0.5,23,1.3,5.0,3.0,2.4085543677521746,4.335397861953914,0.11532966890717056,0.9226373512573643,2.0773626487426355,12.762720155208536,18.012387171723482,229.88705679997494
0.5,23,1.4,5.0,3.0,2.4085543677521746,4.335397861953914,0.11532966890717056,0.9226373512573643,2.0773626487426355,13.744467859455343,18.012387171723482,247.5706765538191
0.5,23,1.5,5.0,3.0,2.4085543677521746,4.335397861953914,0.11532966890717056,0.9226373512573643,2.0773626487426355,14.726215563702155,18.012387171723482,265.25429630766337
0.5,23,1.6,5.0,3.0,2.4085543677521746,4.335397861953914,0.11532966890717056,0.9226373512573643,2.0773626487426355,15.707963267948967,18.012387171723482,282.9379160615076
0.5,23,1.7,5.0,3.0,2.4085543677521746,4.335397861953914,0.11532966890717056,0.9226373512573643,2.0773626487426355,16.689710972195776,18.012387171723482,300.6215358153518
0.5,23,1.8,5.0,3.0,2.4085543677521746,4.335397861953914,0.11532966890717056,0.9226373512573643,2.0773626487426355,17.671458676442587,18.012387171723482,318.3051555691961
0.5,23,1.9,5.0,3.0,2.4085543677521746,4.335397861953914,0.11532966890717056,0.9226373512573643,2.0773626487426355,18.653206380689394,18.012387171723482,335.9887753230402
0.5,23,2.0,5.0,3.0,2.4085543677521746,4.335397861953914,0.11532966890717056,0.9226373512573643,2.0773626487426355,19.634954084936208,18.012387171723482,353.6723950768845
0.5,24,0.1,5.0,3.0,2.5132741228718345,4.523893421169302,0.11052426603603843,0.8841941282883075,2.1158058717116925,0.9817477042468105,19.143360527015812,18.793950248966784
0.5,24,0.2,5.0,3.0,2.5132741228718345,4.523893421169302,0.11052426603603843,0.8841941282883075,2.1158058717116925,1.963495408493621,19.143360527015812,37.58790049793357
0.5,24,0.3,5.0,3.0,2.5132741228718345,4.523893421169302,0.11052426603603843,0.8841941282883075,2.1158058717116925,2.945243112740431,19.143360527015812,56.38185074690034
0.5,24,0.4,5.0,3.0,2.5132741228718345,4.523893421169302,0.11052426603603843,0.8841941282883075,2.1158058717116925,3.926990816987242,19.143360527015812,75.17580099586714
0.5,24,0.5,5.0,3.0,2.5132741228718345,4.523893421169302,0.11052426603603843,0.8841941282883075,2.1158058717116925,4.908738521234052,19.143360527015812,93.96975124483392
0.5,24,0.6,5.0,3.0,2.5132741228718345,4.523893421169302,0.11052426603603843,0.8841941282883075,2.1158058717116925,5.890486225480862,19.143360527015812,112.76370149380068
0.5,24,0.7,5.0,3.0,2.5132741228718345,4.523893421169302,0.11052426603603843,0.8841941282883075,2.1158058717116925,6.872233929727671,19.143360527015812,131.55765174276746
0.5,24,0.8,5.0,3.0,2.5132741228718345,4.523893421169302,0.11052426603603843,0.8841941282883075,2.1158058717116925,7.853981633974484,19.143360527015812,150.35160199173427
0.5,24,0.9,5.0,3.0,2.5132741228718345,4.523893421169302,0.11052426603603843,0.8841941282883075,2.1158058717116925,8.835729338221293,19.143360527015812,169.14555224070105
0.5,24,1.0,5.0,3.0,2.5132741228718345,4.523893421169302,0.11052426603603843,0.8841941282883075,2.1158058717116925,9.817477042468104,19.143360527015812,187.93950248966783
0.5,24,1.1,5.0,3.0,2.5132741228718345,4.523893421169302,0.11052426603603843,0.8841941282883075,2.1158058717116925,10.799224746714915,19.143360527015812,206.7334527386346
0.5,24,1.2,5.0,3.0,2.5132741228718345,4.523893421169302,0.11052426603603843,0.8841941282883075,2.1158058717116925,11.780972450961723,19.143360527015812,225.52740298760136
0.5,24,1.3,5.0,3.0,2.5132741228718345,4.523893421169302,0.11052426603603843,0.8841941282883075,2.1158058717116925,12.762720155208536,19.143360527015812,244.3213532365682
0.5,24,1.4,5.0,3.0,2.5132741228718345,4.523893421169302,0.11052426603603843,0.8841941282883075,2.1158058717116925,13.744467859455343,19.143360527015812,263.1153034855349
0.5,24,1.5,5.0,3.0,2.5132741228718345,4.523893421169302,0.11052426603603843,0.8841941282883075,2.1158058717116925,14.726215563702155,19.143360527015812,281.90925373450176
0.5,24,1.6,5.0,3.0,2.5132741228718345,4.523893421169302,0.11052426603603843,0.8841941282883075,2.1158058717116925,15.707963267948967,19.143360527015812,300.70320398346854
0.5,24,1.7,5.0,3.0,2.5132741228718345,4.523893421169302,0.11052426603603843,0.8841941282883075,2.1158058717116925,16.689710972195776,19.143360527015812,319.4971542324353
0.5,24,1.8,5.0,3.0,2.5132741228718345,4.523893421169302,0.11052426603603843,0.8841941282883075,2.1158058717116925,17.671458676442587,19.143360527015812,338.2911044814021
0.5,24,1.9,5.0,3.0,2.5132741228718345,4.523893421169302,0.11052426603603843,0.8841941282883075,2.1158058717116925,18.653206380689394,19.143360527015812,357.0850547303688
0.5,24,2.0,5.0,3.0,2.5132741228718345,4.523893421169302,0.11052426603603843,0.8841941282883075,2.1158058717116925,19.634954084936208,19.143360527015812,375.87900497933566
0.5,25,0.1,5.0,3.0,2.6179938779914944,4.71238898038469,0.1061032953945969,0.8488263631567751,2.151173636843225,0.9817477042468105,20.274333882308138,19.904280744089338
0.5,25,0.2,5.0,3.0,2.6179938779914944,4.71238898038469,0.1061032953945969,0.8488263631567751,2.151173636843225,1.963495408493621,20.274333882308138,39.808561488178675
0.5,25,0.3,5.0,3.0,2.6179938779914944,4.71238898038469,0.1061032953945969,0.8488263631567751,2.151173636843225,2.945243112740431,20.274333882308138,59.712842232268
0.5,25,0.4,5.0,3.0,2.6179938779914944,4.71238898038469,0.1061032953945969,0.8488263631567751,2.151173636843225,3.926990816987242,20.274333882308138,79.61712297635735
0.5,25,0.5,5.0,3.0,2.6179938779914944,4.71238898038469,0.1061032953945969,0.8488263631567751,2.151173636843225,4.908738521234052,20.274333882308138,99.52140372044668
0.5,25,0.6,5.0,3.0,2.6179938779914944,4.71238898038469,0.1061032953945969,0.8488263631567751,2.151173636843225,5.890486225480862,20.274333882308138,119.425684464536
0.5,25,0.7,5.0,3.0,2.6179938779914944,4.71238898038469,0.1061032953945969,0.8488263631567751,2.151173636843225,6.872233929727671,20.274333882308138,139.32996520862534
0.5,25,0.8,5.0,3.0,2.6179938779914944,4.71238898038469,0.1061032953945969,0.8488263631567751,2.151173636843225,7.853981633974484,20.274333882308138,159.2342459527147
0.5,25,0.9,5.0,3.0,2.6179938779914944,4.71238898038469,0.1061032953945969,0.8488263631567751,2.151173636843225,8.835729338221293,20.274333882308138,179.13852669680404
0.5,25,1.0,5.0,3.0,2.6179938779914944,4.71238898038469,0.1061032953945969,0.8488263631567751,2.151173636843225,9.817477042468104,20.274333882308138,199.04280744089337
0.5,25,1.1,5.0,3.0,2.6179938779914944,4.71238898038469,0.1061032953945969,0.8488263631567751,2.151173636843225,10.799224746714915,20.274333882308138,218.9470881849827
0.5,25,1.2,5.0,3.0,2.6179938779914944,4.71238898038469,0.1061032953945969,0.8488263631567751,2.151173636843225,11.780972450961723,20.274333882308138,238.851368929072
0.5,25,1.3,5.0,3.0,2.6179938779914944,4.71238898038469,0.1061032953945969,0.8488263631567751,2.151173636843225,12.762720155208536,20.274333882308138,258.7556496731614
0.5,25,1.4,5.0,3.0,2.6179938779914944,4.71238898038469,0.1061032953945969,0.8488263631567751,2.151173636843225,13.744467859455343,20.274333882308138,278.6599304172507
0.5,25,1.5,5.0,3.0,2.6179938779914944,4.71238898038469,0.1061032953945969,0.8488263631567751,2.151173636843225,14.726215563702155,20.274333882308138,298.56421116134004
0.5,25,1.6,5.0,3.0,2.6179938779914944,4.71238898038469,0.1061032953945969,0.8488263631567751,2.151173636843225,15.707963267948967,20.274333882308138,318.4684919054294
0.5,25,1.7,5.0,3.0,2.6179938779914944,4.71238898038469,0.1061032953945969,0.8488263631567751,2.151173636843225,16.689710972195776,20.274333882308138,338.3727726495187
0.5,25,1.8,5.0,3.0,2.6179938779914944,4.71238898038469,0.1061032953945969,0.8488263631567751,2.151173636843225,17.671458676442587,20.274333882308138,358.27705339360807
0.5,25,1.9,5.0,3.0,2.6179938779914944,4.71238898038469,0.1061032953945969,0.8488263631567751,2.151173636843225,18.653206380689394,20.274333882308138,378.1813341376973
0.5,25,2.0,5.0,3.0,2.6179938779914944,4.71238898038469,0.1061032953945969,0.8488263631567751,2.151173636843225,19.634954084936208,20.274333882308138,398.08561488178674
0.5,26,0.1,5.0,3.0,2.7227136331111543,4.900884539600078,0.10202239941788162,0.9794150344116634,2.020584965588337,0.9817477042468105,19.80530723760047,19.443814912417
0.5,26,0.2,5.0,3.0,2.7227136331111543,4.900884539600078,0.10202239941788162,0.9794150344116634,2.020584965588337,1.963495408493621,19.80530723760047,38.887629824834
0.5,26,0.3,5.0,3.0,2.7227136331111543,4.900884539600078,0.10202239941788162,0.9794150344116634,2.020584965588337,2.945243112740431,19.80530723760047,58.33144473725099
0.5,26,0.4,5.0,3.0,2.7227136331111543,4.900884539600078,0.10202239941788162,0.9794150344116634,2.020584965588337,3.926990816987242,19.80530723760047,77.775259649668
0.5,26,0.5,5.0,3.0,2.7227136331111543,4.900884539600078,0.10202239941788162,0.9794150344116634,2.020584965588337,4.908738521234052,19.80530723760047,97.219074562085
0.5,26,0.6,5.0,3.0,2.7227136331111543,4.900884539600078,0.10202239941788162,0.9794150344116634,2.020584965588337,5.890486225480862,19.80530723760047,116.66288947450198
0.5,26,0.7,5.0,3.0,2.7227136331111543,4.900884539600078,0.10202239941788162,0.9794150344116634,2.020584965588337,6.872233929727671,19.80530723760047,136.10670438691898
0.5,26,0.8,5.0,3.0,2.7227136331111543,4.900884539600078,0.10202239941788162,0.9794150344116634,2.020584965588337,7.853981633974484,19.80530723760047,155.550519299336
0.5,26,0.9,5.0,3.0,2.7227136331111543,4.900884539600078,0.10202239941788162,0.9794150344116634,2.020584965588337,8.835729338221293,19.80530723760047,174.994334211753
0.5,26,1.0,5.0,3.0,2.7227136331111543,4.900884539600078,0.10202239941788162,0.9794150344116634,2.020584965588337,9.817477042468104,19.80530723760047,194.43814912417
0.5,26,1.1,5.0,3.0,2.7227136331111543,4.900884539600078,0.10202239941788162,0.9794150344116634,2.020584965588337,10.799224746714915,19.80530723760047,213.881964036587
0.5,26,1.2,5.0,3.0,2.7227136331111543,4.900884539600078,0.10202239941788162,0.9794150344116634,2.020584965588337,11.780972450961723,19.80530723760047,233.32577894900396
0.5,26,1.3,5.0,3.0,2.7227136331111543,4.900884539600078,0.10202239941788162,0.9794150344116634,2.020584965588337,12.762720155208536,19.80530723760047,252.76959386142101
0.5,26,1.4,5.0,3.0,2.7227136331111543,4.900884539600078,0.10202239941788162,0.9794150344116634,2.020584965588337,13.744467859455343,19.80530723760047,272.21340877383795
0.5,26,1.5,5.0,3.0,2.7227136331111543,4.900884539600078,0.10202239941788162,0.9794150344116634,2.020584965588337,14.726215563702155,19.80530723760047,291.65722368625495
0.5,26,1.6,5.0,3.0,2.7227136331111543,4.900884539600078,0.10202239941788162,0.9794150344116634,2.020584965588337,15.707963267948967,19.80530723760047,311.101038598672
0.5,26,1.7,5.0,3.0,2.7227136331111543,4.900884539600078,0.10202239941788162,0.9794150344116634,2.020584965588337,16.689710972195776,19.80530723760047,330.544853511089
0.5,26,1.8,5.0,3.0,2.7227136331111543,4.900884539600078,0.10202239941788162,0.9794150344116634,2.020584965588337,17.671458676442587,19.80530723760047,349.988668423506
0.5,26,1.9,5.0,3.0,2.7227136331111543,4.900884539600078,0.10202239941788162,0.9794150344116634,2.020584965588337,18.653206380689394,19.80530723760047,369.43248333592294
0.5,26,2.0,5.0,3.0,2.7227136331111543,4.900884539600078,0.10202239941788162,0.9794150344116634,2.020584965588337,19.634954084936208,19.80530723760047,388.87629824834
0.5,27,0.1,5.0,3.0,2.827433388230814,5.089380098815465,0.09824379203203415,0.9431404035075279,2.056859596492472,0.9817477042468105,20.936280592892793,20.55414540753955
0.5,27,0.2,5.0,3.0,2.827433388230814,5.089380098815465,0.09824379203203415,0.9431404035075279,2.056859596492472,1.963495408493621,20.936280592892793,41.1082908150791
0.5,27,0.3,5.0,3.0,2.827433388230814,5.089380098815465,0.09824379203203415,0.9431404035075279,2.056859596492472,2.945243112740431,20.936280592892793,61.66243622261864
0.5,27,0.4,5.0,3.0,2.827433388230814,5.089380098815465,0.09824379203203415,0.9431404035075279,2.056859596492472,3.926990816987242,20.936280592892793,82.2165816301582
0.5,27,0.5,5.0,3.0,2.827433388230814,5.089380098815465,0.09824379203203415,0.9431404035075279,2.056859596492472,4.908738521234052,20.936280592892793,102.77072703769775
0.5,27,0.6,5.0,3.0,2.827433388230814,5.089380098815465,0.09824379203203415,0.9431404035075279,2.056859596492472,5.890486225480862,20.936280592892793,123.32487244523728
0.5,27,0.7,5.0,3.0,2.827433388230814,5.089380098815465,0.09824379203203415,0.9431404035075279,2.056859596492472,6.872233929727671,20.936280592892793,143.87901785277683
0.5,27,0.8,5.0,3.0,2.827433388230814,5.089380098815465,0.09824379203203415,0.9431404035075279,2.056859596492472,7.853981633974484,20.936280592892793,164.4331632603164
0.5,27,0.9,5.0,3.0,2.827433388230814,5.089380098815465,0.09824379203203415,0.9431404035075279,2.056859596492472,8.835729338221293,20.936280592892793,184.98730866785596
0.5,27,1.0,5.0,3.0,2.827433388230814,5.089380098815465,0.09824379203203415,0.9431404035075279,2.056859596492472,9.817477042468104,20.936280592892793,205.5414540753955
0.5,27,1.1,5.0,3.0,2.827433388230814,5.089380098815465,0.09824379203203415,0.9431404035075279,2.056859596492472,10.799224746714915,20.936280592892793,226.09559948293506
0.5,27,1.2,5.0,3.0,2.827433388230814,5.089380098815465,0.09824379203203415,0.9431404035075279,2.056859596492472,11.780972450961723,20.936280592892793,246.64974489047455
0.5,27,1.3,5.0,3.0,2.827433388230814,5.089380098815465,0.09824379203203415,0.9431404035075279,2.056859596492472,12.762720155208536,20.936280592892793,267.20389029801413
0.5,27,1.4,5.0,3.0,2.827433388230814,5.089380098815465,0.09824379203203415,0.9431404035075279,2.056859596492472,13.744467859455343,20.936280592892793,287.75803570555365
0.5,27,1.5,5.0,3.0,2.827433388230814,5.089380098815465,0.09824379203203415,0.9431404035075279,2.056859596492472,14.726215563702155,20.936280592892793,308.31218111309323
0.5,27,1.6,5.0,3.0,2.827433388230814,5.089380098815465,0.09824379203203415,0.9431404035075279,2.056859596492472,15.707963267948967,20.936280592892793,328.8663265206328
0.5,27,1.7,5.0,3.0,2.827433388230814,5.089380098815465,0.09824379203203415,0.9431404035075279,2.056859596492472,16.689710972195776,20.936280592892793,349.42047192817233
0.5,27,1.8,5.0,3.0,2.827433388230814,5.089380098815465,0.09824379203203415,0.9431404035075279,2.056859596492472,17.671458676442587,20.936280592892793,369.9746173357119
0.5,27,1.9,5.0,3.0,2.827433388230814,5.089380098815465,0.09824379203203415,0.9431404035075279,2.056859596492472,18.653206380689394,20.936280592892793,390.5287627432514
0.5,27,2.0,5.0,3.0,2.827433388230814,5.089380098815465,0.09824379203203415,0.9431404035075279,2.056859596492472,19.634954084936208,20.936280592892793,411.082908150791
0.5,28,0.1,5.0,3.0,2.9321531433504737,5.277875658030853,0.09473508517374722,0.9094568176679733,2.0905431823320266,0.9817477042468105,22.067253948185115,21.6644759026621
0.5,28,0.2,5.0,3.0,2.9321531433504737,5.277875658030853,0.09473508517374722,0.9094568176679733,2.0905431823320266,1.963495408493621,22.067253948185115,43.3289518053242
0.5,28,0.3,5.0,3.0,2.9321531433504737,5.277875658030853,0.09473508517374722,0.9094568176679733,2.0905431823320266,2.945243112740431,22.067253948185115,64.99342770798629
0.5,28,0.4,5.0,3.0,2.9321531433504737,5.277875658030853,0.09473508517374722,0.9094568176679733,2.0905431823320266,3.926990816987242,22.067253948185115,86.6579036106484
0.5,28,0.5,5.0,3.0,2.9321531433504737,5.277875658030853,0.09473508517374722,0.9094568176679733,2.0905431823320266,4.908738521234052,22.067253948185115,108.3223795133105
0.5,28,0.6,5.0,3.0,2.9321531433504737,5.277875658030853,0.09473508517374722,0.9094568176679733,2.0905431823320266,5.890486225480862,22.067253948185115,129.98685541597257
0.5,28,0.7,5.0,3.0,2.9321531433504737,5.277875658030853,0.09473508517374722,0.9094568176679733,2.0905431823320266,6.872233929727671,22.067253948185115,151.65133131863467
0.5,28,0.8,5.0,3.0,2.9321531433504737,5.277875658030853,0.09473508517374722,0.9094568176679733,2.0905431823320266,7.853981633974484,22.067253948185115,173.3158072212968
0.5,28,0.9,5.0,3.0,2.9321531433504737,5.277875658030853,0.09473508517374722,0.9094568176679733,2.0905431823320266,8.835729338221293,22.067253948185115,194.98028312395888
0.5,28,1.0,5.0,3.0,2.9321531433504737,5.277875658030853,0.09473508517374722,0.9094568176679733,2.0905431823320266,9.817477042468104,22.067253948185115,216.644759026621
0.5,28,1.1,5.0,3.0,2.9321531433504737,5.277875658030853,0.09473508517374722,0.9094568176679733,2.0905431823320266,10.799224746714915,22.067253948185115,238.3092349292831
0.5,28,1.2,5.0,3.0,2.9321531433504737,5.277875658030853,0.09473508517374722,0.9094568176679733,2.0905431823320266,11.780972450961723,22.067253948185115,259.97371083194514
0.5,28,1.3,5.0,3.0,2.9321531433504737,5.277875658030853,0.09473508517374722,0.9094568176679733,2.0905431823320266,12.762720155208536,22.067253948185115,281.6381867346073
0.5,28,1.4,5.0,3.0,2.9321531433504737,5.277875658030853,0.09473508517374722,0.9094568176679733,2.0905431823320266,13.744467859455343,22.067253948185115,303.30266263726935
0.5,28,1.5,5.0,3.0,2.9321531433504737,5.277875658030853,0.09473508517374722,0.9094568176679733,2.0905431823320266,14.726215563702155,22.067253948185115,324.96713853993145
0.5,28,1.6,5.0,3.0,2.9321531433504737,5.277875658030853,0.09473508517374722,0.9094568176679733,2.0905431823320266,15.707963267948967,22.067253948185115,346.6316144425936
0.5,28,1.7,5.0,3.0,2.9321531433504737,5.277875658030853,0.09473508517374722,0.9094568176679733,2.0905431823320266,16.689710972195776,22.067253948185115,368.29609034525566
0.5,28,1.8,5.0,3.0,2.9321531433504737,5.277875658030853,0.09473508517374722,0.9094568176679733,2.0905431823320266,17.671458676442587,22.067253948185115,389.96056624791777
0.5,28,1.9,5.0,3.0,2.9321531433504737,5.277875658030853,0.09473508517374722,0.9094568176679733,2.0905431823320266,18.653206380689394,22.067253948185115,411.6250421505798
0.5,28,2.0,5.0,3.0,2.9321531433504737,5.277875658030853,0.09473508517374722,0.9094568176679733,2.0905431823320266,19.634954084936208,22.067253948185115,433.289518053242
0.5,29,0.1,5.0,3.0,3.0368728984701336,5.466371217246241,0.0914683580987904,0.878096237748388,2.121903762251612,0.9817477042468105,23.19822730347745,22.774806397784662
0.5,29,0.2,5.0,3.0,3.0368728984701336,5.466371217246241,0.0914683580987904,0.878096237748388,2.121903762251612,1.963495408493621,23.19822730347745,45.549612795569324
0.5,29,0.3,5.0,3.0,3.0368728984701336,5.466371217246241,0.0914683580987904,0.878096237748388,2.121903762251612,2.945243112740431,23.19822730347745,68.32441919335398
0.5,29,0.4,5.0,3.0,3.0368728984701336,5.466371217246241,0.0914683580987904,0.878096237748388,2.121903762251612,3.926990816987242,23.19822730347745,91.09922559113865
0.5,29,0.5,5.0,3.0,3.0368728984701336,5.466371217246241,0.0914683580987904,0.878096237748388,2.121903762251612,4.908738521234052,23.19822730347745,113.8740319889233
0.5,29,0.6,5.0,3.0,3.0368728984701336,5.466371217246241,0.0914683580987904,0.878096237748388,2.121903762251612,5.890486225480862,23.19822730347745,136.64883838670795
0.5,29,0.7,5.0,3.0,3.0368728984701336,5.466371217246241,0.0914683580987904,0.878096237748388,2.121903762251612,6.872233929727671,23.19822730347745,159.42364478449258
0.5,29,0.8,5.0,3.0,3.0368728984701336,5.466371217246241,0.0914683580987904,0.878096237748388,2.121903762251612,7.853981633974484,23.19822730347745,182.1984511822773
0.5,29,0.9,5.0,3.0,3.0368728984701336,5.466371217246241,0.0914683580987904,0.878096237748388,2.121903762251612,8.835729338221293,23.19822730347745,204.97325758006193
0.5,29,1.0,5.0,3.0,3.0368728984701336,5.466371217246241,0.0914683580987904,0.878096237748388,2.121903762251612,9.817477042468104,23.19822730347745,227.7480639778466
0.5,29,1.1,5.0,3.0,3.0368728984701336,5.466371217246241,0.0914683580987904,0.878096237748388,2.121903762251612,10.799224746714915,23.19822730347745,250.52287037563127
0.5,29,1.2,5.0,3.0,3.0368728984701336,5.466371217246241,0.0914683580987904,0.878096237748388,2.121903762251612,11.780972450961723,23.19822730347745,273.2976767734159
0.5,29,1.3,5.0,3.0,3.0368728984701336,5.466371217246241,0.0914683580987904,0.878096237748388,2.121903762251612,12.762720155208536,23.19822730347745,296.0724831712006
0.5,29,1.4,5.0,3.0,3.0368728984701336,5.466371217246241,0.0914683580987904,0.878096237748388,2.121903762251612,13.744467859455343,23.19822730347745,318.84728956898516
0.5,29,1.5,5.0,3.0,3.0368728984701336,5.466371217246241,0.0914683580987904,0.878096237748388,2.121903762251612,14.726215563702155,23.19822730347745,341.6220959667699
0.5,29,1.6,5.0,3.0,3.0368728984701336,5.466371217246241,0.0914683580987904,0.878096237748388,2.121903762251612,15.707963267948967,23.19822730347745,364.3969023645546
0.5,29,1.7,5.0,3.0,3.0368728984701336,5.466371217246241,0.0914683580987904,0.878096237748388,2.121903762251612,16.689710972195776,23.19822730347745,387.1717087623392
0.5,29,1.8,5.0,3.0,3.0368728984701336,5.466371217246241,0.0914683580987904,0.878096237748388,2.121903762251612,17.671458676442587,23.19822730347745,409.94651516012385
0.5,29,1.9,5.0,3.0,3.0368728984701336,5.466371217246241,0.0914683580987904,0.878096237748388,2.121903762251612,18.653206380689394,23.19822730347745,432.7213215579085
0.5,29,2.0,5.0,3.0,3.0368728984701336,5.466371217246241,0.0914683580987904,0.878096237748388,2.121903762251612,19.634954084936208,23.19822730347745,455.4961279556932
0.5,30,0.1,5.0,3.0,3.1415926535897927,5.654866776461627,0.08841941282883076,0.8488263631567752,2.151173636843225,0.9817477042468105,24.32920065876976,23.8851368929072
0.5,30,0.2,5.0,3.0,3.1415926535897927,5.654866776461627,0.08841941282883076,0.8488263631567752,2.151173636843225,1.963495408493621,24.32920065876976,47.7702737858144
0.5,30,0.3,5.0,3.0,3.1415926535897927,5.654866776461627,0.08841941282883076,0.8488263631567752,2.151173636843225,2.945243112740431,24.32920065876976,71.6554106787216
0.5,30,0.4,5.0,3.0,3.1415926535897927,5.654866776461627,0.08841941282883076,0.8488263631567752,2.151173636843225,3.926990816987242,24.32920065876976,95.5405475716288
0.5,30,0.5,5.0,3.0,3.1415926535897927,5.654866776461627,0.08841941282883076,0.8488263631567752,2.151173636843225,4.908738521234052,24.32920065876976,119.425684464536
0.5,30,0.6,5.0,3.0,3.1415926535897927,5.654866776461627,0.08841941282883076,0.8488263631567752,2.151173636843225,5.890486225480862,24.32920065876976,143.3108213574432
0.5,30,0.7,5.0,3.0,3.1415926535897927,5.654866776461627,0.08841941282883076,0.8488263631567752,2.151173636843225,6.872233929727671,24.32920065876976,167.19595825035037
0.5,30,0.8,5.0,3.0,3.1415926535897927,5.654866776461627,0.08841941282883076,0.8488263631567752,2.151173636843225,7.853981633974484,24.32920065876976,191.0810951432576
0.5,30,0.9,5.0,3.0,3.1415926535897927,5.654866776461627,0.08841941282883076,0.8488263631567752,2.151173636843225,8.835729338221293,24.32920065876976,214.9662320361648
0.5,30,1.0,5.0,3.0,3.1415926535897927,5.654866776461627,0.08841941282883076,0.8488263631567752,2.151173636843225,9.817477042468104,24.32920065876976,238.851368929072
0.5,30,1.1,5.0,3.0,3.1415926535897927,5.654866776461627,0.08841941282883076,0.8488263631567752,2.151173636843225,10.799224746714915,24.32920065876976,262.7365058219792
0.5,30,1.2,5.0,3.0,3.1415926535897927,5.654866776461627,0.08841941282883076,0.8488263631567752,2.151173636843225,11.780972450961723,24.32920065876976,286.6216427148864
0.5,30,1.3,5.0,3.0,3.1415926535897927,5.654866776461627,0.08841941282883076,0.8488263631567752,2.151173636843225,12.762720155208536,24.32920065876976,310.5067796077936
0.5,30,1.4,5.0,3.0,3.1415926535897927,5.654866776461627,0.08841941282883076,0.8488263631567752,2.151173636843225,13.744467859455343,24.32920065876976,334.39191650070075
0.5,30,1.5,5.0,3.0,3.1415926535897927,5.654866776461627,0.08841941282883076,0.8488263631567752,2.151173636843225,14.726215563702155,24.32920065876976,358.27705339360796
0.5,30,1.6,5.0,3.0,3.1415926535897927,5.654866776461627,0.08841941282883076,0.8488263631567752,2.151173636843225,15.707963267948967,24.32920065876976,382.1621902865152
0.5,30,1.7,5.0,3.0,3.1415926535897927,5.654866776461627,0.08841941282883076,0.8488263631567752,2.151173636843225,16.689710972195776,24.32920065876976,406.0473271794224
0.5,30,1.8,5.0,3.0,3.1415926535897927,5.654866776461627,0.08841941282883076,0.8488263631567752,2.151173636843225,17.671458676442587,24.32920065876976,429.9324640723296
0.5,30,1.9,5.0,3.0,3.1415926535897927,5.654866776461627,0.08841941282883076,0.8488263631567752,2.151173636843225,18.653206380689394,24.32920065876976,453.8176009652367
0.5,30,2.0,5.0,3.0,3.1415926535897927,5.654866776461627,0.08841941282883076,0.8488263631567752,2.151173636843225,19.634954084936208,24.32920065876976,477.702737858144
0.5,31,0.1,5.0,3.0,3.2463124087094526,5.843362335677015,0.08556717370532008,0.9583523454995849,2.041647654500415,0.9817477042468105,23.86017401406209,23.42467106123486
0.5,31,0.2,5.0,3.0,3.2463124087094526,5.843362335677015,0.08556717370532008,0.9583523454995849,2.041647654500415,1.963495408493621,23.86017401406209,46.84934212246972
0.5,31,0.3,5.0,3.0,3.2463124087094526,5.843362335677015,0.08556717370532008,0.9583523454995849,2.041647654500415,2.945243112740431,23.86017401406209,70.27401318370457
0.5,31,0.4,5.0,3.0,3.2463124087094526,5.843362335677015,0.08556717370532008,0.9583523454995849,2.041647654500415,3.926990816987242,23.86017401406209,93.69868424493944
0.5,31,0.5,5.0,3.0,3.2463124087094526,5.843362335677015,0.08556717370532008,0.9583523454995849,2.041647654500415,4.908738521234052,23.86017401406209,117.12335530617429
0.5,31,0.6,5.0,3.0,3.2463124087094526,5.843362335677015,0.08556717370532008,0.9583523454995849,2.041647654500415,5.890486225480862,23.86017401406209,140.54802636740914
0.5,31,0.7,5.0,3.0,3.2463124087094526,5.843362335677015,0.08556717370532008,0.9583523454995849,2.041647654500415,6.872233929727671,23.86017401406209,163.97269742864398
0.5,31,0.8,5.0,3.0,3.2463124087094526,5.843362335677015,0.08556717370532008,0.9583523454995849,2.041647654500415,7.853981633974484,23.86017401406209,187.3973684898789
0.5,31,0.9,5.0,3.0,3.2463124087094526,5.843362335677015,0.08556717370532008,0.9583523454995849,2.041647654500415,8.835729338221293,23.86017401406209,210.82203955111373
0.5,31,1.0,5.0,3.0,3.2463124087094526,5.843362335677015,0.08556717370532008,0.9583523454995849,2.041647654500415,9.817477042468104,23.86017401406209,234.24671061234858
0.5,31,1.1,5.0,3.0,3.2463124087094526,5.843362335677015,0.08556717370532008,0.9583523454995849,2.041647654500415,10.799224746714915,23.86017401406209,257.6713816735834
0.5,31,1.2,5.0,3.0,3.2463124087094526,5.843362335677015,0.08556717370532008,0.9583523454995849,2.041647654500415,11.780972450961723,23.86017401406209,281.0960527348183
0.5,31,1.3,5.0,3.0,3.2463124087094526,5.843362335677015,0.08556717370532008,0.9583523454995849,2.041647654500415,12.762720155208536,23.86017401406209,304.5207237960532
0.5,31,1.4,5.0,3.0,3.2463124087094526,5.843362335677015,0.08556717370532008,0.9583523454995849,2.041647654500415,13.744467859455343,23.86017401406209,327.94539485728797
0.5,31,1.5,5.0,3.0,3.2463124087094526,5.843362335677015,0.08556717370532008,0.9583523454995849,2.041647654500415,14.726215563702155,23.86017401406209,351.37006591852287
0.5,31,1.6,5.0,3.0,3.2463124087094526,5.843362335677015,0.08556717370532008,0.9583523454995849,2.041647654500415,15.707963267948967,23.86017401406209,374.7947369797578
0.5,31,1.7,5.0,3.0,3.2463124087094526,5.843362335677015,0.08556717370532008,0.9583523454995849,2.041647654500415,16.689710972195776,23.86017401406209,398.21940804099256
0.5,31,1.8,5.0,3.0,3.2463124087094526,5.843362335677015,0.08556717370532008,0.9583523454995849,2.041647654500415,17.671458676442587,23.86017401406209,421.64407910222747
0.5,31,1.9,5.0,3.0,3.2463124087094526,5.843362335677015,0.08556717370532008,0.9583523454995849,2.041647654500415,18.653206380689394,23.86017401406209,445.0687501634622
0.5,31,2.0,5.0,3.0,3.2463124087094526,5.843362335677015,0.08556717370532008,0.9583523454995849,2.041647654500415,19.634954084936208,23.86017401406209,468.49342122469716
0.5,32,0.1,5.0,3.0,3.3510321638291125,6.031857894892402,0.08289319952702882,0.9284038347027228,2.071596165297277,0.9817477042468105,24.991147369354415,24.535001556357415
0.5,32,0.2,5.0,3.0,3.3510321638291125,6.031857894892402,0.08289319952702882,0.9284038347027228,2.071596165297277,1.963495408493621,24.991147369354415,49.07000311271483
0.5,32,0.3,5.0,3.0,3.3510321638291125,6.031857894892402,0.08289319952702882,0.9284038347027228,2.071596165297277,2.945243112740431,24.991147369354415,73.60500466907223
0.5,32,0.4,5.0,3.0,3.3510321638291125,6.031857894892402,0.08289319952702882,0.9284038347027228,2.071596165297277,3.926990816987242,24.991147369354415,98.14000622542966
0.5,32,0.5,5.0,3.0,3.3510321638291125,6.031857894892402,0.08289319952702882,0.9284038347027228,2.071596165297277,4.908738521234052,24.991147369354415,122.67500778178706
0.5,32,0.6,5.0,3.0,3.3510321638291125,6.031857894892402,0.08289319952702882,0.9284038347027228,2.071596165297277,5.890486225480862,24.991147369354415,147.21000933814446
0.5,32,0.7,5.0,3.0,3.3510321638291125,6.031857894892402,0.08289319952702882,0.9284038347027228,2.071596165297277,6.872233929727671,24.991147369354415,171.74501089450186
0.5,32,0.8,5.0,3.0,3.3510321638291125,6.031857894892402,0.08289319952702882,0.9284038347027228,2.071596165297277,7.853981633974484,24.991147369354415,196.28001245085932
0.5,32,0.9,5.0,3.0,3.3510321638291125,6.031857894892402,0.08289319952702882,0.9284038347027228,2.071596165297277,8.835729338221293,24.991147369354415,220.81501400721672
0.5,32,1.0,5.0,3.0,3.3510321638291125,6.031857894892402,0.08289319952702882,0.9284038347027228,2.071596165297277,9.817477042468104,24.991147369354415,245.35001556357412
0.5,32,1.1,5.0,3.0,3.3510321638291125,6.031857894892402,0.08289319952702882,0.9284038347027228,2.071596165297277,10.799224746714915,24.991147369354415,269.88501711993155
0.5,32,1.2,5.0,3.0,3.3510321638291125,6.031857894892402,0.08289319952702882,0.9284038347027228,2.071596165297277,11.780972450961723,24.991147369354415,294.4200186762889
0.5,32,1.3,5.0,3.0,3.3510321638291125,6.031857894892402,0.08289319952702882,0.9284038347027228,2.071596165297277,12.762720155208536,24.991147369354415,318.95502023264635
0.5,32,1.4,5.0,3.0,3.3510321638291125,6.031857894892402,0.08289319952702882,0.9284038347027228,2.071596165297277,13.744467859455343,24.991147369354415,343.4900217890037
0.5,32,1.5,5.0,3.0,3.3510321638291125,6.031857894892402,0.08289319952702882,0.9284038347027228,2.071596165297277,14.726215563702155,24.991147369354415,368.02502334536115
0.5,32,1.6,5.0,3.0,3.3510321638291125,6.031857894892402,0.08289319952702882,0.9284038347027228,2.071596165297277,15.707963267948967,24.991147369354415,392.56002490171863
0.5,32,1.7,5.0,3.0,3.3510321638291125,6.031857894892402,0.08289319952702882,0.9284038347027228,2.071596165297277,16.689710972195776,24.991147369354415,417.095026458076
0.5,32,1.8,5.0,3.0,3.3510321638291125,6.031857894892402,0.08289319952702882,0.9284038347027228,2.071596165297277,17.671458676442587,24.991147369354415,441.63002801443344
0.5,32,1.9,5.0,3.0,3.3510321638291125,6.031857894892402,0.08289319952702882,0.9284038347027228,2.071596165297277,18.653206380689394,24.991147369354415,466.16502957079075
0.5,32,2.0,5.0,3.0,3.3510321638291125,6.031857894892402,0.08289319952702882,0.9284038347027228,2.071596165297277,19.634954084936208,24.991147369354415,490.70003112714824
0.5,33,0.1,5.0,3.0,3.4557519189487724,6.220353454107791,0.08038128438984612,0.9002703851662767,2.0997296148337234,0.9817477042468105,26.122120724646745,25.645332051479972
0.5,33,0.2,5.0,3.0,3.4557519189487724,6.220353454107791,0.08038128438984612,0.9002703851662767,2.0997296148337234,1.963495408493621,26.122120724646745,51.290664102959944
0.5,33,0.3,5.0,3.0,3.4557519189487724,6.220353454107791,0.08038128438984612,0.9002703851662767,2.0997296148337234,2.945243112740431,26.122120724646745,76.93599615443989
0.5,33,0.4,5.0,3.0,3.4557519189487724,6.220353454107791,0.08038128438984612,0.9002703851662767,2.0997296148337234,3.926990816987242,26.122120724646745,102.58132820591989
0.5,33,0.5,5.0,3.0,3.4557519189487724,6.220353454107791,0.08038128438984612,0.9002703851662767,2.0997296148337234,4.908738521234052,26.122120724646745,128.22666025739986
0.5,33,0.6,5.0,3.0,3.4557519189487724,6.220353454107791,0.08038128438984612,0.9002703851662767,2.0997296148337234,5.890486225480862,26.122120724646745,153.87199230887978
0.5,33,0.7,5.0,3.0,3.4557519189487724,6.220353454107791,0.08038128438984612,0.9002703851662767,2.0997296148337234,6.872233929727671,26.122120724646745,179.51732436035974
0.5,33,0.8,5.0,3.0,3.4557519189487724,6.220353454107791,0.08038128438984612,0.9002703851662767,2.0997296148337234,7.853981633974484,26.122120724646745,205.16265641183978
0.5,33,0.9,5.0,3.0,3.4557519189487724,6.220353454107791,0.08038128438984612,0.9002703851662767,2.0997296148337234,8.835729338221293,26.122120724646745,230.80798846331973
0.5,33,1.0,5.0,3.0,3.4557519189487724,6.220353454107791,0.08038128438984612,0.9002703851662767,2.0997296148337234,9.817477042468104,26.122120724646745,256.4533205147997
0.5,33,1.1,5.0,3.0,3.4557519189487724,6.220353454107791,0.08038128438984612,0.9002703851662767,2.0997296148337234,10.799224746714915,26.122120724646745,282.09865256627967
0.5,33,1.2,5.0,3.0,3.4557519189487724,6.220353454107791,0.08038128438984612,0.9002703851662767,2.0997296148337234,11.780972450961723,26.122120724646745,307.74398461775957
0.5,33,1.3,5.0,3.0,3.4557519189487724,6.220353454107791,0.08038128438984612,0.9002703851662767,2.0997296148337234,12.762720155208536,26.122120724646745,333.38931666923963
0.5,33,1.4,5.0,3.0,3.4557519189487724,6.220353454107791,0.08038128438984612,0.9002703851662767,2.0997296148337234,13.744467859455343,26.122120724646745,359.0346487207195
0.5,33,1.5,5.0,3.0,3.4557519189487724,6.220353454107791,0.08038128438984612,0.9002703851662767,2.0997296148337234,14.726215563702155,26.122120724646745,384.6799807721995
0.5,33,1.6,5.0,3.0,3.4557519189487724,6.220353454107791,0.08038128438984612,0.9002703851662767,2.0997296148337234,15.707963267948967,26.122120724646745,410.32531282367955
0.5,33,1.7,5.0,3.0,3.4557519189487724,6.220353454107791,0.08038128438984612,0.9002703851662767,2.0997296148337234,16.689710972195776,26.122120724646745,435.97064487515945
0.5,33,1.8,5.0,3.0,3.4557519189487724,6.220353454107791,0.08038128438984612,0.9002703851662767,2.0997296148337234,17.671458676442587,26.122120724646745,461.61597692663946
0.5,33,1.9,5.0,3.0,3.4557519189487724,6.220353454107791,0.08038128438984612,0.9002703851662767,2.0997296148337234,18.653206380689394,26.122120724646745,487.2613089781193
0.5,33,2.0,5.0,3.0,3.4557519189487724,6.220353454107791,0.08038128438984612,0.9002703851662767,2.0997296148337234,19.634954084936208,26.122120724646745,512.9066410295994
0.5,34,0.1,5.0,3.0,3.5604716740684323,6.408849013323178,0.07801712896661536,0.8737918444260919,2.126208155573908,0.9817477042468105,27.25309407993907,26.755662546602526
0.5,34,0.2,5.0,3.0,3.5604716740684323,6.408849013323178,0.07801712896661536,0.8737918444260919,2.126208155573908,1.963495408493621,27.25309407993907,53.51132509320505
0.5,34,0.3,5.0,3.0,3.5604716740684323,6.408849013323178,0.07801712896661536,0.8737918444260919,2.126208155573908,2.945243112740431,27.25309407993907,80.26698763980755
0.5,34,0.4,5.0,3.0,3.5604716740684323,6.408849013323178,0.07801712896661536,0.8737918444260919,2.126208155573908,3.926990816987242,27.25309407993907,107.0226501864101
0.5,34,0.5,5.0,3.0,3.5604716740684323,6.408849013323178,0.07801712896661536,0.8737918444260919,2.126208155573908,4.908738521234052,27.25309407993907,133.77831273301263
0.5,34,0.6,5.0,3.0,3.5604716740684323,6.408849013323178,0.07801712896661536,0.8737918444260919,2.126208155573908,5.890486225480862,27.25309407993907,160.5339752796151
0.5,34,0.7,5.0,3.0,3.5604716740684323,6.408849013323178,0.07801712896661536,0.8737918444260919,2.126208155573908,6.872233929727671,27.25309407993907,187.28963782621761
0.5,34,0.8,5.0,3.0,3.5604716740684323,6.408849013323178,0.07801712896661536,0.8737918444260919,2.126208155573908,7.853981633974484,27.25309407993907,214.0453003728202
0.5,34,0.9,5.0,3.0,3.5604716740684323,6.408849013323178,0.07801712896661536,0.8737918444260919,2.126208155573908,8.835729338221293,27.25309407993907,240.8009629194227
0.5,34,1.0,5.0,3.0,3.5604716740684323,6.408849013323178,0.07801712896661536,0.8737918444260919,2.126208155573908,9.817477042468104,27.25309407993907,267.55662546602525
0.5,34,1.1,5.0,3.0,3.5604716740684323,6.408849013323178,0.07801712896661536,0.8737918444260919,2.126208155573908,10.799224746714915,27.25309407993907,294.31228801262773
0.5,34,1.2,5.0,3.0,3.5604716740684323,6.408849013323178,0.07801712896661536,0.8737918444260919,2.126208155573908,11.780972450961723,27.25309407993907,321.0679505592302
0.5,34,1.3,5.0,3.0,3.5604716740684323,6.408849013323178,0.07801712896661536,0.8737918444260919,2.126208155573908,12.762720155208536,27.25309407993907,347.8236131058328
0.5,34,1.4,5.0,3.0,3.5604716740684323,6.408849013323178,0.07801712896661536,0.8737918444260919,2.126208155573908,13.744467859455343,27.25309407993907,374.57927565243523
0.5,34,1.5,5.0,3.0,3.5604716740684323,6.408849013323178,0.07801712896661536,0.8737918444260919,2.126208155573908,14.726215563702155,27.25309407993907,401.3349381990378
0.5,34,1.6,5.0,3.0,3.5604716740684323,6.408849013323178,0.07801712896661536,0.8737918444260919,2.126208155573908,15.707963267948967,27.25309407993907,428.0906007456404
0.5,34,1.7,5.0,3.0,3.5604716740684323,6.408849013323178,0.07801712896661536,0.8737918444260919,2.126208155573908,16.689710972195776,27.25309407993907,454.8462632922429
0.5,34,1.8,5.0,3.0,3.5604716740684323,6.408849013323178,0.07801712896661536,0.8737918444260919,2.126208155573908,17.671458676442587,27.25309407993907,481.6019258388454
0.5,34,1.9,5.0,3.0,3.5604716740684323,6.408849013323178,0.07801712896661536,0.8737918444260919,2.126208155573908,18.653206380689394,27.25309407993907,508.35758838544785
0.5,34,2.0,5.0,3.0,3.5604716740684323,6.408849013323178,0.07801712896661536,0.8737918444260919,2.126208155573908,19.634954084936208,27.25309407993907,535.1132509320505
0.5,35,0.1,5.0,3.0,3.665191429188092,6.5973445725385655,0.07578806813899779,0.8488263631567752,2.151173636843225,0.9817477042468105,28.38406743523139,27.865993041725073
0.5,35,0.2,5.0,3.0,3.665191429188092,6.5973445725385655,0.07578806813899779,0.8488263631567752,2.151173636843225,1.963495408493621,28.38406743523139,55.731986083450145
0.5,35,0.3,5.0,3.0,3.665191429188092,6.5973445725385655,0.07578806813899779,0.8488263631567752,2.151173636843225,2.945243112740431,28.38406743523139,83.5979791251752
0.5,35,0.4,5.0,3.0,3.665191429188092,6.5973445725385655,0.07578806813899779,0.8488263631567752,2.151173636843225,3.926990816987242,28.38406743523139,111.46397216690029
0.5,35,0.5,5.0,3.0,3.665191429188092,6.5973445725385655,0.07578806813899779,0.8488263631567752,2.151173636843225,4.908738521234052,28.38406743523139,139.32996520862534
0.5,35,0.6,5.0,3.0,3.665191429188092,6.5973445725385655,0.07578806813899779,0.8488263631567752,2.151173636843225,5.890486225480862,28.38406743523139,167.1959582503504
0.5,35,0.7,5.0,3.0,3.665191429188092,6.5973445725385655,0.07578806813899779,0.8488263631567752,2.151173636843225,6.872233929727671,28.38406743523139,195.06195129207543
0.5,35,0.8,5.0,3.0,3.665191429188092,6.5973445725385655,0.07578806813899779,0.8488263631567752,2.151173636843225,7.853981633974484,28.38406743523139,222.92794433380058
0.5,35,0.9,5.0,3.0,3.665191429188092,6.5973445725385655,0.07578806813899779,0.8488263631567752,2.151173636843225,8.835729338221293,28.38406743523139,250.79393737552562
0.5,35,1.0,5.0,3.0,3.665191429188092,6.5973445725385655,0.07578806813899779,0.8488263631567752,2.151173636843225,9.817477042468104,28.38406743523139,278.6599304172507
0.5,35,1.1,5.0,3.0,3.665191429188092,6.5973445725385655,0.07578806813899779,0.8488263631567752,2.151173636843225,10.799224746714915,28.38406743523139,306.52592345897574
0.5,35,1.2,5.0,3.0,3.665191429188092,6.5973445725385655,0.07578806813899779,0.8488263631567752,2.151173636843225,11.780972450961723,28.38406743523139,334.3919165007008
0.5,35,1.3,5.0,3.0,3.665191429188092,6.5973445725385655,0.07578806813899779,0.8488263631567752,2.151173636843225,12.762720155208536,28.38406743523139,362.2579095424259
0.5,35,1.4,5.0,3.0,3.665191429188092,6.5973445725385655,0.07578806813899779,0.8488263631567752,2.151173636843225,13.744467859455343,28.38406743523139,390.12390258415087
0.5,35,1.5,5.0,3.0,3.665191429188092,6.5973445725385655,0.07578806813899779,0.8488263631567752,2.151173636843225,14.726215563702155,28.38406743523139,417.989895625876
0.5,35,1.6,5.0,3.0,3.665191429188092,6.5973445725385655,0.07578806813899779,0.8488263631567752,2.151173636843225,15.707963267948967,28.38406743523139,445.85588866760116
0.5,35,1.7,5.0,3.0,3.665191429188092,6.5973445725385655,0.07578806813899779,0.8488263631567752,2.151173636843225,16.689710972195776,28.38406743523139,473.72188170932617
0.5,35,1.8,5.0,3.0,3.665191429188092,6.5973445725385655,0.07578806813899779,0.8488263631567752,2.151173636843225,17.671458676442587,28.38406743523139,501.58787475105123
0.5,35,1.9,5.0,3.0,3.665191429188092,6.5973445725385655,0.07578806813899779,0.8488263631567752,2.151173636843225,18.653206380689394,28.38406743523139,529.4538677927762
0.5,35,2.0,5.0,3.0,3.665191429188092,6.5973445725385655,0.07578806813899779,0.8488263631567752,2.151173636843225,19.634954084936208,28.38406743523139,557.3198608345014
0.6,10,0.1,5.0,3.0,1.0471975511965976,1.8849555921538759,0.2652582384864922,0.8488263631567752,2.151173636843225,1.1780972450961724,8.109733552923256,9.554054757162882
0.6,10,0.2,5.0,3.0,1.0471975511965976,1.8849555921538759,0.2652582384864922,0.8488263631567752,2.151173636843225,2.356194490192345,8.109733552923256,19.108109514325765
0.6,10,0.3,5.0,3.0,1.0471975511965976,1.8849555921538759,0.2652582384864922,0.8488263631567752,2.151173636843225,3.534291735288517,8.109733552923256,28.662164271488642
0.6,10,0.4,5.0,3.0,1.0471975511965976,1.8849555921538759,0.2652582384864922,0.8488263631567752,2.151173636843225,4.71238898038469,8.109733552923256,38.21621902865153
0.6,10,0.5,5.0,3.0,1.0471975511965976,1.8849555921538759,0.2652582384864922,0.8488263631567752,2.151173636843225,5.890486225480862,8.109733552923256,47.77027378581441
0.6,10,0.6,5.0,3.0,1.0471975511965976,1.8849555921538759,0.2652582384864922,0.8488263631567752,2.151173636843225,7.068583470577034,8.109733552923256,57.324328542977284
0.6,10,0.7,5.0,3.0,1.0471975511965976,1.8849555921538759,0.2652582384864922,0.8488263631567752,2.151173636843225,8.246680715673206,8.109733552923256,66.87838330014016
0.6,10,0.8,5.0,3.0,1.0471975511965976,1.8849555921538759,0.2652582384864922,0.8488263631567752,2.151173636843225,9.42477796076938,8.109733552923256,76.43243805730306
0.6,10,0.9,5.0,3.0,1.0471975511965976,1.8849555921538759,0.2652582384864922,0.8488263631567752,2.151173636843225,10.602875205865551,8.109733552923256,85.98649281446593
0.6,10,1.0,5.0,3.0,1.0471975511965976,1.8849555921538759,0.2652582384864922,0.8488263631567752,2.151173636843225,11.780972450961723,8.109733552923256,95.54054757162882
0.6,10,1.1,5.0,3.0,1.0471975511965976,1.8849555921538759,0.2652582384864922,0.8488263631567752,2.151173636843225,12.959069696057897,8.109733552923256,105.09460232879171
0.6,10,1.2,5.0,3.0,1.0471975511965976,1.8849555921538759,0.2652582384864922,0.8488263631567752,2.151173636843225,14.137166941154067,8.109733552923256,114.64865708595457
0.6,10,1.3,5.0,3.0,1.0471975511965976,1.8849555921538759,0.2652582384864922,0.8488263631567752,2.151173636843225,15.315264186250241,8.109733552923256,124.20271184311747
0.6,10,1.4,5.0,3.0,1.0471975511965976,1.8849555921538759,0.2652582384864922,0.8488263631567752,2.151173636843225,16.49336143134641,8.109733552923256,133.75676660028032
0.6,10,1.5,5.0,3.0,1.0471975511965976,1.8849555921538759,0.2652582384864922,0.8488263631567752,2.151173636843225,17.671458676442587,8.109733552923256,143.31082135744325
0.6,10,1.6,5.0,3.0,1.0471975511965976,1.8849555921538759,0.2652582384864922,0.8488263631567752,2.151173636843225,18.84955592153876,8.109733552923256,152.86487611460612
0.6,10,1.7,5.0,3.0,1.0471975511965976,1.8849555921538759,0.2652582384864922,0.8488263631567752,2.151173636843225,20.02765316663493,8.109733552923256,162.418930871769
0.6,10,1.8,5.0,3.0,1.0471975511965976,1.8849555921538759,0.2652582384864922,0.8488263631567752,2.151173636843225,21.205750411731103,8.109733552923256,171.97298562893187
0.6,10,1.9,5.0,3.0,1.0471975511965976,1.8849555921538759,0.2652582384864922,0.8488263631567752,2.151173636843225,22.383847656827275,8.109733552923256,181.52704038609474
0.6,10,2.0,5.0,3.0,1.0471975511965976,1.8849555921538759,0.2652582384864922,0.8488263631567752,2.151173636843225,23.561944901923447,8.109733552923256,191.08109514325764
0.6,11,0.1,5.0,3.0,1.1519173063162573,2.0734511513692633,0.24114385316953843,1.1574904952137843,1.8425095047862157,1.1780972450961724,7.64070690821558,9.001495759156068
0.6,11,0.2,5.0,3.0,1.1519173063162573,2.0734511513692633,0.24114385316953843,1.1574904952137843,1.8425095047862157,2.356194490192345,7.64070690821558,18.002991518312136
0.6,11,0.3,5.0,3.0,1.1519173063162573,2.0734511513692633,0.24114385316953843,1.1574904952137843,1.8425095047862157,3.534291735288517,7.64070690821558,27.0044872774682
0.6,11,0.4,5.0,3.0,1.1519173063162573,2.0734511513692633,0.24114385316953843,1.1574904952137843,1.8425095047862157,4.71238898038469,7.64070690821558,36.00598303662427
0.6,11,0.5,5.0,3.0,1.1519173063162573,2.0734511513692633,0.24114385316953843,1.1574904952137843,1.8425095047862157,5.890486225480862,7.64070690821558,45.00747879578034
0.6,11,0.6,5.0,3.0,1.1519173063162573,2.0734511513692633,0.24114385316953843,1.1574904952137843,1.8425095047862157,7.068583470577034,7.64070690821558,54.0089745549364
0.6,11,0.7,5.0,3.0,1.1519173063162573,2.0734511513692633,0.24114385316953843,1.1574904952137843,1.8425095047862157,8.246680715673206,7.64070690821558,63.010470314092466
0.6,11,0.8,5.0,3.0,1.1519173063162573,2.0734511513692633,0.24114385316953843,1.1574904952137843,1.8425095047862157,9.42477796076938,7.64070690821558,72.01196607324854
0.6,11,0.9,5.0,3.0,1.1519173063162573,2.0734511513692633,0.24114385316953843,1.1574904952137843,1.8425095047862157,10.602875205865551,7.64070690821558,81.0134618324046
0.6,11,1.0,5.0,3.0,1.1519173063162573,2.0734511513692633,0.24114385316953843,1.1574904952137843,1.8425095047862157,11.780972450961723,7.64070690821558,90.01495759156067
0.6,11,1.1,5.0,3.0,1.1519173063162573,2.0734511513692633,0.24114385316953843,1.1574904952137843,1.8425095047862157,12.959069696057897,7.64070690821558,99.01645335071674
0.6,11,1.2,5.0,3.0,1.1519173063162573,2.0734511513692633,0.24114385316953843,1.1574904952137843,1.8425095047862157,14.137166941154067,7.64070690821558,108.0179491098728
0.6,11,1.3,5.0,3.0,1.1519173063162573,2.0734511513692633,0.24114385316953843,1.1574904952137843,1.8425095047862157,15.315264186250241,7.64070690821558,117.01944486902887
0.6,11,1.4,5.0,3.0,1.1519173063162573,2.0734511513692633,0.24114385316953843,1.1574904952137843,1.8425095047862157,16.49336143134641,7.64070690821558,126.02094062818493
0.6,11,1.5,5.0,3.0,1.1519173063162573,2.0734511513692633,0.24114385316953843,1.1574904952137843,1.8425095047862157,17.671458676442587,7.64070690821558,135.02243638734103
0.6,11,1.6,5.0,3.0,1.1519173063162573,2.0734511513692633,0.24114385316953843,1.1574904952137843,1.8425095047862157,18.84955592153876,7.64070690821558,144.0239321464971
0.6,11,1.7,5.0,3.0,1.1519173063162573,2.0734511513692633,0.24114385316953843,1.1574904952137843,1.8425095047862157,20.02765316663493,7.64070690821558,153.02542790565315
0.6,11,1.8,5.0,3.0,1.1519173063162573,2.0734511513692633,0.24114385316953843,1.1574904952137843,1.8425095047862157,21.205750411731103,7.64070690821558,162.0269236648092
0.6,11,1.9,5.0,3.0,1.1519173063162573,2.0734511513692633,0.24114385316953843,1.1574904952137843,1.8425095047862157,22.383847656827275,7.64070690821558,171.0284194239653
0.6,11,2.0,5.0,3.0,1.1519173063162573,2.0734511513692633,0.24114385316953843,1.1574904952137843,1.8425095047862157,23.561944901923447,7.64070690821558,180.02991518312135
0.6,12,0.1,5.0,3.0,1.2566370614359172,2.261946710584651,0.22104853207207686,1.0610329539459689,1.9389670460540311,1.1780972450961724,8.771680263507907,10.333892353303133
0.6,12,0.2,5.0,3.0,1.2566370614359172,2.261946710584651,0.22104853207207686,1.0610329539459689,1.9389670460540311,2.356194490192345,8.771680263507907,20.667784706606266
0.6,12,0.3,5.0,3.0,1.2566370614359172,2.261946710584651,0.22104853207207686,1.0610329539459689,1.9389670460540311,3.534291735288517,8.771680263507907,31.001677059909394
0.6,12,0.4,5.0,3.0,1.2566370614359172,2.261946710584651,0.22104853207207686,1.0610329539459689,1.9389670460540311,4.71238898038469,8.771680263507907,41.33556941321253
0.6,12,0.5,5.0,3.0,1.2566370614359172,2.261946710584651,0.22104853207207686,1.0610329539459689,1.9389670460540311,5.890486225480862,8.771680263507907,51.66946176651566
0.6,12,0.6,5.0,3.0,1.2566370614359172,2.261946710584651,0.22104853207207686,1.0610329539459689,1.9389670460540311,7.068583470577034,8.771680263507907,62.00335411981879
0.6,12,0.7,5.0,3.0,1.2566370614359172,2.261946710584651,0.22104853207207686,1.0610329539459689,1.9389670460540311,8.246680715673206,8.771680263507907,72.33724647312192
0.6,12,0.8,5.0,3.0,1.2566370614359172,2.261946710584651,0.22104853207207686,1.0610329539459689,1.9389670460540311,9.42477796076938,8.771680263507907,82.67113882642506
0.6,12,0.9,5.0,3.0,1.2566370614359172,2.261946710584651,0.22104853207207686,1.0610329539459689,1.9389670460540311,10.602875205865551,8.771680263507907,93.00503117972819
0.6,12,1.0,5.0,3.0,1.2566370614359172,2.261946710584651,0.22104853207207686,1.0610329539459689,1.9389670460540311,11.780972450961723,8.771680263507907,103.33892353303132
0.6,12,1.1,5.0,3.0,1.2566370614359172,2.261946710584651,0.22104853207207686,1.0610329539459689,1.9389670460540311,12.959069696057897,8.771680263507907,113.67281588633446
0.6,12,1.2,5.0,3.0,1.2566370614359172,2.261946710584651,0.22104853207207686,1.0610329539459689,1.9389670460540311,14.137166941154067,8.771680263507907,124.00670823963758
0.6,12,1.3,5.0,3.0,1.2566370614359172,2.261946710584651,0.22104853207207686,1.0610329539459689,1.9389670460540311,15.315264186250241,8.771680263507907,134.34060059294072
0.6,12,1.4,5.0,3.0,1.2566370614359172,2.261946710584651,0.22104853207207686,1.0610329539459689,1.9389670460540311,16.49336143134641,8.771680263507907,144.67449294624384
0.6,12,1.5,5.0,3.0,1.2566370614359172,2.261946710584651,0.22104853207207686,1.0610329539459689,1.9389670460540311,17.671458676442587,8.771680263507907,155.008385299547
0.6,12,1.6,5.0,3.0,1.2566370614359172,2.261946710584651,0.22104853207207686,1.0610329539459689,1.9389670460540311,18.84955592153876,8.771680263507907,165.34227765285013
0.6,12,1.7,5.0,3.0,1.2566370614359172,2.261946710584651,0.22104853207207686,1.0610329539459689,1.9389670460540311,20.02765316663493,8.771680263507907,175.67617000615326
0.6,12,1.8,5.0,3.0,1.2566370614359172,2.261946710584651,0.22104853207207686,1.0610329539459689,1.9389670460540311,21.205750411731103,8.771680263507907,186.01006235945638
0.6,12,1.9,5.0,3.0,1.2566370614359172,2.261946710584651,0.22104853207207686,1.0610329539459689,1.9389670460540311,22.383847656827275,8.771680263507907,196.3439547127595
0.6,12,2.0,5.0,3.0,1.2566370614359172,2.261946710584651,0.22104853207207686,1.0610329539459689,1.9389670460540311,23.561944901923447,8.771680263507907,206.67784706606264
0.6,13,0.1,5.0,3.0,1.3613568165555772,2.450442269800039,0.20404479883576324,0.9794150344116634,2.020584965588337,1.1780972450961724,9.902653618800235,11.6662889474502
0.6,13,0.2,5.0,3.0,1.3613568165555772,2.450442269800039,0.20404479883576324,0.9794150344116634,2.020584965588337,2.356194490192345,9.902653618800235,23.3325778949004
0.6,13,0.3,5.0,3.0,1.3613568165555772,2.450442269800039,0.20404479883576324,0.9794150344116634,2.020584965588337,3.534291735288517,9.902653618800235,34.998866842350594
0.6,13,0.4,5.0,3.0,1.3613568165555772,2.450442269800039,0.20404479883576324,0.9794150344116634,2.020584965588337,4.71238898038469,9.902653618800235,46.6651557898008
0.6,13,0.5,5.0,3.0,1.3613568165555772,2.450442269800039,0.20404479883576324,0.9794150344116634,2.020584965588337,5.890486225480862,9.902653618800235,58.33144473725099
0.6,13,0.6,5.0,3.0,1.3613568165555772,2.450442269800039,0.20404479883576324,0.9794150344116634,2.020584965588337,7.068583470577034,9.902653618800235,69.99773368470119
0.6,13,0.7,5.0,3.0,1.3613568165555772,2.450442269800039,0.20404479883576324,0.9794150344116634,2.020584965588337,8.246680715673206,9.902653618800235,81.66402263215139
0.6,13,0.8,5.0,3.0,1.3613568165555772,2.450442269800039,0.20404479883576324,0.9794150344116634,2.020584965588337,9.42477796076938,9.902653618800235,93.3303115796016
0.6,13,0.9,5.0,3.0,1.3613568165555772,2.450442269800039,0.20404479883576324,0.9794150344116634,2.020584965588337,10.602875205865551,9.902653618800235,104.99660052705178
0.6,13,1.0,5.0,3.0,1.3613568165555772,2.450442269800039,0.20404479883576324,0.9794150344116634,2.020584965588337,11.780972450961723,9.902653618800235,116.66288947450198
0.6,13,1.1,5.0,3.0,1.3613568165555772,2.450442269800039,0.20404479883576324,0.9794150344116634,2.020584965588337,12.959069696057897,9.902653618800235,128.3291784219522
0.6,13,1.2,5.0,3.0,1.3613568165555772,2.450442269800039,0.20404479883576324,0.9794150344116634,2.020584965588337,14.137166941154067,9.902653618800235,139.99546736940238
0.6,13,1.3,5.0,3.0,1.3613568165555772,2.450442269800039,0.20404479883576324,0.9794150344116634,2.020584965588337,15.315264186250241,9.902653618800235,151.66175631685257
0.6,13,1.4,5.0,3.0,1.3613568165555772,2.450442269800039,0.20404479883576324,0.9794150344116634,2.020584965588337,16.49336143134641,9.902653618800235,163.32804526430277
0.6,13,1.5,5.0,3.0,1.3613568165555772,2.450442269800039,0.20404479883576324,0.9794150344116634,2.020584965588337,17.671458676442587,9.902653618800235,174.994334211753
0.6,13,1.6,5.0,3.0,1.3613568165555772,2.450442269800039,0.20404479883576324,0.9794150344116634,2.020584965588337,18.84955592153876,9.902653618800235,186.6606231592032
0.6,13,1.7,5.0,3.0,1.3613568165555772,2.450442269800039,0.20404479883576324,0.9794150344116634,2.020584965588337,20.02765316663493,9.902653618800235,198.3269121066534
0.6,13,1.8,5.0,3.0,1.3613568165555772,2.450442269800039,0.20404479883576324,0.9794150344116634,2.020584965588337,21.205750411731103,9.902653618800235,209.99320105410357
0.6,13,1.9,5.0,3.0,1.3613568165555772,2.450442269800039,0.20404479883576324,0.9794150344116634,2.020584965588337,22.383847656827275,9.902653618800235,221.65949000155376
0.6,13,2.0,5.0,3.0,1.3613568165555772,2.450442269800039,0.20404479883576324,0.9794150344116634,2.020584965588337,23.561944901923447,9.902653618800235,233.32577894900396
0.6,14,0.1,5.0,3.0,1.4660765716752369,2.6389378290154264,0.18947017034749444,0.9094568176679733,2.0905431823320266,1.1780972450961724,11.033626974092558,12.99868554159726
0.6,14,0.2,5.0,3.0,1.4660765716752369,2.6389378290154264,0.18947017034749444,0.9094568176679733,2.0905431823320266,2.356194490192345,11.033626974092558,25.99737108319452
0.6,14,0.3,5.0,3.0,1.4660765716752369,2.6389378290154264,0.18947017034749444,0.9094568176679733,2.0905431823320266,3.534291735288517,11.033626974092558,38.99605662479177
0.6,14,0.4,5.0,3.0,1.4660765716752369,2.6389378290154264,0.18947017034749444,0.9094568176679733,2.0905431823320266,4.71238898038469,11.033626974092558,51.99474216638904
0.6,14,0.5,5.0,3.0,1.4660765716752369,2.6389378290154264,0.18947017034749444,0.9094568176679733,2.0905431823320266,5.890486225480862,11.033626974092558,64.99342770798629
0.6,14,0.6,5.0,3.0,1.4660765716752369,2.6389378290154264,0.18947017034749444,0.9094568176679733,2.0905431823320266,7.068583470577034,11.033626974092558,77.99211324958354
0.6,14,0.7,5.0,3.0,1.4660765716752369,2.6389378290154264,0.18947017034749444,0.9094568176679733,2.0905431823320266,8.246680715673206,11.033626974092558,90.9907987911808
0.6,14,0.8,5.0,3.0,1.4660765716752369,2.6389378290154264,0.18947017034749444,0.9094568176679733,2.0905431823320266,9.42477796076938,11.033626974092558,103.98948433277808
0.6,14,0.9,5.0,3.0,1.4660765716752369,2.6389378290154264,0.18947017034749444,0.9094568176679733,2.0905431823320266,10.602875205865551,11.033626974092558,116.98816987437533
0.6,14,1.0,5.0,3.0,1.4660765716752369,2.6389378290154264,0.18947017034749444,0.9094568176679733,2.0905431823320266,11.780972450961723,11.033626974092558,129.98685541597257
0.6,14,1.1,5.0,3.0,1.4660765716752369,2.6389378290154264,0.18947017034749444,0.9094568176679733,2.0905431823320266,12.959069696057897,11.033626974092558,142.98554095756987
0.6,14,1.2,5.0,3.0,1.4660765716752369,2.6389378290154264,0.18947017034749444,0.9094568176679733,2.0905431823320266,14.137166941154067,11.033626974092558,155.98422649916708
0.6,14,1.3,5.0,3.0,1.4660765716752369,2.6389378290154264,0.18947017034749444,0.9094568176679733,2.0905431823320266,15.315264186250241,11.033626974092558,168.98291204076438
0.6,14,1.4,5.0,3.0,1.4660765716752369,2.6389378290154264,0.18947017034749444,0.9094568176679733,2.0905431823320266,16.49336143134641,11.033626974092558,181.9815975823616
0.6,14,1.5,5.0,3.0,1.4660765716752369,2.6389378290154264,0.18947017034749444,0.9094568176679733,2.0905431823320266,17.671458676442587,11.033626974092558,194.98028312395888
0.6,14,1.6,5.0,3.0,1.4660765716752369,2.6389378290154264,0.18947017034749444,0.9094568176679733,2.0905431823320266,18.84955592153876,11.033626974092558,207.97896866555615
0.6,14,1.7,5.0,3.0,1.4660765716752369,2.6389378290154264,0.18947017034749444,0.9094568176679733,2.0905431823320266,20.02765316663493,11.033626974092558,220.9776542071534
0.6,14,1.8,5.0,3.0,1.4660765716752369,2.6389378290154264,0.18947017034749444,0.9094568176679733,2.0905431823320266,21.205750411731103,11.033626974092558,233.97633974875066
0.6,14,1.9,5.0,3.0,1.4660765716752369,2.6389378290154264,0.18947017034749444,0.9094568176679733,2.0905431823320266,22.383847656827275,11.033626974092558,246.9750252903479
0.6,14,2.0,5.0,3.0,1.4660765716752369,2.6389378290154264,0.18947017034749444,0.9094568176679733,2.0905431823320266,23.561944901923447,11.033626974092558,259.97371083194514
0.6,15,0.1,5.0,3.0,1.5707963267948963,2.8274333882308134,0.1768388256576615,0.8488263631567752,2.151173636843225,1.1780972450961724,12.16460032938488,14.33108213574432
0.6,15,0.2,5.0,3.0,1.5707963267948963,2.8274333882308134,0.1768388256576615,0.8488263631567752,2.151173636843225,2.356194490192345,12.16460032938488,28.66216427148864
0.6,15,0.3,5.0,3.0,1.5707963267948963,2.8274333882308134,0.1768388256576615,0.8488263631567752,2.151173636843225,3.534291735288517,12.16460032938488,42.99324640723295
0.6,15,0.4,5.0,3.0,1.5707963267948963,2.8274333882308134,0.1768388256576615,0.8488263631567752,2.151173636843225,4.71238898038469,12.16460032938488,57.32432854297728
0.6,15,0.5,5.0,3.0,1.5707963267948963,2.8274333882308134,0.1768388256576615,0.8488263631567752,2.151173636843225,5.890486225480862,12.16460032938488,71.6554106787216
0.6,15,0.6,5.0,3.0,1.5707963267948963,2.8274333882308134,0.1768388256576615,0.8488263631567752,2.151173636843225,7.068583470577034,12.16460032938488,85.9864928144659
0.6,15,0.7,5.0,3.0,1.5707963267948963,2.8274333882308134,0.1768388256576615,0.8488263631567752,2.151173636843225,8.246680715673206,12.16460032938488,100.31757495021021
0.6,15,0.8,5.0,3.0,1.5707963267948963,2.8274333882308134,0.1768388256576615,0.8488263631567752,2.151173636843225,9.42477796076938,12.16460032938488,114.64865708595455
0.6,15,0.9,5.0,3.0,1.5707963267948963,2.8274333882308134,0.1768388256576615,0.8488263631567752,2.151173636843225,10.602875205865551,12.16460032938488,128.97973922169888
0.6,15,1.0,5.0,3.0,1.5707963267948963,2.8274333882308134,0.1768388256576615,0.8488263631567752,2.151173636843225,11.780972450961723,12.16460032938488,143.3108213574432
0.6,15,1.1,5.0,3.0,1.5707963267948963,2.8274333882308134,0.1768388256576615,0.8488263631567752,2.151173636843225,12.959069696057897,12.16460032938488,157.64190349318753
0.6,15,1.2,5.0,3.0,1.5707963267948963,2.8274333882308134,0.1768388256576615,0.8488263631567752,2.151173636843225,14.137166941154067,12.16460032938488,171.9729856289318
0.6,15,1.3,5.0,3.0,1.5707963267948963,2.8274333882308134,0.1768388256576615,0.8488263631567752,2.151173636843225,15.315264186250241,12.16460032938488,186.30406776467615
0.6,15,1.4,5.0,3.0,1.5707963267948963,2.8274333882308134,0.1768388256576615,0.8488263631567752,2.151173636843225,16.49336143134641,12.16460032938488,200.63514990042043
0.6,15,1.5,5.0,3.0,1.5707963267948963,2.8274333882308134,0.1768388256576615,0.8488263631567752,2.151173636843225,17.671458676442587,12.16460032938488,214.9662320361648
0.6,15,1.6,5.0,3.0,1.5707963267948963,2.8274333882308134,0.1768388256576615,0.8488263631567752,2.151173636843225,18.84955592153876,12.16460032938488,229.2973141719091
0.6,15,1.7,5.0,3.0,1.5707963267948963,2.8274333882308134,0.1768388256576615,0.8488263631567752,2.151173636843225,20.02765316663493,12.16460032938488,243.62839630765342
0.6,15,1.8,5.0,3.0,1.5707963267948963,2.8274333882308134,0.1768388256576615,0.8488263631567752,2.151173636843225,21.205750411731103,12.16460032938488,257.95947844339776
0.6,15,1.9,5.0,3.0,1.5707963267948963,2.8274333882308134,0.1768388256576615,0.8488263631567752,2.151173636843225,22.383847656827275,12.16460032938488,272.29056057914204
0.6,15,2.0,5.0,3.0,1.5707963267948963,2.8274333882308134,0.1768388256576615,0.8488263631567752,2.151173636843225,23.561944901923447,12.16460032938488,286.6216427148864
0.6,16,0.1,5.0,3.0,1.6755160819145563,3.015928947446201,0.16578639905405765,1.0610329539459689,1.9389670460540311,1.1780972450961724,11.695573684677209,13.77852313773751
0.6,16,0.2,5.0,3.0,1.6755160819145563,3.015928947446201,0.16578639905405765,1.0610329539459689,1.9389670460540311,2.356194490192345,11.695573684677209,27.55704627547502
0.6,16,0.3,5.0,3.0,1.6755160819145563,3.015928947446201,0.16578639905405765,1.0610329539459689,1.9389670460540311,3.534291735288517,11.695573684677209,41.335569413212525
0.6,16,0.4,5.0,3.0,1.6755160819145563,3.015928947446201,0.16578639905405765,1.0610329539459689,1.9389670460540311,4.71238898038469,11.695573684677209,55.11409255095004
0.6,16,0.5,5.0,3.0,1.6755160819145563,3.015928947446201,0.16578639905405765,1.0610329539459689,1.9389670460540311,5.890486225480862,11.695573684677209,68.89261568868754
0.6,16,0.6,5.0,3.0,1.6755160819145563,3.015928947446201,0.16578639905405765,1.0610329539459689,1.9389670460540311,7.068583470577034,11.695573684677209,82.67113882642505
0.6,16,0.7,5.0,3.0,1.6755160819145563,3.015928947446201,0.16578639905405765,1.0610329539459689,1.9389670460540311,8.246680715673206,11.695573684677209,96.44966196416256
0.6,16,0.8,5.0,3.0,1.6755160819145563,3.015928947446201,0.16578639905405765,1.0610329539459689,1.9389670460540311,9.42477796076938,11.695573684677209,110.22818510190008
0.6,16,0.9,5.0,3.0,1.6755160819145563,3.015928947446201,0.16578639905405765,1.0610329539459689,1.9389670460540311,10.602875205865551,11.695573684677209,124.00670823963759
0.6,16,1.0,5.0,3.0,1.6755160819145563,3.015928947446201,0.16578639905405765,1.0610329539459689,1.9389670460540311,11.780972450961723,11.695573684677209,137.78523137737508
0.6,16,1.1,5.0,3.0,1.6755160819145563,3.015928947446201,0.16578639905405765,1.0610329539459689,1.9389670460540311,12.959069696057897,11.695573684677209,151.5637545151126
0.6,16,1.2,5.0,3.0,1.6755160819145563,3.015928947446201,0.16578639905405765,1.0610329539459689,1.9389670460540311,14.137166941154067,11.695573684677209,165.3422776528501
0.6,16,1.3,5.0,3.0,1.6755160819145563,3.015928947446201,0.16578639905405765,1.0610329539459689,1.9389670460540311,15.315264186250241,11.695573684677209,179.12080079058762
0.6,16,1.4,5.0,3.0,1.6755160819145563,3.015928947446201,0.16578639905405765,1.0610329539459689,1.9389670460540311,16.49336143134641,11.695573684677209,192.89932392832512
0.6,16,1.5,5.0,3.0,1.6755160819145563,3.015928947446201,0.16578639905405765,1.0610329539459689,1.9389670460540311,17.671458676442587,11.695573684677209,206.67784706606264
0.6,16,1.6,5.0,3.0,1.6755160819145563,3.015928947446201,0.16578639905405765,1.0610329539459689,1.9389670460540311,18.84955592153876,11.695573684677209,220.45637020380016
0.6,16,1.7,5.0,3.0,1.6755160819145563,3.015928947446201,0.16578639905405765,1.0610329539459689,1.9389670460540311,20.02765316663493,11.695573684677209,234.23489334153766
0.6,16,1.8,5.0,3.0,1.6755160819145563,3.015928947446201,0.16578639905405765,1.0610329539459689,1.9389670460540311,21.205750411731103,11.695573684677209,248.01341647927518
0.6,16,1.9,5.0,3.0,1.6755160819145563,3.015928947446201,0.16578639905405765,1.0610329539459689,1.9389670460540311,22.383847656827275,11.695573684677209,261.79193961701264
0.6,16,2.0,5.0,3.0,1.6755160819145563,3.015928947446201,0.16578639905405765,1.0610329539459689,1.9389670460540311,23.561944901923447,11.695573684677209,275.57046275475017
0.6,17,0.1,5.0,3.0,1.7802358370342162,3.204424506661589,0.15603425793323072,0.9986192507726765,2.0013807492273235,1.1780972450961724,12.826547039969535,15.110919731884573
0.6,17,0.2,5.0,3.0,1.7802358370342162,3.204424506661589,0.15603425793323072,0.9986192507726765,2.0013807492273235,2.356194490192345,12.826547039969535,30.221839463769147
0.6,17,0.3,5.0,3.0,1.7802358370342162,3.204424506661589,0.15603425793323072,0.9986192507726765,2.0013807492273235,3.534291735288517,12.826547039969535,45.332759195653715
0.6,17,0.4,5.0,3.0,1.7802358370342162,3.204424506661589,0.15603425793323072,0.9986192507726765,2.0013807492273235,4.71238898038469,12.826547039969535,60.44367892753829
0.6,17,0.5,5.0,3.0,1.7802358370342162,3.204424506661589,0.15603425793323072,0.9986192507726765,2.0013807492273235,5.890486225480862,12.826547039969535,75.55459865942287
0.6,17,0.6,5.0,3.0,1.7802358370342162,3.204424506661589,0.15603425793323072,0.9986192507726765,2.0013807492273235,7.068583470577034,12.826547039969535,90.66551839130743
0.6,17,0.7,5.0,3.0,1.7802358370342162,3.204424506661589,0.15603425793323072,0.9986192507726765,2.0013807492273235,8.246680715673206,12.826547039969535,105.776438123192
0.6,17,0.8,5.0,3.0,1.7802358370342162,3.204424506661589,0.15603425793323072,0.9986192507726765,2.0013807492273235,9.42477796076938,12.826547039969535,120.88735785507659
0.6,17,0.9,5.0,3.0,1.7802358370342162,3.204424506661589,0.15603425793323072,0.9986192507726765,2.0013807492273235,10.602875205865551,12.826547039969535,135.99827758696117
0.6,17,1.0,5.0,3.0,1.7802358370342162,3.204424506661589,0.15603425793323072,0.9986192507726765,2.0013807492273235,11.780972450961723,12.826547039969535,151.10919731884573
0.6,17,1.1,5.0,3.0,1.7802358370342162,3.204424506661589,0.15603425793323072,0.9986192507726765,2.0013807492273235,12.959069696057897,12.826547039969535,166.22011705073032
0.6,17,1.2,5.0,3.0,1.7802358370342162,3.204424506661589,0.15603425793323072,0.9986192507726765,2.0013807492273235,14.137166941154067,12.826547039969535,181.33103678261486
0.6,17,1.3,5.0,3.0,1.7802358370342162,3.204424506661589,0.15603425793323072,0.9986192507726765,2.0013807492273235,15.315264186250241,12.826547039969535,196.44195651449945
0.6,17,1.4,5.0,3.0,1.7802358370342162,3.204424506661589,0.15603425793323072,0.9986192507726765,2.0013807492273235,16.49336143134641,12.826547039969535,211.552876246384
0.6,17,1.5,5.0,3.0,1.7802358370342162,3.204424506661589,0.15603425793323072,0.9986192507726765,2.0013807492273235,17.671458676442587,12.826547039969535,226.6637959782686
0.6,17,1.6,5.0,3.0,1.7802358370342162,3.204424506661589,0.15603425793323072,0.9986192507726765,2.0013807492273235,18.84955592153876,12.826547039969535,241.77471571015317
0.6,17,1.7,5.0,3.0,1.7802358370342162,3.204424506661589,0.15603425793323072,0.9986192507726765,2.0013807492273235,20.02765316663493,12.826547039969535,256.88563544203777
0.6,17,1.8,5.0,3.0,1.7802358370342162,3.204424506661589,0.15603425793323072,0.9986192507726765,2.0013807492273235,21.205750411731103,12.826547039969535,271.99655517392233
0.6,17,1.9,5.0,3.0,1.7802358370342162,3.204424506661589,0.15603425793323072,0.9986192507726765,2.0013807492273235,22.383847656827275,12.826547039969535,287.1074749058069
0.6,17,2.0,5.0,3.0,1.7802358370342162,3.204424506661589,0.15603425793323072,0.9986192507726765,2.0013807492273235,23.561944901923447,12.826547039969535,302.21839463769146
0.6,18,0.1,5.0,3.0,1.8849555921538759,3.3929200658769765,0.14736568804805125,0.9431404035075279,2.056859596492472,1.1780972450961724,13.95752039526186,16.443316326031635
0.6,18,0.2,5.0,3.0,1.8849555921538759,3.3929200658769765,0.14736568804805125,0.9431404035075279,2.056859596492472,2.356194490192345,13.95752039526186,32.88663265206327
0.6,18,0.3,5.0,3.0,1.8849555921538759,3.3929200658769765,0.14736568804805125,0.9431404035075279,2.056859596492472,3.534291735288517,13.95752039526186,49.329948978094905
0.6,18,0.4,5.0,3.0,1.8849555921538759,3.3929200658769765,0.14736568804805125,0.9431404035075279,2.056859596492472,4.71238898038469,13.95752039526186,65.77326530412654
0.6,18,0.5,5.0,3.0,1.8849555921538759,3.3929200658769765,0.14736568804805125,0.9431404035075279,2.056859596492472,5.890486225480862,13.95752039526186,82.21658163015817
0.6,18,0.6,5.0,3.0,1.8849555921538759,3.3929200658769765,0.14736568804805125,0.9431404035075279,2.056859596492472,7.068583470577034,13.95752039526186,98.65989795618981
0.6,18,0.7,5.0,3.0,1.8849555921538759,3.3929200658769765,0.14736568804805125,0.9431404035075279,2.056859596492472,8.246680715673206,13.95752039526186,115.10321428222143
0.6,18,0.8,5.0,3.0,1.8849555921538759,3.3929200658769765,0.14736568804805125,0.9431404035075279,2.056859596492472,9.42477796076938,13.95752039526186,131.54653060825308
0.6,18,0.9,5.0,3.0,1.8849555921538759,3.3929200658769765,0.14736568804805125,0.9431404035075279,2.056859596492472,10.602875205865551,13.95752039526186,147.9898469342847
0.6,18,1.0,5.0,3.0,1.8849555921538759,3.3929200658769765,0.14736568804805125,0.9431404035075279,2.056859596492472,11.780972450961723,13.95752039526186,164.43316326031635
0.6,18,1.1,5.0,3.0,1.8849555921538759,3.3929200658769765,0.14736568804805125,0.9431404035075279,2.056859596492472,12.959069696057897,13.95752039526186,180.876479586348
0.6,18,1.2,5.0,3.0,1.8849555921538759,3.3929200658769765,0.14736568804805125,0.9431404035075279,2.056859596492472,14.137166941154067,13.95752039526186,197.31979591237962
0.6,18,1.3,5.0,3.0,1.8849555921538759,3.3929200658769765,0.14736568804805125,0.9431404035075279,2.056859596492472,15.315264186250241,13.95752039526186,213.76311223841125
0.6,18,1.4,5.0,3.0,1.8849555921538759,3.3929200658769765,0.14736568804805125,0.9431404035075279,2.056859596492472,16.49336143134641,13.95752039526186,230.20642856444286
0.6,18,1.5,5.0,3.0,1.8849555921538759,3.3929200658769765,0.14736568804805125,0.9431404035075279,2.056859596492472,17.671458676442587,13.95752039526186,246.64974489047455
0.6,18,1.6,5.0,3.0,1.8849555921538759,3.3929200658769765,0.14736568804805125,0.9431404035075279,2.056859596492472,18.84955592153876,13.95752039526186,263.09306121650616
0.6,18,1.7,5.0,3.0,1.8849555921538759,3.3929200658769765,0.14736568804805125,0.9431404035075279,2.056859596492472,20.02765316663493,13.95752039526186,279.5363775425378
0.6,18,1.8,5.0,3.0,1.8849555921538759,3.3929200658769765,0.14736568804805125,0.9431404035075279,2.056859596492472,21.205750411731103,13.95752039526186,295.9796938685694
0.6,18,1.9,5.0,3.0,1.8849555921538759,3.3929200658769765,0.14736568804805125,0.9431404035075279,2.056859596492472,22.383847656827275,13.95752039526186,312.4230101946011
0.6,18,2.0,5.0,3.0,1.8849555921538759,3.3929200658769765,0.14736568804805125,0.9431404035075279,2.056859596492472,23.561944901923447,13.95752039526186,328.8663265206327
0.6,19,0.1,5.0,3.0,1.9896753472735356,3.581415625092364,0.13960959920341698,0.8935014349018686,2.106498565098131,1.1780972450961724,15.088493750554182,17.775712920178695
0.6,19,0.2,5.0,3.0,1.9896753472735356,3.581415625092364,0.13960959920341698,0.8935014349018686,2.106498565098131,2.356194490192345,15.088493750554182,35.55142584035739
0.6,19,0.3,5.0,3.0,1.9896753472735356,3.581415625092364,0.13960959920341698,0.8935014349018686,2.106498565098131,3.534291735288517,15.088493750554182,53.32713876053608
0.6,19,0.4,5.0,3.0,1.9896753472735356,3.581415625092364,0.13960959920341698,0.8935014349018686,2.106498565098131,4.71238898038469,15.088493750554182,71.10285168071478
0.6,19,0.5,5.0,3.0,1.9896753472735356,3.581415625092364,0.13960959920341698,0.8935014349018686,2.106498565098131,5.890486225480862,15.088493750554182,88.87856460089347
0.6,19,0.6,5.0,3.0,1.9896753472735356,3.581415625092364,0.13960959920341698,0.8935014349018686,2.106498565098131,7.068583470577034,15.088493750554182,106.65427752107216
0.6,19,0.7,5.0,3.0,1.9896753472735356,3.581415625092364,0.13960959920341698,0.8935014349018686,2.106498565098131,8.246680715673206,15.088493750554182,124.42999044125085
0.6,19,0.8,5.0,3.0,1.9896753472735356,3.581415625092364,0.13960959920341698,0.8935014349018686,2.106498565098131,9.42477796076938,15.088493750554182,142.20570336142956
0.6,19,0.9,5.0,3.0,1.9896753472735356,3.581415625092364,0.13960959920341698,0.8935014349018686,2.106498565098131,10.602875205865551,15.088493750554182,159.98141628160826
0.6,19,1.0,5.0,3.0,1.9896753472735356,3.581415625092364,0.13960959920341698,0.8935014349018686,2.106498565098131,11.780972450961723,15.088493750554182,177.75712920178694
0.6,19,1.1,5.0,3.0,1.9896753472735356,3.581415625092364,0.13960959920341698,0.8935014349018686,2.106498565098131,12.959069696057897,15.088493750554182,195.53284212196567
0.6,19,1.2,5.0,3.0,1.9896753472735356,3.581415625092364,0.13960959920341698,0.8935014349018686,2.106498565098131,14.137166941154067,15.088493750554182,213.30855504214432
0.6,19,1.3,5.0,3.0,1.9896753472735356,3.581415625092364,0.13960959920341698,0.8935014349018686,2.106498565098131,15.315264186250241,15.088493750554182,231.08426796232305
0.6,19,1.4,5.0,3.0,1.9896753472735356,3.581415625092364,0.13960959920341698,0.8935014349018686,2.106498565098131,16.49336143134641,15.088493750554182,248.8599808825017
0.6,19,1.5,5.0,3.0,1.9896753472735356,3.581415625092364,0.13960959920341698,0.8935014349018686,2.106498565098131,17.671458676442587,15.088493750554182,266.63569380268046
0.6,19,1.6,5.0,3.0,1.9896753472735356,3.581415625092364,0.13960959920341698,0.8935014349018686,2.106498565098131,18.84955592153876,15.088493750554182,284.4114067228591
0.6,19,1.7,5.0,3.0,1.9896753472735356,3.581415625092364,0.13960959920341698,0.8935014349018686,2.106498565098131,20.02765316663493,15.088493750554182,302.1871196430378
0.6,19,1.8,5.0,3.0,1.9896753472735356,3.581415625092364,0.13960959920341698,0.8935014349018686,2.106498565098131,21.205750411731103,15.088493750554182,319.9628325632165
0.6,19,1.9,5.0,3.0,1.9896753472735356,3.581415625092364,0.13960959920341698,0.8935014349018686,2.106498565098131,22.383847656827275,15.088493750554182,337.7385454833952
0.6,19,2.0,5.0,3.0,1.9896753472735356,3.581415625092364,0.13960959920341698,0.8935014349018686,2.106498565098131,23.561944901923447,15.088493750554182,355.5142584035739
0.6,20,0.1,5.0,3.0,2.0943951023931953,3.7699111843077517,0.1326291192432461,0.8488263631567752,2.151173636843225,1.1780972450961724,16.219467105846512,19.108109514325765
0.6,20,0.2,5.0,3.0,2.0943951023931953,3.7699111843077517,0.1326291192432461,0.8488263631567752,2.151173636843225,2.356194490192345,16.219467105846512,38.21621902865153
0.6,20,0.3,5.0,3.0,2.0943951023931953,3.7699111843077517,0.1326291192432461,0.8488263631567752,2.151173636843225,3.534291735288517,16.219467105846512,57.324328542977284
0.6,20,0.4,5.0,3.0,2.0943951023931953,3.7699111843077517,0.1326291192432461,0.8488263631567752,2.151173636843225,4.71238898038469,16.219467105846512,76.43243805730306
0.6,20,0.5,5.0,3.0,2.0943951023931953,3.7699111843077517,0.1326291192432461,0.8488263631567752,2.151173636843225,5.890486225480862,16.219467105846512,95.54054757162882
0.6,20,0.6,5.0,3.0,2.0943951023931953,3.7699111843077517,0.1326291192432461,0.8488263631567752,2.151173636843225,7.068583470577034,16.219467105846512,114.64865708595457
0.6,20,0.7,5.0,3.0,2.0943951023931953,3.7699111843077517,0.1326291192432461,0.8488263631567752,2.151173636843225,8.246680715673206,16.219467105846512,133.75676660028032
0.6,20,0.8,5.0,3.0,2.0943951023931953,3.7699111843077517,0.1326291192432461,0.8488263631567752,2.151173636843225,9.42477796076938,16.219467105846512,152.86487611460612
0.6,20,0.9,5.0,3.0,2.0943951023931953,3.7699111843077517,0.1326291192432461,0.8488263631567752,2.151173636843225,10.602875205865551,16.219467105846512,171.97298562893187
0.6,20,1.0,5.0,3.0,2.0943951023931953,3.7699111843077517,0.1326291192432461,0.8488263631567752,2.151173636843225,11.780972450961723,16.219467105846512,191.08109514325764
0.6,20,1.1,5.0,3.0,2.0943951023931953,3.7699111843077517,0.1326291192432461,0.8488263631567752,2.151173636843225,12.959069696057897,16.219467105846512,210.18920465758342
0.6,20,1.2,5.0,3.0,2.0943951023931953,3.7699111843077517,0.1326291192432461,0.8488263631567752,2.151173636843225,14.137166941154067,16.219467105846512,229.29731417190914
0.6,20,1.3,5.0,3.0,2.0943951023931953,3.7699111843077517,0.1326291192432461,0.8488263631567752,2.151173636843225,15.315264186250241,16.219467105846512,248.40542368623494
0.6,20,1.4,5.0,3.0,2.0943951023931953,3.7699111843077517,0.1326291192432461,0.8488263631567752,2.151173636843225,16.49336143134641,16.219467105846512,267.51353320056063
0.6,20,1.5,5.0,3.0,2.0943951023931953,3.7699111843077517,0.1326291192432461,0.8488263631567752,2.151173636843225,17.671458676442587,16.219467105846512,286.6216427148865
0.6,20,1.6,5.0,3.0,2.0943951023931953,3.7699111843077517,0.1326291192432461,0.8488263631567752,2.151173636843225,18.84955592153876,16.219467105846512,305.72975222921224
0.6,20,1.7,5.0,3.0,2.0943951023931953,3.7699111843077517,0.1326291192432461,0.8488263631567752,2.151173636843225,20.02765316663493,16.219467105846512,324.837861743538
0.6,20,1.8,5.0,3.0,2.0943951023931953,3.7699111843077517,0.1326291192432461,0.8488263631567752,2.151173636843225,21.205750411731103,16.219467105846512,343.94597125786373
0.6,20,1.9,5.0,3.0,2.0943951023931953,3.7699111843077517,0.1326291192432461,0.8488263631567752,2.151173636843225,22.383847656827275,16.219467105846512,363.0540807721895
0.6,20,2.0,5.0,3.0,2.0943951023931953,3.7699111843077517,0.1326291192432461,0.8488263631567752,2.151173636843225,23.561944901923447,16.219467105846512,382.1621902865153
0.6,21,0.1,5.0,3.0,2.199114857512855,3.9584067435231396,0.12631344689832963,1.010507575186637,1.989492424813363,1.1780972450961724,15.750440461138837,18.555550516318952
0.6,21,0.2,5.0,3.0,2.199114857512855,3.9584067435231396,0.12631344689832963,1.010507575186637,1.989492424813363,2.356194490192345,15.750440461138837,37.111101032637904
0.6,21,0.3,5.0,3.0,2.199114857512855,3.9584067435231396,0.12631344689832963,1.010507575186637,1.989492424813363,3.534291735288517,15.750440461138837,55.66665154895684
0.6,21,0.4,5.0,3.0,2.199114857512855,3.9584067435231396,0.12631344689832963,1.010507575186637,1.989492424813363,4.71238898038469,15.750440461138837,74.22220206527581
0.6,21,0.5,5.0,3.0,2.199114857512855,3.9584067435231396,0.12631344689832963,1.010507575186637,1.989492424813363,5.890486225480862,15.750440461138837,92.77775258159475
0.6,21,0.6,5.0,3.0,2.199114857512855,3.9584067435231396,0.12631344689832963,1.010507575186637,1.989492424813363,7.068583470577034,15.750440461138837,111.33330309791369
0.6,21,0.7,5.0,3.0,2.199114857512855,3.9584067435231396,0.12631344689832963,1.010507575186637,1.989492424813363,8.246680715673206,15.750440461138837,129.88885361423263
0.6,21,0.8,5.0,3.0,2.199114857512855,3.9584067435231396,0.12631344689832963,1.010507575186637,1.989492424813363,9.42477796076938,15.750440461138837,148.44440413055162
0.6,21,0.9,5.0,3.0,2.199114857512855,3.9584067435231396,0.12631344689832963,1.010507575186637,1.989492424813363,10.602875205865551,15.750440461138837,166.99995464687055
0.6,21,1.0,5.0,3.0,2.199114857512855,3.9584067435231396,0.12631344689832963,1.010507575186637,1.989492424813363,11.780972450961723,15.750440461138837,185.5555051631895
0.6,21,1.1,5.0,3.0,2.199114857512855,3.9584067435231396,0.12631344689832963,1.010507575186637,1.989492424813363,12.959069696057897,15.750440461138837,204.11105567950847
0.6,21,1.2,5.0,3.0,2.199114857512855,3.9584067435231396,0.12631344689832963,1.010507575186637,1.989492424813363,14.137166941154067,15.750440461138837,222.66660619582737
0.6,21,1.3,5.0,3.0,2.199114857512855,3.9584067435231396,0.12631344689832963,1.010507575186637,1.989492424813363,15.315264186250241,15.750440461138837,241.22215671214636
0.6,21,1.4,5.0,3.0,2.199114857512855,3.9584067435231396,0.12631344689832963,1.010507575186637,1.989492424813363,16.49336143134641,15.750440461138837,259.77770722846526
0.6,21,1.5,5.0,3.0,2.199114857512855,3.9584067435231396,0.12631344689832963,1.010507575186637,1.989492424813363,17.671458676442587,15.750440461138837,278.33325774478425
0.6,21,1.6,5.0,3.0,2.199114857512855,3.9584067435231396,0.12631344689832963,1.010507575186637,1.989492424813363,18.84955592153876,15.750440461138837,296.88880826110324
0.6,21,1.7,5.0,3.0,2.199114857512855,3.9584067435231396,0.12631344689832963,1.010507575186637,1.989492424813363,20.02765316663493,15.750440461138837,315.44435877742217
0.6,21,1.8,5.0,3.0,2.199114857512855,3.9584067435231396,0.12631344689832963,1.010507575186637,1.989492424813363,21.205750411731103,15.750440461138837,333.9999092937411
0.6,21,1.9,5.0,3.0,2.199114857512855,3.9584067435231396,0.12631344689832963,1.010507575186637,1.989492424813363,22.383847656827275,15.750440461138837,352.55545981006003
0.6,21,2.0,5.0,3.0,2.199114857512855,3.9584067435231396,0.12631344689832963,1.010507575186637,1.989492424813363,23.561944901923447,15.750440461138837,371.111010326379
0.6,22,0.1,5.0,3.0,2.3038346126325147,4.146902302738527,0.12057192658476922,0.9645754126781536,2.035424587321846,1.1780972450961724,16.881413816431156,19.88794711046601
0.6,22,0.2,5.0,3.0,2.3038346126325147,4.146902302738527,0.12057192658476922,0.9645754126781536,2.035424587321846,2.356194490192345,16.881413816431156,39.77589422093202
0.6,22,0.3,5.0,3.0,2.3038346126325147,4.146902302738527,0.12057192658476922,0.9645754126781536,2.035424587321846,3.534291735288517,16.881413816431156,59.66384133139801
0.6,22,0.4,5.0,3.0,2.3038346126325147,4.146902302738527,0.12057192658476922,0.9645754126781536,2.035424587321846,4.71238898038469,16.881413816431156,79.55178844186403
0.6,22,0.5,5.0,3.0,2.3038346126325147,4.146902302738527,0.12057192658476922,0.9645754126781536,2.035424587321846,5.890486225480862,16.881413816431156,99.43973555233002
0.6,22,0.6,5.0,3.0,2.3038346126325147,4.146902302738527,0.12057192658476922,0.9645754126781536,2.035424587321846,7.068583470577034,16.881413816431156,119.32768266279602
0.6,22,0.7,5.0,3.0,2.3038346126325147,4.146902302738527,0.12057192658476922,0.9645754126781536,2.035424587321846,8.246680715673206,16.881413816431156,139.21562977326204
0.6,22,0.8,5.0,3.0,2.3038346126325147,4.146902302738527,0.12057192658476922,0.9645754126781536,2.035424587321846,9.42477796076938,16.881413816431156,159.10357688372807
0.6,22,0.9,5.0,3.0,2.3038346126325147,4.146902302738527,0.12057192658476922,0.9645754126781536,2.035424587321846,10.602875205865551,16.881413816431156,178.99152399419404
0.6,22,1.0,5.0,3.0,2.3038346126325147,4.146902302738527,0.12057192658476922,0.9645754126781536,2.035424587321846,11.780972450961723,16.881413816431156,198.87947110466004
0.6,22,1.1,5.0,3.0,2.3038346126325147,4.146902302738527,0.12057192658476922,0.9645754126781536,2.035424587321846,12.959069696057897,16.881413816431156,218.76741821512607
0.6,22,1.2,5.0,3.0,2.3038346126325147,4.146902302738527,0.12057192658476922,0.9645754126781536,2.035424587321846,14.137166941154067,16.881413816431156,238.65536532559204
0.6,22,1.3,5.0,3.0,2.3038346126325147,4.146902302738527,0.12057192658476922,0.9645754126781536,2.035424587321846,15.315264186250241,16.881413816431156,258.5433124360581
0.6,22,1.4,5.0,3.0,2.3038346126325147,4.146902302738527,0.12057192658476922,0.9645754126781536,2.035424587321846,16.49336143134641,16.881413816431156,278.4312595465241
0.6,22,1.5,5.0,3.0,2.3038346126325147,4.146902302738527,0.12057192658476922,0.9645754126781536,2.035424587321846,17.671458676442587,16.881413816431156,298.3192066569901
0.6,22,1.6,5.0,3.0,2.3038346126325147,4.146902302738527,0.12057192658476922,0.9645754126781536,2.035424587321846,18.84955592153876,16.881413816431156,318.20715376745613
0.6,22,1.7,5.0,3.0,2.3038346126325147,4.146902302738527,0.12057192658476922,0.9645754126781536,2.035424587321846,20.02765316663493,16.881413816431156,338.0951008779221
0.6,22,1.8,5.0,3.0,2.3038346126325147,4.146902302738527,0.12057192658476922,0.9645754126781536,2.035424587321846,21.205750411731103,16.881413816431156,357.9830479883881
0.6,22,1.9,5.0,3.0,2.3038346126325147,4.146902302738527,0.12057192658476922,0.9645754126781536,2.035424587321846,22.383847656827275,16.881413816431156,377.8709950988541
0.6,22,2.0,5.0,3.0,2.3038346126325147,4.146902302738527,0.12057192658476922,0.9645754126781536,2.035424587321846,23.561944901923447,16.881413816431156,397.7589422093201
0.6,23,0.1,5.0,3.0,2.4085543677521746,4.335397861953914,0.11532966890717056,0.9226373512573643,2.0773626487426355,1.1780972450961724,18.012387171723482,21.22034370461307
0.6,23,0.2,5.0,3.0,2.4085543677521746,4.335397861953914,0.11532966890717056,0.9226373512573643,2.0773626487426355,2.356194490192345,18.012387171723482,42.44068740922614
0.6,23,0.3,5.0,3.0,2.4085543677521746,4.335397861953914,0.11532966890717056,0.9226373512573643,2.0773626487426355,3.534291735288517,18.012387171723482,63.66103111383921
0.6,23,0.4,5.0,3.0,2.4085543677521746,4.335397861953914,0.11532966890717056,0.9226373512573643,2.0773626487426355,4.71238898038469,18.012387171723482,84.88137481845229
0.6,23,0.5,5.0,3.0,2.4085543677521746,4.335397861953914,0.11532966890717056,0.9226373512573643,2.0773626487426355,5.890486225480862,18.012387171723482,106.10171852306534
0.6,23,0.6,5.0,3.0,2.4085543677521746,4.335397861953914,0.11532966890717056,0.9226373512573643,2.0773626487426355,7.068583470577034,18.012387171723482,127.32206222767842
0.6,23,0.7,5.0,3.0,2.4085543677521746,4.335397861953914,0.11532966890717056,0.9226373512573643,2.0773626487426355,8.246680715673206,18.012387171723482,148.54240593229147
0.6,23,0.8,5.0,3.0,2.4085543677521746,4.335397861953914,0.11532966890717056,0.9226373512573643,2.0773626487426355,9.42477796076938,18.012387171723482,169.76274963690457
0.6,23,0.9,5.0,3.0,2.4085543677521746,4.335397861953914,0.11532966890717056,0.9226373512573643,2.0773626487426355,10.602875205865551,18.012387171723482,190.98309334151762
0.6,23,1.0,5.0,3.0,2.4085543677521746,4.335397861953914,0.11532966890717056,0.9226373512573643,2.0773626487426355,11.780972450961723,18.012387171723482,212.2034370461307
0.6,23,1.1,5.0,3.0,2.4085543677521746,4.335397861953914,0.11532966890717056,0.9226373512573643,2.0773626487426355,12.959069696057897,18.012387171723482,233.4237807507438
0.6,23,1.2,5.0,3.0,2.4085543677521746,4.335397861953914,0.11532966890717056,0.9226373512573643,2.0773626487426355,14.137166941154067,18.012387171723482,254.64412445535683
0.6,23,1.3,5.0,3.0,2.4085543677521746,4.335397861953914,0.11532966890717056,0.9226373512573643,2.0773626487426355,15.315264186250241,18.012387171723482,275.86446815996993
0.6,23,1.4,5.0,3.0,2.4085543677521746,4.335397861953914,0.11532966890717056,0.9226373512573643,2.0773626487426355,16.49336143134641,18.012387171723482,297.08481186458295
0.6,23,1.5,5.0,3.0,2.4085543677521746,4.335397861953914,0.11532966890717056,0.9226373512573643,2.0773626487426355,17.671458676442587,18.012387171723482,318.3051555691961
0.6,23,1.6,5.0,3.0,2.4085543677521746,4.335397861953914,0.11532966890717056,0.9226373512573643,2.0773626487426355,18.84955592153876,18.012387171723482,339.52549927380915
0.6,23,1.7,5.0,3.0,2.4085543677521746,4.335397861953914,0.11532966890717056,0.9226373512573643,2.0773626487426355,20.02765316663493,18.012387171723482,360.7458429784222
0.6,23,1.8,5.0,3.0,2.4085543677521746,4.335397861953914,0.11532966890717056,0.9226373512573643,2.0773626487426355,21.205750411731103,18.012387171723482,381.96618668303523
0.6,23,1.9,5.0,3.0,2.4085543677521746,4.335397861953914,0.11532966890717056,0.9226373512573643,2.0773626487426355,22.383847656827275,18.012387171723482,403.1865303876483
0.6,23,2.0,5.0,3.0,2.4085543677521746,4.335397861953914,0.11532966890717056,0.9226373512573643,2.0773626487426355,23.561944901923447,18.012387171723482,424.4068740922614
0.6,24,0.1,5.0,3.0,2.5132741228718345,4.523893421169302,0.11052426603603843,0.8841941282883075,2.1158058717116925,1.1780972450961724,19.143360527015812,22.55274029876014
0.6,24,0.2,5.0,3.0,2.5132741228718345,4.523893421169302,0.11052426603603843,0.8841941282883075,2.1158058717116925,2.356194490192345,19.143360527015812,45.10548059752028
0.6,24,0.3,5.0,3.0,2.5132741228718345,4.523893421169302,0.11052426603603843,0.8841941282883075,2.1158058717116925,3.534291735288517,19.143360527015812,67.65822089628041
0.6,24,0.4,5.0,3.0,2.5132741228718345,4.523893421169302,0.11052426603603843,0.8841941282883075,2.1158058717116925,4.71238898038469,19.143360527015812,90.21096119504055
0.6,24,0.5,5.0,3.0,2.5132741228718345,4.523893421169302,0.11052426603603843,0.8841941282883075,2.1158058717116925,5.890486225480862,19.143360527015812,112.76370149380068
0.6,24,0.6,5.0,3.0,2.5132741228718345,4.523893421169302,0.11052426603603843,0.8841941282883075,2.1158058717116925,7.068583470577034,19.143360527015812,135.31644179256082
0.6,24,0.7,5.0,3.0,2.5132741228718345,4.523893421169302,0.11052426603603843,0.8841941282883075,2.1158058717116925,8.246680715673206,19.143360527015812,157.86918209132094
0.6,24,0.8,5.0,3.0,2.5132741228718345,4.523893421169302,0.11052426603603843,0.8841941282883075,2.1158058717116925,9.42477796076938,19.143360527015812,180.4219223900811
0.6,24,0.9,5.0,3.0,2.5132741228718345,4.523893421169302,0.11052426603603843,0.8841941282883075,2.1158058717116925,10.602875205865551,19.143360527015812,202.97466268884125
0.6,24,1.0,5.0,3.0,2.5132741228718345,4.523893421169302,0.11052426603603843,0.8841941282883075,2.1158058717116925,11.780972450961723,19.143360527015812,225.52740298760136
0.6,24,1.1,5.0,3.0,2.5132741228718345,4.523893421169302,0.11052426603603843,0.8841941282883075,2.1158058717116925,12.959069696057897,19.143360527015812,248.08014328636153
0.6,24,1.2,5.0,3.0,2.5132741228718345,4.523893421169302,0.11052426603603843,0.8841941282883075,2.1158058717116925,14.137166941154067,19.143360527015812,270.63288358512165
0.6,24,1.3,5.0,3.0,2.5132741228718345,4.523893421169302,0.11052426603603843,0.8841941282883075,2.1158058717116925,15.315264186250241,19.143360527015812,293.1856238838818
0.6,24,1.4,5.0,3.0,2.5132741228718345,4.523893421169302,0.11052426603603843,0.8841941282883075,2.1158058717116925,16.49336143134641,19.143360527015812,315.7383641826419
0.6,24,1.5,5.0,3.0,2.5132741228718345,4.523893421169302,0.11052426603603843,0.8841941282883075,2.1158058717116925,17.671458676442587,19.143360527015812,338.2911044814021
0.6,24,1.6,5.0,3.0,2.5132741228718345,4.523893421169302,0.11052426603603843,0.8841941282883075,2.1158058717116925,18.84955592153876,19.143360527015812,360.8438447801622
0.6,24,1.7,5.0,3.0,2.5132741228718345,4.523893421169302,0.11052426603603843,0.8841941282883075,2.1158058717116925,20.02765316663493,19.143360527015812,383.3965850789224
0.6,24,1.8,5.0,3.0,2.5132741228718345,4.523893421169302,0.11052426603603843,0.8841941282883075,2.1158058717116925,21.205750411731103,19.143360527015812,405.9493253776825
0.6,24,1.9,5.0,3.0,2.5132741228718345,4.523893421169302,0.11052426603603843,0.8841941282883075,2.1158058717116925,22.383847656827275,19.143360527015812,428.5020656764426
0.6,24,2.0,5.0,3.0,2.5132741228718345,4.523893421169302,0.11052426603603843,0.8841941282883075,2.1158058717116925,23.561944901923447,19.143360527015812,451.0548059752027
0.6,25,0.1,5.0,3.0,2.6179938779914944,4.71238898038469,0.1061032953945969,0.8488263631567751,2.151173636843225,1.1780972450961724,20.274333882308138,23.8851368929072
0.6,25,0.2,5.0,3.0,2.6179938779914944,4.71238898038469,0.1061032953945969,0.8488263631567751,2.151173636843225,2.356194490192345,20.274333882308138,47.7702737858144
0.6,25,0.3,5.0,3.0,2.6179938779914944,4.71238898038469,0.1061032953945969,0.8488263631567751,2.151173636843225,3.534291735288517,20.274333882308138,71.6554106787216
0.6,25,0.4,5.0,3.0,2.6179938779914944,4.71238898038469,0.1061032953945969,0.8488263631567751,2.151173636843225,4.71238898038469,20.274333882308138,95.5405475716288
0.6,25,0.5,5.0,3.0,2.6179938779914944,4.71238898038469,0.1061032953945969,0.8488263631567751,2.151173636843225,5.890486225480862,20.274333882308138,119.425684464536
0.6,25,0.6,5.0,3.0,2.6179938779914944,4.71238898038469,0.1061032953945969,0.8488263631567751,2.151173636843225,7.068583470577034,20.274333882308138,143.3108213574432
0.6,25,0.7,5.0,3.0,2.6179938779914944,4.71238898038469,0.1061032953945969,0.8488263631567751,2.151173636843225,8.246680715673206,20.274333882308138,167.1959582503504
0.6,25,0.8,5.0,3.0,2.6179938779914944,4.71238898038469,0.1061032953945969,0.8488263631567751,2.151173636843225,9.42477796076938,20.274333882308138,191.0810951432576
0.6,25,0.9,5.0,3.0,2.6179938779914944,4.71238898038469,0.1061032953945969,0.8488263631567751,2.151173636843225,10.602875205865551,20.274333882308138,214.96623203616483
0.6,25,1.0,5.0,3.0,2.6179938779914944,4.71238898038469,0.1061032953945969,0.8488263631567751,2.151173636843225,11.780972450961723,20.274333882308138,238.851368929072
0.6,25,1.1,5.0,3.0,2.6179938779914944,4.71238898038469,0.1061032953945969,0.8488263631567751,2.151173636843225,12.959069696057897,20.274333882308138,262.7365058219792
0.6,25,1.2,5.0,3.0,2.6179938779914944,4.71238898038469,0.1061032953945969,0.8488263631567751,2.151173636843225,14.137166941154067,20.274333882308138,286.6216427148864
0.6,25,1.3,5.0,3.0,2.6179938779914944,4.71238898038469,0.1061032953945969,0.8488263631567751,2.151173636843225,15.315264186250241,20.274333882308138,310.50677960779365
0.6,25,1.4,5.0,3.0,2.6179938779914944,4.71238898038469,0.1061032953945969,0.8488263631567751,2.151173636843225,16.49336143134641,20.274333882308138,334.3919165007008
0.6,25,1.5,5.0,3.0,2.6179938779914944,4.71238898038469,0.1061032953945969,0.8488263631567751,2.151173636843225,17.671458676442587,20.274333882308138,358.27705339360807
0.6,25,1.6,5.0,3.0,2.6179938779914944,4.71238898038469,0.1061032953945969,0.8488263631567751,2.151173636843225,18.84955592153876,20.274333882308138,382.1621902865152
0.6,25,1.7,5.0,3.0,2.6179938779914944,4.71238898038469,0.1061032953945969,0.8488263631567751,2.151173636843225,20.02765316663493,20.274333882308138,406.04732717942244
0.6,25,1.8,5.0,3.0,2.6179938779914944,4.71238898038469,0.1061032953945969,0.8488263631567751,2.151173636843225,21.205750411731103,20.274333882308138,429.93246407232965
0.6,25,1.9,5.0,3.0,2.6179938779914944,4.71238898038469,0.1061032953945969,0.8488263631567751,2.151173636843225,22.383847656827275,20.274333882308138,453.81760096523686
0.6,25,2.0,5.0,3.0,2.6179938779914944,4.71238898038469,0.1061032953945969,0.8488263631567751,2.151173636843225,23.561944901923447,20.274333882308138,477.702737858144
0.6,26,0.1,5.0,3.0,2.7227136331111543,4.900884539600078,0.10202239941788162,0.9794150344116634,2.020584965588337,1.1780972450961724,19.80530723760047,23.3325778949004
0.6,26,0.2,5.0,3.0,2.7227136331111543,4.900884539600078,0.10202239941788162,0.9794150344116634,2.020584965588337,2.356194490192345,19.80530723760047,46.6651557898008
0.6,26,0.3,5.0,3.0,2.7227136331111543,4.900884539600078,0.10202239941788162,0.9794150344116634,2.020584965588337,3.534291735288517,19.80530723760047,69.99773368470119
0.6,26,0.4,5.0,3.0,2.7227136331111543,4.900884539600078,0.10202239941788162,0.9794150344116634,2.020584965588337,4.71238898038469,19.80530723760047,93.3303115796016
0.6,26,0.5,5.0,3.0,2.7227136331111543,4.900884539600078,0.10202239941788162,0.9794150344116634,2.020584965588337,5.890486225480862,19.80530723760047,116.66288947450198
0.6,26,0.6,5.0,3.0,2.7227136331111543,4.900884539600078,0.10202239941788162,0.9794150344116634,2.020584965588337,7.068583470577034,19.80530723760047,139.99546736940238
0.6,26,0.7,5.0,3.0,2.7227136331111543,4.900884539600078,0.10202239941788162,0.9794150344116634,2.020584965588337,8.246680715673206,19.80530723760047,163.32804526430277
0.6,26,0.8,5.0,3.0,2.7227136331111543,4.900884539600078,0.10202239941788162,0.9794150344116634,2.020584965588337,9.42477796076938,19.80530723760047,186.6606231592032
0.6,26,0.9,5.0,3.0,2.7227136331111543,4.900884539600078,0.10202239941788162,0.9794150344116634,2.020584965588337,10.602875205865551,19.80530723760047,209.99320105410357
0.6,26,1.0,5.0,3.0,2.7227136331111543,4.900884539600078,0.10202239941788162,0.9794150344116634,2.020584965588337,11.780972450961723,19.80530723760047,233.32577894900396
0.6,26,1.1,5.0,3.0,2.7227136331111543,4.900884539600078,0.10202239941788162,0.9794150344116634,2.020584965588337,12.959069696057897,19.80530723760047,256.6583568439044
0.6,26,1.2,5.0,3.0,2.7227136331111543,4.900884539600078,0.10202239941788162,0.9794150344116634,2.020584965588337,14.137166941154067,19.80530723760047,279.99093473880475
0.6,26,1.3,5.0,3.0,2.7227136331111543,4.900884539600078,0.10202239941788162,0.9794150344116634,2.020584965588337,15.315264186250241,19.80530723760047,303.32351263370515
0.6,26,1.4,5.0,3.0,2.7227136331111543,4.900884539600078,0.10202239941788162,0.9794150344116634,2.020584965588337,16.49336143134641,19.80530723760047,326.65609052860555
0.6,26,1.5,5.0,3.0,2.7227136331111543,4.900884539600078,0.10202239941788162,0.9794150344116634,2.020584965588337,17.671458676442587,19.80530723760047,349.988668423506
0.6,26,1.6,5.0,3.0,2.7227136331111543,4.900884539600078,0.10202239941788162,0.9794150344116634,2.020584965588337,18.84955592153876,19.80530723760047,373.3212463184064
0.6,26,1.7,5.0,3.0,2.7227136331111543,4.900884539600078,0.10202239941788162,0.9794150344116634,2.020584965588337,20.02765316663493,19.80530723760047,396.6538242133068
0.6,26,1.8,5.0,3.0,2.7227136331111543,4.900884539600078,0.10202239941788162,0.9794150344116634,2.020584965588337,21.205750411731103,19.80530723760047,419.98640210820713
0.6,26,1.9,5.0,3.0,2.7227136331111543,4.900884539600078,0.10202239941788162,0.9794150344116634,2.020584965588337,22.383847656827275,19.80530723760047,443.3189800031075
0.6,26,2.0,5.0,3.0,2.7227136331111543,4.900884539600078,0.10202239941788162,0.9794150344116634,2.020584965588337,23.561944901923447,19.80530723760047,466.6515578980079
0.6,27,0.1,5.0,3.0,2.827433388230814,5.089380098815465,0.09824379203203415,0.9431404035075279,2.056859596492472,1.1780972450961724,20.936280592892793,24.66497448904746
0.6,27,0.2,5.0,3.0,2.827433388230814,5.089380098815465,0.09824379203203415,0.9431404035075279,2.056859596492472,2.356194490192345,20.936280592892793,49.32994897809492
0.6,27,0.3,5.0,3.0,2.827433388230814,5.089380098815465,0.09824379203203415,0.9431404035075279,2.056859596492472,3.534291735288517,20.936280592892793,73.99492346714237
0.6,27,0.4,5.0,3.0,2.827433388230814,5.089380098815465,0.09824379203203415,0.9431404035075279,2.056859596492472,4.71238898038469,20.936280592892793,98.65989795618984
0.6,27,0.5,5.0,3.0,2.827433388230814,5.089380098815465,0.09824379203203415,0.9431404035075279,2.056859596492472,5.890486225480862,20.936280592892793,123.32487244523728
0.6,27,0.6,5.0,3.0,2.827433388230814,5.089380098815465,0.09824379203203415,0.9431404035075279,2.056859596492472,7.068583470577034,20.936280592892793,147.98984693428474
0.6,27,0.7,5.0,3.0,2.827433388230814,5.089380098815465,0.09824379203203415,0.9431404035075279,2.056859596492472,8.246680715673206,20.936280592892793,172.65482142333218
0.6,27,0.8,5.0,3.0,2.827433388230814,5.089380098815465,0.09824379203203415,0.9431404035075279,2.056859596492472,9.42477796076938,20.936280592892793,197.31979591237967
0.6,27,0.9,5.0,3.0,2.827433388230814,5.089380098815465,0.09824379203203415,0.9431404035075279,2.056859596492472,10.602875205865551,20.936280592892793,221.9847704014271
0.6,27,1.0,5.0,3.0,2.827433388230814,5.089380098815465,0.09824379203203415,0.9431404035075279,2.056859596492472,11.780972450961723,20.936280592892793,246.64974489047455
0.6,27,1.1,5.0,3.0,2.827433388230814,5.089380098815465,0.09824379203203415,0.9431404035075279,2.056859596492472,12.959069696057897,20.936280592892793,271.31471937952205
0.6,27,1.2,5.0,3.0,2.827433388230814,5.089380098815465,0.09824379203203415,0.9431404035075279,2.056859596492472,14.137166941154067,20.936280592892793,295.9796938685695
0.6,27,1.3,5.0,3.0,2.827433388230814,5.089380098815465,0.09824379203203415,0.9431404035075279,2.056859596492472,15.315264186250241,20.936280592892793,320.6446683576169
0.6,27,1.4,5.0,3.0,2.827433388230814,5.089380098815465,0.09824379203203415,0.9431404035075279,2.056859596492472,16.49336143134641,20.936280592892793,345.30964284666436
0.6,27,1.5,5.0,3.0,2.827433388230814,5.089380098815465,0.09824379203203415,0.9431404035075279,2.056859596492472,17.671458676442587,20.936280592892793,369.9746173357119
0.6,27,1.6,5.0,3.0,2.827433388230814,5.089380098815465,0.09824379203203415,0.9431404035075279,2.056859596492472,18.84955592153876,20.936280592892793,394.63959182475935
0.6,27,1.7,5.0,3.0,2.827433388230814,5.089380098815465,0.09824379203203415,0.9431404035075279,2.056859596492472,20.02765316663493,20.936280592892793,419.3045663138068
0.6,27,1.8,5.0,3.0,2.827433388230814,5.089380098815465,0.09824379203203415,0.9431404035075279,2.056859596492472,21.205750411731103,20.936280592892793,443.9695408028542
0.6,27,1.9,5.0,3.0,2.827433388230814,5.089380098815465,0.09824379203203415,0.9431404035075279,2.056859596492472,22.383847656827275,20.936280592892793,468.63451529190166
0.6,27,2.0,5.0,3.0,2.827433388230814,5.089380098815465,0.09824379203203415,0.9431404035075279,2.056859596492472,23.561944901923447,20.936280592892793,493.2994897809491
0.6,28,0.1,5.0,3.0,2.9321531433504737,5.277875658030853,0.09473508517374722,0.9094568176679733,2.0905431823320266,1.1780972450961724,22.067253948185115,25.99737108319452
0.6,28,0.2,5.0,3.0,2.9321531433504737,5.277875658030853,0.09473508517374722,0.9094568176679733,2.0905431823320266,2.356194490192345,22.067253948185115,51.99474216638904
0.6,28,0.3,5.0,3.0,2.9321531433504737,5.277875658030853,0.09473508517374722,0.9094568176679733,2.0905431823320266,3.534291735288517,22.067253948185115,77.99211324958354
0.6,28,0.4,5.0,3.0,2.9321531433504737,5.277875658030853,0.09473508517374722,0.9094568176679733,2.0905431823320266,4.71238898038469,22.067253948185115,103.98948433277808
0.6,28,0.5,5.0,3.0,2.9321531433504737,5.277875658030853,0.09473508517374722,0.9094568176679733,2.0905431823320266,5.890486225480862,22.067253948185115,129.98685541597257
0.6,28,0.6,5.0,3.0,2.9321531433504737,5.277875658030853,0.09473508517374722,0.9094568176679733,2.0905431823320266,7.068583470577034,22.067253948185115,155.98422649916708
0.6,28,0.7,5.0,3.0,2.9321531433504737,5.277875658030853,0.09473508517374722,0.9094568176679733,2.0905431823320266,8.246680715673206,22.067253948185115,181.9815975823616
0.6,28,0.8,5.0,3.0,2.9321531433504737,5.277875658030853,0.09473508517374722,0.9094568176679733,2.0905431823320266,9.42477796076938,22.067253948185115,207.97896866555615
0.6,28,0.9,5.0,3.0,2.9321531433504737,5.277875658030853,0.09473508517374722,0.9094568176679733,2.0905431823320266,10.602875205865551,22.067253948185115,233.97633974875066
0.6,28,1.0,5.0,3.0,2.9321531433504737,5.277875658030853,0.09473508517374722,0.9094568176679733,2.0905431823320266,11.780972450961723,22.067253948185115,259.97371083194514
0.6,28,1.1,5.0,3.0,2.9321531433504737,5.277875658030853,0.09473508517374722,0.9094568176679733,2.0905431823320266,12.959069696057897,22.067253948185115,285.97108191513973
0.6,28,1.2,5.0,3.0,2.9321531433504737,5.277875658030853,0.09473508517374722,0.9094568176679733,2.0905431823320266,14.137166941154067,22.067253948185115,311.96845299833416
0.6,28,1.3,5.0,3.0,2.9321531433504737,5.277875658030853,0.09473508517374722,0.9094568176679733,2.0905431823320266,15.315264186250241,22.067253948185115,337.96582408152875
0.6,28,1.4,5.0,3.0,2.9321531433504737,5.277875658030853,0.09473508517374722,0.9094568176679733,2.0905431823320266,16.49336143134641,22.067253948185115,363.9631951647232
0.6,28,1.5,5.0,3.0,2.9321531433504737,5.277875658030853,0.09473508517374722,0.9094568176679733,2.0905431823320266,17.671458676442587,22.067253948185115,389.96056624791777
0.6,28,1.6,5.0,3.0,2.9321531433504737,5.277875658030853,0.09473508517374722,0.9094568176679733,2.0905431823320266,18.84955592153876,22.067253948185115,415.9579373311123
0.6,28,1.7,5.0,3.0,2.9321531433504737,5.277875658030853,0.09473508517374722,0.9094568176679733,2.0905431823320266,20.02765316663493,22.067253948185115,441.9553084143068
0.6,28,1.8,5.0,3.0,2.9321531433504737,5.277875658030853,0.09473508517374722,0.9094568176679733,2.0905431823320266,21.205750411731103,22.067253948185115,467.9526794975013
0.6,28,1.9,5.0,3.0,2.9321531433504737,5.277875658030853,0.09473508517374722,0.9094568176679733,2.0905431823320266,22.383847656827275,22.067253948185115,493.9500505806958
0.6,28,2.0,5.0,3.0,2.9321531433504737,5.277875658030853,0.09473508517374722,0.9094568176679733,2.0905431823320266,23.561944901923447,22.067253948185115,519.9474216638903
0.6,29,0.1,5.0,3.0,3.0368728984701336,5.466371217246241,0.0914683580987904,0.878096237748388,2.121903762251612,1.1780972450961724,23.19822730347745,27.32976767734159
0.6,29,0.2,5.0,3.0,3.0368728984701336,5.466371217246241,0.0914683580987904,0.878096237748388,2.121903762251612,2.356194490192345,23.19822730347745,54.65953535468318
0.6,29,0.3,5.0,3.0,3.0368728984701336,5.466371217246241,0.0914683580987904,0.878096237748388,2.121903762251612,3.534291735288517,23.19822730347745,81.98930303202476
0.6,29,0.4,5.0,3.0,3.0368728984701336,5.466371217246241,0.0914683580987904,0.878096237748388,2.121903762251612,4.71238898038469,23.19822730347745,109.31907070936636
0.6,29,0.5,5.0,3.0,3.0368728984701336,5.466371217246241,0.0914683580987904,0.878096237748388,2.121903762251612,5.890486225480862,23.19822730347745,136.64883838670795
0.6,29,0.6,5.0,3.0,3.0368728984701336,5.466371217246241,0.0914683580987904,0.878096237748388,2.121903762251612,7.068583470577034,23.19822730347745,163.97860606404953
0.6,29,0.7,5.0,3.0,3.0368728984701336,5.466371217246241,0.0914683580987904,0.878096237748388,2.121903762251612,8.246680715673206,23.19822730347745,191.3083737413911
0.6,29,0.8,5.0,3.0,3.0368728984701336,5.466371217246241,0.0914683580987904,0.878096237748388,2.121903762251612,9.42477796076938,23.19822730347745,218.63814141873272
0.6,29,0.9,5.0,3.0,3.0368728984701336,5.466371217246241,0.0914683580987904,0.878096237748388,2.121903762251612,10.602875205865551,23.19822730347745,245.9679090960743
0.6,29,1.0,5.0,3.0,3.0368728984701336,5.466371217246241,0.0914683580987904,0.878096237748388,2.121903762251612,11.780972450961723,23.19822730347745,273.2976767734159
0.6,29,1.1,5.0,3.0,3.0368728984701336,5.466371217246241,0.0914683580987904,0.878096237748388,2.121903762251612,12.959069696057897,23.19822730347745,300.62744445075754
0.6,29,1.2,5.0,3.0,3.0368728984701336,5.466371217246241,0.0914683580987904,0.878096237748388,2.121903762251612,14.137166941154067,23.19822730347745,327.95721212809906
0.6,29,1.3,5.0,3.0,3.0368728984701336,5.466371217246241,0.0914683580987904,0.878096237748388,2.121903762251612,15.315264186250241,23.19822730347745,355.2869798054407
0.6,29,1.4,5.0,3.0,3.0368728984701336,5.466371217246241,0.0914683580987904,0.878096237748388,2.121903762251612,16.49336143134641,23.19822730347745,382.6167474827822
0.6,29,1.5,5.0,3.0,3.0368728984701336,5.466371217246241,0.0914683580987904,0.878096237748388,2.121903762251612,17.671458676442587,23.19822730347745,409.94651516012385
0.6,29,1.6,5.0,3.0,3.0368728984701336,5.466371217246241,0.0914683580987904,0.878096237748388,2.121903762251612,18.84955592153876,23.19822730347745,437.27628283746543
0.6,29,1.7,5.0,3.0,3.0368728984701336,5.466371217246241,0.0914683580987904,0.878096237748388,2.121903762251612,20.02765316663493,23.19822730347745,464.606050514807
0.6,29,1.8,5.0,3.0,3.0368728984701336,5.466371217246241,0.0914683580987904,0.878096237748388,2.121903762251612,21.205750411731103,23.19822730347745,491.9358181921486
0.6,29,1.9,5.0,3.0,3.0368728984701336,5.466371217246241,0.0914683580987904,0.878096237748388,2.121903762251612,22.383847656827275,23.19822730347745,519.2655858694902
0.6,29,2.0,5.0,3.0,3.0368728984701336,5.466371217246241,0.0914683580987904,0.878096237748388,2.121903762251612,23.561944901923447,23.19822730347745,546.5953535468318
0.6,30,0.1,5.0,3.0,3.1415926535897927,5.654866776461627,0.08841941282883076,0.8488263631567752,2.151173636843225,1.1780972450961724,24.32920065876976,28.66216427148864
0.6,30,0.2,5.0,3.0,3.1415926535897927,5.654866776461627,0.08841941282883076,0.8488263631567752,2.151173636843225,2.356194490192345,24.32920065876976,57.32432854297728
0.6,30,0.3,5.0,3.0,3.1415926535897927,5.654866776461627,0.08841941282883076,0.8488263631567752,2.151173636843225,3.534291735288517,24.32920065876976,85.9864928144659
0.6,30,0.4,5.0,3.0,3.1415926535897927,5.654866776461627,0.08841941282883076,0.8488263631567752,2.151173636843225,4.71238898038469,24.32920065876976,114.64865708595455
0.6,30,0.5,5.0,3.0,3.1415926535897927,5.654866776461627,0.08841941282883076,0.8488263631567752,2.151173636843225,5.890486225480862,24.32920065876976,143.3108213574432
0.6,30,0.6,5.0,3.0,3.1415926535897927,5.654866776461627,0.08841941282883076,0.8488263631567752,2.151173636843225,7.068583470577034,24.32920065876976,171.9729856289318
0.6,30,0.7,5.0,3.0,3.1415926535897927,5.654866776461627,0.08841941282883076,0.8488263631567752,2.151173636843225,8.246680715673206,24.32920065876976,200.63514990042043
0.6,30,0.8,5.0,3.0,3.1415926535897927,5.654866776461627,0.08841941282883076,0.8488263631567752,2.151173636843225,9.42477796076938,24.32920065876976,229.2973141719091
0.6,30,0.9,5.0,3.0,3.1415926535897927,5.654866776461627,0.08841941282883076,0.8488263631567752,2.151173636843225,10.602875205865551,24.32920065876976,257.95947844339776
0.6,30,1.0,5.0,3.0,3.1415926535897927,5.654866776461627,0.08841941282883076,0.8488263631567752,2.151173636843225,11.780972450961723,24.32920065876976,286.6216427148864
0.6,30,1.1,5.0,3.0,3.1415926535897927,5.654866776461627,0.08841941282883076,0.8488263631567752,2.151173636843225,12.959069696057897,24.32920065876976,315.28380698637505
0.6,30,1.2,5.0,3.0,3.1415926535897927,5.654866776461627,0.08841941282883076,0.8488263631567752,2.151173636843225,14.137166941154067,24.32920065876976,343.9459712578636
0.6,30,1.3,5.0,3.0,3.1415926535897927,5.654866776461627,0.08841941282883076,0.8488263631567752,2.151173636843225,15.315264186250241,24.32920065876976,372.6081355293523
0.6,30,1.4,5.0,3.0,3.1415926535897927,5.654866776461627,0.08841941282883076,0.8488263631567752,2.151173636843225,16.49336143134641,24.32920065876976,401.27029980084086
0.6,30,1.5,5.0,3.0,3.1415926535897927,5.654866776461627,0.08841941282883076,0.8488263631567752,2.151173636843225,17.671458676442587,24.32920065876976,429.9324640723296
0.6,30,1.6,5.0,3.0,3.1415926535897927,5.654866776461627,0.08841941282883076,0.8488263631567752,2.151173636843225,18.84955592153876,24.32920065876976,458.5946283438182
0.6,30,1.7,5.0,3.0,3.1415926535897927,5.654866776461627,0.08841941282883076,0.8488263631567752,2.151173636843225,20.02765316663493,24.32920065876976,487.25679261530684
0.6,30,1.8,5.0,3.0,3.1415926535897927,5.654866776461627,0.08841941282883076,0.8488263631567752,2.151173636843225,21.205750411731103,24.32920065876976,515.9189568867955
0.6,30,1.9,5.0,3.0,3.1415926535897927,5.654866776461627,0.08841941282883076,0.8488263631567752,2.151173636843225,22.383847656827275,24.32920065876976,544.5811211582841
0.6,30,2.0,5.0,3.0,3.1415926535897927,5.654866776461627,0.08841941282883076,0.8488263631567752,2.151173636843225,23.561944901923447,24.32920065876976,573.2432854297728
0.6,31,0.1,5.0,3.0,3.2463124087094526,5.843362335677015,0.08556717370532008,0.9583523454995849,2.041647654500415,1.1780972450961724,23.86017401406209,28.10960527348183
0.6,31,0.2,5.0,3.0,3.2463124087094526,5.843362335677015,0.08556717370532008,0.9583523454995849,2.041647654500415,2.356194490192345,23.86017401406209,56.21921054696366
0.6,31,0.3,5.0,3.0,3.2463124087094526,5.843362335677015,0.08556717370532008,0.9583523454995849,2.041647654500415,3.534291735288517,23.86017401406209,84.32881582044547
0.6,31,0.4,5.0,3.0,3.2463124087094526,5.843362335677015,0.08556717370532008,0.9583523454995849,2.041647654500415,4.71238898038469,23.86017401406209,112.43842109392732
0.6,31,0.5,5.0,3.0,3.2463124087094526,5.843362335677015,0.08556717370532008,0.9583523454995849,2.041647654500415,5.890486225480862,23.86017401406209,140.54802636740914
0.6,31,0.6,5.0,3.0,3.2463124087094526,5.843362335677015,0.08556717370532008,0.9583523454995849,2.041647654500415,7.068583470577034,23.86017401406209,168.65763164089094
0.6,31,0.7,5.0,3.0,3.2463124087094526,5.843362335677015,0.08556717370532008,0.9583523454995849,2.041647654500415,8.246680715673206,23.86017401406209,196.76723691437277
0.6,31,0.8,5.0,3.0,3.2463124087094526,5.843362335677015,0.08556717370532008,0.9583523454995849,2.041647654500415,9.42477796076938,23.86017401406209,224.87684218785463
0.6,31,0.9,5.0,3.0,3.2463124087094526,5.843362335677015,0.08556717370532008,0.9583523454995849,2.041647654500415,10.602875205865551,23.86017401406209,252.98644746133644
0.6,31,1.0,5.0,3.0,3.2463124087094526,5.843362335677015,0.08556717370532008,0.9583523454995849,2.041647654500415,11.780972450961723,23.86017401406209,281.0960527348183
0.6,31,1.1,5.0,3.0,3.2463124087094526,5.843362335677015,0.08556717370532008,0.9583523454995849,2.041647654500415,12.959069696057897,23.86017401406209,309.20565800830013
0.6,31,1.2,5.0,3.0,3.2463124087094526,5.843362335677015,0.08556717370532008,0.9583523454995849,2.041647654500415,14.137166941154067,23.86017401406209,337.3152632817819
0.6,31,1.3,5.0,3.0,3.2463124087094526,5.843362335677015,0.08556717370532008,0.9583523454995849,2.041647654500415,15.315264186250241,23.86017401406209,365.42486855526374
0.6,31,1.4,5.0,3.0,3.2463124087094526,5.843362335677015,0.08556717370532008,0.9583523454995849,2.041647654500415,16.49336143134641,23.86017401406209,393.53447382874555
0.6,31,1.5,5.0,3.0,3.2463124087094526,5.843362335677015,0.08556717370532008,0.9583523454995849,2.041647654500415,17.671458676442587,23.86017401406209,421.64407910222747
0.6,31,1.6,5.0,3.0,3.2463124087094526,5.843362335677015,0.08556717370532008,0.9583523454995849,2.041647654500415,18.84955592153876,23.86017401406209,449.75368437570927
0.6,31,1.7,5.0,3.0,3.2463124087094526,5.843362335677015,0.08556717370532008,0.9583523454995849,2.041647654500415,20.02765316663493,23.86017401406209,477.8632896491911
0.6,31,1.8,5.0,3.0,3.2463124087094526,5.843362335677015,0.08556717370532008,0.9583523454995849,2.041647654500415,21.205750411731103,23.86017401406209,505.9728949226729
0.6,31,1.9,5.0,3.0,3.2463124087094526,5.843362335677015,0.08556717370532008,0.9583523454995849,2.041647654500415,22.383847656827275,23.86017401406209,534.0825001961547
0.6,31,2.0,5.0,3.0,3.2463124087094526,5.843362335677015,0.08556717370532008,0.9583523454995849,2.041647654500415,23.561944901923447,23.86017401406209,562.1921054696365
0.6,32,0.1,5.0,3.0,3.3510321638291125,6.031857894892402,0.08289319952702882,0.9284038347027228,2.071596165297277,1.1780972450961724,24.991147369354415,29.442001867628893
0.6,32,0.2,5.0,3.0,3.3510321638291125,6.031857894892402,0.08289319952702882,0.9284038347027228,2.071596165297277,2.356194490192345,24.991147369354415,58.884003735257785
0.6,32,0.3,5.0,3.0,3.3510321638291125,6.031857894892402,0.08289319952702882,0.9284038347027228,2.071596165297277,3.534291735288517,24.991147369354415,88.32600560288667
0.6,32,0.4,5.0,3.0,3.3510321638291125,6.031857894892402,0.08289319952702882,0.9284038347027228,2.071596165297277,4.71238898038469,24.991147369354415,117.76800747051557
0.6,32,0.5,5.0,3.0,3.3510321638291125,6.031857894892402,0.08289319952702882,0.9284038347027228,2.071596165297277,5.890486225480862,24.991147369354415,147.21000933814446
0.6,32,0.6,5.0,3.0,3.3510321638291125,6.031857894892402,0.08289319952702882,0.9284038347027228,2.071596165297277,7.068583470577034,24.991147369354415,176.65201120577333
0.6,32,0.7,5.0,3.0,3.3510321638291125,6.031857894892402,0.08289319952702882,0.9284038347027228,2.071596165297277,8.246680715673206,24.991147369354415,206.0940130734022
0.6,32,0.8,5.0,3.0,3.3510321638291125,6.031857894892402,0.08289319952702882,0.9284038347027228,2.071596165297277,9.42477796076938,24.991147369354415,235.53601494103114
0.6,32,0.9,5.0,3.0,3.3510321638291125,6.031857894892402,0.08289319952702882,0.9284038347027228,2.071596165297277,10.602875205865551,24.991147369354415,264.97801680866
0.6,32,1.0,5.0,3.0,3.3510321638291125,6.031857894892402,0.08289319952702882,0.9284038347027228,2.071596165297277,11.780972450961723,24.991147369354415,294.4200186762889
0.6,32,1.1,5.0,3.0,3.3510321638291125,6.031857894892402,0.08289319952702882,0.9284038347027228,2.071596165297277,12.959069696057897,24.991147369354415,323.8620205439178
0.6,32,1.2,5.0,3.0,3.3510321638291125,6.031857894892402,0.08289319952702882,0.9284038347027228,2.071596165297277,14.137166941154067,24.991147369354415,353.30402241154667
0.6,32,1.3,5.0,3.0,3.3510321638291125,6.031857894892402,0.08289319952702882,0.9284038347027228,2.071596165297277,15.315264186250241,24.991147369354415,382.7460242791756
0.6,32,1.4,5.0,3.0,3.3510321638291125,6.031857894892402,0.08289319952702882,0.9284038347027228,2.071596165297277,16.49336143134641,24.991147369354415,412.1880261468044
0.6,32,1.5,5.0,3.0,3.3510321638291125,6.031857894892402,0.08289319952702882,0.9284038347027228,2.071596165297277,17.671458676442587,24.991147369354415,441.63002801443344
0.6,32,1.6,5.0,3.0,3.3510321638291125,6.031857894892402,0.08289319952702882,0.9284038347027228,2.071596165297277,18.84955592153876,24.991147369354415,471.0720298820623
0.6,32,1.7,5.0,3.0,3.3510321638291125,6.031857894892402,0.08289319952702882,0.9284038347027228,2.071596165297277,20.02765316663493,24.991147369354415,500.5140317496912
0.6,32,1.8,5.0,3.0,3.3510321638291125,6.031857894892402,0.08289319952702882,0.9284038347027228,2.071596165297277,21.205750411731103,24.991147369354415,529.95603361732
0.6,32,1.9,5.0,3.0,3.3510321638291125,6.031857894892402,0.08289319952702882,0.9284038347027228,2.071596165297277,22.383847656827275,24.991147369354415,559.398035484949
0.6,32,2.0,5.0,3.0,3.3510321638291125,6.031857894892402,0.08289319952702882,0.9284038347027228,2.071596165297277,23.561944901923447,24.991147369354415,588.8400373525778
0.6,33,0.1,5.0,3.0,3.4557519189487724,6.220353454107791,0.08038128438984612,0.9002703851662767,2.0997296148337234,1.1780972450961724,26.122120724646745,30.774398461775963
0.6,33,0.2,5.0,3.0,3.4557519189487724,6.220353454107791,0.08038128438984612,0.9002703851662767,2.0997296148337234,2.356194490192345,26.122120724646745,61.548796923551926
0.6,33,0.3,5.0,3.0,3.4557519189487724,6.220353454107791,0.08038128438984612,0.9002703851662767,2.0997296148337234,3.534291735288517,26.122120724646745,92.32319538532788
0.6,33,0.4,5.0,3.0,3.4557519189487724,6.220353454107791,0.08038128438984612,0.9002703851662767,2.0997296148337234,4.71238898038469,26.122120724646745,123.09759384710385
0.6,33,0.5,5.0,3.0,3.4557519189487724,6.220353454107791,0.08038128438984612,0.9002703851662767,2.0997296148337234,5.890486225480862,26.122120724646745,153.87199230887978
0.6,33,0.6,5.0,3.0,3.4557519189487724,6.220353454107791,0.08038128438984612,0.9002703851662767,2.0997296148337234,7.068583470577034,26.122120724646745,184.64639077065576
0.6,33,0.7,5.0,3.0,3.4557519189487724,6.220353454107791,0.08038128438984612,0.9002703851662767,2.0997296148337234,8.246680715673206,26.122120724646745,215.4207892324317
0.6,33,0.8,5.0,3.0,3.4557519189487724,6.220353454107791,0.08038128438984612,0.9002703851662767,2.0997296148337234,9.42477796076938,26.122120724646745,246.1951876942077
0.6,33,0.9,5.0,3.0,3.4557519189487724,6.220353454107791,0.08038128438984612,0.9002703851662767,2.0997296148337234,10.602875205865551,26.122120724646745,276.9695861559836
0.6,33,1.0,5.0,3.0,3.4557519189487724,6.220353454107791,0.08038128438984612,0.9002703851662767,2.0997296148337234,11.780972450961723,26.122120724646745,307.74398461775957
0.6,33,1.1,5.0,3.0,3.4557519189487724,6.220353454107791,0.08038128438984612,0.9002703851662767,2.0997296148337234,12.959069696057897,26.122120724646745,338.51838307953557
0.6,33,1.2,5.0,3.0,3.4557519189487724,6.220353454107791,0.08038128438984612,0.9002703851662767,2.0997296148337234,14.137166941154067,26.122120724646745,369.2927815413115
0.6,33,1.3,5.0,3.0,3.4557519189487724,6.220353454107791,0.08038128438984612,0.9002703851662767,2.0997296148337234,15.315264186250241,26.122120724646745,400.0671800030875
0.6,33,1.4,5.0,3.0,3.4557519189487724,6.220353454107791,0.08038128438984612,0.9002703851662767,2.0997296148337234,16.49336143134641,26.122120724646745,430.8415784648634
0.6,33,1.5,5.0,3.0,3.4557519189487724,6.220353454107791,0.08038128438984612,0.9002703851662767,2.0997296148337234,17.671458676442587,26.122120724646745,461.61597692663946
0.6,33,1.6,5.0,3.0,3.4557519189487724,6.220353454107791,0.08038128438984612,0.9002703851662767,2.0997296148337234,18.84955592153876,26.122120724646745,492.3903753884154
0.6,33,1.7,5.0,3.0,3.4557519189487724,6.220353454107791,0.08038128438984612,0.9002703851662767,2.0997296148337234,20.02765316663493,26.122120724646745,523.1647738501913
0.6,33,1.8,5.0,3.0,3.4557519189487724,6.220353454107791,0.08038128438984612,0.9002703851662767,2.0997296148337234,21.205750411731103,26.122120724646745,553.9391723119672
0.6,33,1.9,5.0,3.0,3.4557519189487724,6.220353454107791,0.08038128438984612,0.9002703851662767,2.0997296148337234,22.383847656827275,26.122120724646745,584.7135707737432
0.6,33,2.0,5.0,3.0,3.4557519189487724,6.220353454107791,0.08038128438984612,0.9002703851662767,2.0997296148337234,23.561944901923447,26.122120724646745,615.4879692355191
0.6,34,0.1,5.0,3.0,3.5604716740684323,6.408849013323178,0.07801712896661536,0.8737918444260919,2.126208155573908,1.1780972450961724,27.25309407993907,32.10679505592302
0.6,34,0.2,5.0,3.0,3.5604716740684323,6.408849013323178,0.07801712896661536,0.8737918444260919,2.126208155573908,2.356194490192345,27.25309407993907,64.21359011184605
0.6,34,0.3,5.0,3.0,3.5604716740684323,6.408849013323178,0.07801712896661536,0.8737918444260919,2.126208155573908,3.534291735288517,27.25309407993907,96.32038516776906
0.6,34,0.4,5.0,3.0,3.5604716740684323,6.408849013323178,0.07801712896661536,0.8737918444260919,2.126208155573908,4.71238898038469,27.25309407993907,128.4271802236921
0.6,34,0.5,5.0,3.0,3.5604716740684323,6.408849013323178,0.07801712896661536,0.8737918444260919,2.126208155573908,5.890486225480862,27.25309407993907,160.5339752796151
0.6,34,0.6,5.0,3.0,3.5604716740684323,6.408849013323178,0.07801712896661536,0.8737918444260919,2.126208155573908,7.068583470577034,27.25309407993907,192.64077033553812
0.6,34,0.7,5.0,3.0,3.5604716740684323,6.408849013323178,0.07801712896661536,0.8737918444260919,2.126208155573908,8.246680715673206,27.25309407993907,224.74756539146114
0.6,34,0.8,5.0,3.0,3.5604716740684323,6.408849013323178,0.07801712896661536,0.8737918444260919,2.126208155573908,9.42477796076938,27.25309407993907,256.8543604473842
0.6,34,0.9,5.0,3.0,3.5604716740684323,6.408849013323178,0.07801712896661536,0.8737918444260919,2.126208155573908,10.602875205865551,27.25309407993907,288.9611555033072
0.6,34,1.0,5.0,3.0,3.5604716740684323,6.408849013323178,0.07801712896661536,0.8737918444260919,2.126208155573908,11.780972450961723,27.25309407993907,321.0679505592302
0.6,34,1.1,5.0,3.0,3.5604716740684323,6.408849013323178,0.07801712896661536,0.8737918444260919,2.126208155573908,12.959069696057897,27.25309407993907,353.1747456151533
0.6,34,1.2,5.0,3.0,3.5604716740684323,6.408849013323178,0.07801712896661536,0.8737918444260919,2.126208155573908,14.137166941154067,27.25309407993907,385.28154067107624
0.6,34,1.3,5.0,3.0,3.5604716740684323,6.408849013323178,0.07801712896661536,0.8737918444260919,2.126208155573908,15.315264186250241,27.25309407993907,417.38833572699934
0.6,34,1.4,5.0,3.0,3.5604716740684323,6.408849013323178,0.07801712896661536,0.8737918444260919,2.126208155573908,16.49336143134641,27.25309407993907,449.4951307829223
0.6,34,1.5,5.0,3.0,3.5604716740684323,6.408849013323178,0.07801712896661536,0.8737918444260919,2.126208155573908,17.671458676442587,27.25309407993907,481.6019258388454
0.6,34,1.6,5.0,3.0,3.5604716740684323,6.408849013323178,0.07801712896661536,0.8737918444260919,2.126208155573908,18.84955592153876,27.25309407993907,513.7087208947684
0.6,34,1.7,5.0,3.0,3.5604716740684323,6.408849013323178,0.07801712896661536,0.8737918444260919,2.126208155573908,20.02765316663493,27.25309407993907,545.8155159506914
0.6,34,1.8,5.0,3.0,3.5604716740684323,6.408849013323178,0.07801712896661536,0.8737918444260919,2.126208155573908,21.205750411731103,27.25309407993907,577.9223110066144
0.6,34,1.9,5.0,3.0,3.5604716740684323,6.408849013323178,0.07801712896661536,0.8737918444260919,2.126208155573908,22.383847656827275,27.25309407993907,610.0291060625375
0.6,34,2.0,5.0,3.0,3.5604716740684323,6.408849013323178,0.07801712896661536,0.8737918444260919,2.126208155573908,23.561944901923447,27.25309407993907,642.1359011184604
0.6,35,0.1,5.0,3.0,3.665191429188092,6.5973445725385655,0.07578806813899779,0.8488263631567752,2.151173636843225,1.1780972450961724,28.38406743523139,33.43919165007008
0.6,35,0.2,5.0,3.0,3.665191429188092,6.5973445725385655,0.07578806813899779,0.8488263631567752,2.151173636843225,2.356194490192345,28.38406743523139,66.87838330014016
0.6,35,0.3,5.0,3.0,3.665191429188092,6.5973445725385655,0.07578806813899779,0.8488263631567752,2.151173636843225,3.534291735288517,28.38406743523139,100.31757495021023
0.6,35,0.4,5.0,3.0,3.665191429188092,6.5973445725385655,0.07578806813899779,0.8488263631567752,2.151173636843225,4.71238898038469,28.38406743523139,133.75676660028032
0.6,35,0.5,5.0,3.0,3.665191429188092,6.5973445725385655,0.07578806813899779,0.8488263631567752,2.151173636843225,5.890486225480862,28.38406743523139,167.1959582503504
0.6,35,0.6,5.0,3.0,3.665191429188092,6.5973445725385655,0.07578806813899779,0.8488263631567752,2.151173636843225,7.068583470577034,28.38406743523139,200.63514990042046
0.6,35,0.7,5.0,3.0,3.665191429188092,6.5973445725385655,0.07578806813899779,0.8488263631567752,2.151173636843225,8.246680715673206,28.38406743523139,234.07434155049054
0.6,35,0.8,5.0,3.0,3.665191429188092,6.5973445725385655,0.07578806813899779,0.8488263631567752,2.151173636843225,9.42477796076938,28.38406743523139,267.51353320056063
0.6,35,0.9,5.0,3.0,3.665191429188092,6.5973445725385655,0.07578806813899779,0.8488263631567752,2.151173636843225,10.602875205865551,28.38406743523139,300.9527248506307
0.6,35,1.0,5.0,3.0,3.665191429188092,6.5973445725385655,0.07578806813899779,0.8488263631567752,2.151173636843225,11.780972450961723,28.38406743523139,334.3919165007008
0.6,35,1.1,5.0,3.0,3.665191429188092,6.5973445725385655,0.07578806813899779,0.8488263631567752,2.151173636843225,12.959069696057897,28.38406743523139,367.8311081507709
0.6,35,1.2,5.0,3.0,3.665191429188092,6.5973445725385655,0.07578806813899779,0.8488263631567752,2.151173636843225,14.137166941154067,28.38406743523139,401.2702998008409
0.6,35,1.3,5.0,3.0,3.665191429188092,6.5973445725385655,0.07578806813899779,0.8488263631567752,2.151173636843225,15.315264186250241,28.38406743523139,434.70949145091106
0.6,35,1.4,5.0,3.0,3.665191429188092,6.5973445725385655,0.07578806813899779,0.8488263631567752,2.151173636843225,16.49336143134641,28.38406743523139,468.1486831009811
0.6,35,1.5,5.0,3.0,3.665191429188092,6.5973445725385655,0.07578806813899779,0.8488263631567752,2.151173636843225,17.671458676442587,28.38406743523139,501.58787475105123
0.6,35,1.6,5.0,3.0,3.665191429188092,6.5973445725385655,0.07578806813899779,0.8488263631567752,2.151173636843225,18.84955592153876,28.38406743523139,535.0270664011213
0.6,35,1.7,5.0,3.0,3.665191429188092,6.5973445725385655,0.07578806813899779,0.8488263631567752,2.151173636843225,20.02765316663493,28.38406743523139,568.4662580511914
0.6,35,1.8,5.0,3.0,3.665191429188092,6.5973445725385655,0.07578806813899779,0.8488263631567752,2.151173636843225,21.205750411731103,28.38406743523139,601.9054497012614
0.6,35,1.9,5.0,3.0,3.665191429188092,6.5973445725385655,0.07578806813899779,0.8488263631567752,2.151173636843225,22.383847656827275,28.38406743523139,635.3446413513315
0.6,35,2.0,5.0,3.0,3.665191429188092,6.5973445725385655,0.07578806813899779,0.8488263631567752,2.151173636843225,23.561944901923447,28.38406743523139,668.7838330014016
