throughput_kg_h,density_g_cm3,pipe_diameter_mm,pipe_tilt_deg_from_vertical,penetration_depth_mm,probe_diameter_mm,acquisition_time_s,throughput_g_s,pipe_area_cm2,superficial_velocity_cm_s,optical_mass_per_refresh_mg,crossing_time_s,n_refresh,effective_sample_mass_proxy_mg,passed_volume_cm3,passed_mass_mg
40,0.4,100.0,15.0,0.1,5.0,1.0,11.11111111111111,78.53981633974483,0.3536776513153229,0.7853981633974484,1.4137166941154071,0.7073553026306458,0.5555555555555556,0.06944444444444443,27.777777777777775
40,0.4,100.0,15.0,0.2,5.0,1.0,11.11111111111111,78.53981633974483,0.3536776513153229,1.5707963267948968,1.4137166941154071,0.7073553026306458,1.1111111111111112,0.06944444444444443,27.777777777777775
40,0.4,100.0,15.0,0.3,5.0,1.0,11.11111111111111,78.53981633974483,0.3536776513153229,2.356194490192345,1.4137166941154071,0.7073553026306458,1.6666666666666663,0.06944444444444443,27.777777777777775
40,0.4,100.0,15.0,0.4,5.0,1.0,11.11111111111111,78.53981633974483,0.3536776513153229,3.1415926535897936,1.4137166941154071,0.7073553026306458,2.2222222222222223,0.06944444444444443,27.777777777777775
40,0.4,100.0,15.0,0.5,5.0,1.0,11.11111111111111,78.53981633974483,0.3536776513153229,3.926990816987242,1.4137166941154071,0.7073553026306458,2.7777777777777772,0.06944444444444443,27.777777777777775
40,0.4,100.0,15.0,0.6,5.0,1.0,11.11111111111111,78.53981633974483,0.3536776513153229,4.71238898038469,1.4137166941154071,0.7073553026306458,3.3333333333333326,0.06944444444444443,27.777777777777775
40,0.4,100.0,15.0,0.7,5.0,1.0,11.11111111111111,78.53981633974483,0.3536776513153229,5.497787143782138,1.4137166941154071,0.7073553026306458,3.888888888888888,0.06944444444444443,27.777777777777775
40,0.4,100.0,15.0,0.8,5.0,1.0,11.11111111111111,78.53981633974483,0.3536776513153229,6.283185307179587,1.4137166941154071,0.7073553026306458,4.444444444444445,0.06944444444444443,27.777777777777775
40,0.4,100.0,15.0,0.9,5.0,1.0,11.11111111111111,78.53981633974483,0.3536776513153229,7.068583470577035,1.4137166941154071,0.7073553026306458,5.0,0.06944444444444443,27.777777777777775
40,0.4,100.0,15.0,1.0,5.0,1.0,11.11111111111111,78.53981633974483,0.3536776513153229,7.853981633974484,1.4137166941154071,0.7073553026306458,5.5555555555555545,0.06944444444444443,27.777777777777775
40,0.4,100.0,15.0,1.1,5.0,1.0,11.11111111111111,78.53981633974483,0.3536776513153229,8.639379797371934,1.4137166941154071,0.7073553026306458,6.111111111111112,0.06944444444444443,27.777777777777775
40,0.4,100.0,15.0,1.2,5.0,1.0,11.11111111111111,78.53981633974483,0.3536776513153229,9.42477796076938,1.4137166941154071,0.7073553026306458,6.666666666666665,0.06944444444444443,27.777777777777775
40,0.4,100.0,15.0,1.3,5.0,1.0,11.11111111111111,78.53981633974483,0.3536776513153229,10.210176124166829,1.4137166941154071,0.7073553026306458,7.222222222222222,0.06944444444444443,27.777777777777775
40,0.4,100.0,15.0,1.4,5.0,1.0,11.11111111111111,78.53981633974483,0.3536776513153229,10.995574287564276,1.4137166941154071,0.7073553026306458,7.777777777777776,0.06944444444444443,27.777777777777775
40,0.4,100.0,15.0,1.5,5.0,1.0,11.11111111111111,78.53981633974483,0.3536776513153229,11.780972450961725,1.4137166941154071,0.7073553026306458,8.333333333333334,0.06944444444444443,27.777777777777775
40,0.4,100.0,15.0,1.6,5.0,1.0,11.11111111111111,78.53981633974483,0.3536776513153229,12.566370614359174,1.4137166941154071,0.7073553026306458,8.88888888888889,0.06944444444444443,27.777777777777775
40,0.4,100.0,15.0,1.7,5.0,1.0,11.11111111111111,78.53981633974483,0.3536776513153229,13.351768777756622,1.4137166941154071,0.7073553026306458,9.444444444444443,0.06944444444444443,27.777777777777775
40,0.4,100.0,15.0,1.8,5.0,1.0,11.11111111111111,78.53981633974483,0.3536776513153229,14.13716694115407,1.4137166941154071,0.7073553026306458,10.0,0.06944444444444443,27.777777777777775
40,0.4,100.0,15.0,1.9,5.0,1.0,11.11111111111111,78.53981633974483,0.3536776513153229,14.922565104551516,1.4137166941154071,0.7073553026306458,10.555555555555554,0.06944444444444443,27.777777777777775
40,0.4,100.0,15.0,2.0,5.0,1.0,11.11111111111111,78.53981633974483,0.3536776513153229,15.707963267948967,1.4137166941154071,0.7073553026306458,11.111111111111109,0.06944444444444443,27.777777777777775
45,0.4,100.0,15.0,0.1,5.0,1.0,12.5,78.53981633974483,0.3978873577297383,0.7853981633974484,1.2566370614359172,0.7957747154594768,0.6250000000000001,0.078125,31.25
45,0.4,100.0,15.0,0.2,5.0,1.0,12.5,78.53981633974483,0.3978873577297383,1.5707963267948968,1.2566370614359172,0.7957747154594768,1.2500000000000002,0.078125,31.25
45,0.4,100.0,15.0,0.3,5.0,1.0,12.5,78.53981633974483,0.3978873577297383,2.356194490192345,1.2566370614359172,0.7957747154594768,1.8750000000000002,0.078125,31.25
45,0.4,100.0,15.0,0.4,5.0,1.0,12.5,78.53981633974483,0.3978873577297383,3.1415926535897936,1.2566370614359172,0.7957747154594768,2.5000000000000004,0.078125,31.25
45,0.4,100.0,15.0,0.5,5.0,1.0,12.5,78.53981633974483,0.3978873577297383,3.926990816987242,1.2566370614359172,0.7957747154594768,3.1250000000000004,0.078125,31.25
45,0.4,100.0,15.0,0.6,5.0,1.0,12.5,78.53981633974483,0.3978873577297383,4.71238898038469,1.2566370614359172,0.7957747154594768,3.7500000000000004,0.078125,31.25
45,0.4,100.0,15.0,0.7,5.0,1.0,12.5,78.53981633974483,0.3978873577297383,5.497787143782138,1.2566370614359172,0.7957747154594768,4.375,0.078125,31.25
45,0.4,100.0,15.0,0.8,5.0,1.0,12.5,78.53981633974483,0.3978873577297383,6.283185307179587,1.2566370614359172,0.7957747154594768,5.000000000000001,0.078125,31.25
45,0.4,100.0,15.0,0.9,5.0,1.0,12.5,78.53981633974483,0.3978873577297383,7.068583470577035,1.2566370614359172,0.7957747154594768,5.625000000000002,0.078125,31.25
45,0.4,100.0,15.0,1.0,5.0,1.0,12.5,78.53981633974483,0.3978873577297383,7.853981633974484,1.2566370614359172,0.7957747154594768,6.250000000000001,0.078125,31.25
45,0.4,100.0,15.0,1.1,5.0,1.0,12.5,78.53981633974483,0.3978873577297383,8.639379797371934,1.2566370614359172,0.7957747154594768,6.875000000000002,0.078125,31.25
45,0.4,100.0,15.0,1.2,5.0,1.0,12.5,78.53981633974483,0.3978873577297383,9.42477796076938,1.2566370614359172,0.7957747154594768,7.500000000000001,0.078125,31.25
45,0.4,100.0,15.0,1.3,5.0,1.0,12.5,78.53981633974483,0.3978873577297383,10.210176124166829,1.2566370614359172,0.7957747154594768,8.125000000000002,0.078125,31.25
45,0.4,100.0,15.0,1.4,5.0,1.0,12.5,78.53981633974483,0.3978873577297383,10.995574287564276,1.2566370614359172,0.7957747154594768,8.75,0.078125,31.25
45,0.4,100.0,15.0,1.5,5.0,1.0,12.5,78.53981633974483,0.3978873577297383,11.780972450961725,1.2566370614359172,0.7957747154594768,9.375000000000002,0.078125,31.25
45,0.4,100.0,15.0,1.6,5.0,1.0,12.5,78.53981633974483,0.3978873577297383,12.566370614359174,1.2566370614359172,0.7957747154594768,10.000000000000002,0.078125,31.25
45,0.4,100.0,15.0,1.7,5.0,1.0,12.5,78.53981633974483,0.3978873577297383,13.351768777756622,1.2566370614359172,0.7957747154594768,10.625,0.078125,31.25
45,0.4,100.0,15.0,1.8,5.0,1.0,12.5,78.53981633974483,0.3978873577297383,14.13716694115407,1.2566370614359172,0.7957747154594768,11.250000000000004,0.078125,31.25
45,0.4,100.0,15.0,1.9,5.0,1.0,12.5,78.53981633974483,0.3978873577297383,14.922565104551516,1.2566370614359172,0.7957747154594768,11.875,0.078125,31.25
45,0.4,100.0,15.0,2.0,5.0,1.0,12.5,78.53981633974483,0.3978873577297383,15.707963267948967,1.2566370614359172,0.7957747154594768,12.500000000000002,0.078125,31.25
50,0.4,100.0,15.0,0.1,5.0,1.0,13.88888888888889,78.53981633974483,0.4420970641441537,0.7853981633974484,1.1309733552923256,0.8841941282883075,0.6944444444444445,0.08680555555555554,34.722222222222214
50,0.4,100.0,15.0,0.2,5.0,1.0,13.88888888888889,78.53981633974483,0.4420970641441537,1.5707963267948968,1.1309733552923256,0.8841941282883075,1.388888888888889,0.08680555555555554,34.722222222222214
50,0.4,100.0,15.0,0.3,5.0,1.0,13.88888888888889,78.53981633974483,0.4420970641441537,2.356194490192345,1.1309733552923256,0.8841941282883075,2.0833333333333335,0.08680555555555554,34.722222222222214
50,0.4,100.0,15.0,0.4,5.0,1.0,13.88888888888889,78.53981633974483,0.4420970641441537,3.1415926535897936,1.1309733552923256,0.8841941282883075,2.777777777777778,0.08680555555555554,34.722222222222214
50,0.4,100.0,15.0,0.5,5.0,1.0,13.88888888888889,78.53981633974483,0.4420970641441537,3.926990816987242,1.1309733552923256,0.8841941282883075,3.4722222222222223,0.08680555555555554,34.722222222222214
50,0.4,100.0,15.0,0.6,5.0,1.0,13.88888888888889,78.53981633974483,0.4420970641441537,4.71238898038469,1.1309733552923256,0.8841941282883075,4.166666666666667,0.08680555555555554,34.722222222222214
50,0.4,100.0,15.0,0.7,5.0,1.0,13.88888888888889,78.53981633974483,0.4420970641441537,5.497787143782138,1.1309733552923256,0.8841941282883075,4.861111111111112,0.08680555555555554,34.722222222222214
50,0.4,100.0,15.0,0.8,5.0,1.0,13.88888888888889,78.53981633974483,0.4420970641441537,6.283185307179587,1.1309733552923256,0.8841941282883075,5.555555555555556,0.08680555555555554,34.722222222222214
50,0.4,100.0,15.0,0.9,5.0,1.0,13.88888888888889,78.53981633974483,0.4420970641441537,7.068583470577035,1.1309733552923256,0.8841941282883075,6.250000000000001,0.08680555555555554,34.722222222222214
50,0.4,100.0,15.0,1.0,5.0,1.0,13.88888888888889,78.53981633974483,0.4420970641441537,7.853981633974484,1.1309733552923256,0.8841941282883075,6.944444444444445,0.08680555555555554,34.722222222222214
50,0.4,100.0,15.0,1.1,5.0,1.0,13.88888888888889,78.53981633974483,0.4420970641441537,8.639379797371934,1.1309733552923256,0.8841941282883075,7.63888888888889,0.08680555555555554,34.722222222222214
50,0.4,100.0,15.0,1.2,5.0,1.0,13.88888888888889,78.53981633974483,0.4420970641441537,9.42477796076938,1.1309733552923256,0.8841941282883075,8.333333333333334,0.08680555555555554,34.722222222222214
50,0.4,100.0,15.0,1.3,5.0,1.0,13.88888888888889,78.53981633974483,0.4420970641441537,10.210176124166829,1.1309733552923256,0.8841941282883075,9.027777777777779,0.08680555555555554,34.722222222222214
50,0.4,100.0,15.0,1.4,5.0,1.0,13.88888888888889,78.53981633974483,0.4420970641441537,10.995574287564276,1.1309733552923256,0.8841941282883075,9.722222222222223,0.08680555555555554,34.722222222222214
50,0.4,100.0,15.0,1.5,5.0,1.0,13.88888888888889,78.53981633974483,0.4420970641441537,11.780972450961725,1.1309733552923256,0.8841941282883075,10.416666666666668,0.08680555555555554,34.722222222222214
50,0.4,100.0,15.0,1.6,5.0,1.0,13.88888888888889,78.53981633974483,0.4420970641441537,12.566370614359174,1.1309733552923256,0.8841941282883075,11.111111111111112,0.08680555555555554,34.722222222222214
50,0.4,100.0,15.0,1.7,5.0,1.0,13.88888888888889,78.53981633974483,0.4420970641441537,13.351768777756622,1.1309733552923256,0.8841941282883075,11.805555555555555,0.08680555555555554,34.722222222222214
50,0.4,100.0,15.0,1.8,5.0,1.0,13.88888888888889,78.53981633974483,0.4420970641441537,14.13716694115407,1.1309733552923256,0.8841941282883075,12.500000000000002,0.08680555555555554,34.722222222222214
50,0.4,100.0,15.0,1.9,5.0,1.0,13.88888888888889,78.53981633974483,0.4420970641441537,14.922565104551516,1.1309733552923256,0.8841941282883075,13.194444444444445,0.08680555555555554,34.722222222222214
50,0.4,100.0,15.0,2.0,5.0,1.0,13.88888888888889,78.53981633974483,0.4420970641441537,15.707963267948967,1.1309733552923256,0.8841941282883075,13.88888888888889,0.08680555555555554,34.722222222222214
55,0.4,100.0,15.0,0.1,5.0,1.0,15.277777777777779,78.53981633974483,0.4863067705585691,0.7853981633974484,1.028157595720296,0.9726135411171382,0.7638888888888891,0.0954861111111111,38.19444444444445
55,0.4,100.0,15.0,0.2,5.0,1.0,15.277777777777779,78.53981633974483,0.4863067705585691,1.5707963267948968,1.028157595720296,0.9726135411171382,1.5277777777777781,0.0954861111111111,38.19444444444445
55,0.4,100.0,15.0,0.3,5.0,1.0,15.277777777777779,78.53981633974483,0.4863067705585691,2.356194490192345,1.028157595720296,0.9726135411171382,2.2916666666666665,0.0954861111111111,38.19444444444445
55,0.4,100.0,15.0,0.4,5.0,1.0,15.277777777777779,78.53981633974483,0.4863067705585691,3.1415926535897936,1.028157595720296,0.9726135411171382,3.0555555555555562,0.0954861111111111,38.19444444444445
55,0.4,100.0,15.0,0.5,5.0,1.0,15.277777777777779,78.53981633974483,0.4863067705585691,3.926990816987242,1.028157595720296,0.9726135411171382,3.8194444444444446,0.0954861111111111,38.19444444444445
55,0.4,100.0,15.0,0.6,5.0,1.0,15.277777777777779,78.53981633974483,0.4863067705585691,4.71238898038469,1.028157595720296,0.9726135411171382,4.583333333333333,0.0954861111111111,38.19444444444445
55,0.4,100.0,15.0,0.7,5.0,1.0,15.277777777777779,78.53981633974483,0.4863067705585691,5.497787143782138,1.028157595720296,0.9726135411171382,5.347222222222222,0.0954861111111111,38.19444444444445
55,0.4,100.0,15.0,0.8,5.0,1.0,15.277777777777779,78.53981633974483,0.4863067705585691,6.283185307179587,1.028157595720296,0.9726135411171382,6.1111111111111125,0.0954861111111111,38.19444444444445
55,0.4,100.0,15.0,0.9,5.0,1.0,15.277777777777779,78.53981633974483,0.4863067705585691,7.068583470577035,1.028157595720296,0.9726135411171382,6.875000000000001,0.0954861111111111,38.19444444444445
55,0.4,100.0,15.0,1.0,5.0,1.0,15.277777777777779,78.53981633974483,0.4863067705585691,7.853981633974484,1.028157595720296,0.9726135411171382,7.638888888888889,0.0954861111111111,38.19444444444445
55,0.4,100.0,15.0,1.1,5.0,1.0,15.277777777777779,78.53981633974483,0.4863067705585691,8.639379797371934,1.028157595720296,0.9726135411171382,8.40277777777778,0.0954861111111111,38.19444444444445
55,0.4,100.0,15.0,1.2,5.0,1.0,15.277777777777779,78.53981633974483,0.4863067705585691,9.42477796076938,1.028157595720296,0.9726135411171382,9.166666666666666,0.0954861111111111,38.19444444444445
55,0.4,100.0,15.0,1.3,5.0,1.0,15.277777777777779,78.53981633974483,0.4863067705585691,10.210176124166829,1.028157595720296,0.9726135411171382,9.930555555555557,0.0954861111111111,38.19444444444445
55,0.4,100.0,15.0,1.4,5.0,1.0,15.277777777777779,78.53981633974483,0.4863067705585691,10.995574287564276,1.028157595720296,0.9726135411171382,10.694444444444445,0.0954861111111111,38.19444444444445
55,0.4,100.0,15.0,1.5,5.0,1.0,15.277777777777779,78.53981633974483,0.4863067705585691,11.780972450961725,1.028157595720296,0.9726135411171382,11.458333333333334,0.0954861111111111,38.19444444444445
55,0.4,100.0,15.0,1.6,5.0,1.0,15.277777777777779,78.53981633974483,0.4863067705585691,12.566370614359174,1.028157595720296,0.9726135411171382,12.222222222222225,0.0954861111111111,38.19444444444445
55,0.4,100.0,15.0,1.7,5.0,1.0,15.277777777777779,78.53981633974483,0.4863067705585691,13.351768777756622,1.028157595720296,0.9726135411171382,12.98611111111111,0.0954861111111111,38.19444444444445
55,0.4,100.0,15.0,1.8,5.0,1.0,15.277777777777779,78.53981633974483,0.4863067705585691,14.13716694115407,1.028157595720296,0.9726135411171382,13.750000000000002,0.0954861111111111,38.19444444444445
55,0.4,100.0,15.0,1.9,5.0,1.0,15.277777777777779,78.53981633974483,0.4863067705585691,14.922565104551516,1.028157595720296,0.9726135411171382,14.51388888888889,0.0954861111111111,38.19444444444445
55,0.4,100.0,15.0,2.0,5.0,1.0,15.277777777777779,78.53981633974483,0.4863067705585691,15.707963267948967,1.028157595720296,0.9726135411171382,15.277777777777779,0.0954861111111111,38.19444444444445
60,0.4,100.0,15.0,0.1,5.0,1.0,16.666666666666668,78.53981633974483,0.5305164769729844,0.7853981633974484,0.942477796076938,1.0610329539459689,0.8333333333333334,0.10416666666666666,41.666666666666664
60,0.4,100.0,15.0,0.2,5.0,1.0,16.666666666666668,78.53981633974483,0.5305164769729844,1.5707963267948968,0.942477796076938,1.0610329539459689,1.6666666666666667,0.10416666666666666,41.666666666666664
60,0.4,100.0,15.0,0.3,5.0,1.0,16.666666666666668,78.53981633974483,0.5305164769729844,2.356194490192345,0.942477796076938,1.0610329539459689,2.4999999999999996,0.10416666666666666,41.666666666666664
60,0.4,100.0,15.0,0.4,5.0,1.0,16.666666666666668,78.53981633974483,0.5305164769729844,3.1415926535897936,0.942477796076938,1.0610329539459689,3.3333333333333335,0.10416666666666666,41.666666666666664
60,0.4,100.0,15.0,0.5,5.0,1.0,16.666666666666668,78.53981633974483,0.5305164769729844,3.926990816987242,0.942477796076938,1.0610329539459689,4.166666666666667,0.10416666666666666,41.666666666666664
60,0.4,100.0,15.0,0.6,5.0,1.0,16.666666666666668,78.53981633974483,0.5305164769729844,4.71238898038469,0.942477796076938,1.0610329539459689,4.999999999999999,0.10416666666666666,41.666666666666664
60,0.4,100.0,15.0,0.7,5.0,1.0,16.666666666666668,78.53981633974483,0.5305164769729844,5.497787143782138,0.942477796076938,1.0610329539459689,5.833333333333333,0.10416666666666666,41.666666666666664
60,0.4,100.0,15.0,0.8,5.0,1.0,16.666666666666668,78.53981633974483,0.5305164769729844,6.283185307179587,0.942477796076938,1.0610329539459689,6.666666666666667,0.10416666666666666,41.666666666666664
60,0.4,100.0,15.0,0.9,5.0,1.0,16.666666666666668,78.53981633974483,0.5305164769729844,7.068583470577035,0.942477796076938,1.0610329539459689,7.500000000000001,0.10416666666666666,41.666666666666664
60,0.4,100.0,15.0,1.0,5.0,1.0,16.666666666666668,78.53981633974483,0.5305164769729844,7.853981633974484,0.942477796076938,1.0610329539459689,8.333333333333334,0.10416666666666666,41.666666666666664
60,0.4,100.0,15.0,1.1,5.0,1.0,16.666666666666668,78.53981633974483,0.5305164769729844,8.639379797371934,0.942477796076938,1.0610329539459689,9.166666666666668,0.10416666666666666,41.666666666666664
60,0.4,100.0,15.0,1.2,5.0,1.0,16.666666666666668,78.53981633974483,0.5305164769729844,9.42477796076938,0.942477796076938,1.0610329539459689,9.999999999999998,0.10416666666666666,41.666666666666664
60,0.4,100.0,15.0,1.3,5.0,1.0,16.666666666666668,78.53981633974483,0.5305164769729844,10.210176124166829,0.942477796076938,1.0610329539459689,10.833333333333334,0.10416666666666666,41.666666666666664
60,0.4,100.0,15.0,1.4,5.0,1.0,16.666666666666668,78.53981633974483,0.5305164769729844,10.995574287564276,0.942477796076938,1.0610329539459689,11.666666666666666,0.10416666666666666,41.666666666666664
60,0.4,100.0,15.0,1.5,5.0,1.0,16.666666666666668,78.53981633974483,0.5305164769729844,11.780972450961725,0.942477796076938,1.0610329539459689,12.5,0.10416666666666666,41.666666666666664
60,0.4,100.0,15.0,1.6,5.0,1.0,16.666666666666668,78.53981633974483,0.5305164769729844,12.566370614359174,0.942477796076938,1.0610329539459689,13.333333333333334,0.10416666666666666,41.666666666666664
60,0.4,100.0,15.0,1.7,5.0,1.0,16.666666666666668,78.53981633974483,0.5305164769729844,13.351768777756622,0.942477796076938,1.0610329539459689,14.166666666666666,0.10416666666666666,41.666666666666664
60,0.4,100.0,15.0,1.8,5.0,1.0,16.666666666666668,78.53981633974483,0.5305164769729844,14.13716694115407,0.942477796076938,1.0610329539459689,15.000000000000002,0.10416666666666666,41.666666666666664
60,0.4,100.0,15.0,1.9,5.0,1.0,16.666666666666668,78.53981633974483,0.5305164769729844,14.922565104551516,0.942477796076938,1.0610329539459689,15.83333333333333,0.10416666666666666,41.666666666666664
60,0.4,100.0,15.0,2.0,5.0,1.0,16.666666666666668,78.53981633974483,0.5305164769729844,15.707963267948967,0.942477796076938,1.0610329539459689,16.666666666666668,0.10416666666666666,41.666666666666664
65,0.4,100.0,15.0,0.1,5.0,1.0,18.055555555555557,78.53981633974483,0.5747261833873998,0.7853981633974484,0.8699795040710198,1.1494523667747996,0.9027777777777778,0.11284722222222221,45.138888888888886
65,0.4,100.0,15.0,0.2,5.0,1.0,18.055555555555557,78.53981633974483,0.5747261833873998,1.5707963267948968,0.8699795040710198,1.1494523667747996,1.8055555555555556,0.11284722222222221,45.138888888888886
65,0.4,100.0,15.0,0.3,5.0,1.0,18.055555555555557,78.53981633974483,0.5747261833873998,2.356194490192345,0.8699795040710198,1.1494523667747996,2.708333333333333,0.11284722222222221,45.138888888888886
65,0.4,100.0,15.0,0.4,5.0,1.0,18.055555555555557,78.53981633974483,0.5747261833873998,3.1415926535897936,0.8699795040710198,1.1494523667747996,3.611111111111111,0.11284722222222221,45.138888888888886
65,0.4,100.0,15.0,0.5,5.0,1.0,18.055555555555557,78.53981633974483,0.5747261833873998,3.926990816987242,0.8699795040710198,1.1494523667747996,4.513888888888888,0.11284722222222221,45.138888888888886
65,0.4,100.0,15.0,0.6,5.0,1.0,18.055555555555557,78.53981633974483,0.5747261833873998,4.71238898038469,0.8699795040710198,1.1494523667747996,5.416666666666666,0.11284722222222221,45.138888888888886
65,0.4,100.0,15.0,0.7,5.0,1.0,18.055555555555557,78.53981633974483,0.5747261833873998,5.497787143782138,0.8699795040710198,1.1494523667747996,6.319444444444444,0.11284722222222221,45.138888888888886
65,0.4,100.0,15.0,0.8,5.0,1.0,18.055555555555557,78.53981633974483,0.5747261833873998,6.283185307179587,0.8699795040710198,1.1494523667747996,7.222222222222222,0.11284722222222221,45.138888888888886
65,0.4,100.0,15.0,0.9,5.0,1.0,18.055555555555557,78.53981633974483,0.5747261833873998,7.068583470577035,0.8699795040710198,1.1494523667747996,8.125,0.11284722222222221,45.138888888888886
65,0.4,100.0,15.0,1.0,5.0,1.0,18.055555555555557,78.53981633974483,0.5747261833873998,7.853981633974484,0.8699795040710198,1.1494523667747996,9.027777777777777,0.11284722222222221,45.138888888888886
65,0.4,100.0,15.0,1.1,5.0,1.0,18.055555555555557,78.53981633974483,0.5747261833873998,8.639379797371934,0.8699795040710198,1.1494523667747996,9.930555555555557,0.11284722222222221,45.138888888888886
65,0.4,100.0,15.0,1.2,5.0,1.0,18.055555555555557,78.53981633974483,0.5747261833873998,9.42477796076938,0.8699795040710198,1.1494523667747996,10.833333333333332,0.11284722222222221,45.138888888888886
65,0.4,100.0,15.0,1.3,5.0,1.0,18.055555555555557,78.53981633974483,0.5747261833873998,10.210176124166829,0.8699795040710198,1.1494523667747996,11.736111111111112,0.11284722222222221,45.138888888888886
65,0.4,100.0,15.0,1.4,5.0,1.0,18.055555555555557,78.53981633974483,0.5747261833873998,10.995574287564276,0.8699795040710198,1.1494523667747996,12.638888888888888,0.11284722222222221,45.138888888888886
65,0.4,100.0,15.0,1.5,5.0,1.0,18.055555555555557,78.53981633974483,0.5747261833873998,11.780972450961725,0.8699795040710198,1.1494523667747996,13.541666666666668,0.11284722222222221,45.138888888888886
65,0.4,100.0,15.0,1.6,5.0,1.0,18.055555555555557,78.53981633974483,0.5747261833873998,12.566370614359174,0.8699795040710198,1.1494523667747996,14.444444444444445,0.11284722222222221,45.138888888888886
65,0.4,100.0,15.0,1.7,5.0,1.0,18.055555555555557,78.53981633974483,0.5747261833873998,13.351768777756622,0.8699795040710198,1.1494523667747996,15.34722222222222,0.11284722222222221,45.138888888888886
65,0.4,100.0,15.0,1.8,5.0,1.0,18.055555555555557,78.53981633974483,0.5747261833873998,14.13716694115407,0.8699795040710198,1.1494523667747996,16.25,0.11284722222222221,45.138888888888886
65,0.4,100.0,15.0,1.9,5.0,1.0,18.055555555555557,78.53981633974483,0.5747261833873998,14.922565104551516,0.8699795040710198,1.1494523667747996,17.15277777777778,0.11284722222222221,45.138888888888886
65,0.4,100.0,15.0,2.0,5.0,1.0,18.055555555555557,78.53981633974483,0.5747261833873998,15.707963267948967,0.8699795040710198,1.1494523667747996,18.055555555555554,0.11284722222222221,45.138888888888886
70,0.4,100.0,15.0,0.1,5.0,1.0,19.444444444444443,78.53981633974483,0.6189358898018151,0.7853981633974484,0.8078381109230898,1.2378717796036303,0.9722222222222223,0.12152777777777776,48.61111111111111
70,0.4,100.0,15.0,0.2,5.0,1.0,19.444444444444443,78.53981633974483,0.6189358898018151,1.5707963267948968,0.8078381109230898,1.2378717796036303,1.9444444444444446,0.12152777777777776,48.61111111111111
70,0.4,100.0,15.0,0.3,5.0,1.0,19.444444444444443,78.53981633974483,0.6189358898018151,2.356194490192345,0.8078381109230898,1.2378717796036303,2.9166666666666665,0.12152777777777776,48.61111111111111
70,0.4,100.0,15.0,0.4,5.0,1.0,19.444444444444443,78.53981633974483,0.6189358898018151,3.1415926535897936,0.8078381109230898,1.2378717796036303,3.8888888888888893,0.12152777777777776,48.61111111111111
70,0.4,100.0,15.0,0.5,5.0,1.0,19.444444444444443,78.53981633974483,0.6189358898018151,3.926990816987242,0.8078381109230898,1.2378717796036303,4.861111111111112,0.12152777777777776,48.61111111111111
70,0.4,100.0,15.0,0.6,5.0,1.0,19.444444444444443,78.53981633974483,0.6189358898018151,4.71238898038469,0.8078381109230898,1.2378717796036303,5.833333333333333,0.12152777777777776,48.61111111111111
70,0.4,100.0,15.0,0.7,5.0,1.0,19.444444444444443,78.53981633974483,0.6189358898018151,5.497787143782138,0.8078381109230898,1.2378717796036303,6.8055555555555545,0.12152777777777776,48.61111111111111
70,0.4,100.0,15.0,0.8,5.0,1.0,19.444444444444443,78.53981633974483,0.6189358898018151,6.283185307179587,0.8078381109230898,1.2378717796036303,7.777777777777779,0.12152777777777776,48.61111111111111
70,0.4,100.0,15.0,0.9,5.0,1.0,19.444444444444443,78.53981633974483,0.6189358898018151,7.068583470577035,0.8078381109230898,1.2378717796036303,8.749999999999998,0.12152777777777776,48.61111111111111
70,0.4,100.0,15.0,1.0,5.0,1.0,19.444444444444443,78.53981633974483,0.6189358898018151,7.853981633974484,0.8078381109230898,1.2378717796036303,9.722222222222223,0.12152777777777776,48.61111111111111
70,0.4,100.0,15.0,1.1,5.0,1.0,19.444444444444443,78.53981633974483,0.6189358898018151,8.639379797371934,0.8078381109230898,1.2378717796036303,10.694444444444446,0.12152777777777776,48.61111111111111
70,0.4,100.0,15.0,1.2,5.0,1.0,19.444444444444443,78.53981633974483,0.6189358898018151,9.42477796076938,0.8078381109230898,1.2378717796036303,11.666666666666666,0.12152777777777776,48.61111111111111
70,0.4,100.0,15.0,1.3,5.0,1.0,19.444444444444443,78.53981633974483,0.6189358898018151,10.210176124166829,0.8078381109230898,1.2378717796036303,12.63888888888889,0.12152777777777776,48.61111111111111
70,0.4,100.0,15.0,1.4,5.0,1.0,19.444444444444443,78.53981633974483,0.6189358898018151,10.995574287564276,0.8078381109230898,1.2378717796036303,13.611111111111109,0.12152777777777776,48.61111111111111
70,0.4,100.0,15.0,1.5,5.0,1.0,19.444444444444443,78.53981633974483,0.6189358898018151,11.780972450961725,0.8078381109230898,1.2378717796036303,14.583333333333332,0.12152777777777776,48.61111111111111
70,0.4,100.0,15.0,1.6,5.0,1.0,19.444444444444443,78.53981633974483,0.6189358898018151,12.566370614359174,0.8078381109230898,1.2378717796036303,15.555555555555557,0.12152777777777776,48.61111111111111
70,0.4,100.0,15.0,1.7,5.0,1.0,19.444444444444443,78.53981633974483,0.6189358898018151,13.351768777756622,0.8078381109230898,1.2378717796036303,16.527777777777775,0.12152777777777776,48.61111111111111
70,0.4,100.0,15.0,1.8,5.0,1.0,19.444444444444443,78.53981633974483,0.6189358898018151,14.13716694115407,0.8078381109230898,1.2378717796036303,17.499999999999996,0.12152777777777776,48.61111111111111
70,0.4,100.0,15.0,1.9,5.0,1.0,19.444444444444443,78.53981633974483,0.6189358898018151,14.922565104551516,0.8078381109230898,1.2378717796036303,18.47222222222222,0.12152777777777776,48.61111111111111
70,0.4,100.0,15.0,2.0,5.0,1.0,19.444444444444443,78.53981633974483,0.6189358898018151,15.707963267948967,0.8078381109230898,1.2378717796036303,19.444444444444446,0.12152777777777776,48.61111111111111
75,0.4,100.0,15.0,0.1,5.0,1.0,20.833333333333332,78.53981633974483,0.6631455962162305,0.7853981633974484,0.7539822368615505,1.326291192432461,1.0416666666666667,0.13020833333333331,52.08333333333333
75,0.4,100.0,15.0,0.2,5.0,1.0,20.833333333333332,78.53981633974483,0.6631455962162305,1.5707963267948968,0.7539822368615505,1.326291192432461,2.0833333333333335,0.13020833333333331,52.08333333333333
75,0.4,100.0,15.0,0.3,5.0,1.0,20.833333333333332,78.53981633974483,0.6631455962162305,2.356194490192345,0.7539822368615505,1.326291192432461,3.1249999999999996,0.13020833333333331,52.08333333333333
75,0.4,100.0,15.0,0.4,5.0,1.0,20.833333333333332,78.53981633974483,0.6631455962162305,3.1415926535897936,0.7539822368615505,1.326291192432461,4.166666666666667,0.13020833333333331,52.08333333333333
75,0.4,100.0,15.0,0.5,5.0,1.0,20.833333333333332,78.53981633974483,0.6631455962162305,3.926990816987242,0.7539822368615505,1.326291192432461,5.208333333333333,0.13020833333333331,52.08333333333333
75,0.4,100.0,15.0,0.6,5.0,1.0,20.833333333333332,78.53981633974483,0.6631455962162305,4.71238898038469,0.7539822368615505,1.326291192432461,6.249999999999999,0.13020833333333331,52.08333333333333
75,0.4,100.0,15.0,0.7,5.0,1.0,20.833333333333332,78.53981633974483,0.6631455962162305,5.497787143782138,0.7539822368615505,1.326291192432461,7.291666666666665,0.13020833333333331,52.08333333333333
75,0.4,100.0,15.0,0.8,5.0,1.0,20.833333333333332,78.53981633974483,0.6631455962162305,6.283185307179587,0.7539822368615505,1.326291192432461,8.333333333333334,0.13020833333333331,52.08333333333333
75,0.4,100.0,15.0,0.9,5.0,1.0,20.833333333333332,78.53981633974483,0.6631455962162305,7.068583470577035,0.7539822368615505,1.326291192432461,9.375,0.13020833333333331,52.08333333333333
75,0.4,100.0,15.0,1.0,5.0,1.0,20.833333333333332,78.53981633974483,0.6631455962162305,7.853981633974484,0.7539822368615505,1.326291192432461,10.416666666666666,0.13020833333333331,52.08333333333333
75,0.4,100.0,15.0,1.1,5.0,1.0,20.833333333333332,78.53981633974483,0.6631455962162305,8.639379797371934,0.7539822368615505,1.326291192432461,11.458333333333334,0.13020833333333331,52.08333333333333
75,0.4,100.0,15.0,1.2,5.0,1.0,20.833333333333332,78.53981633974483,0.6631455962162305,9.42477796076938,0.7539822368615505,1.326291192432461,12.499999999999998,0.13020833333333331,52.08333333333333
75,0.4,100.0,15.0,1.3,5.0,1.0,20.833333333333332,78.53981633974483,0.6631455962162305,10.210176124166829,0.7539822368615505,1.326291192432461,13.541666666666668,0.13020833333333331,52.08333333333333
75,0.4,100.0,15.0,1.4,5.0,1.0,20.833333333333332,78.53981633974483,0.6631455962162305,10.995574287564276,0.7539822368615505,1.326291192432461,14.58333333333333,0.13020833333333331,52.08333333333333
75,0.4,100.0,15.0,1.5,5.0,1.0,20.833333333333332,78.53981633974483,0.6631455962162305,11.780972450961725,0.7539822368615505,1.326291192432461,15.624999999999998,0.13020833333333331,52.08333333333333
75,0.4,100.0,15.0,1.6,5.0,1.0,20.833333333333332,78.53981633974483,0.6631455962162305,12.566370614359174,0.7539822368615505,1.326291192432461,16.666666666666668,0.13020833333333331,52.08333333333333
75,0.4,100.0,15.0,1.7,5.0,1.0,20.833333333333332,78.53981633974483,0.6631455962162305,13.351768777756622,0.7539822368615505,1.326291192432461,17.70833333333333,0.13020833333333331,52.08333333333333
75,0.4,100.0,15.0,1.8,5.0,1.0,20.833333333333332,78.53981633974483,0.6631455962162305,14.13716694115407,0.7539822368615505,1.326291192432461,18.75,0.13020833333333331,52.08333333333333
75,0.4,100.0,15.0,1.9,5.0,1.0,20.833333333333332,78.53981633974483,0.6631455962162305,14.922565104551516,0.7539822368615505,1.326291192432461,19.79166666666666,0.13020833333333331,52.08333333333333
75,0.4,100.0,15.0,2.0,5.0,1.0,20.833333333333332,78.53981633974483,0.6631455962162305,15.707963267948967,0.7539822368615505,1.326291192432461,20.833333333333332,0.13020833333333331,52.08333333333333
80,0.4,100.0,15.0,0.1,5.0,1.0,22.22222222222222,78.53981633974483,0.7073553026306458,0.7853981633974484,0.7068583470577036,1.4147106052612917,1.1111111111111112,0.13888888888888887,55.55555555555555
80,0.4,100.0,15.0,0.2,5.0,1.0,22.22222222222222,78.53981633974483,0.7073553026306458,1.5707963267948968,0.7068583470577036,1.4147106052612917,2.2222222222222223,0.13888888888888887,55.55555555555555
80,0.4,100.0,15.0,0.3,5.0,1.0,22.22222222222222,78.53981633974483,0.7073553026306458,2.356194490192345,0.7068583470577036,1.4147106052612917,3.3333333333333326,0.13888888888888887,55.55555555555555
80,0.4,100.0,15.0,0.4,5.0,1.0,22.22222222222222,78.53981633974483,0.7073553026306458,3.1415926535897936,0.7068583470577036,1.4147106052612917,4.444444444444445,0.13888888888888887,55.55555555555555
80,0.4,100.0,15.0,0.5,5.0,1.0,22.22222222222222,78.53981633974483,0.7073553026306458,3.926990816987242,0.7068583470577036,1.4147106052612917,5.5555555555555545,0.13888888888888887,55.55555555555555
80,0.4,100.0,15.0,0.6,5.0,1.0,22.22222222222222,78.53981633974483,0.7073553026306458,4.71238898038469,0.7068583470577036,1.4147106052612917,6.666666666666665,0.13888888888888887,55.55555555555555
80,0.4,100.0,15.0,0.7,5.0,1.0,22.22222222222222,78.53981633974483,0.7073553026306458,5.497787143782138,0.7068583470577036,1.4147106052612917,7.777777777777776,0.13888888888888887,55.55555555555555
80,0.4,100.0,15.0,0.8,5.0,1.0,22.22222222222222,78.53981633974483,0.7073553026306458,6.283185307179587,0.7068583470577036,1.4147106052612917,8.88888888888889,0.13888888888888887,55.55555555555555
80,0.4,100.0,15.0,0.9,5.0,1.0,22.22222222222222,78.53981633974483,0.7073553026306458,7.068583470577035,0.7068583470577036,1.4147106052612917,10.0,0.13888888888888887,55.55555555555555
80,0.4,100.0,15.0,1.0,5.0,1.0,22.22222222222222,78.53981633974483,0.7073553026306458,7.853981633974484,0.7068583470577036,1.4147106052612917,11.111111111111109,0.13888888888888887,55.55555555555555
80,0.4,100.0,15.0,1.1,5.0,1.0,22.22222222222222,78.53981633974483,0.7073553026306458,8.639379797371934,0.7068583470577036,1.4147106052612917,12.222222222222223,0.13888888888888887,55.55555555555555
80,0.4,100.0,15.0,1.2,5.0,1.0,22.22222222222222,78.53981633974483,0.7073553026306458,9.42477796076938,0.7068583470577036,1.4147106052612917,13.33333333333333,0.13888888888888887,55.55555555555555
80,0.4,100.0,15.0,1.3,5.0,1.0,22.22222222222222,78.53981633974483,0.7073553026306458,10.210176124166829,0.7068583470577036,1.4147106052612917,14.444444444444445,0.13888888888888887,55.55555555555555
80,0.4,100.0,15.0,1.4,5.0,1.0,22.22222222222222,78.53981633974483,0.7073553026306458,10.995574287564276,0.7068583470577036,1.4147106052612917,15.555555555555552,0.13888888888888887,55.55555555555555
80,0.4,100.0,15.0,1.5,5.0,1.0,22.22222222222222,78.53981633974483,0.7073553026306458,11.780972450961725,0.7068583470577036,1.4147106052612917,16.666666666666668,0.13888888888888887,55.55555555555555
80,0.4,100.0,15.0,1.6,5.0,1.0,22.22222222222222,78.53981633974483,0.7073553026306458,12.566370614359174,0.7068583470577036,1.4147106052612917,17.77777777777778,0.13888888888888887,55.55555555555555
80,0.4,100.0,15.0,1.7,5.0,1.0,22.22222222222222,78.53981633974483,0.7073553026306458,13.351768777756622,0.7068583470577036,1.4147106052612917,18.888888888888886,0.13888888888888887,55.55555555555555
80,0.4,100.0,15.0,1.8,5.0,1.0,22.22222222222222,78.53981633974483,0.7073553026306458,14.13716694115407,0.7068583470577036,1.4147106052612917,20.0,0.13888888888888887,55.55555555555555
80,0.4,100.0,15.0,1.9,5.0,1.0,22.22222222222222,78.53981633974483,0.7073553026306458,14.922565104551516,0.7068583470577036,1.4147106052612917,21.111111111111107,0.13888888888888887,55.55555555555555
80,0.4,100.0,15.0,2.0,5.0,1.0,22.22222222222222,78.53981633974483,0.7073553026306458,15.707963267948967,0.7068583470577036,1.4147106052612917,22.222222222222218,0.13888888888888887,55.55555555555555
85,0.4,100.0,15.0,0.1,5.0,1.0,23.61111111111111,78.53981633974483,0.7515650090450613,0.7853981633974484,0.6652784442896033,1.5031300180901226,1.1805555555555558,0.14756944444444445,59.027777777777786
85,0.4,100.0,15.0,0.2,5.0,1.0,23.61111111111111,78.53981633974483,0.7515650090450613,1.5707963267948968,0.6652784442896033,1.5031300180901226,2.3611111111111116,0.14756944444444445,59.027777777777786
85,0.4,100.0,15.0,0.3,5.0,1.0,23.61111111111111,78.53981633974483,0.7515650090450613,2.356194490192345,0.6652784442896033,1.5031300180901226,3.5416666666666665,0.14756944444444445,59.027777777777786
85,0.4,100.0,15.0,0.4,5.0,1.0,23.61111111111111,78.53981633974483,0.7515650090450613,3.1415926535897936,0.6652784442896033,1.5031300180901226,4.722222222222223,0.14756944444444445,59.027777777777786
85,0.4,100.0,15.0,0.5,5.0,1.0,23.61111111111111,78.53981633974483,0.7515650090450613,3.926990816987242,0.6652784442896033,1.5031300180901226,5.902777777777778,0.14756944444444445,59.027777777777786
85,0.4,100.0,15.0,0.6,5.0,1.0,23.61111111111111,78.53981633974483,0.7515650090450613,4.71238898038469,0.6652784442896033,1.5031300180901226,7.083333333333333,0.14756944444444445,59.027777777777786
85,0.4,100.0,15.0,0.7,5.0,1.0,23.61111111111111,78.53981633974483,0.7515650090450613,5.497787143782138,0.6652784442896033,1.5031300180901226,8.263888888888888,0.14756944444444445,59.027777777777786
85,0.4,100.0,15.0,0.8,5.0,1.0,23.61111111111111,78.53981633974483,0.7515650090450613,6.283185307179587,0.6652784442896033,1.5031300180901226,9.444444444444446,0.14756944444444445,59.027777777777786
85,0.4,100.0,15.0,0.9,5.0,1.0,23.61111111111111,78.53981633974483,0.7515650090450613,7.068583470577035,0.6652784442896033,1.5031300180901226,10.625,0.14756944444444445,59.027777777777786
85,0.4,100.0,15.0,1.0,5.0,1.0,23.61111111111111,78.53981633974483,0.7515650090450613,7.853981633974484,0.6652784442896033,1.5031300180901226,11.805555555555555,0.14756944444444445,59.027777777777786
85,0.4,100.0,15.0,1.1,5.0,1.0,23.61111111111111,78.53981633974483,0.7515650090450613,8.639379797371934,0.6652784442896033,1.5031300180901226,12.986111111111112,0.14756944444444445,59.027777777777786
85,0.4,100.0,15.0,1.2,5.0,1.0,23.61111111111111,78.53981633974483,0.7515650090450613,9.42477796076938,0.6652784442896033,1.5031300180901226,14.166666666666666,0.14756944444444445,59.027777777777786
85,0.4,100.0,15.0,1.3,5.0,1.0,23.61111111111111,78.53981633974483,0.7515650090450613,10.210176124166829,0.6652784442896033,1.5031300180901226,15.347222222222223,0.14756944444444445,59.027777777777786
85,0.4,100.0,15.0,1.4,5.0,1.0,23.61111111111111,78.53981633974483,0.7515650090450613,10.995574287564276,0.6652784442896033,1.5031300180901226,16.527777777777775,0.14756944444444445,59.027777777777786
85,0.4,100.0,15.0,1.5,5.0,1.0,23.61111111111111,78.53981633974483,0.7515650090450613,11.780972450961725,0.6652784442896033,1.5031300180901226,17.708333333333332,0.14756944444444445,59.027777777777786
85,0.4,100.0,15.0,1.6,5.0,1.0,23.61111111111111,78.53981633974483,0.7515650090450613,12.566370614359174,0.6652784442896033,1.5031300180901226,18.888888888888893,0.14756944444444445,59.027777777777786
85,0.4,100.0,15.0,1.7,5.0,1.0,23.61111111111111,78.53981633974483,0.7515650090450613,13.351768777756622,0.6652784442896033,1.5031300180901226,20.069444444444446,0.14756944444444445,59.027777777777786
85,0.4,100.0,15.0,1.8,5.0,1.0,23.61111111111111,78.53981633974483,0.7515650090450613,14.13716694115407,0.6652784442896033,1.5031300180901226,21.25,0.14756944444444445,59.027777777777786
85,0.4,100.0,15.0,1.9,5.0,1.0,23.61111111111111,78.53981633974483,0.7515650090450613,14.922565104551516,0.6652784442896033,1.5031300180901226,22.430555555555554,0.14756944444444445,59.027777777777786
85,0.4,100.0,15.0,2.0,5.0,1.0,23.61111111111111,78.53981633974483,0.7515650090450613,15.707963267948967,0.6652784442896033,1.5031300180901226,23.61111111111111,0.14756944444444445,59.027777777777786
90,0.4,100.0,15.0,0.1,5.0,1.0,25.0,78.53981633974483,0.7957747154594766,0.7853981633974484,0.6283185307179586,1.5915494309189535,1.2500000000000002,0.15625,62.5
90,0.4,100.0,15.0,0.2,5.0,1.0,25.0,78.53981633974483,0.7957747154594766,1.5707963267948968,0.6283185307179586,1.5915494309189535,2.5000000000000004,0.15625,62.5
90,0.4,100.0,15.0,0.3,5.0,1.0,25.0,78.53981633974483,0.7957747154594766,2.356194490192345,0.6283185307179586,1.5915494309189535,3.7500000000000004,0.15625,62.5
90,0.4,100.0,15.0,0.4,5.0,1.0,25.0,78.53981633974483,0.7957747154594766,3.1415926535897936,0.6283185307179586,1.5915494309189535,5.000000000000001,0.15625,62.5
90,0.4,100.0,15.0,0.5,5.0,1.0,25.0,78.53981633974483,0.7957747154594766,3.926990816987242,0.6283185307179586,1.5915494309189535,6.250000000000001,0.15625,62.5
90,0.4,100.0,15.0,0.6,5.0,1.0,25.0,78.53981633974483,0.7957747154594766,4.71238898038469,0.6283185307179586,1.5915494309189535,7.500000000000001,0.15625,62.5
90,0.4,100.0,15.0,0.7,5.0,1.0,25.0,78.53981633974483,0.7957747154594766,5.497787143782138,0.6283185307179586,1.5915494309189535,8.75,0.15625,62.5
90,0.4,100.0,15.0,0.8,5.0,1.0,25.0,78.53981633974483,0.7957747154594766,6.283185307179587,0.6283185307179586,1.5915494309189535,10.000000000000002,0.15625,62.5
90,0.4,100.0,15.0,0.9,5.0,1.0,25.0,78.53981633974483,0.7957747154594766,7.068583470577035,0.6283185307179586,1.5915494309189535,11.250000000000004,0.15625,62.5
90,0.4,100.0,15.0,1.0,5.0,1.0,25.0,78.53981633974483,0.7957747154594766,7.853981633974484,0.6283185307179586,1.5915494309189535,12.500000000000002,0.15625,62.5
90,0.4,100.0,15.0,1.1,5.0,1.0,25.0,78.53981633974483,0.7957747154594766,8.639379797371934,0.6283185307179586,1.5915494309189535,13.750000000000004,0.15625,62.5
90,0.4,100.0,15.0,1.2,5.0,1.0,25.0,78.53981633974483,0.7957747154594766,9.42477796076938,0.6283185307179586,1.5915494309189535,15.000000000000002,0.15625,62.5
90,0.4,100.0,15.0,1.3,5.0,1.0,25.0,78.53981633974483,0.7957747154594766,10.210176124166829,0.6283185307179586,1.5915494309189535,16.250000000000004,0.15625,62.5
90,0.4,100.0,15.0,1.4,5.0,1.0,25.0,78.53981633974483,0.7957747154594766,10.995574287564276,0.6283185307179586,1.5915494309189535,17.5,0.15625,62.5
90,0.4,100.0,15.0,1.5,5.0,1.0,25.0,78.53981633974483,0.7957747154594766,11.780972450961725,0.6283185307179586,1.5915494309189535,18.750000000000004,0.15625,62.5
90,0.4,100.0,15.0,1.6,5.0,1.0,25.0,78.53981633974483,0.7957747154594766,12.566370614359174,0.6283185307179586,1.5915494309189535,20.000000000000004,0.15625,62.5
90,0.4,100.0,15.0,1.7,5.0,1.0,25.0,78.53981633974483,0.7957747154594766,13.351768777756622,0.6283185307179586,1.5915494309189535,21.25,0.15625,62.5
90,0.4,100.0,15.0,1.8,5.0,1.0,25.0,78.53981633974483,0.7957747154594766,14.13716694115407,0.6283185307179586,1.5915494309189535,22.500000000000007,0.15625,62.5
90,0.4,100.0,15.0,1.9,5.0,1.0,25.0,78.53981633974483,0.7957747154594766,14.922565104551516,0.6283185307179586,1.5915494309189535,23.75,0.15625,62.5
90,0.4,100.0,15.0,2.0,5.0,1.0,25.0,78.53981633974483,0.7957747154594766,15.707963267948967,0.6283185307179586,1.5915494309189535,25.000000000000004,0.15625,62.5
95,0.4,100.0,15.0,0.1,5.0,1.0,26.38888888888889,78.53981633974483,0.839984421873892,0.7853981633974484,0.5952491343643819,1.6799688437477842,1.3194444444444446,0.16493055555555552,65.97222222222221
95,0.4,100.0,15.0,0.2,5.0,1.0,26.38888888888889,78.53981633974483,0.839984421873892,1.5707963267948968,0.5952491343643819,1.6799688437477842,2.6388888888888893,0.16493055555555552,65.97222222222221
95,0.4,100.0,15.0,0.3,5.0,1.0,26.38888888888889,78.53981633974483,0.839984421873892,2.356194490192345,0.5952491343643819,1.6799688437477842,3.9583333333333335,0.16493055555555552,65.97222222222221
95,0.4,100.0,15.0,0.4,5.0,1.0,26.38888888888889,78.53981633974483,0.839984421873892,3.1415926535897936,0.5952491343643819,1.6799688437477842,5.277777777777779,0.16493055555555552,65.97222222222221
95,0.4,100.0,15.0,0.5,5.0,1.0,26.38888888888889,78.53981633974483,0.839984421873892,3.926990816987242,0.5952491343643819,1.6799688437477842,6.597222222222223,0.16493055555555552,65.97222222222221
95,0.4,100.0,15.0,0.6,5.0,1.0,26.38888888888889,78.53981633974483,0.839984421873892,4.71238898038469,0.5952491343643819,1.6799688437477842,7.916666666666667,0.16493055555555552,65.97222222222221
95,0.4,100.0,15.0,0.7,5.0,1.0,26.38888888888889,78.53981633974483,0.839984421873892,5.497787143782138,0.5952491343643819,1.6799688437477842,9.23611111111111,0.16493055555555552,65.97222222222221
95,0.4,100.0,15.0,0.8,5.0,1.0,26.38888888888889,78.53981633974483,0.839984421873892,6.283185307179587,0.5952491343643819,1.6799688437477842,10.555555555555557,0.16493055555555552,65.97222222222221
95,0.4,100.0,15.0,0.9,5.0,1.0,26.38888888888889,78.53981633974483,0.839984421873892,7.068583470577035,0.5952491343643819,1.6799688437477842,11.875000000000002,0.16493055555555552,65.97222222222221
95,0.4,100.0,15.0,1.0,5.0,1.0,26.38888888888889,78.53981633974483,0.839984421873892,7.853981633974484,0.5952491343643819,1.6799688437477842,13.194444444444446,0.16493055555555552,65.97222222222221
95,0.4,100.0,15.0,1.1,5.0,1.0,26.38888888888889,78.53981633974483,0.839984421873892,8.639379797371934,0.5952491343643819,1.6799688437477842,14.513888888888893,0.16493055555555552,65.97222222222221
95,0.4,100.0,15.0,1.2,5.0,1.0,26.38888888888889,78.53981633974483,0.839984421873892,9.42477796076938,0.5952491343643819,1.6799688437477842,15.833333333333334,0.16493055555555552,65.97222222222221
95,0.4,100.0,15.0,1.3,5.0,1.0,26.38888888888889,78.53981633974483,0.839984421873892,10.210176124166829,0.5952491343643819,1.6799688437477842,17.152777777777782,0.16493055555555552,65.97222222222221
95,0.4,100.0,15.0,1.4,5.0,1.0,26.38888888888889,78.53981633974483,0.839984421873892,10.995574287564276,0.5952491343643819,1.6799688437477842,18.47222222222222,0.16493055555555552,65.97222222222221
95,0.4,100.0,15.0,1.5,5.0,1.0,26.38888888888889,78.53981633974483,0.839984421873892,11.780972450961725,0.5952491343643819,1.6799688437477842,19.791666666666668,0.16493055555555552,65.97222222222221
95,0.4,100.0,15.0,1.6,5.0,1.0,26.38888888888889,78.53981633974483,0.839984421873892,12.566370614359174,0.5952491343643819,1.6799688437477842,21.111111111111114,0.16493055555555552,65.97222222222221
95,0.4,100.0,15.0,1.7,5.0,1.0,26.38888888888889,78.53981633974483,0.839984421873892,13.351768777756622,0.5952491343643819,1.6799688437477842,22.430555555555557,0.16493055555555552,65.97222222222221
95,0.4,100.0,15.0,1.8,5.0,1.0,26.38888888888889,78.53981633974483,0.839984421873892,14.13716694115407,0.5952491343643819,1.6799688437477842,23.750000000000004,0.16493055555555552,65.97222222222221
95,0.4,100.0,15.0,1.9,5.0,1.0,26.38888888888889,78.53981633974483,0.839984421873892,14.922565104551516,0.5952491343643819,1.6799688437477842,25.069444444444446,0.16493055555555552,65.97222222222221
95,0.4,100.0,15.0,2.0,5.0,1.0,26.38888888888889,78.53981633974483,0.839984421873892,15.707963267948967,0.5952491343643819,1.6799688437477842,26.388888888888893,0.16493055555555552,65.97222222222221
100,0.4,100.0,15.0,0.1,5.0,1.0,27.77777777777778,78.53981633974483,0.8841941282883073,0.7853981633974484,0.5654866776461628,1.768388256576615,1.388888888888889,0.17361111111111108,69.44444444444443
100,0.4,100.0,15.0,0.2,5.0,1.0,27.77777777777778,78.53981633974483,0.8841941282883073,1.5707963267948968,0.5654866776461628,1.768388256576615,2.777777777777778,0.17361111111111108,69.44444444444443
100,0.4,100.0,15.0,0.3,5.0,1.0,27.77777777777778,78.53981633974483,0.8841941282883073,2.356194490192345,0.5654866776461628,1.768388256576615,4.166666666666667,0.17361111111111108,69.44444444444443
100,0.4,100.0,15.0,0.4,5.0,1.0,27.77777777777778,78.53981633974483,0.8841941282883073,3.1415926535897936,0.5654866776461628,1.768388256576615,5.555555555555556,0.17361111111111108,69.44444444444443
100,0.4,100.0,15.0,0.5,5.0,1.0,27.77777777777778,78.53981633974483,0.8841941282883073,3.926990816987242,0.5654866776461628,1.768388256576615,6.944444444444445,0.17361111111111108,69.44444444444443
100,0.4,100.0,15.0,0.6,5.0,1.0,27.77777777777778,78.53981633974483,0.8841941282883073,4.71238898038469,0.5654866776461628,1.768388256576615,8.333333333333334,0.17361111111111108,69.44444444444443
100,0.4,100.0,15.0,0.7,5.0,1.0,27.77777777777778,78.53981633974483,0.8841941282883073,5.497787143782138,0.5654866776461628,1.768388256576615,9.722222222222223,0.17361111111111108,69.44444444444443
100,0.4,100.0,15.0,0.8,5.0,1.0,27.77777777777778,78.53981633974483,0.8841941282883073,6.283185307179587,0.5654866776461628,1.768388256576615,11.111111111111112,0.17361111111111108,69.44444444444443
100,0.4,100.0,15.0,0.9,5.0,1.0,27.77777777777778,78.53981633974483,0.8841941282883073,7.068583470577035,0.5654866776461628,1.768388256576615,12.500000000000002,0.17361111111111108,69.44444444444443
100,0.4,100.0,15.0,1.0,5.0,1.0,27.77777777777778,78.53981633974483,0.8841941282883073,7.853981633974484,0.5654866776461628,1.768388256576615,13.88888888888889,0.17361111111111108,69.44444444444443
100,0.4,100.0,15.0,1.1,5.0,1.0,27.77777777777778,78.53981633974483,0.8841941282883073,8.639379797371934,0.5654866776461628,1.768388256576615,15.27777777777778,0.17361111111111108,69.44444444444443
100,0.4,100.0,15.0,1.2,5.0,1.0,27.77777777777778,78.53981633974483,0.8841941282883073,9.42477796076938,0.5654866776461628,1.768388256576615,16.666666666666668,0.17361111111111108,69.44444444444443
100,0.4,100.0,15.0,1.3,5.0,1.0,27.77777777777778,78.53981633974483,0.8841941282883073,10.210176124166829,0.5654866776461628,1.768388256576615,18.055555555555557,0.17361111111111108,69.44444444444443
100,0.4,100.0,15.0,1.4,5.0,1.0,27.77777777777778,78.53981633974483,0.8841941282883073,10.995574287564276,0.5654866776461628,1.768388256576615,19.444444444444446,0.17361111111111108,69.44444444444443
100,0.4,100.0,15.0,1.5,5.0,1.0,27.77777777777778,78.53981633974483,0.8841941282883073,11.780972450961725,0.5654866776461628,1.768388256576615,20.833333333333336,0.17361111111111108,69.44444444444443
100,0.4,100.0,15.0,1.6,5.0,1.0,27.77777777777778,78.53981633974483,0.8841941282883073,12.566370614359174,0.5654866776461628,1.768388256576615,22.222222222222225,0.17361111111111108,69.44444444444443
100,0.4,100.0,15.0,1.7,5.0,1.0,27.77777777777778,78.53981633974483,0.8841941282883073,13.351768777756622,0.5654866776461628,1.768388256576615,23.61111111111111,0.17361111111111108,69.44444444444443
100,0.4,100.0,15.0,1.8,5.0,1.0,27.77777777777778,78.53981633974483,0.8841941282883073,14.13716694115407,0.5654866776461628,1.768388256576615,25.000000000000004,0.17361111111111108,69.44444444444443
100,0.4,100.0,15.0,1.9,5.0,1.0,27.77777777777778,78.53981633974483,0.8841941282883073,14.922565104551516,0.5654866776461628,1.768388256576615,26.38888888888889,0.17361111111111108,69.44444444444443
100,0.4,100.0,15.0,2.0,5.0,1.0,27.77777777777778,78.53981633974483,0.8841941282883073,15.707963267948967,0.5654866776461628,1.768388256576615,27.77777777777778,0.17361111111111108,69.44444444444443
40,0.5,100.0,15.0,0.1,5.0,1.0,11.11111111111111,78.53981633974483,0.28294212105225836,0.9817477042468105,1.7671458676442588,0.5658842421045167,0.5555555555555556,0.05555555555555555,27.777777777777775
40,0.5,100.0,15.0,0.2,5.0,1.0,11.11111111111111,78.53981633974483,0.28294212105225836,1.963495408493621,1.7671458676442588,0.5658842421045167,1.1111111111111112,0.05555555555555555,27.777777777777775
40,0.5,100.0,15.0,0.3,5.0,1.0,11.11111111111111,78.53981633974483,0.28294212105225836,2.945243112740431,1.7671458676442588,0.5658842421045167,1.6666666666666663,0.05555555555555555,27.777777777777775
40,0.5,100.0,15.0,0.4,5.0,1.0,11.11111111111111,78.53981633974483,0.28294212105225836,3.926990816987242,1.7671458676442588,0.5658842421045167,2.2222222222222223,0.05555555555555555,27.777777777777775
40,0.5,100.0,15.0,0.5,5.0,1.0,11.11111111111111,78.53981633974483,0.28294212105225836,4.908738521234052,1.7671458676442588,0.5658842421045167,2.7777777777777772,0.05555555555555555,27.777777777777775
40,0.5,100.0,15.0,0.6,5.0,1.0,11.11111111111111,78.53981633974483,0.28294212105225836,5.890486225480862,1.7671458676442588,0.5658842421045167,3.3333333333333326,0.05555555555555555,27.777777777777775
40,0.5,100.0,15.0,0.7,5.0,1.0,11.11111111111111,78.53981633974483,0.28294212105225836,6.872233929727671,1.7671458676442588,0.5658842421045167,3.888888888888888,0.05555555555555555,27.777777777777775
40,0.5,100.0,15.0,0.8,5.0,1.0,11.11111111111111,78.53981633974483,0.28294212105225836,7.853981633974484,1.7671458676442588,0.5658842421045167,4.444444444444445,0.05555555555555555,27.777777777777775
40,0.5,100.0,15.0,0.9,5.0,1.0,11.11111111111111,78.53981633974483,0.28294212105225836,8.835729338221293,1.7671458676442588,0.5658842421045167,4.999999999999999,0.05555555555555555,27.777777777777775
40,0.5,100.0,15.0,1.0,5.0,1.0,11.11111111111111,78.53981633974483,0.28294212105225836,9.817477042468104,1.7671458676442588,0.5658842421045167,5.5555555555555545,0.05555555555555555,27.777777777777775
40,0.5,100.0,15.0,1.1,5.0,1.0,11.11111111111111,78.53981633974483,0.28294212105225836,10.799224746714915,1.7671458676442588,0.5658842421045167,6.111111111111112,0.05555555555555555,27.777777777777775
40,0.5,100.0,15.0,1.2,5.0,1.0,11.11111111111111,78.53981633974483,0.28294212105225836,11.780972450961723,1.7671458676442588,0.5658842421045167,6.666666666666665,0.05555555555555555,27.777777777777775
40,0.5,100.0,15.0,1.3,5.0,1.0,11.11111111111111,78.53981633974483,0.28294212105225836,12.762720155208536,1.7671458676442588,0.5658842421045167,7.222222222222222,0.05555555555555555,27.777777777777775
40,0.5,100.0,15.0,1.4,5.0,1.0,11.11111111111111,78.53981633974483,0.28294212105225836,13.744467859455343,1.7671458676442588,0.5658842421045167,7.777777777777776,0.05555555555555555,27.777777777777775
40,0.5,100.0,15.0,1.5,5.0,1.0,11.11111111111111,78.53981633974483,0.28294212105225836,14.726215563702155,1.7671458676442588,0.5658842421045167,8.333333333333334,0.05555555555555555,27.777777777777775
40,0.5,100.0,15.0,1.6,5.0,1.0,11.11111111111111,78.53981633974483,0.28294212105225836,15.707963267948967,1.7671458676442588,0.5658842421045167,8.88888888888889,0.05555555555555555,27.777777777777775
40,0.5,100.0,15.0,1.7,5.0,1.0,11.11111111111111,78.53981633974483,0.28294212105225836,16.689710972195776,1.7671458676442588,0.5658842421045167,9.444444444444443,0.05555555555555555,27.777777777777775
40,0.5,100.0,15.0,1.8,5.0,1.0,11.11111111111111,78.53981633974483,0.28294212105225836,17.671458676442587,1.7671458676442588,0.5658842421045167,9.999999999999998,0.05555555555555555,27.777777777777775
40,0.5,100.0,15.0,1.9,5.0,1.0,11.11111111111111,78.53981633974483,0.28294212105225836,18.653206380689394,1.7671458676442588,0.5658842421045167,10.555555555555554,0.05555555555555555,27.777777777777775
40,0.5,100.0,15.0,2.0,5.0,1.0,11.11111111111111,78.53981633974483,0.28294212105225836,19.634954084936208,1.7671458676442588,0.5658842421045167,11.111111111111109,0.05555555555555555,27.777777777777775
45,0.5,100.0,15.0,0.1,5.0,1.0,12.5,78.53981633974483,0.3183098861837907,0.9817477042468105,1.5707963267948966,0.6366197723675814,0.6250000000000001,0.0625,31.25
45,0.5,100.0,15.0,0.2,5.0,1.0,12.5,78.53981633974483,0.3183098861837907,1.963495408493621,1.5707963267948966,0.6366197723675814,1.2500000000000002,0.0625,31.25
45,0.5,100.0,15.0,0.3,5.0,1.0,12.5,78.53981633974483,0.3183098861837907,2.945243112740431,1.5707963267948966,0.6366197723675814,1.875,0.0625,31.25
45,0.5,100.0,15.0,0.4,5.0,1.0,12.5,78.53981633974483,0.3183098861837907,3.926990816987242,1.5707963267948966,0.6366197723675814,2.5000000000000004,0.0625,31.25
45,0.5,100.0,15.0,0.5,5.0,1.0,12.5,78.53981633974483,0.3183098861837907,4.908738521234052,1.5707963267948966,0.6366197723675814,3.125,0.0625,31.25
45,0.5,100.0,15.0,0.6,5.0,1.0,12.5,78.53981633974483,0.3183098861837907,5.890486225480862,1.5707963267948966,0.6366197723675814,3.75,0.0625,31.25
45,0.5,100.0,15.0,0.7,5.0,1.0,12.5,78.53981633974483,0.3183098861837907,6.872233929727671,1.5707963267948966,0.6366197723675814,4.374999999999999,0.0625,31.25
45,0.5,100.0,15.0,0.8,5.0,1.0,12.5,78.53981633974483,0.3183098861837907,7.853981633974484,1.5707963267948966,0.6366197723675814,5.000000000000001,0.0625,31.25
45,0.5,100.0,15.0,0.9,5.0,1.0,12.5,78.53981633974483,0.3183098861837907,8.835729338221293,1.5707963267948966,0.6366197723675814,5.625000000000001,0.0625,31.25
45,0.5,100.0,15.0,1.0,5.0,1.0,12.5,78.53981633974483,0.3183098861837907,9.817477042468104,1.5707963267948966,0.6366197723675814,6.25,0.0625,31.25
45,0.5,100.0,15.0,1.1,5.0,1.0,12.5,78.53981633974483,0.3183098861837907,10.799224746714915,1.5707963267948966,0.6366197723675814,6.875000000000001,0.0625,31.25
45,0.5,100.0,15.0,1.2,5.0,1.0,12.5,78.53981633974483,0.3183098861837907,11.780972450961723,1.5707963267948966,0.6366197723675814,7.5,0.0625,31.25
45,0.5,100.0,15.0,1.3,5.0,1.0,12.5,78.53981633974483,0.3183098861837907,12.762720155208536,1.5707963267948966,0.6366197723675814,8.125,0.0625,31.25
45,0.5,100.0,15.0,1.4,5.0,1.0,12.5,78.53981633974483,0.3183098861837907,13.744467859455343,1.5707963267948966,0.6366197723675814,8.749999999999998,0.0625,31.25
45,0.5,100.0,15.0,1.5,5.0,1.0,12.5,78.53981633974483,0.3183098861837907,14.726215563702155,1.5707963267948966,0.6366197723675814,9.375,0.0625,31.25
45,0.5,100.0,15.0,1.6,5.0,1.0,12.5,78.53981633974483,0.3183098861837907,15.707963267948967,1.5707963267948966,0.6366197723675814,10.000000000000002,0.0625,31.25
45,0.5,100.0,15.0,1.7,5.0,1.0,12.5,78.53981633974483,0.3183098861837907,16.689710972195776,1.5707963267948966,0.6366197723675814,10.624999999999998,0.0625,31.25
45,0.5,100.0,15.0,1.8,5.0,1.0,12.5,78.53981633974483,0.3183098861837907,17.671458676442587,1.5707963267948966,0.6366197723675814,11.250000000000002,0.0625,31.25
45,0.5,100.0,15.0,1.9,5.0,1.0,12.5,78.53981633974483,0.3183098861837907,18.653206380689394,1.5707963267948966,0.6366197723675814,11.875,0.0625,31.25
45,0.5,100.0,15.0,2.0,5.0,1.0,12.5,78.53981633974483,0.3183098861837907,19.634954084936208,1.5707963267948966,0.6366197723675814,12.5,0.0625,31.25
50,0.5,100.0,15.0,0.1,5.0,1.0,13.88888888888889,78.53981633974483,0.35367765131532297,0.9817477042468105,1.413716694115407,0.7073553026306459,0.6944444444444444,0.06944444444444445,34.72222222222222
50,0.5,100.0,15.0,0.2,5.0,1.0,13.88888888888889,78.53981633974483,0.35367765131532297,1.963495408493621,1.413716694115407,0.7073553026306459,1.3888888888888888,0.06944444444444445,34.72222222222222
50,0.5,100.0,15.0,0.3,5.0,1.0,13.88888888888889,78.53981633974483,0.35367765131532297,2.945243112740431,1.413716694115407,0.7073553026306459,2.0833333333333335,0.06944444444444445,34.72222222222222
50,0.5,100.0,15.0,0.4,5.0,1.0,13.88888888888889,78.53981633974483,0.35367765131532297,3.926990816987242,1.413716694115407,0.7073553026306459,2.7777777777777777,0.06944444444444445,34.72222222222222
50,0.5,100.0,15.0,0.5,5.0,1.0,13.88888888888889,78.53981633974483,0.35367765131532297,4.908738521234052,1.413716694115407,0.7073553026306459,3.472222222222222,0.06944444444444445,34.72222222222222
50,0.5,100.0,15.0,0.6,5.0,1.0,13.88888888888889,78.53981633974483,0.35367765131532297,5.890486225480862,1.413716694115407,0.7073553026306459,4.166666666666667,0.06944444444444445,34.72222222222222
50,0.5,100.0,15.0,0.7,5.0,1.0,13.88888888888889,78.53981633974483,0.35367765131532297,6.872233929727671,1.413716694115407,0.7073553026306459,4.861111111111111,0.06944444444444445,34.72222222222222
50,0.5,100.0,15.0,0.8,5.0,1.0,13.88888888888889,78.53981633974483,0.35367765131532297,7.853981633974484,1.413716694115407,0.7073553026306459,5.555555555555555,0.06944444444444445,34.72222222222222
50,0.5,100.0,15.0,0.9,5.0,1.0,13.88888888888889,78.53981633974483,0.35367765131532297,8.835729338221293,1.413716694115407,0.7073553026306459,6.25,0.06944444444444445,34.72222222222222
50,0.5,100.0,15.0,1.0,5.0,1.0,13.88888888888889,78.53981633974483,0.35367765131532297,9.817477042468104,1.413716694115407,0.7073553026306459,6.944444444444444,0.06944444444444445,34.72222222222222
50,0.5,100.0,15.0,1.1,5.0,1.0,13.88888888888889,78.53981633974483,0.35367765131532297,10.799224746714915,1.413716694115407,0.7073553026306459,7.638888888888889,0.06944444444444445,34.72222222222222
50,0.5,100.0,15.0,1.2,5.0,1.0,13.88888888888889,78.53981633974483,0.35367765131532297,11.780972450961723,1.413716694115407,0.7073553026306459,8.333333333333334,0.06944444444444445,34.72222222222222
50,0.5,100.0,15.0,1.3,5.0,1.0,13.88888888888889,78.53981633974483,0.35367765131532297,12.762720155208536,1.413716694115407,0.7073553026306459,9.027777777777779,0.06944444444444445,34.72222222222222
50,0.5,100.0,15.0,1.4,5.0,1.0,13.88888888888889,78.53981633974483,0.35367765131532297,13.744467859455343,1.413716694115407,0.7073553026306459,9.722222222222221,0.06944444444444445,34.72222222222222
50,0.5,100.0,15.0,1.5,5.0,1.0,13.88888888888889,78.53981633974483,0.35367765131532297,14.726215563702155,1.413716694115407,0.7073553026306459,10.416666666666666,0.06944444444444445,34.72222222222222
50,0.5,100.0,15.0,1.6,5.0,1.0,13.88888888888889,78.53981633974483,0.35367765131532297,15.707963267948967,1.413716694115407,0.7073553026306459,11.11111111111111,0.06944444444444445,34.72222222222222
50,0.5,100.0,15.0,1.7,5.0,1.0,13.88888888888889,78.53981633974483,0.35367765131532297,16.689710972195776,1.413716694115407,0.7073553026306459,11.805555555555555,0.06944444444444445,34.72222222222222
50,0.5,100.0,15.0,1.8,5.0,1.0,13.88888888888889,78.53981633974483,0.35367765131532297,17.671458676442587,1.413716694115407,0.7073553026306459,12.5,0.06944444444444445,34.72222222222222
50,0.5,100.0,15.0,1.9,5.0,1.0,13.88888888888889,78.53981633974483,0.35367765131532297,18.653206380689394,1.413716694115407,0.7073553026306459,13.194444444444443,0.06944444444444445,34.72222222222222
50,0.5,100.0,15.0,2.0,5.0,1.0,13.88888888888889,78.53981633974483,0.35367765131532297,19.634954084936208,1.413716694115407,0.7073553026306459,13.888888888888888,0.06944444444444445,34.72222222222222
55,0.5,100.0,15.0,0.1,5.0,1.0,15.277777777777779,78.53981633974483,0.3890454164468553,0.9817477042468105,1.2851969946503699,0.7780908328937106,0.7638888888888891,0.0763888888888889,38.19444444444445
55,0.5,100.0,15.0,0.2,5.0,1.0,15.277777777777779,78.53981633974483,0.3890454164468553,1.963495408493621,1.2851969946503699,0.7780908328937106,1.5277777777777781,0.0763888888888889,38.19444444444445
55,0.5,100.0,15.0,0.3,5.0,1.0,15.277777777777779,78.53981633974483,0.3890454164468553,2.945243112740431,1.2851969946503699,0.7780908328937106,2.2916666666666665,0.0763888888888889,38.19444444444445
55,0.5,100.0,15.0,0.4,5.0,1.0,15.277777777777779,78.53981633974483,0.3890454164468553,3.926990816987242,1.2851969946503699,0.7780908328937106,3.0555555555555562,0.0763888888888889,38.19444444444445
55,0.5,100.0,15.0,0.5,5.0,1.0,15.277777777777779,78.53981633974483,0.3890454164468553,4.908738521234052,1.2851969946503699,0.7780908328937106,3.8194444444444446,0.0763888888888889,38.19444444444445
55,0.5,100.0,15.0,0.6,5.0,1.0,15.277777777777779,78.53981633974483,0.3890454164468553,5.890486225480862,1.2851969946503699,0.7780908328937106,4.583333333333333,0.0763888888888889,38.19444444444445
55,0.5,100.0,15.0,0.7,5.0,1.0,15.277777777777779,78.53981633974483,0.3890454164468553,6.872233929727671,1.2851969946503699,0.7780908328937106,5.347222222222222,0.0763888888888889,38.19444444444445
55,0.5,100.0,15.0,0.8,5.0,1.0,15.277777777777779,78.53981633974483,0.3890454164468553,7.853981633974484,1.2851969946503699,0.7780908328937106,6.1111111111111125,0.0763888888888889,38.19444444444445
55,0.5,100.0,15.0,0.9,5.0,1.0,15.277777777777779,78.53981633974483,0.3890454164468553,8.835729338221293,1.2851969946503699,0.7780908328937106,6.875000000000001,0.0763888888888889,38.19444444444445
55,0.5,100.0,15.0,1.0,5.0,1.0,15.277777777777779,78.53981633974483,0.3890454164468553,9.817477042468104,1.2851969946503699,0.7780908328937106,7.638888888888889,0.0763888888888889,38.19444444444445
55,0.5,100.0,15.0,1.1,5.0,1.0,15.277777777777779,78.53981633974483,0.3890454164468553,10.799224746714915,1.2851969946503699,0.7780908328937106,8.40277777777778,0.0763888888888889,38.19444444444445
55,0.5,100.0,15.0,1.2,5.0,1.0,15.277777777777779,78.53981633974483,0.3890454164468553,11.780972450961723,1.2851969946503699,0.7780908328937106,9.166666666666666,0.0763888888888889,38.19444444444445
55,0.5,100.0,15.0,1.3,5.0,1.0,15.277777777777779,78.53981633974483,0.3890454164468553,12.762720155208536,1.2851969946503699,0.7780908328937106,9.930555555555557,0.0763888888888889,38.19444444444445
55,0.5,100.0,15.0,1.4,5.0,1.0,15.277777777777779,78.53981633974483,0.3890454164468553,13.744467859455343,1.2851969946503699,0.7780908328937106,10.694444444444445,0.0763888888888889,38.19444444444445
55,0.5,100.0,15.0,1.5,5.0,1.0,15.277777777777779,78.53981633974483,0.3890454164468553,14.726215563702155,1.2851969946503699,0.7780908328937106,11.458333333333334,0.0763888888888889,38.19444444444445
55,0.5,100.0,15.0,1.6,5.0,1.0,15.277777777777779,78.53981633974483,0.3890454164468553,15.707963267948967,1.2851969946503699,0.7780908328937106,12.222222222222225,0.0763888888888889,38.19444444444445
55,0.5,100.0,15.0,1.7,5.0,1.0,15.277777777777779,78.53981633974483,0.3890454164468553,16.689710972195776,1.2851969946503699,0.7780908328937106,12.98611111111111,0.0763888888888889,38.19444444444445
55,0.5,100.0,15.0,1.8,5.0,1.0,15.277777777777779,78.53981633974483,0.3890454164468553,17.671458676442587,1.2851969946503699,0.7780908328937106,13.750000000000002,0.0763888888888889,38.19444444444445
55,0.5,100.0,15.0,1.9,5.0,1.0,15.277777777777779,78.53981633974483,0.3890454164468553,18.653206380689394,1.2851969946503699,0.7780908328937106,14.51388888888889,0.0763888888888889,38.19444444444445
55,0.5,100.0,15.0,2.0,5.0,1.0,15.277777777777779,78.53981633974483,0.3890454164468553,19.634954084936208,1.2851969946503699,0.7780908328937106,15.277777777777779,0.0763888888888889,38.19444444444445
60,0.5,100.0,15.0,0.1,5.0,1.0,16.666666666666668,78.53981633974483,0.4244131815783876,0.9817477042468105,1.1780972450961724,0.8488263631567752,0.8333333333333334,0.08333333333333333,41.666666666666664
60,0.5,100.0,15.0,0.2,5.0,1.0,16.666666666666668,78.53981633974483,0.4244131815783876,1.963495408493621,1.1780972450961724,0.8488263631567752,1.6666666666666667,0.08333333333333333,41.666666666666664
60,0.5,100.0,15.0,0.3,5.0,1.0,16.666666666666668,78.53981633974483,0.4244131815783876,2.945243112740431,1.1780972450961724,0.8488263631567752,2.5,0.08333333333333333,41.666666666666664
60,0.5,100.0,15.0,0.4,5.0,1.0,16.666666666666668,78.53981633974483,0.4244131815783876,3.926990816987242,1.1780972450961724,0.8488263631567752,3.3333333333333335,0.08333333333333333,41.666666666666664
60,0.5,100.0,15.0,0.5,5.0,1.0,16.666666666666668,78.53981633974483,0.4244131815783876,4.908738521234052,1.1780972450961724,0.8488263631567752,4.166666666666667,0.08333333333333333,41.666666666666664
60,0.5,100.0,15.0,0.6,5.0,1.0,16.666666666666668,78.53981633974483,0.4244131815783876,5.890486225480862,1.1780972450961724,0.8488263631567752,5.0,0.08333333333333333,41.666666666666664
60,0.5,100.0,15.0,0.7,5.0,1.0,16.666666666666668,78.53981633974483,0.4244131815783876,6.872233929727671,1.1780972450961724,0.8488263631567752,5.833333333333333,0.08333333333333333,41.666666666666664
60,0.5,100.0,15.0,0.8,5.0,1.0,16.666666666666668,78.53981633974483,0.4244131815783876,7.853981633974484,1.1780972450961724,0.8488263631567752,6.666666666666667,0.08333333333333333,41.666666666666664
60,0.5,100.0,15.0,0.9,5.0,1.0,16.666666666666668,78.53981633974483,0.4244131815783876,8.835729338221293,1.1780972450961724,0.8488263631567752,7.500000000000001,0.08333333333333333,41.666666666666664
60,0.5,100.0,15.0,1.0,5.0,1.0,16.666666666666668,78.53981633974483,0.4244131815783876,9.817477042468104,1.1780972450961724,0.8488263631567752,8.333333333333334,0.08333333333333333,41.666666666666664
60,0.5,100.0,15.0,1.1,5.0,1.0,16.666666666666668,78.53981633974483,0.4244131815783876,10.799224746714915,1.1780972450961724,0.8488263631567752,9.166666666666668,0.08333333333333333,41.666666666666664
60,0.5,100.0,15.0,1.2,5.0,1.0,16.666666666666668,78.53981633974483,0.4244131815783876,11.780972450961723,1.1780972450961724,0.8488263631567752,10.0,0.08333333333333333,41.666666666666664
60,0.5,100.0,15.0,1.3,5.0,1.0,16.666666666666668,78.53981633974483,0.4244131815783876,12.762720155208536,1.1780972450961724,0.8488263631567752,10.833333333333334,0.08333333333333333,41.666666666666664
60,0.5,100.0,15.0,1.4,5.0,1.0,16.666666666666668,78.53981633974483,0.4244131815783876,13.744467859455343,1.1780972450961724,0.8488263631567752,11.666666666666666,0.08333333333333333,41.666666666666664
60,0.5,100.0,15.0,1.5,5.0,1.0,16.666666666666668,78.53981633974483,0.4244131815783876,14.726215563702155,1.1780972450961724,0.8488263631567752,12.5,0.08333333333333333,41.666666666666664
60,0.5,100.0,15.0,1.6,5.0,1.0,16.666666666666668,78.53981633974483,0.4244131815783876,15.707963267948967,1.1780972450961724,0.8488263631567752,13.333333333333334,0.08333333333333333,41.666666666666664
60,0.5,100.0,15.0,1.7,5.0,1.0,16.666666666666668,78.53981633974483,0.4244131815783876,16.689710972195776,1.1780972450961724,0.8488263631567752,14.166666666666666,0.08333333333333333,41.666666666666664
60,0.5,100.0,15.0,1.8,5.0,1.0,16.666666666666668,78.53981633974483,0.4244131815783876,17.671458676442587,1.1780972450961724,0.8488263631567752,15.000000000000002,0.08333333333333333,41.666666666666664
60,0.5,100.0,15.0,1.9,5.0,1.0,16.666666666666668,78.53981633974483,0.4244131815783876,18.653206380689394,1.1780972450961724,0.8488263631567752,15.83333333333333,0.08333333333333333,41.666666666666664
60,0.5,100.0,15.0,2.0,5.0,1.0,16.666666666666668,78.53981633974483,0.4244131815783876,19.634954084936208,1.1780972450961724,0.8488263631567752,16.666666666666668,0.08333333333333333,41.666666666666664
65,0.5,100.0,15.0,0.1,5.0,1.0,18.055555555555557,78.53981633974483,0.45978094670991987,0.9817477042468105,1.0874743800887745,0.9195618934198397,0.9027777777777778,0.09027777777777778,45.138888888888886
65,0.5,100.0,15.0,0.2,5.0,1.0,18.055555555555557,78.53981633974483,0.45978094670991987,1.963495408493621,1.0874743800887745,0.9195618934198397,1.8055555555555556,0.09027777777777778,45.138888888888886
65,0.5,100.0,15.0,0.3,5.0,1.0,18.055555555555557,78.53981633974483,0.45978094670991987,2.945243112740431,1.0874743800887745,0.9195618934198397,2.708333333333333,0.09027777777777778,45.138888888888886
65,0.5,100.0,15.0,0.4,5.0,1.0,18.055555555555557,78.53981633974483,0.45978094670991987,3.926990816987242,1.0874743800887745,0.9195618934198397,3.611111111111111,0.09027777777777778,45.138888888888886
65,0.5,100.0,15.0,0.5,5.0,1.0,18.055555555555557,78.53981633974483,0.45978094670991987,4.908738521234052,1.0874743800887745,0.9195618934198397,4.513888888888888,0.09027777777777778,45.138888888888886
65,0.5,100.0,15.0,0.6,5.0,1.0,18.055555555555557,78.53981633974483,0.45978094670991987,5.890486225480862,1.0874743800887745,0.9195618934198397,5.416666666666666,0.09027777777777778,45.138888888888886
65,0.5,100.0,15.0,0.7,5.0,1.0,18.055555555555557,78.53981633974483,0.45978094670991987,6.872233929727671,1.0874743800887745,0.9195618934198397,6.319444444444444,0.09027777777777778,45.138888888888886
65,0.5,100.0,15.0,0.8,5.0,1.0,18.055555555555557,78.53981633974483,0.45978094670991987,7.853981633974484,1.0874743800887745,0.9195618934198397,7.222222222222222,0.09027777777777778,45.138888888888886
65,0.5,100.0,15.0,0.9,5.0,1.0,18.055555555555557,78.53981633974483,0.45978094670991987,8.835729338221293,1.0874743800887745,0.9195618934198397,8.125,0.09027777777777778,45.138888888888886
65,0.5,100.0,15.0,1.0,5.0,1.0,18.055555555555557,78.53981633974483,0.45978094670991987,9.817477042468104,1.0874743800887745,0.9195618934198397,9.027777777777777,0.09027777777777778,45.138888888888886
65,0.5,100.0,15.0,1.1,5.0,1.0,18.055555555555557,78.53981633974483,0.45978094670991987,10.799224746714915,1.0874743800887745,0.9195618934198397,9.930555555555557,0.09027777777777778,45.138888888888886
65,0.5,100.0,15.0,1.2,5.0,1.0,18.055555555555557,78.53981633974483,0.45978094670991987,11.780972450961723,1.0874743800887745,0.9195618934198397,10.833333333333332,0.09027777777777778,45.138888888888886
65,0.5,100.0,15.0,1.3,5.0,1.0,18.055555555555557,78.53981633974483,0.45978094670991987,12.762720155208536,1.0874743800887745,0.9195618934198397,11.736111111111112,0.09027777777777778,45.138888888888886
65,0.5,100.0,15.0,1.4,5.0,1.0,18.055555555555557,78.53981633974483,0.45978094670991987,13.744467859455343,1.0874743800887745,0.9195618934198397,12.638888888888888,0.09027777777777778,45.138888888888886
65,0.5,100.0,15.0,1.5,5.0,1.0,18.055555555555557,78.53981633974483,0.45978094670991987,14.726215563702155,1.0874743800887745,0.9195618934198397,13.541666666666668,0.09027777777777778,45.138888888888886
65,0.5,100.0,15.0,1.6,5.0,1.0,18.055555555555557,78.53981633974483,0.45978094670991987,15.707963267948967,1.0874743800887745,0.9195618934198397,14.444444444444445,0.09027777777777778,45.138888888888886
65,0.5,100.0,15.0,1.7,5.0,1.0,18.055555555555557,78.53981633974483,0.45978094670991987,16.689710972195776,1.0874743800887745,0.9195618934198397,15.347222222222221,0.09027777777777778,45.138888888888886
65,0.5,100.0,15.0,1.8,5.0,1.0,18.055555555555557,78.53981633974483,0.45978094670991987,17.671458676442587,1.0874743800887745,0.9195618934198397,16.25,0.09027777777777778,45.138888888888886
65,0.5,100.0,15.0,1.9,5.0,1.0,18.055555555555557,78.53981633974483,0.45978094670991987,18.653206380689394,1.0874743800887745,0.9195618934198397,17.15277777777778,0.09027777777777778,45.138888888888886
65,0.5,100.0,15.0,2.0,5.0,1.0,18.055555555555557,78.53981633974483,0.45978094670991987,19.634954084936208,1.0874743800887745,0.9195618934198397,18.055555555555554,0.09027777777777778,45.138888888888886
70,0.5,100.0,15.0,0.1,5.0,1.0,19.444444444444443,78.53981633974483,0.4951487118414521,0.9817477042468105,1.0097976386538623,0.9902974236829042,0.9722222222222222,0.09722222222222221,48.61111111111111
70,0.5,100.0,15.0,0.2,5.0,1.0,19.444444444444443,78.53981633974483,0.4951487118414521,1.963495408493621,1.0097976386538623,0.9902974236829042,1.9444444444444444,0.09722222222222221,48.61111111111111
70,0.5,100.0,15.0,0.3,5.0,1.0,19.444444444444443,78.53981633974483,0.4951487118414521,2.945243112740431,1.0097976386538623,0.9902974236829042,2.916666666666666,0.09722222222222221,48.61111111111111
70,0.5,100.0,15.0,0.4,5.0,1.0,19.444444444444443,78.53981633974483,0.4951487118414521,3.926990816987242,1.0097976386538623,0.9902974236829042,3.888888888888889,0.09722222222222221,48.61111111111111
70,0.5,100.0,15.0,0.5,5.0,1.0,19.444444444444443,78.53981633974483,0.4951487118414521,4.908738521234052,1.0097976386538623,0.9902974236829042,4.861111111111111,0.09722222222222221,48.61111111111111
70,0.5,100.0,15.0,0.6,5.0,1.0,19.444444444444443,78.53981633974483,0.4951487118414521,5.890486225480862,1.0097976386538623,0.9902974236829042,5.833333333333332,0.09722222222222221,48.61111111111111
70,0.5,100.0,15.0,0.7,5.0,1.0,19.444444444444443,78.53981633974483,0.4951487118414521,6.872233929727671,1.0097976386538623,0.9902974236829042,6.805555555555554,0.09722222222222221,48.61111111111111
70,0.5,100.0,15.0,0.8,5.0,1.0,19.444444444444443,78.53981633974483,0.4951487118414521,7.853981633974484,1.0097976386538623,0.9902974236829042,7.777777777777778,0.09722222222222221,48.61111111111111
70,0.5,100.0,15.0,0.9,5.0,1.0,19.444444444444443,78.53981633974483,0.4951487118414521,8.835729338221293,1.0097976386538623,0.9902974236829042,8.749999999999998,0.09722222222222221,48.61111111111111
70,0.5,100.0,15.0,1.0,5.0,1.0,19.444444444444443,78.53981633974483,0.4951487118414521,9.817477042468104,1.0097976386538623,0.9902974236829042,9.722222222222221,0.09722222222222221,48.61111111111111
70,0.5,100.0,15.0,1.1,5.0,1.0,19.444444444444443,78.53981633974483,0.4951487118414521,10.799224746714915,1.0097976386538623,0.9902974236829042,10.694444444444445,0.09722222222222221,48.61111111111111
70,0.5,100.0,15.0,1.2,5.0,1.0,19.444444444444443,78.53981633974483,0.4951487118414521,11.780972450961723,1.0097976386538623,0.9902974236829042,11.666666666666664,0.09722222222222221,48.61111111111111
70,0.5,100.0,15.0,1.3,5.0,1.0,19.444444444444443,78.53981633974483,0.4951487118414521,12.762720155208536,1.0097976386538623,0.9902974236829042,12.638888888888888,0.09722222222222221,48.61111111111111
70,0.5,100.0,15.0,1.4,5.0,1.0,19.444444444444443,78.53981633974483,0.4951487118414521,13.744467859455343,1.0097976386538623,0.9902974236829042,13.611111111111107,0.09722222222222221,48.61111111111111
70,0.5,100.0,15.0,1.5,5.0,1.0,19.444444444444443,78.53981633974483,0.4951487118414521,14.726215563702155,1.0097976386538623,0.9902974236829042,14.58333333333333,0.09722222222222221,48.61111111111111
70,0.5,100.0,15.0,1.6,5.0,1.0,19.444444444444443,78.53981633974483,0.4951487118414521,15.707963267948967,1.0097976386538623,0.9902974236829042,15.555555555555555,0.09722222222222221,48.61111111111111
70,0.5,100.0,15.0,1.7,5.0,1.0,19.444444444444443,78.53981633974483,0.4951487118414521,16.689710972195776,1.0097976386538623,0.9902974236829042,16.52777777777777,0.09722222222222221,48.61111111111111
70,0.5,100.0,15.0,1.8,5.0,1.0,19.444444444444443,78.53981633974483,0.4951487118414521,17.671458676442587,1.0097976386538623,0.9902974236829042,17.499999999999996,0.09722222222222221,48.61111111111111
70,0.5,100.0,15.0,1.9,5.0,1.0,19.444444444444443,78.53981633974483,0.4951487118414521,18.653206380689394,1.0097976386538623,0.9902974236829042,18.472222222222218,0.09722222222222221,48.61111111111111
70,0.5,100.0,15.0,2.0,5.0,1.0,19.444444444444443,78.53981633974483,0.4951487118414521,19.634954084936208,1.0097976386538623,0.9902974236829042,19.444444444444443,0.09722222222222221,48.61111111111111
75,0.5,100.0,15.0,0.1,5.0,1.0,20.833333333333332,78.53981633974483,0.5305164769729844,0.9817477042468105,0.942477796076938,1.0610329539459689,1.0416666666666667,0.10416666666666666,52.08333333333333
75,0.5,100.0,15.0,0.2,5.0,1.0,20.833333333333332,78.53981633974483,0.5305164769729844,1.963495408493621,0.942477796076938,1.0610329539459689,2.0833333333333335,0.10416666666666666,52.08333333333333
75,0.5,100.0,15.0,0.3,5.0,1.0,20.833333333333332,78.53981633974483,0.5305164769729844,2.945243112740431,0.942477796076938,1.0610329539459689,3.1249999999999996,0.10416666666666666,52.08333333333333
75,0.5,100.0,15.0,0.4,5.0,1.0,20.833333333333332,78.53981633974483,0.5305164769729844,3.926990816987242,0.942477796076938,1.0610329539459689,4.166666666666667,0.10416666666666666,52.08333333333333
75,0.5,100.0,15.0,0.5,5.0,1.0,20.833333333333332,78.53981633974483,0.5305164769729844,4.908738521234052,0.942477796076938,1.0610329539459689,5.208333333333333,0.10416666666666666,52.08333333333333
75,0.5,100.0,15.0,0.6,5.0,1.0,20.833333333333332,78.53981633974483,0.5305164769729844,5.890486225480862,0.942477796076938,1.0610329539459689,6.249999999999999,0.10416666666666666,52.08333333333333
75,0.5,100.0,15.0,0.7,5.0,1.0,20.833333333333332,78.53981633974483,0.5305164769729844,6.872233929727671,0.942477796076938,1.0610329539459689,7.291666666666665,0.10416666666666666,52.08333333333333
75,0.5,100.0,15.0,0.8,5.0,1.0,20.833333333333332,78.53981633974483,0.5305164769729844,7.853981633974484,0.942477796076938,1.0610329539459689,8.333333333333334,0.10416666666666666,52.08333333333333
75,0.5,100.0,15.0,0.9,5.0,1.0,20.833333333333332,78.53981633974483,0.5305164769729844,8.835729338221293,0.942477796076938,1.0610329539459689,9.375,0.10416666666666666,52.08333333333333
75,0.5,100.0,15.0,1.0,5.0,1.0,20.833333333333332,78.53981633974483,0.5305164769729844,9.817477042468104,0.942477796076938,1.0610329539459689,10.416666666666666,0.10416666666666666,52.08333333333333
75,0.5,100.0,15.0,1.1,5.0,1.0,20.833333333333332,78.53981633974483,0.5305164769729844,10.799224746714915,0.942477796076938,1.0610329539459689,11.458333333333334,0.10416666666666666,52.08333333333333
75,0.5,100.0,15.0,1.2,5.0,1.0,20.833333333333332,78.53981633974483,0.5305164769729844,11.780972450961723,0.942477796076938,1.0610329539459689,12.499999999999998,0.10416666666666666,52.08333333333333
75,0.5,100.0,15.0,1.3,5.0,1.0,20.833333333333332,78.53981633974483,0.5305164769729844,12.762720155208536,0.942477796076938,1.0610329539459689,13.541666666666668,0.10416666666666666,52.08333333333333
75,0.5,100.0,15.0,1.4,5.0,1.0,20.833333333333332,78.53981633974483,0.5305164769729844,13.744467859455343,0.942477796076938,1.0610329539459689,14.58333333333333,0.10416666666666666,52.08333333333333
75,0.5,100.0,15.0,1.5,5.0,1.0,20.833333333333332,78.53981633974483,0.5305164769729844,14.726215563702155,0.942477796076938,1.0610329539459689,15.624999999999998,0.10416666666666666,52.08333333333333
75,0.5,100.0,15.0,1.6,5.0,1.0,20.833333333333332,78.53981633974483,0.5305164769729844,15.707963267948967,0.942477796076938,1.0610329539459689,16.666666666666668,0.10416666666666666,52.08333333333333
75,0.5,100.0,15.0,1.7,5.0,1.0,20.833333333333332,78.53981633974483,0.5305164769729844,16.689710972195776,0.942477796076938,1.0610329539459689,17.708333333333332,0.10416666666666666,52.08333333333333
75,0.5,100.0,15.0,1.8,5.0,1.0,20.833333333333332,78.53981633974483,0.5305164769729844,17.671458676442587,0.942477796076938,1.0610329539459689,18.75,0.10416666666666666,52.08333333333333
75,0.5,100.0,15.0,1.9,5.0,1.0,20.833333333333332,78.53981633974483,0.5305164769729844,18.653206380689394,0.942477796076938,1.0610329539459689,19.79166666666666,0.10416666666666666,52.08333333333333
75,0.5,100.0,15.0,2.0,5.0,1.0,20.833333333333332,78.53981633974483,0.5305164769729844,19.634954084936208,0.942477796076938,1.0610329539459689,20.833333333333332,0.10416666666666666,52.08333333333333
80,0.5,100.0,15.0,0.1,5.0,1.0,22.22222222222222,78.53981633974483,0.5658842421045167,0.9817477042468105,0.8835729338221294,1.1317684842090334,1.1111111111111112,0.1111111111111111,55.55555555555555
80,0.5,100.0,15.0,0.2,5.0,1.0,22.22222222222222,78.53981633974483,0.5658842421045167,1.963495408493621,0.8835729338221294,1.1317684842090334,2.2222222222222223,0.1111111111111111,55.55555555555555
80,0.5,100.0,15.0,0.3,5.0,1.0,22.22222222222222,78.53981633974483,0.5658842421045167,2.945243112740431,0.8835729338221294,1.1317684842090334,3.3333333333333326,0.1111111111111111,55.55555555555555
80,0.5,100.0,15.0,0.4,5.0,1.0,22.22222222222222,78.53981633974483,0.5658842421045167,3.926990816987242,0.8835729338221294,1.1317684842090334,4.444444444444445,0.1111111111111111,55.55555555555555
80,0.5,100.0,15.0,0.5,5.0,1.0,22.22222222222222,78.53981633974483,0.5658842421045167,4.908738521234052,0.8835729338221294,1.1317684842090334,5.5555555555555545,0.1111111111111111,55.55555555555555
80,0.5,100.0,15.0,0.6,5.0,1.0,22.22222222222222,78.53981633974483,0.5658842421045167,5.890486225480862,0.8835729338221294,1.1317684842090334,6.666666666666665,0.1111111111111111,55.55555555555555
80,0.5,100.0,15.0,0.7,5.0,1.0,22.22222222222222,78.53981633974483,0.5658842421045167,6.872233929727671,0.8835729338221294,1.1317684842090334,7.777777777777776,0.1111111111111111,55.55555555555555
80,0.5,100.0,15.0,0.8,5.0,1.0,22.22222222222222,78.53981633974483,0.5658842421045167,7.853981633974484,0.8835729338221294,1.1317684842090334,8.88888888888889,0.1111111111111111,55.55555555555555
80,0.5,100.0,15.0,0.9,5.0,1.0,22.22222222222222,78.53981633974483,0.5658842421045167,8.835729338221293,0.8835729338221294,1.1317684842090334,9.999999999999998,0.1111111111111111,55.55555555555555
80,0.5,100.0,15.0,1.0,5.0,1.0,22.22222222222222,78.53981633974483,0.5658842421045167,9.817477042468104,0.8835729338221294,1.1317684842090334,11.111111111111109,0.1111111111111111,55.55555555555555
80,0.5,100.0,15.0,1.1,5.0,1.0,22.22222222222222,78.53981633974483,0.5658842421045167,10.799224746714915,0.8835729338221294,1.1317684842090334,12.222222222222223,0.1111111111111111,55.55555555555555
80,0.5,100.0,15.0,1.2,5.0,1.0,22.22222222222222,78.53981633974483,0.5658842421045167,11.780972450961723,0.8835729338221294,1.1317684842090334,13.33333333333333,0.1111111111111111,55.55555555555555
80,0.5,100.0,15.0,1.3,5.0,1.0,22.22222222222222,78.53981633974483,0.5658842421045167,12.762720155208536,0.8835729338221294,1.1317684842090334,14.444444444444445,0.1111111111111111,55.55555555555555
80,0.5,100.0,15.0,1.4,5.0,1.0,22.22222222222222,78.53981633974483,0.5658842421045167,13.744467859455343,0.8835729338221294,1.1317684842090334,15.555555555555552,0.1111111111111111,55.55555555555555
80,0.5,100.0,15.0,1.5,5.0,1.0,22.22222222222222,78.53981633974483,0.5658842421045167,14.726215563702155,0.8835729338221294,1.1317684842090334,16.666666666666668,0.1111111111111111,55.55555555555555
80,0.5,100.0,15.0,1.6,5.0,1.0,22.22222222222222,78.53981633974483,0.5658842421045167,15.707963267948967,0.8835729338221294,1.1317684842090334,17.77777777777778,0.1111111111111111,55.55555555555555
80,0.5,100.0,15.0,1.7,5.0,1.0,22.22222222222222,78.53981633974483,0.5658842421045167,16.689710972195776,0.8835729338221294,1.1317684842090334,18.888888888888886,0.1111111111111111,55.55555555555555
80,0.5,100.0,15.0,1.8,5.0,1.0,22.22222222222222,78.53981633974483,0.5658842421045167,17.671458676442587,0.8835729338221294,1.1317684842090334,19.999999999999996,0.1111111111111111,55.55555555555555
80,0.5,100.0,15.0,1.9,5.0,1.0,22.22222222222222,78.53981633974483,0.5658842421045167,18.653206380689394,0.8835729338221294,1.1317684842090334,21.111111111111107,0.1111111111111111,55.55555555555555
80,0.5,100.0,15.0,2.0,5.0,1.0,22.22222222222222,78.53981633974483,0.5658842421045167,19.634954084936208,0.8835729338221294,1.1317684842090334,22.222222222222218,0.1111111111111111,55.55555555555555
85,0.5,100.0,15.0,0.1,5.0,1.0,23.61111111111111,78.53981633974483,0.601252007236049,0.9817477042468105,0.8315980553620042,1.202504014472098,1.1805555555555556,0.11805555555555554,59.02777777777777
85,0.5,100.0,15.0,0.2,5.0,1.0,23.61111111111111,78.53981633974483,0.601252007236049,1.963495408493621,0.8315980553620042,1.202504014472098,2.361111111111111,0.11805555555555554,59.02777777777777
85,0.5,100.0,15.0,0.3,5.0,1.0,23.61111111111111,78.53981633974483,0.601252007236049,2.945243112740431,0.8315980553620042,1.202504014472098,3.541666666666666,0.11805555555555554,59.02777777777777
85,0.5,100.0,15.0,0.4,5.0,1.0,23.61111111111111,78.53981633974483,0.601252007236049,3.926990816987242,0.8315980553620042,1.202504014472098,4.722222222222222,0.11805555555555554,59.02777777777777
85,0.5,100.0,15.0,0.5,5.0,1.0,23.61111111111111,78.53981633974483,0.601252007236049,4.908738521234052,0.8315980553620042,1.202504014472098,5.902777777777777,0.11805555555555554,59.02777777777777
85,0.5,100.0,15.0,0.6,5.0,1.0,23.61111111111111,78.53981633974483,0.601252007236049,5.890486225480862,0.8315980553620042,1.202504014472098,7.083333333333332,0.11805555555555554,59.02777777777777
85,0.5,100.0,15.0,0.7,5.0,1.0,23.61111111111111,78.53981633974483,0.601252007236049,6.872233929727671,0.8315980553620042,1.202504014472098,8.263888888888886,0.11805555555555554,59.02777777777777
85,0.5,100.0,15.0,0.8,5.0,1.0,23.61111111111111,78.53981633974483,0.601252007236049,7.853981633974484,0.8315980553620042,1.202504014472098,9.444444444444445,0.11805555555555554,59.02777777777777
85,0.5,100.0,15.0,0.9,5.0,1.0,23.61111111111111,78.53981633974483,0.601252007236049,8.835729338221293,0.8315980553620042,1.202504014472098,10.624999999999998,0.11805555555555554,59.02777777777777
85,0.5,100.0,15.0,1.0,5.0,1.0,23.61111111111111,78.53981633974483,0.601252007236049,9.817477042468104,0.8315980553620042,1.202504014472098,11.805555555555554,0.11805555555555554,59.02777777777777
85,0.5,100.0,15.0,1.1,5.0,1.0,23.61111111111111,78.53981633974483,0.601252007236049,10.799224746714915,0.8315980553620042,1.202504014472098,12.98611111111111,0.11805555555555554,59.02777777777777
85,0.5,100.0,15.0,1.2,5.0,1.0,23.61111111111111,78.53981633974483,0.601252007236049,11.780972450961723,0.8315980553620042,1.202504014472098,14.166666666666664,0.11805555555555554,59.02777777777777
85,0.5,100.0,15.0,1.3,5.0,1.0,23.61111111111111,78.53981633974483,0.601252007236049,12.762720155208536,0.8315980553620042,1.202504014472098,15.34722222222222,0.11805555555555554,59.02777777777777
85,0.5,100.0,15.0,1.4,5.0,1.0,23.61111111111111,78.53981633974483,0.601252007236049,13.744467859455343,0.8315980553620042,1.202504014472098,16.52777777777777,0.11805555555555554,59.02777777777777
85,0.5,100.0,15.0,1.5,5.0,1.0,23.61111111111111,78.53981633974483,0.601252007236049,14.726215563702155,0.8315980553620042,1.202504014472098,17.70833333333333,0.11805555555555554,59.02777777777777
85,0.5,100.0,15.0,1.6,5.0,1.0,23.61111111111111,78.53981633974483,0.601252007236049,15.707963267948967,0.8315980553620042,1.202504014472098,18.88888888888889,0.11805555555555554,59.02777777777777
85,0.5,100.0,15.0,1.7,5.0,1.0,23.61111111111111,78.53981633974483,0.601252007236049,16.689710972195776,0.8315980553620042,1.202504014472098,20.069444444444443,0.11805555555555554,59.02777777777777
85,0.5,100.0,15.0,1.8,5.0,1.0,23.61111111111111,78.53981633974483,0.601252007236049,17.671458676442587,0.8315980553620042,1.202504014472098,21.249999999999996,0.11805555555555554,59.02777777777777
85,0.5,100.0,15.0,1.9,5.0,1.0,23.61111111111111,78.53981633974483,0.601252007236049,18.653206380689394,0.8315980553620042,1.202504014472098,22.43055555555555,0.11805555555555554,59.02777777777777
85,0.5,100.0,15.0,2.0,5.0,1.0,23.61111111111111,78.53981633974483,0.601252007236049,19.634954084936208,0.8315980553620042,1.202504014472098,23.611111111111107,0.11805555555555554,59.02777777777777
90,0.5,100.0,15.0,0.1,5.0,1.0,25.0,78.53981633974483,0.6366197723675814,0.9817477042468105,0.7853981633974483,1.2732395447351628,1.2500000000000002,0.125,62.5
90,0.5,100.0,15.0,0.2,5.0,1.0,25.0,78.53981633974483,0.6366197723675814,1.963495408493621,0.7853981633974483,1.2732395447351628,2.5000000000000004,0.125,62.5
90,0.5,100.0,15.0,0.3,5.0,1.0,25.0,78.53981633974483,0.6366197723675814,2.945243112740431,0.7853981633974483,1.2732395447351628,3.75,0.125,62.5
90,0.5,100.0,15.0,0.4,5.0,1.0,25.0,78.53981633974483,0.6366197723675814,3.926990816987242,0.7853981633974483,1.2732395447351628,5.000000000000001,0.125,62.5
90,0.5,100.0,15.0,0.5,5.0,1.0,25.0,78.53981633974483,0.6366197723675814,4.908738521234052,0.7853981633974483,1.2732395447351628,6.25,0.125,62.5
90,0.5,100.0,15.0,0.6,5.0,1.0,25.0,78.53981633974483,0.6366197723675814,5.890486225480862,0.7853981633974483,1.2732395447351628,7.5,0.125,62.5
90,0.5,100.0,15.0,0.7,5.0,1.0,25.0,78.53981633974483,0.6366197723675814,6.872233929727671,0.7853981633974483,1.2732395447351628,8.749999999999998,0.125,62.5
90,0.5,100.0,15.0,0.8,5.0,1.0,25.0,78.53981633974483,0.6366197723675814,7.853981633974484,0.7853981633974483,1.2732395447351628,10.000000000000002,0.125,62.5
90,0.5,100.0,15.0,0.9,5.0,1.0,25.0,78.53981633974483,0.6366197723675814,8.835729338221293,0.7853981633974483,1.2732395447351628,11.250000000000002,0.125,62.5
90,0.5,100.0,15.0,1.0,5.0,1.0,25.0,78.53981633974483,0.6366197723675814,9.817477042468104,0.7853981633974483,1.2732395447351628,12.5,0.125,62.5
90,0.5,100.0,15.0,1.1,5.0,1.0,25.0,78.53981633974483,0.6366197723675814,10.799224746714915,0.7853981633974483,1.2732395447351628,13.750000000000002,0.125,62.5
90,0.5,100.0,15.0,1.2,5.0,1.0,25.0,78.53981633974483,0.6366197723675814,11.780972450961723,0.7853981633974483,1.2732395447351628,15.0,0.125,62.5
90,0.5,100.0,15.0,1.3,5.0,1.0,25.0,78.53981633974483,0.6366197723675814,12.762720155208536,0.7853981633974483,1.2732395447351628,16.25,0.125,62.5
90,0.5,100.0,15.0,1.4,5.0,1.0,25.0,78.53981633974483,0.6366197723675814,13.744467859455343,0.7853981633974483,1.2732395447351628,17.499999999999996,0.125,62.5
90,0.5,100.0,15.0,1.5,5.0,1.0,25.0,78.53981633974483,0.6366197723675814,14.726215563702155,0.7853981633974483,1.2732395447351628,18.75,0.125,62.5
90,0.5,100.0,15.0,1.6,5.0,1.0,25.0,78.53981633974483,0.6366197723675814,15.707963267948967,0.7853981633974483,1.2732395447351628,20.000000000000004,0.125,62.5
90,0.5,100.0,15.0,1.7,5.0,1.0,25.0,78.53981633974483,0.6366197723675814,16.689710972195776,0.7853981633974483,1.2732395447351628,21.249999999999996,0.125,62.5
90,0.5,100.0,15.0,1.8,5.0,1.0,25.0,78.53981633974483,0.6366197723675814,17.671458676442587,0.7853981633974483,1.2732395447351628,22.500000000000004,0.125,62.5
90,0.5,100.0,15.0,1.9,5.0,1.0,25.0,78.53981633974483,0.6366197723675814,18.653206380689394,0.7853981633974483,1.2732395447351628,23.75,0.125,62.5
90,0.5,100.0,15.0,2.0,5.0,1.0,25.0,78.53981633974483,0.6366197723675814,19.634954084936208,0.7853981633974483,1.2732395447351628,25.0,0.125,62.5
95,0.5,100.0,15.0,0.1,5.0,1.0,26.38888888888889,78.53981633974483,0.6719875374991137,0.9817477042468105,0.7440614179554773,1.3439750749982273,1.3194444444444444,0.13194444444444445,65.97222222222223
95,0.5,100.0,15.0,0.2,5.0,1.0,26.38888888888889,78.53981633974483,0.6719875374991137,1.963495408493621,0.7440614179554773,1.3439750749982273,2.638888888888889,0.13194444444444445,65.97222222222223
95,0.5,100.0,15.0,0.3,5.0,1.0,26.38888888888889,78.53981633974483,0.6719875374991137,2.945243112740431,0.7440614179554773,1.3439750749982273,3.9583333333333326,0.13194444444444445,65.97222222222223
95,0.5,100.0,15.0,0.4,5.0,1.0,26.38888888888889,78.53981633974483,0.6719875374991137,3.926990816987242,0.7440614179554773,1.3439750749982273,5.277777777777778,0.13194444444444445,65.97222222222223
95,0.5,100.0,15.0,0.5,5.0,1.0,26.38888888888889,78.53981633974483,0.6719875374991137,4.908738521234052,0.7440614179554773,1.3439750749982273,6.597222222222222,0.13194444444444445,65.97222222222223
95,0.5,100.0,15.0,0.6,5.0,1.0,26.38888888888889,78.53981633974483,0.6719875374991137,5.890486225480862,0.7440614179554773,1.3439750749982273,7.916666666666665,0.13194444444444445,65.97222222222223
95,0.5,100.0,15.0,0.7,5.0,1.0,26.38888888888889,78.53981633974483,0.6719875374991137,6.872233929727671,0.7440614179554773,1.3439750749982273,9.23611111111111,0.13194444444444445,65.97222222222223
95,0.5,100.0,15.0,0.8,5.0,1.0,26.38888888888889,78.53981633974483,0.6719875374991137,7.853981633974484,0.7440614179554773,1.3439750749982273,10.555555555555555,0.13194444444444445,65.97222222222223
95,0.5,100.0,15.0,0.9,5.0,1.0,26.38888888888889,78.53981633974483,0.6719875374991137,8.835729338221293,0.7440614179554773,1.3439750749982273,11.875,0.13194444444444445,65.97222222222223
95,0.5,100.0,15.0,1.0,5.0,1.0,26.38888888888889,78.53981633974483,0.6719875374991137,9.817477042468104,0.7440614179554773,1.3439750749982273,13.194444444444445,0.13194444444444445,65.97222222222223
95,0.5,100.0,15.0,1.1,5.0,1.0,26.38888888888889,78.53981633974483,0.6719875374991137,10.799224746714915,0.7440614179554773,1.3439750749982273,14.513888888888891,0.13194444444444445,65.97222222222223
95,0.5,100.0,15.0,1.2,5.0,1.0,26.38888888888889,78.53981633974483,0.6719875374991137,11.780972450961723,0.7440614179554773,1.3439750749982273,15.83333333333333,0.13194444444444445,65.97222222222223
95,0.5,100.0,15.0,1.3,5.0,1.0,26.38888888888889,78.53981633974483,0.6719875374991137,12.762720155208536,0.7440614179554773,1.3439750749982273,17.15277777777778,0.13194444444444445,65.97222222222223
95,0.5,100.0,15.0,1.4,5.0,1.0,26.38888888888889,78.53981633974483,0.6719875374991137,13.744467859455343,0.7440614179554773,1.3439750749982273,18.47222222222222,0.13194444444444445,65.97222222222223
95,0.5,100.0,15.0,1.5,5.0,1.0,26.38888888888889,78.53981633974483,0.6719875374991137,14.726215563702155,0.7440614179554773,1.3439750749982273,19.791666666666664,0.13194444444444445,65.97222222222223
95,0.5,100.0,15.0,1.6,5.0,1.0,26.38888888888889,78.53981633974483,0.6719875374991137,15.707963267948967,0.7440614179554773,1.3439750749982273,21.11111111111111,0.13194444444444445,65.97222222222223
95,0.5,100.0,15.0,1.7,5.0,1.0,26.38888888888889,78.53981633974483,0.6719875374991137,16.689710972195776,0.7440614179554773,1.3439750749982273,22.430555555555554,0.13194444444444445,65.97222222222223
95,0.5,100.0,15.0,1.8,5.0,1.0,26.38888888888889,78.53981633974483,0.6719875374991137,17.671458676442587,0.7440614179554773,1.3439750749982273,23.75,0.13194444444444445,65.97222222222223
95,0.5,100.0,15.0,1.9,5.0,1.0,26.38888888888889,78.53981633974483,0.6719875374991137,18.653206380689394,0.7440614179554773,1.3439750749982273,25.069444444444443,0.13194444444444445,65.97222222222223
95,0.5,100.0,15.0,2.0,5.0,1.0,26.38888888888889,78.53981633974483,0.6719875374991137,19.634954084936208,0.7440614179554773,1.3439750749982273,26.38888888888889,0.13194444444444445,65.97222222222223
100,0.5,100.0,15.0,0.1,5.0,1.0,27.77777777777778,78.53981633974483,0.7073553026306459,0.9817477042468105,0.7068583470577035,1.4147106052612919,1.3888888888888888,0.1388888888888889,69.44444444444444
100,0.5,100.0,15.0,0.2,5.0,1.0,27.77777777777778,78.53981633974483,0.7073553026306459,1.963495408493621,0.7068583470577035,1.4147106052612919,2.7777777777777777,0.1388888888888889,69.44444444444444
100,0.5,100.0,15.0,0.3,5.0,1.0,27.77777777777778,78.53981633974483,0.7073553026306459,2.945243112740431,0.7068583470577035,1.4147106052612919,4.166666666666667,0.1388888888888889,69.44444444444444
100,0.5,100.0,15.0,0.4,5.0,1.0,27.77777777777778,78.53981633974483,0.7073553026306459,3.926990816987242,0.7068583470577035,1.4147106052612919,5.555555555555555,0.1388888888888889,69.44444444444444
100,0.5,100.0,15.0,0.5,5.0,1.0,27.77777777777778,78.53981633974483,0.7073553026306459,4.908738521234052,0.7068583470577035,1.4147106052612919,6.944444444444444,0.1388888888888889,69.44444444444444
100,0.5,100.0,15.0,0.6,5.0,1.0,27.77777777777778,78.53981633974483,0.7073553026306459,5.890486225480862,0.7068583470577035,1.4147106052612919,8.333333333333334,0.1388888888888889,69.44444444444444
100,0.5,100.0,15.0,0.7,5.0,1.0,27.77777777777778,78.53981633974483,0.7073553026306459,6.872233929727671,0.7068583470577035,1.4147106052612919,9.722222222222221,0.1388888888888889,69.44444444444444
100,0.5,100.0,15.0,0.8,5.0,1.0,27.77777777777778,78.53981633974483,0.7073553026306459,7.853981633974484,0.7068583470577035,1.4147106052612919,11.11111111111111,0.1388888888888889,69.44444444444444
100,0.5,100.0,15.0,0.9,5.0,1.0,27.77777777777778,78.53981633974483,0.7073553026306459,8.835729338221293,0.7068583470577035,1.4147106052612919,12.5,0.1388888888888889,69.44444444444444
100,0.5,100.0,15.0,1.0,5.0,1.0,27.77777777777778,78.53981633974483,0.7073553026306459,9.817477042468104,0.7068583470577035,1.4147106052612919,13.888888888888888,0.1388888888888889,69.44444444444444
100,0.5,100.0,15.0,1.1,5.0,1.0,27.77777777777778,78.53981633974483,0.7073553026306459,10.799224746714915,0.7068583470577035,1.4147106052612919,15.277777777777779,0.1388888888888889,69.44444444444444
100,0.5,100.0,15.0,1.2,5.0,1.0,27.77777777777778,78.53981633974483,0.7073553026306459,11.780972450961723,0.7068583470577035,1.4147106052612919,16.666666666666668,0.1388888888888889,69.44444444444444
100,0.5,100.0,15.0,1.3,5.0,1.0,27.77777777777778,78.53981633974483,0.7073553026306459,12.762720155208536,0.7068583470577035,1.4147106052612919,18.055555555555557,0.1388888888888889,69.44444444444444
100,0.5,100.0,15.0,1.4,5.0,1.0,27.77777777777778,78.53981633974483,0.7073553026306459,13.744467859455343,0.7068583470577035,1.4147106052612919,19.444444444444443,0.1388888888888889,69.44444444444444
100,0.5,100.0,15.0,1.5,5.0,1.0,27.77777777777778,78.53981633974483,0.7073553026306459,14.726215563702155,0.7068583470577035,1.4147106052612919,20.833333333333332,0.1388888888888889,69.44444444444444
100,0.5,100.0,15.0,1.6,5.0,1.0,27.77777777777778,78.53981633974483,0.7073553026306459,15.707963267948967,0.7068583470577035,1.4147106052612919,22.22222222222222,0.1388888888888889,69.44444444444444
100,0.5,100.0,15.0,1.7,5.0,1.0,27.77777777777778,78.53981633974483,0.7073553026306459,16.689710972195776,0.7068583470577035,1.4147106052612919,23.61111111111111,0.1388888888888889,69.44444444444444
100,0.5,100.0,15.0,1.8,5.0,1.0,27.77777777777778,78.53981633974483,0.7073553026306459,17.671458676442587,0.7068583470577035,1.4147106052612919,25.0,0.1388888888888889,69.44444444444444
100,0.5,100.0,15.0,1.9,5.0,1.0,27.77777777777778,78.53981633974483,0.7073553026306459,18.653206380689394,0.7068583470577035,1.4147106052612919,26.388888888888886,0.1388888888888889,69.44444444444444
100,0.5,100.0,15.0,2.0,5.0,1.0,27.77777777777778,78.53981633974483,0.7073553026306459,19.634954084936208,0.7068583470577035,1.4147106052612919,27.777777777777775,0.1388888888888889,69.44444444444444
40,0.6,100.0,15.0,0.1,5.0,1.0,11.11111111111111,78.53981633974483,0.23578510087688195,1.1780972450961724,2.120575041173111,0.47157020175376385,0.5555555555555555,0.04629629629629629,27.77777777777777
40,0.6,100.0,15.0,0.2,5.0,1.0,11.11111111111111,78.53981633974483,0.23578510087688195,2.356194490192345,2.120575041173111,0.47157020175376385,1.111111111111111,0.04629629629629629,27.77777777777777
40,0.6,100.0,15.0,0.3,5.0,1.0,11.11111111111111,78.53981633974483,0.23578510087688195,3.534291735288517,2.120575041173111,0.47157020175376385,1.666666666666666,0.04629629629629629,27.77777777777777
40,0.6,100.0,15.0,0.4,5.0,1.0,11.11111111111111,78.53981633974483,0.23578510087688195,4.71238898038469,2.120575041173111,0.47157020175376385,2.222222222222222,0.04629629629629629,27.77777777777777
40,0.6,100.0,15.0,0.5,5.0,1.0,11.11111111111111,78.53981633974483,0.23578510087688195,5.890486225480862,2.120575041173111,0.47157020175376385,2.7777777777777772,0.04629629629629629,27.77777777777777
40,0.6,100.0,15.0,0.6,5.0,1.0,11.11111111111111,78.53981633974483,0.23578510087688195,7.068583470577034,2.120575041173111,0.47157020175376385,3.333333333333332,0.04629629629629629,27.77777777777777
40,0.6,100.0,15.0,0.7,5.0,1.0,11.11111111111111,78.53981633974483,0.23578510087688195,8.246680715673206,2.120575041173111,0.47157020175376385,3.8888888888888875,0.04629629629629629,27.77777777777777
40,0.6,100.0,15.0,0.8,5.0,1.0,11.11111111111111,78.53981633974483,0.23578510087688195,9.42477796076938,2.120575041173111,0.47157020175376385,4.444444444444444,0.04629629629629629,27.77777777777777
40,0.6,100.0,15.0,0.9,5.0,1.0,11.11111111111111,78.53981633974483,0.23578510087688195,10.602875205865551,2.120575041173111,0.47157020175376385,4.999999999999998,0.04629629629629629,27.77777777777777
40,0.6,100.0,15.0,1.0,5.0,1.0,11.11111111111111,78.53981633974483,0.23578510087688195,11.780972450961723,2.120575041173111,0.47157020175376385,5.5555555555555545,0.04629629629629629,27.77777777777777
40,0.6,100.0,15.0,1.1,5.0,1.0,11.11111111111111,78.53981633974483,0.23578510087688195,12.959069696057897,2.120575041173111,0.47157020175376385,6.11111111111111,0.04629629629629629,27.77777777777777
40,0.6,100.0,15.0,1.2,5.0,1.0,11.11111111111111,78.53981633974483,0.23578510087688195,14.137166941154067,2.120575041173111,0.47157020175376385,6.666666666666664,0.04629629629629629,27.77777777777777
40,0.6,100.0,15.0,1.3,5.0,1.0,11.11111111111111,78.53981633974483,0.23578510087688195,15.315264186250241,2.120575041173111,0.47157020175376385,7.2222222222222205,0.04629629629629629,27.77777777777777
40,0.6,100.0,15.0,1.4,5.0,1.0,11.11111111111111,78.53981633974483,0.23578510087688195,16.49336143134641,2.120575041173111,0.47157020175376385,7.777777777777775,0.04629629629629629,27.77777777777777
40,0.6,100.0,15.0,1.5,5.0,1.0,11.11111111111111,78.53981633974483,0.23578510087688195,17.671458676442587,2.120575041173111,0.47157020175376385,8.333333333333332,0.04629629629629629,27.77777777777777
40,0.6,100.0,15.0,1.6,5.0,1.0,11.11111111111111,78.53981633974483,0.23578510087688195,18.84955592153876,2.120575041173111,0.47157020175376385,8.888888888888888,0.04629629629629629,27.77777777777777
40,0.6,100.0,15.0,1.7,5.0,1.0,11.11111111111111,78.53981633974483,0.23578510087688195,20.02765316663493,2.120575041173111,0.47157020175376385,9.444444444444441,0.04629629629629629,27.77777777777777
40,0.6,100.0,15.0,1.8,5.0,1.0,11.11111111111111,78.53981633974483,0.23578510087688195,21.205750411731103,2.120575041173111,0.47157020175376385,9.999999999999996,0.04629629629629629,27.77777777777777
40,0.6,100.0,15.0,1.9,5.0,1.0,11.11111111111111,78.53981633974483,0.23578510087688195,22.383847656827275,2.120575041173111,0.47157020175376385,10.555555555555552,0.04629629629629629,27.77777777777777
40,0.6,100.0,15.0,2.0,5.0,1.0,11.11111111111111,78.53981633974483,0.23578510087688195,23.561944901923447,2.120575041173111,0.47157020175376385,11.111111111111109,0.04629629629629629,27.77777777777777
45,0.6,100.0,15.0,0.1,5.0,1.0,12.5,78.53981633974483,0.2652582384864922,1.1780972450961724,1.884955592153876,0.5305164769729844,0.6249999999999999,0.05208333333333333,31.249999999999996
45,0.6,100.0,15.0,0.2,5.0,1.0,12.5,78.53981633974483,0.2652582384864922,2.356194490192345,1.884955592153876,0.5305164769729844,1.2499999999999998,0.05208333333333333,31.249999999999996
45,0.6,100.0,15.0,0.3,5.0,1.0,12.5,78.53981633974483,0.2652582384864922,3.534291735288517,1.884955592153876,0.5305164769729844,1.8749999999999998,0.05208333333333333,31.249999999999996
45,0.6,100.0,15.0,0.4,5.0,1.0,12.5,78.53981633974483,0.2652582384864922,4.71238898038469,1.884955592153876,0.5305164769729844,2.4999999999999996,0.05208333333333333,31.249999999999996
45,0.6,100.0,15.0,0.5,5.0,1.0,12.5,78.53981633974483,0.2652582384864922,5.890486225480862,1.884955592153876,0.5305164769729844,3.1249999999999996,0.05208333333333333,31.249999999999996
45,0.6,100.0,15.0,0.6,5.0,1.0,12.5,78.53981633974483,0.2652582384864922,7.068583470577034,1.884955592153876,0.5305164769729844,3.7499999999999996,0.05208333333333333,31.249999999999996
45,0.6,100.0,15.0,0.7,5.0,1.0,12.5,78.53981633974483,0.2652582384864922,8.246680715673206,1.884955592153876,0.5305164769729844,4.374999999999999,0.05208333333333333,31.249999999999996
45,0.6,100.0,15.0,0.8,5.0,1.0,12.5,78.53981633974483,0.2652582384864922,9.42477796076938,1.884955592153876,0.5305164769729844,4.999999999999999,0.05208333333333333,31.249999999999996
45,0.6,100.0,15.0,0.9,5.0,1.0,12.5,78.53981633974483,0.2652582384864922,10.602875205865551,1.884955592153876,0.5305164769729844,5.625,0.05208333333333333,31.249999999999996
45,0.6,100.0,15.0,1.0,5.0,1.0,12.5,78.53981633974483,0.2652582384864922,11.780972450961723,1.884955592153876,0.5305164769729844,6.249999999999999,0.05208333333333333,31.249999999999996
45,0.6,100.0,15.0,1.1,5.0,1.0,12.5,78.53981633974483,0.2652582384864922,12.959069696057897,1.884955592153876,0.5305164769729844,6.875,0.05208333333333333,31.249999999999996
45,0.6,100.0,15.0,1.2,5.0,1.0,12.5,78.53981633974483,0.2652582384864922,14.137166941154067,1.884955592153876,0.5305164769729844,7.499999999999999,0.05208333333333333,31.249999999999996
45,0.6,100.0,15.0,1.3,5.0,1.0,12.5,78.53981633974483,0.2652582384864922,15.315264186250241,1.884955592153876,0.5305164769729844,8.124999999999998,0.05208333333333333,31.249999999999996
45,0.6,100.0,15.0,1.4,5.0,1.0,12.5,78.53981633974483,0.2652582384864922,16.49336143134641,1.884955592153876,0.5305164769729844,8.749999999999998,0.05208333333333333,31.249999999999996
45,0.6,100.0,15.0,1.5,5.0,1.0,12.5,78.53981633974483,0.2652582384864922,17.671458676442587,1.884955592153876,0.5305164769729844,9.375,0.05208333333333333,31.249999999999996
45,0.6,100.0,15.0,1.6,5.0,1.0,12.5,78.53981633974483,0.2652582384864922,18.84955592153876,1.884955592153876,0.5305164769729844,9.999999999999998,0.05208333333333333,31.249999999999996
45,0.6,100.0,15.0,1.7,5.0,1.0,12.5,78.53981633974483,0.2652582384864922,20.02765316663493,1.884955592153876,0.5305164769729844,10.624999999999998,0.05208333333333333,31.249999999999996
45,0.6,100.0,15.0,1.8,5.0,1.0,12.5,78.53981633974483,0.2652582384864922,21.205750411731103,1.884955592153876,0.5305164769729844,11.25,0.05208333333333333,31.249999999999996
45,0.6,100.0,15.0,1.9,5.0,1.0,12.5,78.53981633974483,0.2652582384864922,22.383847656827275,1.884955592153876,0.5305164769729844,11.874999999999998,0.05208333333333333,31.249999999999996
45,0.6,100.0,15.0,2.0,5.0,1.0,12.5,78.53981633974483,0.2652582384864922,23.561944901923447,1.884955592153876,0.5305164769729844,12.499999999999998,0.05208333333333333,31.249999999999996
50,0.6,100.0,15.0,0.1,5.0,1.0,13.88888888888889,78.53981633974483,0.29473137609610245,1.1780972450961724,1.6964600329384885,0.5894627521922049,0.6944444444444443,0.057870370370370364,34.722222222222214
50,0.6,100.0,15.0,0.2,5.0,1.0,13.88888888888889,78.53981633974483,0.29473137609610245,2.356194490192345,1.6964600329384885,0.5894627521922049,1.3888888888888886,0.057870370370370364,34.722222222222214
50,0.6,100.0,15.0,0.3,5.0,1.0,13.88888888888889,78.53981633974483,0.29473137609610245,3.534291735288517,1.6964600329384885,0.5894627521922049,2.083333333333333,0.057870370370370364,34.722222222222214
50,0.6,100.0,15.0,0.4,5.0,1.0,13.88888888888889,78.53981633974483,0.29473137609610245,4.71238898038469,1.6964600329384885,0.5894627521922049,2.7777777777777772,0.057870370370370364,34.722222222222214
50,0.6,100.0,15.0,0.5,5.0,1.0,13.88888888888889,78.53981633974483,0.29473137609610245,5.890486225480862,1.6964600329384885,0.5894627521922049,3.4722222222222214,0.057870370370370364,34.722222222222214
50,0.6,100.0,15.0,0.6,5.0,1.0,13.88888888888889,78.53981633974483,0.29473137609610245,7.068583470577034,1.6964600329384885,0.5894627521922049,4.166666666666666,0.057870370370370364,34.722222222222214
50,0.6,100.0,15.0,0.7,5.0,1.0,13.88888888888889,78.53981633974483,0.29473137609610245,8.246680715673206,1.6964600329384885,0.5894627521922049,4.86111111111111,0.057870370370370364,34.722222222222214
50,0.6,100.0,15.0,0.8,5.0,1.0,13.88888888888889,78.53981633974483,0.29473137609610245,9.42477796076938,1.6964600329384885,0.5894627521922049,5.5555555555555545,0.057870370370370364,34.722222222222214
50,0.6,100.0,15.0,0.9,5.0,1.0,13.88888888888889,78.53981633974483,0.29473137609610245,10.602875205865551,1.6964600329384885,0.5894627521922049,6.249999999999999,0.057870370370370364,34.722222222222214
50,0.6,100.0,15.0,1.0,5.0,1.0,13.88888888888889,78.53981633974483,0.29473137609610245,11.780972450961723,1.6964600329384885,0.5894627521922049,6.944444444444443,0.057870370370370364,34.722222222222214
50,0.6,100.0,15.0,1.1,5.0,1.0,13.88888888888889,78.53981633974483,0.29473137609610245,12.959069696057897,1.6964600329384885,0.5894627521922049,7.638888888888888,0.057870370370370364,34.722222222222214
50,0.6,100.0,15.0,1.2,5.0,1.0,13.88888888888889,78.53981633974483,0.29473137609610245,14.137166941154067,1.6964600329384885,0.5894627521922049,8.333333333333332,0.057870370370370364,34.722222222222214
50,0.6,100.0,15.0,1.3,5.0,1.0,13.88888888888889,78.53981633974483,0.29473137609610245,15.315264186250241,1.6964600329384885,0.5894627521922049,9.027777777777777,0.057870370370370364,34.722222222222214
50,0.6,100.0,15.0,1.4,5.0,1.0,13.88888888888889,78.53981633974483,0.29473137609610245,16.49336143134641,1.6964600329384885,0.5894627521922049,9.72222222222222,0.057870370370370364,34.722222222222214
50,0.6,100.0,15.0,1.5,5.0,1.0,13.88888888888889,78.53981633974483,0.29473137609610245,17.671458676442587,1.6964600329384885,0.5894627521922049,10.416666666666666,0.057870370370370364,34.722222222222214
50,0.6,100.0,15.0,1.6,5.0,1.0,13.88888888888889,78.53981633974483,0.29473137609610245,18.84955592153876,1.6964600329384885,0.5894627521922049,11.111111111111109,0.057870370370370364,34.722222222222214
50,0.6,100.0,15.0,1.7,5.0,1.0,13.88888888888889,78.53981633974483,0.29473137609610245,20.02765316663493,1.6964600329384885,0.5894627521922049,11.805555555555554,0.057870370370370364,34.722222222222214
50,0.6,100.0,15.0,1.8,5.0,1.0,13.88888888888889,78.53981633974483,0.29473137609610245,21.205750411731103,1.6964600329384885,0.5894627521922049,12.499999999999998,0.057870370370370364,34.722222222222214
50,0.6,100.0,15.0,1.9,5.0,1.0,13.88888888888889,78.53981633974483,0.29473137609610245,22.383847656827275,1.6964600329384885,0.5894627521922049,13.194444444444443,0.057870370370370364,34.722222222222214
50,0.6,100.0,15.0,2.0,5.0,1.0,13.88888888888889,78.53981633974483,0.29473137609610245,23.561944901923447,1.6964600329384885,0.5894627521922049,13.888888888888886,0.057870370370370364,34.722222222222214
55,0.6,100.0,15.0,0.1,5.0,1.0,15.277777777777779,78.53981633974483,0.32420451370571274,1.1780972450961724,1.542236393580444,0.6484090274114255,0.763888888888889,0.06365740740740741,38.19444444444445
55,0.6,100.0,15.0,0.2,5.0,1.0,15.277777777777779,78.53981633974483,0.32420451370571274,2.356194490192345,1.542236393580444,0.6484090274114255,1.527777777777778,0.06365740740740741,38.19444444444445
55,0.6,100.0,15.0,0.3,5.0,1.0,15.277777777777779,78.53981633974483,0.32420451370571274,3.534291735288517,1.542236393580444,0.6484090274114255,2.291666666666666,0.06365740740740741,38.19444444444445
55,0.6,100.0,15.0,0.4,5.0,1.0,15.277777777777779,78.53981633974483,0.32420451370571274,4.71238898038469,1.542236393580444,0.6484090274114255,3.055555555555556,0.06365740740740741,38.19444444444445
55,0.6,100.0,15.0,0.5,5.0,1.0,15.277777777777779,78.53981633974483,0.32420451370571274,5.890486225480862,1.542236393580444,0.6484090274114255,3.819444444444444,0.06365740740740741,38.19444444444445
55,0.6,100.0,15.0,0.6,5.0,1.0,15.277777777777779,78.53981633974483,0.32420451370571274,7.068583470577034,1.542236393580444,0.6484090274114255,4.583333333333332,0.06365740740740741,38.19444444444445
55,0.6,100.0,15.0,0.7,5.0,1.0,15.277777777777779,78.53981633974483,0.32420451370571274,8.246680715673206,1.542236393580444,0.6484090274114255,5.347222222222222,0.06365740740740741,38.19444444444445
55,0.6,100.0,15.0,0.8,5.0,1.0,15.277777777777779,78.53981633974483,0.32420451370571274,9.42477796076938,1.542236393580444,0.6484090274114255,6.111111111111112,0.06365740740740741,38.19444444444445
55,0.6,100.0,15.0,0.9,5.0,1.0,15.277777777777779,78.53981633974483,0.32420451370571274,10.602875205865551,1.542236393580444,0.6484090274114255,6.875,0.06365740740740741,38.19444444444445
55,0.6,100.0,15.0,1.0,5.0,1.0,15.277777777777779,78.53981633974483,0.32420451370571274,11.780972450961723,1.542236393580444,0.6484090274114255,7.638888888888888,0.06365740740740741,38.19444444444445
55,0.6,100.0,15.0,1.1,5.0,1.0,15.277777777777779,78.53981633974483,0.32420451370571274,12.959069696057897,1.542236393580444,0.6484090274114255,8.402777777777779,0.06365740740740741,38.19444444444445
55,0.6,100.0,15.0,1.2,5.0,1.0,15.277777777777779,78.53981633974483,0.32420451370571274,14.137166941154067,1.542236393580444,0.6484090274114255,9.166666666666664,0.06365740740740741,38.19444444444445
55,0.6,100.0,15.0,1.3,5.0,1.0,15.277777777777779,78.53981633974483,0.32420451370571274,15.315264186250241,1.542236393580444,0.6484090274114255,9.930555555555555,0.06365740740740741,38.19444444444445
55,0.6,100.0,15.0,1.4,5.0,1.0,15.277777777777779,78.53981633974483,0.32420451370571274,16.49336143134641,1.542236393580444,0.6484090274114255,10.694444444444445,0.06365740740740741,38.19444444444445
55,0.6,100.0,15.0,1.5,5.0,1.0,15.277777777777779,78.53981633974483,0.32420451370571274,17.671458676442587,1.542236393580444,0.6484090274114255,11.458333333333334,0.06365740740740741,38.19444444444445
55,0.6,100.0,15.0,1.6,5.0,1.0,15.277777777777779,78.53981633974483,0.32420451370571274,18.84955592153876,1.542236393580444,0.6484090274114255,12.222222222222223,0.06365740740740741,38.19444444444445
55,0.6,100.0,15.0,1.7,5.0,1.0,15.277777777777779,78.53981633974483,0.32420451370571274,20.02765316663493,1.542236393580444,0.6484090274114255,12.98611111111111,0.06365740740740741,38.19444444444445
55,0.6,100.0,15.0,1.8,5.0,1.0,15.277777777777779,78.53981633974483,0.32420451370571274,21.205750411731103,1.542236393580444,0.6484090274114255,13.75,0.06365740740740741,38.19444444444445
55,0.6,100.0,15.0,1.9,5.0,1.0,15.277777777777779,78.53981633974483,0.32420451370571274,22.383847656827275,1.542236393580444,0.6484090274114255,14.51388888888889,0.06365740740740741,38.19444444444445
55,0.6,100.0,15.0,2.0,5.0,1.0,15.277777777777779,78.53981633974483,0.32420451370571274,23.561944901923447,1.542236393580444,0.6484090274114255,15.277777777777777,0.06365740740740741,38.19444444444445
60,0.6,100.0,15.0,0.1,5.0,1.0,16.666666666666668,78.53981633974483,0.35367765131532297,1.1780972450961724,1.413716694115407,0.7073553026306459,0.8333333333333333,0.06944444444444445,41.666666666666664
60,0.6,100.0,15.0,0.2,5.0,1.0,16.666666666666668,78.53981633974483,0.35367765131532297,2.356194490192345,1.413716694115407,0.7073553026306459,1.6666666666666665,0.06944444444444445,41.666666666666664
60,0.6,100.0,15.0,0.3,5.0,1.0,16.666666666666668,78.53981633974483,0.35367765131532297,3.534291735288517,1.413716694115407,0.7073553026306459,2.4999999999999996,0.06944444444444445,41.666666666666664
60,0.6,100.0,15.0,0.4,5.0,1.0,16.666666666666668,78.53981633974483,0.35367765131532297,4.71238898038469,1.413716694115407,0.7073553026306459,3.333333333333333,0.06944444444444445,41.666666666666664
60,0.6,100.0,15.0,0.5,5.0,1.0,16.666666666666668,78.53981633974483,0.35367765131532297,5.890486225480862,1.413716694115407,0.7073553026306459,4.166666666666667,0.06944444444444445,41.666666666666664
60,0.6,100.0,15.0,0.6,5.0,1.0,16.666666666666668,78.53981633974483,0.35367765131532297,7.068583470577034,1.413716694115407,0.7073553026306459,4.999999999999999,0.06944444444444445,41.666666666666664
60,0.6,100.0,15.0,0.7,5.0,1.0,16.666666666666668,78.53981633974483,0.35367765131532297,8.246680715673206,1.413716694115407,0.7073553026306459,5.833333333333333,0.06944444444444445,41.666666666666664
60,0.6,100.0,15.0,0.8,5.0,1.0,16.666666666666668,78.53981633974483,0.35367765131532297,9.42477796076938,1.413716694115407,0.7073553026306459,6.666666666666666,0.06944444444444445,41.666666666666664
60,0.6,100.0,15.0,0.9,5.0,1.0,16.666666666666668,78.53981633974483,0.35367765131532297,10.602875205865551,1.413716694115407,0.7073553026306459,7.5,0.06944444444444445,41.666666666666664
60,0.6,100.0,15.0,1.0,5.0,1.0,16.666666666666668,78.53981633974483,0.35367765131532297,11.780972450961723,1.413716694115407,0.7073553026306459,8.333333333333334,0.06944444444444445,41.666666666666664
60,0.6,100.0,15.0,1.1,5.0,1.0,16.666666666666668,78.53981633974483,0.35367765131532297,12.959069696057897,1.413716694115407,0.7073553026306459,9.166666666666666,0.06944444444444445,41.666666666666664
60,0.6,100.0,15.0,1.2,5.0,1.0,16.666666666666668,78.53981633974483,0.35367765131532297,14.137166941154067,1.413716694115407,0.7073553026306459,9.999999999999998,0.06944444444444445,41.666666666666664
60,0.6,100.0,15.0,1.3,5.0,1.0,16.666666666666668,78.53981633974483,0.35367765131532297,15.315264186250241,1.413716694115407,0.7073553026306459,10.833333333333334,0.06944444444444445,41.666666666666664
60,0.6,100.0,15.0,1.4,5.0,1.0,16.666666666666668,78.53981633974483,0.35367765131532297,16.49336143134641,1.413716694115407,0.7073553026306459,11.666666666666666,0.06944444444444445,41.666666666666664
60,0.6,100.0,15.0,1.5,5.0,1.0,16.666666666666668,78.53981633974483,0.35367765131532297,17.671458676442587,1.413716694115407,0.7073553026306459,12.5,0.06944444444444445,41.666666666666664
60,0.6,100.0,15.0,1.6,5.0,1.0,16.666666666666668,78.53981633974483,0.35367765131532297,18.84955592153876,1.413716694115407,0.7073553026306459,13.333333333333332,0.06944444444444445,41.666666666666664
60,0.6,100.0,15.0,1.7,5.0,1.0,16.666666666666668,78.53981633974483,0.35367765131532297,20.02765316663493,1.413716694115407,0.7073553026306459,14.166666666666666,0.06944444444444445,41.666666666666664
60,0.6,100.0,15.0,1.8,5.0,1.0,16.666666666666668,78.53981633974483,0.35367765131532297,21.205750411731103,1.413716694115407,0.7073553026306459,15.0,0.06944444444444445,41.666666666666664
60,0.6,100.0,15.0,1.9,5.0,1.0,16.666666666666668,78.53981633974483,0.35367765131532297,22.383847656827275,1.413716694115407,0.7073553026306459,15.83333333333333,0.06944444444444445,41.666666666666664
60,0.6,100.0,15.0,2.0,5.0,1.0,16.666666666666668,78.53981633974483,0.35367765131532297,23.561944901923447,1.413716694115407,0.7073553026306459,16.666666666666668,0.06944444444444445,41.666666666666664
65,0.6,100.0,15.0,0.1,5.0,1.0,18.055555555555557,78.53981633974483,0.38315078892493326,1.1780972450961724,1.3049692561065294,0.7663015778498665,0.9027777777777778,0.07523148148148148,45.138888888888886
65,0.6,100.0,15.0,0.2,5.0,1.0,18.055555555555557,78.53981633974483,0.38315078892493326,2.356194490192345,1.3049692561065294,0.7663015778498665,1.8055555555555556,0.07523148148148148,45.138888888888886
65,0.6,100.0,15.0,0.3,5.0,1.0,18.055555555555557,78.53981633974483,0.38315078892493326,3.534291735288517,1.3049692561065294,0.7663015778498665,2.7083333333333335,0.07523148148148148,45.138888888888886
65,0.6,100.0,15.0,0.4,5.0,1.0,18.055555555555557,78.53981633974483,0.38315078892493326,4.71238898038469,1.3049692561065294,0.7663015778498665,3.611111111111111,0.07523148148148148,45.138888888888886
65,0.6,100.0,15.0,0.5,5.0,1.0,18.055555555555557,78.53981633974483,0.38315078892493326,5.890486225480862,1.3049692561065294,0.7663015778498665,4.513888888888889,0.07523148148148148,45.138888888888886
65,0.6,100.0,15.0,0.6,5.0,1.0,18.055555555555557,78.53981633974483,0.38315078892493326,7.068583470577034,1.3049692561065294,0.7663015778498665,5.416666666666667,0.07523148148148148,45.138888888888886
65,0.6,100.0,15.0,0.7,5.0,1.0,18.055555555555557,78.53981633974483,0.38315078892493326,8.246680715673206,1.3049692561065294,0.7663015778498665,6.319444444444445,0.07523148148148148,45.138888888888886
65,0.6,100.0,15.0,0.8,5.0,1.0,18.055555555555557,78.53981633974483,0.38315078892493326,9.42477796076938,1.3049692561065294,0.7663015778498665,7.222222222222222,0.07523148148148148,45.138888888888886
65,0.6,100.0,15.0,0.9,5.0,1.0,18.055555555555557,78.53981633974483,0.38315078892493326,10.602875205865551,1.3049692561065294,0.7663015778498665,8.125,0.07523148148148148,45.138888888888886
65,0.6,100.0,15.0,1.0,5.0,1.0,18.055555555555557,78.53981633974483,0.38315078892493326,11.780972450961723,1.3049692561065294,0.7663015778498665,9.027777777777779,0.07523148148148148,45.138888888888886
65,0.6,100.0,15.0,1.1,5.0,1.0,18.055555555555557,78.53981633974483,0.38315078892493326,12.959069696057897,1.3049692561065294,0.7663015778498665,9.930555555555557,0.07523148148148148,45.138888888888886
65,0.6,100.0,15.0,1.2,5.0,1.0,18.055555555555557,78.53981633974483,0.38315078892493326,14.137166941154067,1.3049692561065294,0.7663015778498665,10.833333333333334,0.07523148148148148,45.138888888888886
65,0.6,100.0,15.0,1.3,5.0,1.0,18.055555555555557,78.53981633974483,0.38315078892493326,15.315264186250241,1.3049692561065294,0.7663015778498665,11.736111111111112,0.07523148148148148,45.138888888888886
65,0.6,100.0,15.0,1.4,5.0,1.0,18.055555555555557,78.53981633974483,0.38315078892493326,16.49336143134641,1.3049692561065294,0.7663015778498665,12.63888888888889,0.07523148148148148,45.138888888888886
65,0.6,100.0,15.0,1.5,5.0,1.0,18.055555555555557,78.53981633974483,0.38315078892493326,17.671458676442587,1.3049692561065294,0.7663015778498665,13.54166666666667,0.07523148148148148,45.138888888888886
65,0.6,100.0,15.0,1.6,5.0,1.0,18.055555555555557,78.53981633974483,0.38315078892493326,18.84955592153876,1.3049692561065294,0.7663015778498665,14.444444444444445,0.07523148148148148,45.138888888888886
65,0.6,100.0,15.0,1.7,5.0,1.0,18.055555555555557,78.53981633974483,0.38315078892493326,20.02765316663493,1.3049692561065294,0.7663015778498665,15.347222222222223,0.07523148148148148,45.138888888888886
65,0.6,100.0,15.0,1.8,5.0,1.0,18.055555555555557,78.53981633974483,0.38315078892493326,21.205750411731103,1.3049692561065294,0.7663015778498665,16.25,0.07523148148148148,45.138888888888886
65,0.6,100.0,15.0,1.9,5.0,1.0,18.055555555555557,78.53981633974483,0.38315078892493326,22.383847656827275,1.3049692561065294,0.7663015778498665,17.15277777777778,0.07523148148148148,45.138888888888886
65,0.6,100.0,15.0,2.0,5.0,1.0,18.055555555555557,78.53981633974483,0.38315078892493326,23.561944901923447,1.3049692561065294,0.7663015778498665,18.055555555555557,0.07523148148148148,45.138888888888886
70,0.6,100.0,15.0,0.1,5.0,1.0,19.444444444444443,78.53981633974483,0.41262392653454344,1.1780972450961724,1.2117571663846347,0.8252478530690868,0.972222222222222,0.08101851851851852,48.611111111111114
70,0.6,100.0,15.0,0.2,5.0,1.0,19.444444444444443,78.53981633974483,0.41262392653454344,2.356194490192345,1.2117571663846347,0.8252478530690868,1.944444444444444,0.08101851851851852,48.611111111111114
70,0.6,100.0,15.0,0.3,5.0,1.0,19.444444444444443,78.53981633974483,0.41262392653454344,3.534291735288517,1.2117571663846347,0.8252478530690868,2.9166666666666656,0.08101851851851852,48.611111111111114
70,0.6,100.0,15.0,0.4,5.0,1.0,19.444444444444443,78.53981633974483,0.41262392653454344,4.71238898038469,1.2117571663846347,0.8252478530690868,3.888888888888888,0.08101851851851852,48.611111111111114
70,0.6,100.0,15.0,0.5,5.0,1.0,19.444444444444443,78.53981633974483,0.41262392653454344,5.890486225480862,1.2117571663846347,0.8252478530690868,4.86111111111111,0.08101851851851852,48.611111111111114
70,0.6,100.0,15.0,0.6,5.0,1.0,19.444444444444443,78.53981633974483,0.41262392653454344,7.068583470577034,1.2117571663846347,0.8252478530690868,5.833333333333331,0.08101851851851852,48.611111111111114
70,0.6,100.0,15.0,0.7,5.0,1.0,19.444444444444443,78.53981633974483,0.41262392653454344,8.246680715673206,1.2117571663846347,0.8252478530690868,6.805555555555554,0.08101851851851852,48.611111111111114
70,0.6,100.0,15.0,0.8,5.0,1.0,19.444444444444443,78.53981633974483,0.41262392653454344,9.42477796076938,1.2117571663846347,0.8252478530690868,7.777777777777776,0.08101851851851852,48.611111111111114
70,0.6,100.0,15.0,0.9,5.0,1.0,19.444444444444443,78.53981633974483,0.41262392653454344,10.602875205865551,1.2117571663846347,0.8252478530690868,8.749999999999998,0.08101851851851852,48.611111111111114
70,0.6,100.0,15.0,1.0,5.0,1.0,19.444444444444443,78.53981633974483,0.41262392653454344,11.780972450961723,1.2117571663846347,0.8252478530690868,9.72222222222222,0.08101851851851852,48.611111111111114
70,0.6,100.0,15.0,1.1,5.0,1.0,19.444444444444443,78.53981633974483,0.41262392653454344,12.959069696057897,1.2117571663846347,0.8252478530690868,10.694444444444443,0.08101851851851852,48.611111111111114
70,0.6,100.0,15.0,1.2,5.0,1.0,19.444444444444443,78.53981633974483,0.41262392653454344,14.137166941154067,1.2117571663846347,0.8252478530690868,11.666666666666663,0.08101851851851852,48.611111111111114
70,0.6,100.0,15.0,1.3,5.0,1.0,19.444444444444443,78.53981633974483,0.41262392653454344,15.315264186250241,1.2117571663846347,0.8252478530690868,12.638888888888886,0.08101851851851852,48.611111111111114
70,0.6,100.0,15.0,1.4,5.0,1.0,19.444444444444443,78.53981633974483,0.41262392653454344,16.49336143134641,1.2117571663846347,0.8252478530690868,13.611111111111107,0.08101851851851852,48.611111111111114
70,0.6,100.0,15.0,1.5,5.0,1.0,19.444444444444443,78.53981633974483,0.41262392653454344,17.671458676442587,1.2117571663846347,0.8252478530690868,14.58333333333333,0.08101851851851852,48.611111111111114
70,0.6,100.0,15.0,1.6,5.0,1.0,19.444444444444443,78.53981633974483,0.41262392653454344,18.84955592153876,1.2117571663846347,0.8252478530690868,15.555555555555552,0.08101851851851852,48.611111111111114
70,0.6,100.0,15.0,1.7,5.0,1.0,19.444444444444443,78.53981633974483,0.41262392653454344,20.02765316663493,1.2117571663846347,0.8252478530690868,16.52777777777777,0.08101851851851852,48.611111111111114
70,0.6,100.0,15.0,1.8,5.0,1.0,19.444444444444443,78.53981633974483,0.41262392653454344,21.205750411731103,1.2117571663846347,0.8252478530690868,17.499999999999996,0.08101851851851852,48.611111111111114
70,0.6,100.0,15.0,1.9,5.0,1.0,19.444444444444443,78.53981633974483,0.41262392653454344,22.383847656827275,1.2117571663846347,0.8252478530690868,18.472222222222218,0.08101851851851852,48.611111111111114
70,0.6,100.0,15.0,2.0,5.0,1.0,19.444444444444443,78.53981633974483,0.41262392653454344,23.561944901923447,1.2117571663846347,0.8252478530690868,19.44444444444444,0.08101851851851852,48.611111111111114
75,0.6,100.0,15.0,0.1,5.0,1.0,20.833333333333332,78.53981633974483,0.4420970641441537,1.1780972450961724,1.1309733552923256,0.8841941282883075,1.0416666666666667,0.08680555555555554,52.08333333333332
75,0.6,100.0,15.0,0.2,5.0,1.0,20.833333333333332,78.53981633974483,0.4420970641441537,2.356194490192345,1.1309733552923256,0.8841941282883075,2.0833333333333335,0.08680555555555554,52.08333333333332
75,0.6,100.0,15.0,0.3,5.0,1.0,20.833333333333332,78.53981633974483,0.4420970641441537,3.534291735288517,1.1309733552923256,0.8841941282883075,3.1249999999999996,0.08680555555555554,52.08333333333332
75,0.6,100.0,15.0,0.4,5.0,1.0,20.833333333333332,78.53981633974483,0.4420970641441537,4.71238898038469,1.1309733552923256,0.8841941282883075,4.166666666666667,0.08680555555555554,52.08333333333332
75,0.6,100.0,15.0,0.5,5.0,1.0,20.833333333333332,78.53981633974483,0.4420970641441537,5.890486225480862,1.1309733552923256,0.8841941282883075,5.208333333333333,0.08680555555555554,52.08333333333332
75,0.6,100.0,15.0,0.6,5.0,1.0,20.833333333333332,78.53981633974483,0.4420970641441537,7.068583470577034,1.1309733552923256,0.8841941282883075,6.249999999999999,0.08680555555555554,52.08333333333332
75,0.6,100.0,15.0,0.7,5.0,1.0,20.833333333333332,78.53981633974483,0.4420970641441537,8.246680715673206,1.1309733552923256,0.8841941282883075,7.291666666666666,0.08680555555555554,52.08333333333332
75,0.6,100.0,15.0,0.8,5.0,1.0,20.833333333333332,78.53981633974483,0.4420970641441537,9.42477796076938,1.1309733552923256,0.8841941282883075,8.333333333333334,0.08680555555555554,52.08333333333332
75,0.6,100.0,15.0,0.9,5.0,1.0,20.833333333333332,78.53981633974483,0.4420970641441537,10.602875205865551,1.1309733552923256,0.8841941282883075,9.375,0.08680555555555554,52.08333333333332
75,0.6,100.0,15.0,1.0,5.0,1.0,20.833333333333332,78.53981633974483,0.4420970641441537,11.780972450961723,1.1309733552923256,0.8841941282883075,10.416666666666666,0.08680555555555554,52.08333333333332
75,0.6,100.0,15.0,1.1,5.0,1.0,20.833333333333332,78.53981633974483,0.4420970641441537,12.959069696057897,1.1309733552923256,0.8841941282883075,11.458333333333334,0.08680555555555554,52.08333333333332
75,0.6,100.0,15.0,1.2,5.0,1.0,20.833333333333332,78.53981633974483,0.4420970641441537,14.137166941154067,1.1309733552923256,0.8841941282883075,12.499999999999998,0.08680555555555554,52.08333333333332
75,0.6,100.0,15.0,1.3,5.0,1.0,20.833333333333332,78.53981633974483,0.4420970641441537,15.315264186250241,1.1309733552923256,0.8841941282883075,13.541666666666668,0.08680555555555554,52.08333333333332
75,0.6,100.0,15.0,1.4,5.0,1.0,20.833333333333332,78.53981633974483,0.4420970641441537,16.49336143134641,1.1309733552923256,0.8841941282883075,14.583333333333332,0.08680555555555554,52.08333333333332
75,0.6,100.0,15.0,1.5,5.0,1.0,20.833333333333332,78.53981633974483,0.4420970641441537,17.671458676442587,1.1309733552923256,0.8841941282883075,15.625,0.08680555555555554,52.08333333333332
75,0.6,100.0,15.0,1.6,5.0,1.0,20.833333333333332,78.53981633974483,0.4420970641441537,18.84955592153876,1.1309733552923256,0.8841941282883075,16.666666666666668,0.08680555555555554,52.08333333333332
75,0.6,100.0,15.0,1.7,5.0,1.0,20.833333333333332,78.53981633974483,0.4420970641441537,20.02765316663493,1.1309733552923256,0.8841941282883075,17.708333333333332,0.08680555555555554,52.08333333333332
75,0.6,100.0,15.0,1.8,5.0,1.0,20.833333333333332,78.53981633974483,0.4420970641441537,21.205750411731103,1.1309733552923256,0.8841941282883075,18.75,0.08680555555555554,52.08333333333332
75,0.6,100.0,15.0,1.9,5.0,1.0,20.833333333333332,78.53981633974483,0.4420970641441537,22.383847656827275,1.1309733552923256,0.8841941282883075,19.791666666666664,0.08680555555555554,52.08333333333332
75,0.6,100.0,15.0,2.0,5.0,1.0,20.833333333333332,78.53981633974483,0.4420970641441537,23.561944901923447,1.1309733552923256,0.8841941282883075,20.833333333333332,0.08680555555555554,52.08333333333332
80,0.6,100.0,15.0,0.1,5.0,1.0,22.22222222222222,78.53981633974483,0.4715702017537639,1.1780972450961724,1.0602875205865554,0.9431404035075277,1.111111111111111,0.09259259259259257,55.55555555555554
80,0.6,100.0,15.0,0.2,5.0,1.0,22.22222222222222,78.53981633974483,0.4715702017537639,2.356194490192345,1.0602875205865554,0.9431404035075277,2.222222222222222,0.09259259259259257,55.55555555555554
80,0.6,100.0,15.0,0.3,5.0,1.0,22.22222222222222,78.53981633974483,0.4715702017537639,3.534291735288517,1.0602875205865554,0.9431404035075277,3.333333333333332,0.09259259259259257,55.55555555555554
80,0.6,100.0,15.0,0.4,5.0,1.0,22.22222222222222,78.53981633974483,0.4715702017537639,4.71238898038469,1.0602875205865554,0.9431404035075277,4.444444444444444,0.09259259259259257,55.55555555555554
80,0.6,100.0,15.0,0.5,5.0,1.0,22.22222222222222,78.53981633974483,0.4715702017537639,5.890486225480862,1.0602875205865554,0.9431404035075277,5.5555555555555545,0.09259259259259257,55.55555555555554
80,0.6,100.0,15.0,0.6,5.0,1.0,22.22222222222222,78.53981633974483,0.4715702017537639,7.068583470577034,1.0602875205865554,0.9431404035075277,6.666666666666664,0.09259259259259257,55.55555555555554
80,0.6,100.0,15.0,0.7,5.0,1.0,22.22222222222222,78.53981633974483,0.4715702017537639,8.246680715673206,1.0602875205865554,0.9431404035075277,7.777777777777775,0.09259259259259257,55.55555555555554
80,0.6,100.0,15.0,0.8,5.0,1.0,22.22222222222222,78.53981633974483,0.4715702017537639,9.42477796076938,1.0602875205865554,0.9431404035075277,8.888888888888888,0.09259259259259257,55.55555555555554
80,0.6,100.0,15.0,0.9,5.0,1.0,22.22222222222222,78.53981633974483,0.4715702017537639,10.602875205865551,1.0602875205865554,0.9431404035075277,9.999999999999996,0.09259259259259257,55.55555555555554
80,0.6,100.0,15.0,1.0,5.0,1.0,22.22222222222222,78.53981633974483,0.4715702017537639,11.780972450961723,1.0602875205865554,0.9431404035075277,11.111111111111109,0.09259259259259257,55.55555555555554
80,0.6,100.0,15.0,1.1,5.0,1.0,22.22222222222222,78.53981633974483,0.4715702017537639,12.959069696057897,1.0602875205865554,0.9431404035075277,12.22222222222222,0.09259259259259257,55.55555555555554
80,0.6,100.0,15.0,1.2,5.0,1.0,22.22222222222222,78.53981633974483,0.4715702017537639,14.137166941154067,1.0602875205865554,0.9431404035075277,13.333333333333329,0.09259259259259257,55.55555555555554
80,0.6,100.0,15.0,1.3,5.0,1.0,22.22222222222222,78.53981633974483,0.4715702017537639,15.315264186250241,1.0602875205865554,0.9431404035075277,14.444444444444441,0.09259259259259257,55.55555555555554
80,0.6,100.0,15.0,1.4,5.0,1.0,22.22222222222222,78.53981633974483,0.4715702017537639,16.49336143134641,1.0602875205865554,0.9431404035075277,15.55555555555555,0.09259259259259257,55.55555555555554
80,0.6,100.0,15.0,1.5,5.0,1.0,22.22222222222222,78.53981633974483,0.4715702017537639,17.671458676442587,1.0602875205865554,0.9431404035075277,16.666666666666664,0.09259259259259257,55.55555555555554
80,0.6,100.0,15.0,1.6,5.0,1.0,22.22222222222222,78.53981633974483,0.4715702017537639,18.84955592153876,1.0602875205865554,0.9431404035075277,17.777777777777775,0.09259259259259257,55.55555555555554
80,0.6,100.0,15.0,1.7,5.0,1.0,22.22222222222222,78.53981633974483,0.4715702017537639,20.02765316663493,1.0602875205865554,0.9431404035075277,18.888888888888882,0.09259259259259257,55.55555555555554
80,0.6,100.0,15.0,1.8,5.0,1.0,22.22222222222222,78.53981633974483,0.4715702017537639,21.205750411731103,1.0602875205865554,0.9431404035075277,19.999999999999993,0.09259259259259257,55.55555555555554
80,0.6,100.0,15.0,1.9,5.0,1.0,22.22222222222222,78.53981633974483,0.4715702017537639,22.383847656827275,1.0602875205865554,0.9431404035075277,21.111111111111104,0.09259259259259257,55.55555555555554
80,0.6,100.0,15.0,2.0,5.0,1.0,22.22222222222222,78.53981633974483,0.4715702017537639,23.561944901923447,1.0602875205865554,0.9431404035075277,22.222222222222218,0.09259259259259257,55.55555555555554
85,0.6,100.0,15.0,0.1,5.0,1.0,23.61111111111111,78.53981633974483,0.5010433393633742,1.1780972450961724,0.9979176664344049,1.0020866787267484,1.1805555555555556,0.09837962962962962,59.02777777777777
85,0.6,100.0,15.0,0.2,5.0,1.0,23.61111111111111,78.53981633974483,0.5010433393633742,2.356194490192345,0.9979176664344049,1.0020866787267484,2.361111111111111,0.09837962962962962,59.02777777777777
85,0.6,100.0,15.0,0.3,5.0,1.0,23.61111111111111,78.53981633974483,0.5010433393633742,3.534291735288517,0.9979176664344049,1.0020866787267484,3.541666666666666,0.09837962962962962,59.02777777777777
85,0.6,100.0,15.0,0.4,5.0,1.0,23.61111111111111,78.53981633974483,0.5010433393633742,4.71238898038469,0.9979176664344049,1.0020866787267484,4.722222222222222,0.09837962962962962,59.02777777777777
85,0.6,100.0,15.0,0.5,5.0,1.0,23.61111111111111,78.53981633974483,0.5010433393633742,5.890486225480862,0.9979176664344049,1.0020866787267484,5.902777777777777,0.09837962962962962,59.02777777777777
85,0.6,100.0,15.0,0.6,5.0,1.0,23.61111111111111,78.53981633974483,0.5010433393633742,7.068583470577034,0.9979176664344049,1.0020866787267484,7.083333333333332,0.09837962962962962,59.02777777777777
85,0.6,100.0,15.0,0.7,5.0,1.0,23.61111111111111,78.53981633974483,0.5010433393633742,8.246680715673206,0.9979176664344049,1.0020866787267484,8.263888888888886,0.09837962962962962,59.02777777777777
85,0.6,100.0,15.0,0.8,5.0,1.0,23.61111111111111,78.53981633974483,0.5010433393633742,9.42477796076938,0.9979176664344049,1.0020866787267484,9.444444444444445,0.09837962962962962,59.02777777777777
85,0.6,100.0,15.0,0.9,5.0,1.0,23.61111111111111,78.53981633974483,0.5010433393633742,10.602875205865551,0.9979176664344049,1.0020866787267484,10.624999999999998,0.09837962962962962,59.02777777777777
85,0.6,100.0,15.0,1.0,5.0,1.0,23.61111111111111,78.53981633974483,0.5010433393633742,11.780972450961723,0.9979176664344049,1.0020866787267484,11.805555555555554,0.09837962962962962,59.02777777777777
85,0.6,100.0,15.0,1.1,5.0,1.0,23.61111111111111,78.53981633974483,0.5010433393633742,12.959069696057897,0.9979176664344049,1.0020866787267484,12.98611111111111,0.09837962962962962,59.02777777777777
85,0.6,100.0,15.0,1.2,5.0,1.0,23.61111111111111,78.53981633974483,0.5010433393633742,14.137166941154067,0.9979176664344049,1.0020866787267484,14.166666666666664,0.09837962962962962,59.02777777777777
85,0.6,100.0,15.0,1.3,5.0,1.0,23.61111111111111,78.53981633974483,0.5010433393633742,15.315264186250241,0.9979176664344049,1.0020866787267484,15.34722222222222,0.09837962962962962,59.02777777777777
85,0.6,100.0,15.0,1.4,5.0,1.0,23.61111111111111,78.53981633974483,0.5010433393633742,16.49336143134641,0.9979176664344049,1.0020866787267484,16.52777777777777,0.09837962962962962,59.02777777777777
85,0.6,100.0,15.0,1.5,5.0,1.0,23.61111111111111,78.53981633974483,0.5010433393633742,17.671458676442587,0.9979176664344049,1.0020866787267484,17.708333333333332,0.09837962962962962,59.02777777777777
85,0.6,100.0,15.0,1.6,5.0,1.0,23.61111111111111,78.53981633974483,0.5010433393633742,18.84955592153876,0.9979176664344049,1.0020866787267484,18.88888888888889,0.09837962962962962,59.02777777777777
85,0.6,100.0,15.0,1.7,5.0,1.0,23.61111111111111,78.53981633974483,0.5010433393633742,20.02765316663493,0.9979176664344049,1.0020866787267484,20.069444444444443,0.09837962962962962,59.02777777777777
85,0.6,100.0,15.0,1.8,5.0,1.0,23.61111111111111,78.53981633974483,0.5010433393633742,21.205750411731103,0.9979176664344049,1.0020866787267484,21.249999999999996,0.09837962962962962,59.02777777777777
85,0.6,100.0,15.0,1.9,5.0,1.0,23.61111111111111,78.53981633974483,0.5010433393633742,22.383847656827275,0.9979176664344049,1.0020866787267484,22.430555555555554,0.09837962962962962,59.02777777777777
85,0.6,100.0,15.0,2.0,5.0,1.0,23.61111111111111,78.53981633974483,0.5010433393633742,23.561944901923447,0.9979176664344049,1.0020866787267484,23.611111111111107,0.09837962962962962,59.02777777777777
90,0.6,100.0,15.0,0.1,5.0,1.0,25.0,78.53981633974483,0.5305164769729844,1.1780972450961724,0.942477796076938,1.0610329539459689,1.2499999999999998,0.10416666666666666,62.49999999999999
90,0.6,100.0,15.0,0.2,5.0,1.0,25.0,78.53981633974483,0.5305164769729844,2.356194490192345,0.942477796076938,1.0610329539459689,2.4999999999999996,0.10416666666666666,62.49999999999999
90,0.6,100.0,15.0,0.3,5.0,1.0,25.0,78.53981633974483,0.5305164769729844,3.534291735288517,0.942477796076938,1.0610329539459689,3.7499999999999996,0.10416666666666666,62.49999999999999
90,0.6,100.0,15.0,0.4,5.0,1.0,25.0,78.53981633974483,0.5305164769729844,4.71238898038469,0.942477796076938,1.0610329539459689,4.999999999999999,0.10416666666666666,62.49999999999999
90,0.6,100.0,15.0,0.5,5.0,1.0,25.0,78.53981633974483,0.5305164769729844,5.890486225480862,0.942477796076938,1.0610329539459689,6.249999999999999,0.10416666666666666,62.49999999999999
90,0.6,100.0,15.0,0.6,5.0,1.0,25.0,78.53981633974483,0.5305164769729844,7.068583470577034,0.942477796076938,1.0610329539459689,7.499999999999999,0.10416666666666666,62.49999999999999
90,0.6,100.0,15.0,0.7,5.0,1.0,25.0,78.53981633974483,0.5305164769729844,8.246680715673206,0.942477796076938,1.0610329539459689,8.749999999999998,0.10416666666666666,62.49999999999999
90,0.6,100.0,15.0,0.8,5.0,1.0,25.0,78.53981633974483,0.5305164769729844,9.42477796076938,0.942477796076938,1.0610329539459689,9.999999999999998,0.10416666666666666,62.49999999999999
90,0.6,100.0,15.0,0.9,5.0,1.0,25.0,78.53981633974483,0.5305164769729844,10.602875205865551,0.942477796076938,1.0610329539459689,11.25,0.10416666666666666,62.49999999999999
90,0.6,100.0,15.0,1.0,5.0,1.0,25.0,78.53981633974483,0.5305164769729844,11.780972450961723,0.942477796076938,1.0610329539459689,12.499999999999998,0.10416666666666666,62.49999999999999
90,0.6,100.0,15.0,1.1,5.0,1.0,25.0,78.53981633974483,0.5305164769729844,12.959069696057897,0.942477796076938,1.0610329539459689,13.75,0.10416666666666666,62.49999999999999
90,0.6,100.0,15.0,1.2,5.0,1.0,25.0,78.53981633974483,0.5305164769729844,14.137166941154067,0.942477796076938,1.0610329539459689,14.999999999999998,0.10416666666666666,62.49999999999999
90,0.6,100.0,15.0,1.3,5.0,1.0,25.0,78.53981633974483,0.5305164769729844,15.315264186250241,0.942477796076938,1.0610329539459689,16.249999999999996,0.10416666666666666,62.49999999999999
90,0.6,100.0,15.0,1.4,5.0,1.0,25.0,78.53981633974483,0.5305164769729844,16.49336143134641,0.942477796076938,1.0610329539459689,17.499999999999996,0.10416666666666666,62.49999999999999
90,0.6,100.0,15.0,1.5,5.0,1.0,25.0,78.53981633974483,0.5305164769729844,17.671458676442587,0.942477796076938,1.0610329539459689,18.75,0.10416666666666666,62.49999999999999
90,0.6,100.0,15.0,1.6,5.0,1.0,25.0,78.53981633974483,0.5305164769729844,18.84955592153876,0.942477796076938,1.0610329539459689,19.999999999999996,0.10416666666666666,62.49999999999999
90,0.6,100.0,15.0,1.7,5.0,1.0,25.0,78.53981633974483,0.5305164769729844,20.02765316663493,0.942477796076938,1.0610329539459689,21.249999999999996,0.10416666666666666,62.49999999999999
90,0.6,100.0,15.0,1.8,5.0,1.0,25.0,78.53981633974483,0.5305164769729844,21.205750411731103,0.942477796076938,1.0610329539459689,22.5,0.10416666666666666,62.49999999999999
90,0.6,100.0,15.0,1.9,5.0,1.0,25.0,78.53981633974483,0.5305164769729844,22.383847656827275,0.942477796076938,1.0610329539459689,23.749999999999996,0.10416666666666666,62.49999999999999
90,0.6,100.0,15.0,2.0,5.0,1.0,25.0,78.53981633974483,0.5305164769729844,23.561944901923447,0.942477796076938,1.0610329539459689,24.999999999999996,0.10416666666666666,62.49999999999999
95,0.6,100.0,15.0,0.1,5.0,1.0,26.38888888888889,78.53981633974483,0.5599896145825947,1.1780972450961724,0.8928737015465729,1.1199792291651893,1.3194444444444442,0.10995370370370369,65.97222222222221
95,0.6,100.0,15.0,0.2,5.0,1.0,26.38888888888889,78.53981633974483,0.5599896145825947,2.356194490192345,0.8928737015465729,1.1199792291651893,2.6388888888888884,0.10995370370370369,65.97222222222221
95,0.6,100.0,15.0,0.3,5.0,1.0,26.38888888888889,78.53981633974483,0.5599896145825947,3.534291735288517,0.8928737015465729,1.1199792291651893,3.9583333333333326,0.10995370370370369,65.97222222222221
95,0.6,100.0,15.0,0.4,5.0,1.0,26.38888888888889,78.53981633974483,0.5599896145825947,4.71238898038469,0.8928737015465729,1.1199792291651893,5.277777777777777,0.10995370370370369,65.97222222222221
95,0.6,100.0,15.0,0.5,5.0,1.0,26.38888888888889,78.53981633974483,0.5599896145825947,5.890486225480862,0.8928737015465729,1.1199792291651893,6.597222222222221,0.10995370370370369,65.97222222222221
95,0.6,100.0,15.0,0.6,5.0,1.0,26.38888888888889,78.53981633974483,0.5599896145825947,7.068583470577034,0.8928737015465729,1.1199792291651893,7.916666666666665,0.10995370370370369,65.97222222222221
95,0.6,100.0,15.0,0.7,5.0,1.0,26.38888888888889,78.53981633974483,0.5599896145825947,8.246680715673206,0.8928737015465729,1.1199792291651893,9.236111111111109,0.10995370370370369,65.97222222222221
95,0.6,100.0,15.0,0.8,5.0,1.0,26.38888888888889,78.53981633974483,0.5599896145825947,9.42477796076938,0.8928737015465729,1.1199792291651893,10.555555555555554,0.10995370370370369,65.97222222222221
95,0.6,100.0,15.0,0.9,5.0,1.0,26.38888888888889,78.53981633974483,0.5599896145825947,10.602875205865551,0.8928737015465729,1.1199792291651893,11.874999999999998,0.10995370370370369,65.97222222222221
95,0.6,100.0,15.0,1.0,5.0,1.0,26.38888888888889,78.53981633974483,0.5599896145825947,11.780972450961723,0.8928737015465729,1.1199792291651893,13.194444444444443,0.10995370370370369,65.97222222222221
95,0.6,100.0,15.0,1.1,5.0,1.0,26.38888888888889,78.53981633974483,0.5599896145825947,12.959069696057897,0.8928737015465729,1.1199792291651893,14.51388888888889,0.10995370370370369,65.97222222222221
95,0.6,100.0,15.0,1.2,5.0,1.0,26.38888888888889,78.53981633974483,0.5599896145825947,14.137166941154067,0.8928737015465729,1.1199792291651893,15.83333333333333,0.10995370370370369,65.97222222222221
95,0.6,100.0,15.0,1.3,5.0,1.0,26.38888888888889,78.53981633974483,0.5599896145825947,15.315264186250241,0.8928737015465729,1.1199792291651893,17.15277777777778,0.10995370370370369,65.97222222222221
95,0.6,100.0,15.0,1.4,5.0,1.0,26.38888888888889,78.53981633974483,0.5599896145825947,16.49336143134641,0.8928737015465729,1.1199792291651893,18.472222222222218,0.10995370370370369,65.97222222222221
95,0.6,100.0,15.0,1.5,5.0,1.0,26.38888888888889,78.53981633974483,0.5599896145825947,17.671458676442587,0.8928737015465729,1.1199792291651893,19.791666666666664,0.10995370370370369,65.97222222222221
95,0.6,100.0,15.0,1.6,5.0,1.0,26.38888888888889,78.53981633974483,0.5599896145825947,18.84955592153876,0.8928737015465729,1.1199792291651893,21.111111111111107,0.10995370370370369,65.97222222222221
95,0.6,100.0,15.0,1.7,5.0,1.0,26.38888888888889,78.53981633974483,0.5599896145825947,20.02765316663493,0.8928737015465729,1.1199792291651893,22.430555555555554,0.10995370370370369,65.97222222222221
95,0.6,100.0,15.0,1.8,5.0,1.0,26.38888888888889,78.53981633974483,0.5599896145825947,21.205750411731103,0.8928737015465729,1.1199792291651893,23.749999999999996,0.10995370370370369,65.97222222222221
95,0.6,100.0,15.0,1.9,5.0,1.0,26.38888888888889,78.53981633974483,0.5599896145825947,22.383847656827275,0.8928737015465729,1.1199792291651893,25.06944444444444,0.10995370370370369,65.97222222222221
95,0.6,100.0,15.0,2.0,5.0,1.0,26.38888888888889,78.53981633974483,0.5599896145825947,23.561944901923447,0.8928737015465729,1.1199792291651893,26.388888888888886,0.10995370370370369,65.97222222222221
100,0.6,100.0,15.0,0.1,5.0,1.0,27.77777777777778,78.53981633974483,0.5894627521922049,1.1780972450961724,0.8482300164692442,1.1789255043844098,1.3888888888888886,0.11574074074074073,69.44444444444443
100,0.6,100.0,15.0,0.2,5.0,1.0,27.77777777777778,78.53981633974483,0.5894627521922049,2.356194490192345,0.8482300164692442,1.1789255043844098,2.7777777777777772,0.11574074074074073,69.44444444444443
100,0.6,100.0,15.0,0.3,5.0,1.0,27.77777777777778,78.53981633974483,0.5894627521922049,3.534291735288517,0.8482300164692442,1.1789255043844098,4.166666666666666,0.11574074074074073,69.44444444444443
100,0.6,100.0,15.0,0.4,5.0,1.0,27.77777777777778,78.53981633974483,0.5894627521922049,4.71238898038469,0.8482300164692442,1.1789255043844098,5.5555555555555545,0.11574074074074073,69.44444444444443
100,0.6,100.0,15.0,0.5,5.0,1.0,27.77777777777778,78.53981633974483,0.5894627521922049,5.890486225480862,0.8482300164692442,1.1789255043844098,6.944444444444443,0.11574074074074073,69.44444444444443
100,0.6,100.0,15.0,0.6,5.0,1.0,27.77777777777778,78.53981633974483,0.5894627521922049,7.068583470577034,0.8482300164692442,1.1789255043844098,8.333333333333332,0.11574074074074073,69.44444444444443
100,0.6,100.0,15.0,0.7,5.0,1.0,27.77777777777778,78.53981633974483,0.5894627521922049,8.246680715673206,0.8482300164692442,1.1789255043844098,9.72222222222222,0.11574074074074073,69.44444444444443
100,0.6,100.0,15.0,0.8,5.0,1.0,27.77777777777778,78.53981633974483,0.5894627521922049,9.42477796076938,0.8482300164692442,1.1789255043844098,11.111111111111109,0.11574074074074073,69.44444444444443
100,0.6,100.0,15.0,0.9,5.0,1.0,27.77777777777778,78.53981633974483,0.5894627521922049,10.602875205865551,0.8482300164692442,1.1789255043844098,12.499999999999998,0.11574074074074073,69.44444444444443
100,0.6,100.0,15.0,1.0,5.0,1.0,27.77777777777778,78.53981633974483,0.5894627521922049,11.780972450961723,0.8482300164692442,1.1789255043844098,13.888888888888886,0.11574074074074073,69.44444444444443
100,0.6,100.0,15.0,1.1,5.0,1.0,27.77777777777778,78.53981633974483,0.5894627521922049,12.959069696057897,0.8482300164692442,1.1789255043844098,15.277777777777777,0.11574074074074073,69.44444444444443
100,0.6,100.0,15.0,1.2,5.0,1.0,27.77777777777778,78.53981633974483,0.5894627521922049,14.137166941154067,0.8482300164692442,1.1789255043844098,16.666666666666664,0.11574074074074073,69.44444444444443
100,0.6,100.0,15.0,1.3,5.0,1.0,27.77777777777778,78.53981633974483,0.5894627521922049,15.315264186250241,0.8482300164692442,1.1789255043844098,18.055555555555554,0.11574074074074073,69.44444444444443
100,0.6,100.0,15.0,1.4,5.0,1.0,27.77777777777778,78.53981633974483,0.5894627521922049,16.49336143134641,0.8482300164692442,1.1789255043844098,19.44444444444444,0.11574074074074073,69.44444444444443
100,0.6,100.0,15.0,1.5,5.0,1.0,27.77777777777778,78.53981633974483,0.5894627521922049,17.671458676442587,0.8482300164692442,1.1789255043844098,20.833333333333332,0.11574074074074073,69.44444444444443
100,0.6,100.0,15.0,1.6,5.0,1.0,27.77777777777778,78.53981633974483,0.5894627521922049,18.84955592153876,0.8482300164692442,1.1789255043844098,22.222222222222218,0.11574074074074073,69.44444444444443
100,0.6,100.0,15.0,1.7,5.0,1.0,27.77777777777778,78.53981633974483,0.5894627521922049,20.02765316663493,0.8482300164692442,1.1789255043844098,23.611111111111107,0.11574074074074073,69.44444444444443
100,0.6,100.0,15.0,1.8,5.0,1.0,27.77777777777778,78.53981633974483,0.5894627521922049,21.205750411731103,0.8482300164692442,1.1789255043844098,24.999999999999996,0.11574074074074073,69.44444444444443
100,0.6,100.0,15.0,1.9,5.0,1.0,27.77777777777778,78.53981633974483,0.5894627521922049,22.383847656827275,0.8482300164692442,1.1789255043844098,26.388888888888886,0.11574074074074073,69.44444444444443
100,0.6,100.0,15.0,2.0,5.0,1.0,27.77777777777778,78.53981633974483,0.5894627521922049,23.561944901923447,0.8482300164692442,1.1789255043844098,27.77777777777777,0.11574074074074073,69.44444444444443
