setup,pipe_diameter_cm,pipe_area_cm2,nir_spot_diameter_cm,nir_spot_area_cm2,measurement_depth_cm,bulk_density_g_per_cm3,bulk_density_label,throughput_kg,throughput_time_s,mass_flow_g_s,vol_flow_cm3_s,velocity_source,velocity_cm_s,velocity_mm_s,acquisition_time_s,axial_length_model,axial_sampling_length_cm,advance_dz_cm_per_acq,raw_refresh_fraction_per_acq,refresh_fraction_per_acq,probe_volume_cm3,probe_mass_g_instant,probe_mass_mg_instant,new_mass_g_per_acq,new_mass_mg_per_acq,mass_passed_g_per_acq,mass_passed_mg_per_acq,mass_time_exposure_g_s,mass_time_exposure_mg_s,effective_sample_size_mg,sweep_type
E,10.0,78.53981633974483,2.5,4.908738521234052,0.1,0.4,0.4 g/cm^3,95.0,3600.0,26.38888888888889,65.97222222222221,derived_from_throughput,0.839984421873892,8.39984421873892,1.0,spot_diameter,2.5,0.839984421873892,0.3359937687495568,0.3359937687495568,0.49087385212340523,0.1963495408493621,196.34954084936209,0.06597222222222222,65.97222222222223,1.6493055555555556,1649.3055555555557,0.1963495408493621,196.34954084936209,65.97222222222223,density
E,10.0,78.53981633974483,2.5,4.908738521234052,0.1,0.5,0.5 g/cm^3,95.0,3600.0,26.38888888888889,52.77777777777778,derived_from_throughput,0.6719875374991137,6.719875374991137,1.0,spot_diameter,2.5,0.6719875374991137,0.2687950149996455,0.2687950149996455,0.49087385212340523,0.24543692606170261,245.43692606170262,0.06597222222222224,65.97222222222224,1.6493055555555556,1649.3055555555557,0.24543692606170261,245.43692606170262,65.97222222222224,density
E,10.0,78.53981633974483,2.5,4.908738521234052,0.1,0.6,0.6 g/cm^3,95.0,3600.0,26.38888888888889,43.98148148148148,derived_from_throughput,0.5599896145825947,5.599896145825946,1.0,spot_diameter,2.5,0.5599896145825947,0.22399584583303786,0.22399584583303786,0.49087385212340523,0.2945243112740431,294.5243112740431,0.06597222222222221,65.97222222222221,1.6493055555555556,1649.3055555555557,0.2945243112740431,294.5243112740431,65.97222222222221,density
E,10.0,78.53981633974483,2.5,4.908738521234052,0.01,0.4,0.4 g/cm^3,95.0,3600.0,26.38888888888889,65.97222222222221,derived_from_throughput,0.839984421873892,8.39984421873892,1.0,spot_diameter,2.5,0.839984421873892,0.3359937687495568,0.3359937687495568,0.04908738521234052,0.019634954084936207,19.634954084936208,0.006597222222222221,6.597222222222221,1.6493055555555556,1649.3055555555557,0.019634954084936207,19.634954084936208,6.597222222222221,penetration_depth_density
E,10.0,78.53981633974483,2.5,4.908738521234052,0.02,0.4,0.4 g/cm^3,95.0,3600.0,26.38888888888889,65.97222222222221,derived_from_throughput,0.839984421873892,8.39984421873892,1.0,spot_diameter,2.5,0.839984421873892,0.3359937687495568,0.3359937687495568,0.09817477042468103,0.039269908169872414,39.269908169872416,0.013194444444444443,13.194444444444443,1.6493055555555556,1649.3055555555557,0.039269908169872414,39.269908169872416,13.194444444444443,penetration_depth_density
E,10.0,78.53981633974483,2.5,4.908738521234052,0.03,0.4,0.4 g/cm^3,95.0,3600.0,26.38888888888889,65.97222222222221,derived_from_throughput,0.839984421873892,8.39984421873892,1.0,spot_diameter,2.5,0.839984421873892,0.3359937687495568,0.3359937687495568,0.14726215563702155,0.05890486225480862,58.90486225480862,0.019791666666666662,19.79166666666666,1.6493055555555556,1649.3055555555557,0.05890486225480862,58.90486225480862,19.79166666666666,penetration_depth_density
E,10.0,78.53981633974483,2.5,4.908738521234052,0.04,0.4,0.4 g/cm^3,95.0,3600.0,26.38888888888889,65.97222222222221,derived_from_throughput,0.839984421873892,8.39984421873892,1.0,spot_diameter,2.5,0.839984421873892,0.3359937687495568,0.3359937687495568,0.19634954084936207,0.07853981633974483,78.53981633974483,0.026388888888888885,26.388888888888886,1.6493055555555556,1649.3055555555557,0.07853981633974483,78.53981633974483,26.388888888888886,penetration_depth_density
E,10.0,78.53981633974483,2.5,4.908738521234052,0.05,0.4,0.4 g/cm^3,95.0,3600.0,26.38888888888889,65.97222222222221,derived_from_throughput,0.839984421873892,8.39984421873892,1.0,spot_diameter,2.5,0.839984421873892,0.3359937687495568,0.3359937687495568,0.24543692606170261,0.09817477042468105,98.17477042468104,0.03298611111111111,32.986111111111114,1.6493055555555556,1649.3055555555557,0.09817477042468105,98.17477042468104,32.986111111111114,penetration_depth_density
E,10.0,78.53981633974483,2.5,4.908738521234052,0.06,0.4,0.4 g/cm^3,95.0,3600.0,26.38888888888889,65.97222222222221,derived_from_throughput,0.839984421873892,8.39984421873892,1.0,spot_diameter,2.5,0.839984421873892,0.3359937687495568,0.3359937687495568,0.2945243112740431,0.11780972450961724,117.80972450961724,0.039583333333333325,39.58333333333332,1.6493055555555556,1649.3055555555557,0.11780972450961724,117.80972450961724,39.58333333333332,penetration_depth_density
E,10.0,78.53981633974483,2.5,4.908738521234052,0.07,0.4,0.4 g/cm^3,95.0,3600.0,26.38888888888889,65.97222222222221,derived_from_throughput,0.839984421873892,8.39984421873892,1.0,spot_diameter,2.5,0.839984421873892,0.3359937687495568,0.3359937687495568,0.3436116964863837,0.13744467859455348,137.44467859455347,0.04618055555555556,46.18055555555556,1.6493055555555556,1649.3055555555557,0.13744467859455348,137.44467859455347,46.18055555555556,penetration_depth_density
E,10.0,78.53981633974483,2.5,4.908738521234052,0.08,0.4,0.4 g/cm^3,95.0,3600.0,26.38888888888889,65.97222222222221,derived_from_throughput,0.839984421873892,8.39984421873892,1.0,spot_diameter,2.5,0.839984421873892,0.3359937687495568,0.3359937687495568,0.39269908169872414,0.15707963267948966,157.07963267948966,0.05277777777777777,52.77777777777777,1.6493055555555556,1649.3055555555557,0.15707963267948966,157.07963267948966,52.77777777777777,penetration_depth_density
E,10.0,78.53981633974483,2.5,4.908738521234052,0.09,0.4,0.4 g/cm^3,95.0,3600.0,26.38888888888889,65.97222222222221,derived_from_throughput,0.839984421873892,8.39984421873892,1.0,spot_diameter,2.5,0.839984421873892,0.3359937687495568,0.3359937687495568,0.44178646691106466,0.17671458676442586,176.71458676442586,0.05937499999999999,59.37499999999999,1.6493055555555556,1649.3055555555557,0.17671458676442586,176.71458676442586,59.37499999999999,penetration_depth_density
E,10.0,78.53981633974483,2.5,4.908738521234052,0.1,0.4,0.4 g/cm^3,95.0,3600.0,26.38888888888889,65.97222222222221,derived_from_throughput,0.839984421873892,8.39984421873892,1.0,spot_diameter,2.5,0.839984421873892,0.3359937687495568,0.3359937687495568,0.49087385212340523,0.1963495408493621,196.34954084936209,0.06597222222222222,65.97222222222223,1.6493055555555556,1649.3055555555557,0.1963495408493621,196.34954084936209,65.97222222222223,penetration_depth_density
E,10.0,78.53981633974483,2.5,4.908738521234052,0.11,0.4,0.4 g/cm^3,95.0,3600.0,26.38888888888889,65.97222222222221,derived_from_throughput,0.839984421873892,8.39984421873892,1.0,spot_diameter,2.5,0.839984421873892,0.3359937687495568,0.3359937687495568,0.5399612373357457,0.2159844949342983,215.9844949342983,0.07256944444444444,72.56944444444444,1.6493055555555556,1649.3055555555557,0.2159844949342983,215.9844949342983,72.56944444444444,penetration_depth_density
E,10.0,78.53981633974483,2.5,4.908738521234052,0.12,0.4,0.4 g/cm^3,95.0,3600.0,26.38888888888889,65.97222222222221,derived_from_throughput,0.839984421873892,8.39984421873892,1.0,spot_diameter,2.5,0.839984421873892,0.3359937687495568,0.3359937687495568,0.5890486225480862,0.23561944901923448,235.61944901923448,0.07916666666666665,79.16666666666664,1.6493055555555556,1649.3055555555557,0.23561944901923448,235.61944901923448,79.16666666666664,penetration_depth_density
E,10.0,78.53981633974483,2.5,4.908738521234052,0.13,0.4,0.4 g/cm^3,95.0,3600.0,26.38888888888889,65.97222222222221,derived_from_throughput,0.839984421873892,8.39984421873892,1.0,spot_diameter,2.5,0.839984421873892,0.3359937687495568,0.3359937687495568,0.6381360077604268,0.25525440310417075,255.25440310417073,0.08576388888888889,85.76388888888889,1.6493055555555556,1649.3055555555557,0.25525440310417075,255.25440310417073,85.76388888888889,penetration_depth_density
E,10.0,78.53981633974483,2.5,4.908738521234052,0.14,0.4,0.4 g/cm^3,95.0,3600.0,26.38888888888889,65.97222222222221,derived_from_throughput,0.839984421873892,8.39984421873892,1.0,spot_diameter,2.5,0.839984421873892,0.3359937687495568,0.3359937687495568,0.6872233929727674,0.27488935718910695,274.88935718910693,0.09236111111111112,92.36111111111111,1.6493055555555556,1649.3055555555557,0.27488935718910695,274.88935718910693,92.36111111111111,penetration_depth_density
E,10.0,78.53981633974483,2.5,4.908738521234052,0.15,0.4,0.4 g/cm^3,95.0,3600.0,26.38888888888889,65.97222222222221,derived_from_throughput,0.839984421873892,8.39984421873892,1.0,spot_diameter,2.5,0.839984421873892,0.3359937687495568,0.3359937687495568,0.7363107781851078,0.29452431127404316,294.52431127404316,0.09895833333333333,98.95833333333333,1.6493055555555556,1649.3055555555557,0.29452431127404316,294.52431127404316,98.95833333333333,penetration_depth_density
E,10.0,78.53981633974483,2.5,4.908738521234052,0.16,0.4,0.4 g/cm^3,95.0,3600.0,26.38888888888889,65.97222222222221,derived_from_throughput,0.839984421873892,8.39984421873892,1.0,spot_diameter,2.5,0.839984421873892,0.3359937687495568,0.3359937687495568,0.7853981633974483,0.3141592653589793,314.1592653589793,0.10555555555555554,105.55555555555554,1.6493055555555556,1649.3055555555557,0.3141592653589793,314.1592653589793,105.55555555555554,penetration_depth_density
E,10.0,78.53981633974483,2.5,4.908738521234052,0.17,0.4,0.4 g/cm^3,95.0,3600.0,26.38888888888889,65.97222222222221,derived_from_throughput,0.839984421873892,8.39984421873892,1.0,spot_diameter,2.5,0.839984421873892,0.3359937687495568,0.3359937687495568,0.8344855486097889,0.3337942194439156,333.79421944391555,0.11215277777777778,112.15277777777779,1.6493055555555556,1649.3055555555557,0.3337942194439156,333.79421944391555,112.15277777777779,penetration_depth_density
E,10.0,78.53981633974483,2.5,4.908738521234052,0.18,0.4,0.4 g/cm^3,95.0,3600.0,26.38888888888889,65.97222222222221,derived_from_throughput,0.839984421873892,8.39984421873892,1.0,spot_diameter,2.5,0.839984421873892,0.3359937687495568,0.3359937687495568,0.8835729338221293,0.3534291735288517,353.4291735288517,0.11874999999999998,118.74999999999999,1.6493055555555556,1649.3055555555557,0.3534291735288517,353.4291735288517,118.74999999999999,penetration_depth_density
E,10.0,78.53981633974483,2.5,4.908738521234052,0.19,0.4,0.4 g/cm^3,95.0,3600.0,26.38888888888889,65.97222222222221,derived_from_throughput,0.839984421873892,8.39984421873892,1.0,spot_diameter,2.5,0.839984421873892,0.3359937687495568,0.3359937687495568,0.9326603190344699,0.373064127613788,373.064127613788,0.12534722222222222,125.34722222222221,1.6493055555555556,1649.3055555555557,0.373064127613788,373.064127613788,125.34722222222221,penetration_depth_density
E,10.0,78.53981633974483,2.5,4.908738521234052,0.2,0.4,0.4 g/cm^3,95.0,3600.0,26.38888888888889,65.97222222222221,derived_from_throughput,0.839984421873892,8.39984421873892,1.0,spot_diameter,2.5,0.839984421873892,0.3359937687495568,0.3359937687495568,0.9817477042468105,0.3926990816987242,392.69908169872417,0.13194444444444445,131.94444444444446,1.6493055555555556,1649.3055555555557,0.3926990816987242,392.69908169872417,131.94444444444446,penetration_depth_density
E,10.0,78.53981633974483,2.5,4.908738521234052,0.01,0.5,0.5 g/cm^3,95.0,3600.0,26.38888888888889,52.77777777777778,derived_from_throughput,0.6719875374991137,6.719875374991137,1.0,spot_diameter,2.5,0.6719875374991137,0.2687950149996455,0.2687950149996455,0.04908738521234052,0.02454369260617026,24.543692606170257,0.006597222222222222,6.597222222222222,1.6493055555555556,1649.3055555555557,0.02454369260617026,24.543692606170257,6.597222222222222,penetration_depth_density
E,10.0,78.53981633974483,2.5,4.908738521234052,0.02,0.5,0.5 g/cm^3,95.0,3600.0,26.38888888888889,52.77777777777778,derived_from_throughput,0.6719875374991137,6.719875374991137,1.0,spot_diameter,2.5,0.6719875374991137,0.2687950149996455,0.2687950149996455,0.09817477042468103,0.04908738521234052,49.087385212340514,0.013194444444444444,13.194444444444445,1.6493055555555556,1649.3055555555557,0.04908738521234052,49.087385212340514,13.194444444444445,penetration_depth_density
E,10.0,78.53981633974483,2.5,4.908738521234052,0.03,0.5,0.5 g/cm^3,95.0,3600.0,26.38888888888889,52.77777777777778,derived_from_throughput,0.6719875374991137,6.719875374991137,1.0,spot_diameter,2.5,0.6719875374991137,0.2687950149996455,0.2687950149996455,0.14726215563702155,0.07363107781851078,73.63107781851078,0.019791666666666666,19.791666666666664,1.6493055555555556,1649.3055555555557,0.07363107781851078,73.63107781851078,19.791666666666664,penetration_depth_density
E,10.0,78.53981633974483,2.5,4.908738521234052,0.04,0.5,0.5 g/cm^3,95.0,3600.0,26.38888888888889,52.77777777777778,derived_from_throughput,0.6719875374991137,6.719875374991137,1.0,spot_diameter,2.5,0.6719875374991137,0.2687950149996455,0.2687950149996455,0.19634954084936207,0.09817477042468103,98.17477042468103,0.02638888888888889,26.38888888888889,1.6493055555555556,1649.3055555555557,0.09817477042468103,98.17477042468103,26.38888888888889,penetration_depth_density
E,10.0,78.53981633974483,2.5,4.908738521234052,0.05,0.5,0.5 g/cm^3,95.0,3600.0,26.38888888888889,52.77777777777778,derived_from_throughput,0.6719875374991137,6.719875374991137,1.0,spot_diameter,2.5,0.6719875374991137,0.2687950149996455,0.2687950149996455,0.24543692606170261,0.12271846303085131,122.71846303085131,0.03298611111111112,32.98611111111112,1.6493055555555556,1649.3055555555557,0.12271846303085131,122.71846303085131,32.98611111111112,penetration_depth_density
E,10.0,78.53981633974483,2.5,4.908738521234052,0.06,0.5,0.5 g/cm^3,95.0,3600.0,26.38888888888889,52.77777777777778,derived_from_throughput,0.6719875374991137,6.719875374991137,1.0,spot_diameter,2.5,0.6719875374991137,0.2687950149996455,0.2687950149996455,0.2945243112740431,0.14726215563702155,147.26215563702155,0.03958333333333333,39.58333333333333,1.6493055555555556,1649.3055555555557,0.14726215563702155,147.26215563702155,39.58333333333333,penetration_depth_density
E,10.0,78.53981633974483,2.5,4.908738521234052,0.07,0.5,0.5 g/cm^3,95.0,3600.0,26.38888888888889,52.77777777777778,derived_from_throughput,0.6719875374991137,6.719875374991137,1.0,spot_diameter,2.5,0.6719875374991137,0.2687950149996455,0.2687950149996455,0.3436116964863837,0.17180584824319184,171.80584824319183,0.046180555555555565,46.180555555555564,1.6493055555555556,1649.3055555555557,0.17180584824319184,171.80584824319183,46.180555555555564,penetration_depth_density
E,10.0,78.53981633974483,2.5,4.908738521234052,0.08,0.5,0.5 g/cm^3,95.0,3600.0,26.38888888888889,52.77777777777778,derived_from_throughput,0.6719875374991137,6.719875374991137,1.0,spot_diameter,2.5,0.6719875374991137,0.2687950149996455,0.2687950149996455,0.39269908169872414,0.19634954084936207,196.34954084936206,0.05277777777777778,52.77777777777778,1.6493055555555556,1649.3055555555557,0.19634954084936207,196.34954084936206,52.77777777777778,penetration_depth_density
E,10.0,78.53981633974483,2.5,4.908738521234052,0.09,0.5,0.5 g/cm^3,95.0,3600.0,26.38888888888889,52.77777777777778,derived_from_throughput,0.6719875374991137,6.719875374991137,1.0,spot_diameter,2.5,0.6719875374991137,0.2687950149996455,0.2687950149996455,0.44178646691106466,0.22089323345553233,220.89323345553234,0.059375000000000004,59.37500000000001,1.6493055555555556,1649.3055555555557,0.22089323345553233,220.89323345553234,59.37500000000001,penetration_depth_density
E,10.0,78.53981633974483,2.5,4.908738521234052,0.1,0.5,0.5 g/cm^3,95.0,3600.0,26.38888888888889,52.77777777777778,derived_from_throughput,0.6719875374991137,6.719875374991137,1.0,spot_diameter,2.5,0.6719875374991137,0.2687950149996455,0.2687950149996455,0.49087385212340523,0.24543692606170261,245.43692606170262,0.06597222222222224,65.97222222222224,1.6493055555555556,1649.3055555555557,0.24543692606170261,245.43692606170262,65.97222222222224,penetration_depth_density
E,10.0,78.53981633974483,2.5,4.908738521234052,0.11,0.5,0.5 g/cm^3,95.0,3600.0,26.38888888888889,52.77777777777778,derived_from_throughput,0.6719875374991137,6.719875374991137,1.0,spot_diameter,2.5,0.6719875374991137,0.2687950149996455,0.2687950149996455,0.5399612373357457,0.2699806186678729,269.9806186678729,0.07256944444444445,72.56944444444446,1.6493055555555556,1649.3055555555557,0.2699806186678729,269.9806186678729,72.56944444444446,penetration_depth_density
E,10.0,78.53981633974483,2.5,4.908738521234052,0.12,0.5,0.5 g/cm^3,95.0,3600.0,26.38888888888889,52.77777777777778,derived_from_throughput,0.6719875374991137,6.719875374991137,1.0,spot_diameter,2.5,0.6719875374991137,0.2687950149996455,0.2687950149996455,0.5890486225480862,0.2945243112740431,294.5243112740431,0.07916666666666666,79.16666666666666,1.6493055555555556,1649.3055555555557,0.2945243112740431,294.5243112740431,79.16666666666666,penetration_depth_density
E,10.0,78.53981633974483,2.5,4.908738521234052,0.13,0.5,0.5 g/cm^3,95.0,3600.0,26.38888888888889,52.77777777777778,derived_from_throughput,0.6719875374991137,6.719875374991137,1.0,spot_diameter,2.5,0.6719875374991137,0.2687950149996455,0.2687950149996455,0.6381360077604268,0.3190680038802134,319.0680038802134,0.0857638888888889,85.7638888888889,1.6493055555555556,1649.3055555555557,0.3190680038802134,319.0680038802134,85.7638888888889,penetration_depth_density
E,10.0,78.53981633974483,2.5,4.908738521234052,0.14,0.5,0.5 g/cm^3,95.0,3600.0,26.38888888888889,52.77777777777778,derived_from_throughput,0.6719875374991137,6.719875374991137,1.0,spot_diameter,2.5,0.6719875374991137,0.2687950149996455,0.2687950149996455,0.6872233929727674,0.3436116964863837,343.61169648638366,0.09236111111111113,92.36111111111113,1.6493055555555556,1649.3055555555557,0.3436116964863837,343.61169648638366,92.36111111111113,penetration_depth_density
E,10.0,78.53981633974483,2.5,4.908738521234052,0.15,0.5,0.5 g/cm^3,95.0,3600.0,26.38888888888889,52.77777777777778,derived_from_throughput,0.6719875374991137,6.719875374991137,1.0,spot_diameter,2.5,0.6719875374991137,0.2687950149996455,0.2687950149996455,0.7363107781851078,0.3681553890925539,368.1553890925539,0.09895833333333334,98.95833333333334,1.6493055555555556,1649.3055555555557,0.3681553890925539,368.1553890925539,98.95833333333334,penetration_depth_density
E,10.0,78.53981633974483,2.5,4.908738521234052,0.16,0.5,0.5 g/cm^3,95.0,3600.0,26.38888888888889,52.77777777777778,derived_from_throughput,0.6719875374991137,6.719875374991137,1.0,spot_diameter,2.5,0.6719875374991137,0.2687950149996455,0.2687950149996455,0.7853981633974483,0.39269908169872414,392.6990816987241,0.10555555555555556,105.55555555555556,1.6493055555555556,1649.3055555555557,0.39269908169872414,392.6990816987241,105.55555555555556,penetration_depth_density
E,10.0,78.53981633974483,2.5,4.908738521234052,0.17,0.5,0.5 g/cm^3,95.0,3600.0,26.38888888888889,52.77777777777778,derived_from_throughput,0.6719875374991137,6.719875374991137,1.0,spot_diameter,2.5,0.6719875374991137,0.2687950149996455,0.2687950149996455,0.8344855486097889,0.4172427743048944,417.24277430489445,0.1121527777777778,112.1527777777778,1.6493055555555556,1649.3055555555557,0.4172427743048944,417.24277430489445,112.1527777777778,penetration_depth_density
E,10.0,78.53981633974483,2.5,4.908738521234052,0.18,0.5,0.5 g/cm^3,95.0,3600.0,26.38888888888889,52.77777777777778,derived_from_throughput,0.6719875374991137,6.719875374991137,1.0,spot_diameter,2.5,0.6719875374991137,0.2687950149996455,0.2687950149996455,0.8835729338221293,0.44178646691106466,441.7864669110647,0.11875000000000001,118.75000000000001,1.6493055555555556,1649.3055555555557,0.44178646691106466,441.7864669110647,118.75000000000001,penetration_depth_density
E,10.0,78.53981633974483,2.5,4.908738521234052,0.19,0.5,0.5 g/cm^3,95.0,3600.0,26.38888888888889,52.77777777777778,derived_from_throughput,0.6719875374991137,6.719875374991137,1.0,spot_diameter,2.5,0.6719875374991137,0.2687950149996455,0.2687950149996455,0.9326603190344699,0.46633015951723494,466.33015951723496,0.12534722222222222,125.34722222222221,1.6493055555555556,1649.3055555555557,0.46633015951723494,466.33015951723496,125.34722222222221,penetration_depth_density
E,10.0,78.53981633974483,2.5,4.908738521234052,0.2,0.5,0.5 g/cm^3,95.0,3600.0,26.38888888888889,52.77777777777778,derived_from_throughput,0.6719875374991137,6.719875374991137,1.0,spot_diameter,2.5,0.6719875374991137,0.2687950149996455,0.2687950149996455,0.9817477042468105,0.49087385212340523,490.87385212340524,0.13194444444444448,131.94444444444449,1.6493055555555556,1649.3055555555557,0.49087385212340523,490.87385212340524,131.94444444444449,penetration_depth_density
E,10.0,78.53981633974483,2.5,4.908738521234052,0.01,0.6,0.6 g/cm^3,95.0,3600.0,26.38888888888889,43.98148148148148,derived_from_throughput,0.5599896145825947,5.599896145825946,1.0,spot_diameter,2.5,0.5599896145825947,0.22399584583303786,0.22399584583303786,0.04908738521234052,0.02945243112740431,29.45243112740431,0.006597222222222221,6.597222222222221,1.6493055555555556,1649.3055555555557,0.02945243112740431,29.45243112740431,6.597222222222221,penetration_depth_density
E,10.0,78.53981633974483,2.5,4.908738521234052,0.02,0.6,0.6 g/cm^3,95.0,3600.0,26.38888888888889,43.98148148148148,derived_from_throughput,0.5599896145825947,5.599896145825946,1.0,spot_diameter,2.5,0.5599896145825947,0.22399584583303786,0.22399584583303786,0.09817477042468103,0.05890486225480862,58.90486225480862,0.013194444444444443,13.194444444444443,1.6493055555555556,1649.3055555555557,0.05890486225480862,58.90486225480862,13.194444444444443,penetration_depth_density
E,10.0,78.53981633974483,2.5,4.908738521234052,0.03,0.6,0.6 g/cm^3,95.0,3600.0,26.38888888888889,43.98148148148148,derived_from_throughput,0.5599896145825947,5.599896145825946,1.0,spot_diameter,2.5,0.5599896145825947,0.22399584583303786,0.22399584583303786,0.14726215563702155,0.08835729338221293,88.35729338221293,0.019791666666666666,19.791666666666664,1.6493055555555556,1649.3055555555557,0.08835729338221293,88.35729338221293,19.791666666666664,penetration_depth_density
E,10.0,78.53981633974483,2.5,4.908738521234052,0.04,0.6,0.6 g/cm^3,95.0,3600.0,26.38888888888889,43.98148148148148,derived_from_throughput,0.5599896145825947,5.599896145825946,1.0,spot_diameter,2.5,0.5599896145825947,0.22399584583303786,0.22399584583303786,0.19634954084936207,0.11780972450961724,117.80972450961724,0.026388888888888885,26.388888888888886,1.6493055555555556,1649.3055555555557,0.11780972450961724,117.80972450961724,26.388888888888886,penetration_depth_density
E,10.0,78.53981633974483,2.5,4.908738521234052,0.05,0.6,0.6 g/cm^3,95.0,3600.0,26.38888888888889,43.98148148148148,derived_from_throughput,0.5599896145825947,5.599896145825946,1.0,spot_diameter,2.5,0.5599896145825947,0.22399584583303786,0.22399584583303786,0.24543692606170261,0.14726215563702155,147.26215563702155,0.032986111111111105,32.98611111111111,1.6493055555555556,1649.3055555555557,0.14726215563702155,147.26215563702155,32.98611111111111,penetration_depth_density
E,10.0,78.53981633974483,2.5,4.908738521234052,0.06,0.6,0.6 g/cm^3,95.0,3600.0,26.38888888888889,43.98148148148148,derived_from_throughput,0.5599896145825947,5.599896145825946,1.0,spot_diameter,2.5,0.5599896145825947,0.22399584583303786,0.22399584583303786,0.2945243112740431,0.17671458676442586,176.71458676442586,0.03958333333333333,39.58333333333333,1.6493055555555556,1649.3055555555557,0.17671458676442586,176.71458676442586,39.58333333333333,penetration_depth_density
E,10.0,78.53981633974483,2.5,4.908738521234052,0.07,0.6,0.6 g/cm^3,95.0,3600.0,26.38888888888889,43.98148148148148,derived_from_throughput,0.5599896145825947,5.599896145825946,1.0,spot_diameter,2.5,0.5599896145825947,0.22399584583303786,0.22399584583303786,0.3436116964863837,0.2061670178918302,206.1670178918302,0.04618055555555556,46.18055555555556,1.6493055555555556,1649.3055555555557,0.2061670178918302,206.1670178918302,46.18055555555556,penetration_depth_density
E,10.0,78.53981633974483,2.5,4.908738521234052,0.08,0.6,0.6 g/cm^3,95.0,3600.0,26.38888888888889,43.98148148148148,derived_from_throughput,0.5599896145825947,5.599896145825946,1.0,spot_diameter,2.5,0.5599896145825947,0.22399584583303786,0.22399584583303786,0.39269908169872414,0.23561944901923448,235.61944901923448,0.05277777777777777,52.77777777777777,1.6493055555555556,1649.3055555555557,0.23561944901923448,235.61944901923448,52.77777777777777,penetration_depth_density
E,10.0,78.53981633974483,2.5,4.908738521234052,0.09,0.6,0.6 g/cm^3,95.0,3600.0,26.38888888888889,43.98148148148148,derived_from_throughput,0.5599896145825947,5.599896145825946,1.0,spot_diameter,2.5,0.5599896145825947,0.22399584583303786,0.22399584583303786,0.44178646691106466,0.2650718801466388,265.0718801466388,0.05937499999999999,59.37499999999999,1.6493055555555556,1649.3055555555557,0.2650718801466388,265.0718801466388,59.37499999999999,penetration_depth_density
E,10.0,78.53981633974483,2.5,4.908738521234052,0.1,0.6,0.6 g/cm^3,95.0,3600.0,26.38888888888889,43.98148148148148,derived_from_throughput,0.5599896145825947,5.599896145825946,1.0,spot_diameter,2.5,0.5599896145825947,0.22399584583303786,0.22399584583303786,0.49087385212340523,0.2945243112740431,294.5243112740431,0.06597222222222221,65.97222222222221,1.6493055555555556,1649.3055555555557,0.2945243112740431,294.5243112740431,65.97222222222221,penetration_depth_density
E,10.0,78.53981633974483,2.5,4.908738521234052,0.11,0.6,0.6 g/cm^3,95.0,3600.0,26.38888888888889,43.98148148148148,derived_from_throughput,0.5599896145825947,5.599896145825946,1.0,spot_diameter,2.5,0.5599896145825947,0.22399584583303786,0.22399584583303786,0.5399612373357457,0.3239767424014474,323.97674240144744,0.07256944444444444,72.56944444444444,1.6493055555555556,1649.3055555555557,0.3239767424014474,323.97674240144744,72.56944444444444,penetration_depth_density
E,10.0,78.53981633974483,2.5,4.908738521234052,0.12,0.6,0.6 g/cm^3,95.0,3600.0,26.38888888888889,43.98148148148148,derived_from_throughput,0.5599896145825947,5.599896145825946,1.0,spot_diameter,2.5,0.5599896145825947,0.22399584583303786,0.22399584583303786,0.5890486225480862,0.3534291735288517,353.4291735288517,0.07916666666666666,79.16666666666666,1.6493055555555556,1649.3055555555557,0.3534291735288517,353.4291735288517,79.16666666666666,penetration_depth_density
E,10.0,78.53981633974483,2.5,4.908738521234052,0.13,0.6,0.6 g/cm^3,95.0,3600.0,26.38888888888889,43.98148148148148,derived_from_throughput,0.5599896145825947,5.599896145825946,1.0,spot_diameter,2.5,0.5599896145825947,0.22399584583303786,0.22399584583303786,0.6381360077604268,0.38288160465625604,382.88160465625606,0.08576388888888888,85.76388888888887,1.6493055555555556,1649.3055555555557,0.38288160465625604,382.88160465625606,85.76388888888887,penetration_depth_density
E,10.0,78.53981633974483,2.5,4.908738521234052,0.14,0.6,0.6 g/cm^3,95.0,3600.0,26.38888888888889,43.98148148148148,derived_from_throughput,0.5599896145825947,5.599896145825946,1.0,spot_diameter,2.5,0.5599896145825947,0.22399584583303786,0.22399584583303786,0.6872233929727674,0.4123340357836604,412.3340357836604,0.09236111111111112,92.36111111111111,1.6493055555555556,1649.3055555555557,0.4123340357836604,412.3340357836604,92.36111111111111,penetration_depth_density
E,10.0,78.53981633974483,2.5,4.908738521234052,0.15,0.6,0.6 g/cm^3,95.0,3600.0,26.38888888888889,43.98148148148148,derived_from_throughput,0.5599896145825947,5.599896145825946,1.0,spot_diameter,2.5,0.5599896145825947,0.22399584583303786,0.22399584583303786,0.7363107781851078,0.44178646691106466,441.7864669110647,0.09895833333333331,98.95833333333331,1.6493055555555556,1649.3055555555557,0.44178646691106466,441.7864669110647,98.95833333333331,penetration_depth_density
E,10.0,78.53981633974483,2.5,4.908738521234052,0.16,0.6,0.6 g/cm^3,95.0,3600.0,26.38888888888889,43.98148148148148,derived_from_throughput,0.5599896145825947,5.599896145825946,1.0,spot_diameter,2.5,0.5599896145825947,0.22399584583303786,0.22399584583303786,0.7853981633974483,0.47123889803846897,471.23889803846896,0.10555555555555554,105.55555555555554,1.6493055555555556,1649.3055555555557,0.47123889803846897,471.23889803846896,105.55555555555554,penetration_depth_density
E,10.0,78.53981633974483,2.5,4.908738521234052,0.17,0.6,0.6 g/cm^3,95.0,3600.0,26.38888888888889,43.98148148148148,derived_from_throughput,0.5599896145825947,5.599896145825946,1.0,spot_diameter,2.5,0.5599896145825947,0.22399584583303786,0.22399584583303786,0.8344855486097889,0.5006913291658733,500.69132916587336,0.11215277777777778,112.15277777777779,1.6493055555555556,1649.3055555555557,0.5006913291658733,500.69132916587336,112.15277777777779,penetration_depth_density
E,10.0,78.53981633974483,2.5,4.908738521234052,0.18,0.6,0.6 g/cm^3,95.0,3600.0,26.38888888888889,43.98148148148148,derived_from_throughput,0.5599896145825947,5.599896145825946,1.0,spot_diameter,2.5,0.5599896145825947,0.22399584583303786,0.22399584583303786,0.8835729338221293,0.5301437602932776,530.1437602932776,0.11874999999999998,118.74999999999999,1.6493055555555556,1649.3055555555557,0.5301437602932776,530.1437602932776,118.74999999999999,penetration_depth_density
E,10.0,78.53981633974483,2.5,4.908738521234052,0.19,0.6,0.6 g/cm^3,95.0,3600.0,26.38888888888889,43.98148148148148,derived_from_throughput,0.5599896145825947,5.599896145825946,1.0,spot_diameter,2.5,0.5599896145825947,0.22399584583303786,0.22399584583303786,0.9326603190344699,0.559596191420682,559.596191420682,0.12534722222222222,125.34722222222221,1.6493055555555556,1649.3055555555557,0.559596191420682,559.596191420682,125.34722222222221,penetration_depth_density
E,10.0,78.53981633974483,2.5,4.908738521234052,0.2,0.6,0.6 g/cm^3,95.0,3600.0,26.38888888888889,43.98148148148148,derived_from_throughput,0.5599896145825947,5.599896145825946,1.0,spot_diameter,2.5,0.5599896145825947,0.22399584583303786,0.22399584583303786,0.9817477042468105,0.5890486225480862,589.0486225480862,0.13194444444444442,131.94444444444443,1.6493055555555556,1649.3055555555557,0.5890486225480862,589.0486225480862,131.94444444444443,penetration_depth_density
E,10.0,78.53981633974483,2.5,4.908738521234052,0.1,0.4,0.4 g/cm^3,95.0,3600.0,26.38888888888889,65.97222222222221,derived_from_throughput,0.839984421873892,8.39984421873892,1.0,spot_diameter,2.5,0.839984421873892,0.3359937687495568,0.3359937687495568,0.49087385212340523,0.1963495408493621,196.34954084936209,0.06597222222222222,65.97222222222223,1.6493055555555556,1649.3055555555557,0.1963495408493621,196.34954084936209,65.97222222222223,acquisition_time_density
E,10.0,78.53981633974483,2.5,4.908738521234052,0.1,0.4,0.4 g/cm^3,95.0,3600.0,26.38888888888889,65.97222222222221,derived_from_throughput,0.839984421873892,8.39984421873892,1.2105263157894737,spot_diameter,2.5,1.0168232475315535,0.4067292990126214,0.4067292990126214,0.49087385212340523,0.1963495408493621,196.34954084936209,0.07986111111111112,79.86111111111111,1.9965277777777777,1996.5277777777776,0.23768628629133307,237.68628629133306,79.86111111111111,acquisition_time_density
E,10.0,78.53981633974483,2.5,4.908738521234052,0.1,0.4,0.4 g/cm^3,95.0,3600.0,26.38888888888889,65.97222222222221,derived_from_throughput,0.839984421873892,8.39984421873892,1.4210526315789473,spot_diameter,2.5,1.193662073189215,0.47746482927568595,0.47746482927568595,0.49087385212340523,0.1963495408493621,196.34954084936209,0.09375,93.75,2.34375,2343.75,0.279023031733304,279.023031733304,93.75,acquisition_time_density
E,10.0,78.53981633974483,2.5,4.908738521234052,0.1,0.4,0.4 g/cm^3,95.0,3600.0,26.38888888888889,65.97222222222221,derived_from_throughput,0.839984421873892,8.39984421873892,1.631578947368421,spot_diameter,2.5,1.3705008988468763,0.5482003595387506,0.5482003595387506,0.49087385212340523,0.1963495408493621,196.34954084936209,0.1076388888888889,107.6388888888889,2.6909722222222223,2690.972222222222,0.320359777175275,320.359777175275,107.6388888888889,acquisition_time_density
E,10.0,78.53981633974483,2.5,4.908738521234052,0.1,0.4,0.4 g/cm^3,95.0,3600.0,26.38888888888889,65.97222222222221,derived_from_throughput,0.839984421873892,8.39984421873892,1.8421052631578947,spot_diameter,2.5,1.547339724504538,0.6189358898018151,0.6189358898018151,0.49087385212340523,0.1963495408493621,196.34954084936209,0.12152777777777778,121.52777777777777,3.038194444444444,3038.1944444444443,0.36169652261724594,361.69652261724593,121.52777777777777,acquisition_time_density
E,10.0,78.53981633974483,2.5,4.908738521234052,0.1,0.4,0.4 g/cm^3,95.0,3600.0,26.38888888888889,65.97222222222221,derived_from_throughput,0.839984421873892,8.39984421873892,2.052631578947368,spot_diameter,2.5,1.7241785501621991,0.6896714200648797,0.6896714200648797,0.49087385212340523,0.1963495408493621,196.34954084936209,0.13541666666666666,135.41666666666666,3.385416666666666,3385.416666666666,0.4030332680592169,403.03326805921694,135.41666666666666,acquisition_time_density
E,10.0,78.53981633974483,2.5,4.908738521234052,0.1,0.4,0.4 g/cm^3,95.0,3600.0,26.38888888888889,65.97222222222221,derived_from_throughput,0.839984421873892,8.39984421873892,2.263157894736842,spot_diameter,2.5,1.9010173758198607,0.7604069503279443,0.7604069503279443,0.49087385212340523,0.1963495408493621,196.34954084936209,0.14930555555555555,149.30555555555554,3.732638888888889,3732.6388888888887,0.4443700135011879,444.3700135011879,149.30555555555554,acquisition_time_density
E,10.0,78.53981633974483,2.5,4.908738521234052,0.1,0.4,0.4 g/cm^3,95.0,3600.0,26.38888888888889,65.97222222222221,derived_from_throughput,0.839984421873892,8.39984421873892,2.473684210526316,spot_diameter,2.5,2.0778562014775224,0.8311424805910089,0.8311424805910089,0.49087385212340523,0.1963495408493621,196.34954084936209,0.16319444444444445,163.19444444444446,4.079861111111112,4079.8611111111118,0.4857067589431589,485.7067589431589,163.19444444444446,acquisition_time_density
E,10.0,78.53981633974483,2.5,4.908738521234052,0.1,0.4,0.4 g/cm^3,95.0,3600.0,26.38888888888889,65.97222222222221,derived_from_throughput,0.839984421873892,8.39984421873892,2.6842105263157894,spot_diameter,2.5,2.2546950271351838,0.9018780108540735,0.9018780108540735,0.49087385212340523,0.1963495408493621,196.34954084936209,0.17708333333333334,177.08333333333334,4.427083333333333,4427.083333333333,0.5270435043851298,527.0435043851298,177.08333333333334,acquisition_time_density
E,10.0,78.53981633974483,2.5,4.908738521234052,0.1,0.4,0.4 g/cm^3,95.0,3600.0,26.38888888888889,65.97222222222221,derived_from_throughput,0.839984421873892,8.39984421873892,2.894736842105263,spot_diameter,2.5,2.431533852792845,0.972613541117138,0.972613541117138,0.49087385212340523,0.1963495408493621,196.34954084936209,0.1909722222222222,190.9722222222222,4.774305555555555,4774.305555555556,0.5683802498271008,568.3802498271008,190.9722222222222,acquisition_time_density
E,10.0,78.53981633974483,2.5,4.908738521234052,0.1,0.4,0.4 g/cm^3,95.0,3600.0,26.38888888888889,65.97222222222221,derived_from_throughput,0.839984421873892,8.39984421873892,3.1052631578947367,spot_diameter,2.5,2.6083726784505066,1.0,1.0,0.49087385212340523,0.1963495408493621,196.34954084936209,0.1963495408493621,196.34954084936209,5.121527777777778,5121.527777777777,0.6097169952690717,609.7169952690717,196.34954084936209,acquisition_time_density
E,10.0,78.53981633974483,2.5,4.908738521234052,0.1,0.4,0.4 g/cm^3,95.0,3600.0,26.38888888888889,65.97222222222221,derived_from_throughput,0.839984421873892,8.39984421873892,3.3157894736842106,spot_diameter,2.5,2.7852115041081684,1.0,1.0,0.49087385212340523,0.1963495408493621,196.34954084936209,0.1963495408493621,196.34954084936209,5.46875,5468.75,0.6510537407110427,651.0537407110427,196.34954084936209,acquisition_time_density
E,10.0,78.53981633974483,2.5,4.908738521234052,0.1,0.4,0.4 g/cm^3,95.0,3600.0,26.38888888888889,65.97222222222221,derived_from_throughput,0.839984421873892,8.39984421873892,3.526315789473684,spot_diameter,2.5,2.9620503297658294,1.0,1.0,0.49087385212340523,0.1963495408493621,196.34954084936209,0.1963495408493621,196.34954084936209,5.815972222222222,5815.972222222223,0.6923904861530137,692.3904861530137,196.34954084936209,acquisition_time_density
E,10.0,78.53981633974483,2.5,4.908738521234052,0.1,0.4,0.4 g/cm^3,95.0,3600.0,26.38888888888889,65.97222222222221,derived_from_throughput,0.839984421873892,8.39984421873892,3.7368421052631575,spot_diameter,2.5,3.138889155423491,1.0,1.0,0.49087385212340523,0.1963495408493621,196.34954084936209,0.1963495408493621,196.34954084936209,6.163194444444444,6163.194444444443,0.7337272315949847,733.7272315949847,196.34954084936209,acquisition_time_density
E,10.0,78.53981633974483,2.5,4.908738521234052,0.1,0.4,0.4 g/cm^3,95.0,3600.0,26.38888888888889,65.97222222222221,derived_from_throughput,0.839984421873892,8.39984421873892,3.9473684210526314,spot_diameter,2.5,3.3157279810811526,1.0,1.0,0.49087385212340523,0.1963495408493621,196.34954084936209,0.1963495408493621,196.34954084936209,6.510416666666666,6510.416666666666,0.7750639770369556,775.0639770369556,196.34954084936209,acquisition_time_density
E,10.0,78.53981633974483,2.5,4.908738521234052,0.1,0.4,0.4 g/cm^3,95.0,3600.0,26.38888888888889,65.97222222222221,derived_from_throughput,0.839984421873892,8.39984421873892,4.157894736842105,spot_diameter,2.5,3.492566806738814,1.0,1.0,0.49087385212340523,0.1963495408493621,196.34954084936209,0.1963495408493621,196.34954084936209,6.857638888888889,6857.63888888889,0.8164007224789266,816.4007224789266,196.34954084936209,acquisition_time_density
E,10.0,78.53981633974483,2.5,4.908738521234052,0.1,0.4,0.4 g/cm^3,95.0,3600.0,26.38888888888889,65.97222222222221,derived_from_throughput,0.839984421873892,8.39984421873892,4.368421052631579,spot_diameter,2.5,3.6694056323964754,1.0,1.0,0.49087385212340523,0.1963495408493621,196.34954084936209,0.1963495408493621,196.34954084936209,7.204861111111111,7204.86111111111,0.8577374679208976,857.7374679208975,196.34954084936209,acquisition_time_density
E,10.0,78.53981633974483,2.5,4.908738521234052,0.1,0.4,0.4 g/cm^3,95.0,3600.0,26.38888888888889,65.97222222222221,derived_from_throughput,0.839984421873892,8.39984421873892,4.578947368421052,spot_diameter,2.5,3.846244458054137,1.0,1.0,0.49087385212340523,0.1963495408493621,196.34954084936209,0.1963495408493621,196.34954084936209,7.552083333333333,7552.083333333333,0.8990742133628685,899.0742133628685,196.34954084936209,acquisition_time_density
E,10.0,78.53981633974483,2.5,4.908738521234052,0.1,0.4,0.4 g/cm^3,95.0,3600.0,26.38888888888889,65.97222222222221,derived_from_throughput,0.839984421873892,8.39984421873892,4.789473684210526,spot_diameter,2.5,4.023083283711798,1.0,1.0,0.49087385212340523,0.1963495408493621,196.34954084936209,0.1963495408493621,196.34954084936209,7.8993055555555545,7899.305555555555,0.9404109588048394,940.4109588048394,196.34954084936209,acquisition_time_density
E,10.0,78.53981633974483,2.5,4.908738521234052,0.1,0.4,0.4 g/cm^3,95.0,3600.0,26.38888888888889,65.97222222222221,derived_from_throughput,0.839984421873892,8.39984421873892,5.0,spot_diameter,2.5,4.19992210936946,1.0,1.0,0.49087385212340523,0.1963495408493621,196.34954084936209,0.1963495408493621,196.34954084936209,8.246527777777779,8246.52777777778,0.9817477042468105,981.7477042468105,196.34954084936209,acquisition_time_density
E,10.0,78.53981633974483,2.5,4.908738521234052,0.1,0.5,0.5 g/cm^3,95.0,3600.0,26.38888888888889,52.77777777777778,derived_from_throughput,0.6719875374991137,6.719875374991137,1.0,spot_diameter,2.5,0.6719875374991137,0.2687950149996455,0.2687950149996455,0.49087385212340523,0.24543692606170261,245.43692606170262,0.06597222222222224,65.97222222222224,1.6493055555555556,1649.3055555555557,0.24543692606170261,245.43692606170262,65.97222222222224,acquisition_time_density
E,10.0,78.53981633974483,2.5,4.908738521234052,0.1,0.5,0.5 g/cm^3,95.0,3600.0,26.38888888888889,52.77777777777778,derived_from_throughput,0.6719875374991137,6.719875374991137,1.2105263157894737,spot_diameter,2.5,0.8134585980252429,0.32538343921009716,0.32538343921009716,0.49087385212340523,0.24543692606170261,245.43692606170262,0.07986111111111112,79.86111111111111,1.9965277777777777,1996.5277777777776,0.2971078578641663,297.1078578641663,79.86111111111111,acquisition_time_density
E,10.0,78.53981633974483,2.5,4.908738521234052,0.1,0.5,0.5 g/cm^3,95.0,3600.0,26.38888888888889,52.77777777777778,derived_from_throughput,0.6719875374991137,6.719875374991137,1.4210526315789473,spot_diameter,2.5,0.954929658551372,0.3819718634205488,0.3819718634205488,0.49087385212340523,0.24543692606170261,245.43692606170262,0.09375,93.75,2.34375,2343.75,0.34877878966663,348.77878966663,93.75,acquisition_time_density
E,10.0,78.53981633974483,2.5,4.908738521234052,0.1,0.5,0.5 g/cm^3,95.0,3600.0,26.38888888888889,52.77777777777778,derived_from_throughput,0.6719875374991137,6.719875374991137,1.631578947368421,spot_diameter,2.5,1.0964007190775011,0.43856028763100047,0.43856028763100047,0.49087385212340523,0.24543692606170261,245.43692606170262,0.1076388888888889,107.6388888888889,2.6909722222222223,2690.972222222222,0.40044972146909374,400.44972146909373,107.6388888888889,acquisition_time_density
E,10.0,78.53981633974483,2.5,4.908738521234052,0.1,0.5,0.5 g/cm^3,95.0,3600.0,26.38888888888889,52.77777777777778,derived_from_throughput,0.6719875374991137,6.719875374991137,1.8421052631578947,spot_diameter,2.5,1.2378717796036305,0.4951487118414522,0.4951487118414522,0.49087385212340523,0.24543692606170261,245.43692606170262,0.1215277777777778,121.5277777777778,3.038194444444444,3038.1944444444443,0.4521206532715574,452.12065327155744,121.5277777777778,acquisition_time_density
E,10.0,78.53981633974483,2.5,4.908738521234052,0.1,0.5,0.5 g/cm^3,95.0,3600.0,26.38888888888889,52.77777777777778,derived_from_throughput,0.6719875374991137,6.719875374991137,2.052631578947368,spot_diameter,2.5,1.3793428401297594,0.5517371360519038,0.5517371360519038,0.49087385212340523,0.24543692606170261,245.43692606170262,0.13541666666666666,135.41666666666666,3.385416666666666,3385.416666666666,0.5037915850740211,503.7915850740211,135.41666666666666,acquisition_time_density
E,10.0,78.53981633974483,2.5,4.908738521234052,0.1,0.5,0.5 g/cm^3,95.0,3600.0,26.38888888888889,52.77777777777778,derived_from_throughput,0.6719875374991137,6.719875374991137,2.263157894736842,spot_diameter,2.5,1.5208139006558887,0.6083255602623555,0.6083255602623555,0.49087385212340523,0.24543692606170261,245.43692606170262,0.14930555555555558,149.30555555555557,3.732638888888889,3732.6388888888887,0.5554625168764848,555.4625168764849,149.30555555555557,acquisition_time_density
E,10.0,78.53981633974483,2.5,4.908738521234052,0.1,0.5,0.5 g/cm^3,95.0,3600.0,26.38888888888889,52.77777777777778,derived_from_throughput,0.6719875374991137,6.719875374991137,2.473684210526316,spot_diameter,2.5,1.662284961182018,0.6649139844728073,0.6649139844728073,0.49087385212340523,0.24543692606170261,245.43692606170262,0.16319444444444448,163.19444444444449,4.079861111111112,4079.8611111111118,0.6071334486789486,607.1334486789486,163.19444444444449,acquisition_time_density
E,10.0,78.53981633974483,2.5,4.908738521234052,0.1,0.5,0.5 g/cm^3,95.0,3600.0,26.38888888888889,52.77777777777778,derived_from_throughput,0.6719875374991137,6.719875374991137,2.6842105263157894,spot_diameter,2.5,1.8037560217081472,0.7215024086832589,0.7215024086832589,0.49087385212340523,0.24543692606170261,245.43692606170262,0.17708333333333334,177.08333333333334,4.427083333333333,4427.083333333333,0.6588043804814122,658.8043804814122,177.08333333333334,acquisition_time_density
E,10.0,78.53981633974483,2.5,4.908738521234052,0.1,0.5,0.5 g/cm^3,95.0,3600.0,26.38888888888889,52.77777777777778,derived_from_throughput,0.6719875374991137,6.719875374991137,2.894736842105263,spot_diameter,2.5,1.945227082234276,0.7780908328937104,0.7780908328937104,0.49087385212340523,0.24543692606170261,245.43692606170262,0.1909722222222222,190.9722222222222,4.774305555555555,4774.305555555556,0.710475312283876,710.475312283876,190.9722222222222,acquisition_time_density
E,10.0,78.53981633974483,2.5,4.908738521234052,0.1,0.5,0.5 g/cm^3,95.0,3600.0,26.38888888888889,52.77777777777778,derived_from_throughput,0.6719875374991137,6.719875374991137,3.1052631578947367,spot_diameter,2.5,2.0866981427604054,0.8346792571041621,0.8346792571041621,0.49087385212340523,0.24543692606170261,245.43692606170262,0.2048611111111111,204.86111111111111,5.121527777777778,5121.527777777777,0.7621462440863397,762.1462440863397,204.86111111111111,acquisition_time_density
E,10.0,78.53981633974483,2.5,4.908738521234052,0.1,0.5,0.5 g/cm^3,95.0,3600.0,26.38888888888889,52.77777777777778,derived_from_throughput,0.6719875374991137,6.719875374991137,3.3157894736842106,spot_diameter,2.5,2.228169203286535,0.891267681314614,0.891267681314614,0.49087385212340523,0.24543692606170261,245.43692606170262,0.21875000000000003,218.75000000000003,5.46875,5468.75,0.8138171758888034,813.8171758888034,218.75000000000003,acquisition_time_density
E,10.0,78.53981633974483,2.5,4.908738521234052,0.1,0.5,0.5 g/cm^3,95.0,3600.0,26.38888888888889,52.77777777777778,derived_from_throughput,0.6719875374991137,6.719875374991137,3.526315789473684,spot_diameter,2.5,2.3696402638126637,0.9478561055250655,0.9478561055250655,0.49087385212340523,0.24543692606170261,245.43692606170262,0.2326388888888889,232.63888888888889,5.815972222222222,5815.972222222223,0.865488107691267,865.488107691267,232.63888888888889,acquisition_time_density
E,10.0,78.53981633974483,2.5,4.908738521234052,0.1,0.5,0.5 g/cm^3,95.0,3600.0,26.38888888888889,52.77777777777778,derived_from_throughput,0.6719875374991137,6.719875374991137,3.7368421052631575,spot_diameter,2.5,2.511111324338793,1.0,1.0,0.49087385212340523,0.24543692606170261,245.43692606170262,0.24543692606170261,245.43692606170262,6.163194444444444,6163.194444444443,0.9171590394937308,917.1590394937308,245.43692606170262,acquisition_time_density
E,10.0,78.53981633974483,2.5,4.908738521234052,0.1,0.5,0.5 g/cm^3,95.0,3600.0,26.38888888888889,52.77777777777778,derived_from_throughput,0.6719875374991137,6.719875374991137,3.9473684210526314,spot_diameter,2.5,2.6525823848649224,1.0,1.0,0.49087385212340523,0.24543692606170261,245.43692606170262,0.24543692606170261,245.43692606170262,6.510416666666666,6510.416666666666,0.9688299712961945,968.8299712961946,245.43692606170262,acquisition_time_density
E,10.0,78.53981633974483,2.5,4.908738521234052,0.1,0.5,0.5 g/cm^3,95.0,3600.0,26.38888888888889,52.77777777777778,derived_from_throughput,0.6719875374991137,6.719875374991137,4.157894736842105,spot_diameter,2.5,2.7940534453910515,1.0,1.0,0.49087385212340523,0.24543692606170261,245.43692606170262,0.24543692606170261,245.43692606170262,6.857638888888889,6857.63888888889,1.0205009030986583,1020.5009030986582,245.43692606170262,acquisition_time_density
E,10.0,78.53981633974483,2.5,4.908738521234052,0.1,0.5,0.5 g/cm^3,95.0,3600.0,26.38888888888889,52.77777777777778,derived_from_throughput,0.6719875374991137,6.719875374991137,4.368421052631579,spot_diameter,2.5,2.9355245059171806,1.0,1.0,0.49087385212340523,0.24543692606170261,245.43692606170262,0.24543692606170261,245.43692606170262,7.204861111111111,7204.86111111111,1.072171834901122,1072.171834901122,245.43692606170262,acquisition_time_density
E,10.0,78.53981633974483,2.5,4.908738521234052,0.1,0.5,0.5 g/cm^3,95.0,3600.0,26.38888888888889,52.77777777777778,derived_from_throughput,0.6719875374991137,6.719875374991137,4.578947368421052,spot_diameter,2.5,3.0769955664433097,1.0,1.0,0.49087385212340523,0.24543692606170261,245.43692606170262,0.24543692606170261,245.43692606170262,7.552083333333333,7552.083333333333,1.1238427667035855,1123.8427667035855,245.43692606170262,acquisition_time_density
E,10.0,78.53981633974483,2.5,4.908738521234052,0.1,0.5,0.5 g/cm^3,95.0,3600.0,26.38888888888889,52.77777777777778,derived_from_throughput,0.6719875374991137,6.719875374991137,4.789473684210526,spot_diameter,2.5,3.218466626969439,1.0,1.0,0.49087385212340523,0.24543692606170261,245.43692606170262,0.24543692606170261,245.43692606170262,7.8993055555555545,7899.305555555555,1.1755136985060493,1175.5136985060492,245.43692606170262,acquisition_time_density
E,10.0,78.53981633974483,2.5,4.908738521234052,0.1,0.5,0.5 g/cm^3,95.0,3600.0,26.38888888888889,52.77777777777778,derived_from_throughput,0.6719875374991137,6.719875374991137,5.0,spot_diameter,2.5,3.3599376874955684,1.0,1.0,0.49087385212340523,0.24543692606170261,245.43692606170262,0.24543692606170261,245.43692606170262,8.246527777777779,8246.52777777778,1.227184630308513,1227.184630308513,245.43692606170262,acquisition_time_density
E,10.0,78.53981633974483,2.5,4.908738521234052,0.1,0.6,0.6 g/cm^3,95.0,3600.0,26.38888888888889,43.98148148148148,derived_from_throughput,0.5599896145825947,5.599896145825946,1.0,spot_diameter,2.5,0.5599896145825947,0.22399584583303786,0.22399584583303786,0.49087385212340523,0.2945243112740431,294.5243112740431,0.06597222222222221,65.97222222222221,1.6493055555555556,1649.3055555555557,0.2945243112740431,294.5243112740431,65.97222222222221,acquisition_time_density
E,10.0,78.53981633974483,2.5,4.908738521234052,0.1,0.6,0.6 g/cm^3,95.0,3600.0,26.38888888888889,43.98148148148148,derived_from_throughput,0.5599896145825947,5.599896145825946,1.2105263157894737,spot_diameter,2.5,0.6778821650210356,0.27115286600841426,0.27115286600841426,0.49087385212340523,0.2945243112740431,294.5243112740431,0.0798611111111111,79.8611111111111,1.9965277777777777,1996.5277777777776,0.35652942943699956,356.5294294369996,79.8611111111111,acquisition_time_density
E,10.0,78.53981633974483,2.5,4.908738521234052,0.1,0.6,0.6 g/cm^3,95.0,3600.0,26.38888888888889,43.98148148148148,derived_from_throughput,0.5599896145825947,5.599896145825946,1.4210526315789473,spot_diameter,2.5,0.7957747154594766,0.31830988618379064,0.31830988618379064,0.49087385212340523,0.2945243112740431,294.5243112740431,0.09374999999999999,93.74999999999999,2.34375,2343.75,0.418534547599956,418.534547599956,93.74999999999999,acquisition_time_density
E,10.0,78.53981633974483,2.5,4.908738521234052,0.1,0.6,0.6 g/cm^3,95.0,3600.0,26.38888888888889,43.98148148148148,derived_from_throughput,0.5599896145825947,5.599896145825946,1.631578947368421,spot_diameter,2.5,0.9136672658979176,0.365466906359167,0.365466906359167,0.49087385212340523,0.2945243112740431,294.5243112740431,0.10763888888888887,107.63888888888887,2.6909722222222223,2690.972222222222,0.4805396657629124,480.5396657629124,107.63888888888887,acquisition_time_density
E,10.0,78.53981633974483,2.5,4.908738521234052,0.1,0.6,0.6 g/cm^3,95.0,3600.0,26.38888888888889,43.98148148148148,derived_from_throughput,0.5599896145825947,5.599896145825946,1.8421052631578947,spot_diameter,2.5,1.0315598163363586,0.41262392653454344,0.41262392653454344,0.49087385212340523,0.2945243112740431,294.5243112740431,0.12152777777777776,121.52777777777776,3.038194444444444,3038.1944444444443,0.5425447839258689,542.544783925869,121.52777777777776,acquisition_time_density
E,10.0,78.53981633974483,2.5,4.908738521234052,0.1,0.6,0.6 g/cm^3,95.0,3600.0,26.38888888888889,43.98148148148148,derived_from_throughput,0.5599896145825947,5.599896145825946,2.052631578947368,spot_diameter,2.5,1.1494523667747993,0.45978094670991976,0.45978094670991976,0.49087385212340523,0.2945243112740431,294.5243112740431,0.13541666666666663,135.41666666666663,3.385416666666666,3385.416666666666,0.6045499020888252,604.5499020888252,135.41666666666663,acquisition_time_density
E,10.0,78.53981633974483,2.5,4.908738521234052,0.1,0.6,0.6 g/cm^3,95.0,3600.0,26.38888888888889,43.98148148148148,derived_from_throughput,0.5599896145825947,5.599896145825946,2.263157894736842,spot_diameter,2.5,1.2673449172132405,0.5069379668852962,0.5069379668852962,0.49087385212340523,0.2945243112740431,294.5243112740431,0.14930555555555555,149.30555555555554,3.732638888888889,3732.6388888888887,0.6665550202517817,666.5550202517817,149.30555555555554,acquisition_time_density
E,10.0,78.53981633974483,2.5,4.908738521234052,0.1,0.6,0.6 g/cm^3,95.0,3600.0,26.38888888888889,43.98148148148148,derived_from_throughput,0.5599896145825947,5.599896145825946,2.473684210526316,spot_diameter,2.5,1.3852374676516817,0.5540949870606726,0.5540949870606726,0.49087385212340523,0.2945243112740431,294.5243112740431,0.16319444444444442,163.19444444444443,4.079861111111112,4079.8611111111118,0.7285601384147382,728.5601384147382,163.19444444444443,acquisition_time_density
E,10.0,78.53981633974483,2.5,4.908738521234052,0.1,0.6,0.6 g/cm^3,95.0,3600.0,26.38888888888889,43.98148148148148,derived_from_throughput,0.5599896145825947,5.599896145825946,2.6842105263157894,spot_diameter,2.5,1.5031300180901224,0.601252007236049,0.601252007236049,0.49087385212340523,0.2945243112740431,294.5243112740431,0.17708333333333331,177.08333333333331,4.427083333333333,4427.083333333333,0.7905652565776946,790.5652565776946,177.08333333333331,acquisition_time_density
E,10.0,78.53981633974483,2.5,4.908738521234052,0.1,0.6,0.6 g/cm^3,95.0,3600.0,26.38888888888889,43.98148148148148,derived_from_throughput,0.5599896145825947,5.599896145825946,2.894736842105263,spot_diameter,2.5,1.6210225685285633,0.6484090274114254,0.6484090274114254,0.49087385212340523,0.2945243112740431,294.5243112740431,0.19097222222222218,190.97222222222217,4.774305555555555,4774.305555555556,0.852570374740651,852.570374740651,190.97222222222217,acquisition_time_density
E,10.0,78.53981633974483,2.5,4.908738521234052,0.1,0.6,0.6 g/cm^3,95.0,3600.0,26.38888888888889,43.98148148148148,derived_from_throughput,0.5599896145825947,5.599896145825946,3.1052631578947367,spot_diameter,2.5,1.7389151189670045,0.6955660475868017,0.6955660475868017,0.49087385212340523,0.2945243112740431,294.5243112740431,0.20486111111111108,204.8611111111111,5.121527777777778,5121.527777777777,0.9145754929036075,914.5754929036075,204.8611111111111,acquisition_time_density
E,10.0,78.53981633974483,2.5,4.908738521234052,0.1,0.6,0.6 g/cm^3,95.0,3600.0,26.38888888888889,43.98148148148148,derived_from_throughput,0.5599896145825947,5.599896145825946,3.3157894736842106,spot_diameter,2.5,1.8568076694054456,0.7427230677621782,0.7427230677621782,0.49087385212340523,0.2945243112740431,294.5243112740431,0.21875,218.75,5.46875,5468.75,0.976580611066564,976.5806110665641,218.75,acquisition_time_density
E,10.0,78.53981633974483,2.5,4.908738521234052,0.1,0.6,0.6 g/cm^3,95.0,3600.0,26.38888888888889,43.98148148148148,derived_from_throughput,0.5599896145825947,5.599896145825946,3.526315789473684,spot_diameter,2.5,1.9747002198438863,0.7898800879375545,0.7898800879375545,0.49087385212340523,0.2945243112740431,294.5243112740431,0.23263888888888884,232.63888888888883,5.815972222222222,5815.972222222223,1.0385857292295204,1038.5857292295204,232.63888888888883,acquisition_time_density
E,10.0,78.53981633974483,2.5,4.908738521234052,0.1,0.6,0.6 g/cm^3,95.0,3600.0,26.38888888888889,43.98148148148148,derived_from_throughput,0.5599896145825947,5.599896145825946,3.7368421052631575,spot_diameter,2.5,2.092592770282327,0.8370371081129309,0.8370371081129309,0.49087385212340523,0.2945243112740431,294.5243112740431,0.2465277777777777,246.52777777777771,6.163194444444444,6163.194444444443,1.1005908473924768,1100.590847392477,246.52777777777771,acquisition_time_density
E,10.0,78.53981633974483,2.5,4.908738521234052,0.1,0.6,0.6 g/cm^3,95.0,3600.0,26.38888888888889,43.98148148148148,derived_from_throughput,0.5599896145825947,5.599896145825946,3.9473684210526314,spot_diameter,2.5,2.2104853207207684,0.8841941282883073,0.8841941282883073,0.49087385212340523,0.2945243112740431,294.5243112740431,0.26041666666666663,260.41666666666663,6.510416666666666,6510.416666666666,1.1625959655554332,1162.5959655554332,260.41666666666663,acquisition_time_density
E,10.0,78.53981633974483,2.5,4.908738521234052,0.1,0.6,0.6 g/cm^3,95.0,3600.0,26.38888888888889,43.98148148148148,derived_from_throughput,0.5599896145825947,5.599896145825946,4.157894736842105,spot_diameter,2.5,2.3283778711592094,0.9313511484636837,0.9313511484636837,0.49087385212340523,0.2945243112740431,294.5243112740431,0.2743055555555555,274.30555555555554,6.857638888888889,6857.63888888889,1.2246010837183898,1224.6010837183899,274.30555555555554,acquisition_time_density
E,10.0,78.53981633974483,2.5,4.908738521234052,0.1,0.6,0.6 g/cm^3,95.0,3600.0,26.38888888888889,43.98148148148148,derived_from_throughput,0.5599896145825947,5.599896145825946,4.368421052631579,spot_diameter,2.5,2.4462704215976503,0.9785081686390601,0.9785081686390601,0.49087385212340523,0.2945243112740431,294.5243112740431,0.2881944444444444,288.1944444444444,7.204861111111111,7204.86111111111,1.2866062018813462,1286.6062018813461,288.1944444444444,acquisition_time_density
E,10.0,78.53981633974483,2.5,4.908738521234052,0.1,0.6,0.6 g/cm^3,95.0,3600.0,26.38888888888889,43.98148148148148,derived_from_throughput,0.5599896145825947,5.599896145825946,4.578947368421052,spot_diameter,2.5,2.5641629720360912,1.0,1.0,0.49087385212340523,0.2945243112740431,294.5243112740431,0.2945243112740431,294.5243112740431,7.552083333333333,7552.083333333333,1.3486113200443026,1348.6113200443026,294.5243112740431,acquisition_time_density
E,10.0,78.53981633974483,2.5,4.908738521234052,0.1,0.6,0.6 g/cm^3,95.0,3600.0,26.38888888888889,43.98148148148148,derived_from_throughput,0.5599896145825947,5.599896145825946,4.789473684210526,spot_diameter,2.5,2.682055522474532,1.0,1.0,0.49087385212340523,0.2945243112740431,294.5243112740431,0.2945243112740431,294.5243112740431,7.8993055555555545,7899.305555555555,1.4106164382072588,1410.6164382072589,294.5243112740431,acquisition_time_density
E,10.0,78.53981633974483,2.5,4.908738521234052,0.1,0.6,0.6 g/cm^3,95.0,3600.0,26.38888888888889,43.98148148148148,derived_from_throughput,0.5599896145825947,5.599896145825946,5.0,spot_diameter,2.5,2.799948072912973,1.0,1.0,0.49087385212340523,0.2945243112740431,294.5243112740431,0.2945243112740431,294.5243112740431,8.246527777777779,8246.52777777778,1.4726215563702154,1472.6215563702153,294.5243112740431,acquisition_time_density
E,10.0,78.53981633974483,2.5,4.908738521234052,0.1,0.4,0.4 g/cm^3,10.0,3600.0,2.7777777777777777,6.944444444444444,derived_from_throughput,0.08841941282883073,0.8841941282883072,1.0,spot_diameter,2.5,0.08841941282883073,0.035367765131532294,0.035367765131532294,0.49087385212340523,0.1963495408493621,196.34954084936209,0.006944444444444445,6.944444444444445,0.1736111111111111,173.61111111111111,0.1963495408493621,196.34954084936209,6.944444444444445,throughput_acquisition_density
E,10.0,78.53981633974483,2.5,4.908738521234052,0.1,0.4,0.4 g/cm^3,10.0,3600.0,2.7777777777777777,6.944444444444444,derived_from_throughput,0.08841941282883073,0.8841941282883072,1.2105263157894737,spot_diameter,2.5,0.10703402605595298,0.042813610422381194,0.042813610422381194,0.49087385212340523,0.1963495408493621,196.34954084936209,0.008406432748538011,8.40643274853801,0.21016081871345027,210.16081871345028,0.23768628629133307,237.68628629133306,8.40643274853801,throughput_acquisition_density
E,10.0,78.53981633974483,2.5,4.908738521234052,0.1,0.4,0.4 g/cm^3,10.0,3600.0,2.7777777777777777,6.944444444444444,derived_from_throughput,0.08841941282883073,0.8841941282883072,1.4210526315789473,spot_diameter,2.5,0.12564863928307524,0.050259455713230095,0.050259455713230095,0.49087385212340523,0.1963495408493621,196.34954084936209,0.009868421052631578,9.868421052631579,0.24671052631578946,246.71052631578945,0.279023031733304,279.023031733304,9.868421052631579,throughput_acquisition_density
E,10.0,78.53981633974483,2.5,4.908738521234052,0.1,0.4,0.4 g/cm^3,10.0,3600.0,2.7777777777777777,6.944444444444444,derived_from_throughput,0.08841941282883073,0.8841941282883072,1.631578947368421,spot_diameter,2.5,0.1442632525101975,0.057705301004079,0.057705301004079,0.49087385212340523,0.1963495408493621,196.34954084936209,0.011330409356725146,11.330409356725145,0.28326023391812866,283.2602339181287,0.320359777175275,320.359777175275,11.330409356725145,throughput_acquisition_density
E,10.0,78.53981633974483,2.5,4.908738521234052,0.1,0.4,0.4 g/cm^3,10.0,3600.0,2.7777777777777777,6.944444444444444,derived_from_throughput,0.08841941282883073,0.8841941282883072,1.8421052631578947,spot_diameter,2.5,0.16287786573731977,0.06515114629492791,0.06515114629492791,0.49087385212340523,0.1963495408493621,196.34954084936209,0.012792397660818713,12.792397660818713,0.3198099415204678,319.8099415204678,0.36169652261724594,361.69652261724593,12.792397660818713,throughput_acquisition_density
E,10.0,78.53981633974483,2.5,4.908738521234052,0.1,0.4,0.4 g/cm^3,10.0,3600.0,2.7777777777777777,6.944444444444444,derived_from_throughput,0.08841941282883073,0.8841941282883072,2.052631578947368,spot_diameter,2.5,0.181492478964442,0.0725969915857768,0.0725969915857768,0.49087385212340523,0.1963495408493621,196.34954084936209,0.014254385964912278,14.254385964912279,0.35635964912280693,356.35964912280696,0.4030332680592169,403.03326805921694,14.254385964912279,throughput_acquisition_density
E,10.0,78.53981633974483,2.5,4.908738521234052,0.1,0.4,0.4 g/cm^3,10.0,3600.0,2.7777777777777777,6.944444444444444,derived_from_throughput,0.08841941282883073,0.8841941282883072,2.263157894736842,spot_diameter,2.5,0.20010709219156428,0.08004283687662571,0.08004283687662571,0.49087385212340523,0.1963495408493621,196.34954084936209,0.015716374269005847,15.716374269005847,0.39290935672514615,392.90935672514615,0.4443700135011879,444.3700135011879,15.716374269005847,throughput_acquisition_density
E,10.0,78.53981633974483,2.5,4.908738521234052,0.1,0.4,0.4 g/cm^3,10.0,3600.0,2.7777777777777777,6.944444444444444,derived_from_throughput,0.08841941282883073,0.8841941282883072,2.473684210526316,spot_diameter,2.5,0.21872170541868655,0.08748868216747462,0.08748868216747462,0.49087385212340523,0.1963495408493621,196.34954084936209,0.017178362573099414,17.178362573099413,0.4294590643274854,429.45906432748535,0.4857067589431589,485.7067589431589,17.178362573099413,throughput_acquisition_density
E,10.0,78.53981633974483,2.5,4.908738521234052,0.1,0.4,0.4 g/cm^3,10.0,3600.0,2.7777777777777777,6.944444444444444,derived_from_throughput,0.08841941282883073,0.8841941282883072,2.6842105263157894,spot_diameter,2.5,0.23733631864580879,0.09493452745832351,0.09493452745832351,0.49087385212340523,0.1963495408493621,196.34954084936209,0.018640350877192978,18.64035087719298,0.46600877192982454,466.00877192982455,0.5270435043851298,527.0435043851298,18.64035087719298,throughput_acquisition_density
E,10.0,78.53981633974483,2.5,4.908738521234052,0.1,0.4,0.4 g/cm^3,10.0,3600.0,2.7777777777777777,6.944444444444444,derived_from_throughput,0.08841941282883073,0.8841941282883072,2.894736842105263,spot_diameter,2.5,0.25595093187293105,0.10238037274917242,0.10238037274917242,0.49087385212340523,0.1963495408493621,196.34954084936209,0.02010233918128655,20.10233918128655,0.5025584795321637,502.5584795321637,0.5683802498271008,568.3802498271008,20.10233918128655,throughput_acquisition_density
E,10.0,78.53981633974483,2.5,4.908738521234052,0.1,0.4,0.4 g/cm^3,10.0,3600.0,2.7777777777777777,6.944444444444444,derived_from_throughput,0.08841941282883073,0.8841941282883072,3.1052631578947367,spot_diameter,2.5,0.2745655451000533,0.10982621804002132,0.10982621804002132,0.49087385212340523,0.1963495408493621,196.34954084936209,0.021564327485380116,21.564327485380115,0.5391081871345029,539.1081871345029,0.6097169952690717,609.7169952690717,21.564327485380115,throughput_acquisition_density
E,10.0,78.53981633974483,2.5,4.908738521234052,0.1,0.4,0.4 g/cm^3,10.0,3600.0,2.7777777777777777,6.944444444444444,derived_from_throughput,0.08841941282883073,0.8841941282883072,3.3157894736842106,spot_diameter,2.5,0.2931801583271756,0.11727206333087023,0.11727206333087023,0.49087385212340523,0.1963495408493621,196.34954084936209,0.023026315789473683,23.02631578947368,0.5756578947368421,575.6578947368422,0.6510537407110427,651.0537407110427,23.02631578947368,throughput_acquisition_density
E,10.0,78.53981633974483,2.5,4.908738521234052,0.1,0.4,0.4 g/cm^3,10.0,3600.0,2.7777777777777777,6.944444444444444,derived_from_throughput,0.08841941282883073,0.8841941282883072,3.526315789473684,spot_diameter,2.5,0.3117947715542978,0.12471790862171912,0.12471790862171912,0.49087385212340523,0.1963495408493621,196.34954084936209,0.024488304093567247,24.488304093567248,0.6122076023391813,612.2076023391812,0.6923904861530137,692.3904861530137,24.488304093567248,throughput_acquisition_density
E,10.0,78.53981633974483,2.5,4.908738521234052,0.1,0.4,0.4 g/cm^3,10.0,3600.0,2.7777777777777777,6.944444444444444,derived_from_throughput,0.08841941282883073,0.8841941282883072,3.7368421052631575,spot_diameter,2.5,0.33040938478142007,0.13216375391256802,0.13216375391256802,0.49087385212340523,0.1963495408493621,196.34954084936209,0.025950292397660814,25.950292397660814,0.6487573099415204,648.7573099415204,0.7337272315949847,733.7272315949847,25.950292397660814,throughput_acquisition_density
E,10.0,78.53981633974483,2.5,4.908738521234052,0.1,0.4,0.4 g/cm^3,10.0,3600.0,2.7777777777777777,6.944444444444444,derived_from_throughput,0.08841941282883073,0.8841941282883072,3.9473684210526314,spot_diameter,2.5,0.34902399800854234,0.13960959920341692,0.13960959920341692,0.49087385212340523,0.1963495408493621,196.34954084936209,0.02741228070175438,27.41228070175438,0.6853070175438596,685.3070175438596,0.7750639770369556,775.0639770369556,27.41228070175438,throughput_acquisition_density
E,10.0,78.53981633974483,2.5,4.908738521234052,0.1,0.4,0.4 g/cm^3,10.0,3600.0,2.7777777777777777,6.944444444444444,derived_from_throughput,0.08841941282883073,0.8841941282883072,4.157894736842105,spot_diameter,2.5,0.3676386112356646,0.14705544449426583,0.14705544449426583,0.49087385212340523,0.1963495408493621,196.34954084936209,0.028874269005847948,28.87426900584795,0.7218567251461988,721.8567251461988,0.8164007224789266,816.4007224789266,28.87426900584795,throughput_acquisition_density
E,10.0,78.53981633974483,2.5,4.908738521234052,0.1,0.4,0.4 g/cm^3,10.0,3600.0,2.7777777777777777,6.944444444444444,derived_from_throughput,0.08841941282883073,0.8841941282883072,4.368421052631579,spot_diameter,2.5,0.38625322446278687,0.15450128978511474,0.15450128978511474,0.49087385212340523,0.1963495408493621,196.34954084936209,0.030336257309941515,30.336257309941516,0.7584064327485379,758.4064327485379,0.8577374679208976,857.7374679208975,30.336257309941516,throughput_acquisition_density
E,10.0,78.53981633974483,2.5,4.908738521234052,0.1,0.4,0.4 g/cm^3,10.0,3600.0,2.7777777777777777,6.944444444444444,derived_from_throughput,0.08841941282883073,0.8841941282883072,4.578947368421052,spot_diameter,2.5,0.4048678376899091,0.16194713507596364,0.16194713507596364,0.49087385212340523,0.1963495408493621,196.34954084936209,0.03179824561403508,31.798245614035082,0.7949561403508771,794.9561403508771,0.8990742133628685,899.0742133628685,31.798245614035082,throughput_acquisition_density
E,10.0,78.53981633974483,2.5,4.908738521234052,0.1,0.4,0.4 g/cm^3,10.0,3600.0,2.7777777777777777,6.944444444444444,derived_from_throughput,0.08841941282883073,0.8841941282883072,4.789473684210526,spot_diameter,2.5,0.42348245091703135,0.16939298036681255,0.16939298036681255,0.49087385212340523,0.1963495408493621,196.34954084936209,0.03326023391812865,33.26023391812865,0.8315058479532162,831.5058479532163,0.9404109588048394,940.4109588048394,33.26023391812865,throughput_acquisition_density
E,10.0,78.53981633974483,2.5,4.908738521234052,0.1,0.4,0.4 g/cm^3,10.0,3600.0,2.7777777777777777,6.944444444444444,derived_from_throughput,0.08841941282883073,0.8841941282883072,5.0,spot_diameter,2.5,0.4420970641441536,0.17683882565766146,0.17683882565766146,0.49087385212340523,0.1963495408493621,196.34954084936209,0.034722222222222224,34.72222222222222,0.8680555555555556,868.0555555555555,0.9817477042468105,981.7477042468105,34.72222222222222,throughput_acquisition_density
E,10.0,78.53981633974483,2.5,4.908738521234052,0.1,0.4,0.4 g/cm^3,14.736842105263158,3600.0,4.093567251461988,10.23391812865497,derived_from_throughput,0.13030229258985582,1.3030229258985582,1.0,spot_diameter,2.5,0.13030229258985582,0.05212091703594233,0.05212091703594233,0.49087385212340523,0.1963495408493621,196.34954084936209,0.01023391812865497,10.23391812865497,0.25584795321637427,255.84795321637426,0.1963495408493621,196.34954084936209,10.23391812865497,throughput_acquisition_density
E,10.0,78.53981633974483,2.5,4.908738521234052,0.1,0.4,0.4 g/cm^3,14.736842105263158,3600.0,4.093567251461988,10.23391812865497,derived_from_throughput,0.13030229258985582,1.3030229258985582,1.2105263157894737,spot_diameter,2.5,0.1577343541877202,0.06309374167508808,0.06309374167508808,0.49087385212340523,0.1963495408493621,196.34954084936209,0.012388427208371806,12.388427208371807,0.30971068020929515,309.71068020929516,0.23768628629133307,237.68628629133306,12.388427208371807,throughput_acquisition_density
E,10.0,78.53981633974483,2.5,4.908738521234052,0.1,0.4,0.4 g/cm^3,14.736842105263158,3600.0,4.093567251461988,10.23391812865497,derived_from_throughput,0.13030229258985582,1.3030229258985582,1.4210526315789473,spot_diameter,2.5,0.18516641578558457,0.07406656631423383,0.07406656631423383,0.49087385212340523,0.1963495408493621,196.34954084936209,0.014542936288088643,14.542936288088642,0.36357340720221604,363.57340720221606,0.279023031733304,279.023031733304,14.542936288088642,throughput_acquisition_density
E,10.0,78.53981633974483,2.5,4.908738521234052,0.1,0.4,0.4 g/cm^3,14.736842105263158,3600.0,4.093567251461988,10.23391812865497,derived_from_throughput,0.13030229258985582,1.3030229258985582,1.631578947368421,spot_diameter,2.5,0.21259847738344895,0.08503939095337958,0.08503939095337958,0.49087385212340523,0.1963495408493621,196.34954084936209,0.016697445367805475,16.697445367805475,0.417436134195137,417.43613419513696,0.320359777175275,320.359777175275,16.697445367805475,throughput_acquisition_density
E,10.0,78.53981633974483,2.5,4.908738521234052,0.1,0.4,0.4 g/cm^3,14.736842105263158,3600.0,4.093567251461988,10.23391812865497,derived_from_throughput,0.13030229258985582,1.3030229258985582,1.8421052631578947,spot_diameter,2.5,0.24003053898131335,0.09601221559252535,0.09601221559252535,0.49087385212340523,0.1963495408493621,196.34954084936209,0.018851954447522315,18.851954447522314,0.47129886118805786,471.29886118805786,0.36169652261724594,361.69652261724593,18.851954447522314,throughput_acquisition_density
E,10.0,78.53981633974483,2.5,4.908738521234052,0.1,0.4,0.4 g/cm^3,14.736842105263158,3600.0,4.093567251461988,10.23391812865497,derived_from_throughput,0.13030229258985582,1.3030229258985582,2.052631578947368,spot_diameter,2.5,0.2674626005791777,0.10698504023167107,0.10698504023167107,0.49087385212340523,0.1963495408493621,196.34954084936209,0.021006463527239148,21.00646352723915,0.5251615881809787,525.1615881809787,0.4030332680592169,403.03326805921694,21.00646352723915,throughput_acquisition_density
E,10.0,78.53981633974483,2.5,4.908738521234052,0.1,0.4,0.4 g/cm^3,14.736842105263158,3600.0,4.093567251461988,10.23391812865497,derived_from_throughput,0.13030229258985582,1.3030229258985582,2.263157894736842,spot_diameter,2.5,0.2948946621770421,0.11795786487081683,0.11795786487081683,0.49087385212340523,0.1963495408493621,196.34954084936209,0.023160972606955984,23.160972606955983,0.5790243151738996,579.0243151738996,0.4443700135011879,444.3700135011879,23.160972606955983,throughput_acquisition_density
E,10.0,78.53981633974483,2.5,4.908738521234052,0.1,0.4,0.4 g/cm^3,14.736842105263158,3600.0,4.093567251461988,10.23391812865497,derived_from_throughput,0.13030229258985582,1.3030229258985582,2.473684210526316,spot_diameter,2.5,0.3223267237749065,0.12893068950996261,0.12893068950996261,0.49087385212340523,0.1963495408493621,196.34954084936209,0.025315481686672827,25.315481686672825,0.6328870421668206,632.8870421668206,0.4857067589431589,485.7067589431589,25.315481686672825,throughput_acquisition_density
E,10.0,78.53981633974483,2.5,4.908738521234052,0.1,0.4,0.4 g/cm^3,14.736842105263158,3600.0,4.093567251461988,10.23391812865497,derived_from_throughput,0.13030229258985582,1.3030229258985582,2.6842105263157894,spot_diameter,2.5,0.3497587853727709,0.13990351414910834,0.13990351414910834,0.49087385212340523,0.1963495408493621,196.34954084936209,0.027469990766389656,27.469990766389657,0.6867497691597414,686.7497691597414,0.5270435043851298,527.0435043851298,27.469990766389657,throughput_acquisition_density
E,10.0,78.53981633974483,2.5,4.908738521234052,0.1,0.4,0.4 g/cm^3,14.736842105263158,3600.0,4.093567251461988,10.23391812865497,derived_from_throughput,0.13030229258985582,1.3030229258985582,2.894736842105263,spot_diameter,2.5,0.3771908469706352,0.15087633878825407,0.15087633878825407,0.49087385212340523,0.1963495408493621,196.34954084936209,0.02962449984610649,29.624499846106488,0.7406124961526622,740.6124961526622,0.5683802498271008,568.3802498271008,29.624499846106488,throughput_acquisition_density
E,10.0,78.53981633974483,2.5,4.908738521234052,0.1,0.4,0.4 g/cm^3,14.736842105263158,3600.0,4.093567251461988,10.23391812865497,derived_from_throughput,0.13030229258985582,1.3030229258985582,3.1052631578947367,spot_diameter,2.5,0.40462290856849964,0.16184916342739986,0.16184916342739986,0.49087385212340523,0.1963495408493621,196.34954084936209,0.03177900892582333,31.779008925823334,0.7944752231455833,794.4752231455833,0.6097169952690717,609.7169952690717,31.779008925823334,throughput_acquisition_density
E,10.0,78.53981633974483,2.5,4.908738521234052,0.1,0.4,0.4 g/cm^3,14.736842105263158,3600.0,4.093567251461988,10.23391812865497,derived_from_throughput,0.13030229258985582,1.3030229258985582,3.3157894736842106,spot_diameter,2.5,0.432054970166364,0.1728219880665456,0.1728219880665456,0.49087385212340523,0.1963495408493621,196.34954084936209,0.03393351800554017,33.933518005540165,0.8483379501385042,848.3379501385042,0.6510537407110427,651.0537407110427,33.933518005540165,throughput_acquisition_density
E,10.0,78.53981633974483,2.5,4.908738521234052,0.1,0.4,0.4 g/cm^3,14.736842105263158,3600.0,4.093567251461988,10.23391812865497,derived_from_throughput,0.13030229258985582,1.3030229258985582,3.526315789473684,spot_diameter,2.5,0.4594870317642284,0.18379481270569137,0.18379481270569137,0.49087385212340523,0.1963495408493621,196.34954084936209,0.036088027085257005,36.088027085257,0.902200677131425,902.2006771314251,0.6923904861530137,692.3904861530137,36.088027085257,throughput_acquisition_density
E,10.0,78.53981633974483,2.5,4.908738521234052,0.1,0.4,0.4 g/cm^3,14.736842105263158,3600.0,4.093567251461988,10.23391812865497,derived_from_throughput,0.13030229258985582,1.3030229258985582,3.7368421052631575,spot_diameter,2.5,0.4869190933620927,0.1947676373448371,0.1947676373448371,0.49087385212340523,0.1963495408493621,196.34954084936209,0.038242536164973834,38.242536164973835,0.9560634041243459,956.0634041243459,0.7337272315949847,733.7272315949847,38.242536164973835,throughput_acquisition_density
E,10.0,78.53981633974483,2.5,4.908738521234052,0.1,0.4,0.4 g/cm^3,14.736842105263158,3600.0,4.093567251461988,10.23391812865497,derived_from_throughput,0.13030229258985582,1.3030229258985582,3.9473684210526314,spot_diameter,2.5,0.5143511549599572,0.20574046198398288,0.20574046198398288,0.49087385212340523,0.1963495408493621,196.34954084936209,0.04039704524469068,40.39704524469067,1.0099261311172667,1009.9261311172667,0.7750639770369556,775.0639770369556,40.39704524469067,throughput_acquisition_density
E,10.0,78.53981633974483,2.5,4.908738521234052,0.1,0.4,0.4 g/cm^3,14.736842105263158,3600.0,4.093567251461988,10.23391812865497,derived_from_throughput,0.13030229258985582,1.3030229258985582,4.157894736842105,spot_diameter,2.5,0.5417832165578216,0.21671328662312864,0.21671328662312864,0.49087385212340523,0.1963495408493621,196.34954084936209,0.04255155432440751,42.55155432440751,1.0637888581101878,1063.7888581101877,0.8164007224789266,816.4007224789266,42.55155432440751,throughput_acquisition_density
E,10.0,78.53981633974483,2.5,4.908738521234052,0.1,0.4,0.4 g/cm^3,14.736842105263158,3600.0,4.093567251461988,10.23391812865497,derived_from_throughput,0.13030229258985582,1.3030229258985582,4.368421052631579,spot_diameter,2.5,0.569215278155686,0.2276861112622744,0.2276861112622744,0.49087385212340523,0.1963495408493621,196.34954084936209,0.04470606340412435,44.70606340412435,1.1176515851031086,1117.6515851031086,0.8577374679208976,857.7374679208975,44.70606340412435,throughput_acquisition_density
E,10.0,78.53981633974483,2.5,4.908738521234052,0.1,0.4,0.4 g/cm^3,14.736842105263158,3600.0,4.093567251461988,10.23391812865497,derived_from_throughput,0.13030229258985582,1.3030229258985582,4.578947368421052,spot_diameter,2.5,0.5966473397535502,0.2386589359014201,0.2386589359014201,0.49087385212340523,0.1963495408493621,196.34954084936209,0.04686057248384118,46.86057248384118,1.1715143120960294,1171.5143120960295,0.8990742133628685,899.0742133628685,46.86057248384118,throughput_acquisition_density
E,10.0,78.53981633974483,2.5,4.908738521234052,0.1,0.4,0.4 g/cm^3,14.736842105263158,3600.0,4.093567251461988,10.23391812865497,derived_from_throughput,0.13030229258985582,1.3030229258985582,4.789473684210526,spot_diameter,2.5,0.6240794013514146,0.24963176054056585,0.24963176054056585,0.49087385212340523,0.1963495408493621,196.34954084936209,0.049015081563558015,49.01508156355801,1.2253770390889502,1225.3770390889501,0.9404109588048394,940.4109588048394,49.01508156355801,throughput_acquisition_density
E,10.0,78.53981633974483,2.5,4.908738521234052,0.1,0.4,0.4 g/cm^3,14.736842105263158,3600.0,4.093567251461988,10.23391812865497,derived_from_throughput,0.13030229258985582,1.3030229258985582,5.0,spot_diameter,2.5,0.6515114629492791,0.26060458517971163,0.26060458517971163,0.49087385212340523,0.1963495408493621,196.34954084936209,0.05116959064327485,51.16959064327485,1.2792397660818713,1279.2397660818713,0.9817477042468105,981.7477042468105,51.16959064327485,throughput_acquisition_density
E,10.0,78.53981633974483,2.5,4.908738521234052,0.1,0.4,0.4 g/cm^3,19.473684210526315,3600.0,5.409356725146199,13.523391812865496,derived_from_throughput,0.1721851723508809,1.721851723508809,1.0,spot_diameter,2.5,0.1721851723508809,0.06887406894035236,0.06887406894035236,0.49087385212340523,0.1963495408493621,196.34954084936209,0.013523391812865498,13.523391812865498,0.33808479532163743,338.08479532163744,0.1963495408493621,196.34954084936209,13.523391812865498,throughput_acquisition_density
E,10.0,78.53981633974483,2.5,4.908738521234052,0.1,0.4,0.4 g/cm^3,19.473684210526315,3600.0,5.409356725146199,13.523391812865496,derived_from_throughput,0.1721851723508809,1.721851723508809,1.2105263157894737,spot_diameter,2.5,0.20843468231948742,0.08337387292779497,0.08337387292779497,0.49087385212340523,0.1963495408493621,196.34954084936209,0.0163704216682056,16.3704216682056,0.40926054170514004,409.26054170514004,0.23768628629133307,237.68628629133306,16.3704216682056,throughput_acquisition_density
E,10.0,78.53981633974483,2.5,4.908738521234052,0.1,0.4,0.4 g/cm^3,19.473684210526315,3600.0,5.409356725146199,13.523391812865496,derived_from_throughput,0.1721851723508809,1.721851723508809,1.4210526315789473,spot_diameter,2.5,0.2446841922880939,0.09787367691523756,0.09787367691523756,0.49087385212340523,0.1963495408493621,196.34954084936209,0.019217451523545707,19.217451523545705,0.48043628808864264,480.43628808864264,0.279023031733304,279.023031733304,19.217451523545705,throughput_acquisition_density
E,10.0,78.53981633974483,2.5,4.908738521234052,0.1,0.4,0.4 g/cm^3,19.473684210526315,3600.0,5.409356725146199,13.523391812865496,derived_from_throughput,0.1721851723508809,1.721851723508809,1.631578947368421,spot_diameter,2.5,0.2809337022567004,0.11237348090268015,0.11237348090268015,0.49087385212340523,0.1963495408493621,196.34954084936209,0.02206448137888581,22.06448137888581,0.5516120344721452,551.6120344721453,0.320359777175275,320.359777175275,22.06448137888581,throughput_acquisition_density
E,10.0,78.53981633974483,2.5,4.908738521234052,0.1,0.4,0.4 g/cm^3,19.473684210526315,3600.0,5.409356725146199,13.523391812865496,derived_from_throughput,0.1721851723508809,1.721851723508809,1.8421052631578947,spot_diameter,2.5,0.31718321222530693,0.12687328489012278,0.12687328489012278,0.49087385212340523,0.1963495408493621,196.34954084936209,0.024911511234225917,24.911511234225916,0.6227877808556479,622.787780855648,0.36169652261724594,361.69652261724593,24.911511234225916,throughput_acquisition_density
E,10.0,78.53981633974483,2.5,4.908738521234052,0.1,0.4,0.4 g/cm^3,19.473684210526315,3600.0,5.409356725146199,13.523391812865496,derived_from_throughput,0.1721851723508809,1.721851723508809,2.052631578947368,spot_diameter,2.5,0.35343272219391336,0.14137308887756533,0.14137308887756533,0.49087385212340523,0.1963495408493621,196.34954084936209,0.027758541089566012,27.758541089566013,0.6939635272391504,693.9635272391505,0.4030332680592169,403.03326805921694,27.758541089566013,throughput_acquisition_density
E,10.0,78.53981633974483,2.5,4.908738521234052,0.1,0.4,0.4 g/cm^3,19.473684210526315,3600.0,5.409356725146199,13.523391812865496,derived_from_throughput,0.1721851723508809,1.721851723508809,2.263157894736842,spot_diameter,2.5,0.3896822321625199,0.15587289286500797,0.15587289286500797,0.49087385212340523,0.1963495408493621,196.34954084936209,0.030605570944906124,30.605570944906123,0.7651392736226531,765.1392736226531,0.4443700135011879,444.3700135011879,30.605570944906123,throughput_acquisition_density
E,10.0,78.53981633974483,2.5,4.908738521234052,0.1,0.4,0.4 g/cm^3,19.473684210526315,3600.0,5.409356725146199,13.523391812865496,derived_from_throughput,0.1721851723508809,1.721851723508809,2.473684210526316,spot_diameter,2.5,0.4259317421311265,0.1703726968524506,0.1703726968524506,0.49087385212340523,0.1963495408493621,196.34954084936209,0.033452600800246236,33.45260080024624,0.8363150200061558,836.3150200061558,0.4857067589431589,485.7067589431589,33.45260080024624,throughput_acquisition_density
E,10.0,78.53981633974483,2.5,4.908738521234052,0.1,0.4,0.4 g/cm^3,19.473684210526315,3600.0,5.409356725146199,13.523391812865496,derived_from_throughput,0.1721851723508809,1.721851723508809,2.6842105263157894,spot_diameter,2.5,0.46218125209973293,0.18487250083989318,0.18487250083989318,0.49087385212340523,0.1963495408493621,196.34954084936209,0.036299630655586335,36.299630655586334,0.9074907663896583,907.4907663896583,0.5270435043851298,527.0435043851298,36.299630655586334,throughput_acquisition_density
E,10.0,78.53981633974483,2.5,4.908738521234052,0.1,0.4,0.4 g/cm^3,19.473684210526315,3600.0,5.409356725146199,13.523391812865496,derived_from_throughput,0.1721851723508809,1.721851723508809,2.894736842105263,spot_diameter,2.5,0.4984307620683394,0.19937230482733576,0.19937230482733576,0.49087385212340523,0.1963495408493621,196.34954084936209,0.03914666051092643,39.14666051092643,0.9786665127731609,978.6665127731609,0.5683802498271008,568.3802498271008,39.14666051092643,throughput_acquisition_density
E,10.0,78.53981633974483,2.5,4.908738521234052,0.1,0.4,0.4 g/cm^3,19.473684210526315,3600.0,5.409356725146199,13.523391812865496,derived_from_throughput,0.1721851723508809,1.721851723508809,3.1052631578947367,spot_diameter,2.5,0.5346802720369459,0.21387210881477836,0.21387210881477836,0.49087385212340523,0.1963495408493621,196.34954084936209,0.04199369036626654,41.99369036626654,1.0498422591566636,1049.8422591566637,0.6097169952690717,609.7169952690717,41.99369036626654,throughput_acquisition_density
E,10.0,78.53981633974483,2.5,4.908738521234052,0.1,0.4,0.4 g/cm^3,19.473684210526315,3600.0,5.409356725146199,13.523391812865496,derived_from_throughput,0.1721851723508809,1.721851723508809,3.3157894736842106,spot_diameter,2.5,0.5709297820055524,0.22837191280222097,0.22837191280222097,0.49087385212340523,0.1963495408493621,196.34954084936209,0.04484072022160664,44.840720221606645,1.1210180055401662,1121.018005540166,0.6510537407110427,651.0537407110427,44.840720221606645,throughput_acquisition_density
E,10.0,78.53981633974483,2.5,4.908738521234052,0.1,0.4,0.4 g/cm^3,19.473684210526315,3600.0,5.409356725146199,13.523391812865496,derived_from_throughput,0.1721851723508809,1.721851723508809,3.526315789473684,spot_diameter,2.5,0.607179291974159,0.2428717167896636,0.2428717167896636,0.49087385212340523,0.1963495408493621,196.34954084936209,0.047687750076946755,47.687750076946756,1.1921937519236687,1192.1937519236687,0.6923904861530137,692.3904861530137,47.687750076946756,throughput_acquisition_density
E,10.0,78.53981633974483,2.5,4.908738521234052,0.1,0.4,0.4 g/cm^3,19.473684210526315,3600.0,5.409356725146199,13.523391812865496,derived_from_throughput,0.1721851723508809,1.721851723508809,3.7368421052631575,spot_diameter,2.5,0.6434288019427654,0.2573715207771062,0.2573715207771062,0.49087385212340523,0.1963495408493621,196.34954084936209,0.050534779932286854,50.53477993228685,1.2633694983071713,1263.3694983071712,0.7337272315949847,733.7272315949847,50.53477993228685,throughput_acquisition_density
E,10.0,78.53981633974483,2.5,4.908738521234052,0.1,0.4,0.4 g/cm^3,19.473684210526315,3600.0,5.409356725146199,13.523391812865496,derived_from_throughput,0.1721851723508809,1.721851723508809,3.9473684210526314,spot_diameter,2.5,0.679678311911372,0.2718713247645488,0.2718713247645488,0.49087385212340523,0.1963495408493621,196.34954084936209,0.05338180978762696,53.381809787626956,1.334545244690674,1334.545244690674,0.7750639770369556,775.0639770369556,53.381809787626956,throughput_acquisition_density
E,10.0,78.53981633974483,2.5,4.908738521234052,0.1,0.4,0.4 g/cm^3,19.473684210526315,3600.0,5.409356725146199,13.523391812865496,derived_from_throughput,0.1721851723508809,1.721851723508809,4.157894736842105,spot_diameter,2.5,0.7159278218799785,0.2863711287519914,0.2863711287519914,0.49087385212340523,0.1963495408493621,196.34954084936209,0.056228839642967064,56.22883964296707,1.4057209910741768,1405.7209910741767,0.8164007224789266,816.4007224789266,56.22883964296707,throughput_acquisition_density
E,10.0,78.53981633974483,2.5,4.908738521234052,0.1,0.4,0.4 g/cm^3,19.473684210526315,3600.0,5.409356725146199,13.523391812865496,derived_from_throughput,0.1721851723508809,1.721851723508809,4.368421052631579,spot_diameter,2.5,0.7521773318485849,0.300870932739434,0.300870932739434,0.49087385212340523,0.1963495408493621,196.34954084936209,0.05907586949830717,59.07586949830717,1.4768967374576794,1476.8967374576794,0.8577374679208976,857.7374679208975,59.07586949830717,throughput_acquisition_density
E,10.0,78.53981633974483,2.5,4.908738521234052,0.1,0.4,0.4 g/cm^3,19.473684210526315,3600.0,5.409356725146199,13.523391812865496,derived_from_throughput,0.1721851723508809,1.721851723508809,4.578947368421052,spot_diameter,2.5,0.7884268418171915,0.3153707367268766,0.3153707367268766,0.49087385212340523,0.1963495408493621,196.34954084936209,0.061922899353647275,61.922899353647274,1.5480724838411817,1548.0724838411816,0.8990742133628685,899.0742133628685,61.922899353647274,throughput_acquisition_density
E,10.0,78.53981633974483,2.5,4.908738521234052,0.1,0.4,0.4 g/cm^3,19.473684210526315,3600.0,5.409356725146199,13.523391812865496,derived_from_throughput,0.1721851723508809,1.721851723508809,4.789473684210526,spot_diameter,2.5,0.8246763517857979,0.32987054071431915,0.32987054071431915,0.49087385212340523,0.1963495408493621,196.34954084936209,0.06476992920898737,64.76992920898738,1.6192482302246842,1619.2482302246842,0.9404109588048394,940.4109588048394,64.76992920898738,throughput_acquisition_density
E,10.0,78.53981633974483,2.5,4.908738521234052,0.1,0.4,0.4 g/cm^3,19.473684210526315,3600.0,5.409356725146199,13.523391812865496,derived_from_throughput,0.1721851723508809,1.721851723508809,5.0,spot_diameter,2.5,0.8609258617544046,0.3443703447017618,0.3443703447017618,0.49087385212340523,0.1963495408493621,196.34954084936209,0.06761695906432749,67.61695906432749,1.6904239766081872,1690.4239766081873,0.9817477042468105,981.7477042468105,67.61695906432749,throughput_acquisition_density
E,10.0,78.53981633974483,2.5,4.908738521234052,0.1,0.4,0.4 g/cm^3,24.210526315789473,3600.0,6.7251461988304095,16.81286549707602,derived_from_throughput,0.214068052111906,2.14068052111906,1.0,spot_diameter,2.5,0.214068052111906,0.0856272208447624,0.0856272208447624,0.49087385212340523,0.1963495408493621,196.34954084936209,0.016812865497076026,16.812865497076025,0.4203216374269006,420.3216374269006,0.1963495408493621,196.34954084936209,16.812865497076025,throughput_acquisition_density
E,10.0,78.53981633974483,2.5,4.908738521234052,0.1,0.4,0.4 g/cm^3,24.210526315789473,3600.0,6.7251461988304095,16.81286549707602,derived_from_throughput,0.214068052111906,2.14068052111906,1.2105263157894737,spot_diameter,2.5,0.25913501045125464,0.10365400418050186,0.10365400418050186,0.49087385212340523,0.1963495408493621,196.34954084936209,0.0203524161280394,20.3524161280394,0.5088104032009849,508.8104032009849,0.23768628629133307,237.68628629133306,20.3524161280394,throughput_acquisition_density
E,10.0,78.53981633974483,2.5,4.908738521234052,0.1,0.4,0.4 g/cm^3,24.210526315789473,3600.0,6.7251461988304095,16.81286549707602,derived_from_throughput,0.214068052111906,2.14068052111906,1.4210526315789473,spot_diameter,2.5,0.30420196879060324,0.1216807875162413,0.1216807875162413,0.49087385212340523,0.1963495408493621,196.34954084936209,0.02389196675900277,23.89196675900277,0.5972991689750693,597.2991689750693,0.279023031733304,279.023031733304,23.89196675900277,throughput_acquisition_density
E,10.0,78.53981633974483,2.5,4.908738521234052,0.1,0.4,0.4 g/cm^3,24.210526315789473,3600.0,6.7251461988304095,16.81286549707602,derived_from_throughput,0.214068052111906,2.14068052111906,1.631578947368421,spot_diameter,2.5,0.3492689271299519,0.13970757085198077,0.13970757085198077,0.49087385212340523,0.1963495408493621,196.34954084936209,0.02743151738996615,27.43151738996615,0.6857879347491536,685.7879347491536,0.320359777175275,320.359777175275,27.43151738996615,throughput_acquisition_density
E,10.0,78.53981633974483,2.5,4.908738521234052,0.1,0.4,0.4 g/cm^3,24.210526315789473,3600.0,6.7251461988304095,16.81286549707602,derived_from_throughput,0.214068052111906,2.14068052111906,1.8421052631578947,spot_diameter,2.5,0.3943358854693005,0.1577343541877202,0.1577343541877202,0.49087385212340523,0.1963495408493621,196.34954084936209,0.030971068020929516,30.971068020929515,0.7742767005232379,774.276700523238,0.36169652261724594,361.69652261724593,30.971068020929515,throughput_acquisition_density
E,10.0,78.53981633974483,2.5,4.908738521234052,0.1,0.4,0.4 g/cm^3,24.210526315789473,3600.0,6.7251461988304095,16.81286549707602,derived_from_throughput,0.214068052111906,2.14068052111906,2.052631578947368,spot_diameter,2.5,0.4394028438086491,0.17576113752345962,0.17576113752345962,0.49087385212340523,0.1963495408493621,196.34954084936209,0.03451061865189289,34.510618651892884,0.8627654662973222,862.7654662973222,0.4030332680592169,403.03326805921694,34.510618651892884,throughput_acquisition_density
E,10.0,78.53981633974483,2.5,4.908738521234052,0.1,0.4,0.4 g/cm^3,24.210526315789473,3600.0,6.7251461988304095,16.81286549707602,derived_from_throughput,0.214068052111906,2.14068052111906,2.263157894736842,spot_diameter,2.5,0.4844698021479978,0.1937879208591991,0.1937879208591991,0.49087385212340523,0.1963495408493621,196.34954084936209,0.03805016928285626,38.05016928285626,0.9512542320714066,951.2542320714066,0.4443700135011879,444.3700135011879,38.05016928285626,throughput_acquisition_density
E,10.0,78.53981633974483,2.5,4.908738521234052,0.1,0.4,0.4 g/cm^3,24.210526315789473,3600.0,6.7251461988304095,16.81286549707602,derived_from_throughput,0.214068052111906,2.14068052111906,2.473684210526316,spot_diameter,2.5,0.5295367604873464,0.21181470419493859,0.21181470419493859,0.49087385212340523,0.1963495408493621,196.34954084936209,0.04158971991381964,41.58971991381964,1.039742997845491,1039.7429978454911,0.4857067589431589,485.7067589431589,41.58971991381964,throughput_acquisition_density
E,10.0,78.53981633974483,2.5,4.908738521234052,0.1,0.4,0.4 g/cm^3,24.210526315789473,3600.0,6.7251461988304095,16.81286549707602,derived_from_throughput,0.214068052111906,2.14068052111906,2.6842105263157894,spot_diameter,2.5,0.574603718826695,0.229841487530678,0.229841487530678,0.49087385212340523,0.1963495408493621,196.34954084936209,0.04512927054478301,45.12927054478301,1.1282317636195753,1128.2317636195753,0.5270435043851298,527.0435043851298,45.12927054478301,throughput_acquisition_density
E,10.0,78.53981633974483,2.5,4.908738521234052,0.1,0.4,0.4 g/cm^3,24.210526315789473,3600.0,6.7251461988304095,16.81286549707602,derived_from_throughput,0.214068052111906,2.14068052111906,2.894736842105263,spot_diameter,2.5,0.6196706771660436,0.24786827086641744,0.24786827086641744,0.49087385212340523,0.1963495408493621,196.34954084936209,0.04866882117574638,48.66882117574637,1.2167205293936594,1216.7205293936595,0.5683802498271008,568.3802498271008,48.66882117574637,throughput_acquisition_density
E,10.0,78.53981633974483,2.5,4.908738521234052,0.1,0.4,0.4 g/cm^3,24.210526315789473,3600.0,6.7251461988304095,16.81286549707602,derived_from_throughput,0.214068052111906,2.14068052111906,3.1052631578947367,spot_diameter,2.5,0.6647376355053922,0.26589505420215687,0.26589505420215687,0.49087385212340523,0.1963495408493621,196.34954084936209,0.05220837180670975,52.20837180670975,1.3052092951677439,1305.209295167744,0.6097169952690717,609.7169952690717,52.20837180670975,throughput_acquisition_density
E,10.0,78.53981633974483,2.5,4.908738521234052,0.1,0.4,0.4 g/cm^3,24.210526315789473,3600.0,6.7251461988304095,16.81286549707602,derived_from_throughput,0.214068052111906,2.14068052111906,3.3157894736842106,spot_diameter,2.5,0.7098045938447409,0.28392183753789635,0.28392183753789635,0.49087385212340523,0.1963495408493621,196.34954084936209,0.055747922437673125,55.747922437673125,1.3936980609418284,1393.6980609418283,0.6510537407110427,651.0537407110427,55.747922437673125,throughput_acquisition_density
E,10.0,78.53981633974483,2.5,4.908738521234052,0.1,0.4,0.4 g/cm^3,24.210526315789473,3600.0,6.7251461988304095,16.81286549707602,derived_from_throughput,0.214068052111906,2.14068052111906,3.526315789473684,spot_diameter,2.5,0.7548715521840895,0.30194862087363583,0.30194862087363583,0.49087385212340523,0.1963495408493621,196.34954084936209,0.059287473068636506,59.28747306863651,1.4821868267159126,1482.1868267159127,0.6923904861530137,692.3904861530137,59.28747306863651,throughput_acquisition_density
E,10.0,78.53981633974483,2.5,4.908738521234052,0.1,0.4,0.4 g/cm^3,24.210526315789473,3600.0,6.7251461988304095,16.81286549707602,derived_from_throughput,0.214068052111906,2.14068052111906,3.7368421052631575,spot_diameter,2.5,0.7999385105234381,0.31997540420937526,0.31997540420937526,0.49087385212340523,0.1963495408493621,196.34954084936209,0.06282702369959987,62.82702369959988,1.5706755924899969,1570.675592489997,0.7337272315949847,733.7272315949847,62.82702369959988,throughput_acquisition_density
E,10.0,78.53981633974483,2.5,4.908738521234052,0.1,0.4,0.4 g/cm^3,24.210526315789473,3600.0,6.7251461988304095,16.81286549707602,derived_from_throughput,0.214068052111906,2.14068052111906,3.9473684210526314,spot_diameter,2.5,0.8450054688627868,0.33800218754511474,0.33800218754511474,0.49087385212340523,0.1963495408493621,196.34954084936209,0.06636657433056325,66.36657433056325,1.6591643582640812,1659.164358264081,0.7750639770369556,775.0639770369556,66.36657433056325,throughput_acquisition_density
E,10.0,78.53981633974483,2.5,4.908738521234052,0.1,0.4,0.4 g/cm^3,24.210526315789473,3600.0,6.7251461988304095,16.81286549707602,derived_from_throughput,0.214068052111906,2.14068052111906,4.157894736842105,spot_diameter,2.5,0.8900724272021354,0.35602897088085417,0.35602897088085417,0.49087385212340523,0.1963495408493621,196.34954084936209,0.06990612496152662,69.90612496152663,1.7476531240381656,1747.6531240381657,0.8164007224789266,816.4007224789266,69.90612496152663,throughput_acquisition_density
E,10.0,78.53981633974483,2.5,4.908738521234052,0.1,0.4,0.4 g/cm^3,24.210526315789473,3600.0,6.7251461988304095,16.81286549707602,derived_from_throughput,0.214068052111906,2.14068052111906,4.368421052631579,spot_diameter,2.5,0.935139385541484,0.3740557542165936,0.3740557542165936,0.49087385212340523,0.1963495408493621,196.34954084936209,0.07344567559248999,73.44567559248999,1.83614188981225,1836.14188981225,0.8577374679208976,857.7374679208975,73.44567559248999,throughput_acquisition_density
E,10.0,78.53981633974483,2.5,4.908738521234052,0.1,0.4,0.4 g/cm^3,24.210526315789473,3600.0,6.7251461988304095,16.81286549707602,derived_from_throughput,0.214068052111906,2.14068052111906,4.578947368421052,spot_diameter,2.5,0.9802063438808326,0.392082537552333,0.392082537552333,0.49087385212340523,0.1963495408493621,196.34954084936209,0.07698522622345336,76.98522622345335,1.9246306555863342,1924.6306555863341,0.8990742133628685,899.0742133628685,76.98522622345335,throughput_acquisition_density
E,10.0,78.53981633974483,2.5,4.908738521234052,0.1,0.4,0.4 g/cm^3,24.210526315789473,3600.0,6.7251461988304095,16.81286549707602,derived_from_throughput,0.214068052111906,2.14068052111906,4.789473684210526,spot_diameter,2.5,1.0252733022201812,0.4101093208880725,0.4101093208880725,0.49087385212340523,0.1963495408493621,196.34954084936209,0.08052477685441674,80.52477685441674,2.013119421360418,2013.1194213604183,0.9404109588048394,940.4109588048394,80.52477685441674,throughput_acquisition_density
E,10.0,78.53981633974483,2.5,4.908738521234052,0.1,0.4,0.4 g/cm^3,24.210526315789473,3600.0,6.7251461988304095,16.81286549707602,derived_from_throughput,0.214068052111906,2.14068052111906,5.0,spot_diameter,2.5,1.07034026055953,0.428136104223812,0.428136104223812,0.49087385212340523,0.1963495408493621,196.34954084936209,0.08406432748538012,84.06432748538012,2.101608187134503,2101.608187134503,0.9817477042468105,981.7477042468105,84.06432748538012,throughput_acquisition_density
E,10.0,78.53981633974483,2.5,4.908738521234052,0.1,0.4,0.4 g/cm^3,28.94736842105263,3600.0,8.04093567251462,20.102339181286546,derived_from_throughput,0.25595093187293105,2.5595093187293108,1.0,spot_diameter,2.5,0.25595093187293105,0.10238037274917242,0.10238037274917242,0.49087385212340523,0.1963495408493621,196.34954084936209,0.02010233918128655,20.10233918128655,0.5025584795321637,502.5584795321637,0.1963495408493621,196.34954084936209,20.10233918128655,throughput_acquisition_density
E,10.0,78.53981633974483,2.5,4.908738521234052,0.1,0.4,0.4 g/cm^3,28.94736842105263,3600.0,8.04093567251462,20.102339181286546,derived_from_throughput,0.25595093187293105,2.5595093187293108,1.2105263157894737,spot_diameter,2.5,0.3098353385830218,0.12393413543320872,0.12393413543320872,0.49087385212340523,0.1963495408493621,196.34954084936209,0.02433441058787319,24.334410587873187,0.6083602646968297,608.3602646968297,0.23768628629133307,237.68628629133306,24.334410587873187,throughput_acquisition_density
E,10.0,78.53981633974483,2.5,4.908738521234052,0.1,0.4,0.4 g/cm^3,28.94736842105263,3600.0,8.04093567251462,20.102339181286546,derived_from_throughput,0.25595093187293105,2.5595093187293108,1.4210526315789473,spot_diameter,2.5,0.3637197452931125,0.145487898117245,0.145487898117245,0.49087385212340523,0.1963495408493621,196.34954084936209,0.028566481994459828,28.566481994459828,0.7141620498614958,714.1620498614958,0.279023031733304,279.023031733304,28.566481994459828,throughput_acquisition_density
E,10.0,78.53981633974483,2.5,4.908738521234052,0.1,0.4,0.4 g/cm^3,28.94736842105263,3600.0,8.04093567251462,20.102339181286546,derived_from_throughput,0.25595093187293105,2.5595093187293108,1.631578947368421,spot_diameter,2.5,0.4176041520032033,0.1670416608012813,0.1670416608012813,0.49087385212340523,0.1963495408493621,196.34954084936209,0.03279855340104647,32.79855340104647,0.8199638350261618,819.9638350261617,0.320359777175275,320.359777175275,32.79855340104647,throughput_acquisition_density
E,10.0,78.53981633974483,2.5,4.908738521234052,0.1,0.4,0.4 g/cm^3,28.94736842105263,3600.0,8.04093567251462,20.102339181286546,derived_from_throughput,0.25595093187293105,2.5595093187293108,1.8421052631578947,spot_diameter,2.5,0.47148855871329404,0.1885954234853176,0.1885954234853176,0.49087385212340523,0.1963495408493621,196.34954084936209,0.03703062480763311,37.03062480763311,0.9257656201908279,925.7656201908279,0.36169652261724594,361.69652261724593,37.03062480763311,throughput_acquisition_density
E,10.0,78.53981633974483,2.5,4.908738521234052,0.1,0.4,0.4 g/cm^3,28.94736842105263,3600.0,8.04093567251462,20.102339181286546,derived_from_throughput,0.25595093187293105,2.5595093187293108,2.052631578947368,spot_diameter,2.5,0.5253729654233847,0.2101491861693539,0.2101491861693539,0.49087385212340523,0.1963495408493621,196.34954084936209,0.041262696214219755,41.26269621421975,1.0315674053554937,1031.5674053554937,0.4030332680592169,403.03326805921694,41.26269621421975,throughput_acquisition_density
E,10.0,78.53981633974483,2.5,4.908738521234052,0.1,0.4,0.4 g/cm^3,28.94736842105263,3600.0,8.04093567251462,20.102339181286546,derived_from_throughput,0.25595093187293105,2.5595093187293108,2.263157894736842,spot_diameter,2.5,0.5792573721334755,0.2317029488533902,0.2317029488533902,0.49087385212340523,0.1963495408493621,196.34954084936209,0.0454947676208064,45.4947676208064,1.13736919052016,1137.36919052016,0.4443700135011879,444.3700135011879,45.4947676208064,throughput_acquisition_density
E,10.0,78.53981633974483,2.5,4.908738521234052,0.1,0.4,0.4 g/cm^3,28.94736842105263,3600.0,8.04093567251462,20.102339181286546,derived_from_throughput,0.25595093187293105,2.5595093187293108,2.473684210526316,spot_diameter,2.5,0.6331417788435664,0.25325671153742657,0.25325671153742657,0.49087385212340523,0.1963495408493621,196.34954084936209,0.049726839027393055,49.726839027393055,1.2431709756848262,1243.170975684826,0.4857067589431589,485.7067589431589,49.726839027393055,throughput_acquisition_density
E,10.0,78.53981633974483,2.5,4.908738521234052,0.1,0.4,0.4 g/cm^3,28.94736842105263,3600.0,8.04093567251462,20.102339181286546,derived_from_throughput,0.25595093187293105,2.5595093187293108,2.6842105263157894,spot_diameter,2.5,0.687026185553657,0.2748104742214628,0.2748104742214628,0.49087385212340523,0.1963495408493621,196.34954084936209,0.053958910433979684,53.95891043397968,1.348972760849492,1348.9727608494918,0.5270435043851298,527.0435043851298,53.95891043397968,throughput_acquisition_density
E,10.0,78.53981633974483,2.5,4.908738521234052,0.1,0.4,0.4 g/cm^3,28.94736842105263,3600.0,8.04093567251462,20.102339181286546,derived_from_throughput,0.25595093187293105,2.5595093187293108,2.894736842105263,spot_diameter,2.5,0.7409105922637477,0.29636423690549907,0.29636423690549907,0.49087385212340523,0.1963495408493621,196.34954084936209,0.058190981840566314,58.190981840566316,1.454774546014158,1454.774546014158,0.5683802498271008,568.3802498271008,58.190981840566316,throughput_acquisition_density
E,10.0,78.53981633974483,2.5,4.908738521234052,0.1,0.4,0.4 g/cm^3,28.94736842105263,3600.0,8.04093567251462,20.102339181286546,derived_from_throughput,0.25595093187293105,2.5595093187293108,3.1052631578947367,spot_diameter,2.5,0.7947949989738385,0.3179179995895354,0.3179179995895354,0.49087385212340523,0.1963495408493621,196.34954084936209,0.06242305324715297,62.42305324715297,1.560576331178824,1560.5763311788241,0.6097169952690717,609.7169952690717,62.42305324715297,throughput_acquisition_density
E,10.0,78.53981633974483,2.5,4.908738521234052,0.1,0.4,0.4 g/cm^3,28.94736842105263,3600.0,8.04093567251462,20.102339181286546,derived_from_throughput,0.25595093187293105,2.5595093187293108,3.3157894736842106,spot_diameter,2.5,0.8486794056839293,0.33947176227357173,0.33947176227357173,0.49087385212340523,0.1963495408493621,196.34954084936209,0.06665512465373961,66.65512465373962,1.6663781163434903,1666.3781163434903,0.6510537407110427,651.0537407110427,66.65512465373962,throughput_acquisition_density
E,10.0,78.53981633974483,2.5,4.908738521234052,0.1,0.4,0.4 g/cm^3,28.94736842105263,3600.0,8.04093567251462,20.102339181286546,derived_from_throughput,0.25595093187293105,2.5595093187293108,3.526315789473684,spot_diameter,2.5,0.90256381239402,0.361025524957608,0.361025524957608,0.49087385212340523,0.1963495408493621,196.34954084936209,0.07088719606032624,70.88719606032625,1.772179901508156,1772.179901508156,0.6923904861530137,692.3904861530137,70.88719606032625,throughput_acquisition_density
E,10.0,78.53981633974483,2.5,4.908738521234052,0.1,0.4,0.4 g/cm^3,28.94736842105263,3600.0,8.04093567251462,20.102339181286546,derived_from_throughput,0.25595093187293105,2.5595093187293108,3.7368421052631575,spot_diameter,2.5,0.9564482191041107,0.3825792876416443,0.3825792876416443,0.49087385212340523,0.1963495408493621,196.34954084936209,0.07511926746691289,75.11926746691289,1.877981686672822,1877.981686672822,0.7337272315949847,733.7272315949847,75.11926746691289,throughput_acquisition_density
E,10.0,78.53981633974483,2.5,4.908738521234052,0.1,0.4,0.4 g/cm^3,28.94736842105263,3600.0,8.04093567251462,20.102339181286546,derived_from_throughput,0.25595093187293105,2.5595093187293108,3.9473684210526314,spot_diameter,2.5,1.0103326258142016,0.40413305032568064,0.40413305032568064,0.49087385212340523,0.1963495408493621,196.34954084936209,0.07935133887349954,79.35133887349954,1.9837834718374883,1983.7834718374884,0.7750639770369556,775.0639770369556,79.35133887349954,throughput_acquisition_density
E,10.0,78.53981633974483,2.5,4.908738521234052,0.1,0.4,0.4 g/cm^3,28.94736842105263,3600.0,8.04093567251462,20.102339181286546,derived_from_throughput,0.25595093187293105,2.5595093187293108,4.157894736842105,spot_diameter,2.5,1.0642170325242923,0.42568681300971695,0.42568681300971695,0.49087385212340523,0.1963495408493621,196.34954084936209,0.08358341028008619,83.58341028008618,2.0895852570021543,2089.5852570021543,0.8164007224789266,816.4007224789266,83.58341028008618,throughput_acquisition_density
E,10.0,78.53981633974483,2.5,4.908738521234052,0.1,0.4,0.4 g/cm^3,28.94736842105263,3600.0,8.04093567251462,20.102339181286546,derived_from_throughput,0.25595093187293105,2.5595093187293108,4.368421052631579,spot_diameter,2.5,1.1181014392343829,0.44724057569375314,0.44724057569375314,0.49087385212340523,0.1963495408493621,196.34954084936209,0.0878154816866728,87.8154816866728,2.1953870421668205,2195.3870421668203,0.8577374679208976,857.7374679208975,87.8154816866728,throughput_acquisition_density
E,10.0,78.53981633974483,2.5,4.908738521234052,0.1,0.4,0.4 g/cm^3,28.94736842105263,3600.0,8.04093567251462,20.102339181286546,derived_from_throughput,0.25595093187293105,2.5595093187293108,4.578947368421052,spot_diameter,2.5,1.1719858459444736,0.46879433837778944,0.46879433837778944,0.49087385212340523,0.1963495408493621,196.34954084936209,0.09204755309325945,92.04755309325945,2.301188827331486,2301.188827331486,0.8990742133628685,899.0742133628685,92.04755309325945,throughput_acquisition_density
E,10.0,78.53981633974483,2.5,4.908738521234052,0.1,0.4,0.4 g/cm^3,28.94736842105263,3600.0,8.04093567251462,20.102339181286546,derived_from_throughput,0.25595093187293105,2.5595093187293108,4.789473684210526,spot_diameter,2.5,1.2258702526545644,0.49034810106182575,0.49034810106182575,0.49087385212340523,0.1963495408493621,196.34954084936209,0.09627962449984609,96.2796244998461,2.406990612496152,2406.990612496152,0.9404109588048394,940.4109588048394,96.2796244998461,throughput_acquisition_density
E,10.0,78.53981633974483,2.5,4.908738521234052,0.1,0.4,0.4 g/cm^3,28.94736842105263,3600.0,8.04093567251462,20.102339181286546,derived_from_throughput,0.25595093187293105,2.5595093187293108,5.0,spot_diameter,2.5,1.2797546593646554,0.5119018637458621,0.5119018637458621,0.49087385212340523,0.1963495408493621,196.34954084936209,0.10051169590643275,100.51169590643275,2.5127923976608186,2512.7923976608186,0.9817477042468105,981.7477042468105,100.51169590643275,throughput_acquisition_density
E,10.0,78.53981633974483,2.5,4.908738521234052,0.1,0.4,0.4 g/cm^3,33.68421052631579,3600.0,9.35672514619883,23.391812865497073,derived_from_throughput,0.29783381163395617,2.978338116339562,1.0,spot_diameter,2.5,0.29783381163395617,0.11913352465358247,0.11913352465358247,0.49087385212340523,0.1963495408493621,196.34954084936209,0.023391812865497078,23.391812865497077,0.5847953216374269,584.7953216374269,0.1963495408493621,196.34954084936209,23.391812865497077,throughput_acquisition_density
E,10.0,78.53981633974483,2.5,4.908738521234052,0.1,0.4,0.4 g/cm^3,33.68421052631579,3600.0,9.35672514619883,23.391812865497073,derived_from_throughput,0.29783381163395617,2.978338116339562,1.2105263157894737,spot_diameter,2.5,0.36053566671478904,0.1442142666859156,0.1442142666859156,0.49087385212340523,0.1963495408493621,196.34954084936209,0.028316405047706987,28.316405047706986,0.7079101261926746,707.9101261926746,0.23768628629133307,237.68628629133306,28.316405047706986,throughput_acquisition_density
E,10.0,78.53981633974483,2.5,4.908738521234052,0.1,0.4,0.4 g/cm^3,33.68421052631579,3600.0,9.35672514619883,23.391812865497073,derived_from_throughput,0.29783381163395617,2.978338116339562,1.4210526315789473,spot_diameter,2.5,0.4232375217956219,0.16929500871824876,0.16929500871824876,0.49087385212340523,0.1963495408493621,196.34954084936209,0.0332409972299169,33.2409972299169,0.8310249307479224,831.0249307479224,0.279023031733304,279.023031733304,33.2409972299169,throughput_acquisition_density
E,10.0,78.53981633974483,2.5,4.908738521234052,0.1,0.4,0.4 g/cm^3,33.68421052631579,3600.0,9.35672514619883,23.391812865497073,derived_from_throughput,0.29783381163395617,2.978338116339562,1.631578947368421,spot_diameter,2.5,0.4859393768764548,0.19437575075058192,0.19437575075058192,0.49087385212340523,0.1963495408493621,196.34954084936209,0.03816558941212681,38.16558941212681,0.9541397353031701,954.1397353031701,0.320359777175275,320.359777175275,38.16558941212681,throughput_acquisition_density
E,10.0,78.53981633974483,2.5,4.908738521234052,0.1,0.4,0.4 g/cm^3,33.68421052631579,3600.0,9.35672514619883,23.391812865497073,derived_from_throughput,0.29783381163395617,2.978338116339562,1.8421052631578947,spot_diameter,2.5,0.5486412319572876,0.21945649278291507,0.21945649278291507,0.49087385212340523,0.1963495408493621,196.34954084936209,0.043090181594336724,43.09018159433673,1.077254539858418,1077.254539858418,0.36169652261724594,361.69652261724593,43.09018159433673,throughput_acquisition_density
E,10.0,78.53981633974483,2.5,4.908738521234052,0.1,0.4,0.4 g/cm^3,33.68421052631579,3600.0,9.35672514619883,23.391812865497073,derived_from_throughput,0.29783381163395617,2.978338116339562,2.052631578947368,spot_diameter,2.5,0.6113430870381205,0.2445372348152482,0.2445372348152482,0.49087385212340523,0.1963495408493621,196.34954084936209,0.04801477377654663,48.014773776546626,1.2003693444136656,1200.3693444136657,0.4030332680592169,403.03326805921694,48.014773776546626,throughput_acquisition_density
E,10.0,78.53981633974483,2.5,4.908738521234052,0.1,0.4,0.4 g/cm^3,33.68421052631579,3600.0,9.35672514619883,23.391812865497073,derived_from_throughput,0.29783381163395617,2.978338116339562,2.263157894736842,spot_diameter,2.5,0.6740449421189534,0.2696179768475814,0.2696179768475814,0.49087385212340523,0.1963495408493621,196.34954084936209,0.05293936595875654,52.93936595875654,1.3234841489689133,1323.4841489689134,0.4443700135011879,444.3700135011879,52.93936595875654,throughput_acquisition_density
E,10.0,78.53981633974483,2.5,4.908738521234052,0.1,0.4,0.4 g/cm^3,33.68421052631579,3600.0,9.35672514619883,23.391812865497073,derived_from_throughput,0.29783381163395617,2.978338116339562,2.473684210526316,spot_diameter,2.5,0.7367467971997863,0.2946987188799145,0.2946987188799145,0.49087385212340523,0.1963495408493621,196.34954084936209,0.05786395814096645,57.863958140966446,1.4465989535241612,1446.5989535241613,0.4857067589431589,485.7067589431589,57.863958140966446,throughput_acquisition_density
E,10.0,78.53981633974483,2.5,4.908738521234052,0.1,0.4,0.4 g/cm^3,33.68421052631579,3600.0,9.35672514619883,23.391812865497073,derived_from_throughput,0.29783381163395617,2.978338116339562,2.6842105263157894,spot_diameter,2.5,0.7994486522806191,0.3197794609122476,0.3197794609122476,0.49087385212340523,0.1963495408493621,196.34954084936209,0.06278855032317636,62.78855032317636,1.569713758079409,1569.713758079409,0.5270435043851298,527.0435043851298,62.78855032317636,throughput_acquisition_density
E,10.0,78.53981633974483,2.5,4.908738521234052,0.1,0.4,0.4 g/cm^3,33.68421052631579,3600.0,9.35672514619883,23.391812865497073,derived_from_throughput,0.29783381163395617,2.978338116339562,2.894736842105263,spot_diameter,2.5,0.8621505073614519,0.34486020294458075,0.34486020294458075,0.49087385212340523,0.1963495408493621,196.34954084936209,0.06771314250538626,67.71314250538626,1.6928285626346566,1692.8285626346567,0.5683802498271008,568.3802498271008,67.71314250538626,throughput_acquisition_density
E,10.0,78.53981633974483,2.5,4.908738521234052,0.1,0.4,0.4 g/cm^3,33.68421052631579,3600.0,9.35672514619883,23.391812865497073,derived_from_throughput,0.29783381163395617,2.978338116339562,3.1052631578947367,spot_diameter,2.5,0.9248523624422849,0.36994094497691393,0.36994094497691393,0.49087385212340523,0.1963495408493621,196.34954084936209,0.07263773468759618,72.63773468759618,1.8159433671899043,1815.9433671899044,0.6097169952690717,609.7169952690717,72.63773468759618,throughput_acquisition_density
E,10.0,78.53981633974483,2.5,4.908738521234052,0.1,0.4,0.4 g/cm^3,33.68421052631579,3600.0,9.35672514619883,23.391812865497073,derived_from_throughput,0.29783381163395617,2.978338116339562,3.3157894736842106,spot_diameter,2.5,0.9875542175231179,0.39502168700924717,0.39502168700924717,0.49087385212340523,0.1963495408493621,196.34954084936209,0.0775623268698061,77.5623268698061,1.9390581717451523,1939.0581717451523,0.6510537407110427,651.0537407110427,77.5623268698061,throughput_acquisition_density
E,10.0,78.53981633974483,2.5,4.908738521234052,0.1,0.4,0.4 g/cm^3,33.68421052631579,3600.0,9.35672514619883,23.391812865497073,derived_from_throughput,0.29783381163395617,2.978338116339562,3.526315789473684,spot_diameter,2.5,1.0502560726039507,0.4201024290415803,0.4201024290415803,0.49087385212340523,0.1963495408493621,196.34954084936209,0.08248691905201601,82.486919052016,2.0621729763004,2062.1729763004,0.6923904861530137,692.3904861530137,82.486919052016,throughput_acquisition_density
E,10.0,78.53981633974483,2.5,4.908738521234052,0.1,0.4,0.4 g/cm^3,33.68421052631579,3600.0,9.35672514619883,23.391812865497073,derived_from_throughput,0.29783381163395617,2.978338116339562,3.7368421052631575,spot_diameter,2.5,1.1129579276847834,0.44518317107391336,0.44518317107391336,0.49087385212340523,0.1963495408493621,196.34954084936209,0.08741151123422591,87.41151123422591,2.1852877808556475,2185.2877808556473,0.7337272315949847,733.7272315949847,87.41151123422591,throughput_acquisition_density
E,10.0,78.53981633974483,2.5,4.908738521234052,0.1,0.4,0.4 g/cm^3,33.68421052631579,3600.0,9.35672514619883,23.391812865497073,derived_from_throughput,0.29783381163395617,2.978338116339562,3.9473684210526314,spot_diameter,2.5,1.1756597827656163,0.47026391310624654,0.47026391310624654,0.49087385212340523,0.1963495408493621,196.34954084936209,0.09233610341643582,92.33610341643582,2.3084025854108954,2308.4025854108954,0.7750639770369556,775.0639770369556,92.33610341643582,throughput_acquisition_density
E,10.0,78.53981633974483,2.5,4.908738521234052,0.1,0.4,0.4 g/cm^3,33.68421052631579,3600.0,9.35672514619883,23.391812865497073,derived_from_throughput,0.29783381163395617,2.978338116339562,4.157894736842105,spot_diameter,2.5,1.2383616378464493,0.4953446551385797,0.4953446551385797,0.49087385212340523,0.1963495408493621,196.34954084936209,0.09726069559864574,97.26069559864574,2.4315173899661433,2431.517389966143,0.8164007224789266,816.4007224789266,97.26069559864574,throughput_acquisition_density
E,10.0,78.53981633974483,2.5,4.908738521234052,0.1,0.4,0.4 g/cm^3,33.68421052631579,3600.0,9.35672514619883,23.391812865497073,derived_from_throughput,0.29783381163395617,2.978338116339562,4.368421052631579,spot_diameter,2.5,1.3010634929272822,0.5204253971709129,0.5204253971709129,0.49087385212340523,0.1963495408493621,196.34954084936209,0.10218528778085564,102.18528778085565,2.554632194521391,2554.632194521391,0.8577374679208976,857.7374679208975,102.18528778085565,throughput_acquisition_density
E,10.0,78.53981633974483,2.5,4.908738521234052,0.1,0.4,0.4 g/cm^3,33.68421052631579,3600.0,9.35672514619883,23.391812865497073,derived_from_throughput,0.29783381163395617,2.978338116339562,4.578947368421052,spot_diameter,2.5,1.3637653480081149,0.545506139203246,0.545506139203246,0.49087385212340523,0.1963495408493621,196.34954084936209,0.10710987996306555,107.10987996306555,2.6777469990766387,2677.7469990766385,0.8990742133628685,899.0742133628685,107.10987996306555,throughput_acquisition_density
E,10.0,78.53981633974483,2.5,4.908738521234052,0.1,0.4,0.4 g/cm^3,33.68421052631579,3600.0,9.35672514619883,23.391812865497073,derived_from_throughput,0.29783381163395617,2.978338116339562,4.789473684210526,spot_diameter,2.5,1.4264672030889478,0.5705868812355791,0.5705868812355791,0.49087385212340523,0.1963495408493621,196.34954084936209,0.11203447214527545,112.03447214527546,2.800861803631886,2800.8618036318862,0.9404109588048394,940.4109588048394,112.03447214527546,throughput_acquisition_density
E,10.0,78.53981633974483,2.5,4.908738521234052,0.1,0.4,0.4 g/cm^3,33.68421052631579,3600.0,9.35672514619883,23.391812865497073,derived_from_throughput,0.29783381163395617,2.978338116339562,5.0,spot_diameter,2.5,1.489169058169781,0.5956676232679123,0.5956676232679123,0.49087385212340523,0.1963495408493621,196.34954084936209,0.11695906432748539,116.9590643274854,2.923976608187134,2923.976608187134,0.9817477042468105,981.7477042468105,116.9590643274854,throughput_acquisition_density
E,10.0,78.53981633974483,2.5,4.908738521234052,0.1,0.4,0.4 g/cm^3,38.421052631578945,3600.0,10.67251461988304,26.6812865497076,derived_from_throughput,0.33971669139498123,3.397166913949812,1.0,spot_diameter,2.5,0.33971669139498123,0.1358866765579925,0.1358866765579925,0.49087385212340523,0.1963495408493621,196.34954084936209,0.026681286549707604,26.681286549707604,0.66703216374269,667.03216374269,0.1963495408493621,196.34954084936209,26.681286549707604,throughput_acquisition_density
E,10.0,78.53981633974483,2.5,4.908738521234052,0.1,0.4,0.4 g/cm^3,38.421052631578945,3600.0,10.67251461988304,26.6812865497076,derived_from_throughput,0.33971669139498123,3.397166913949812,1.2105263157894737,spot_diameter,2.5,0.4112359948465562,0.16449439793862247,0.16449439793862247,0.49087385212340523,0.1963495408493621,196.34954084936209,0.03229839950754078,32.29839950754078,0.8074599876885195,807.4599876885195,0.23768628629133307,237.68628629133306,32.29839950754078,throughput_acquisition_density
E,10.0,78.53981633974483,2.5,4.908738521234052,0.1,0.4,0.4 g/cm^3,38.421052631578945,3600.0,10.67251461988304,26.6812865497076,derived_from_throughput,0.33971669139498123,3.397166913949812,1.4210526315789473,spot_diameter,2.5,0.4827552982981312,0.19310211931925247,0.19310211931925247,0.49087385212340523,0.1963495408493621,196.34954084936209,0.03791551246537396,37.91551246537396,0.947887811634349,947.887811634349,0.279023031733304,279.023031733304,37.91551246537396,throughput_acquisition_density
E,10.0,78.53981633974483,2.5,4.908738521234052,0.1,0.4,0.4 g/cm^3,38.421052631578945,3600.0,10.67251461988304,26.6812865497076,derived_from_throughput,0.33971669139498123,3.397166913949812,1.631578947368421,spot_diameter,2.5,0.5542746017497062,0.22170984069988248,0.22170984069988248,0.49087385212340523,0.1963495408493621,196.34954084936209,0.043532625423207134,43.532625423207136,1.0883156355801784,1088.3156355801784,0.320359777175275,320.359777175275,43.532625423207136,throughput_acquisition_density
E,10.0,78.53981633974483,2.5,4.908738521234052,0.1,0.4,0.4 g/cm^3,38.421052631578945,3600.0,10.67251461988304,26.6812865497076,derived_from_throughput,0.33971669139498123,3.397166913949812,1.8421052631578947,spot_diameter,2.5,0.6257939052012812,0.2503175620805125,0.2503175620805125,0.49087385212340523,0.1963495408493621,196.34954084936209,0.049149738381040316,49.149738381040315,1.2287434595260078,1228.7434595260079,0.36169652261724594,361.69652261724593,49.149738381040315,throughput_acquisition_density
E,10.0,78.53981633974483,2.5,4.908738521234052,0.1,0.4,0.4 g/cm^3,38.421052631578945,3600.0,10.67251461988304,26.6812865497076,derived_from_throughput,0.33971669139498123,3.397166913949812,2.052631578947368,spot_diameter,2.5,0.6973132086528561,0.2789252834611424,0.2789252834611424,0.49087385212340523,0.1963495408493621,196.34954084936209,0.05476685133887349,54.766851338873494,1.3691712834718373,1369.1712834718373,0.4030332680592169,403.03326805921694,54.766851338873494,throughput_acquisition_density
E,10.0,78.53981633974483,2.5,4.908738521234052,0.1,0.4,0.4 g/cm^3,38.421052631578945,3600.0,10.67251461988304,26.6812865497076,derived_from_throughput,0.33971669139498123,3.397166913949812,2.263157894736842,spot_diameter,2.5,0.7688325121044312,0.3075330048417725,0.3075330048417725,0.49087385212340523,0.1963495408493621,196.34954084936209,0.06038396429670668,60.38396429670668,1.509599107417667,1509.5991074176668,0.4443700135011879,444.3700135011879,60.38396429670668,throughput_acquisition_density
E,10.0,78.53981633974483,2.5,4.908738521234052,0.1,0.4,0.4 g/cm^3,38.421052631578945,3600.0,10.67251461988304,26.6812865497076,derived_from_throughput,0.33971669139498123,3.397166913949812,2.473684210526316,spot_diameter,2.5,0.8403518155560062,0.3361407262224025,0.3361407262224025,0.49087385212340523,0.1963495408493621,196.34954084936209,0.06600107725453985,66.00107725453985,1.6500269313634965,1650.0269313634965,0.4857067589431589,485.7067589431589,66.00107725453985,throughput_acquisition_density
E,10.0,78.53981633974483,2.5,4.908738521234052,0.1,0.4,0.4 g/cm^3,38.421052631578945,3600.0,10.67251461988304,26.6812865497076,derived_from_throughput,0.33971669139498123,3.397166913949812,2.6842105263157894,spot_diameter,2.5,0.9118711190075811,0.36474844760303243,0.36474844760303243,0.49087385212340523,0.1963495408493621,196.34954084936209,0.07161819021237303,71.61819021237304,1.7904547553093257,1790.4547553093257,0.5270435043851298,527.0435043851298,71.61819021237304,throughput_acquisition_density
E,10.0,78.53981633974483,2.5,4.908738521234052,0.1,0.4,0.4 g/cm^3,38.421052631578945,3600.0,10.67251461988304,26.6812865497076,derived_from_throughput,0.33971669139498123,3.397166913949812,2.894736842105263,spot_diameter,2.5,0.9833904224591561,0.39335616898366244,0.39335616898366244,0.49087385212340523,0.1963495408493621,196.34954084936209,0.0772353031702062,77.23530317020621,1.9308825792551552,1930.8825792551552,0.5683802498271008,568.3802498271008,77.23530317020621,throughput_acquisition_density
E,10.0,78.53981633974483,2.5,4.908738521234052,0.1,0.4,0.4 g/cm^3,38.421052631578945,3600.0,10.67251461988304,26.6812865497076,derived_from_throughput,0.33971669139498123,3.397166913949812,3.1052631578947367,spot_diameter,2.5,1.0549097259107312,0.4219638903642925,0.4219638903642925,0.49087385212340523,0.1963495408493621,196.34954084936209,0.0828524161280394,82.8524161280394,2.0713104032009846,2071.3104032009846,0.6097169952690717,609.7169952690717,82.8524161280394,throughput_acquisition_density
E,10.0,78.53981633974483,2.5,4.908738521234052,0.1,0.4,0.4 g/cm^3,38.421052631578945,3600.0,10.67251461988304,26.6812865497076,derived_from_throughput,0.33971669139498123,3.397166913949812,3.3157894736842106,spot_diameter,2.5,1.1264290293623063,0.4505716117449225,0.4505716117449225,0.49087385212340523,0.1963495408493621,196.34954084936209,0.08846952908587258,88.46952908587258,2.2117382271468142,2211.738227146814,0.6510537407110427,651.0537407110427,88.46952908587258,throughput_acquisition_density
E,10.0,78.53981633974483,2.5,4.908738521234052,0.1,0.4,0.4 g/cm^3,38.421052631578945,3600.0,10.67251461988304,26.6812865497076,derived_from_throughput,0.33971669139498123,3.397166913949812,3.526315789473684,spot_diameter,2.5,1.1979483328138811,0.47917933312555244,0.47917933312555244,0.49087385212340523,0.1963495408493621,196.34954084936209,0.09408664204370575,94.08664204370575,2.352166051092644,2352.166051092644,0.6923904861530137,692.3904861530137,94.08664204370575,throughput_acquisition_density
E,10.0,78.53981633974483,2.5,4.908738521234052,0.1,0.4,0.4 g/cm^3,38.421052631578945,3600.0,10.67251461988304,26.6812865497076,derived_from_throughput,0.33971669139498123,3.397166913949812,3.7368421052631575,spot_diameter,2.5,1.269467636265456,0.5077870545061824,0.5077870545061824,0.49087385212340523,0.1963495408493621,196.34954084936209,0.09970375500153893,99.70375500153892,2.492593875038473,2492.593875038473,0.7337272315949847,733.7272315949847,99.70375500153892,throughput_acquisition_density
E,10.0,78.53981633974483,2.5,4.908738521234052,0.1,0.4,0.4 g/cm^3,38.421052631578945,3600.0,10.67251461988304,26.6812865497076,derived_from_throughput,0.33971669139498123,3.397166913949812,3.9473684210526314,spot_diameter,2.5,1.340986939717031,0.5363947758868124,0.5363947758868124,0.49087385212340523,0.1963495408493621,196.34954084936209,0.1053208679593721,105.3208679593721,2.6330216989843027,2633.021698984303,0.7750639770369556,775.0639770369556,105.3208679593721,throughput_acquisition_density
E,10.0,78.53981633974483,2.5,4.908738521234052,0.1,0.4,0.4 g/cm^3,38.421052631578945,3600.0,10.67251461988304,26.6812865497076,derived_from_throughput,0.33971669139498123,3.397166913949812,4.157894736842105,spot_diameter,2.5,1.4125062431686062,0.5650024972674424,0.5650024972674424,0.49087385212340523,0.1963495408493621,196.34954084936209,0.11093798091720529,110.9379809172053,2.7734495229301324,2773.4495229301324,0.8164007224789266,816.4007224789266,110.9379809172053,throughput_acquisition_density
E,10.0,78.53981633974483,2.5,4.908738521234052,0.1,0.4,0.4 g/cm^3,38.421052631578945,3600.0,10.67251461988304,26.6812865497076,derived_from_throughput,0.33971669139498123,3.397166913949812,4.368421052631579,spot_diameter,2.5,1.484025546620181,0.5936102186480724,0.5936102186480724,0.49087385212340523,0.1963495408493621,196.34954084936209,0.11655509387503846,116.55509387503845,2.9138773468759616,2913.8773468759614,0.8577374679208976,857.7374679208975,116.55509387503845,throughput_acquisition_density
E,10.0,78.53981633974483,2.5,4.908738521234052,0.1,0.4,0.4 g/cm^3,38.421052631578945,3600.0,10.67251461988304,26.6812865497076,derived_from_throughput,0.33971669139498123,3.397166913949812,4.578947368421052,spot_diameter,2.5,1.555544850071756,0.6222179400287023,0.6222179400287023,0.49087385212340523,0.1963495408493621,196.34954084936209,0.12217220683287162,122.17220683287162,3.0543051708217908,3054.305170821791,0.8990742133628685,899.0742133628685,122.17220683287162,throughput_acquisition_density
E,10.0,78.53981633974483,2.5,4.908738521234052,0.1,0.4,0.4 g/cm^3,38.421052631578945,3600.0,10.67251461988304,26.6812865497076,derived_from_throughput,0.33971669139498123,3.397166913949812,4.789473684210526,spot_diameter,2.5,1.627064153523331,0.6508256614093324,0.6508256614093324,0.49087385212340523,0.1963495408493621,196.34954084936209,0.12778931979070482,127.78931979070482,3.1947329947676204,3194.7329947676203,0.9404109588048394,940.4109588048394,127.78931979070482,throughput_acquisition_density
E,10.0,78.53981633974483,2.5,4.908738521234052,0.1,0.4,0.4 g/cm^3,38.421052631578945,3600.0,10.67251461988304,26.6812865497076,derived_from_throughput,0.33971669139498123,3.397166913949812,5.0,spot_diameter,2.5,1.698583456974906,0.6794333827899625,0.6794333827899625,0.49087385212340523,0.1963495408493621,196.34954084936209,0.133406432748538,133.406432748538,3.33516081871345,3335.16081871345,0.9817477042468105,981.7477042468105,133.406432748538,throughput_acquisition_density
E,10.0,78.53981633974483,2.5,4.908738521234052,0.1,0.4,0.4 g/cm^3,43.1578947368421,3600.0,11.98830409356725,29.97076023391812,derived_from_throughput,0.38159957115600623,3.8159957115600625,1.0,spot_diameter,2.5,0.38159957115600623,0.15263982846240248,0.15263982846240248,0.49087385212340523,0.1963495408493621,196.34954084936209,0.02997076023391812,29.97076023391812,0.749269005847953,749.2690058479529,0.1963495408493621,196.34954084936209,29.97076023391812,throughput_acquisition_density
E,10.0,78.53981633974483,2.5,4.908738521234052,0.1,0.4,0.4 g/cm^3,43.1578947368421,3600.0,11.98830409356725,29.97076023391812,derived_from_throughput,0.38159957115600623,3.8159957115600625,1.2105263157894737,spot_diameter,2.5,0.4619363229783233,0.18477452919132933,0.18477452919132933,0.49087385212340523,0.1963495408493621,196.34954084936209,0.03628039396737457,36.28039396737457,0.9070098491843641,907.0098491843642,0.23768628629133307,237.68628629133306,36.28039396737457,throughput_acquisition_density
E,10.0,78.53981633974483,2.5,4.908738521234052,0.1,0.4,0.4 g/cm^3,43.1578947368421,3600.0,11.98830409356725,29.97076023391812,derived_from_throughput,0.38159957115600623,3.8159957115600625,1.4210526315789473,spot_diameter,2.5,0.5422730748006405,0.21690922992025619,0.21690922992025619,0.49087385212340523,0.1963495408493621,196.34954084936209,0.042590027700831014,42.590027700831016,1.0647506925207753,1064.7506925207751,0.279023031733304,279.023031733304,42.590027700831016,throughput_acquisition_density
E,10.0,78.53981633974483,2.5,4.908738521234052,0.1,0.4,0.4 g/cm^3,43.1578947368421,3600.0,11.98830409356725,29.97076023391812,derived_from_throughput,0.38159957115600623,3.8159957115600625,1.631578947368421,spot_diameter,2.5,0.6226098266229575,0.249043930649183,0.249043930649183,0.49087385212340523,0.1963495408493621,196.34954084936209,0.04889966143428746,48.89966143428746,1.2224915358571864,1222.4915358571864,0.320359777175275,320.359777175275,48.89966143428746,throughput_acquisition_density
E,10.0,78.53981633974483,2.5,4.908738521234052,0.1,0.4,0.4 g/cm^3,43.1578947368421,3600.0,11.98830409356725,29.97076023391812,derived_from_throughput,0.38159957115600623,3.8159957115600625,1.8421052631578947,spot_diameter,2.5,0.7029465784452746,0.28117863137810983,0.28117863137810983,0.49087385212340523,0.1963495408493621,196.34954084936209,0.0552092951677439,55.2092951677439,1.3802323791935975,1380.2323791935976,0.36169652261724594,361.69652261724593,55.2092951677439,throughput_acquisition_density
E,10.0,78.53981633974483,2.5,4.908738521234052,0.1,0.4,0.4 g/cm^3,43.1578947368421,3600.0,11.98830409356725,29.97076023391812,derived_from_throughput,0.38159957115600623,3.8159957115600625,2.052631578947368,spot_diameter,2.5,0.7832833302675917,0.31331333210703666,0.31331333210703666,0.49087385212340523,0.1963495408493621,196.34954084936209,0.061518928901200344,61.51892890120035,1.5379732225300085,1537.9732225300083,0.4030332680592169,403.03326805921694,61.51892890120035,throughput_acquisition_density
E,10.0,78.53981633974483,2.5,4.908738521234052,0.1,0.4,0.4 g/cm^3,43.1578947368421,3600.0,11.98830409356725,29.97076023391812,derived_from_throughput,0.38159957115600623,3.8159957115600625,2.263157894736842,spot_diameter,2.5,0.8636200820899088,0.34544803283596354,0.34544803283596354,0.49087385212340523,0.1963495408493621,196.34954084936209,0.06782856263465681,67.8285626346568,1.6957140658664198,1695.7140658664198,0.4443700135011879,444.3700135011879,67.8285626346568,throughput_acquisition_density
E,10.0,78.53981633974483,2.5,4.908738521234052,0.1,0.4,0.4 g/cm^3,43.1578947368421,3600.0,11.98830409356725,29.97076023391812,derived_from_throughput,0.38159957115600623,3.8159957115600625,2.473684210526316,spot_diameter,2.5,0.943956833912226,0.37758273356489036,0.37758273356489036,0.49087385212340523,0.1963495408493621,196.34954084936209,0.07413819636811325,74.13819636811326,1.8534549092028312,1853.4549092028312,0.4857067589431589,485.7067589431589,74.13819636811326,throughput_acquisition_density
E,10.0,78.53981633974483,2.5,4.908738521234052,0.1,0.4,0.4 g/cm^3,43.1578947368421,3600.0,11.98830409356725,29.97076023391812,derived_from_throughput,0.38159957115600623,3.8159957115600625,2.6842105263157894,spot_diameter,2.5,1.024293585734543,0.4097174342938172,0.4097174342938172,0.49087385212340523,0.1963495408493621,196.34954084936209,0.0804478301015697,80.44783010156969,2.0111957525392423,2011.1957525392422,0.5270435043851298,527.0435043851298,80.44783010156969,throughput_acquisition_density
E,10.0,78.53981633974483,2.5,4.908738521234052,0.1,0.4,0.4 g/cm^3,43.1578947368421,3600.0,11.98830409356725,29.97076023391812,derived_from_throughput,0.38159957115600623,3.8159957115600625,2.894736842105263,spot_diameter,2.5,1.10463033755686,0.441852135022744,0.441852135022744,0.49087385212340523,0.1963495408493621,196.34954084936209,0.08675746383502614,86.75746383502614,2.1689365958756532,2168.9365958756534,0.5683802498271008,568.3802498271008,86.75746383502614,throughput_acquisition_density
E,10.0,78.53981633974483,2.5,4.908738521234052,0.1,0.4,0.4 g/cm^3,43.1578947368421,3600.0,11.98830409356725,29.97076023391812,derived_from_throughput,0.38159957115600623,3.8159957115600625,3.1052631578947367,spot_diameter,2.5,1.1849670893791773,0.4739868357516709,0.4739868357516709,0.49087385212340523,0.1963495408493621,196.34954084936209,0.09306709756848258,93.06709756848258,2.3266774392120646,2326.6774392120647,0.6097169952690717,609.7169952690717,93.06709756848258,throughput_acquisition_density
E,10.0,78.53981633974483,2.5,4.908738521234052,0.1,0.4,0.4 g/cm^3,43.1578947368421,3600.0,11.98830409356725,29.97076023391812,derived_from_throughput,0.38159957115600623,3.8159957115600625,3.3157894736842106,spot_diameter,2.5,1.2653038412014943,0.5061215364805978,0.5061215364805978,0.49087385212340523,0.1963495408493621,196.34954084936209,0.09937673130193904,99.37673130193905,2.4844182825484755,2484.4182825484754,0.6510537407110427,651.0537407110427,99.37673130193905,throughput_acquisition_density
E,10.0,78.53981633974483,2.5,4.908738521234052,0.1,0.4,0.4 g/cm^3,43.1578947368421,3600.0,11.98830409356725,29.97076023391812,derived_from_throughput,0.38159957115600623,3.8159957115600625,3.526315789473684,spot_diameter,2.5,1.3456405930238113,0.5382562372095245,0.5382562372095245,0.49087385212340523,0.1963495408493621,196.34954084936209,0.10568636503539547,105.68636503539547,2.642159125884887,2642.159125884887,0.6923904861530137,692.3904861530137,105.68636503539547,throughput_acquisition_density
E,10.0,78.53981633974483,2.5,4.908738521234052,0.1,0.4,0.4 g/cm^3,43.1578947368421,3600.0,11.98830409356725,29.97076023391812,derived_from_throughput,0.38159957115600623,3.8159957115600625,3.7368421052631575,spot_diameter,2.5,1.4259773448461284,0.5703909379384513,0.5703909379384513,0.49087385212340523,0.1963495408493621,196.34954084936209,0.11199599876885191,111.9959987688519,2.799899969221298,2799.899969221298,0.7337272315949847,733.7272315949847,111.9959987688519,throughput_acquisition_density
E,10.0,78.53981633974483,2.5,4.908738521234052,0.1,0.4,0.4 g/cm^3,43.1578947368421,3600.0,11.98830409356725,29.97076023391812,derived_from_throughput,0.38159957115600623,3.8159957115600625,3.9473684210526314,spot_diameter,2.5,1.5063140966684456,0.6025256386673783,0.6025256386673783,0.49087385212340523,0.1963495408493621,196.34954084936209,0.11830563250230838,118.30563250230838,2.957640812557709,2957.640812557709,0.7750639770369556,775.0639770369556,118.30563250230838,throughput_acquisition_density
E,10.0,78.53981633974483,2.5,4.908738521234052,0.1,0.4,0.4 g/cm^3,43.1578947368421,3600.0,11.98830409356725,29.97076023391812,derived_from_throughput,0.38159957115600623,3.8159957115600625,4.157894736842105,spot_diameter,2.5,1.5866508484907629,0.6346603393963052,0.6346603393963052,0.49087385212340523,0.1963495408493621,196.34954084936209,0.12461526623576484,124.61526623576484,3.11538165589412,3115.3816558941203,0.8164007224789266,816.4007224789266,124.61526623576484,throughput_acquisition_density
E,10.0,78.53981633974483,2.5,4.908738521234052,0.1,0.4,0.4 g/cm^3,43.1578947368421,3600.0,11.98830409356725,29.97076023391812,derived_from_throughput,0.38159957115600623,3.8159957115600625,4.368421052631579,spot_diameter,2.5,1.6669876003130797,0.6667950401252318,0.6667950401252318,0.49087385212340523,0.1963495408493621,196.34954084936209,0.13092489996922124,130.92489996922123,3.2731224992305314,3273.1224992305315,0.8577374679208976,857.7374679208975,130.92489996922123,throughput_acquisition_density
E,10.0,78.53981633974483,2.5,4.908738521234052,0.1,0.4,0.4 g/cm^3,43.1578947368421,3600.0,11.98830409356725,29.97076023391812,derived_from_throughput,0.38159957115600623,3.8159957115600625,4.578947368421052,spot_diameter,2.5,1.7473243521353967,0.6989297408541587,0.6989297408541587,0.49087385212340523,0.1963495408493621,196.34954084936209,0.1372345337026777,137.2345337026777,3.4308633425669424,3430.8633425669423,0.8990742133628685,899.0742133628685,137.2345337026777,throughput_acquisition_density
E,10.0,78.53981633974483,2.5,4.908738521234052,0.1,0.4,0.4 g/cm^3,43.1578947368421,3600.0,11.98830409356725,29.97076023391812,derived_from_throughput,0.38159957115600623,3.8159957115600625,4.789473684210526,spot_diameter,2.5,1.8276611039577138,0.7310644415830855,0.7310644415830855,0.49087385212340523,0.1963495408493621,196.34954084936209,0.14354416743613413,143.54416743613413,3.5886041859033533,3588.6041859033535,0.9404109588048394,940.4109588048394,143.54416743613413,throughput_acquisition_density
E,10.0,78.53981633974483,2.5,4.908738521234052,0.1,0.4,0.4 g/cm^3,43.1578947368421,3600.0,11.98830409356725,29.97076023391812,derived_from_throughput,0.38159957115600623,3.8159957115600625,5.0,spot_diameter,2.5,1.9079978557800312,0.7631991423120125,0.7631991423120125,0.49087385212340523,0.1963495408493621,196.34954084936209,0.1498538011695906,149.8538011695906,3.746345029239765,3746.345029239765,0.9817477042468105,981.7477042468105,149.8538011695906,throughput_acquisition_density
E,10.0,78.53981633974483,2.5,4.908738521234052,0.1,0.4,0.4 g/cm^3,47.89473684210526,3600.0,13.304093567251462,33.260233918128655,derived_from_throughput,0.42348245091703146,4.2348245091703145,1.0,spot_diameter,2.5,0.42348245091703146,0.16939298036681258,0.16939298036681258,0.49087385212340523,0.1963495408493621,196.34954084936209,0.03326023391812866,33.260233918128655,0.8315058479532165,831.5058479532165,0.1963495408493621,196.34954084936209,33.260233918128655,throughput_acquisition_density
E,10.0,78.53981633974483,2.5,4.908738521234052,0.1,0.4,0.4 g/cm^3,47.89473684210526,3600.0,13.304093567251462,33.260233918128655,derived_from_throughput,0.42348245091703146,4.2348245091703145,1.2105263157894737,spot_diameter,2.5,0.5126366511100907,0.20505466044403628,0.20505466044403628,0.49087385212340523,0.1963495408493621,196.34954084936209,0.040262388427208376,40.26238842720838,1.0065597106802093,1006.5597106802094,0.23768628629133307,237.68628629133306,40.26238842720838,throughput_acquisition_density
E,10.0,78.53981633974483,2.5,4.908738521234052,0.1,0.4,0.4 g/cm^3,47.89473684210526,3600.0,13.304093567251462,33.260233918128655,derived_from_throughput,0.42348245091703146,4.2348245091703145,1.4210526315789473,spot_diameter,2.5,0.6017908513031499,0.24071634052125995,0.24071634052125995,0.49087385212340523,0.1963495408493621,196.34954084936209,0.04726454293628809,47.26454293628809,1.1816135734072024,1181.6135734072025,0.279023031733304,279.023031733304,47.26454293628809,throughput_acquisition_density
E,10.0,78.53981633974483,2.5,4.908738521234052,0.1,0.4,0.4 g/cm^3,47.89473684210526,3600.0,13.304093567251462,33.260233918128655,derived_from_throughput,0.42348245091703146,4.2348245091703145,1.631578947368421,spot_diameter,2.5,0.6909450514962092,0.2763780205984837,0.2763780205984837,0.49087385212340523,0.1963495408493621,196.34954084936209,0.054266697445367815,54.26669744536782,1.3566674361341953,1356.6674361341952,0.320359777175275,320.359777175275,54.26669744536782,throughput_acquisition_density
E,10.0,78.53981633974483,2.5,4.908738521234052,0.1,0.4,0.4 g/cm^3,47.89473684210526,3600.0,13.304093567251462,33.260233918128655,derived_from_throughput,0.42348245091703146,4.2348245091703145,1.8421052631578947,spot_diameter,2.5,0.7800992516892684,0.31203970067570735,0.31203970067570735,0.49087385212340523,0.1963495408493621,196.34954084936209,0.06126885195444752,61.26885195444752,1.5317212988611881,1531.7212988611882,0.36169652261724594,361.69652261724593,61.26885195444752,throughput_acquisition_density
E,10.0,78.53981633974483,2.5,4.908738521234052,0.1,0.4,0.4 g/cm^3,47.89473684210526,3600.0,13.304093567251462,33.260233918128655,derived_from_throughput,0.42348245091703146,4.2348245091703145,2.052631578947368,spot_diameter,2.5,0.8692534518823276,0.34770138075293106,0.34770138075293106,0.49087385212340523,0.1963495408493621,196.34954084936209,0.06827100646352724,68.27100646352724,1.706775161588181,1706.775161588181,0.4030332680592169,403.03326805921694,68.27100646352724,throughput_acquisition_density
E,10.0,78.53981633974483,2.5,4.908738521234052,0.1,0.4,0.4 g/cm^3,47.89473684210526,3600.0,13.304093567251462,33.260233918128655,derived_from_throughput,0.42348245091703146,4.2348245091703145,2.263157894736842,spot_diameter,2.5,0.9584076520753869,0.38336306083015476,0.38336306083015476,0.49087385212340523,0.1963495408493621,196.34954084936209,0.07527316097260696,75.27316097260696,1.881829024315174,1881.8290243151741,0.4443700135011879,444.3700135011879,75.27316097260696,throughput_acquisition_density
E,10.0,78.53981633974483,2.5,4.908738521234052,0.1,0.4,0.4 g/cm^3,47.89473684210526,3600.0,13.304093567251462,33.260233918128655,derived_from_throughput,0.42348245091703146,4.2348245091703145,2.473684210526316,spot_diameter,2.5,1.0475618522684462,0.4190247409073785,0.4190247409073785,0.49087385212340523,0.1963495408493621,196.34954084936209,0.08227531548168669,82.27531548168669,2.056882887042167,2056.882887042167,0.4857067589431589,485.7067589431589,82.27531548168669,throughput_acquisition_density
E,10.0,78.53981633974483,2.5,4.908738521234052,0.1,0.4,0.4 g/cm^3,47.89473684210526,3600.0,13.304093567251462,33.260233918128655,derived_from_throughput,0.42348245091703146,4.2348245091703145,2.6842105263157894,spot_diameter,2.5,1.1367160524615054,0.45468642098460216,0.45468642098460216,0.49087385212340523,0.1963495408493621,196.34954084936209,0.0892774699907664,89.27746999076639,2.23193674976916,2231.9367497691596,0.5270435043851298,527.0435043851298,89.27746999076639,throughput_acquisition_density
E,10.0,78.53981633974483,2.5,4.908738521234052,0.1,0.4,0.4 g/cm^3,47.89473684210526,3600.0,13.304093567251462,33.260233918128655,derived_from_throughput,0.42348245091703146,4.2348245091703145,2.894736842105263,spot_diameter,2.5,1.2258702526545646,0.49034810106182586,0.49034810106182586,0.49087385212340523,0.1963495408493621,196.34954084936209,0.09627962449984612,96.27962449984612,2.406990612496153,2406.990612496153,0.5683802498271008,568.3802498271008,96.27962449984612,throughput_acquisition_density
E,10.0,78.53981633974483,2.5,4.908738521234052,0.1,0.4,0.4 g/cm^3,47.89473684210526,3600.0,13.304093567251462,33.260233918128655,derived_from_throughput,0.42348245091703146,4.2348245091703145,3.1052631578947367,spot_diameter,2.5,1.315024452847624,0.5260097811390496,0.5260097811390496,0.49087385212340523,0.1963495408493621,196.34954084936209,0.10328177900892584,103.28177900892584,2.582044475223146,2582.044475223146,0.6097169952690717,609.7169952690717,103.28177900892584,throughput_acquisition_density
E,10.0,78.53981633974483,2.5,4.908738521234052,0.1,0.4,0.4 g/cm^3,47.89473684210526,3600.0,13.304093567251462,33.260233918128655,derived_from_throughput,0.42348245091703146,4.2348245091703145,3.3157894736842106,spot_diameter,2.5,1.4041786530406832,0.5616714612162733,0.5616714612162733,0.49087385212340523,0.1963495408493621,196.34954084936209,0.11028393351800556,110.28393351800555,2.757098337950139,2757.098337950139,0.6510537407110427,651.0537407110427,110.28393351800555,throughput_acquisition_density
E,10.0,78.53981633974483,2.5,4.908738521234052,0.1,0.4,0.4 g/cm^3,47.89473684210526,3600.0,13.304093567251462,33.260233918128655,derived_from_throughput,0.42348245091703146,4.2348245091703145,3.526315789473684,spot_diameter,2.5,1.4933328532337424,0.597333141293497,0.597333141293497,0.49087385212340523,0.1963495408493621,196.34954084936209,0.11728608802708528,117.28608802708527,2.9321522006771317,2932.1522006771315,0.6923904861530137,692.3904861530137,117.28608802708527,throughput_acquisition_density
E,10.0,78.53981633974483,2.5,4.908738521234052,0.1,0.4,0.4 g/cm^3,47.89473684210526,3600.0,13.304093567251462,33.260233918128655,derived_from_throughput,0.42348245091703146,4.2348245091703145,3.7368421052631575,spot_diameter,2.5,1.5824870534268016,0.6329948213707206,0.6329948213707206,0.49087385212340523,0.1963495408493621,196.34954084936209,0.12428824253616497,124.28824253616497,3.1072060634041243,3107.2060634041245,0.7337272315949847,733.7272315949847,124.28824253616497,throughput_acquisition_density
E,10.0,78.53981633974483,2.5,4.908738521234052,0.1,0.4,0.4 g/cm^3,47.89473684210526,3600.0,13.304093567251462,33.260233918128655,derived_from_throughput,0.42348245091703146,4.2348245091703145,3.9473684210526314,spot_diameter,2.5,1.671641253619861,0.6686565014479444,0.6686565014479444,0.49087385212340523,0.1963495408493621,196.34954084936209,0.1312903970452447,131.2903970452447,3.2822599261311174,3282.2599261311175,0.7750639770369556,775.0639770369556,131.2903970452447,throughput_acquisition_density
E,10.0,78.53981633974483,2.5,4.908738521234052,0.1,0.4,0.4 g/cm^3,47.89473684210526,3600.0,13.304093567251462,33.260233918128655,derived_from_throughput,0.42348245091703146,4.2348245091703145,4.157894736842105,spot_diameter,2.5,1.7607954538129202,0.7043181815251681,0.7043181815251681,0.49087385212340523,0.1963495408493621,196.34954084936209,0.13829255155432443,138.29255155432443,3.4573137888581105,3457.3137888581105,0.8164007224789266,816.4007224789266,138.29255155432443,throughput_acquisition_density
E,10.0,78.53981633974483,2.5,4.908738521234052,0.1,0.4,0.4 g/cm^3,47.89473684210526,3600.0,13.304093567251462,33.260233918128655,derived_from_throughput,0.42348245091703146,4.2348245091703145,4.368421052631579,spot_diameter,2.5,1.8499496540059794,0.7399798616023918,0.7399798616023918,0.49087385212340523,0.1963495408493621,196.34954084936209,0.14529470606340414,145.29470606340413,3.6323676515851036,3632.3676515851034,0.8577374679208976,857.7374679208975,145.29470606340413,throughput_acquisition_density
E,10.0,78.53981633974483,2.5,4.908738521234052,0.1,0.4,0.4 g/cm^3,47.89473684210526,3600.0,13.304093567251462,33.260233918128655,derived_from_throughput,0.42348245091703146,4.2348245091703145,4.578947368421052,spot_diameter,2.5,1.9391038541990386,0.7756415416796154,0.7756415416796154,0.49087385212340523,0.1963495408493621,196.34954084936209,0.15229686057248384,152.29686057248384,3.807421514312096,3807.4215143120964,0.8990742133628685,899.0742133628685,152.29686057248384,throughput_acquisition_density
E,10.0,78.53981633974483,2.5,4.908738521234052,0.1,0.4,0.4 g/cm^3,47.89473684210526,3600.0,13.304093567251462,33.260233918128655,derived_from_throughput,0.42348245091703146,4.2348245091703145,4.789473684210526,spot_diameter,2.5,2.0282580543920976,0.811303221756839,0.811303221756839,0.49087385212340523,0.1963495408493621,196.34954084936209,0.15929901508156352,159.2990150815635,3.982475377039089,3982.475377039089,0.9404109588048394,940.4109588048394,159.2990150815635,throughput_acquisition_density
E,10.0,78.53981633974483,2.5,4.908738521234052,0.1,0.4,0.4 g/cm^3,47.89473684210526,3600.0,13.304093567251462,33.260233918128655,derived_from_throughput,0.42348245091703146,4.2348245091703145,5.0,spot_diameter,2.5,2.1174122545851572,0.8469649018340629,0.8469649018340629,0.49087385212340523,0.1963495408493621,196.34954084936209,0.16630116959064328,166.30116959064327,4.157529239766083,4157.529239766082,0.9817477042468105,981.7477042468105,166.30116959064327,throughput_acquisition_density
E,10.0,78.53981633974483,2.5,4.908738521234052,0.1,0.4,0.4 g/cm^3,52.63157894736842,3600.0,14.619883040935672,36.549707602339176,derived_from_throughput,0.46536533067805647,4.653653306780565,1.0,spot_diameter,2.5,0.46536533067805647,0.1861461322712226,0.1861461322712226,0.49087385212340523,0.1963495408493621,196.34954084936209,0.03654970760233918,36.54970760233918,0.9137426900584794,913.7426900584794,0.1963495408493621,196.34954084936209,36.54970760233918,throughput_acquisition_density
E,10.0,78.53981633974483,2.5,4.908738521234052,0.1,0.4,0.4 g/cm^3,52.63157894736842,3600.0,14.619883040935672,36.549707602339176,derived_from_throughput,0.46536533067805647,4.653653306780565,1.2105263157894737,spot_diameter,2.5,0.5633369792418578,0.22533479169674311,0.22533479169674311,0.49087385212340523,0.1963495408493621,196.34954084936209,0.04424438288704216,44.244382887042164,1.106109572176054,1106.1095721760541,0.23768628629133307,237.68628629133306,44.244382887042164,throughput_acquisition_density
E,10.0,78.53981633974483,2.5,4.908738521234052,0.1,0.4,0.4 g/cm^3,52.63157894736842,3600.0,14.619883040935672,36.549707602339176,derived_from_throughput,0.46536533067805647,4.653653306780565,1.4210526315789473,spot_diameter,2.5,0.6613086278056591,0.26452345112226366,0.26452345112226366,0.49087385212340523,0.1963495408493621,196.34954084936209,0.05193905817174515,51.93905817174515,1.2984764542936287,1298.4764542936286,0.279023031733304,279.023031733304,51.93905817174515,throughput_acquisition_density
E,10.0,78.53981633974483,2.5,4.908738521234052,0.1,0.4,0.4 g/cm^3,52.63157894736842,3600.0,14.619883040935672,36.549707602339176,derived_from_throughput,0.46536533067805647,4.653653306780565,1.631578947368421,spot_diameter,2.5,0.7592802763694605,0.3037121105477842,0.3037121105477842,0.49087385212340523,0.1963495408493621,196.34954084936209,0.05963373345644813,59.633733456448134,1.4908433364112033,1490.8433364112032,0.320359777175275,320.359777175275,59.633733456448134,throughput_acquisition_density
E,10.0,78.53981633974483,2.5,4.908738521234052,0.1,0.4,0.4 g/cm^3,52.63157894736842,3600.0,14.619883040935672,36.549707602339176,derived_from_throughput,0.46536533067805647,4.653653306780565,1.8421052631578947,spot_diameter,2.5,0.8572519249332619,0.34290076997330476,0.34290076997330476,0.49087385212340523,0.1963495408493621,196.34954084936209,0.06732840874115112,67.32840874115112,1.6832102185287778,1683.210218528778,0.36169652261724594,361.69652261724593,67.32840874115112,throughput_acquisition_density
E,10.0,78.53981633974483,2.5,4.908738521234052,0.1,0.4,0.4 g/cm^3,52.63157894736842,3600.0,14.619883040935672,36.549707602339176,derived_from_throughput,0.46536533067805647,4.653653306780565,2.052631578947368,spot_diameter,2.5,0.9552235734970631,0.38208942939882523,0.38208942939882523,0.49087385212340523,0.1963495408493621,196.34954084936209,0.07502308402585409,75.02308402585409,1.8755771006463522,1875.5771006463522,0.4030332680592169,403.03326805921694,75.02308402585409,throughput_acquisition_density
E,10.0,78.53981633974483,2.5,4.908738521234052,0.1,0.4,0.4 g/cm^3,52.63157894736842,3600.0,14.619883040935672,36.549707602339176,derived_from_throughput,0.46536533067805647,4.653653306780565,2.263157894736842,spot_diameter,2.5,1.0531952220608647,0.42127808882434586,0.42127808882434586,0.49087385212340523,0.1963495408493621,196.34954084936209,0.0827177593105571,82.7177593105571,2.067943982763927,2067.943982763927,0.4443700135011879,444.3700135011879,82.7177593105571,throughput_acquisition_density
E,10.0,78.53981633974483,2.5,4.908738521234052,0.1,0.4,0.4 g/cm^3,52.63157894736842,3600.0,14.619883040935672,36.549707602339176,derived_from_throughput,0.46536533067805647,4.653653306780565,2.473684210526316,spot_diameter,2.5,1.151166870624666,0.46046674824986644,0.46046674824986644,0.49087385212340523,0.1963495408493621,196.34954084936209,0.09041243459526008,90.41243459526008,2.260310864881502,2260.310864881502,0.4857067589431589,485.7067589431589,90.41243459526008,throughput_acquisition_density
E,10.0,78.53981633974483,2.5,4.908738521234052,0.1,0.4,0.4 g/cm^3,52.63157894736842,3600.0,14.619883040935672,36.549707602339176,derived_from_throughput,0.46536533067805647,4.653653306780565,2.6842105263157894,spot_diameter,2.5,1.2491385191884674,0.49965540767538696,0.49965540767538696,0.49087385212340523,0.1963495408493621,196.34954084936209,0.09810710987996306,98.10710987996306,2.4526777469990764,2452.6777469990766,0.5270435043851298,527.0435043851298,98.10710987996306,throughput_acquisition_density
E,10.0,78.53981633974483,2.5,4.908738521234052,0.1,0.4,0.4 g/cm^3,52.63157894736842,3600.0,14.619883040935672,36.549707602339176,derived_from_throughput,0.46536533067805647,4.653653306780565,2.894736842105263,spot_diameter,2.5,1.3471101677522686,0.5388440671009074,0.5388440671009074,0.49087385212340523,0.1963495408493621,196.34954084936209,0.10580178516466603,105.80178516466603,2.6450446291166507,2645.044629116651,0.5683802498271008,568.3802498271008,105.80178516466603,throughput_acquisition_density
E,10.0,78.53981633974483,2.5,4.908738521234052,0.1,0.4,0.4 g/cm^3,52.63157894736842,3600.0,14.619883040935672,36.549707602339176,derived_from_throughput,0.46536533067805647,4.653653306780565,3.1052631578947367,spot_diameter,2.5,1.4450818163160701,0.578032726526428,0.578032726526428,0.49087385212340523,0.1963495408493621,196.34954084936209,0.11349646044936902,113.49646044936902,2.8374115112342255,2837.4115112342256,0.6097169952690717,609.7169952690717,113.49646044936902,throughput_acquisition_density
E,10.0,78.53981633974483,2.5,4.908738521234052,0.1,0.4,0.4 g/cm^3,52.63157894736842,3600.0,14.619883040935672,36.549707602339176,derived_from_throughput,0.46536533067805647,4.653653306780565,3.3157894736842106,spot_diameter,2.5,1.5430534648798715,0.6172213859519486,0.6172213859519486,0.49087385212340523,0.1963495408493621,196.34954084936209,0.12119113573407203,121.19113573407203,3.0297783933518003,3029.7783933518003,0.6510537407110427,651.0537407110427,121.19113573407203,throughput_acquisition_density
E,10.0,78.53981633974483,2.5,4.908738521234052,0.1,0.4,0.4 g/cm^3,52.63157894736842,3600.0,14.619883040935672,36.549707602339176,derived_from_throughput,0.46536533067805647,4.653653306780565,3.526315789473684,spot_diameter,2.5,1.6410251134436726,0.656410045377469,0.656410045377469,0.49087385212340523,0.1963495408493621,196.34954084936209,0.128885811018775,128.885811018775,3.2221452754693747,3222.1452754693746,0.6923904861530137,692.3904861530137,128.885811018775,throughput_acquisition_density
E,10.0,78.53981633974483,2.5,4.908738521234052,0.1,0.4,0.4 g/cm^3,52.63157894736842,3600.0,14.619883040935672,36.549707602339176,derived_from_throughput,0.46536533067805647,4.653653306780565,3.7368421052631575,spot_diameter,2.5,1.738996762007474,0.6955987048029896,0.6955987048029896,0.49087385212340523,0.1963495408493621,196.34954084936209,0.13658048630347797,136.58048630347795,3.414512157586949,3414.512157586949,0.7337272315949847,733.7272315949847,136.58048630347795,throughput_acquisition_density
E,10.0,78.53981633974483,2.5,4.908738521234052,0.1,0.4,0.4 g/cm^3,52.63157894736842,3600.0,14.619883040935672,36.549707602339176,derived_from_throughput,0.46536533067805647,4.653653306780565,3.9473684210526314,spot_diameter,2.5,1.8369684105712754,0.7347873642285101,0.7347873642285101,0.49087385212340523,0.1963495408493621,196.34954084936209,0.14427516158818096,144.27516158818096,3.606879039704524,3606.8790397045236,0.7750639770369556,775.0639770369556,144.27516158818096,throughput_acquisition_density
E,10.0,78.53981633974483,2.5,4.908738521234052,0.1,0.4,0.4 g/cm^3,52.63157894736842,3600.0,14.619883040935672,36.549707602339176,derived_from_throughput,0.46536533067805647,4.653653306780565,4.157894736842105,spot_diameter,2.5,1.934940059135077,0.7739760236540307,0.7739760236540307,0.49087385212340523,0.1963495408493621,196.34954084936209,0.15196983687288396,151.96983687288395,3.7992459218220986,3799.245921822099,0.8164007224789266,816.4007224789266,151.96983687288395,throughput_acquisition_density
E,10.0,78.53981633974483,2.5,4.908738521234052,0.1,0.4,0.4 g/cm^3,52.63157894736842,3600.0,14.619883040935672,36.549707602339176,derived_from_throughput,0.46536533067805647,4.653653306780565,4.368421052631579,spot_diameter,2.5,2.032911707698878,0.8131646830795513,0.8131646830795513,0.49087385212340523,0.1963495408493621,196.34954084936209,0.15966451215758692,159.66451215758693,3.991612803939673,3991.612803939673,0.8577374679208976,857.7374679208975,159.66451215758693,throughput_acquisition_density
E,10.0,78.53981633974483,2.5,4.908738521234052,0.1,0.4,0.4 g/cm^3,52.63157894736842,3600.0,14.619883040935672,36.549707602339176,derived_from_throughput,0.46536533067805647,4.653653306780565,4.578947368421052,spot_diameter,2.5,2.130883356262679,0.8523533425050717,0.8523533425050717,0.49087385212340523,0.1963495408493621,196.34954084936209,0.1673591874422899,167.35918744228988,4.183979686057247,4183.979686057247,0.8990742133628685,899.0742133628685,167.35918744228988,throughput_acquisition_density
E,10.0,78.53981633974483,2.5,4.908738521234052,0.1,0.4,0.4 g/cm^3,52.63157894736842,3600.0,14.619883040935672,36.549707602339176,derived_from_throughput,0.46536533067805647,4.653653306780565,4.789473684210526,spot_diameter,2.5,2.228855004826481,0.8915420019305923,0.8915420019305923,0.49087385212340523,0.1963495408493621,196.34954084936209,0.1750538627269929,175.0538627269929,4.376346568174822,4376.346568174822,0.9404109588048394,940.4109588048394,175.0538627269929,throughput_acquisition_density
E,10.0,78.53981633974483,2.5,4.908738521234052,0.1,0.4,0.4 g/cm^3,52.63157894736842,3600.0,14.619883040935672,36.549707602339176,derived_from_throughput,0.46536533067805647,4.653653306780565,5.0,spot_diameter,2.5,2.3268266533902824,0.9307306613561129,0.9307306613561129,0.49087385212340523,0.1963495408493621,196.34954084936209,0.1827485380116959,182.7485380116959,4.568713450292397,4568.713450292397,0.9817477042468105,981.7477042468105,182.7485380116959,throughput_acquisition_density
E,10.0,78.53981633974483,2.5,4.908738521234052,0.1,0.4,0.4 g/cm^3,57.368421052631575,3600.0,15.935672514619881,39.8391812865497,derived_from_throughput,0.5072482104390815,5.072482104390815,1.0,spot_diameter,2.5,0.5072482104390815,0.2028992841756326,0.2028992841756326,0.49087385212340523,0.1963495408493621,196.34954084936209,0.0398391812865497,39.8391812865497,0.9959795321637426,995.9795321637425,0.1963495408493621,196.34954084936209,39.8391812865497,throughput_acquisition_density
E,10.0,78.53981633974483,2.5,4.908738521234052,0.1,0.4,0.4 g/cm^3,57.368421052631575,3600.0,15.935672514619881,39.8391812865497,derived_from_throughput,0.5072482104390815,5.072482104390815,1.2105263157894737,spot_diameter,2.5,0.614037307373625,0.24561492294945003,0.24561492294945003,0.49087385212340523,0.1963495408493621,196.34954084936209,0.048226377346875966,48.226377346875964,1.2056594336718989,1205.6594336718988,0.23768628629133307,237.68628629133306,48.226377346875964,throughput_acquisition_density
E,10.0,78.53981633974483,2.5,4.908738521234052,0.1,0.4,0.4 g/cm^3,57.368421052631575,3600.0,15.935672514619881,39.8391812865497,derived_from_throughput,0.5072482104390815,5.072482104390815,1.4210526315789473,spot_diameter,2.5,0.7208264043081685,0.2883305617232674,0.2883305617232674,0.49087385212340523,0.1963495408493621,196.34954084936209,0.05661357340720221,56.61357340720221,1.4153393351800552,1415.339335180055,0.279023031733304,279.023031733304,56.61357340720221,throughput_acquisition_density
E,10.0,78.53981633974483,2.5,4.908738521234052,0.1,0.4,0.4 g/cm^3,57.368421052631575,3600.0,15.935672514619881,39.8391812865497,derived_from_throughput,0.5072482104390815,5.072482104390815,1.631578947368421,spot_diameter,2.5,0.827615501242712,0.3310462004970848,0.3310462004970848,0.49087385212340523,0.1963495408493621,196.34954084936209,0.06500076946752846,65.00076946752846,1.6250192366882115,1625.0192366882115,0.320359777175275,320.359777175275,65.00076946752846,throughput_acquisition_density
E,10.0,78.53981633974483,2.5,4.908738521234052,0.1,0.4,0.4 g/cm^3,57.368421052631575,3600.0,15.935672514619881,39.8391812865497,derived_from_throughput,0.5072482104390815,5.072482104390815,1.8421052631578947,spot_diameter,2.5,0.9344045981772554,0.3737618392709022,0.3737618392709022,0.49087385212340523,0.1963495408493621,196.34954084936209,0.07338796552785472,73.38796552785472,1.8346991381963678,1834.6991381963678,0.36169652261724594,361.69652261724593,73.38796552785472,throughput_acquisition_density
E,10.0,78.53981633974483,2.5,4.908738521234052,0.1,0.4,0.4 g/cm^3,57.368421052631575,3600.0,15.935672514619881,39.8391812865497,derived_from_throughput,0.5072482104390815,5.072482104390815,2.052631578947368,spot_diameter,2.5,1.0411936951117988,0.4164774780447195,0.4164774780447195,0.49087385212340523,0.1963495408493621,196.34954084936209,0.08177516158818096,81.77516158818096,2.044379039704524,2044.3790397045238,0.4030332680592169,403.03326805921694,81.77516158818096,throughput_acquisition_density
E,10.0,78.53981633974483,2.5,4.908738521234052,0.1,0.4,0.4 g/cm^3,57.368421052631575,3600.0,15.935672514619881,39.8391812865497,derived_from_throughput,0.5072482104390815,5.072482104390815,2.263157894736842,spot_diameter,2.5,1.1479827920463423,0.4591931168185369,0.4591931168185369,0.49087385212340523,0.1963495408493621,196.34954084936209,0.09016235764850722,90.16235764850722,2.2540589412126804,2254.0589412126806,0.4443700135011879,444.3700135011879,90.16235764850722,throughput_acquisition_density
E,10.0,78.53981633974483,2.5,4.908738521234052,0.1,0.4,0.4 g/cm^3,57.368421052631575,3600.0,15.935672514619881,39.8391812865497,derived_from_throughput,0.5072482104390815,5.072482104390815,2.473684210526316,spot_diameter,2.5,1.2547718889808859,0.5019087555923544,0.5019087555923544,0.49087385212340523,0.1963495408493621,196.34954084936209,0.09854955370883348,98.54955370883347,2.463738842720837,2463.738842720837,0.4857067589431589,485.7067589431589,98.54955370883347,throughput_acquisition_density
E,10.0,78.53981633974483,2.5,4.908738521234052,0.1,0.4,0.4 g/cm^3,57.368421052631575,3600.0,15.935672514619881,39.8391812865497,derived_from_throughput,0.5072482104390815,5.072482104390815,2.6842105263157894,spot_diameter,2.5,1.3615609859154294,0.5446243943661717,0.5446243943661717,0.49087385212340523,0.1963495408493621,196.34954084936209,0.10693674976915972,106.93674976915972,2.673418744228993,2673.418744228993,0.5270435043851298,527.0435043851298,106.93674976915972,throughput_acquisition_density
E,10.0,78.53981633974483,2.5,4.908738521234052,0.1,0.4,0.4 g/cm^3,57.368421052631575,3600.0,15.935672514619881,39.8391812865497,derived_from_throughput,0.5072482104390815,5.072482104390815,2.894736842105263,spot_diameter,2.5,1.4683500828499727,0.5873400331399891,0.5873400331399891,0.49087385212340523,0.1963495408493621,196.34954084936209,0.11532394582948596,115.32394582948596,2.883098645737149,2883.098645737149,0.5683802498271008,568.3802498271008,115.32394582948596,throughput_acquisition_density
E,10.0,78.53981633974483,2.5,4.908738521234052,0.1,0.4,0.4 g/cm^3,57.368421052631575,3600.0,15.935672514619881,39.8391812865497,derived_from_throughput,0.5072482104390815,5.072482104390815,3.1052631578947367,spot_diameter,2.5,1.5751391797845162,0.6300556719138065,0.6300556719138065,0.49087385212340523,0.1963495408493621,196.34954084936209,0.12371114188981223,123.71114188981224,3.092778547245306,3092.778547245306,0.6097169952690717,609.7169952690717,123.71114188981224,throughput_acquisition_density
E,10.0,78.53981633974483,2.5,4.908738521234052,0.1,0.4,0.4 g/cm^3,57.368421052631575,3600.0,15.935672514619881,39.8391812865497,derived_from_throughput,0.5072482104390815,5.072482104390815,3.3157894736842106,spot_diameter,2.5,1.6819282767190598,0.6727713106876239,0.6727713106876239,0.49087385212340523,0.1963495408493621,196.34954084936209,0.13209833795013848,132.09833795013847,3.3024584487534625,3302.4584487534626,0.6510537407110427,651.0537407110427,132.09833795013847,throughput_acquisition_density
E,10.0,78.53981633974483,2.5,4.908738521234052,0.1,0.4,0.4 g/cm^3,57.368421052631575,3600.0,15.935672514619881,39.8391812865497,derived_from_throughput,0.5072482104390815,5.072482104390815,3.526315789473684,spot_diameter,2.5,1.7887173736536033,0.7154869494614413,0.7154869494614413,0.49087385212340523,0.1963495408493621,196.34954084936209,0.14048553401046474,140.48553401046473,3.5121383502616186,3512.1383502616186,0.6923904861530137,692.3904861530137,140.48553401046473,throughput_acquisition_density
E,10.0,78.53981633974483,2.5,4.908738521234052,0.1,0.4,0.4 g/cm^3,57.368421052631575,3600.0,15.935672514619881,39.8391812865497,derived_from_throughput,0.5072482104390815,5.072482104390815,3.7368421052631575,spot_diameter,2.5,1.8955064705881466,0.7582025882352587,0.7582025882352587,0.49087385212340523,0.1963495408493621,196.34954084936209,0.148872730070791,148.872730070791,3.7218182517697747,3721.8182517697746,0.7337272315949847,733.7272315949847,148.872730070791,throughput_acquisition_density
E,10.0,78.53981633974483,2.5,4.908738521234052,0.1,0.4,0.4 g/cm^3,57.368421052631575,3600.0,15.935672514619881,39.8391812865497,derived_from_throughput,0.5072482104390815,5.072482104390815,3.9473684210526314,spot_diameter,2.5,2.0022955675226903,0.8009182270090761,0.8009182270090761,0.49087385212340523,0.1963495408493621,196.34954084936209,0.15725992613111725,157.25992613111725,3.931498153277931,3931.498153277931,0.7750639770369556,775.0639770369556,157.25992613111725,throughput_acquisition_density
E,10.0,78.53981633974483,2.5,4.908738521234052,0.1,0.4,0.4 g/cm^3,57.368421052631575,3600.0,15.935672514619881,39.8391812865497,derived_from_throughput,0.5072482104390815,5.072482104390815,4.157894736842105,spot_diameter,2.5,2.109084664457234,0.8436338657828936,0.8436338657828936,0.49087385212340523,0.1963495408493621,196.34954084936209,0.1656471221914435,165.64712219144351,4.141178054786088,4141.178054786088,0.8164007224789266,816.4007224789266,165.64712219144351,throughput_acquisition_density
E,10.0,78.53981633974483,2.5,4.908738521234052,0.1,0.4,0.4 g/cm^3,57.368421052631575,3600.0,15.935672514619881,39.8391812865497,derived_from_throughput,0.5072482104390815,5.072482104390815,4.368421052631579,spot_diameter,2.5,2.215873761391777,0.8863495045567108,0.8863495045567108,0.49087385212340523,0.1963495408493621,196.34954084936209,0.17403431825176974,174.03431825176975,4.350857956294243,4350.857956294243,0.8577374679208976,857.7374679208975,174.03431825176975,throughput_acquisition_density
E,10.0,78.53981633974483,2.5,4.908738521234052,0.1,0.4,0.4 g/cm^3,57.368421052631575,3600.0,15.935672514619881,39.8391812865497,derived_from_throughput,0.5072482104390815,5.072482104390815,4.578947368421052,spot_diameter,2.5,2.3226628583263205,0.9290651433305281,0.9290651433305281,0.49087385212340523,0.1963495408493621,196.34954084936209,0.182421514312096,182.421514312096,4.5605378578024,4560.5378578024,0.8990742133628685,899.0742133628685,182.421514312096,throughput_acquisition_density
E,10.0,78.53981633974483,2.5,4.908738521234052,0.1,0.4,0.4 g/cm^3,57.368421052631575,3600.0,15.935672514619881,39.8391812865497,derived_from_throughput,0.5072482104390815,5.072482104390815,4.789473684210526,spot_diameter,2.5,2.429451955260864,0.9717807821043456,0.9717807821043456,0.49087385212340523,0.1963495408493621,196.34954084936209,0.19080871037242225,190.80871037242224,4.7702177593105555,4770.217759310555,0.9404109588048394,940.4109588048394,190.80871037242224,throughput_acquisition_density
E,10.0,78.53981633974483,2.5,4.908738521234052,0.1,0.4,0.4 g/cm^3,57.368421052631575,3600.0,15.935672514619881,39.8391812865497,derived_from_throughput,0.5072482104390815,5.072482104390815,5.0,spot_diameter,2.5,2.5362410521954075,1.0,1.0,0.49087385212340523,0.1963495408493621,196.34954084936209,0.1963495408493621,196.34954084936209,4.979897660818713,4979.897660818713,0.9817477042468105,981.7477042468105,196.34954084936209,throughput_acquisition_density
E,10.0,78.53981633974483,2.5,4.908738521234052,0.1,0.4,0.4 g/cm^3,62.10526315789473,3600.0,17.251461988304094,43.12865497076023,derived_from_throughput,0.5491310902001066,5.491310902001066,1.0,spot_diameter,2.5,0.5491310902001066,0.21965243608004265,0.21965243608004265,0.49087385212340523,0.1963495408493621,196.34954084936209,0.04312865497076023,43.12865497076023,1.0782163742690059,1078.2163742690059,0.1963495408493621,196.34954084936209,43.12865497076023,throughput_acquisition_density
E,10.0,78.53981633974483,2.5,4.908738521234052,0.1,0.4,0.4 g/cm^3,62.10526315789473,3600.0,17.251461988304094,43.12865497076023,derived_from_throughput,0.5491310902001066,5.491310902001066,1.2105263157894737,spot_diameter,2.5,0.6647376355053922,0.26589505420215687,0.26589505420215687,0.49087385212340523,0.1963495408493621,196.34954084936209,0.05220837180670975,52.20837180670975,1.3052092951677439,1305.209295167744,0.23768628629133307,237.68628629133306,52.20837180670975,throughput_acquisition_density
E,10.0,78.53981633974483,2.5,4.908738521234052,0.1,0.4,0.4 g/cm^3,62.10526315789473,3600.0,17.251461988304094,43.12865497076023,derived_from_throughput,0.5491310902001066,5.491310902001066,1.4210526315789473,spot_diameter,2.5,0.7803441808106778,0.31213767232427114,0.31213767232427114,0.49087385212340523,0.1963495408493621,196.34954084936209,0.06128808864265928,61.288088642659275,1.5322022160664819,1532.202216066482,0.279023031733304,279.023031733304,61.288088642659275,throughput_acquisition_density
E,10.0,78.53981633974483,2.5,4.908738521234052,0.1,0.4,0.4 g/cm^3,62.10526315789473,3600.0,17.251461988304094,43.12865497076023,derived_from_throughput,0.5491310902001066,5.491310902001066,1.631578947368421,spot_diameter,2.5,0.8959507261159635,0.3583802904463854,0.3583802904463854,0.49087385212340523,0.1963495408493621,196.34954084936209,0.07036780547860881,70.36780547860882,1.7591951369652201,1759.1951369652202,0.320359777175275,320.359777175275,70.36780547860882,throughput_acquisition_density
E,10.0,78.53981633974483,2.5,4.908738521234052,0.1,0.4,0.4 g/cm^3,62.10526315789473,3600.0,17.251461988304094,43.12865497076023,derived_from_throughput,0.5491310902001066,5.491310902001066,1.8421052631578947,spot_diameter,2.5,1.011557271421249,0.40462290856849964,0.40462290856849964,0.49087385212340523,0.1963495408493621,196.34954084936209,0.07944752231455833,79.44752231455833,1.9861880578639581,1986.1880578639582,0.36169652261724594,361.69652261724593,79.44752231455833,throughput_acquisition_density
E,10.0,78.53981633974483,2.5,4.908738521234052,0.1,0.4,0.4 g/cm^3,62.10526315789473,3600.0,17.251461988304094,43.12865497076023,derived_from_throughput,0.5491310902001066,5.491310902001066,2.052631578947368,spot_diameter,2.5,1.1271638167265345,0.4508655266906138,0.4508655266906138,0.49087385212340523,0.1963495408493621,196.34954084936209,0.08852723915050784,88.52723915050784,2.2131809787626957,2213.1809787626958,0.4030332680592169,403.03326805921694,88.52723915050784,throughput_acquisition_density
E,10.0,78.53981633974483,2.5,4.908738521234052,0.1,0.4,0.4 g/cm^3,62.10526315789473,3600.0,17.251461988304094,43.12865497076023,derived_from_throughput,0.5491310902001066,5.491310902001066,2.263157894736842,spot_diameter,2.5,1.2427703620318202,0.4971081448127281,0.4971081448127281,0.49087385212340523,0.1963495408493621,196.34954084936209,0.09760695598645736,97.60695598645735,2.4401738996614344,2440.1738996614345,0.4443700135011879,444.3700135011879,97.60695598645735,throughput_acquisition_density
E,10.0,78.53981633974483,2.5,4.908738521234052,0.1,0.4,0.4 g/cm^3,62.10526315789473,3600.0,17.251461988304094,43.12865497076023,derived_from_throughput,0.5491310902001066,5.491310902001066,2.473684210526316,spot_diameter,2.5,1.358376907337106,0.5433507629348424,0.5433507629348424,0.49087385212340523,0.1963495408493621,196.34954084936209,0.1066866728224069,106.6866728224069,2.6671668205601726,2667.1668205601727,0.4857067589431589,485.7067589431589,106.6866728224069,throughput_acquisition_density
E,10.0,78.53981633974483,2.5,4.908738521234052,0.1,0.4,0.4 g/cm^3,62.10526315789473,3600.0,17.251461988304094,43.12865497076023,derived_from_throughput,0.5491310902001066,5.491310902001066,2.6842105263157894,spot_diameter,2.5,1.4739834526423914,0.5895933810569566,0.5895933810569566,0.49087385212340523,0.1963495408493621,196.34954084936209,0.11576638965835641,115.7663896583564,2.8941597414589104,2894.1597414589105,0.5270435043851298,527.0435043851298,115.7663896583564,throughput_acquisition_density
E,10.0,78.53981633974483,2.5,4.908738521234052,0.1,0.4,0.4 g/cm^3,62.10526315789473,3600.0,17.251461988304094,43.12865497076023,derived_from_throughput,0.5491310902001066,5.491310902001066,2.894736842105263,spot_diameter,2.5,1.5895899979476769,0.6358359991790707,0.6358359991790707,0.49087385212340523,0.1963495408493621,196.34954084936209,0.12484610649430591,124.84610649430591,3.121152662357648,3121.1526623576483,0.5683802498271008,568.3802498271008,124.84610649430591,throughput_acquisition_density
E,10.0,78.53981633974483,2.5,4.908738521234052,0.1,0.4,0.4 g/cm^3,62.10526315789473,3600.0,17.251461988304094,43.12865497076023,derived_from_throughput,0.5491310902001066,5.491310902001066,3.1052631578947367,spot_diameter,2.5,1.7051965432529628,0.6820786173011851,0.6820786173011851,0.49087385212340523,0.1963495408493621,196.34954084936209,0.13392582333025546,133.92582333025547,3.3481455832563864,3348.1455832563865,0.6097169952690717,609.7169952690717,133.92582333025547,throughput_acquisition_density
E,10.0,78.53981633974483,2.5,4.908738521234052,0.1,0.4,0.4 g/cm^3,62.10526315789473,3600.0,17.251461988304094,43.12865497076023,derived_from_throughput,0.5491310902001066,5.491310902001066,3.3157894736842106,spot_diameter,2.5,1.8208030885582485,0.7283212354232994,0.7283212354232994,0.49087385212340523,0.1963495408493621,196.34954084936209,0.143005540166205,143.005540166205,3.5751385041551247,3575.138504155125,0.6510537407110427,651.0537407110427,143.005540166205,throughput_acquisition_density
E,10.0,78.53981633974483,2.5,4.908738521234052,0.1,0.4,0.4 g/cm^3,62.10526315789473,3600.0,17.251461988304094,43.12865497076023,derived_from_throughput,0.5491310902001066,5.491310902001066,3.526315789473684,spot_diameter,2.5,1.936409633863534,0.7745638535454136,0.7745638535454136,0.49087385212340523,0.1963495408493621,196.34954084936209,0.1520852570021545,152.0852570021545,3.8021314250538625,3802.1314250538626,0.6923904861530137,692.3904861530137,152.0852570021545,throughput_acquisition_density
E,10.0,78.53981633974483,2.5,4.908738521234052,0.1,0.4,0.4 g/cm^3,62.10526315789473,3600.0,17.251461988304094,43.12865497076023,derived_from_throughput,0.5491310902001066,5.491310902001066,3.7368421052631575,spot_diameter,2.5,2.0520161791688194,0.8208064716675277,0.8208064716675277,0.49087385212340523,0.1963495408493621,196.34954084936209,0.16116497383810402,161.16497383810403,4.0291243459526,4029.1243459526004,0.7337272315949847,733.7272315949847,161.16497383810403,throughput_acquisition_density
E,10.0,78.53981633974483,2.5,4.908738521234052,0.1,0.4,0.4 g/cm^3,62.10526315789473,3600.0,17.251461988304094,43.12865497076023,derived_from_throughput,0.5491310902001066,5.491310902001066,3.9473684210526314,spot_diameter,2.5,2.167622724474105,0.8670490897896419,0.8670490897896419,0.49087385212340523,0.1963495408493621,196.34954084936209,0.1702446906740535,170.24469067405352,4.256117266851339,4256.117266851339,0.7750639770369556,775.0639770369556,170.24469067405352,throughput_acquisition_density
E,10.0,78.53981633974483,2.5,4.908738521234052,0.1,0.4,0.4 g/cm^3,62.10526315789473,3600.0,17.251461988304094,43.12865497076023,derived_from_throughput,0.5491310902001066,5.491310902001066,4.157894736842105,spot_diameter,2.5,2.283229269779391,0.9132917079117563,0.9132917079117563,0.49087385212340523,0.1963495408493621,196.34954084936209,0.17932440751000306,179.32440751000306,4.483110187750077,4483.110187750077,0.8164007224789266,816.4007224789266,179.32440751000306,throughput_acquisition_density
E,10.0,78.53981633974483,2.5,4.908738521234052,0.1,0.4,0.4 g/cm^3,62.10526315789473,3600.0,17.251461988304094,43.12865497076023,derived_from_throughput,0.5491310902001066,5.491310902001066,4.368421052631579,spot_diameter,2.5,2.3988358150846762,0.9595343260338705,0.9595343260338705,0.49087385212340523,0.1963495408493621,196.34954084936209,0.18840412434595258,188.40412434595257,4.7101031086488145,4710.103108648815,0.8577374679208976,857.7374679208975,188.40412434595257,throughput_acquisition_density
E,10.0,78.53981633974483,2.5,4.908738521234052,0.1,0.4,0.4 g/cm^3,62.10526315789473,3600.0,17.251461988304094,43.12865497076023,derived_from_throughput,0.5491310902001066,5.491310902001066,4.578947368421052,spot_diameter,2.5,2.5144423603899617,1.0,1.0,0.49087385212340523,0.1963495408493621,196.34954084936209,0.1963495408493621,196.34954084936209,4.937096029547552,4937.0960295475525,0.8990742133628685,899.0742133628685,196.34954084936209,throughput_acquisition_density
E,10.0,78.53981633974483,2.5,4.908738521234052,0.1,0.4,0.4 g/cm^3,62.10526315789473,3600.0,17.251461988304094,43.12865497076023,derived_from_throughput,0.5491310902001066,5.491310902001066,4.789473684210526,spot_diameter,2.5,2.630048905695247,1.0,1.0,0.49087385212340523,0.1963495408493621,196.34954084936209,0.1963495408493621,196.34954084936209,5.16408895044629,5164.08895044629,0.9404109588048394,940.4109588048394,196.34954084936209,throughput_acquisition_density
E,10.0,78.53981633974483,2.5,4.908738521234052,0.1,0.4,0.4 g/cm^3,62.10526315789473,3600.0,17.251461988304094,43.12865497076023,derived_from_throughput,0.5491310902001066,5.491310902001066,5.0,spot_diameter,2.5,2.745655451000533,1.0,1.0,0.49087385212340523,0.1963495408493621,196.34954084936209,0.1963495408493621,196.34954084936209,5.39108187134503,5391.08187134503,0.9817477042468105,981.7477042468105,196.34954084936209,throughput_acquisition_density
E,10.0,78.53981633974483,2.5,4.908738521234052,0.1,0.4,0.4 g/cm^3,66.84210526315789,3600.0,18.567251461988302,46.41812865497075,derived_from_throughput,0.5910139699611316,5.9101396996113165,1.0,spot_diameter,2.5,0.5910139699611316,0.23640558798445266,0.23640558798445266,0.49087385212340523,0.1963495408493621,196.34954084936209,0.046418128654970754,46.41812865497075,1.1604532163742687,1160.4532163742688,0.1963495408493621,196.34954084936209,46.41812865497075,throughput_acquisition_density
E,10.0,78.53981633974483,2.5,4.908738521234052,0.1,0.4,0.4 g/cm^3,66.84210526315789,3600.0,18.567251461988302,46.41812865497075,derived_from_throughput,0.5910139699611316,5.9101396996113165,1.2105263157894737,spot_diameter,2.5,0.7154379636371594,0.28617518545486376,0.28617518545486376,0.49087385212340523,0.1963495408493621,196.34954084936209,0.05619036626654354,56.19036626654354,1.4047591566635884,1404.7591566635883,0.23768628629133307,237.68628629133306,56.19036626654354,throughput_acquisition_density
E,10.0,78.53981633974483,2.5,4.908738521234052,0.1,0.4,0.4 g/cm^3,66.84210526315789,3600.0,18.567251461988302,46.41812865497075,derived_from_throughput,0.5910139699611316,5.9101396996113165,1.4210526315789473,spot_diameter,2.5,0.839861957313187,0.3359447829252748,0.3359447829252748,0.49087385212340523,0.1963495408493621,196.34954084936209,0.06596260387811632,65.96260387811633,1.6490650969529081,1649.065096952908,0.279023031733304,279.023031733304,65.96260387811633,throughput_acquisition_density
E,10.0,78.53981633974483,2.5,4.908738521234052,0.1,0.4,0.4 g/cm^3,66.84210526315789,3600.0,18.567251461988302,46.41812865497075,derived_from_throughput,0.5910139699611316,5.9101396996113165,1.631578947368421,spot_diameter,2.5,0.9642859509892148,0.3857143803956859,0.3857143803956859,0.49087385212340523,0.1963495408493621,196.34954084936209,0.07573484148968912,75.73484148968912,1.8933710372422279,1893.3710372422279,0.320359777175275,320.359777175275,75.73484148968912,throughput_acquisition_density
E,10.0,78.53981633974483,2.5,4.908738521234052,0.1,0.4,0.4 g/cm^3,66.84210526315789,3600.0,18.567251461988302,46.41812865497075,derived_from_throughput,0.5910139699611316,5.9101396996113165,1.8421052631578947,spot_diameter,2.5,1.0887099446652424,0.43548397786609694,0.43548397786609694,0.49087385212340523,0.1963495408493621,196.34954084936209,0.0855070791012619,85.50707910126191,2.1376769775315476,2137.6769775315474,0.36169652261724594,361.69652261724593,85.50707910126191,throughput_acquisition_density
E,10.0,78.53981633974483,2.5,4.908738521234052,0.1,0.4,0.4 g/cm^3,66.84210526315789,3600.0,18.567251461988302,46.41812865497075,derived_from_throughput,0.5910139699611316,5.9101396996113165,2.052631578947368,spot_diameter,2.5,1.21313393834127,0.48525357533650804,0.48525357533650804,0.49087385212340523,0.1963495408493621,196.34954084936209,0.0952793167128347,95.2793167128347,2.381982917820867,2381.982917820867,0.4030332680592169,403.03326805921694,95.2793167128347,throughput_acquisition_density
E,10.0,78.53981633974483,2.5,4.908738521234052,0.1,0.4,0.4 g/cm^3,66.84210526315789,3600.0,18.567251461988302,46.41812865497075,derived_from_throughput,0.5910139699611316,5.9101396996113165,2.263157894736842,spot_diameter,2.5,1.337557932017298,0.5350231728069191,0.5350231728069191,0.49087385212340523,0.1963495408493621,196.34954084936209,0.10505155432440748,105.05155432440748,2.626288858110187,2626.288858110187,0.4443700135011879,444.3700135011879,105.05155432440748,throughput_acquisition_density
E,10.0,78.53981633974483,2.5,4.908738521234052,0.1,0.4,0.4 g/cm^3,66.84210526315789,3600.0,18.567251461988302,46.41812865497075,derived_from_throughput,0.5910139699611316,5.9101396996113165,2.473684210526316,spot_diameter,2.5,1.4619819256933257,0.5847927702773303,0.5847927702773303,0.49087385212340523,0.1963495408493621,196.34954084936209,0.1148237919359803,114.8237919359803,2.870594798399507,2870.594798399507,0.4857067589431589,485.7067589431589,114.8237919359803,throughput_acquisition_density
E,10.0,78.53981633974483,2.5,4.908738521234052,0.1,0.4,0.4 g/cm^3,66.84210526315789,3600.0,18.567251461988302,46.41812865497075,derived_from_throughput,0.5910139699611316,5.9101396996113165,2.6842105263157894,spot_diameter,2.5,1.5864059193693534,0.6345623677477413,0.6345623677477413,0.49087385212340523,0.1963495408493621,196.34954084936209,0.12459602954755307,124.59602954755307,3.1149007386888266,3114.9007386888266,0.5270435043851298,527.0435043851298,124.59602954755307,throughput_acquisition_density
E,10.0,78.53981633974483,2.5,4.908738521234052,0.1,0.4,0.4 g/cm^3,66.84210526315789,3600.0,18.567251461988302,46.41812865497075,derived_from_throughput,0.5910139699611316,5.9101396996113165,2.894736842105263,spot_diameter,2.5,1.7108299130453808,0.6843319652181523,0.6843319652181523,0.49087385212340523,0.1963495408493621,196.34954084936209,0.13436826715912584,134.36826715912585,3.3592066789781456,3359.2066789781456,0.5683802498271008,568.3802498271008,134.36826715912585,throughput_acquisition_density
E,10.0,78.53981633974483,2.5,4.908738521234052,0.1,0.4,0.4 g/cm^3,66.84210526315789,3600.0,18.567251461988302,46.41812865497075,derived_from_throughput,0.5910139699611316,5.9101396996113165,3.1052631578947367,spot_diameter,2.5,1.8352539067214086,0.7341015626885634,0.7341015626885634,0.49087385212340523,0.1963495408493621,196.34954084936209,0.14414050477069865,144.14050477069864,3.6035126192674656,3603.5126192674657,0.6097169952690717,609.7169952690717,144.14050477069864,throughput_acquisition_density
E,10.0,78.53981633974483,2.5,4.908738521234052,0.1,0.4,0.4 g/cm^3,66.84210526315789,3600.0,18.567251461988302,46.41812865497075,derived_from_throughput,0.5910139699611316,5.9101396996113165,3.3157894736842106,spot_diameter,2.5,1.9596779003974365,0.7838711601589746,0.7838711601589746,0.49087385212340523,0.1963495408493621,196.34954084936209,0.15391274238227146,153.91274238227146,3.8478185595567855,3847.8185595567857,0.6510537407110427,651.0537407110427,153.91274238227146,throughput_acquisition_density
E,10.0,78.53981633974483,2.5,4.908738521234052,0.1,0.4,0.4 g/cm^3,66.84210526315789,3600.0,18.567251461988302,46.41812865497075,derived_from_throughput,0.5910139699611316,5.9101396996113165,3.526315789473684,spot_diameter,2.5,2.084101894073464,0.8336407576293856,0.8336407576293856,0.49087385212340523,0.1963495408493621,196.34954084936209,0.1636849799938442,163.68497999384422,4.092124499846105,4092.124499846105,0.6923904861530137,692.3904861530137,163.68497999384422,throughput_acquisition_density
E,10.0,78.53981633974483,2.5,4.908738521234052,0.1,0.4,0.4 g/cm^3,66.84210526315789,3600.0,18.567251461988302,46.41812865497075,derived_from_throughput,0.5910139699611316,5.9101396996113165,3.7368421052631575,spot_diameter,2.5,2.2085258877494915,0.8834103550997966,0.8834103550997966,0.49087385212340523,0.1963495408493621,196.34954084936209,0.173457217605417,173.457217605417,4.336430440135425,4336.430440135425,0.7337272315949847,733.7272315949847,173.457217605417,throughput_acquisition_density
E,10.0,78.53981633974483,2.5,4.908738521234052,0.1,0.4,0.4 g/cm^3,66.84210526315789,3600.0,18.567251461988302,46.41812865497075,derived_from_throughput,0.5910139699611316,5.9101396996113165,3.9473684210526314,spot_diameter,2.5,2.3329498814255194,0.9331799525702078,0.9331799525702078,0.49087385212340523,0.1963495408493621,196.34954084936209,0.1832294552169898,183.2294552169898,4.580736380424745,4580.736380424745,0.7750639770369556,775.0639770369556,183.2294552169898,throughput_acquisition_density
E,10.0,78.53981633974483,2.5,4.908738521234052,0.1,0.4,0.4 g/cm^3,66.84210526315789,3600.0,18.567251461988302,46.41812865497075,derived_from_throughput,0.5910139699611316,5.9101396996113165,4.157894736842105,spot_diameter,2.5,2.4573738751015473,0.9829495500406189,0.9829495500406189,0.49087385212340523,0.1963495408493621,196.34954084936209,0.19300169282856258,193.00169282856257,4.825042320714065,4825.042320714065,0.8164007224789266,816.4007224789266,193.00169282856257,throughput_acquisition_density
E,10.0,78.53981633974483,2.5,4.908738521234052,0.1,0.4,0.4 g/cm^3,66.84210526315789,3600.0,18.567251461988302,46.41812865497075,derived_from_throughput,0.5910139699611316,5.9101396996113165,4.368421052631579,spot_diameter,2.5,2.581797868777575,1.0,1.0,0.49087385212340523,0.1963495408493621,196.34954084936209,0.1963495408493621,196.34954084936209,5.069348261003384,5069.348261003384,0.8577374679208976,857.7374679208975,196.34954084936209,throughput_acquisition_density
E,10.0,78.53981633974483,2.5,4.908738521234052,0.1,0.4,0.4 g/cm^3,66.84210526315789,3600.0,18.567251461988302,46.41812865497075,derived_from_throughput,0.5910139699611316,5.9101396996113165,4.578947368421052,spot_diameter,2.5,2.7062218624536025,1.0,1.0,0.49087385212340523,0.1963495408493621,196.34954084936209,0.1963495408493621,196.34954084936209,5.313654201292703,5313.654201292703,0.8990742133628685,899.0742133628685,196.34954084936209,throughput_acquisition_density
E,10.0,78.53981633974483,2.5,4.908738521234052,0.1,0.4,0.4 g/cm^3,66.84210526315789,3600.0,18.567251461988302,46.41812865497075,derived_from_throughput,0.5910139699611316,5.9101396996113165,4.789473684210526,spot_diameter,2.5,2.83064585612963,1.0,1.0,0.49087385212340523,0.1963495408493621,196.34954084936209,0.1963495408493621,196.34954084936209,5.557960141582023,5557.960141582023,0.9404109588048394,940.4109588048394,196.34954084936209,throughput_acquisition_density
E,10.0,78.53981633974483,2.5,4.908738521234052,0.1,0.4,0.4 g/cm^3,66.84210526315789,3600.0,18.567251461988302,46.41812865497075,derived_from_throughput,0.5910139699611316,5.9101396996113165,5.0,spot_diameter,2.5,2.9550698498056582,1.0,1.0,0.49087385212340523,0.1963495408493621,196.34954084936209,0.1963495408493621,196.34954084936209,5.802266081871343,5802.266081871343,0.9817477042468105,981.7477042468105,196.34954084936209,throughput_acquisition_density
E,10.0,78.53981633974483,2.5,4.908738521234052,0.1,0.4,0.4 g/cm^3,71.57894736842104,3600.0,19.88304093567251,49.70760233918128,derived_from_throughput,0.6328968497221568,6.328968497221568,1.0,spot_diameter,2.5,0.6328968497221568,0.2531587398888627,0.2531587398888627,0.49087385212340523,0.1963495408493621,196.34954084936209,0.049707602339181284,49.707602339181285,1.242690058479532,1242.690058479532,0.1963495408493621,196.34954084936209,49.707602339181285,throughput_acquisition_density
E,10.0,78.53981633974483,2.5,4.908738521234052,0.1,0.4,0.4 g/cm^3,71.57894736842104,3600.0,19.88304093567251,49.70760233918128,derived_from_throughput,0.6328968497221568,6.328968497221568,1.2105263157894737,spot_diameter,2.5,0.7661382917689266,0.30645531670757065,0.30645531670757065,0.49087385212340523,0.1963495408493621,196.34954084936209,0.06017236072637734,60.17236072637734,1.5043090181594334,1504.3090181594334,0.23768628629133307,237.68628629133306,60.17236072637734,throughput_acquisition_density
E,10.0,78.53981633974483,2.5,4.908738521234052,0.1,0.4,0.4 g/cm^3,71.57894736842104,3600.0,19.88304093567251,49.70760233918128,derived_from_throughput,0.6328968497221568,6.328968497221568,1.4210526315789473,spot_diameter,2.5,0.8993797338156965,0.35975189352627857,0.35975189352627857,0.49087385212340523,0.1963495408493621,196.34954084936209,0.0706371191135734,70.6371191135734,1.7659279778393349,1765.927977839335,0.279023031733304,279.023031733304,70.6371191135734,throughput_acquisition_density
E,10.0,78.53981633974483,2.5,4.908738521234052,0.1,0.4,0.4 g/cm^3,71.57894736842104,3600.0,19.88304093567251,49.70760233918128,derived_from_throughput,0.6328968497221568,6.328968497221568,1.631578947368421,spot_diameter,2.5,1.0326211758624664,0.41304847034498654,0.41304847034498654,0.49087385212340523,0.1963495408493621,196.34954084936209,0.08110187750076947,81.10187750076948,2.027546937519236,2027.546937519236,0.320359777175275,320.359777175275,81.10187750076948,throughput_acquisition_density
E,10.0,78.53981633974483,2.5,4.908738521234052,0.1,0.4,0.4 g/cm^3,71.57894736842104,3600.0,19.88304093567251,49.70760233918128,derived_from_throughput,0.6328968497221568,6.328968497221568,1.8421052631578947,spot_diameter,2.5,1.1658626179092362,0.46634504716369446,0.46634504716369446,0.49087385212340523,0.1963495408493621,196.34954084936209,0.09156663588796551,91.56663588796552,2.2891658971991378,2289.165897199138,0.36169652261724594,361.69652261724593,91.56663588796552,throughput_acquisition_density
E,10.0,78.53981633974483,2.5,4.908738521234052,0.1,0.4,0.4 g/cm^3,71.57894736842104,3600.0,19.88304093567251,49.70760233918128,derived_from_throughput,0.6328968497221568,6.328968497221568,2.052631578947368,spot_diameter,2.5,1.2991040599560058,0.5196416239824023,0.5196416239824023,0.49087385212340523,0.1963495408493621,196.34954084936209,0.10203139427516156,102.03139427516156,2.550784856879039,2550.784856879039,0.4030332680592169,403.03326805921694,102.03139427516156,throughput_acquisition_density
E,10.0,78.53981633974483,2.5,4.908738521234052,0.1,0.4,0.4 g/cm^3,71.57894736842104,3600.0,19.88304093567251,49.70760233918128,derived_from_throughput,0.6328968497221568,6.328968497221568,2.263157894736842,spot_diameter,2.5,1.4323455020027758,0.5729382008011104,0.5729382008011104,0.49087385212340523,0.1963495408493621,196.34954084936209,0.11249615266235764,112.49615266235764,2.8124038165589407,2812.403816558941,0.4443700135011879,444.3700135011879,112.49615266235764,throughput_acquisition_density
E,10.0,78.53981633974483,2.5,4.908738521234052,0.1,0.4,0.4 g/cm^3,71.57894736842104,3600.0,19.88304093567251,49.70760233918128,derived_from_throughput,0.6328968497221568,6.328968497221568,2.473684210526316,spot_diameter,2.5,1.5655869440495458,0.6262347776198183,0.6262347776198183,0.49087385212340523,0.1963495408493621,196.34954084936209,0.1229609110495537,122.9609110495537,3.0740227762388423,3074.022776238842,0.4857067589431589,485.7067589431589,122.9609110495537,throughput_acquisition_density
E,10.0,78.53981633974483,2.5,4.908738521234052,0.1,0.4,0.4 g/cm^3,71.57894736842104,3600.0,19.88304093567251,49.70760233918128,derived_from_throughput,0.6328968497221568,6.328968497221568,2.6842105263157894,spot_diameter,2.5,1.6988283860963154,0.6795313544385262,0.6795313544385262,0.49087385212340523,0.1963495408493621,196.34954084936209,0.13342566943674974,133.42566943674976,3.3356417359187436,3335.6417359187435,0.5270435043851298,527.0435043851298,133.42566943674976,throughput_acquisition_density
E,10.0,78.53981633974483,2.5,4.908738521234052,0.1,0.4,0.4 g/cm^3,71.57894736842104,3600.0,19.88304093567251,49.70760233918128,derived_from_throughput,0.6328968497221568,6.328968497221568,2.894736842105263,spot_diameter,2.5,1.8320698281430852,0.7328279312572341,0.7328279312572341,0.49087385212340523,0.1963495408493621,196.34954084936209,0.14389042782394582,143.89042782394583,3.597260695598645,3597.260695598645,0.5683802498271008,568.3802498271008,143.89042782394583,throughput_acquisition_density
E,10.0,78.53981633974483,2.5,4.908738521234052,0.1,0.4,0.4 g/cm^3,71.57894736842104,3600.0,19.88304093567251,49.70760233918128,derived_from_throughput,0.6328968497221568,6.328968497221568,3.1052631578947367,spot_diameter,2.5,1.9653112701898552,0.786124508075942,0.786124508075942,0.49087385212340523,0.1963495408493621,196.34954084936209,0.15435518621114186,154.35518621114187,3.8588796552785465,3858.8796552785466,0.6097169952690717,609.7169952690717,154.35518621114187,throughput_acquisition_density
E,10.0,78.53981633974483,2.5,4.908738521234052,0.1,0.4,0.4 g/cm^3,71.57894736842104,3600.0,19.88304093567251,49.70760233918128,derived_from_throughput,0.6328968497221568,6.328968497221568,3.3157894736842106,spot_diameter,2.5,2.098552712236625,0.83942108489465,0.83942108489465,0.49087385212340523,0.1963495408493621,196.34954084936209,0.16481994459833793,164.81994459833794,4.120498614958448,4120.498614958448,0.6510537407110427,651.0537407110427,164.81994459833794,throughput_acquisition_density
E,10.0,78.53981633974483,2.5,4.908738521234052,0.1,0.4,0.4 g/cm^3,71.57894736842104,3600.0,19.88304093567251,49.70760233918128,derived_from_throughput,0.6328968497221568,6.328968497221568,3.526315789473684,spot_diameter,2.5,2.231794154283395,0.8927176617133579,0.8927176617133579,0.49087385212340523,0.1963495408493621,196.34954084936209,0.17528470298553397,175.28470298553398,4.382117574638349,4382.11757463835,0.6923904861530137,692.3904861530137,175.28470298553398,throughput_acquisition_density
E,10.0,78.53981633974483,2.5,4.908738521234052,0.1,0.4,0.4 g/cm^3,71.57894736842104,3600.0,19.88304093567251,49.70760233918128,derived_from_throughput,0.6328968497221568,6.328968497221568,3.7368421052631575,spot_diameter,2.5,2.3650355963301646,0.9460142385320658,0.9460142385320658,0.49087385212340523,0.1963495408493621,196.34954084936209,0.18574946137273002,185.74946137273002,4.643736534318251,4643.736534318251,0.7337272315949847,733.7272315949847,185.74946137273002,throughput_acquisition_density
E,10.0,78.53981633974483,2.5,4.908738521234052,0.1,0.4,0.4 g/cm^3,71.57894736842104,3600.0,19.88304093567251,49.70760233918128,derived_from_throughput,0.6328968497221568,6.328968497221568,3.9473684210526314,spot_diameter,2.5,2.4982770383769344,0.9993108153507737,0.9993108153507737,0.49087385212340523,0.1963495408493621,196.34954084936209,0.1962142197599261,196.2142197599261,4.905355493998152,4905.355493998152,0.7750639770369556,775.0639770369556,196.2142197599261,throughput_acquisition_density
E,10.0,78.53981633974483,2.5,4.908738521234052,0.1,0.4,0.4 g/cm^3,71.57894736842104,3600.0,19.88304093567251,49.70760233918128,derived_from_throughput,0.6328968497221568,6.328968497221568,4.157894736842105,spot_diameter,2.5,2.6315184804237046,1.0,1.0,0.49087385212340523,0.1963495408493621,196.34954084936209,0.1963495408493621,196.34954084936209,5.166974453678054,5166.974453678054,0.8164007224789266,816.4007224789266,196.34954084936209,throughput_acquisition_density
E,10.0,78.53981633974483,2.5,4.908738521234052,0.1,0.4,0.4 g/cm^3,71.57894736842104,3600.0,19.88304093567251,49.70760233918128,derived_from_throughput,0.6328968497221568,6.328968497221568,4.368421052631579,spot_diameter,2.5,2.764759922470474,1.0,1.0,0.49087385212340523,0.1963495408493621,196.34954084936209,0.1963495408493621,196.34954084936209,5.428593413357955,5428.593413357955,0.8577374679208976,857.7374679208975,196.34954084936209,throughput_acquisition_density
E,10.0,78.53981633974483,2.5,4.908738521234052,0.1,0.4,0.4 g/cm^3,71.57894736842104,3600.0,19.88304093567251,49.70760233918128,derived_from_throughput,0.6328968497221568,6.328968497221568,4.578947368421052,spot_diameter,2.5,2.8980013645172438,1.0,1.0,0.49087385212340523,0.1963495408493621,196.34954084936209,0.1963495408493621,196.34954084936209,5.690212373037856,5690.212373037856,0.8990742133628685,899.0742133628685,196.34954084936209,throughput_acquisition_density
E,10.0,78.53981633974483,2.5,4.908738521234052,0.1,0.4,0.4 g/cm^3,71.57894736842104,3600.0,19.88304093567251,49.70760233918128,derived_from_throughput,0.6328968497221568,6.328968497221568,4.789473684210526,spot_diameter,2.5,3.0312428065640136,1.0,1.0,0.49087385212340523,0.1963495408493621,196.34954084936209,0.1963495408493621,196.34954084936209,5.951831332717758,5951.8313327177575,0.9404109588048394,940.4109588048394,196.34954084936209,throughput_acquisition_density
E,10.0,78.53981633974483,2.5,4.908738521234052,0.1,0.4,0.4 g/cm^3,71.57894736842104,3600.0,19.88304093567251,49.70760233918128,derived_from_throughput,0.6328968497221568,6.328968497221568,5.0,spot_diameter,2.5,3.164484248610784,1.0,1.0,0.49087385212340523,0.1963495408493621,196.34954084936209,0.1963495408493621,196.34954084936209,6.21345029239766,6213.45029239766,0.9817477042468105,981.7477042468105,196.34954084936209,throughput_acquisition_density
E,10.0,78.53981633974483,2.5,4.908738521234052,0.1,0.4,0.4 g/cm^3,76.3157894736842,3600.0,21.198830409356724,52.997076023391806,derived_from_throughput,0.6747797294831819,6.747797294831819,1.0,spot_diameter,2.5,0.6747797294831819,0.26991189179327274,0.26991189179327274,0.49087385212340523,0.1963495408493621,196.34954084936209,0.052997076023391806,52.997076023391806,1.3249269005847952,1324.9269005847952,0.1963495408493621,196.34954084936209,52.997076023391806,throughput_acquisition_density
E,10.0,78.53981633974483,2.5,4.908738521234052,0.1,0.4,0.4 g/cm^3,76.3157894736842,3600.0,21.198830409356724,52.997076023391806,derived_from_throughput,0.6747797294831819,6.747797294831819,1.2105263157894737,spot_diameter,2.5,0.8168386199006938,0.32673544796027754,0.32673544796027754,0.49087385212340523,0.1963495408493621,196.34954084936209,0.06415435518621114,64.15435518621113,1.6038588796552784,1603.8588796552783,0.23768628629133307,237.68628629133306,64.15435518621113,throughput_acquisition_density
E,10.0,78.53981633974483,2.5,4.908738521234052,0.1,0.4,0.4 g/cm^3,76.3157894736842,3600.0,21.198830409356724,52.997076023391806,derived_from_throughput,0.6747797294831819,6.747797294831819,1.4210526315789473,spot_diameter,2.5,0.9588975103182058,0.38355900412728233,0.38355900412728233,0.49087385212340523,0.1963495408493621,196.34954084936209,0.07531163434903047,75.31163434903047,1.8827908587257616,1882.7908587257616,0.279023031733304,279.023031733304,75.31163434903047,throughput_acquisition_density
E,10.0,78.53981633974483,2.5,4.908738521234052,0.1,0.4,0.4 g/cm^3,76.3157894736842,3600.0,21.198830409356724,52.997076023391806,derived_from_throughput,0.6747797294831819,6.747797294831819,1.631578947368421,spot_diameter,2.5,1.1009564007357178,0.44038256029428713,0.44038256029428713,0.49087385212340523,0.1963495408493621,196.34954084936209,0.0864689135118498,86.46891351184979,2.161722837796245,2161.722837796245,0.320359777175275,320.359777175275,86.46891351184979,throughput_acquisition_density
E,10.0,78.53981633974483,2.5,4.908738521234052,0.1,0.4,0.4 g/cm^3,76.3157894736842,3600.0,21.198830409356724,52.997076023391806,derived_from_throughput,0.6747797294831819,6.747797294831819,1.8421052631578947,spot_diameter,2.5,1.2430152911532297,0.49720611646129187,0.49720611646129187,0.49087385212340523,0.1963495408493621,196.34954084936209,0.09762619267466911,97.62619267466911,2.440654816866728,2440.6548168667277,0.36169652261724594,361.69652261724593,97.62619267466911,throughput_acquisition_density
E,10.0,78.53981633974483,2.5,4.908738521234052,0.1,0.4,0.4 g/cm^3,76.3157894736842,3600.0,21.198830409356724,52.997076023391806,derived_from_throughput,0.6747797294831819,6.747797294831819,2.052631578947368,spot_diameter,2.5,1.3850741815707415,0.5540296726282966,0.5540296726282966,0.49087385212340523,0.1963495408493621,196.34954084936209,0.10878347183748843,108.78347183748843,2.719586795937211,2719.586795937211,0.4030332680592169,403.03326805921694,108.78347183748843,throughput_acquisition_density
E,10.0,78.53981633974483,2.5,4.908738521234052,0.1,0.4,0.4 g/cm^3,76.3157894736842,3600.0,21.198830409356724,52.997076023391806,derived_from_throughput,0.6747797294831819,6.747797294831819,2.263157894736842,spot_diameter,2.5,1.5271330719882537,0.6108532287953015,0.6108532287953015,0.49087385212340523,0.1963495408493621,196.34954084936209,0.11994075100030778,119.94075100030778,2.9985187750076943,2998.5187750076943,0.4443700135011879,444.3700135011879,119.94075100030778,throughput_acquisition_density
E,10.0,78.53981633974483,2.5,4.908738521234052,0.1,0.4,0.4 g/cm^3,76.3157894736842,3600.0,21.198830409356724,52.997076023391806,derived_from_throughput,0.6747797294831819,6.747797294831819,2.473684210526316,spot_diameter,2.5,1.6691919624057658,0.6676767849623063,0.6676767849623063,0.49087385212340523,0.1963495408493621,196.34954084936209,0.13109803016312713,131.09803016312713,3.2774507540781777,3277.450754078178,0.4857067589431589,485.7067589431589,131.09803016312713,throughput_acquisition_density
E,10.0,78.53981633974483,2.5,4.908738521234052,0.1,0.4,0.4 g/cm^3,76.3157894736842,3600.0,21.198830409356724,52.997076023391806,derived_from_throughput,0.6747797294831819,6.747797294831819,2.6842105263157894,spot_diameter,2.5,1.8112508528232776,0.724500341129311,0.724500341129311,0.49087385212340523,0.1963495408493621,196.34954084936209,0.14225530932594643,142.25530932594643,3.5563827331486606,3556.3827331486605,0.5270435043851298,527.0435043851298,142.25530932594643,throughput_acquisition_density
E,10.0,78.53981633974483,2.5,4.908738521234052,0.1,0.4,0.4 g/cm^3,76.3157894736842,3600.0,21.198830409356724,52.997076023391806,derived_from_throughput,0.6747797294831819,6.747797294831819,2.894736842105263,spot_diameter,2.5,1.9533097432407893,0.7813238972963157,0.7813238972963157,0.49087385212340523,0.1963495408493621,196.34954084936209,0.15341258848876574,153.41258848876575,3.8353147122191436,3835.3147122191435,0.5683802498271008,568.3802498271008,153.41258848876575,throughput_acquisition_density
E,10.0,78.53981633974483,2.5,4.908738521234052,0.1,0.4,0.4 g/cm^3,76.3157894736842,3600.0,21.198830409356724,52.997076023391806,derived_from_throughput,0.6747797294831819,6.747797294831819,3.1052631578947367,spot_diameter,2.5,2.0953686336583015,0.8381474534633206,0.8381474534633206,0.49087385212340523,0.1963495408493621,196.34954084936209,0.1645698676515851,164.5698676515851,4.114246691289627,4114.246691289627,0.6097169952690717,609.7169952690717,164.5698676515851,throughput_acquisition_density
E,10.0,78.53981633974483,2.5,4.908738521234052,0.1,0.4,0.4 g/cm^3,76.3157894736842,3600.0,21.198830409356724,52.997076023391806,derived_from_throughput,0.6747797294831819,6.747797294831819,3.3157894736842106,spot_diameter,2.5,2.2374275240758137,0.8949710096303255,0.8949710096303255,0.49087385212340523,0.1963495408493621,196.34954084936209,0.17572714681440443,175.72714681440442,4.39317867036011,4393.17867036011,0.6510537407110427,651.0537407110427,175.72714681440442,throughput_acquisition_density
E,10.0,78.53981633974483,2.5,4.908738521234052,0.1,0.4,0.4 g/cm^3,76.3157894736842,3600.0,21.198830409356724,52.997076023391806,derived_from_throughput,0.6747797294831819,6.747797294831819,3.526315789473684,spot_diameter,2.5,2.3794864144933254,0.9517945657973301,0.9517945657973301,0.49087385212340523,0.1963495408493621,196.34954084936209,0.18688442597722374,186.88442597722374,4.672110649430594,4672.110649430594,0.6923904861530137,692.3904861530137,186.88442597722374,throughput_acquisition_density
E,10.0,78.53981633974483,2.5,4.908738521234052,0.1,0.4,0.4 g/cm^3,76.3157894736842,3600.0,21.198830409356724,52.997076023391806,derived_from_throughput,0.6747797294831819,6.747797294831819,3.7368421052631575,spot_diameter,2.5,2.521545304910837,1.0,1.0,0.49087385212340523,0.1963495408493621,196.34954084936209,0.1963495408493621,196.34954084936209,4.951042628501076,4951.042628501076,0.7337272315949847,733.7272315949847,196.34954084936209,throughput_acquisition_density
E,10.0,78.53981633974483,2.5,4.908738521234052,0.1,0.4,0.4 g/cm^3,76.3157894736842,3600.0,21.198830409356724,52.997076023391806,derived_from_throughput,0.6747797294831819,6.747797294831819,3.9473684210526314,spot_diameter,2.5,2.6636041953283494,1.0,1.0,0.49087385212340523,0.1963495408493621,196.34954084936209,0.1963495408493621,196.34954084936209,5.22997460757156,5229.974607571559,0.7750639770369556,775.0639770369556,196.34954084936209,throughput_acquisition_density
E,10.0,78.53981633974483,2.5,4.908738521234052,0.1,0.4,0.4 g/cm^3,76.3157894736842,3600.0,21.198830409356724,52.997076023391806,derived_from_throughput,0.6747797294831819,6.747797294831819,4.157894736842105,spot_diameter,2.5,2.8056630857458615,1.0,1.0,0.49087385212340523,0.1963495408493621,196.34954084936209,0.1963495408493621,196.34954084936209,5.508906586642043,5508.906586642043,0.8164007224789266,816.4007224789266,196.34954084936209,throughput_acquisition_density
E,10.0,78.53981633974483,2.5,4.908738521234052,0.1,0.4,0.4 g/cm^3,76.3157894736842,3600.0,21.198830409356724,52.997076023391806,derived_from_throughput,0.6747797294831819,6.747797294831819,4.368421052631579,spot_diameter,2.5,2.9477219761633733,1.0,1.0,0.49087385212340523,0.1963495408493621,196.34954084936209,0.1963495408493621,196.34954084936209,5.787838565712526,5787.838565712526,0.8577374679208976,857.7374679208975,196.34954084936209,throughput_acquisition_density
E,10.0,78.53981633974483,2.5,4.908738521234052,0.1,0.4,0.4 g/cm^3,76.3157894736842,3600.0,21.198830409356724,52.997076023391806,derived_from_throughput,0.6747797294831819,6.747797294831819,4.578947368421052,spot_diameter,2.5,3.089780866580885,1.0,1.0,0.49087385212340523,0.1963495408493621,196.34954084936209,0.1963495408493621,196.34954084936209,6.066770544783009,6066.7705447830085,0.8990742133628685,899.0742133628685,196.34954084936209,throughput_acquisition_density
E,10.0,78.53981633974483,2.5,4.908738521234052,0.1,0.4,0.4 g/cm^3,76.3157894736842,3600.0,21.198830409356724,52.997076023391806,derived_from_throughput,0.6747797294831819,6.747797294831819,4.789473684210526,spot_diameter,2.5,3.2318397569983968,1.0,1.0,0.49087385212340523,0.1963495408493621,196.34954084936209,0.1963495408493621,196.34954084936209,6.345702523853492,6345.7025238534925,0.9404109588048394,940.4109588048394,196.34954084936209,throughput_acquisition_density
E,10.0,78.53981633974483,2.5,4.908738521234052,0.1,0.4,0.4 g/cm^3,76.3157894736842,3600.0,21.198830409356724,52.997076023391806,derived_from_throughput,0.6747797294831819,6.747797294831819,5.0,spot_diameter,2.5,3.3738986474159094,1.0,1.0,0.49087385212340523,0.1963495408493621,196.34954084936209,0.1963495408493621,196.34954084936209,6.624634502923977,6624.6345029239765,0.9817477042468105,981.7477042468105,196.34954084936209,throughput_acquisition_density
E,10.0,78.53981633974483,2.5,4.908738521234052,0.1,0.4,0.4 g/cm^3,81.05263157894737,3600.0,22.514619883040936,56.28654970760234,derived_from_throughput,0.7166626092442071,7.166626092442071,1.0,spot_diameter,2.5,0.7166626092442071,0.28666504369768286,0.28666504369768286,0.49087385212340523,0.1963495408493621,196.34954084936209,0.05628654970760235,56.28654970760235,1.4071637426900587,1407.1637426900588,0.1963495408493621,196.34954084936209,56.28654970760235,throughput_acquisition_density
E,10.0,78.53981633974483,2.5,4.908738521234052,0.1,0.4,0.4 g/cm^3,81.05263157894737,3600.0,22.514619883040936,56.28654970760234,derived_from_throughput,0.7166626092442071,7.166626092442071,1.2105263157894737,spot_diameter,2.5,0.8675389480324612,0.3470155792129845,0.3470155792129845,0.49087385212340523,0.1963495408493621,196.34954084936209,0.06813634964604494,68.13634964604493,1.7034087411511236,1703.4087411511236,0.23768628629133307,237.68628629133306,68.13634964604493,throughput_acquisition_density
E,10.0,78.53981633974483,2.5,4.908738521234052,0.1,0.4,0.4 g/cm^3,81.05263157894737,3600.0,22.514619883040936,56.28654970760234,derived_from_throughput,0.7166626092442071,7.166626092442071,1.4210526315789473,spot_diameter,2.5,1.0184152868207152,0.4073661147282861,0.4073661147282861,0.49087385212340523,0.1963495408493621,196.34954084936209,0.07998614958448753,79.98614958448753,1.9996537396121887,1999.6537396121887,0.279023031733304,279.023031733304,79.98614958448753,throughput_acquisition_density
E,10.0,78.53981633974483,2.5,4.908738521234052,0.1,0.4,0.4 g/cm^3,81.05263157894737,3600.0,22.514619883040936,56.28654970760234,derived_from_throughput,0.7166626092442071,7.166626092442071,1.631578947368421,spot_diameter,2.5,1.1692916256089694,0.4677166502435878,0.4677166502435878,0.49087385212340523,0.1963495408493621,196.34954084936209,0.09183594952293014,91.83594952293015,2.295898738073254,2295.8987380732538,0.320359777175275,320.359777175275,91.83594952293015,throughput_acquisition_density
E,10.0,78.53981633974483,2.5,4.908738521234052,0.1,0.4,0.4 g/cm^3,81.05263157894737,3600.0,22.514619883040936,56.28654970760234,derived_from_throughput,0.7166626092442071,7.166626092442071,1.8421052631578947,spot_diameter,2.5,1.3201679643972235,0.5280671857588894,0.5280671857588894,0.49087385212340523,0.1963495408493621,196.34954084936209,0.10368574946137274,103.68574946137274,2.5921437365343185,2592.1437365343186,0.36169652261724594,361.69652261724593,103.68574946137274,throughput_acquisition_density
E,10.0,78.53981633974483,2.5,4.908738521234052,0.1,0.4,0.4 g/cm^3,81.05263157894737,3600.0,22.514619883040936,56.28654970760234,derived_from_throughput,0.7166626092442071,7.166626092442071,2.052631578947368,spot_diameter,2.5,1.4710443031854776,0.588417721274191,0.588417721274191,0.49087385212340523,0.1963495408493621,196.34954084936209,0.11553554939981533,115.53554939981534,2.888388734995383,2888.3887349953834,0.4030332680592169,403.03326805921694,115.53554939981534,throughput_acquisition_density
E,10.0,78.53981633974483,2.5,4.908738521234052,0.1,0.4,0.4 g/cm^3,81.05263157894737,3600.0,22.514619883040936,56.28654970760234,derived_from_throughput,0.7166626092442071,7.166626092442071,2.263157894736842,spot_diameter,2.5,1.6219206419737318,0.6487682567894927,0.6487682567894927,0.49087385212340523,0.1963495408493621,196.34954084936209,0.12738534933825793,127.38534933825792,3.1846337334564487,3184.6337334564487,0.4443700135011879,444.3700135011879,127.38534933825792,throughput_acquisition_density
E,10.0,78.53981633974483,2.5,4.908738521234052,0.1,0.4,0.4 g/cm^3,81.05263157894737,3600.0,22.514619883040936,56.28654970760234,derived_from_throughput,0.7166626092442071,7.166626092442071,2.473684210526316,spot_diameter,2.5,1.772796980761986,0.7091187923047945,0.7091187923047945,0.49087385212340523,0.1963495408493621,196.34954084936209,0.13923514927670055,139.23514927670055,3.480878731917514,3480.878731917514,0.4857067589431589,485.7067589431589,139.23514927670055,throughput_acquisition_density
E,10.0,78.53981633974483,2.5,4.908738521234052,0.1,0.4,0.4 g/cm^3,81.05263157894737,3600.0,22.514619883040936,56.28654970760234,derived_from_throughput,0.7166626092442071,7.166626092442071,2.6842105263157894,spot_diameter,2.5,1.92367331955024,0.769469327820096,0.769469327820096,0.49087385212340523,0.1963495408493621,196.34954084936209,0.15108494921514315,151.08494921514315,3.7771237303785785,3777.1237303785783,0.5270435043851298,527.0435043851298,151.08494921514315,throughput_acquisition_density
E,10.0,78.53981633974483,2.5,4.908738521234052,0.1,0.4,0.4 g/cm^3,81.05263157894737,3600.0,22.514619883040936,56.28654970760234,derived_from_throughput,0.7166626092442071,7.166626092442071,2.894736842105263,spot_diameter,2.5,2.074549658338494,0.8298198633353977,0.8298198633353977,0.49087385212340523,0.1963495408493621,196.34954084936209,0.16293474915358575,162.93474915358576,4.073368728839643,4073.368728839643,0.5683802498271008,568.3802498271008,162.93474915358576,throughput_acquisition_density
E,10.0,78.53981633974483,2.5,4.908738521234052,0.1,0.4,0.4 g/cm^3,81.05263157894737,3600.0,22.514619883040936,56.28654970760234,derived_from_throughput,0.7166626092442071,7.166626092442071,3.1052631578947367,spot_diameter,2.5,2.2254259971267483,0.8901703988506993,0.8901703988506993,0.49087385212340523,0.1963495408493621,196.34954084936209,0.1747845490920283,174.7845490920283,4.369613727300709,4369.613727300709,0.6097169952690717,609.7169952690717,174.7845490920283,throughput_acquisition_density
E,10.0,78.53981633974483,2.5,4.908738521234052,0.1,0.4,0.4 g/cm^3,81.05263157894737,3600.0,22.514619883040936,56.28654970760234,derived_from_throughput,0.7166626092442071,7.166626092442071,3.3157894736842106,spot_diameter,2.5,2.3763023359150024,0.9505209343660009,0.9505209343660009,0.49087385212340523,0.1963495408493621,196.34954084936209,0.18663434903047094,186.63434903047093,4.665858725761773,4665.858725761774,0.6510537407110427,651.0537407110427,186.63434903047093,throughput_acquisition_density
E,10.0,78.53981633974483,2.5,4.908738521234052,0.1,0.4,0.4 g/cm^3,81.05263157894737,3600.0,22.514619883040936,56.28654970760234,derived_from_throughput,0.7166626092442071,7.166626092442071,3.526315789473684,spot_diameter,2.5,2.5271786747032565,1.0,1.0,0.49087385212340523,0.1963495408493621,196.34954084936209,0.1963495408493621,196.34954084936209,4.962103724222838,4962.103724222838,0.6923904861530137,692.3904861530137,196.34954084936209,throughput_acquisition_density
E,10.0,78.53981633974483,2.5,4.908738521234052,0.1,0.4,0.4 g/cm^3,81.05263157894737,3600.0,22.514619883040936,56.28654970760234,derived_from_throughput,0.7166626092442071,7.166626092442071,3.7368421052631575,spot_diameter,2.5,2.6780550134915106,1.0,1.0,0.49087385212340523,0.1963495408493621,196.34954084936209,0.1963495408493621,196.34954084936209,5.258348722683903,5258.348722683902,0.7337272315949847,733.7272315949847,196.34954084936209,throughput_acquisition_density
E,10.0,78.53981633974483,2.5,4.908738521234052,0.1,0.4,0.4 g/cm^3,81.05263157894737,3600.0,22.514619883040936,56.28654970760234,derived_from_throughput,0.7166626092442071,7.166626092442071,3.9473684210526314,spot_diameter,2.5,2.8289313522797648,1.0,1.0,0.49087385212340523,0.1963495408493621,196.34954084936209,0.1963495408493621,196.34954084936209,5.554593721144968,5554.593721144968,0.7750639770369556,775.0639770369556,196.34954084936209,throughput_acquisition_density
E,10.0,78.53981633974483,2.5,4.908738521234052,0.1,0.4,0.4 g/cm^3,81.05263157894737,3600.0,22.514619883040936,56.28654970760234,derived_from_throughput,0.7166626092442071,7.166626092442071,4.157894736842105,spot_diameter,2.5,2.979807691068019,1.0,1.0,0.49087385212340523,0.1963495408493621,196.34954084936209,0.1963495408493621,196.34954084936209,5.850838719606034,5850.838719606034,0.8164007224789266,816.4007224789266,196.34954084936209,throughput_acquisition_density
E,10.0,78.53981633974483,2.5,4.908738521234052,0.1,0.4,0.4 g/cm^3,81.05263157894737,3600.0,22.514619883040936,56.28654970760234,derived_from_throughput,0.7166626092442071,7.166626092442071,4.368421052631579,spot_diameter,2.5,3.130684029856273,1.0,1.0,0.49087385212340523,0.1963495408493621,196.34954084936209,0.1963495408493621,196.34954084936209,6.1470837180670985,6147.083718067099,0.8577374679208976,857.7374679208975,196.34954084936209,throughput_acquisition_density
E,10.0,78.53981633974483,2.5,4.908738521234052,0.1,0.4,0.4 g/cm^3,81.05263157894737,3600.0,22.514619883040936,56.28654970760234,derived_from_throughput,0.7166626092442071,7.166626092442071,4.578947368421052,spot_diameter,2.5,3.281560368644527,1.0,1.0,0.49087385212340523,0.1963495408493621,196.34954084936209,0.1963495408493621,196.34954084936209,6.443328716528163,6443.328716528164,0.8990742133628685,899.0742133628685,196.34954084936209,throughput_acquisition_density
E,10.0,78.53981633974483,2.5,4.908738521234052,0.1,0.4,0.4 g/cm^3,81.05263157894737,3600.0,22.514619883040936,56.28654970760234,derived_from_throughput,0.7166626092442071,7.166626092442071,4.789473684210526,spot_diameter,2.5,3.432436707432781,1.0,1.0,0.49087385212340523,0.1963495408493621,196.34954084936209,0.1963495408493621,196.34954084936209,6.739573714989228,6739.5737149892275,0.9404109588048394,940.4109588048394,196.34954084936209,throughput_acquisition_density
E,10.0,78.53981633974483,2.5,4.908738521234052,0.1,0.4,0.4 g/cm^3,81.05263157894737,3600.0,22.514619883040936,56.28654970760234,derived_from_throughput,0.7166626092442071,7.166626092442071,5.0,spot_diameter,2.5,3.5833130462210354,1.0,1.0,0.49087385212340523,0.1963495408493621,196.34954084936209,0.1963495408493621,196.34954084936209,7.035818713450293,7035.818713450293,0.9817477042468105,981.7477042468105,196.34954084936209,throughput_acquisition_density
E,10.0,78.53981633974483,2.5,4.908738521234052,0.1,0.4,0.4 g/cm^3,85.78947368421052,3600.0,23.830409356725145,59.57602339181286,derived_from_throughput,0.7585454890052321,7.585454890052321,1.0,spot_diameter,2.5,0.7585454890052321,0.3034181956020928,0.3034181956020928,0.49087385212340523,0.1963495408493621,196.34954084936209,0.059576023391812866,59.57602339181287,1.4894005847953216,1489.4005847953215,0.1963495408493621,196.34954084936209,59.57602339181287,throughput_acquisition_density
E,10.0,78.53981633974483,2.5,4.908738521234052,0.1,0.4,0.4 g/cm^3,85.78947368421052,3600.0,23.830409356725145,59.57602339181286,derived_from_throughput,0.7585454890052321,7.585454890052321,1.2105263157894737,spot_diameter,2.5,0.9182392761642283,0.3672957104656913,0.3672957104656913,0.49087385212340523,0.1963495408493621,196.34954084936209,0.07211834410587874,72.11834410587873,1.8029586026469682,1802.958602646968,0.23768628629133307,237.68628629133306,72.11834410587873,throughput_acquisition_density
E,10.0,78.53981633974483,2.5,4.908738521234052,0.1,0.4,0.4 g/cm^3,85.78947368421052,3600.0,23.830409356725145,59.57602339181286,derived_from_throughput,0.7585454890052321,7.585454890052321,1.4210526315789473,spot_diameter,2.5,1.0779330633232245,0.4311732253292898,0.4311732253292898,0.49087385212340523,0.1963495408493621,196.34954084936209,0.0846606648199446,84.6606648199446,2.116516620498615,2116.516620498615,0.279023031733304,279.023031733304,84.6606648199446,throughput_acquisition_density
E,10.0,78.53981633974483,2.5,4.908738521234052,0.1,0.4,0.4 g/cm^3,85.78947368421052,3600.0,23.830409356725145,59.57602339181286,derived_from_throughput,0.7585454890052321,7.585454890052321,1.631578947368421,spot_diameter,2.5,1.2376268504822208,0.4950507401928883,0.4950507401928883,0.49087385212340523,0.1963495408493621,196.34954084936209,0.09720298553401047,97.20298553401047,2.4300746383502614,2430.0746383502615,0.320359777175275,320.359777175275,97.20298553401047,throughput_acquisition_density
E,10.0,78.53981633974483,2.5,4.908738521234052,0.1,0.4,0.4 g/cm^3,85.78947368421052,3600.0,23.830409356725145,59.57602339181286,derived_from_throughput,0.7585454890052321,7.585454890052321,1.8421052631578947,spot_diameter,2.5,1.397320637641217,0.5589282550564868,0.5589282550564868,0.49087385212340523,0.1963495408493621,196.34954084936209,0.10974530624807634,109.74530624807633,2.743632656201908,2743.632656201908,0.36169652261724594,361.69652261724593,109.74530624807633,throughput_acquisition_density
E,10.0,78.53981633974483,2.5,4.908738521234052,0.1,0.4,0.4 g/cm^3,85.78947368421052,3600.0,23.830409356725145,59.57602339181286,derived_from_throughput,0.7585454890052321,7.585454890052321,2.052631578947368,spot_diameter,2.5,1.5570144248002131,0.6228057699200853,0.6228057699200853,0.49087385212340523,0.1963495408493621,196.34954084936209,0.1222876269621422,122.2876269621422,3.057190674053554,3057.190674053554,0.4030332680592169,403.03326805921694,122.2876269621422,throughput_acquisition_density
E,10.0,78.53981633974483,2.5,4.908738521234052,0.1,0.4,0.4 g/cm^3,85.78947368421052,3600.0,23.830409356725145,59.57602339181286,derived_from_throughput,0.7585454890052321,7.585454890052321,2.263157894736842,spot_diameter,2.5,1.7167082119592094,0.6866832847836838,0.6866832847836838,0.49087385212340523,0.1963495408493621,196.34954084936209,0.13482994767620807,134.82994767620806,3.3707486919052014,3370.748691905201,0.4443700135011879,444.3700135011879,134.82994767620806,throughput_acquisition_density
E,10.0,78.53981633974483,2.5,4.908738521234052,0.1,0.4,0.4 g/cm^3,85.78947368421052,3600.0,23.830409356725145,59.57602339181286,derived_from_throughput,0.7585454890052321,7.585454890052321,2.473684210526316,spot_diameter,2.5,1.876401999118206,0.7505607996472824,0.7505607996472824,0.49087385212340523,0.1963495408493621,196.34954084936209,0.14737226839027395,147.37226839027394,3.6843067097568483,3684.3067097568482,0.4857067589431589,485.7067589431589,147.37226839027394,throughput_acquisition_density
E,10.0,78.53981633974483,2.5,4.908738521234052,0.1,0.4,0.4 g/cm^3,85.78947368421052,3600.0,23.830409356725145,59.57602339181286,derived_from_throughput,0.7585454890052321,7.585454890052321,2.6842105263157894,spot_diameter,2.5,2.036095786277202,0.8144383145108808,0.8144383145108808,0.49087385212340523,0.1963495408493621,196.34954084936209,0.1599145891043398,159.9145891043398,3.9978647276084947,3997.864727608495,0.5270435043851298,527.0435043851298,159.9145891043398,throughput_acquisition_density
E,10.0,78.53981633974483,2.5,4.908738521234052,0.1,0.4,0.4 g/cm^3,85.78947368421052,3600.0,23.830409356725145,59.57602339181286,derived_from_throughput,0.7585454890052321,7.585454890052321,2.894736842105263,spot_diameter,2.5,2.195789573436198,0.8783158293744793,0.8783158293744793,0.49087385212340523,0.1963495408493621,196.34954084936209,0.17245690981840567,172.45690981840568,4.311422745460141,4311.422745460141,0.5683802498271008,568.3802498271008,172.45690981840568,throughput_acquisition_density
E,10.0,78.53981633974483,2.5,4.908738521234052,0.1,0.4,0.4 g/cm^3,85.78947368421052,3600.0,23.830409356725145,59.57602339181286,derived_from_throughput,0.7585454890052321,7.585454890052321,3.1052631578947367,spot_diameter,2.5,2.355483360595194,0.9421933442380777,0.9421933442380777,0.49087385212340523,0.1963495408493621,196.34954084936209,0.18499923053247153,184.99923053247153,4.624980763311788,4624.980763311788,0.6097169952690717,609.7169952690717,184.99923053247153,throughput_acquisition_density
E,10.0,78.53981633974483,2.5,4.908738521234052,0.1,0.4,0.4 g/cm^3,85.78947368421052,3600.0,23.830409356725145,59.57602339181286,derived_from_throughput,0.7585454890052321,7.585454890052321,3.3157894736842106,spot_diameter,2.5,2.5151771477541907,1.0,1.0,0.49087385212340523,0.1963495408493621,196.34954084936209,0.1963495408493621,196.34954084936209,4.938538781163435,4938.538781163435,0.6510537407110427,651.0537407110427,196.34954084936209,throughput_acquisition_density
E,10.0,78.53981633974483,2.5,4.908738521234052,0.1,0.4,0.4 g/cm^3,85.78947368421052,3600.0,23.830409356725145,59.57602339181286,derived_from_throughput,0.7585454890052321,7.585454890052321,3.526315789473684,spot_diameter,2.5,2.6748709349131867,1.0,1.0,0.49087385212340523,0.1963495408493621,196.34954084936209,0.1963495408493621,196.34954084936209,5.252096799015081,5252.09679901508,0.6923904861530137,692.3904861530137,196.34954084936209,throughput_acquisition_density
E,10.0,78.53981633974483,2.5,4.908738521234052,0.1,0.4,0.4 g/cm^3,85.78947368421052,3600.0,23.830409356725145,59.57602339181286,derived_from_throughput,0.7585454890052321,7.585454890052321,3.7368421052631575,spot_diameter,2.5,2.834564722072183,1.0,1.0,0.49087385212340523,0.1963495408493621,196.34954084936209,0.1963495408493621,196.34954084936209,5.5656548168667275,5565.654816866728,0.7337272315949847,733.7272315949847,196.34954084936209,throughput_acquisition_density
E,10.0,78.53981633974483,2.5,4.908738521234052,0.1,0.4,0.4 g/cm^3,85.78947368421052,3600.0,23.830409356725145,59.57602339181286,derived_from_throughput,0.7585454890052321,7.585454890052321,3.9473684210526314,spot_diameter,2.5,2.9942585092311793,1.0,1.0,0.49087385212340523,0.1963495408493621,196.34954084936209,0.1963495408493621,196.34954084936209,5.879212834718374,5879.212834718374,0.7750639770369556,775.0639770369556,196.34954084936209,throughput_acquisition_density
E,10.0,78.53981633974483,2.5,4.908738521234052,0.1,0.4,0.4 g/cm^3,85.78947368421052,3600.0,23.830409356725145,59.57602339181286,derived_from_throughput,0.7585454890052321,7.585454890052321,4.157894736842105,spot_diameter,2.5,3.153952296390176,1.0,1.0,0.49087385212340523,0.1963495408493621,196.34954084936209,0.1963495408493621,196.34954084936209,6.192770852570021,6192.770852570021,0.8164007224789266,816.4007224789266,196.34954084936209,throughput_acquisition_density
E,10.0,78.53981633974483,2.5,4.908738521234052,0.1,0.4,0.4 g/cm^3,85.78947368421052,3600.0,23.830409356725145,59.57602339181286,derived_from_throughput,0.7585454890052321,7.585454890052321,4.368421052631579,spot_diameter,2.5,3.313646083549172,1.0,1.0,0.49087385212340523,0.1963495408493621,196.34954084936209,0.1963495408493621,196.34954084936209,6.506328870421668,6506.328870421668,0.8577374679208976,857.7374679208975,196.34954084936209,throughput_acquisition_density
E,10.0,78.53981633974483,2.5,4.908738521234052,0.1,0.4,0.4 g/cm^3,85.78947368421052,3600.0,23.830409356725145,59.57602339181286,derived_from_throughput,0.7585454890052321,7.585454890052321,4.578947368421052,spot_diameter,2.5,3.473339870708168,1.0,1.0,0.49087385212340523,0.1963495408493621,196.34954084936209,0.1963495408493621,196.34954084936209,6.819886888273314,6819.886888273314,0.8990742133628685,899.0742133628685,196.34954084936209,throughput_acquisition_density
E,10.0,78.53981633974483,2.5,4.908738521234052,0.1,0.4,0.4 g/cm^3,85.78947368421052,3600.0,23.830409356725145,59.57602339181286,derived_from_throughput,0.7585454890052321,7.585454890052321,4.789473684210526,spot_diameter,2.5,3.633033657867164,1.0,1.0,0.49087385212340523,0.1963495408493621,196.34954084936209,0.1963495408493621,196.34954084936209,7.13344490612496,7133.44490612496,0.9404109588048394,940.4109588048394,196.34954084936209,throughput_acquisition_density
E,10.0,78.53981633974483,2.5,4.908738521234052,0.1,0.4,0.4 g/cm^3,85.78947368421052,3600.0,23.830409356725145,59.57602339181286,derived_from_throughput,0.7585454890052321,7.585454890052321,5.0,spot_diameter,2.5,3.7927274450261605,1.0,1.0,0.49087385212340523,0.1963495408493621,196.34954084936209,0.1963495408493621,196.34954084936209,7.447002923976608,7447.002923976607,0.9817477042468105,981.7477042468105,196.34954084936209,throughput_acquisition_density
E,10.0,78.53981633974483,2.5,4.908738521234052,0.1,0.4,0.4 g/cm^3,90.52631578947367,3600.0,25.14619883040935,62.865497076023374,derived_from_throughput,0.800428368766257,8.00428368766257,1.0,spot_diameter,2.5,0.800428368766257,0.3201713475065028,0.3201713475065028,0.49087385212340523,0.1963495408493621,196.34954084936209,0.06286549707602337,62.865497076023374,1.5716374269005844,1571.6374269005844,0.1963495408493621,196.34954084936209,62.865497076023374,throughput_acquisition_density
E,10.0,78.53981633974483,2.5,4.908738521234052,0.1,0.4,0.4 g/cm^3,90.52631578947367,3600.0,25.14619883040935,62.865497076023374,derived_from_throughput,0.800428368766257,8.00428368766257,1.2105263157894737,spot_diameter,2.5,0.9689396042959953,0.38757584171839815,0.38757584171839815,0.49087385212340523,0.1963495408493621,196.34954084936209,0.07610033856571252,76.10033856571252,1.9025084641428127,1902.5084641428127,0.23768628629133307,237.68628629133306,76.10033856571252,throughput_acquisition_density
E,10.0,78.53981633974483,2.5,4.908738521234052,0.1,0.4,0.4 g/cm^3,90.52631578947367,3600.0,25.14619883040935,62.865497076023374,derived_from_throughput,0.800428368766257,8.00428368766257,1.4210526315789473,spot_diameter,2.5,1.1374508398257337,0.45498033593029347,0.45498033593029347,0.49087385212340523,0.1963495408493621,196.34954084936209,0.08933518005540164,89.33518005540164,2.233379501385041,2233.379501385041,0.279023031733304,279.023031733304,89.33518005540164,throughput_acquisition_density
E,10.0,78.53981633974483,2.5,4.908738521234052,0.1,0.4,0.4 g/cm^3,90.52631578947367,3600.0,25.14619883040935,62.865497076023374,derived_from_throughput,0.800428368766257,8.00428368766257,1.631578947368421,spot_diameter,2.5,1.305962075355472,0.5223848301421887,0.5223848301421887,0.49087385212340523,0.1963495408493621,196.34954084936209,0.10257002154509076,102.57002154509077,2.5642505386272694,2564.250538627269,0.320359777175275,320.359777175275,102.57002154509077,throughput_acquisition_density
E,10.0,78.53981633974483,2.5,4.908738521234052,0.1,0.4,0.4 g/cm^3,90.52631578947367,3600.0,25.14619883040935,62.865497076023374,derived_from_throughput,0.800428368766257,8.00428368766257,1.8421052631578947,spot_diameter,2.5,1.4744733108852102,0.589789324354084,0.589789324354084,0.49087385212340523,0.1963495408493621,196.34954084936209,0.1158048630347799,115.8048630347799,2.8951215758694975,2895.1215758694975,0.36169652261724594,361.69652261724593,115.8048630347799,throughput_acquisition_density
E,10.0,78.53981633974483,2.5,4.908738521234052,0.1,0.4,0.4 g/cm^3,90.52631578947367,3600.0,25.14619883040935,62.865497076023374,derived_from_throughput,0.800428368766257,8.00428368766257,2.052631578947368,spot_diameter,2.5,1.6429845464149484,0.6571938185659794,0.6571938185659794,0.49087385212340523,0.1963495408493621,196.34954084936209,0.12903970452446903,129.03970452446902,3.2259926131117256,3225.9926131117254,0.4030332680592169,403.03326805921694,129.03970452446902,throughput_acquisition_density
E,10.0,78.53981633974483,2.5,4.908738521234052,0.1,0.4,0.4 g/cm^3,90.52631578947367,3600.0,25.14619883040935,62.865497076023374,derived_from_throughput,0.800428368766257,8.00428368766257,2.263157894736842,spot_diameter,2.5,1.8114957819446869,0.7245983127778748,0.7245983127778748,0.49087385212340523,0.1963495408493621,196.34954084936209,0.14227454601415818,142.27454601415818,3.556863650353954,3556.863650353954,0.4443700135011879,444.3700135011879,142.27454601415818,throughput_acquisition_density
E,10.0,78.53981633974483,2.5,4.908738521234052,0.1,0.4,0.4 g/cm^3,90.52631578947367,3600.0,25.14619883040935,62.865497076023374,derived_from_throughput,0.800428368766257,8.00428368766257,2.473684210526316,spot_diameter,2.5,1.9800070174744253,0.7920028069897701,0.7920028069897701,0.49087385212340523,0.1963495408493621,196.34954084936209,0.1555093875038473,155.5093875038473,3.8877346875961827,3887.7346875961825,0.4857067589431589,485.7067589431589,155.5093875038473,throughput_acquisition_density
E,10.0,78.53981633974483,2.5,4.908738521234052,0.1,0.4,0.4 g/cm^3,90.52631578947367,3600.0,25.14619883040935,62.865497076023374,derived_from_throughput,0.800428368766257,8.00428368766257,2.6842105263157894,spot_diameter,2.5,2.1485182530041635,0.8594073012016654,0.8594073012016654,0.49087385212340523,0.1963495408493621,196.34954084936209,0.16874422899353644,168.74422899353644,4.218605724838411,4218.60572483841,0.5270435043851298,527.0435043851298,168.74422899353644,throughput_acquisition_density
E,10.0,78.53981633974483,2.5,4.908738521234052,0.1,0.4,0.4 g/cm^3,90.52631578947367,3600.0,25.14619883040935,62.865497076023374,derived_from_throughput,0.800428368766257,8.00428368766257,2.894736842105263,spot_diameter,2.5,2.3170294885339016,0.9268117954135606,0.9268117954135606,0.49087385212340523,0.1963495408493621,196.34954084936209,0.18197907048322554,181.97907048322554,4.549476762080639,4549.476762080639,0.5683802498271008,568.3802498271008,181.97907048322554,throughput_acquisition_density
E,10.0,78.53981633974483,2.5,4.908738521234052,0.1,0.4,0.4 g/cm^3,90.52631578947367,3600.0,25.14619883040935,62.865497076023374,derived_from_throughput,0.800428368766257,8.00428368766257,3.1052631578947367,spot_diameter,2.5,2.48554072406364,0.994216289625456,0.994216289625456,0.49087385212340523,0.1963495408493621,196.34954084936209,0.1952139119729147,195.2139119729147,4.880347799322867,4880.347799322867,0.6097169952690717,609.7169952690717,195.2139119729147,throughput_acquisition_density
E,10.0,78.53981633974483,2.5,4.908738521234052,0.1,0.4,0.4 g/cm^3,90.52631578947367,3600.0,25.14619883040935,62.865497076023374,derived_from_throughput,0.800428368766257,8.00428368766257,3.3157894736842106,spot_diameter,2.5,2.6540519595933785,1.0,1.0,0.49087385212340523,0.1963495408493621,196.34954084936209,0.1963495408493621,196.34954084936209,5.211218836565096,5211.218836565096,0.6510537407110427,651.0537407110427,196.34954084936209,throughput_acquisition_density
E,10.0,78.53981633974483,2.5,4.908738521234052,0.1,0.4,0.4 g/cm^3,90.52631578947367,3600.0,25.14619883040935,62.865497076023374,derived_from_throughput,0.800428368766257,8.00428368766257,3.526315789473684,spot_diameter,2.5,2.8225631951231165,1.0,1.0,0.49087385212340523,0.1963495408493621,196.34954084936209,0.1963495408493621,196.34954084936209,5.542089873807324,5542.089873807324,0.6923904861530137,692.3904861530137,196.34954084936209,throughput_acquisition_density
E,10.0,78.53981633974483,2.5,4.908738521234052,0.1,0.4,0.4 g/cm^3,90.52631578947367,3600.0,25.14619883040935,62.865497076023374,derived_from_throughput,0.800428368766257,8.00428368766257,3.7368421052631575,spot_diameter,2.5,2.991074430652855,1.0,1.0,0.49087385212340523,0.1963495408493621,196.34954084936209,0.1963495408493621,196.34954084936209,5.872960911049551,5872.960911049551,0.7337272315949847,733.7272315949847,196.34954084936209,throughput_acquisition_density
E,10.0,78.53981633974483,2.5,4.908738521234052,0.1,0.4,0.4 g/cm^3,90.52631578947367,3600.0,25.14619883040935,62.865497076023374,derived_from_throughput,0.800428368766257,8.00428368766257,3.9473684210526314,spot_diameter,2.5,3.1595856661825934,1.0,1.0,0.49087385212340523,0.1963495408493621,196.34954084936209,0.1963495408493621,196.34954084936209,6.20383194829178,6203.8319482917805,0.7750639770369556,775.0639770369556,196.34954084936209,throughput_acquisition_density
E,10.0,78.53981633974483,2.5,4.908738521234052,0.1,0.4,0.4 g/cm^3,90.52631578947367,3600.0,25.14619883040935,62.865497076023374,derived_from_throughput,0.800428368766257,8.00428368766257,4.157894736842105,spot_diameter,2.5,3.328096901712332,1.0,1.0,0.49087385212340523,0.1963495408493621,196.34954084936209,0.1963495408493621,196.34954084936209,6.534702985534008,6534.702985534009,0.8164007224789266,816.4007224789266,196.34954084936209,throughput_acquisition_density
E,10.0,78.53981633974483,2.5,4.908738521234052,0.1,0.4,0.4 g/cm^3,90.52631578947367,3600.0,25.14619883040935,62.865497076023374,derived_from_throughput,0.800428368766257,8.00428368766257,4.368421052631579,spot_diameter,2.5,3.49660813724207,1.0,1.0,0.49087385212340523,0.1963495408493621,196.34954084936209,0.1963495408493621,196.34954084936209,6.8655740227762365,6865.574022776236,0.8577374679208976,857.7374679208975,196.34954084936209,throughput_acquisition_density
E,10.0,78.53981633974483,2.5,4.908738521234052,0.1,0.4,0.4 g/cm^3,90.52631578947367,3600.0,25.14619883040935,62.865497076023374,derived_from_throughput,0.800428368766257,8.00428368766257,4.578947368421052,spot_diameter,2.5,3.665119372771808,1.0,1.0,0.49087385212340523,0.1963495408493621,196.34954084936209,0.1963495408493621,196.34954084936209,7.196445060018465,7196.445060018465,0.8990742133628685,899.0742133628685,196.34954084936209,throughput_acquisition_density
E,10.0,78.53981633974483,2.5,4.908738521234052,0.1,0.4,0.4 g/cm^3,90.52631578947367,3600.0,25.14619883040935,62.865497076023374,derived_from_throughput,0.800428368766257,8.00428368766257,4.789473684210526,spot_diameter,2.5,3.8336306083015463,1.0,1.0,0.49087385212340523,0.1963495408493621,196.34954084936209,0.1963495408493621,196.34954084936209,7.527316097260693,7527.316097260693,0.9404109588048394,940.4109588048394,196.34954084936209,throughput_acquisition_density
E,10.0,78.53981633974483,2.5,4.908738521234052,0.1,0.4,0.4 g/cm^3,90.52631578947367,3600.0,25.14619883040935,62.865497076023374,derived_from_throughput,0.800428368766257,8.00428368766257,5.0,spot_diameter,2.5,4.002141843831285,1.0,1.0,0.49087385212340523,0.1963495408493621,196.34954084936209,0.1963495408493621,196.34954084936209,7.858187134502922,7858.187134502922,0.9817477042468105,981.7477042468105,196.34954084936209,throughput_acquisition_density
E,10.0,78.53981633974483,2.5,4.908738521234052,0.1,0.4,0.4 g/cm^3,95.26315789473684,3600.0,26.461988304093566,66.15497076023391,derived_from_throughput,0.8423112485272822,8.423112485272823,1.0,spot_diameter,2.5,0.8423112485272822,0.3369244994109129,0.3369244994109129,0.49087385212340523,0.1963495408493621,196.34954084936209,0.06615497076023392,66.15497076023392,1.6538742690058479,1653.874269005848,0.1963495408493621,196.34954084936209,66.15497076023392,throughput_acquisition_density
E,10.0,78.53981633974483,2.5,4.908738521234052,0.1,0.4,0.4 g/cm^3,95.26315789473684,3600.0,26.461988304093566,66.15497076023391,derived_from_throughput,0.8423112485272822,8.423112485272823,1.2105263157894737,spot_diameter,2.5,1.0196399324277627,0.4078559729711051,0.4078559729711051,0.49087385212340523,0.1963495408493621,196.34954084936209,0.08008233302554632,80.08233302554632,2.002058325638658,2002.058325638658,0.23768628629133307,237.68628629133306,80.08233302554632,throughput_acquisition_density
E,10.0,78.53981633974483,2.5,4.908738521234052,0.1,0.4,0.4 g/cm^3,95.26315789473684,3600.0,26.461988304093566,66.15497076023391,derived_from_throughput,0.8423112485272822,8.423112485272823,1.4210526315789473,spot_diameter,2.5,1.1969686163282431,0.47878744653129723,0.47878744653129723,0.49087385212340523,0.1963495408493621,196.34954084936209,0.09400969529085872,94.00969529085872,2.350242382271468,2350.242382271468,0.279023031733304,279.023031733304,94.00969529085872,throughput_acquisition_density
E,10.0,78.53981633974483,2.5,4.908738521234052,0.1,0.4,0.4 g/cm^3,95.26315789473684,3600.0,26.461988304093566,66.15497076023391,derived_from_throughput,0.8423112485272822,8.423112485272823,1.631578947368421,spot_diameter,2.5,1.3742973002287235,0.5497189200914894,0.5497189200914894,0.49087385212340523,0.1963495408493621,196.34954084936209,0.10793705755617111,107.93705755617111,2.6984264389042782,2698.4264389042783,0.320359777175275,320.359777175275,107.93705755617111,throughput_acquisition_density
E,10.0,78.53981633974483,2.5,4.908738521234052,0.1,0.4,0.4 g/cm^3,95.26315789473684,3600.0,26.461988304093566,66.15497076023391,derived_from_throughput,0.8423112485272822,8.423112485272823,1.8421052631578947,spot_diameter,2.5,1.5516259841292042,0.6206503936516816,0.6206503936516816,0.49087385212340523,0.1963495408493621,196.34954084936209,0.12186441982148352,121.86441982148352,3.046610495537088,3046.610495537088,0.36169652261724594,361.69652261724593,121.86441982148352,throughput_acquisition_density
E,10.0,78.53981633974483,2.5,4.908738521234052,0.1,0.4,0.4 g/cm^3,95.26315789473684,3600.0,26.461988304093566,66.15497076023391,derived_from_throughput,0.8423112485272822,8.423112485272823,2.052631578947368,spot_diameter,2.5,1.7289546680296843,0.6915818672118738,0.6915818672118738,0.49087385212340523,0.1963495408493621,196.34954084936209,0.13579178208679593,135.79178208679593,3.394794552169898,3394.794552169898,0.4030332680592169,403.03326805921694,135.79178208679593,throughput_acquisition_density
E,10.0,78.53981633974483,2.5,4.908738521234052,0.1,0.4,0.4 g/cm^3,95.26315789473684,3600.0,26.461988304093566,66.15497076023391,derived_from_throughput,0.8423112485272822,8.423112485272823,2.263157894736842,spot_diameter,2.5,1.906283351930165,0.762513340772066,0.762513340772066,0.49087385212340523,0.1963495408493621,196.34954084936209,0.14971914435210834,149.71914435210834,3.742978608802708,3742.978608802708,0.4443700135011879,444.3700135011879,149.71914435210834,throughput_acquisition_density
E,10.0,78.53981633974483,2.5,4.908738521234052,0.1,0.4,0.4 g/cm^3,95.26315789473684,3600.0,26.461988304093566,66.15497076023391,derived_from_throughput,0.8423112485272822,8.423112485272823,2.473684210526316,spot_diameter,2.5,2.0836120358306456,0.8334448143322583,0.8334448143322583,0.49087385212340523,0.1963495408493621,196.34954084936209,0.16364650661742075,163.64650661742075,4.091162665435519,4091.1626654355186,0.4857067589431589,485.7067589431589,163.64650661742075,throughput_acquisition_density
E,10.0,78.53981633974483,2.5,4.908738521234052,0.1,0.4,0.4 g/cm^3,95.26315789473684,3600.0,26.461988304093566,66.15497076023391,derived_from_throughput,0.8423112485272822,8.423112485272823,2.6842105263157894,spot_diameter,2.5,2.260940719731126,0.9043762878924504,0.9043762878924504,0.49087385212340523,0.1963495408493621,196.34954084936209,0.17757386888273313,177.57386888273314,4.439346722068328,4439.346722068328,0.5270435043851298,527.0435043851298,177.57386888273314,throughput_acquisition_density
E,10.0,78.53981633974483,2.5,4.908738521234052,0.1,0.4,0.4 g/cm^3,95.26315789473684,3600.0,26.461988304093566,66.15497076023391,derived_from_throughput,0.8423112485272822,8.423112485272823,2.894736842105263,spot_diameter,2.5,2.4382694036316064,0.9753077614526425,0.9753077614526425,0.49087385212340523,0.1963495408493621,196.34954084936209,0.19150123114804554,191.50123114804555,4.787530778701138,4787.530778701138,0.5683802498271008,568.3802498271008,191.50123114804555,throughput_acquisition_density
E,10.0,78.53981633974483,2.5,4.908738521234052,0.1,0.4,0.4 g/cm^3,95.26315789473684,3600.0,26.461988304093566,66.15497076023391,derived_from_throughput,0.8423112485272822,8.423112485272823,3.1052631578947367,spot_diameter,2.5,2.615598087532087,1.0,1.0,0.49087385212340523,0.1963495408493621,196.34954084936209,0.1963495408493621,196.34954084936209,5.135714835333949,5135.714835333949,0.6097169952690717,609.7169952690717,196.34954084936209,throughput_acquisition_density
E,10.0,78.53981633974483,2.5,4.908738521234052,0.1,0.4,0.4 g/cm^3,95.26315789473684,3600.0,26.461988304093566,66.15497076023391,derived_from_throughput,0.8423112485272822,8.423112485272823,3.3157894736842106,spot_diameter,2.5,2.7929267714325676,1.0,1.0,0.49087385212340523,0.1963495408493621,196.34954084936209,0.1963495408493621,196.34954084936209,5.483898891966759,5483.898891966759,0.6510537407110427,651.0537407110427,196.34954084936209,throughput_acquisition_density
E,10.0,78.53981633974483,2.5,4.908738521234052,0.1,0.4,0.4 g/cm^3,95.26315789473684,3600.0,26.461988304093566,66.15497076023391,derived_from_throughput,0.8423112485272822,8.423112485272823,3.526315789473684,spot_diameter,2.5,2.9702554553330476,1.0,1.0,0.49087385212340523,0.1963495408493621,196.34954084936209,0.1963495408493621,196.34954084936209,5.832082948599568,5832.082948599568,0.6923904861530137,692.3904861530137,196.34954084936209,throughput_acquisition_density
E,10.0,78.53981633974483,2.5,4.908738521234052,0.1,0.4,0.4 g/cm^3,95.26315789473684,3600.0,26.461988304093566,66.15497076023391,derived_from_throughput,0.8423112485272822,8.423112485272823,3.7368421052631575,spot_diameter,2.5,3.147584139233528,1.0,1.0,0.49087385212340523,0.1963495408493621,196.34954084936209,0.1963495408493621,196.34954084936209,6.180267005232379,6180.267005232378,0.7337272315949847,733.7272315949847,196.34954084936209,throughput_acquisition_density
E,10.0,78.53981633974483,2.5,4.908738521234052,0.1,0.4,0.4 g/cm^3,95.26315789473684,3600.0,26.461988304093566,66.15497076023391,derived_from_throughput,0.8423112485272822,8.423112485272823,3.9473684210526314,spot_diameter,2.5,3.324912823134009,1.0,1.0,0.49087385212340523,0.1963495408493621,196.34954084936209,0.1963495408493621,196.34954084936209,6.528451061865189,6528.451061865189,0.7750639770369556,775.0639770369556,196.34954084936209,throughput_acquisition_density
E,10.0,78.53981633974483,2.5,4.908738521234052,0.1,0.4,0.4 g/cm^3,95.26315789473684,3600.0,26.461988304093566,66.15497076023391,derived_from_throughput,0.8423112485272822,8.423112485272823,4.157894736842105,spot_diameter,2.5,3.502241507034489,1.0,1.0,0.49087385212340523,0.1963495408493621,196.34954084936209,0.1963495408493621,196.34954084936209,6.876635118497999,6876.635118497999,0.8164007224789266,816.4007224789266,196.34954084936209,throughput_acquisition_density
E,10.0,78.53981633974483,2.5,4.908738521234052,0.1,0.4,0.4 g/cm^3,95.26315789473684,3600.0,26.461988304093566,66.15497076023391,derived_from_throughput,0.8423112485272822,8.423112485272823,4.368421052631579,spot_diameter,2.5,3.6795701909349696,1.0,1.0,0.49087385212340523,0.1963495408493621,196.34954084936209,0.1963495408493621,196.34954084936209,7.224819175130809,7224.819175130809,0.8577374679208976,857.7374679208975,196.34954084936209,throughput_acquisition_density
E,10.0,78.53981633974483,2.5,4.908738521234052,0.1,0.4,0.4 g/cm^3,95.26315789473684,3600.0,26.461988304093566,66.15497076023391,derived_from_throughput,0.8423112485272822,8.423112485272823,4.578947368421052,spot_diameter,2.5,3.85689887483545,1.0,1.0,0.49087385212340523,0.1963495408493621,196.34954084936209,0.1963495408493621,196.34954084936209,7.573003231763619,7573.003231763619,0.8990742133628685,899.0742133628685,196.34954084936209,throughput_acquisition_density
E,10.0,78.53981633974483,2.5,4.908738521234052,0.1,0.4,0.4 g/cm^3,95.26315789473684,3600.0,26.461988304093566,66.15497076023391,derived_from_throughput,0.8423112485272822,8.423112485272823,4.789473684210526,spot_diameter,2.5,4.03422755873593,1.0,1.0,0.49087385212340523,0.1963495408493621,196.34954084936209,0.1963495408493621,196.34954084936209,7.921187288396428,7921.187288396428,0.9404109588048394,940.4109588048394,196.34954084936209,throughput_acquisition_density
E,10.0,78.53981633974483,2.5,4.908738521234052,0.1,0.4,0.4 g/cm^3,95.26315789473684,3600.0,26.461988304093566,66.15497076023391,derived_from_throughput,0.8423112485272822,8.423112485272823,5.0,spot_diameter,2.5,4.211556242636411,1.0,1.0,0.49087385212340523,0.1963495408493621,196.34954084936209,0.1963495408493621,196.34954084936209,8.269371345029239,8269.371345029238,0.9817477042468105,981.7477042468105,196.34954084936209,throughput_acquisition_density
E,10.0,78.53981633974483,2.5,4.908738521234052,0.1,0.4,0.4 g/cm^3,100.0,3600.0,27.77777777777778,69.44444444444444,derived_from_throughput,0.8841941282883073,8.841941282883074,1.0,spot_diameter,2.5,0.8841941282883073,0.3536776513153229,0.3536776513153229,0.49087385212340523,0.1963495408493621,196.34954084936209,0.06944444444444445,69.44444444444444,1.7361111111111112,1736.111111111111,0.1963495408493621,196.34954084936209,69.44444444444444,throughput_acquisition_density
E,10.0,78.53981633974483,2.5,4.908738521234052,0.1,0.4,0.4 g/cm^3,100.0,3600.0,27.77777777777778,69.44444444444444,derived_from_throughput,0.8841941282883073,8.841941282883074,1.2105263157894737,spot_diameter,2.5,1.07034026055953,0.428136104223812,0.428136104223812,0.49087385212340523,0.1963495408493621,196.34954084936209,0.08406432748538012,84.06432748538012,2.101608187134503,2101.608187134503,0.23768628629133307,237.68628629133306,84.06432748538012,throughput_acquisition_density
E,10.0,78.53981633974483,2.5,4.908738521234052,0.1,0.4,0.4 g/cm^3,100.0,3600.0,27.77777777777778,69.44444444444444,derived_from_throughput,0.8841941282883073,8.841941282883074,1.4210526315789473,spot_diameter,2.5,1.2564863928307526,0.5025945571323011,0.5025945571323011,0.49087385212340523,0.1963495408493621,196.34954084936209,0.0986842105263158,98.68421052631581,2.4671052631578947,2467.1052631578946,0.279023031733304,279.023031733304,98.68421052631581,throughput_acquisition_density
E,10.0,78.53981633974483,2.5,4.908738521234052,0.1,0.4,0.4 g/cm^3,100.0,3600.0,27.77777777777778,69.44444444444444,derived_from_throughput,0.8841941282883073,8.841941282883074,1.631578947368421,spot_diameter,2.5,1.4426325251019751,0.57705301004079,0.57705301004079,0.49087385212340523,0.1963495408493621,196.34954084936209,0.11330409356725146,113.30409356725146,2.8326023391812867,2832.602339181287,0.320359777175275,320.359777175275,113.30409356725146,throughput_acquisition_density
E,10.0,78.53981633974483,2.5,4.908738521234052,0.1,0.4,0.4 g/cm^3,100.0,3600.0,27.77777777777778,69.44444444444444,derived_from_throughput,0.8841941282883073,8.841941282883074,1.8421052631578947,spot_diameter,2.5,1.6287786573731977,0.6515114629492791,0.6515114629492791,0.49087385212340523,0.1963495408493621,196.34954084936209,0.12792397660818713,127.92397660818713,3.198099415204678,3198.0994152046783,0.36169652261724594,361.69652261724593,127.92397660818713,throughput_acquisition_density
E,10.0,78.53981633974483,2.5,4.908738521234052,0.1,0.4,0.4 g/cm^3,100.0,3600.0,27.77777777777778,69.44444444444444,derived_from_throughput,0.8841941282883073,8.841941282883074,2.052631578947368,spot_diameter,2.5,1.81492478964442,0.725969915857768,0.725969915857768,0.49087385212340523,0.1963495408493621,196.34954084936209,0.14254385964912278,142.54385964912277,3.5635964912280698,3563.5964912280697,0.4030332680592169,403.03326805921694,142.54385964912277,throughput_acquisition_density
E,10.0,78.53981633974483,2.5,4.908738521234052,0.1,0.4,0.4 g/cm^3,100.0,3600.0,27.77777777777778,69.44444444444444,derived_from_throughput,0.8841941282883073,8.841941282883074,2.263157894736842,spot_diameter,2.5,2.001070921915643,0.8004283687662571,0.8004283687662571,0.49087385212340523,0.1963495408493621,196.34954084936209,0.15716374269005848,157.16374269005848,3.929093567251462,3929.093567251462,0.4443700135011879,444.3700135011879,157.16374269005848,throughput_acquisition_density
E,10.0,78.53981633974483,2.5,4.908738521234052,0.1,0.4,0.4 g/cm^3,100.0,3600.0,27.77777777777778,69.44444444444444,derived_from_throughput,0.8841941282883073,8.841941282883074,2.473684210526316,spot_diameter,2.5,2.1872170541868656,0.8748868216747463,0.8748868216747463,0.49087385212340523,0.1963495408493621,196.34954084936209,0.17178362573099418,171.78362573099417,4.294590643274854,4294.590643274854,0.4857067589431589,485.7067589431589,171.78362573099417,throughput_acquisition_density
E,10.0,78.53981633974483,2.5,4.908738521234052,0.1,0.4,0.4 g/cm^3,100.0,3600.0,27.77777777777778,69.44444444444444,derived_from_throughput,0.8841941282883073,8.841941282883074,2.6842105263157894,spot_diameter,2.5,2.373363186458088,0.9493452745832351,0.9493452745832351,0.49087385212340523,0.1963495408493621,196.34954084936209,0.1864035087719298,186.4035087719298,4.660087719298246,4660.087719298246,0.5270435043851298,527.0435043851298,186.4035087719298,throughput_acquisition_density
E,10.0,78.53981633974483,2.5,4.908738521234052,0.1,0.4,0.4 g/cm^3,100.0,3600.0,27.77777777777778,69.44444444444444,derived_from_throughput,0.8841941282883073,8.841941282883074,2.894736842105263,spot_diameter,2.5,2.5595093187293103,1.0,1.0,0.49087385212340523,0.1963495408493621,196.34954084936209,0.1963495408493621,196.34954084936209,5.025584795321637,5025.584795321637,0.5683802498271008,568.3802498271008,196.34954084936209,throughput_acquisition_density
E,10.0,78.53981633974483,2.5,4.908738521234052,0.1,0.4,0.4 g/cm^3,100.0,3600.0,27.77777777777778,69.44444444444444,derived_from_throughput,0.8841941282883073,8.841941282883074,3.1052631578947367,spot_diameter,2.5,2.745655451000533,1.0,1.0,0.49087385212340523,0.1963495408493621,196.34954084936209,0.1963495408493621,196.34954084936209,5.391081871345029,5391.081871345029,0.6097169952690717,609.7169952690717,196.34954084936209,throughput_acquisition_density
E,10.0,78.53981633974483,2.5,4.908738521234052,0.1,0.4,0.4 g/cm^3,100.0,3600.0,27.77777777777778,69.44444444444444,derived_from_throughput,0.8841941282883073,8.841941282883074,3.3157894736842106,spot_diameter,2.5,2.931801583271756,1.0,1.0,0.49087385212340523,0.1963495408493621,196.34954084936209,0.1963495408493621,196.34954084936209,5.756578947368421,5756.578947368421,0.6510537407110427,651.0537407110427,196.34954084936209,throughput_acquisition_density
E,10.0,78.53981633974483,2.5,4.908738521234052,0.1,0.4,0.4 g/cm^3,100.0,3600.0,27.77777777777778,69.44444444444444,derived_from_throughput,0.8841941282883073,8.841941282883074,3.526315789473684,spot_diameter,2.5,3.1179477155429782,1.0,1.0,0.49087385212340523,0.1963495408493621,196.34954084936209,0.1963495408493621,196.34954084936209,6.122076023391813,6122.076023391813,0.6923904861530137,692.3904861530137,196.34954084936209,throughput_acquisition_density
E,10.0,78.53981633974483,2.5,4.908738521234052,0.1,0.4,0.4 g/cm^3,100.0,3600.0,27.77777777777778,69.44444444444444,derived_from_throughput,0.8841941282883073,8.841941282883074,3.7368421052631575,spot_diameter,2.5,3.304093847814201,1.0,1.0,0.49087385212340523,0.1963495408493621,196.34954084936209,0.1963495408493621,196.34954084936209,6.487573099415204,6487.5730994152045,0.7337272315949847,733.7272315949847,196.34954084936209,throughput_acquisition_density
E,10.0,78.53981633974483,2.5,4.908738521234052,0.1,0.4,0.4 g/cm^3,100.0,3600.0,27.77777777777778,69.44444444444444,derived_from_throughput,0.8841941282883073,8.841941282883074,3.9473684210526314,spot_diameter,2.5,3.490239980085424,1.0,1.0,0.49087385212340523,0.1963495408493621,196.34954084936209,0.1963495408493621,196.34954084936209,6.853070175438597,6853.070175438596,0.7750639770369556,775.0639770369556,196.34954084936209,throughput_acquisition_density
E,10.0,78.53981633974483,2.5,4.908738521234052,0.1,0.4,0.4 g/cm^3,100.0,3600.0,27.77777777777778,69.44444444444444,derived_from_throughput,0.8841941282883073,8.841941282883074,4.157894736842105,spot_diameter,2.5,3.6763861123566466,1.0,1.0,0.49087385212340523,0.1963495408493621,196.34954084936209,0.1963495408493621,196.34954084936209,7.218567251461988,7218.567251461988,0.8164007224789266,816.4007224789266,196.34954084936209,throughput_acquisition_density
E,10.0,78.53981633974483,2.5,4.908738521234052,0.1,0.4,0.4 g/cm^3,100.0,3600.0,27.77777777777778,69.44444444444444,derived_from_throughput,0.8841941282883073,8.841941282883074,4.368421052631579,spot_diameter,2.5,3.862532244627869,1.0,1.0,0.49087385212340523,0.1963495408493621,196.34954084936209,0.1963495408493621,196.34954084936209,7.58406432748538,7584.06432748538,0.8577374679208976,857.7374679208975,196.34954084936209,throughput_acquisition_density
E,10.0,78.53981633974483,2.5,4.908738521234052,0.1,0.4,0.4 g/cm^3,100.0,3600.0,27.77777777777778,69.44444444444444,derived_from_throughput,0.8841941282883073,8.841941282883074,4.578947368421052,spot_diameter,2.5,4.048678376899091,1.0,1.0,0.49087385212340523,0.1963495408493621,196.34954084936209,0.1963495408493621,196.34954084936209,7.949561403508771,7949.561403508771,0.8990742133628685,899.0742133628685,196.34954084936209,throughput_acquisition_density
E,10.0,78.53981633974483,2.5,4.908738521234052,0.1,0.4,0.4 g/cm^3,100.0,3600.0,27.77777777777778,69.44444444444444,derived_from_throughput,0.8841941282883073,8.841941282883074,4.789473684210526,spot_diameter,2.5,4.234824509170314,1.0,1.0,0.49087385212340523,0.1963495408493621,196.34954084936209,0.1963495408493621,196.34954084936209,8.315058479532162,8315.058479532163,0.9404109588048394,940.4109588048394,196.34954084936209,throughput_acquisition_density
E,10.0,78.53981633974483,2.5,4.908738521234052,0.1,0.4,0.4 g/cm^3,100.0,3600.0,27.77777777777778,69.44444444444444,derived_from_throughput,0.8841941282883073,8.841941282883074,5.0,spot_diameter,2.5,4.420970641441537,1.0,1.0,0.49087385212340523,0.1963495408493621,196.34954084936209,0.1963495408493621,196.34954084936209,8.680555555555555,8680.555555555555,0.9817477042468105,981.7477042468105,196.34954084936209,throughput_acquisition_density
E,10.0,78.53981633974483,2.5,4.908738521234052,0.1,0.5,0.5 g/cm^3,10.0,3600.0,2.7777777777777777,5.555555555555555,derived_from_throughput,0.07073553026306459,0.7073553026306458,1.0,spot_diameter,2.5,0.07073553026306459,0.028294212105225834,0.028294212105225834,0.49087385212340523,0.24543692606170261,245.43692606170262,0.006944444444444444,6.944444444444444,0.1736111111111111,173.61111111111111,0.24543692606170261,245.43692606170262,6.944444444444444,throughput_acquisition_density
E,10.0,78.53981633974483,2.5,4.908738521234052,0.1,0.5,0.5 g/cm^3,10.0,3600.0,2.7777777777777777,5.555555555555555,derived_from_throughput,0.07073553026306459,0.7073553026306458,1.2105263157894737,spot_diameter,2.5,0.0856272208447624,0.03425088833790496,0.03425088833790496,0.49087385212340523,0.24543692606170261,245.43692606170262,0.008406432748538013,8.406432748538013,0.21016081871345027,210.16081871345028,0.2971078578641663,297.1078578641663,8.406432748538013,throughput_acquisition_density
E,10.0,78.53981633974483,2.5,4.908738521234052,0.1,0.5,0.5 g/cm^3,10.0,3600.0,2.7777777777777777,5.555555555555555,derived_from_throughput,0.07073553026306459,0.7073553026306458,1.4210526315789473,spot_diameter,2.5,0.1005189114264602,0.04020756457058408,0.04020756457058408,0.49087385212340523,0.24543692606170261,245.43692606170262,0.009868421052631578,9.868421052631579,0.24671052631578946,246.71052631578945,0.34877878966663,348.77878966663,9.868421052631579,throughput_acquisition_density
E,10.0,78.53981633974483,2.5,4.908738521234052,0.1,0.5,0.5 g/cm^3,10.0,3600.0,2.7777777777777777,5.555555555555555,derived_from_throughput,0.07073553026306459,0.7073553026306458,1.631578947368421,spot_diameter,2.5,0.11541060200815802,0.04616424080326321,0.04616424080326321,0.49087385212340523,0.24543692606170261,245.43692606170262,0.011330409356725147,11.330409356725147,0.28326023391812866,283.2602339181287,0.40044972146909374,400.44972146909373,11.330409356725147,throughput_acquisition_density
E,10.0,78.53981633974483,2.5,4.908738521234052,0.1,0.5,0.5 g/cm^3,10.0,3600.0,2.7777777777777777,5.555555555555555,derived_from_throughput,0.07073553026306459,0.7073553026306458,1.8421052631578947,spot_diameter,2.5,0.13030229258985582,0.05212091703594233,0.05212091703594233,0.49087385212340523,0.24543692606170261,245.43692606170262,0.012792397660818713,12.792397660818713,0.3198099415204678,319.8099415204678,0.4521206532715574,452.12065327155744,12.792397660818713,throughput_acquisition_density
E,10.0,78.53981633974483,2.5,4.908738521234052,0.1,0.5,0.5 g/cm^3,10.0,3600.0,2.7777777777777777,5.555555555555555,derived_from_throughput,0.07073553026306459,0.7073553026306458,2.052631578947368,spot_diameter,2.5,0.1451939831715536,0.05807759326862144,0.05807759326862144,0.49087385212340523,0.24543692606170261,245.43692606170262,0.014254385964912278,14.254385964912279,0.35635964912280693,356.35964912280696,0.5037915850740211,503.7915850740211,14.254385964912279,throughput_acquisition_density
E,10.0,78.53981633974483,2.5,4.908738521234052,0.1,0.5,0.5 g/cm^3,10.0,3600.0,2.7777777777777777,5.555555555555555,derived_from_throughput,0.07073553026306459,0.7073553026306458,2.263157894736842,spot_diameter,2.5,0.16008567375325145,0.06403426950130058,0.06403426950130058,0.49087385212340523,0.24543692606170261,245.43692606170262,0.015716374269005847,15.716374269005847,0.39290935672514615,392.90935672514615,0.5554625168764848,555.4625168764849,15.716374269005847,throughput_acquisition_density
E,10.0,78.53981633974483,2.5,4.908738521234052,0.1,0.5,0.5 g/cm^3,10.0,3600.0,2.7777777777777777,5.555555555555555,derived_from_throughput,0.07073553026306459,0.7073553026306458,2.473684210526316,spot_diameter,2.5,0.17497736433494926,0.06999094573397971,0.06999094573397971,0.49087385212340523,0.24543692606170261,245.43692606170262,0.017178362573099418,17.178362573099417,0.4294590643274854,429.45906432748535,0.6071334486789486,607.1334486789486,17.178362573099417,throughput_acquisition_density
E,10.0,78.53981633974483,2.5,4.908738521234052,0.1,0.5,0.5 g/cm^3,10.0,3600.0,2.7777777777777777,5.555555555555555,derived_from_throughput,0.07073553026306459,0.7073553026306458,2.6842105263157894,spot_diameter,2.5,0.18986905491664705,0.07594762196665882,0.07594762196665882,0.49087385212340523,0.24543692606170261,245.43692606170262,0.01864035087719298,18.640350877192983,0.46600877192982454,466.00877192982455,0.6588043804814122,658.8043804814122,18.640350877192983,throughput_acquisition_density
E,10.0,78.53981633974483,2.5,4.908738521234052,0.1,0.5,0.5 g/cm^3,10.0,3600.0,2.7777777777777777,5.555555555555555,derived_from_throughput,0.07073553026306459,0.7073553026306458,2.894736842105263,spot_diameter,2.5,0.20476074549834483,0.08190429819933794,0.08190429819933794,0.49087385212340523,0.24543692606170261,245.43692606170262,0.02010233918128655,20.10233918128655,0.5025584795321637,502.5584795321637,0.710475312283876,710.475312283876,20.10233918128655,throughput_acquisition_density
E,10.0,78.53981633974483,2.5,4.908738521234052,0.1,0.5,0.5 g/cm^3,10.0,3600.0,2.7777777777777777,5.555555555555555,derived_from_throughput,0.07073553026306459,0.7073553026306458,3.1052631578947367,spot_diameter,2.5,0.21965243608004267,0.08786097443201707,0.08786097443201707,0.49087385212340523,0.24543692606170261,245.43692606170262,0.021564327485380116,21.564327485380115,0.5391081871345029,539.1081871345029,0.7621462440863397,762.1462440863397,21.564327485380115,throughput_acquisition_density
E,10.0,78.53981633974483,2.5,4.908738521234052,0.1,0.5,0.5 g/cm^3,10.0,3600.0,2.7777777777777777,5.555555555555555,derived_from_throughput,0.07073553026306459,0.7073553026306458,3.3157894736842106,spot_diameter,2.5,0.2345441266617405,0.09381765066469619,0.09381765066469619,0.49087385212340523,0.24543692606170261,245.43692606170262,0.023026315789473683,23.02631578947368,0.5756578947368421,575.6578947368422,0.8138171758888034,813.8171758888034,23.02631578947368,throughput_acquisition_density
E,10.0,78.53981633974483,2.5,4.908738521234052,0.1,0.5,0.5 g/cm^3,10.0,3600.0,2.7777777777777777,5.555555555555555,derived_from_throughput,0.07073553026306459,0.7073553026306458,3.526315789473684,spot_diameter,2.5,0.24943581724343827,0.09977432689737531,0.09977432689737531,0.49087385212340523,0.24543692606170261,245.43692606170262,0.02448830409356725,24.48830409356725,0.6122076023391813,612.2076023391812,0.865488107691267,865.488107691267,24.48830409356725,throughput_acquisition_density
E,10.0,78.53981633974483,2.5,4.908738521234052,0.1,0.5,0.5 g/cm^3,10.0,3600.0,2.7777777777777777,5.555555555555555,derived_from_throughput,0.07073553026306459,0.7073553026306458,3.7368421052631575,spot_diameter,2.5,0.2643275078251361,0.10573100313005443,0.10573100313005443,0.49087385212340523,0.24543692606170261,245.43692606170262,0.025950292397660817,25.950292397660817,0.6487573099415204,648.7573099415204,0.9171590394937308,917.1590394937308,25.950292397660817,throughput_acquisition_density
E,10.0,78.53981633974483,2.5,4.908738521234052,0.1,0.5,0.5 g/cm^3,10.0,3600.0,2.7777777777777777,5.555555555555555,derived_from_throughput,0.07073553026306459,0.7073553026306458,3.9473684210526314,spot_diameter,2.5,0.2792191984068339,0.11168767936273356,0.11168767936273356,0.49087385212340523,0.24543692606170261,245.43692606170262,0.027412280701754388,27.412280701754387,0.6853070175438596,685.3070175438596,0.9688299712961945,968.8299712961946,27.412280701754387,throughput_acquisition_density
E,10.0,78.53981633974483,2.5,4.908738521234052,0.1,0.5,0.5 g/cm^3,10.0,3600.0,2.7777777777777777,5.555555555555555,derived_from_throughput,0.07073553026306459,0.7073553026306458,4.157894736842105,spot_diameter,2.5,0.2941108889885317,0.11764435559541268,0.11764435559541268,0.49087385212340523,0.24543692606170261,245.43692606170262,0.02887426900584795,28.874269005847953,0.7218567251461988,721.8567251461988,1.0205009030986583,1020.5009030986582,28.874269005847953,throughput_acquisition_density
E,10.0,78.53981633974483,2.5,4.908738521234052,0.1,0.5,0.5 g/cm^3,10.0,3600.0,2.7777777777777777,5.555555555555555,derived_from_throughput,0.07073553026306459,0.7073553026306458,4.368421052631579,spot_diameter,2.5,0.30900257957022953,0.12360103182809182,0.12360103182809182,0.49087385212340523,0.24543692606170261,245.43692606170262,0.030336257309941522,30.336257309941523,0.7584064327485379,758.4064327485379,1.072171834901122,1072.171834901122,30.336257309941523,throughput_acquisition_density
E,10.0,78.53981633974483,2.5,4.908738521234052,0.1,0.5,0.5 g/cm^3,10.0,3600.0,2.7777777777777777,5.555555555555555,derived_from_throughput,0.07073553026306459,0.7073553026306458,4.578947368421052,spot_diameter,2.5,0.3238942701519273,0.1295577080607709,0.1295577080607709,0.49087385212340523,0.24543692606170261,245.43692606170262,0.03179824561403508,31.798245614035082,0.7949561403508771,794.9561403508771,1.1238427667035855,1123.8427667035855,31.798245614035082,throughput_acquisition_density
E,10.0,78.53981633974483,2.5,4.908738521234052,0.1,0.5,0.5 g/cm^3,10.0,3600.0,2.7777777777777777,5.555555555555555,derived_from_throughput,0.07073553026306459,0.7073553026306458,4.789473684210526,spot_diameter,2.5,0.3387859607336251,0.13551438429345003,0.13551438429345003,0.49087385212340523,0.24543692606170261,245.43692606170262,0.03326023391812865,33.26023391812865,0.8315058479532162,831.5058479532163,1.1755136985060493,1175.5136985060492,33.26023391812865,throughput_acquisition_density
E,10.0,78.53981633974483,2.5,4.908738521234052,0.1,0.5,0.5 g/cm^3,10.0,3600.0,2.7777777777777777,5.555555555555555,derived_from_throughput,0.07073553026306459,0.7073553026306458,5.0,spot_diameter,2.5,0.3536776513153229,0.14147106052612918,0.14147106052612918,0.49087385212340523,0.24543692606170261,245.43692606170262,0.034722222222222224,34.72222222222222,0.8680555555555556,868.0555555555555,1.227184630308513,1227.184630308513,34.72222222222222,throughput_acquisition_density
E,10.0,78.53981633974483,2.5,4.908738521234052,0.1,0.5,0.5 g/cm^3,14.736842105263158,3600.0,4.093567251461988,8.187134502923977,derived_from_throughput,0.10424183407188467,1.0424183407188468,1.0,spot_diameter,2.5,0.10424183407188467,0.04169673362875387,0.04169673362875387,0.49087385212340523,0.24543692606170261,245.43692606170262,0.010233918128654972,10.233918128654972,0.25584795321637427,255.84795321637426,0.24543692606170261,245.43692606170262,10.233918128654972,throughput_acquisition_density
E,10.0,78.53981633974483,2.5,4.908738521234052,0.1,0.5,0.5 g/cm^3,14.736842105263158,3600.0,4.093567251461988,8.187134502923977,derived_from_throughput,0.10424183407188467,1.0424183407188468,1.2105263157894737,spot_diameter,2.5,0.12618748335017618,0.050474993340070475,0.050474993340070475,0.49087385212340523,0.24543692606170261,245.43692606170262,0.012388427208371808,12.388427208371809,0.30971068020929515,309.71068020929516,0.2971078578641663,297.1078578641663,12.388427208371809,throughput_acquisition_density
E,10.0,78.53981633974483,2.5,4.908738521234052,0.1,0.5,0.5 g/cm^3,14.736842105263158,3600.0,4.093567251461988,8.187134502923977,derived_from_throughput,0.10424183407188467,1.0424183407188468,1.4210526315789473,spot_diameter,2.5,0.1481331326284677,0.05925325305138708,0.05925325305138708,0.49087385212340523,0.24543692606170261,245.43692606170262,0.014542936288088646,14.542936288088645,0.36357340720221604,363.57340720221606,0.34877878966663,348.77878966663,14.542936288088645,throughput_acquisition_density
E,10.0,78.53981633974483,2.5,4.908738521234052,0.1,0.5,0.5 g/cm^3,14.736842105263158,3600.0,4.093567251461988,8.187134502923977,derived_from_throughput,0.10424183407188467,1.0424183407188468,1.631578947368421,spot_diameter,2.5,0.1700787819067592,0.06803151276270368,0.06803151276270368,0.49087385212340523,0.24543692606170261,245.43692606170262,0.016697445367805482,16.697445367805482,0.417436134195137,417.43613419513696,0.40044972146909374,400.44972146909373,16.697445367805482,throughput_acquisition_density
E,10.0,78.53981633974483,2.5,4.908738521234052,0.1,0.5,0.5 g/cm^3,14.736842105263158,3600.0,4.093567251461988,8.187134502923977,derived_from_throughput,0.10424183407188467,1.0424183407188468,1.8421052631578947,spot_diameter,2.5,0.1920244311850507,0.07680977247402028,0.07680977247402028,0.49087385212340523,0.24543692606170261,245.43692606170262,0.018851954447522315,18.851954447522314,0.47129886118805786,471.29886118805786,0.4521206532715574,452.12065327155744,18.851954447522314,throughput_acquisition_density
E,10.0,78.53981633974483,2.5,4.908738521234052,0.1,0.5,0.5 g/cm^3,14.736842105263158,3600.0,4.093567251461988,8.187134502923977,derived_from_throughput,0.10424183407188467,1.0424183407188468,2.052631578947368,spot_diameter,2.5,0.21397008046334218,0.08558803218533687,0.08558803218533687,0.49087385212340523,0.24543692606170261,245.43692606170262,0.021006463527239148,21.00646352723915,0.5251615881809787,525.1615881809787,0.5037915850740211,503.7915850740211,21.00646352723915,throughput_acquisition_density
E,10.0,78.53981633974483,2.5,4.908738521234052,0.1,0.5,0.5 g/cm^3,14.736842105263158,3600.0,4.093567251461988,8.187134502923977,derived_from_throughput,0.10424183407188467,1.0424183407188468,2.263157894736842,spot_diameter,2.5,0.23591572974163372,0.09436629189665349,0.09436629189665349,0.49087385212340523,0.24543692606170261,245.43692606170262,0.02316097260695599,23.16097260695599,0.5790243151738996,579.0243151738996,0.5554625168764848,555.4625168764849,23.16097260695599,throughput_acquisition_density
E,10.0,78.53981633974483,2.5,4.908738521234052,0.1,0.5,0.5 g/cm^3,14.736842105263158,3600.0,4.093567251461988,8.187134502923977,derived_from_throughput,0.10424183407188467,1.0424183407188468,2.473684210526316,spot_diameter,2.5,0.25786137901992523,0.10314455160797009,0.10314455160797009,0.49087385212340523,0.24543692606170261,245.43692606170262,0.025315481686672824,25.315481686672822,0.6328870421668206,632.8870421668206,0.6071334486789486,607.1334486789486,25.315481686672822,throughput_acquisition_density
E,10.0,78.53981633974483,2.5,4.908738521234052,0.1,0.5,0.5 g/cm^3,14.736842105263158,3600.0,4.093567251461988,8.187134502923977,derived_from_throughput,0.10424183407188467,1.0424183407188468,2.6842105263157894,spot_diameter,2.5,0.27980702829821674,0.11192281131928669,0.11192281131928669,0.49087385212340523,0.24543692606170261,245.43692606170262,0.02746999076638966,27.46999076638966,0.6867497691597414,686.7497691597414,0.6588043804814122,658.8043804814122,27.46999076638966,throughput_acquisition_density
E,10.0,78.53981633974483,2.5,4.908738521234052,0.1,0.5,0.5 g/cm^3,14.736842105263158,3600.0,4.093567251461988,8.187134502923977,derived_from_throughput,0.10424183407188467,1.0424183407188468,2.894736842105263,spot_diameter,2.5,0.3017526775765082,0.12070107103060328,0.12070107103060328,0.49087385212340523,0.24543692606170261,245.43692606170262,0.029624499846106492,29.62449984610649,0.7406124961526622,740.6124961526622,0.710475312283876,710.475312283876,29.62449984610649,throughput_acquisition_density
E,10.0,78.53981633974483,2.5,4.908738521234052,0.1,0.5,0.5 g/cm^3,14.736842105263158,3600.0,4.093567251461988,8.187134502923977,derived_from_throughput,0.10424183407188467,1.0424183407188468,3.1052631578947367,spot_diameter,2.5,0.32369832685479977,0.12947933074191992,0.12947933074191992,0.49087385212340523,0.24543692606170261,245.43692606170262,0.03177900892582334,31.77900892582334,0.7944752231455833,794.4752231455833,0.7621462440863397,762.1462440863397,31.77900892582334,throughput_acquisition_density
E,10.0,78.53981633974483,2.5,4.908738521234052,0.1,0.5,0.5 g/cm^3,14.736842105263158,3600.0,4.093567251461988,8.187134502923977,derived_from_throughput,0.10424183407188467,1.0424183407188468,3.3157894736842106,spot_diameter,2.5,0.3456439761330913,0.13825759045323652,0.13825759045323652,0.49087385212340523,0.24543692606170261,245.43692606170262,0.033933518005540175,33.93351800554017,0.8483379501385042,848.3379501385042,0.8138171758888034,813.8171758888034,33.93351800554017,throughput_acquisition_density
E,10.0,78.53981633974483,2.5,4.908738521234052,0.1,0.5,0.5 g/cm^3,14.736842105263158,3600.0,4.093567251461988,8.187134502923977,derived_from_throughput,0.10424183407188467,1.0424183407188468,3.526315789473684,spot_diameter,2.5,0.3675896254113828,0.14703585016455312,0.14703585016455312,0.49087385212340523,0.24543692606170261,245.43692606170262,0.036088027085257005,36.088027085257,0.902200677131425,902.2006771314251,0.865488107691267,865.488107691267,36.088027085257,throughput_acquisition_density
E,10.0,78.53981633974483,2.5,4.908738521234052,0.1,0.5,0.5 g/cm^3,14.736842105263158,3600.0,4.093567251461988,8.187134502923977,derived_from_throughput,0.10424183407188467,1.0424183407188468,3.7368421052631575,spot_diameter,2.5,0.38953527468967425,0.1558141098758697,0.1558141098758697,0.49087385212340523,0.24543692606170261,245.43692606170262,0.038242536164973834,38.242536164973835,0.9560634041243459,956.0634041243459,0.9171590394937308,917.1590394937308,38.242536164973835,throughput_acquisition_density
E,10.0,78.53981633974483,2.5,4.908738521234052,0.1,0.5,0.5 g/cm^3,14.736842105263158,3600.0,4.093567251461988,8.187134502923977,derived_from_throughput,0.10424183407188467,1.0424183407188468,3.9473684210526314,spot_diameter,2.5,0.41148092396796576,0.16459236958718632,0.16459236958718632,0.49087385212340523,0.24543692606170261,245.43692606170262,0.04039704524469068,40.39704524469067,1.0099261311172667,1009.9261311172667,0.9688299712961945,968.8299712961946,40.39704524469067,throughput_acquisition_density
E,10.0,78.53981633974483,2.5,4.908738521234052,0.1,0.5,0.5 g/cm^3,14.736842105263158,3600.0,4.093567251461988,8.187134502923977,derived_from_throughput,0.10424183407188467,1.0424183407188468,4.157894736842105,spot_diameter,2.5,0.43342657324625733,0.17337062929850294,0.17337062929850294,0.49087385212340523,0.24543692606170261,245.43692606170262,0.04255155432440752,42.55155432440752,1.0637888581101878,1063.7888581101877,1.0205009030986583,1020.5009030986582,42.55155432440752,throughput_acquisition_density
E,10.0,78.53981633974483,2.5,4.908738521234052,0.1,0.5,0.5 g/cm^3,14.736842105263158,3600.0,4.093567251461988,8.187134502923977,derived_from_throughput,0.10424183407188467,1.0424183407188468,4.368421052631579,spot_diameter,2.5,0.4553722225245488,0.18214888900981951,0.18214888900981951,0.49087385212340523,0.24543692606170261,245.43692606170262,0.04470606340412435,44.70606340412435,1.1176515851031086,1117.6515851031086,1.072171834901122,1072.171834901122,44.70606340412435,throughput_acquisition_density
E,10.0,78.53981633974483,2.5,4.908738521234052,0.1,0.5,0.5 g/cm^3,14.736842105263158,3600.0,4.093567251461988,8.187134502923977,derived_from_throughput,0.10424183407188467,1.0424183407188468,4.578947368421052,spot_diameter,2.5,0.4773178718028403,0.19092714872113611,0.19092714872113611,0.49087385212340523,0.24543692606170261,245.43692606170262,0.046860572483841186,46.86057248384119,1.1715143120960294,1171.5143120960295,1.1238427667035855,1123.8427667035855,46.86057248384119,throughput_acquisition_density
E,10.0,78.53981633974483,2.5,4.908738521234052,0.1,0.5,0.5 g/cm^3,14.736842105263158,3600.0,4.093567251461988,8.187134502923977,derived_from_throughput,0.10424183407188467,1.0424183407188468,4.789473684210526,spot_diameter,2.5,0.49926352108113176,0.1997054084324527,0.1997054084324527,0.49087385212340523,0.24543692606170261,245.43692606170262,0.04901508156355802,49.01508156355802,1.2253770390889502,1225.3770390889501,1.1755136985060493,1175.5136985060492,49.01508156355802,throughput_acquisition_density
E,10.0,78.53981633974483,2.5,4.908738521234052,0.1,0.5,0.5 g/cm^3,14.736842105263158,3600.0,4.093567251461988,8.187134502923977,derived_from_throughput,0.10424183407188467,1.0424183407188468,5.0,spot_diameter,2.5,0.5212091703594234,0.20848366814376934,0.20848366814376934,0.49087385212340523,0.24543692606170261,245.43692606170262,0.05116959064327486,51.16959064327486,1.2792397660818713,1279.2397660818713,1.227184630308513,1227.184630308513,51.16959064327486,throughput_acquisition_density
E,10.0,78.53981633974483,2.5,4.908738521234052,0.1,0.5,0.5 g/cm^3,19.473684210526315,3600.0,5.409356725146199,10.818713450292398,derived_from_throughput,0.13774813788070472,1.3774813788070472,1.0,spot_diameter,2.5,0.13774813788070472,0.05509925515228189,0.05509925515228189,0.49087385212340523,0.24543692606170261,245.43692606170262,0.013523391812865496,13.523391812865496,0.3380847953216374,338.0847953216374,0.24543692606170261,245.43692606170262,13.523391812865496,throughput_acquisition_density
E,10.0,78.53981633974483,2.5,4.908738521234052,0.1,0.5,0.5 g/cm^3,19.473684210526315,3600.0,5.409356725146199,10.818713450292398,derived_from_throughput,0.13774813788070472,1.3774813788070472,1.2105263157894737,spot_diameter,2.5,0.16674774585558994,0.06669909834223597,0.06669909834223597,0.49087385212340523,0.24543692606170261,245.43692606170262,0.0163704216682056,16.3704216682056,0.40926054170514,409.26054170514,0.2971078578641663,297.1078578641663,16.3704216682056,throughput_acquisition_density
E,10.0,78.53981633974483,2.5,4.908738521234052,0.1,0.5,0.5 g/cm^3,19.473684210526315,3600.0,5.409356725146199,10.818713450292398,derived_from_throughput,0.13774813788070472,1.3774813788070472,1.4210526315789473,spot_diameter,2.5,0.19574735383047512,0.07829894153219005,0.07829894153219005,0.49087385212340523,0.24543692606170261,245.43692606170262,0.019217451523545707,19.217451523545705,0.4804362880886426,480.4362880886426,0.34877878966663,348.77878966663,19.217451523545705,throughput_acquisition_density
E,10.0,78.53981633974483,2.5,4.908738521234052,0.1,0.5,0.5 g/cm^3,19.473684210526315,3600.0,5.409356725146199,10.818713450292398,derived_from_throughput,0.13774813788070472,1.3774813788070472,1.631578947368421,spot_diameter,2.5,0.22474696180536033,0.08989878472214413,0.08989878472214413,0.49087385212340523,0.24543692606170261,245.43692606170262,0.02206448137888581,22.06448137888581,0.5516120344721451,551.6120344721452,0.40044972146909374,400.44972146909373,22.06448137888581,throughput_acquisition_density
E,10.0,78.53981633974483,2.5,4.908738521234052,0.1,0.5,0.5 g/cm^3,19.473684210526315,3600.0,5.409356725146199,10.818713450292398,derived_from_throughput,0.13774813788070472,1.3774813788070472,1.8421052631578947,spot_diameter,2.5,0.2537465697802455,0.10149862791209821,0.10149862791209821,0.49087385212340523,0.24543692606170261,245.43692606170262,0.024911511234225914,24.911511234225912,0.6227877808556478,622.7877808556478,0.4521206532715574,452.12065327155744,24.911511234225912,throughput_acquisition_density
E,10.0,78.53981633974483,2.5,4.908738521234052,0.1,0.5,0.5 g/cm^3,19.473684210526315,3600.0,5.409356725146199,10.818713450292398,derived_from_throughput,0.13774813788070472,1.3774813788070472,2.052631578947368,spot_diameter,2.5,0.2827461777551307,0.11309847110205229,0.11309847110205229,0.49087385212340523,0.24543692606170261,245.43692606170262,0.02775854108956602,27.75854108956602,0.6939635272391503,693.9635272391504,0.5037915850740211,503.7915850740211,27.75854108956602,throughput_acquisition_density
E,10.0,78.53981633974483,2.5,4.908738521234052,0.1,0.5,0.5 g/cm^3,19.473684210526315,3600.0,5.409356725146199,10.818713450292398,derived_from_throughput,0.13774813788070472,1.3774813788070472,2.263157894736842,spot_diameter,2.5,0.31174578573001593,0.12469831429200637,0.12469831429200637,0.49087385212340523,0.24543692606170261,245.43692606170262,0.03060557094490612,30.60557094490612,0.765139273622653,765.139273622653,0.5554625168764848,555.4625168764849,30.60557094490612,throughput_acquisition_density
E,10.0,78.53981633974483,2.5,4.908738521234052,0.1,0.5,0.5 g/cm^3,19.473684210526315,3600.0,5.409356725146199,10.818713450292398,derived_from_throughput,0.13774813788070472,1.3774813788070472,2.473684210526316,spot_diameter,2.5,0.3407453937049012,0.13629815748196047,0.13629815748196047,0.49087385212340523,0.24543692606170261,245.43692606170262,0.03345260080024623,33.45260080024623,0.8363150200061557,836.3150200061557,0.6071334486789486,607.1334486789486,33.45260080024623,throughput_acquisition_density
E,10.0,78.53981633974483,2.5,4.908738521234052,0.1,0.5,0.5 g/cm^3,19.473684210526315,3600.0,5.409356725146199,10.818713450292398,derived_from_throughput,0.13774813788070472,1.3774813788070472,2.6842105263157894,spot_diameter,2.5,0.36974500167978636,0.14789800067191455,0.14789800067191455,0.49087385212340523,0.24543692606170261,245.43692606170262,0.036299630655586335,36.299630655586334,0.9074907663896582,907.4907663896582,0.6588043804814122,658.8043804814122,36.299630655586334,throughput_acquisition_density
E,10.0,78.53981633974483,2.5,4.908738521234052,0.1,0.5,0.5 g/cm^3,19.473684210526315,3600.0,5.409356725146199,10.818713450292398,derived_from_throughput,0.13774813788070472,1.3774813788070472,2.894736842105263,spot_diameter,2.5,0.3987446096546715,0.1594978438618686,0.1594978438618686,0.49087385212340523,0.24543692606170261,245.43692606170262,0.03914666051092643,39.14666051092643,0.9786665127731607,978.6665127731608,0.710475312283876,710.475312283876,39.14666051092643,throughput_acquisition_density
E,10.0,78.53981633974483,2.5,4.908738521234052,0.1,0.5,0.5 g/cm^3,19.473684210526315,3600.0,5.409356725146199,10.818713450292398,derived_from_throughput,0.13774813788070472,1.3774813788070472,3.1052631578947367,spot_diameter,2.5,0.4277442176295568,0.1710976870518227,0.1710976870518227,0.49087385212340523,0.24543692606170261,245.43692606170262,0.041993690366266545,41.99369036626655,1.0498422591566634,1049.8422591566634,0.7621462440863397,762.1462440863397,41.99369036626655,throughput_acquisition_density
E,10.0,78.53981633974483,2.5,4.908738521234052,0.1,0.5,0.5 g/cm^3,19.473684210526315,3600.0,5.409356725146199,10.818713450292398,derived_from_throughput,0.13774813788070472,1.3774813788070472,3.3157894736842106,spot_diameter,2.5,0.456743825604442,0.1826975302417768,0.1826975302417768,0.49087385212340523,0.24543692606170261,245.43692606170262,0.04484072022160665,44.84072022160665,1.1210180055401662,1121.018005540166,0.8138171758888034,813.8171758888034,44.84072022160665,throughput_acquisition_density
E,10.0,78.53981633974483,2.5,4.908738521234052,0.1,0.5,0.5 g/cm^3,19.473684210526315,3600.0,5.409356725146199,10.818713450292398,derived_from_throughput,0.13774813788070472,1.3774813788070472,3.526315789473684,spot_diameter,2.5,0.48574343357932714,0.19429737343173087,0.19429737343173087,0.49087385212340523,0.24543692606170261,245.43692606170262,0.04768775007694675,47.68775007694675,1.1921937519236685,1192.1937519236685,0.865488107691267,865.488107691267,47.68775007694675,throughput_acquisition_density
E,10.0,78.53981633974483,2.5,4.908738521234052,0.1,0.5,0.5 g/cm^3,19.473684210526315,3600.0,5.409356725146199,10.818713450292398,derived_from_throughput,0.13774813788070472,1.3774813788070472,3.7368421052631575,spot_diameter,2.5,0.5147430415542124,0.20589721662168495,0.20589721662168495,0.49087385212340523,0.24543692606170261,245.43692606170262,0.050534779932286854,50.53477993228685,1.263369498307171,1263.369498307171,0.9171590394937308,917.1590394937308,50.53477993228685,throughput_acquisition_density
E,10.0,78.53981633974483,2.5,4.908738521234052,0.1,0.5,0.5 g/cm^3,19.473684210526315,3600.0,5.409356725146199,10.818713450292398,derived_from_throughput,0.13774813788070472,1.3774813788070472,3.9473684210526314,spot_diameter,2.5,0.5437426495290976,0.21749705981163903,0.21749705981163903,0.49087385212340523,0.24543692606170261,245.43692606170262,0.05338180978762696,53.381809787626956,1.3345452446906738,1334.5452446906738,0.9688299712961945,968.8299712961946,53.381809787626956,throughput_acquisition_density
E,10.0,78.53981633974483,2.5,4.908738521234052,0.1,0.5,0.5 g/cm^3,19.473684210526315,3600.0,5.409356725146199,10.818713450292398,derived_from_throughput,0.13774813788070472,1.3774813788070472,4.157894736842105,spot_diameter,2.5,0.5727422575039828,0.2290969030015931,0.2290969030015931,0.49087385212340523,0.24543692606170261,245.43692606170262,0.056228839642967064,56.22883964296707,1.4057209910741766,1405.7209910741765,1.0205009030986583,1020.5009030986582,56.22883964296707,throughput_acquisition_density
E,10.0,78.53981633974483,2.5,4.908738521234052,0.1,0.5,0.5 g/cm^3,19.473684210526315,3600.0,5.409356725146199,10.818713450292398,derived_from_throughput,0.13774813788070472,1.3774813788070472,4.368421052631579,spot_diameter,2.5,0.601741865478868,0.24069674619154718,0.24069674619154718,0.49087385212340523,0.24543692606170261,245.43692606170262,0.05907586949830717,59.07586949830717,1.476896737457679,1476.896737457679,1.072171834901122,1072.171834901122,59.07586949830717,throughput_acquisition_density
E,10.0,78.53981633974483,2.5,4.908738521234052,0.1,0.5,0.5 g/cm^3,19.473684210526315,3600.0,5.409356725146199,10.818713450292398,derived_from_throughput,0.13774813788070472,1.3774813788070472,4.578947368421052,spot_diameter,2.5,0.6307414734537532,0.2522965893815013,0.2522965893815013,0.49087385212340523,0.24543692606170261,245.43692606170262,0.061922899353647275,61.922899353647274,1.5480724838411815,1548.0724838411816,1.1238427667035855,1123.8427667035855,61.922899353647274,throughput_acquisition_density
E,10.0,78.53981633974483,2.5,4.908738521234052,0.1,0.5,0.5 g/cm^3,19.473684210526315,3600.0,5.409356725146199,10.818713450292398,derived_from_throughput,0.13774813788070472,1.3774813788070472,4.789473684210526,spot_diameter,2.5,0.6597410814286383,0.26389643257145534,0.26389643257145534,0.49087385212340523,0.24543692606170261,245.43692606170262,0.06476992920898737,64.76992920898738,1.619248230224684,1619.248230224684,1.1755136985060493,1175.5136985060492,64.76992920898738,throughput_acquisition_density
E,10.0,78.53981633974483,2.5,4.908738521234052,0.1,0.5,0.5 g/cm^3,19.473684210526315,3600.0,5.409356725146199,10.818713450292398,derived_from_throughput,0.13774813788070472,1.3774813788070472,5.0,spot_diameter,2.5,0.6887406894035236,0.27549627576140945,0.27549627576140945,0.49087385212340523,0.24543692606170261,245.43692606170262,0.06761695906432748,67.61695906432747,1.6904239766081868,1690.4239766081869,1.227184630308513,1227.184630308513,67.61695906432747,throughput_acquisition_density
E,10.0,78.53981633974483,2.5,4.908738521234052,0.1,0.5,0.5 g/cm^3,24.210526315789473,3600.0,6.7251461988304095,13.450292397660819,derived_from_throughput,0.1712544416895248,1.712544416895248,1.0,spot_diameter,2.5,0.1712544416895248,0.06850177667580992,0.06850177667580992,0.49087385212340523,0.24543692606170261,245.43692606170262,0.016812865497076026,16.812865497076025,0.4203216374269006,420.3216374269006,0.24543692606170261,245.43692606170262,16.812865497076025,throughput_acquisition_density
E,10.0,78.53981633974483,2.5,4.908738521234052,0.1,0.5,0.5 g/cm^3,24.210526315789473,3600.0,6.7251461988304095,13.450292397660819,derived_from_throughput,0.1712544416895248,1.712544416895248,1.2105263157894737,spot_diameter,2.5,0.20730800836100371,0.08292320334440148,0.08292320334440148,0.49087385212340523,0.24543692606170261,245.43692606170262,0.020352416128039397,20.352416128039398,0.5088104032009849,508.8104032009849,0.2971078578641663,297.1078578641663,20.352416128039398,throughput_acquisition_density
E,10.0,78.53981633974483,2.5,4.908738521234052,0.1,0.5,0.5 g/cm^3,24.210526315789473,3600.0,6.7251461988304095,13.450292397660819,derived_from_throughput,0.1712544416895248,1.712544416895248,1.4210526315789473,spot_diameter,2.5,0.24336157503248262,0.09734463001299305,0.09734463001299305,0.49087385212340523,0.24543692606170261,245.43692606170262,0.023891966759002774,23.891966759002774,0.5972991689750693,597.2991689750693,0.34877878966663,348.77878966663,23.891966759002774,throughput_acquisition_density
E,10.0,78.53981633974483,2.5,4.908738521234052,0.1,0.5,0.5 g/cm^3,24.210526315789473,3600.0,6.7251461988304095,13.450292397660819,derived_from_throughput,0.1712544416895248,1.712544416895248,1.631578947368421,spot_diameter,2.5,0.27941514170396153,0.11176605668158461,0.11176605668158461,0.49087385212340523,0.24543692606170261,245.43692606170262,0.027431517389966145,27.431517389966146,0.6857879347491536,685.7879347491536,0.40044972146909374,400.44972146909373,27.431517389966146,throughput_acquisition_density
E,10.0,78.53981633974483,2.5,4.908738521234052,0.1,0.5,0.5 g/cm^3,24.210526315789473,3600.0,6.7251461988304095,13.450292397660819,derived_from_throughput,0.1712544416895248,1.712544416895248,1.8421052631578947,spot_diameter,2.5,0.31546870837544044,0.12618748335017618,0.12618748335017618,0.49087385212340523,0.24543692606170261,245.43692606170262,0.030971068020929523,30.971068020929522,0.7742767005232379,774.276700523238,0.4521206532715574,452.12065327155744,30.971068020929522,throughput_acquisition_density
E,10.0,78.53981633974483,2.5,4.908738521234052,0.1,0.5,0.5 g/cm^3,24.210526315789473,3600.0,6.7251461988304095,13.450292397660819,derived_from_throughput,0.1712544416895248,1.712544416895248,2.052631578947368,spot_diameter,2.5,0.3515222750469193,0.1406089100187677,0.1406089100187677,0.49087385212340523,0.24543692606170261,245.43692606170262,0.03451061865189289,34.510618651892884,0.8627654662973222,862.7654662973222,0.5037915850740211,503.7915850740211,34.510618651892884,throughput_acquisition_density
E,10.0,78.53981633974483,2.5,4.908738521234052,0.1,0.5,0.5 g/cm^3,24.210526315789473,3600.0,6.7251461988304095,13.450292397660819,derived_from_throughput,0.1712544416895248,1.712544416895248,2.263157894736842,spot_diameter,2.5,0.3875758417183982,0.15503033668735927,0.15503033668735927,0.49087385212340523,0.24543692606170261,245.43692606170262,0.03805016928285626,38.05016928285626,0.9512542320714066,951.2542320714066,0.5554625168764848,555.4625168764849,38.05016928285626,throughput_acquisition_density
E,10.0,78.53981633974483,2.5,4.908738521234052,0.1,0.5,0.5 g/cm^3,24.210526315789473,3600.0,6.7251461988304095,13.450292397660819,derived_from_throughput,0.1712544416895248,1.712544416895248,2.473684210526316,spot_diameter,2.5,0.42362940838987717,0.16945176335595086,0.16945176335595086,0.49087385212340523,0.24543692606170261,245.43692606170262,0.04158971991381964,41.58971991381964,1.039742997845491,1039.7429978454911,0.6071334486789486,607.1334486789486,41.58971991381964,throughput_acquisition_density
E,10.0,78.53981633974483,2.5,4.908738521234052,0.1,0.5,0.5 g/cm^3,24.210526315789473,3600.0,6.7251461988304095,13.450292397660819,derived_from_throughput,0.1712544416895248,1.712544416895248,2.6842105263157894,spot_diameter,2.5,0.459682975061356,0.18387319002454242,0.18387319002454242,0.49087385212340523,0.24543692606170261,245.43692606170262,0.04512927054478301,45.12927054478301,1.1282317636195753,1128.2317636195753,0.6588043804814122,658.8043804814122,45.12927054478301,throughput_acquisition_density
E,10.0,78.53981633974483,2.5,4.908738521234052,0.1,0.5,0.5 g/cm^3,24.210526315789473,3600.0,6.7251461988304095,13.450292397660819,derived_from_throughput,0.1712544416895248,1.712544416895248,2.894736842105263,spot_diameter,2.5,0.49573654173283493,0.19829461669313397,0.19829461669313397,0.49087385212340523,0.24543692606170261,245.43692606170262,0.048668821175746384,48.66882117574638,1.2167205293936594,1216.7205293936595,0.710475312283876,710.475312283876,48.66882117574638,throughput_acquisition_density
E,10.0,78.53981633974483,2.5,4.908738521234052,0.1,0.5,0.5 g/cm^3,24.210526315789473,3600.0,6.7251461988304095,13.450292397660819,derived_from_throughput,0.1712544416895248,1.712544416895248,3.1052631578947367,spot_diameter,2.5,0.5317901084043138,0.21271604336172553,0.21271604336172553,0.49087385212340523,0.24543692606170261,245.43692606170262,0.05220837180670976,52.208371806709756,1.3052092951677439,1305.209295167744,0.7621462440863397,762.1462440863397,52.208371806709756,throughput_acquisition_density
E,10.0,78.53981633974483,2.5,4.908738521234052,0.1,0.5,0.5 g/cm^3,24.210526315789473,3600.0,6.7251461988304095,13.450292397660819,derived_from_throughput,0.1712544416895248,1.712544416895248,3.3157894736842106,spot_diameter,2.5,0.5678436750757928,0.22713747003031712,0.22713747003031712,0.49087385212340523,0.24543692606170261,245.43692606170262,0.05574792243767314,55.74792243767314,1.3936980609418284,1393.6980609418283,0.8138171758888034,813.8171758888034,55.74792243767314,throughput_acquisition_density
E,10.0,78.53981633974483,2.5,4.908738521234052,0.1,0.5,0.5 g/cm^3,24.210526315789473,3600.0,6.7251461988304095,13.450292397660819,derived_from_throughput,0.1712544416895248,1.712544416895248,3.526315789473684,spot_diameter,2.5,0.6038972417472717,0.24155889669890868,0.24155889669890868,0.49087385212340523,0.24543692606170261,245.43692606170262,0.059287473068636506,59.28747306863651,1.4821868267159126,1482.1868267159127,0.865488107691267,865.488107691267,59.28747306863651,throughput_acquisition_density
E,10.0,78.53981633974483,2.5,4.908738521234052,0.1,0.5,0.5 g/cm^3,24.210526315789473,3600.0,6.7251461988304095,13.450292397660819,derived_from_throughput,0.1712544416895248,1.712544416895248,3.7368421052631575,spot_diameter,2.5,0.6399508084187505,0.2559803233675002,0.2559803233675002,0.49087385212340523,0.24543692606170261,245.43692606170262,0.06282702369959987,62.82702369959988,1.5706755924899969,1570.675592489997,0.9171590394937308,917.1590394937308,62.82702369959988,throughput_acquisition_density
E,10.0,78.53981633974483,2.5,4.908738521234052,0.1,0.5,0.5 g/cm^3,24.210526315789473,3600.0,6.7251461988304095,13.450292397660819,derived_from_throughput,0.1712544416895248,1.712544416895248,3.9473684210526314,spot_diameter,2.5,0.6760043750902295,0.2704017500360918,0.2704017500360918,0.49087385212340523,0.24543692606170261,245.43692606170262,0.06636657433056325,66.36657433056325,1.6591643582640812,1659.164358264081,0.9688299712961945,968.8299712961946,66.36657433056325,throughput_acquisition_density
E,10.0,78.53981633974483,2.5,4.908738521234052,0.1,0.5,0.5 g/cm^3,24.210526315789473,3600.0,6.7251461988304095,13.450292397660819,derived_from_throughput,0.1712544416895248,1.712544416895248,4.157894736842105,spot_diameter,2.5,0.7120579417617084,0.2848231767046834,0.2848231767046834,0.49087385212340523,0.24543692606170261,245.43692606170262,0.06990612496152664,69.90612496152663,1.7476531240381656,1747.6531240381657,1.0205009030986583,1020.5009030986582,69.90612496152663,throughput_acquisition_density
E,10.0,78.53981633974483,2.5,4.908738521234052,0.1,0.5,0.5 g/cm^3,24.210526315789473,3600.0,6.7251461988304095,13.450292397660819,derived_from_throughput,0.1712544416895248,1.712544416895248,4.368421052631579,spot_diameter,2.5,0.7481115084331873,0.2992446033732749,0.2992446033732749,0.49087385212340523,0.24543692606170261,245.43692606170262,0.07344567559249,73.44567559249,1.83614188981225,1836.14188981225,1.072171834901122,1072.171834901122,73.44567559249,throughput_acquisition_density
E,10.0,78.53981633974483,2.5,4.908738521234052,0.1,0.5,0.5 g/cm^3,24.210526315789473,3600.0,6.7251461988304095,13.450292397660819,derived_from_throughput,0.1712544416895248,1.712544416895248,4.578947368421052,spot_diameter,2.5,0.7841650751046662,0.31366603004186644,0.31366603004186644,0.49087385212340523,0.24543692606170261,245.43692606170262,0.07698522622345337,76.98522622345337,1.9246306555863342,1924.6306555863341,1.1238427667035855,1123.8427667035855,76.98522622345337,throughput_acquisition_density
E,10.0,78.53981633974483,2.5,4.908738521234052,0.1,0.5,0.5 g/cm^3,24.210526315789473,3600.0,6.7251461988304095,13.450292397660819,derived_from_throughput,0.1712544416895248,1.712544416895248,4.789473684210526,spot_diameter,2.5,0.820218641776145,0.328087456710458,0.328087456710458,0.49087385212340523,0.24543692606170261,245.43692606170262,0.08052477685441674,80.52477685441674,2.013119421360418,2013.1194213604183,1.1755136985060493,1175.5136985060492,80.52477685441674,throughput_acquisition_density
E,10.0,78.53981633974483,2.5,4.908738521234052,0.1,0.5,0.5 g/cm^3,24.210526315789473,3600.0,6.7251461988304095,13.450292397660819,derived_from_throughput,0.1712544416895248,1.712544416895248,5.0,spot_diameter,2.5,0.856272208447624,0.3425088833790496,0.3425088833790496,0.49087385212340523,0.24543692606170261,245.43692606170262,0.08406432748538012,84.06432748538012,2.101608187134503,2101.608187134503,1.227184630308513,1227.184630308513,84.06432748538012,throughput_acquisition_density
E,10.0,78.53981633974483,2.5,4.908738521234052,0.1,0.5,0.5 g/cm^3,28.94736842105263,3600.0,8.04093567251462,16.08187134502924,derived_from_throughput,0.20476074549834486,2.0476074549834484,1.0,spot_diameter,2.5,0.20476074549834486,0.08190429819933795,0.08190429819933795,0.49087385212340523,0.24543692606170261,245.43692606170262,0.020102339181286552,20.102339181286553,0.5025584795321637,502.5584795321637,0.24543692606170261,245.43692606170262,20.102339181286553,throughput_acquisition_density
E,10.0,78.53981633974483,2.5,4.908738521234052,0.1,0.5,0.5 g/cm^3,28.94736842105263,3600.0,8.04093567251462,16.08187134502924,derived_from_throughput,0.20476074549834486,2.0476074549834484,1.2105263157894737,spot_diameter,2.5,0.24786827086641747,0.09914730834656699,0.09914730834656699,0.49087385212340523,0.24543692606170261,245.43692606170262,0.024334410587873192,24.33441058787319,0.6083602646968297,608.3602646968297,0.2971078578641663,297.1078578641663,24.33441058787319,throughput_acquisition_density
E,10.0,78.53981633974483,2.5,4.908738521234052,0.1,0.5,0.5 g/cm^3,28.94736842105263,3600.0,8.04093567251462,16.08187134502924,derived_from_throughput,0.20476074549834486,2.0476074549834484,1.4210526315789473,spot_diameter,2.5,0.29097579623449005,0.11639031849379602,0.11639031849379602,0.49087385212340523,0.24543692606170261,245.43692606170262,0.02856648199445983,28.56648199445983,0.7141620498614958,714.1620498614958,0.34877878966663,348.77878966663,28.56648199445983,throughput_acquisition_density
E,10.0,78.53981633974483,2.5,4.908738521234052,0.1,0.5,0.5 g/cm^3,28.94736842105263,3600.0,8.04093567251462,16.08187134502924,derived_from_throughput,0.20476074549834486,2.0476074549834484,1.631578947368421,spot_diameter,2.5,0.33408332160256266,0.13363332864102506,0.13363332864102506,0.49087385212340523,0.24543692606170261,245.43692606170262,0.032798553401046475,32.798553401046476,0.8199638350261618,819.9638350261617,0.40044972146909374,400.44972146909373,32.798553401046476,throughput_acquisition_density
E,10.0,78.53981633974483,2.5,4.908738521234052,0.1,0.5,0.5 g/cm^3,28.94736842105263,3600.0,8.04093567251462,16.08187134502924,derived_from_throughput,0.20476074549834486,2.0476074549834484,1.8421052631578947,spot_diameter,2.5,0.37719084697063526,0.1508763387882541,0.1508763387882541,0.49087385212340523,0.24543692606170261,245.43692606170262,0.03703062480763312,37.03062480763312,0.9257656201908279,925.7656201908279,0.4521206532715574,452.12065327155744,37.03062480763312,throughput_acquisition_density
E,10.0,78.53981633974483,2.5,4.908738521234052,0.1,0.5,0.5 g/cm^3,28.94736842105263,3600.0,8.04093567251462,16.08187134502924,derived_from_throughput,0.20476074549834486,2.0476074549834484,2.052631578947368,spot_diameter,2.5,0.4202983723387078,0.16811934893548314,0.16811934893548314,0.49087385212340523,0.24543692606170261,245.43692606170262,0.041262696214219755,41.26269621421975,1.0315674053554937,1031.5674053554937,0.5037915850740211,503.7915850740211,41.26269621421975,throughput_acquisition_density
E,10.0,78.53981633974483,2.5,4.908738521234052,0.1,0.5,0.5 g/cm^3,28.94736842105263,3600.0,8.04093567251462,16.08187134502924,derived_from_throughput,0.20476074549834486,2.0476074549834484,2.263157894736842,spot_diameter,2.5,0.4634058977067805,0.1853623590827122,0.1853623590827122,0.49087385212340523,0.24543692606170261,245.43692606170262,0.045494767620806405,45.49476762080641,1.13736919052016,1137.36919052016,0.5554625168764848,555.4625168764849,45.49476762080641,throughput_acquisition_density
E,10.0,78.53981633974483,2.5,4.908738521234052,0.1,0.5,0.5 g/cm^3,28.94736842105263,3600.0,8.04093567251462,16.08187134502924,derived_from_throughput,0.20476074549834486,2.0476074549834484,2.473684210526316,spot_diameter,2.5,0.5065134230748531,0.20260536922994127,0.20260536922994127,0.49087385212340523,0.24543692606170261,245.43692606170262,0.049726839027393055,49.726839027393055,1.2431709756848262,1243.170975684826,0.6071334486789486,607.1334486789486,49.726839027393055,throughput_acquisition_density
E,10.0,78.53981633974483,2.5,4.908738521234052,0.1,0.5,0.5 g/cm^3,28.94736842105263,3600.0,8.04093567251462,16.08187134502924,derived_from_throughput,0.20476074549834486,2.0476074549834484,2.6842105263157894,spot_diameter,2.5,0.5496209484429256,0.21984837937717025,0.21984837937717025,0.49087385212340523,0.24543692606170261,245.43692606170262,0.05395891043397968,53.958910433979675,1.348972760849492,1348.9727608494918,0.6588043804814122,658.8043804814122,53.958910433979675,throughput_acquisition_density
E,10.0,78.53981633974483,2.5,4.908738521234052,0.1,0.5,0.5 g/cm^3,28.94736842105263,3600.0,8.04093567251462,16.08187134502924,derived_from_throughput,0.20476074549834486,2.0476074549834484,2.894736842105263,spot_diameter,2.5,0.5927284738109982,0.2370913895243993,0.2370913895243993,0.49087385212340523,0.24543692606170261,245.43692606170262,0.05819098184056632,58.19098184056632,1.454774546014158,1454.774546014158,0.710475312283876,710.475312283876,58.19098184056632,throughput_acquisition_density
E,10.0,78.53981633974483,2.5,4.908738521234052,0.1,0.5,0.5 g/cm^3,28.94736842105263,3600.0,8.04093567251462,16.08187134502924,derived_from_throughput,0.20476074549834486,2.0476074549834484,3.1052631578947367,spot_diameter,2.5,0.6358359991790709,0.25433439967162835,0.25433439967162835,0.49087385212340523,0.24543692606170261,245.43692606170262,0.06242305324715297,62.42305324715297,1.560576331178824,1560.5763311788241,0.7621462440863397,762.1462440863397,62.42305324715297,throughput_acquisition_density
E,10.0,78.53981633974483,2.5,4.908738521234052,0.1,0.5,0.5 g/cm^3,28.94736842105263,3600.0,8.04093567251462,16.08187134502924,derived_from_throughput,0.20476074549834486,2.0476074549834484,3.3157894736842106,spot_diameter,2.5,0.6789435245471435,0.27157740981885736,0.27157740981885736,0.49087385212340523,0.24543692606170261,245.43692606170262,0.0666551246537396,66.6551246537396,1.6663781163434903,1666.3781163434903,0.8138171758888034,813.8171758888034,66.6551246537396,throughput_acquisition_density
E,10.0,78.53981633974483,2.5,4.908738521234052,0.1,0.5,0.5 g/cm^3,28.94736842105263,3600.0,8.04093567251462,16.08187134502924,derived_from_throughput,0.20476074549834486,2.0476074549834484,3.526315789473684,spot_diameter,2.5,0.7220510499152161,0.28882041996608643,0.28882041996608643,0.49087385212340523,0.24543692606170261,245.43692606170262,0.07088719606032626,70.88719606032626,1.772179901508156,1772.179901508156,0.865488107691267,865.488107691267,70.88719606032626,throughput_acquisition_density
E,10.0,78.53981633974483,2.5,4.908738521234052,0.1,0.5,0.5 g/cm^3,28.94736842105263,3600.0,8.04093567251462,16.08187134502924,derived_from_throughput,0.20476074549834486,2.0476074549834484,3.7368421052631575,spot_diameter,2.5,0.7651585752832886,0.30606343011331544,0.30606343011331544,0.49087385212340523,0.24543692606170261,245.43692606170262,0.07511926746691289,75.11926746691289,1.877981686672822,1877.981686672822,0.9171590394937308,917.1590394937308,75.11926746691289,throughput_acquisition_density
E,10.0,78.53981633974483,2.5,4.908738521234052,0.1,0.5,0.5 g/cm^3,28.94736842105263,3600.0,8.04093567251462,16.08187134502924,derived_from_throughput,0.20476074549834486,2.0476074549834484,3.9473684210526314,spot_diameter,2.5,0.8082661006513613,0.3233064402605445,0.3233064402605445,0.49087385212340523,0.24543692606170261,245.43692606170262,0.07935133887349953,79.35133887349953,1.9837834718374883,1983.7834718374884,0.9688299712961945,968.8299712961946,79.35133887349953,throughput_acquisition_density
E,10.0,78.53981633974483,2.5,4.908738521234052,0.1,0.5,0.5 g/cm^3,28.94736842105263,3600.0,8.04093567251462,16.08187134502924,derived_from_throughput,0.20476074549834486,2.0476074549834484,4.157894736842105,spot_diameter,2.5,0.8513736260194339,0.34054945040777357,0.34054945040777357,0.49087385212340523,0.24543692606170261,245.43692606170262,0.08358341028008619,83.58341028008618,2.0895852570021543,2089.5852570021543,1.0205009030986583,1020.5009030986582,83.58341028008618,throughput_acquisition_density
E,10.0,78.53981633974483,2.5,4.908738521234052,0.1,0.5,0.5 g/cm^3,28.94736842105263,3600.0,8.04093567251462,16.08187134502924,derived_from_throughput,0.20476074549834486,2.0476074549834484,4.368421052631579,spot_diameter,2.5,0.8944811513875065,0.3577924605550026,0.3577924605550026,0.49087385212340523,0.24543692606170261,245.43692606170262,0.08781548168667282,87.81548168667281,2.1953870421668205,2195.3870421668203,1.072171834901122,1072.171834901122,87.81548168667281,throughput_acquisition_density
E,10.0,78.53981633974483,2.5,4.908738521234052,0.1,0.5,0.5 g/cm^3,28.94736842105263,3600.0,8.04093567251462,16.08187134502924,derived_from_throughput,0.20476074549834486,2.0476074549834484,4.578947368421052,spot_diameter,2.5,0.937588676755579,0.3750354707022316,0.3750354707022316,0.49087385212340523,0.24543692606170261,245.43692606170262,0.09204755309325945,92.04755309325945,2.301188827331486,2301.188827331486,1.1238427667035855,1123.8427667035855,92.04755309325945,throughput_acquisition_density
E,10.0,78.53981633974483,2.5,4.908738521234052,0.1,0.5,0.5 g/cm^3,28.94736842105263,3600.0,8.04093567251462,16.08187134502924,derived_from_throughput,0.20476074549834486,2.0476074549834484,4.789473684210526,spot_diameter,2.5,0.9806962021236516,0.39227848084946065,0.39227848084946065,0.49087385212340523,0.24543692606170261,245.43692606170262,0.0962796244998461,96.27962449984611,2.406990612496152,2406.990612496152,1.1755136985060493,1175.5136985060492,96.27962449984611,throughput_acquisition_density
E,10.0,78.53981633974483,2.5,4.908738521234052,0.1,0.5,0.5 g/cm^3,28.94736842105263,3600.0,8.04093567251462,16.08187134502924,derived_from_throughput,0.20476074549834486,2.0476074549834484,5.0,spot_diameter,2.5,1.0238037274917242,0.40952149099668966,0.40952149099668966,0.49087385212340523,0.24543692606170261,245.43692606170262,0.10051169590643273,100.51169590643273,2.5127923976608186,2512.7923976608186,1.227184630308513,1227.184630308513,100.51169590643273,throughput_acquisition_density
E,10.0,78.53981633974483,2.5,4.908738521234052,0.1,0.5,0.5 g/cm^3,33.68421052631579,3600.0,9.35672514619883,18.71345029239766,derived_from_throughput,0.23826704930716494,2.3826704930716494,1.0,spot_diameter,2.5,0.23826704930716494,0.09530681972286598,0.09530681972286598,0.49087385212340523,0.24543692606170261,245.43692606170262,0.023391812865497078,23.391812865497077,0.5847953216374269,584.7953216374269,0.24543692606170261,245.43692606170262,23.391812865497077,throughput_acquisition_density
E,10.0,78.53981633974483,2.5,4.908738521234052,0.1,0.5,0.5 g/cm^3,33.68421052631579,3600.0,9.35672514619883,18.71345029239766,derived_from_throughput,0.23826704930716494,2.3826704930716494,1.2105263157894737,spot_diameter,2.5,0.2884285333718312,0.1153714133487325,0.1153714133487325,0.49087385212340523,0.24543692606170261,245.43692606170262,0.028316405047706987,28.316405047706986,0.7079101261926746,707.9101261926746,0.2971078578641663,297.1078578641663,28.316405047706986,throughput_acquisition_density
E,10.0,78.53981633974483,2.5,4.908738521234052,0.1,0.5,0.5 g/cm^3,33.68421052631579,3600.0,9.35672514619883,18.71345029239766,derived_from_throughput,0.23826704930716494,2.3826704930716494,1.4210526315789473,spot_diameter,2.5,0.3385900174364975,0.135436006974599,0.135436006974599,0.49087385212340523,0.24543692606170261,245.43692606170262,0.0332409972299169,33.2409972299169,0.8310249307479224,831.0249307479224,0.34877878966663,348.77878966663,33.2409972299169,throughput_acquisition_density
E,10.0,78.53981633974483,2.5,4.908738521234052,0.1,0.5,0.5 g/cm^3,33.68421052631579,3600.0,9.35672514619883,18.71345029239766,derived_from_throughput,0.23826704930716494,2.3826704930716494,1.631578947368421,spot_diameter,2.5,0.38875150150116383,0.15550060060046553,0.15550060060046553,0.49087385212340523,0.24543692606170261,245.43692606170262,0.038165589412126805,38.165589412126806,0.9541397353031701,954.1397353031701,0.40044972146909374,400.44972146909373,38.165589412126806,throughput_acquisition_density
E,10.0,78.53981633974483,2.5,4.908738521234052,0.1,0.5,0.5 g/cm^3,33.68421052631579,3600.0,9.35672514619883,18.71345029239766,derived_from_throughput,0.23826704930716494,2.3826704930716494,1.8421052631578947,spot_diameter,2.5,0.43891298556583014,0.17556519422633204,0.17556519422633204,0.49087385212340523,0.24543692606170261,245.43692606170262,0.04309018159433672,43.09018159433672,1.077254539858418,1077.254539858418,0.4521206532715574,452.12065327155744,43.09018159433672,throughput_acquisition_density
E,10.0,78.53981633974483,2.5,4.908738521234052,0.1,0.5,0.5 g/cm^3,33.68421052631579,3600.0,9.35672514619883,18.71345029239766,derived_from_throughput,0.23826704930716494,2.3826704930716494,2.052631578947368,spot_diameter,2.5,0.4890744696304964,0.19562978785219856,0.19562978785219856,0.49087385212340523,0.24543692606170261,245.43692606170262,0.04801477377654663,48.014773776546626,1.2003693444136656,1200.3693444136657,0.5037915850740211,503.7915850740211,48.014773776546626,throughput_acquisition_density
E,10.0,78.53981633974483,2.5,4.908738521234052,0.1,0.5,0.5 g/cm^3,33.68421052631579,3600.0,9.35672514619883,18.71345029239766,derived_from_throughput,0.23826704930716494,2.3826704930716494,2.263157894736842,spot_diameter,2.5,0.5392359536951628,0.2156943814780651,0.2156943814780651,0.49087385212340523,0.24543692606170261,245.43692606170262,0.05293936595875654,52.93936595875654,1.3234841489689133,1323.4841489689134,0.5554625168764848,555.4625168764849,52.93936595875654,throughput_acquisition_density
E,10.0,78.53981633974483,2.5,4.908738521234052,0.1,0.5,0.5 g/cm^3,33.68421052631579,3600.0,9.35672514619883,18.71345029239766,derived_from_throughput,0.23826704930716494,2.3826704930716494,2.473684210526316,spot_diameter,2.5,0.5893974377598291,0.23575897510393165,0.23575897510393165,0.49087385212340523,0.24543692606170261,245.43692606170262,0.05786395814096646,57.86395814096646,1.4465989535241612,1446.5989535241613,0.6071334486789486,607.1334486789486,57.86395814096646,throughput_acquisition_density
E,10.0,78.53981633974483,2.5,4.908738521234052,0.1,0.5,0.5 g/cm^3,33.68421052631579,3600.0,9.35672514619883,18.71345029239766,derived_from_throughput,0.23826704930716494,2.3826704930716494,2.6842105263157894,spot_diameter,2.5,0.6395589218244954,0.25582356872979817,0.25582356872979817,0.49087385212340523,0.24543692606170261,245.43692606170262,0.06278855032317637,62.78855032317637,1.569713758079409,1569.713758079409,0.6588043804814122,658.8043804814122,62.78855032317637,throughput_acquisition_density
E,10.0,78.53981633974483,2.5,4.908738521234052,0.1,0.5,0.5 g/cm^3,33.68421052631579,3600.0,9.35672514619883,18.71345029239766,derived_from_throughput,0.23826704930716494,2.3826704930716494,2.894736842105263,spot_diameter,2.5,0.6897204058891616,0.27588816235566466,0.27588816235566466,0.49087385212340523,0.24543692606170261,245.43692606170262,0.06771314250538628,67.71314250538627,1.6928285626346566,1692.8285626346567,0.710475312283876,710.475312283876,67.71314250538627,throughput_acquisition_density
E,10.0,78.53981633974483,2.5,4.908738521234052,0.1,0.5,0.5 g/cm^3,33.68421052631579,3600.0,9.35672514619883,18.71345029239766,derived_from_throughput,0.23826704930716494,2.3826704930716494,3.1052631578947367,spot_diameter,2.5,0.739881889953828,0.2959527559815312,0.2959527559815312,0.49087385212340523,0.24543692606170261,245.43692606170262,0.07263773468759618,72.63773468759618,1.8159433671899043,1815.9433671899044,0.7621462440863397,762.1462440863397,72.63773468759618,throughput_acquisition_density
E,10.0,78.53981633974483,2.5,4.908738521234052,0.1,0.5,0.5 g/cm^3,33.68421052631579,3600.0,9.35672514619883,18.71345029239766,derived_from_throughput,0.23826704930716494,2.3826704930716494,3.3157894736842106,spot_diameter,2.5,0.7900433740184943,0.31601734960739775,0.31601734960739775,0.49087385212340523,0.24543692606170261,245.43692606170262,0.0775623268698061,77.5623268698061,1.9390581717451523,1939.0581717451523,0.8138171758888034,813.8171758888034,77.5623268698061,throughput_acquisition_density
E,10.0,78.53981633974483,2.5,4.908738521234052,0.1,0.5,0.5 g/cm^3,33.68421052631579,3600.0,9.35672514619883,18.71345029239766,derived_from_throughput,0.23826704930716494,2.3826704930716494,3.526315789473684,spot_diameter,2.5,0.8402048580831606,0.33608194323326424,0.33608194323326424,0.49087385212340523,0.24543692606170261,245.43692606170262,0.08248691905201601,82.486919052016,2.0621729763004,2062.1729763004,0.865488107691267,865.488107691267,82.486919052016,throughput_acquisition_density
E,10.0,78.53981633974483,2.5,4.908738521234052,0.1,0.5,0.5 g/cm^3,33.68421052631579,3600.0,9.35672514619883,18.71345029239766,derived_from_throughput,0.23826704930716494,2.3826704930716494,3.7368421052631575,spot_diameter,2.5,0.8903663421478268,0.3561465368591307,0.3561465368591307,0.49087385212340523,0.24543692606170261,245.43692606170262,0.08741151123422591,87.41151123422591,2.1852877808556475,2185.2877808556473,0.9171590394937308,917.1590394937308,87.41151123422591,throughput_acquisition_density
E,10.0,78.53981633974483,2.5,4.908738521234052,0.1,0.5,0.5 g/cm^3,33.68421052631579,3600.0,9.35672514619883,18.71345029239766,derived_from_throughput,0.23826704930716494,2.3826704930716494,3.9473684210526314,spot_diameter,2.5,0.9405278262124932,0.37621113048499727,0.37621113048499727,0.49087385212340523,0.24543692606170261,245.43692606170262,0.09233610341643583,92.33610341643583,2.3084025854108954,2308.4025854108954,0.9688299712961945,968.8299712961946,92.33610341643583,throughput_acquisition_density
E,10.0,78.53981633974483,2.5,4.908738521234052,0.1,0.5,0.5 g/cm^3,33.68421052631579,3600.0,9.35672514619883,18.71345029239766,derived_from_throughput,0.23826704930716494,2.3826704930716494,4.157894736842105,spot_diameter,2.5,0.9906893102771595,0.39627572411086376,0.39627572411086376,0.49087385212340523,0.24543692606170261,245.43692606170262,0.09726069559864574,97.26069559864574,2.4315173899661433,2431.517389966143,1.0205009030986583,1020.5009030986582,97.26069559864574,throughput_acquisition_density
E,10.0,78.53981633974483,2.5,4.908738521234052,0.1,0.5,0.5 g/cm^3,33.68421052631579,3600.0,9.35672514619883,18.71345029239766,derived_from_throughput,0.23826704930716494,2.3826704930716494,4.368421052631579,spot_diameter,2.5,1.0408507943418257,0.4163403177367303,0.4163403177367303,0.49087385212340523,0.24543692606170261,245.43692606170262,0.10218528778085564,102.18528778085565,2.554632194521391,2554.632194521391,1.072171834901122,1072.171834901122,102.18528778085565,throughput_acquisition_density
E,10.0,78.53981633974483,2.5,4.908738521234052,0.1,0.5,0.5 g/cm^3,33.68421052631579,3600.0,9.35672514619883,18.71345029239766,derived_from_throughput,0.23826704930716494,2.3826704930716494,4.578947368421052,spot_diameter,2.5,1.091012278406492,0.4364049113625968,0.4364049113625968,0.49087385212340523,0.24543692606170261,245.43692606170262,0.10710987996306555,107.10987996306555,2.6777469990766387,2677.7469990766385,1.1238427667035855,1123.8427667035855,107.10987996306555,throughput_acquisition_density
E,10.0,78.53981633974483,2.5,4.908738521234052,0.1,0.5,0.5 g/cm^3,33.68421052631579,3600.0,9.35672514619883,18.71345029239766,derived_from_throughput,0.23826704930716494,2.3826704930716494,4.789473684210526,spot_diameter,2.5,1.1411737624711582,0.4564695049884633,0.4564695049884633,0.49087385212340523,0.24543692606170261,245.43692606170262,0.11203447214527545,112.03447214527546,2.800861803631886,2800.8618036318862,1.1755136985060493,1175.5136985060492,112.03447214527546,throughput_acquisition_density
E,10.0,78.53981633974483,2.5,4.908738521234052,0.1,0.5,0.5 g/cm^3,33.68421052631579,3600.0,9.35672514619883,18.71345029239766,derived_from_throughput,0.23826704930716494,2.3826704930716494,5.0,spot_diameter,2.5,1.1913352465358247,0.4765340986143299,0.4765340986143299,0.49087385212340523,0.24543692606170261,245.43692606170262,0.11695906432748539,116.9590643274854,2.923976608187134,2923.976608187134,1.227184630308513,1227.184630308513,116.9590643274854,throughput_acquisition_density
E,10.0,78.53981633974483,2.5,4.908738521234052,0.1,0.5,0.5 g/cm^3,38.421052631578945,3600.0,10.67251461988304,21.34502923976608,derived_from_throughput,0.271773353115985,2.71773353115985,1.0,spot_diameter,2.5,0.271773353115985,0.108709341246394,0.108709341246394,0.49087385212340523,0.24543692606170261,245.43692606170262,0.026681286549707604,26.681286549707604,0.66703216374269,667.03216374269,0.24543692606170261,245.43692606170262,26.681286549707604,throughput_acquisition_density
E,10.0,78.53981633974483,2.5,4.908738521234052,0.1,0.5,0.5 g/cm^3,38.421052631578945,3600.0,10.67251461988304,21.34502923976608,derived_from_throughput,0.271773353115985,2.71773353115985,1.2105263157894737,spot_diameter,2.5,0.328988795877245,0.131595518350898,0.131595518350898,0.49087385212340523,0.24543692606170261,245.43692606170262,0.03229839950754078,32.29839950754078,0.8074599876885195,807.4599876885195,0.2971078578641663,297.1078578641663,32.29839950754078,throughput_acquisition_density
E,10.0,78.53981633974483,2.5,4.908738521234052,0.1,0.5,0.5 g/cm^3,38.421052631578945,3600.0,10.67251461988304,21.34502923976608,derived_from_throughput,0.271773353115985,2.71773353115985,1.4210526315789473,spot_diameter,2.5,0.386204238638505,0.154481695455402,0.154481695455402,0.49087385212340523,0.24543692606170261,245.43692606170262,0.03791551246537396,37.91551246537396,0.947887811634349,947.887811634349,0.34877878966663,348.77878966663,37.91551246537396,throughput_acquisition_density
E,10.0,78.53981633974483,2.5,4.908738521234052,0.1,0.5,0.5 g/cm^3,38.421052631578945,3600.0,10.67251461988304,21.34502923976608,derived_from_throughput,0.271773353115985,2.71773353115985,1.631578947368421,spot_diameter,2.5,0.443419681399765,0.177367872559906,0.177367872559906,0.49087385212340523,0.24543692606170261,245.43692606170262,0.04353262542320714,43.53262542320714,1.0883156355801784,1088.3156355801784,0.40044972146909374,400.44972146909373,43.53262542320714,throughput_acquisition_density
E,10.0,78.53981633974483,2.5,4.908738521234052,0.1,0.5,0.5 g/cm^3,38.421052631578945,3600.0,10.67251461988304,21.34502923976608,derived_from_throughput,0.271773353115985,2.71773353115985,1.8421052631578947,spot_diameter,2.5,0.500635124161025,0.20025404966441,0.20025404966441,0.49087385212340523,0.24543692606170261,245.43692606170262,0.049149738381040316,49.149738381040315,1.2287434595260078,1228.7434595260079,0.4521206532715574,452.12065327155744,49.149738381040315,throughput_acquisition_density
E,10.0,78.53981633974483,2.5,4.908738521234052,0.1,0.5,0.5 g/cm^3,38.421052631578945,3600.0,10.67251461988304,21.34502923976608,derived_from_throughput,0.271773353115985,2.71773353115985,2.052631578947368,spot_diameter,2.5,0.557850566922285,0.22314022676891399,0.22314022676891399,0.49087385212340523,0.24543692606170261,245.43692606170262,0.0547668513388735,54.766851338873494,1.3691712834718373,1369.1712834718373,0.5037915850740211,503.7915850740211,54.766851338873494,throughput_acquisition_density
E,10.0,78.53981633974483,2.5,4.908738521234052,0.1,0.5,0.5 g/cm^3,38.421052631578945,3600.0,10.67251461988304,21.34502923976608,derived_from_throughput,0.271773353115985,2.71773353115985,2.263157894736842,spot_diameter,2.5,0.615066009683545,0.24602640387341798,0.24602640387341798,0.49087385212340523,0.24543692606170261,245.43692606170262,0.06038396429670668,60.38396429670668,1.509599107417667,1509.5991074176668,0.5554625168764848,555.4625168764849,60.38396429670668,throughput_acquisition_density
E,10.0,78.53981633974483,2.5,4.908738521234052,0.1,0.5,0.5 g/cm^3,38.421052631578945,3600.0,10.67251461988304,21.34502923976608,derived_from_throughput,0.271773353115985,2.71773353115985,2.473684210526316,spot_diameter,2.5,0.672281452444805,0.268912580977922,0.268912580977922,0.49087385212340523,0.24543692606170261,245.43692606170262,0.06600107725453985,66.00107725453985,1.6500269313634965,1650.0269313634965,0.6071334486789486,607.1334486789486,66.00107725453985,throughput_acquisition_density
E,10.0,78.53981633974483,2.5,4.908738521234052,0.1,0.5,0.5 g/cm^3,38.421052631578945,3600.0,10.67251461988304,21.34502923976608,derived_from_throughput,0.271773353115985,2.71773353115985,2.6842105263157894,spot_diameter,2.5,0.729496895206065,0.291798758082426,0.291798758082426,0.49087385212340523,0.24543692606170261,245.43692606170262,0.07161819021237303,71.61819021237304,1.7904547553093257,1790.4547553093257,0.6588043804814122,658.8043804814122,71.61819021237304,throughput_acquisition_density
E,10.0,78.53981633974483,2.5,4.908738521234052,0.1,0.5,0.5 g/cm^3,38.421052631578945,3600.0,10.67251461988304,21.34502923976608,derived_from_throughput,0.271773353115985,2.71773353115985,2.894736842105263,spot_diameter,2.5,0.7867123379673249,0.31468493518692997,0.31468493518692997,0.49087385212340523,0.24543692606170261,245.43692606170262,0.07723530317020622,77.23530317020621,1.9308825792551552,1930.8825792551552,0.710475312283876,710.475312283876,77.23530317020621,throughput_acquisition_density
E,10.0,78.53981633974483,2.5,4.908738521234052,0.1,0.5,0.5 g/cm^3,38.421052631578945,3600.0,10.67251461988304,21.34502923976608,derived_from_throughput,0.271773353115985,2.71773353115985,3.1052631578947367,spot_diameter,2.5,0.843927780728585,0.337571112291434,0.337571112291434,0.49087385212340523,0.24543692606170261,245.43692606170262,0.0828524161280394,82.8524161280394,2.0713104032009846,2071.3104032009846,0.7621462440863397,762.1462440863397,82.8524161280394,throughput_acquisition_density
E,10.0,78.53981633974483,2.5,4.908738521234052,0.1,0.5,0.5 g/cm^3,38.421052631578945,3600.0,10.67251461988304,21.34502923976608,derived_from_throughput,0.271773353115985,2.71773353115985,3.3157894736842106,spot_diameter,2.5,0.901143223489845,0.360457289395938,0.360457289395938,0.49087385212340523,0.24543692606170261,245.43692606170262,0.08846952908587258,88.46952908587258,2.2117382271468142,2211.738227146814,0.8138171758888034,813.8171758888034,88.46952908587258,throughput_acquisition_density
E,10.0,78.53981633974483,2.5,4.908738521234052,0.1,0.5,0.5 g/cm^3,38.421052631578945,3600.0,10.67251461988304,21.34502923976608,derived_from_throughput,0.271773353115985,2.71773353115985,3.526315789473684,spot_diameter,2.5,0.958358666251105,0.383343466500442,0.383343466500442,0.49087385212340523,0.24543692606170261,245.43692606170262,0.09408664204370576,94.08664204370577,2.352166051092644,2352.166051092644,0.865488107691267,865.488107691267,94.08664204370577,throughput_acquisition_density
E,10.0,78.53981633974483,2.5,4.908738521234052,0.1,0.5,0.5 g/cm^3,38.421052631578945,3600.0,10.67251461988304,21.34502923976608,derived_from_throughput,0.271773353115985,2.71773353115985,3.7368421052631575,spot_diameter,2.5,1.015574109012365,0.40622964360494596,0.40622964360494596,0.49087385212340523,0.24543692606170261,245.43692606170262,0.09970375500153893,99.70375500153892,2.492593875038473,2492.593875038473,0.9171590394937308,917.1590394937308,99.70375500153892,throughput_acquisition_density
E,10.0,78.53981633974483,2.5,4.908738521234052,0.1,0.5,0.5 g/cm^3,38.421052631578945,3600.0,10.67251461988304,21.34502923976608,derived_from_throughput,0.271773353115985,2.71773353115985,3.9473684210526314,spot_diameter,2.5,1.072789551773625,0.42911582070945,0.42911582070945,0.49087385212340523,0.24543692606170261,245.43692606170262,0.10532086795937211,105.32086795937211,2.6330216989843027,2633.021698984303,0.9688299712961945,968.8299712961946,105.32086795937211,throughput_acquisition_density
E,10.0,78.53981633974483,2.5,4.908738521234052,0.1,0.5,0.5 g/cm^3,38.421052631578945,3600.0,10.67251461988304,21.34502923976608,derived_from_throughput,0.271773353115985,2.71773353115985,4.157894736842105,spot_diameter,2.5,1.130004994534885,0.45200199781395395,0.45200199781395395,0.49087385212340523,0.24543692606170261,245.43692606170262,0.11093798091720528,110.93798091720528,2.7734495229301324,2773.4495229301324,1.0205009030986583,1020.5009030986582,110.93798091720528,throughput_acquisition_density
E,10.0,78.53981633974483,2.5,4.908738521234052,0.1,0.5,0.5 g/cm^3,38.421052631578945,3600.0,10.67251461988304,21.34502923976608,derived_from_throughput,0.271773353115985,2.71773353115985,4.368421052631579,spot_diameter,2.5,1.187220437296145,0.47488817491845803,0.47488817491845803,0.49087385212340523,0.24543692606170261,245.43692606170262,0.11655509387503848,116.55509387503848,2.9138773468759616,2913.8773468759614,1.072171834901122,1072.171834901122,116.55509387503848,throughput_acquisition_density
E,10.0,78.53981633974483,2.5,4.908738521234052,0.1,0.5,0.5 g/cm^3,38.421052631578945,3600.0,10.67251461988304,21.34502923976608,derived_from_throughput,0.271773353115985,2.71773353115985,4.578947368421052,spot_diameter,2.5,1.244435880057405,0.49777435202296194,0.49777435202296194,0.49087385212340523,0.24543692606170261,245.43692606170262,0.12217220683287164,122.17220683287164,3.0543051708217908,3054.305170821791,1.1238427667035855,1123.8427667035855,122.17220683287164,throughput_acquisition_density
E,10.0,78.53981633974483,2.5,4.908738521234052,0.1,0.5,0.5 g/cm^3,38.421052631578945,3600.0,10.67251461988304,21.34502923976608,derived_from_throughput,0.271773353115985,2.71773353115985,4.789473684210526,spot_diameter,2.5,1.3016513228186648,0.520660529127466,0.520660529127466,0.49087385212340523,0.24543692606170261,245.43692606170262,0.12778931979070482,127.78931979070482,3.1947329947676204,3194.7329947676203,1.1755136985060493,1175.5136985060492,127.78931979070482,throughput_acquisition_density
E,10.0,78.53981633974483,2.5,4.908738521234052,0.1,0.5,0.5 g/cm^3,38.421052631578945,3600.0,10.67251461988304,21.34502923976608,derived_from_throughput,0.271773353115985,2.71773353115985,5.0,spot_diameter,2.5,1.358866765579925,0.54354670623197,0.54354670623197,0.49087385212340523,0.24543692606170261,245.43692606170262,0.133406432748538,133.406432748538,3.33516081871345,3335.16081871345,1.227184630308513,1227.184630308513,133.406432748538,throughput_acquisition_density
E,10.0,78.53981633974483,2.5,4.908738521234052,0.1,0.5,0.5 g/cm^3,43.1578947368421,3600.0,11.98830409356725,23.9766081871345,derived_from_throughput,0.305279656924805,3.0527965692480503,1.0,spot_diameter,2.5,0.305279656924805,0.122111862769922,0.122111862769922,0.49087385212340523,0.24543692606170261,245.43692606170262,0.029970760233918124,29.970760233918124,0.7492690058479531,749.269005847953,0.24543692606170261,245.43692606170262,29.970760233918124,throughput_acquisition_density
E,10.0,78.53981633974483,2.5,4.908738521234052,0.1,0.5,0.5 g/cm^3,43.1578947368421,3600.0,11.98830409356725,23.9766081871345,derived_from_throughput,0.305279656924805,3.0527965692480503,1.2105263157894737,spot_diameter,2.5,0.3695490583826587,0.14781962335306348,0.14781962335306348,0.49087385212340523,0.24543692606170261,245.43692606170262,0.03628039396737457,36.28039396737457,0.9070098491843642,907.0098491843643,0.2971078578641663,297.1078578641663,36.28039396737457,throughput_acquisition_density
E,10.0,78.53981633974483,2.5,4.908738521234052,0.1,0.5,0.5 g/cm^3,43.1578947368421,3600.0,11.98830409356725,23.9766081871345,derived_from_throughput,0.305279656924805,3.0527965692480503,1.4210526315789473,spot_diameter,2.5,0.43381845984051237,0.17352738393620495,0.17352738393620495,0.49087385212340523,0.24543692606170261,245.43692606170262,0.04259002770083102,42.59002770083102,1.0647506925207755,1064.7506925207754,0.34877878966663,348.77878966663,42.59002770083102,throughput_acquisition_density
E,10.0,78.53981633974483,2.5,4.908738521234052,0.1,0.5,0.5 g/cm^3,43.1578947368421,3600.0,11.98830409356725,23.9766081871345,derived_from_throughput,0.305279656924805,3.0527965692480503,1.631578947368421,spot_diameter,2.5,0.4980878612983661,0.19923514451934643,0.19923514451934643,0.49087385212340523,0.24543692606170261,245.43692606170262,0.048899661434287464,48.89966143428747,1.2224915358571866,1222.4915358571866,0.40044972146909374,400.44972146909373,48.89966143428747,throughput_acquisition_density
E,10.0,78.53981633974483,2.5,4.908738521234052,0.1,0.5,0.5 g/cm^3,43.1578947368421,3600.0,11.98830409356725,23.9766081871345,derived_from_throughput,0.305279656924805,3.0527965692480503,1.8421052631578947,spot_diameter,2.5,0.5623572627562198,0.2249429051024879,0.2249429051024879,0.49087385212340523,0.24543692606170261,245.43692606170262,0.055209295167743914,55.20929516774392,1.3802323791935978,1380.2323791935978,0.4521206532715574,452.12065327155744,55.20929516774392,throughput_acquisition_density
E,10.0,78.53981633974483,2.5,4.908738521234052,0.1,0.5,0.5 g/cm^3,43.1578947368421,3600.0,11.98830409356725,23.9766081871345,derived_from_throughput,0.305279656924805,3.0527965692480503,2.052631578947368,spot_diameter,2.5,0.6266266642140734,0.2506506656856294,0.2506506656856294,0.49087385212340523,0.24543692606170261,245.43692606170262,0.06151892890120036,61.51892890120036,1.5379732225300087,1537.9732225300086,0.5037915850740211,503.7915850740211,61.51892890120036,throughput_acquisition_density
E,10.0,78.53981633974483,2.5,4.908738521234052,0.1,0.5,0.5 g/cm^3,43.1578947368421,3600.0,11.98830409356725,23.9766081871345,derived_from_throughput,0.305279656924805,3.0527965692480503,2.263157894736842,spot_diameter,2.5,0.6908960656719272,0.2763584262687709,0.2763584262687709,0.49087385212340523,0.24543692606170261,245.43692606170262,0.06782856263465681,67.8285626346568,1.69571406586642,1695.71406586642,0.5554625168764848,555.4625168764849,67.8285626346568,throughput_acquisition_density
E,10.0,78.53981633974483,2.5,4.908738521234052,0.1,0.5,0.5 g/cm^3,43.1578947368421,3600.0,11.98830409356725,23.9766081871345,derived_from_throughput,0.305279656924805,3.0527965692480503,2.473684210526316,spot_diameter,2.5,0.7551654671297808,0.30206618685191233,0.30206618685191233,0.49087385212340523,0.24543692606170261,245.43692606170262,0.07413819636811325,74.13819636811326,1.8534549092028314,1853.4549092028315,0.6071334486789486,607.1334486789486,74.13819636811326,throughput_acquisition_density
E,10.0,78.53981633974483,2.5,4.908738521234052,0.1,0.5,0.5 g/cm^3,43.1578947368421,3600.0,11.98830409356725,23.9766081871345,derived_from_throughput,0.305279656924805,3.0527965692480503,2.6842105263157894,spot_diameter,2.5,0.8194348685876345,0.3277739474350538,0.3277739474350538,0.49087385212340523,0.24543692606170261,245.43692606170262,0.0804478301015697,80.44783010156969,2.0111957525392423,2011.1957525392422,0.6588043804814122,658.8043804814122,80.44783010156969,throughput_acquisition_density
E,10.0,78.53981633974483,2.5,4.908738521234052,0.1,0.5,0.5 g/cm^3,43.1578947368421,3600.0,11.98830409356725,23.9766081871345,derived_from_throughput,0.305279656924805,3.0527965692480503,2.894736842105263,spot_diameter,2.5,0.8837042700454881,0.35348170801819523,0.35348170801819523,0.49087385212340523,0.24543692606170261,245.43692606170262,0.08675746383502614,86.75746383502614,2.1689365958756532,2168.9365958756534,0.710475312283876,710.475312283876,86.75746383502614,throughput_acquisition_density
E,10.0,78.53981633974483,2.5,4.908738521234052,0.1,0.5,0.5 g/cm^3,43.1578947368421,3600.0,11.98830409356725,23.9766081871345,derived_from_throughput,0.305279656924805,3.0527965692480503,3.1052631578947367,spot_diameter,2.5,0.9479736715033419,0.37918946860133673,0.37918946860133673,0.49087385212340523,0.24543692606170261,245.43692606170262,0.0930670975684826,93.0670975684826,2.3266774392120646,2326.6774392120647,0.7621462440863397,762.1462440863397,93.0670975684826,throughput_acquisition_density
E,10.0,78.53981633974483,2.5,4.908738521234052,0.1,0.5,0.5 g/cm^3,43.1578947368421,3600.0,11.98830409356725,23.9766081871345,derived_from_throughput,0.305279656924805,3.0527965692480503,3.3157894736842106,spot_diameter,2.5,1.0122430729611955,0.40489722918447824,0.40489722918447824,0.49087385212340523,0.24543692606170261,245.43692606170262,0.09937673130193904,99.37673130193905,2.484418282548476,2484.418282548476,0.8138171758888034,813.8171758888034,99.37673130193905,throughput_acquisition_density
E,10.0,78.53981633974483,2.5,4.908738521234052,0.1,0.5,0.5 g/cm^3,43.1578947368421,3600.0,11.98830409356725,23.9766081871345,derived_from_throughput,0.305279656924805,3.0527965692480503,3.526315789473684,spot_diameter,2.5,1.0765124744190493,0.43060498976761974,0.43060498976761974,0.49087385212340523,0.24543692606170261,245.43692606170262,0.1056863650353955,105.6863650353955,2.642159125884887,2642.159125884887,0.865488107691267,865.488107691267,105.6863650353955,throughput_acquisition_density
E,10.0,78.53981633974483,2.5,4.908738521234052,0.1,0.5,0.5 g/cm^3,43.1578947368421,3600.0,11.98830409356725,23.9766081871345,derived_from_throughput,0.305279656924805,3.0527965692480503,3.7368421052631575,spot_diameter,2.5,1.1407818758769028,0.45631275035076113,0.45631275035076113,0.49087385212340523,0.24543692606170261,245.43692606170262,0.11199599876885193,111.99599876885192,2.7998999692212982,2799.8999692212983,0.9171590394937308,917.1590394937308,111.99599876885192,throughput_acquisition_density
E,10.0,78.53981633974483,2.5,4.908738521234052,0.1,0.5,0.5 g/cm^3,43.1578947368421,3600.0,11.98830409356725,23.9766081871345,derived_from_throughput,0.305279656924805,3.0527965692480503,3.9473684210526314,spot_diameter,2.5,1.2050512773347566,0.48202051093390264,0.48202051093390264,0.49087385212340523,0.24543692606170261,245.43692606170262,0.11830563250230838,118.30563250230838,2.9576408125577096,2957.6408125577095,0.9688299712961945,968.8299712961946,118.30563250230838,throughput_acquisition_density
E,10.0,78.53981633974483,2.5,4.908738521234052,0.1,0.5,0.5 g/cm^3,43.1578947368421,3600.0,11.98830409356725,23.9766081871345,derived_from_throughput,0.305279656924805,3.0527965692480503,4.157894736842105,spot_diameter,2.5,1.2693206787926103,0.5077282715170441,0.5077282715170441,0.49087385212340523,0.24543692606170261,245.43692606170262,0.12461526623576483,124.61526623576482,3.115381655894121,3115.381655894121,1.0205009030986583,1020.5009030986582,124.61526623576482,throughput_acquisition_density
E,10.0,78.53981633974483,2.5,4.908738521234052,0.1,0.5,0.5 g/cm^3,43.1578947368421,3600.0,11.98830409356725,23.9766081871345,derived_from_throughput,0.305279656924805,3.0527965692480503,4.368421052631579,spot_diameter,2.5,1.3335900802504639,0.5334360321001855,0.5334360321001855,0.49087385212340523,0.24543692606170261,245.43692606170262,0.13092489996922127,130.92489996922126,3.273122499230532,3273.122499230532,1.072171834901122,1072.171834901122,130.92489996922126,throughput_acquisition_density
E,10.0,78.53981633974483,2.5,4.908738521234052,0.1,0.5,0.5 g/cm^3,43.1578947368421,3600.0,11.98830409356725,23.9766081871345,derived_from_throughput,0.305279656924805,3.0527965692480503,4.578947368421052,spot_diameter,2.5,1.3978594817083176,0.559143792683327,0.559143792683327,0.49087385212340523,0.24543692606170261,245.43692606170262,0.1372345337026777,137.2345337026777,3.430863342566943,3430.8633425669427,1.1238427667035855,1123.8427667035855,137.2345337026777,throughput_acquisition_density
E,10.0,78.53981633974483,2.5,4.908738521234052,0.1,0.5,0.5 g/cm^3,43.1578947368421,3600.0,11.98830409356725,23.9766081871345,derived_from_throughput,0.305279656924805,3.0527965692480503,4.789473684210526,spot_diameter,2.5,1.4621288831661712,0.5848515532664684,0.5848515532664684,0.49087385212340523,0.24543692606170261,245.43692606170262,0.14354416743613413,143.54416743613413,3.5886041859033537,3588.604185903354,1.1755136985060493,1175.5136985060492,143.54416743613413,throughput_acquisition_density
E,10.0,78.53981633974483,2.5,4.908738521234052,0.1,0.5,0.5 g/cm^3,43.1578947368421,3600.0,11.98830409356725,23.9766081871345,derived_from_throughput,0.305279656924805,3.0527965692480503,5.0,spot_diameter,2.5,1.5263982846240252,0.61055931384961,0.61055931384961,0.49087385212340523,0.24543692606170261,245.43692606170262,0.14985380116959063,149.85380116959064,3.7463450292397655,3746.3450292397656,1.227184630308513,1227.184630308513,149.85380116959064,throughput_acquisition_density
E,10.0,78.53981633974483,2.5,4.908738521234052,0.1,0.5,0.5 g/cm^3,47.89473684210526,3600.0,13.304093567251462,26.608187134502923,derived_from_throughput,0.33878596073362516,3.3878596073362517,1.0,spot_diameter,2.5,0.33878596073362516,0.13551438429345006,0.13551438429345006,0.49087385212340523,0.24543692606170261,245.43692606170262,0.03326023391812866,33.260233918128655,0.8315058479532164,831.5058479532164,0.24543692606170261,245.43692606170262,33.260233918128655,throughput_acquisition_density
E,10.0,78.53981633974483,2.5,4.908738521234052,0.1,0.5,0.5 g/cm^3,47.89473684210526,3600.0,13.304093567251462,26.608187134502923,derived_from_throughput,0.33878596073362516,3.3878596073362517,1.2105263157894737,spot_diameter,2.5,0.41010932088807256,0.164043728355229,0.164043728355229,0.49087385212340523,0.24543692606170261,245.43692606170262,0.04026238842720837,40.26238842720837,1.0065597106802093,1006.5597106802094,0.2971078578641663,297.1078578641663,40.26238842720837,throughput_acquisition_density
E,10.0,78.53981633974483,2.5,4.908738521234052,0.1,0.5,0.5 g/cm^3,47.89473684210526,3600.0,13.304093567251462,26.608187134502923,derived_from_throughput,0.33878596073362516,3.3878596073362517,1.4210526315789473,spot_diameter,2.5,0.48143268104251996,0.192573072417008,0.192573072417008,0.49087385212340523,0.24543692606170261,245.43692606170262,0.047264542936288095,47.264542936288095,1.1816135734072022,1181.6135734072022,0.34877878966663,348.77878966663,47.264542936288095,throughput_acquisition_density
E,10.0,78.53981633974483,2.5,4.908738521234052,0.1,0.5,0.5 g/cm^3,47.89473684210526,3600.0,13.304093567251462,26.608187134502923,derived_from_throughput,0.33878596073362516,3.3878596073362517,1.631578947368421,spot_diameter,2.5,0.5527560411969673,0.22110241647878692,0.22110241647878692,0.49087385212340523,0.24543692606170261,245.43692606170262,0.0542666974453678,54.266697445367804,1.356667436134195,1356.667436134195,0.40044972146909374,400.44972146909373,54.266697445367804,throughput_acquisition_density
E,10.0,78.53981633974483,2.5,4.908738521234052,0.1,0.5,0.5 g/cm^3,47.89473684210526,3600.0,13.304093567251462,26.608187134502923,derived_from_throughput,0.33878596073362516,3.3878596073362517,1.8421052631578947,spot_diameter,2.5,0.6240794013514147,0.24963176054056588,0.24963176054056588,0.49087385212340523,0.24543692606170261,245.43692606170262,0.06126885195444752,61.26885195444752,1.531721298861188,1531.721298861188,0.4521206532715574,452.12065327155744,61.26885195444752,throughput_acquisition_density
E,10.0,78.53981633974483,2.5,4.908738521234052,0.1,0.5,0.5 g/cm^3,47.89473684210526,3600.0,13.304093567251462,26.608187134502923,derived_from_throughput,0.33878596073362516,3.3878596073362517,2.052631578947368,spot_diameter,2.5,0.6954027615058621,0.27816110460234483,0.27816110460234483,0.49087385212340523,0.24543692606170261,245.43692606170262,0.06827100646352724,68.27100646352724,1.7067751615881808,1706.7751615881807,0.5037915850740211,503.7915850740211,68.27100646352724,throughput_acquisition_density
E,10.0,78.53981633974483,2.5,4.908738521234052,0.1,0.5,0.5 g/cm^3,47.89473684210526,3600.0,13.304093567251462,26.608187134502923,derived_from_throughput,0.33878596073362516,3.3878596073362517,2.263157894736842,spot_diameter,2.5,0.7667261216603095,0.3066904486641238,0.3066904486641238,0.49087385212340523,0.24543692606170261,245.43692606170262,0.07527316097260696,75.27316097260696,1.8818290243151738,1881.829024315174,0.5554625168764848,555.4625168764849,75.27316097260696,throughput_acquisition_density
E,10.0,78.53981633974483,2.5,4.908738521234052,0.1,0.5,0.5 g/cm^3,47.89473684210526,3600.0,13.304093567251462,26.608187134502923,derived_from_throughput,0.33878596073362516,3.3878596073362517,2.473684210526316,spot_diameter,2.5,0.838049481814757,0.3352197927259028,0.3352197927259028,0.49087385212340523,0.24543692606170261,245.43692606170262,0.08227531548168668,82.27531548168668,2.0568828870421667,2056.8828870421667,0.6071334486789486,607.1334486789486,82.27531548168668,throughput_acquisition_density
E,10.0,78.53981633974483,2.5,4.908738521234052,0.1,0.5,0.5 g/cm^3,47.89473684210526,3600.0,13.304093567251462,26.608187134502923,derived_from_throughput,0.33878596073362516,3.3878596073362517,2.6842105263157894,spot_diameter,2.5,0.9093728419692043,0.3637491367876817,0.3637491367876817,0.49087385212340523,0.24543692606170261,245.43692606170262,0.08927746999076638,89.27746999076638,2.23193674976916,2231.9367497691596,0.6588043804814122,658.8043804814122,89.27746999076638,throughput_acquisition_density
E,10.0,78.53981633974483,2.5,4.908738521234052,0.1,0.5,0.5 g/cm^3,47.89473684210526,3600.0,13.304093567251462,26.608187134502923,derived_from_throughput,0.33878596073362516,3.3878596073362517,2.894736842105263,spot_diameter,2.5,0.9806962021236517,0.3922784808494607,0.3922784808494607,0.49087385212340523,0.24543692606170261,245.43692606170262,0.09627962449984612,96.27962449984612,2.4069906124961524,2406.9906124961526,0.710475312283876,710.475312283876,96.27962449984612,throughput_acquisition_density
E,10.0,78.53981633974483,2.5,4.908738521234052,0.1,0.5,0.5 g/cm^3,47.89473684210526,3600.0,13.304093567251462,26.608187134502923,derived_from_throughput,0.33878596073362516,3.3878596073362517,3.1052631578947367,spot_diameter,2.5,1.0520195622780992,0.4208078249112397,0.4208078249112397,0.49087385212340523,0.24543692606170261,245.43692606170262,0.10328177900892584,103.28177900892584,2.5820444752231455,2582.0444752231456,0.7621462440863397,762.1462440863397,103.28177900892584,throughput_acquisition_density
E,10.0,78.53981633974483,2.5,4.908738521234052,0.1,0.5,0.5 g/cm^3,47.89473684210526,3600.0,13.304093567251462,26.608187134502923,derived_from_throughput,0.33878596073362516,3.3878596073362517,3.3157894736842106,spot_diameter,2.5,1.1233429224325466,0.4493371689730187,0.4493371689730187,0.49087385212340523,0.24543692606170261,245.43692606170262,0.11028393351800556,110.28393351800555,2.7570983379501386,2757.0983379501386,0.8138171758888034,813.8171758888034,110.28393351800555,throughput_acquisition_density
E,10.0,78.53981633974483,2.5,4.908738521234052,0.1,0.5,0.5 g/cm^3,47.89473684210526,3600.0,13.304093567251462,26.608187134502923,derived_from_throughput,0.33878596073362516,3.3878596073362517,3.526315789473684,spot_diameter,2.5,1.194666282586994,0.4778665130347976,0.4778665130347976,0.49087385212340523,0.24543692606170261,245.43692606170262,0.11728608802708526,117.28608802708526,2.9321522006771312,2932.152200677131,0.865488107691267,865.488107691267,117.28608802708526,throughput_acquisition_density
E,10.0,78.53981633974483,2.5,4.908738521234052,0.1,0.5,0.5 g/cm^3,47.89473684210526,3600.0,13.304093567251462,26.608187134502923,derived_from_throughput,0.33878596073362516,3.3878596073362517,3.7368421052631575,spot_diameter,2.5,1.2659896427414412,0.5063958570965765,0.5063958570965765,0.49087385212340523,0.24543692606170261,245.43692606170262,0.12428824253616498,124.28824253616499,3.107206063404124,3107.206063404124,0.9171590394937308,917.1590394937308,124.28824253616499,throughput_acquisition_density
E,10.0,78.53981633974483,2.5,4.908738521234052,0.1,0.5,0.5 g/cm^3,47.89473684210526,3600.0,13.304093567251462,26.608187134502923,derived_from_throughput,0.33878596073362516,3.3878596073362517,3.9473684210526314,spot_diameter,2.5,1.3373130028958888,0.5349252011583555,0.5349252011583555,0.49087385212340523,0.24543692606170261,245.43692606170262,0.1312903970452447,131.2903970452447,3.282259926131117,3282.259926131117,0.9688299712961945,968.8299712961946,131.2903970452447,throughput_acquisition_density
E,10.0,78.53981633974483,2.5,4.908738521234052,0.1,0.5,0.5 g/cm^3,47.89473684210526,3600.0,13.304093567251462,26.608187134502923,derived_from_throughput,0.33878596073362516,3.3878596073362517,4.157894736842105,spot_diameter,2.5,1.4086363630503362,0.5634545452201345,0.5634545452201345,0.49087385212340523,0.24543692606170261,245.43692606170262,0.13829255155432443,138.29255155432443,3.45731378885811,3457.31378885811,1.0205009030986583,1020.5009030986582,138.29255155432443,throughput_acquisition_density
E,10.0,78.53981633974483,2.5,4.908738521234052,0.1,0.5,0.5 g/cm^3,47.89473684210526,3600.0,13.304093567251462,26.608187134502923,derived_from_throughput,0.33878596073362516,3.3878596073362517,4.368421052631579,spot_diameter,2.5,1.4799597232047834,0.5919838892819134,0.5919838892819134,0.49087385212340523,0.24543692606170261,245.43692606170262,0.1452947060634041,145.2947060634041,3.632367651585103,3632.367651585103,1.072171834901122,1072.171834901122,145.2947060634041,throughput_acquisition_density
E,10.0,78.53981633974483,2.5,4.908738521234052,0.1,0.5,0.5 g/cm^3,47.89473684210526,3600.0,13.304093567251462,26.608187134502923,derived_from_throughput,0.33878596073362516,3.3878596073362517,4.578947368421052,spot_diameter,2.5,1.5512830833592308,0.6205132333436923,0.6205132333436923,0.49087385212340523,0.24543692606170261,245.43692606170262,0.15229686057248384,152.29686057248384,3.8074215143120957,3807.421514312096,1.1238427667035855,1123.8427667035855,152.29686057248384,throughput_acquisition_density
E,10.0,78.53981633974483,2.5,4.908738521234052,0.1,0.5,0.5 g/cm^3,47.89473684210526,3600.0,13.304093567251462,26.608187134502923,derived_from_throughput,0.33878596073362516,3.3878596073362517,4.789473684210526,spot_diameter,2.5,1.6226064435136782,0.6490425774054713,0.6490425774054713,0.49087385212340523,0.24543692606170261,245.43692606170262,0.15929901508156358,159.29901508156357,3.9824753770390884,3982.4753770390885,1.1755136985060493,1175.5136985060492,159.29901508156357,throughput_acquisition_density
E,10.0,78.53981633974483,2.5,4.908738521234052,0.1,0.5,0.5 g/cm^3,47.89473684210526,3600.0,13.304093567251462,26.608187134502923,derived_from_throughput,0.33878596073362516,3.3878596073362517,5.0,spot_diameter,2.5,1.6939298036681258,0.6775719214672503,0.6775719214672503,0.49087385212340523,0.24543692606170261,245.43692606170262,0.16630116959064328,166.30116959064327,4.157529239766082,4157.529239766082,1.227184630308513,1227.184630308513,166.30116959064327,throughput_acquisition_density
E,10.0,78.53981633974483,2.5,4.908738521234052,0.1,0.5,0.5 g/cm^3,52.63157894736842,3600.0,14.619883040935672,29.239766081871345,derived_from_throughput,0.37229226454244524,3.722922645424452,1.0,spot_diameter,2.5,0.37229226454244524,0.14891690581697808,0.14891690581697808,0.49087385212340523,0.24543692606170261,245.43692606170262,0.03654970760233918,36.54970760233918,0.9137426900584795,913.7426900584795,0.24543692606170261,245.43692606170262,36.54970760233918,throughput_acquisition_density
E,10.0,78.53981633974483,2.5,4.908738521234052,0.1,0.5,0.5 g/cm^3,52.63157894736842,3600.0,14.619883040935672,29.239766081871345,derived_from_throughput,0.37229226454244524,3.722922645424452,1.2105263157894737,spot_diameter,2.5,0.45066958339348634,0.18026783335739455,0.18026783335739455,0.49087385212340523,0.24543692606170261,245.43692606170262,0.044244382887042175,44.24438288704217,1.106109572176054,1106.1095721760541,0.2971078578641663,297.1078578641663,44.24438288704217,throughput_acquisition_density
E,10.0,78.53981633974483,2.5,4.908738521234052,0.1,0.5,0.5 g/cm^3,52.63157894736842,3600.0,14.619883040935672,29.239766081871345,derived_from_throughput,0.37229226454244524,3.722922645424452,1.4210526315789473,spot_diameter,2.5,0.5290469022445274,0.21161876089781098,0.21161876089781098,0.49087385212340523,0.24543692606170261,245.43692606170262,0.051939058171745156,51.93905817174516,1.2984764542936287,1298.4764542936286,0.34877878966663,348.77878966663,51.93905817174516,throughput_acquisition_density
E,10.0,78.53981633974483,2.5,4.908738521234052,0.1,0.5,0.5 g/cm^3,52.63157894736842,3600.0,14.619883040935672,29.239766081871345,derived_from_throughput,0.37229226454244524,3.722922645424452,1.631578947368421,spot_diameter,2.5,0.6074242210955685,0.2429696884382274,0.2429696884382274,0.49087385212340523,0.24543692606170261,245.43692606170262,0.05963373345644814,59.63373345644814,1.4908433364112035,1490.8433364112034,0.40044972146909374,400.44972146909373,59.63373345644814,throughput_acquisition_density
E,10.0,78.53981633974483,2.5,4.908738521234052,0.1,0.5,0.5 g/cm^3,52.63157894736842,3600.0,14.619883040935672,29.239766081871345,derived_from_throughput,0.37229226454244524,3.722922645424452,1.8421052631578947,spot_diameter,2.5,0.6858015399466096,0.2743206159786439,0.2743206159786439,0.49087385212340523,0.24543692606170261,245.43692606170262,0.06732840874115113,67.32840874115114,1.683210218528778,1683.2102185287781,0.4521206532715574,452.12065327155744,67.32840874115114,throughput_acquisition_density
E,10.0,78.53981633974483,2.5,4.908738521234052,0.1,0.5,0.5 g/cm^3,52.63157894736842,3600.0,14.619883040935672,29.239766081871345,derived_from_throughput,0.37229226454244524,3.722922645424452,2.052631578947368,spot_diameter,2.5,0.7641788587976507,0.3056715435190603,0.3056715435190603,0.49087385212340523,0.24543692606170261,245.43692606170262,0.07502308402585411,75.02308402585412,1.8755771006463524,1875.5771006463524,0.5037915850740211,503.7915850740211,75.02308402585412,throughput_acquisition_density
E,10.0,78.53981633974483,2.5,4.908738521234052,0.1,0.5,0.5 g/cm^3,52.63157894736842,3600.0,14.619883040935672,29.239766081871345,derived_from_throughput,0.37229226454244524,3.722922645424452,2.263157894736842,spot_diameter,2.5,0.8425561776486918,0.33702247105947675,0.33702247105947675,0.49087385212340523,0.24543692606170261,245.43692606170262,0.08271775931055711,82.71775931055711,2.067943982763927,2067.943982763927,0.5554625168764848,555.4625168764849,82.71775931055711,throughput_acquisition_density
E,10.0,78.53981633974483,2.5,4.908738521234052,0.1,0.5,0.5 g/cm^3,52.63157894736842,3600.0,14.619883040935672,29.239766081871345,derived_from_throughput,0.37229226454244524,3.722922645424452,2.473684210526316,spot_diameter,2.5,0.920933496499733,0.3683733985998932,0.3683733985998932,0.49087385212340523,0.24543692606170261,245.43692606170262,0.09041243459526009,90.4124345952601,2.260310864881502,2260.310864881502,0.6071334486789486,607.1334486789486,90.4124345952601,throughput_acquisition_density
E,10.0,78.53981633974483,2.5,4.908738521234052,0.1,0.5,0.5 g/cm^3,52.63157894736842,3600.0,14.619883040935672,29.239766081871345,derived_from_throughput,0.37229226454244524,3.722922645424452,2.6842105263157894,spot_diameter,2.5,0.999310815350774,0.3997243261403096,0.3997243261403096,0.49087385212340523,0.24543692606170261,245.43692606170262,0.09810710987996307,98.10710987996308,2.4526777469990764,2452.6777469990766,0.6588043804814122,658.8043804814122,98.10710987996308,throughput_acquisition_density
E,10.0,78.53981633974483,2.5,4.908738521234052,0.1,0.5,0.5 g/cm^3,52.63157894736842,3600.0,14.619883040935672,29.239766081871345,derived_from_throughput,0.37229226454244524,3.722922645424452,2.894736842105263,spot_diameter,2.5,1.077688134201815,0.43107525368072597,0.43107525368072597,0.49087385212340523,0.24543692606170261,245.43692606170262,0.10580178516466604,105.80178516466604,2.645044629116651,2645.0446291166513,0.710475312283876,710.475312283876,105.80178516466604,throughput_acquisition_density
E,10.0,78.53981633974483,2.5,4.908738521234052,0.1,0.5,0.5 g/cm^3,52.63157894736842,3600.0,14.619883040935672,29.239766081871345,derived_from_throughput,0.37229226454244524,3.722922645424452,3.1052631578947367,spot_diameter,2.5,1.1560654530528562,0.4624261812211425,0.4624261812211425,0.49087385212340523,0.24543692606170261,245.43692606170262,0.11349646044936904,113.49646044936904,2.837411511234226,2837.411511234226,0.7621462440863397,762.1462440863397,113.49646044936904,throughput_acquisition_density
E,10.0,78.53981633974483,2.5,4.908738521234052,0.1,0.5,0.5 g/cm^3,52.63157894736842,3600.0,14.619883040935672,29.239766081871345,derived_from_throughput,0.37229226454244524,3.722922645424452,3.3157894736842106,spot_diameter,2.5,1.2344427719038975,0.493777108761559,0.493777108761559,0.49087385212340523,0.24543692606170261,245.43692606170262,0.12119113573407204,121.19113573407205,3.0297783933518008,3029.778393351801,0.8138171758888034,813.8171758888034,121.19113573407205,throughput_acquisition_density
E,10.0,78.53981633974483,2.5,4.908738521234052,0.1,0.5,0.5 g/cm^3,52.63157894736842,3600.0,14.619883040935672,29.239766081871345,derived_from_throughput,0.37229226454244524,3.722922645424452,3.526315789473684,spot_diameter,2.5,1.3128200907549383,0.5251280363019754,0.5251280363019754,0.49087385212340523,0.24543692606170261,245.43692606170262,0.128885811018775,128.885811018775,3.222145275469375,3222.145275469375,0.865488107691267,865.488107691267,128.885811018775,throughput_acquisition_density
E,10.0,78.53981633974483,2.5,4.908738521234052,0.1,0.5,0.5 g/cm^3,52.63157894736842,3600.0,14.619883040935672,29.239766081871345,derived_from_throughput,0.37229226454244524,3.722922645424452,3.7368421052631575,spot_diameter,2.5,1.3911974096059794,0.5564789638423917,0.5564789638423917,0.49087385212340523,0.24543692606170261,245.43692606170262,0.13658048630347797,136.58048630347795,3.4145121575869495,3414.5121575869493,0.9171590394937308,917.1590394937308,136.58048630347795,throughput_acquisition_density
E,10.0,78.53981633974483,2.5,4.908738521234052,0.1,0.5,0.5 g/cm^3,52.63157894736842,3600.0,14.619883040935672,29.239766081871345,derived_from_throughput,0.37229226454244524,3.722922645424452,3.9473684210526314,spot_diameter,2.5,1.4695747284570206,0.5878298913828083,0.5878298913828083,0.49087385212340523,0.24543692606170261,245.43692606170262,0.144275161588181,144.275161588181,3.6068790397045243,3606.879039704524,0.9688299712961945,968.8299712961946,144.275161588181,throughput_acquisition_density
E,10.0,78.53981633974483,2.5,4.908738521234052,0.1,0.5,0.5 g/cm^3,52.63157894736842,3600.0,14.619883040935672,29.239766081871345,derived_from_throughput,0.37229226454244524,3.722922645424452,4.157894736842105,spot_diameter,2.5,1.547952047308062,0.6191808189232247,0.6191808189232247,0.49087385212340523,0.24543692606170261,245.43692606170262,0.15196983687288398,151.96983687288397,3.799245921822099,3799.2459218220993,1.0205009030986583,1020.5009030986582,151.96983687288397,throughput_acquisition_density
E,10.0,78.53981633974483,2.5,4.908738521234052,0.1,0.5,0.5 g/cm^3,52.63157894736842,3600.0,14.619883040935672,29.239766081871345,derived_from_throughput,0.37229226454244524,3.722922645424452,4.368421052631579,spot_diameter,2.5,1.6263293661591027,0.6505317464636411,0.6505317464636411,0.49087385212340523,0.24543692606170261,245.43692606170262,0.15966451215758695,159.66451215758696,3.9916128039396734,3991.6128039396735,1.072171834901122,1072.171834901122,159.66451215758696,throughput_acquisition_density
E,10.0,78.53981633974483,2.5,4.908738521234052,0.1,0.5,0.5 g/cm^3,52.63157894736842,3600.0,14.619883040935672,29.239766081871345,derived_from_throughput,0.37229226454244524,3.722922645424452,4.578947368421052,spot_diameter,2.5,1.7047066850101438,0.6818826740040576,0.6818826740040576,0.49087385212340523,0.24543692606170261,245.43692606170262,0.16735918744228995,167.35918744228994,4.183979686057248,4183.979686057248,1.1238427667035855,1123.8427667035855,167.35918744228994,throughput_acquisition_density
E,10.0,78.53981633974483,2.5,4.908738521234052,0.1,0.5,0.5 g/cm^3,52.63157894736842,3600.0,14.619883040935672,29.239766081871345,derived_from_throughput,0.37229226454244524,3.722922645424452,4.789473684210526,spot_diameter,2.5,1.7830840038611848,0.7132336015444739,0.7132336015444739,0.49087385212340523,0.24543692606170261,245.43692606170262,0.17505386272699291,175.05386272699292,4.376346568174823,4376.346568174823,1.1755136985060493,1175.5136985060492,175.05386272699292,throughput_acquisition_density
E,10.0,78.53981633974483,2.5,4.908738521234052,0.1,0.5,0.5 g/cm^3,52.63157894736842,3600.0,14.619883040935672,29.239766081871345,derived_from_throughput,0.37229226454244524,3.722922645424452,5.0,spot_diameter,2.5,1.861461322712226,0.7445845290848905,0.7445845290848905,0.49087385212340523,0.24543692606170261,245.43692606170262,0.18274853801169594,182.74853801169593,4.568713450292398,4568.713450292398,1.227184630308513,1227.184630308513,182.74853801169593,throughput_acquisition_density
E,10.0,78.53981633974483,2.5,4.908738521234052,0.1,0.5,0.5 g/cm^3,57.368421052631575,3600.0,15.935672514619881,31.871345029239762,derived_from_throughput,0.40579856835126527,4.057985683512653,1.0,spot_diameter,2.5,0.40579856835126527,0.1623194273405061,0.1623194273405061,0.49087385212340523,0.24543692606170261,245.43692606170262,0.03983918128654971,39.83918128654971,0.9959795321637426,995.9795321637425,0.24543692606170261,245.43692606170262,39.83918128654971,throughput_acquisition_density
E,10.0,78.53981633974483,2.5,4.908738521234052,0.1,0.5,0.5 g/cm^3,57.368421052631575,3600.0,15.935672514619881,31.871345029239762,derived_from_throughput,0.40579856835126527,4.057985683512653,1.2105263157894737,spot_diameter,2.5,0.49122984589890006,0.19649193835956003,0.19649193835956003,0.49087385212340523,0.24543692606170261,245.43692606170262,0.04822637734687596,48.22637734687596,1.2056594336718989,1205.6594336718988,0.2971078578641663,297.1078578641663,48.22637734687596,throughput_acquisition_density
E,10.0,78.53981633974483,2.5,4.908738521234052,0.1,0.5,0.5 g/cm^3,57.368421052631575,3600.0,15.935672514619881,31.871345029239762,derived_from_throughput,0.40579856835126527,4.057985683512653,1.4210526315789473,spot_diameter,2.5,0.5766611234465349,0.23066444937861394,0.23066444937861394,0.49087385212340523,0.24543692606170261,245.43692606170262,0.05661357340720222,56.61357340720222,1.4153393351800552,1415.339335180055,0.34877878966663,348.77878966663,56.61357340720222,throughput_acquisition_density
E,10.0,78.53981633974483,2.5,4.908738521234052,0.1,0.5,0.5 g/cm^3,57.368421052631575,3600.0,15.935672514619881,31.871345029239762,derived_from_throughput,0.40579856835126527,4.057985683512653,1.631578947368421,spot_diameter,2.5,0.6620924009941697,0.26483696039766785,0.26483696039766785,0.49087385212340523,0.24543692606170261,245.43692606170262,0.06500076946752847,65.00076946752847,1.6250192366882115,1625.0192366882115,0.40044972146909374,400.44972146909373,65.00076946752847,throughput_acquisition_density
E,10.0,78.53981633974483,2.5,4.908738521234052,0.1,0.5,0.5 g/cm^3,57.368421052631575,3600.0,15.935672514619881,31.871345029239762,derived_from_throughput,0.40579856835126527,4.057985683512653,1.8421052631578947,spot_diameter,2.5,0.7475236785418045,0.2990094714167218,0.2990094714167218,0.49087385212340523,0.24543692606170261,245.43692606170262,0.07338796552785473,73.38796552785473,1.8346991381963678,1834.6991381963678,0.4521206532715574,452.12065327155744,73.38796552785473,throughput_acquisition_density
E,10.0,78.53981633974483,2.5,4.908738521234052,0.1,0.5,0.5 g/cm^3,57.368421052631575,3600.0,15.935672514619881,31.871345029239762,derived_from_throughput,0.40579856835126527,4.057985683512653,2.052631578947368,spot_diameter,2.5,0.8329549560894391,0.3331819824357757,0.3331819824357757,0.49087385212340523,0.24543692606170261,245.43692606170262,0.08177516158818098,81.77516158818098,2.044379039704524,2044.3790397045238,0.5037915850740211,503.7915850740211,81.77516158818098,throughput_acquisition_density
E,10.0,78.53981633974483,2.5,4.908738521234052,0.1,0.5,0.5 g/cm^3,57.368421052631575,3600.0,15.935672514619881,31.871345029239762,derived_from_throughput,0.40579856835126527,4.057985683512653,2.263157894736842,spot_diameter,2.5,0.918386233637074,0.36735449345482957,0.36735449345482957,0.49087385212340523,0.24543692606170261,245.43692606170262,0.09016235764850722,90.16235764850722,2.2540589412126804,2254.0589412126806,0.5554625168764848,555.4625168764849,90.16235764850722,throughput_acquisition_density
E,10.0,78.53981633974483,2.5,4.908738521234052,0.1,0.5,0.5 g/cm^3,57.368421052631575,3600.0,15.935672514619881,31.871345029239762,derived_from_throughput,0.40579856835126527,4.057985683512653,2.473684210526316,spot_diameter,2.5,1.003817511184709,0.40152700447388356,0.40152700447388356,0.49087385212340523,0.24543692606170261,245.43692606170262,0.09854955370883349,98.54955370883349,2.463738842720837,2463.738842720837,0.6071334486789486,607.1334486789486,98.54955370883349,throughput_acquisition_density
E,10.0,78.53981633974483,2.5,4.908738521234052,0.1,0.5,0.5 g/cm^3,57.368421052631575,3600.0,15.935672514619881,31.871345029239762,derived_from_throughput,0.40579856835126527,4.057985683512653,2.6842105263157894,spot_diameter,2.5,1.0892487887323437,0.43569951549293745,0.43569951549293745,0.49087385212340523,0.24543692606170261,245.43692606170262,0.10693674976915975,106.93674976915975,2.673418744228993,2673.418744228993,0.6588043804814122,658.8043804814122,106.93674976915975,throughput_acquisition_density
E,10.0,78.53981633974483,2.5,4.908738521234052,0.1,0.5,0.5 g/cm^3,57.368421052631575,3600.0,15.935672514619881,31.871345029239762,derived_from_throughput,0.40579856835126527,4.057985683512653,2.894736842105263,spot_diameter,2.5,1.1746800662799783,0.46987202651199134,0.46987202651199134,0.49087385212340523,0.24543692606170261,245.43692606170262,0.11532394582948599,115.323945829486,2.883098645737149,2883.098645737149,0.710475312283876,710.475312283876,115.323945829486,throughput_acquisition_density
E,10.0,78.53981633974483,2.5,4.908738521234052,0.1,0.5,0.5 g/cm^3,57.368421052631575,3600.0,15.935672514619881,31.871345029239762,derived_from_throughput,0.40579856835126527,4.057985683512653,3.1052631578947367,spot_diameter,2.5,1.2601113438276133,0.5040445375310453,0.5040445375310453,0.49087385212340523,0.24543692606170261,245.43692606170262,0.12371114188981225,123.71114188981225,3.092778547245306,3092.778547245306,0.7621462440863397,762.1462440863397,123.71114188981225,throughput_acquisition_density
E,10.0,78.53981633974483,2.5,4.908738521234052,0.1,0.5,0.5 g/cm^3,57.368421052631575,3600.0,15.935672514619881,31.871345029239762,derived_from_throughput,0.40579856835126527,4.057985683512653,3.3157894736842106,spot_diameter,2.5,1.345542621375248,0.5382170485500992,0.5382170485500992,0.49087385212340523,0.24543692606170261,245.43692606170262,0.1320983379501385,132.0983379501385,3.3024584487534625,3302.4584487534626,0.8138171758888034,813.8171758888034,132.0983379501385,throughput_acquisition_density
E,10.0,78.53981633974483,2.5,4.908738521234052,0.1,0.5,0.5 g/cm^3,57.368421052631575,3600.0,15.935672514619881,31.871345029239762,derived_from_throughput,0.40579856835126527,4.057985683512653,3.526315789473684,spot_diameter,2.5,1.4309738989228826,0.572389559569153,0.572389559569153,0.49087385212340523,0.24543692606170261,245.43692606170262,0.14048553401046474,140.48553401046473,3.5121383502616186,3512.1383502616186,0.865488107691267,865.488107691267,140.48553401046473,throughput_acquisition_density
E,10.0,78.53981633974483,2.5,4.908738521234052,0.1,0.5,0.5 g/cm^3,57.368421052631575,3600.0,15.935672514619881,31.871345029239762,derived_from_throughput,0.40579856835126527,4.057985683512653,3.7368421052631575,spot_diameter,2.5,1.5164051764705173,0.6065620705882069,0.6065620705882069,0.49087385212340523,0.24543692606170261,245.43692606170262,0.14887273007079097,148.87273007079096,3.7218182517697747,3721.8182517697746,0.9171590394937308,917.1590394937308,148.87273007079096,throughput_acquisition_density
E,10.0,78.53981633974483,2.5,4.908738521234052,0.1,0.5,0.5 g/cm^3,57.368421052631575,3600.0,15.935672514619881,31.871345029239762,derived_from_throughput,0.40579856835126527,4.057985683512653,3.9473684210526314,spot_diameter,2.5,1.6018364540181522,0.6407345816072609,0.6407345816072609,0.49087385212340523,0.24543692606170261,245.43692606170262,0.15725992613111725,157.25992613111725,3.931498153277931,3931.498153277931,0.9688299712961945,968.8299712961946,157.25992613111725,throughput_acquisition_density
E,10.0,78.53981633974483,2.5,4.908738521234052,0.1,0.5,0.5 g/cm^3,57.368421052631575,3600.0,15.935672514619881,31.871345029239762,derived_from_throughput,0.40579856835126527,4.057985683512653,4.157894736842105,spot_diameter,2.5,1.6872677315657871,0.6749070926263149,0.6749070926263149,0.49087385212340523,0.24543692606170261,245.43692606170262,0.16564712219144354,165.64712219144354,4.141178054786088,4141.178054786088,1.0205009030986583,1020.5009030986582,165.64712219144354,throughput_acquisition_density
E,10.0,78.53981633974483,2.5,4.908738521234052,0.1,0.5,0.5 g/cm^3,57.368421052631575,3600.0,15.935672514619881,31.871345029239762,derived_from_throughput,0.40579856835126527,4.057985683512653,4.368421052631579,spot_diameter,2.5,1.7726990091134218,0.7090796036453687,0.7090796036453687,0.49087385212340523,0.24543692606170261,245.43692606170262,0.17403431825176977,174.03431825176978,4.350857956294243,4350.857956294243,1.072171834901122,1072.171834901122,174.03431825176978,throughput_acquisition_density
E,10.0,78.53981633974483,2.5,4.908738521234052,0.1,0.5,0.5 g/cm^3,57.368421052631575,3600.0,15.935672514619881,31.871345029239762,derived_from_throughput,0.40579856835126527,4.057985683512653,4.578947368421052,spot_diameter,2.5,1.8581302866610565,0.7432521146644226,0.7432521146644226,0.49087385212340523,0.24543692606170261,245.43692606170262,0.18242151431209602,182.42151431209604,4.5605378578024,4560.5378578024,1.1238427667035855,1123.8427667035855,182.42151431209604,throughput_acquisition_density
E,10.0,78.53981633974483,2.5,4.908738521234052,0.1,0.5,0.5 g/cm^3,57.368421052631575,3600.0,15.935672514619881,31.871345029239762,derived_from_throughput,0.40579856835126527,4.057985683512653,4.789473684210526,spot_diameter,2.5,1.9435615642086912,0.7774246256834765,0.7774246256834765,0.49087385212340523,0.24543692606170261,245.43692606170262,0.19080871037242225,190.80871037242224,4.7702177593105555,4770.217759310555,1.1755136985060493,1175.5136985060492,190.80871037242224,throughput_acquisition_density
E,10.0,78.53981633974483,2.5,4.908738521234052,0.1,0.5,0.5 g/cm^3,57.368421052631575,3600.0,15.935672514619881,31.871345029239762,derived_from_throughput,0.40579856835126527,4.057985683512653,5.0,spot_diameter,2.5,2.0289928417563265,0.8115971367025306,0.8115971367025306,0.49087385212340523,0.24543692606170261,245.43692606170262,0.19919590643274857,199.19590643274856,4.979897660818713,4979.897660818713,1.227184630308513,1227.184630308513,199.19590643274856,throughput_acquisition_density
E,10.0,78.53981633974483,2.5,4.908738521234052,0.1,0.5,0.5 g/cm^3,62.10526315789473,3600.0,17.251461988304094,34.50292397660819,derived_from_throughput,0.43930487216008535,4.393048721600853,1.0,spot_diameter,2.5,0.43930487216008535,0.17572194886403414,0.17572194886403414,0.49087385212340523,0.24543692606170261,245.43692606170262,0.04312865497076023,43.12865497076023,1.0782163742690059,1078.2163742690059,0.24543692606170261,245.43692606170262,43.12865497076023,throughput_acquisition_density
E,10.0,78.53981633974483,2.5,4.908738521234052,0.1,0.5,0.5 g/cm^3,62.10526315789473,3600.0,17.251461988304094,34.50292397660819,derived_from_throughput,0.43930487216008535,4.393048721600853,1.2105263157894737,spot_diameter,2.5,0.5317901084043138,0.21271604336172553,0.21271604336172553,0.49087385212340523,0.24543692606170261,245.43692606170262,0.05220837180670976,52.208371806709756,1.3052092951677439,1305.209295167744,0.2971078578641663,297.1078578641663,52.208371806709756,throughput_acquisition_density
E,10.0,78.53981633974483,2.5,4.908738521234052,0.1,0.5,0.5 g/cm^3,62.10526315789473,3600.0,17.251461988304094,34.50292397660819,derived_from_throughput,0.43930487216008535,4.393048721600853,1.4210526315789473,spot_diameter,2.5,0.6242753446485423,0.24971013785941693,0.24971013785941693,0.49087385212340523,0.24543692606170261,245.43692606170262,0.06128808864265928,61.288088642659275,1.5322022160664819,1532.202216066482,0.34877878966663,348.77878966663,61.288088642659275,throughput_acquisition_density
E,10.0,78.53981633974483,2.5,4.908738521234052,0.1,0.5,0.5 g/cm^3,62.10526315789473,3600.0,17.251461988304094,34.50292397660819,derived_from_throughput,0.43930487216008535,4.393048721600853,1.631578947368421,spot_diameter,2.5,0.7167605808927708,0.28670423235710835,0.28670423235710835,0.49087385212340523,0.24543692606170261,245.43692606170262,0.07036780547860881,70.36780547860882,1.7591951369652201,1759.1951369652202,0.40044972146909374,400.44972146909373,70.36780547860882,throughput_acquisition_density
E,10.0,78.53981633974483,2.5,4.908738521234052,0.1,0.5,0.5 g/cm^3,62.10526315789473,3600.0,17.251461988304094,34.50292397660819,derived_from_throughput,0.43930487216008535,4.393048721600853,1.8421052631578947,spot_diameter,2.5,0.8092458171369993,0.3236983268547997,0.3236983268547997,0.49087385212340523,0.24543692606170261,245.43692606170262,0.07944752231455832,79.44752231455831,1.9861880578639581,1986.1880578639582,0.4521206532715574,452.12065327155744,79.44752231455831,throughput_acquisition_density
E,10.0,78.53981633974483,2.5,4.908738521234052,0.1,0.5,0.5 g/cm^3,62.10526315789473,3600.0,17.251461988304094,34.50292397660819,derived_from_throughput,0.43930487216008535,4.393048721600853,2.052631578947368,spot_diameter,2.5,0.9017310533812277,0.3606924213524911,0.3606924213524911,0.49087385212340523,0.24543692606170261,245.43692606170262,0.08852723915050784,88.52723915050784,2.2131809787626957,2213.1809787626958,0.5037915850740211,503.7915850740211,88.52723915050784,throughput_acquisition_density
E,10.0,78.53981633974483,2.5,4.908738521234052,0.1,0.5,0.5 g/cm^3,62.10526315789473,3600.0,17.251461988304094,34.50292397660819,derived_from_throughput,0.43930487216008535,4.393048721600853,2.263157894736842,spot_diameter,2.5,0.9942162896254563,0.3976865158501825,0.3976865158501825,0.49087385212340523,0.24543692606170261,245.43692606170262,0.09760695598645737,97.60695598645736,2.4401738996614344,2440.1738996614345,0.5554625168764848,555.4625168764849,97.60695598645736,throughput_acquisition_density
E,10.0,78.53981633974483,2.5,4.908738521234052,0.1,0.5,0.5 g/cm^3,62.10526315789473,3600.0,17.251461988304094,34.50292397660819,derived_from_throughput,0.43930487216008535,4.393048721600853,2.473684210526316,spot_diameter,2.5,1.0867015258696848,0.4346806103478739,0.4346806103478739,0.49087385212340523,0.24543692606170261,245.43692606170262,0.10668667282240689,106.68667282240689,2.6671668205601726,2667.1668205601727,0.6071334486789486,607.1334486789486,106.68667282240689,throughput_acquisition_density
E,10.0,78.53981633974483,2.5,4.908738521234052,0.1,0.5,0.5 g/cm^3,62.10526315789473,3600.0,17.251461988304094,34.50292397660819,derived_from_throughput,0.43930487216008535,4.393048721600853,2.6842105263157894,spot_diameter,2.5,1.1791867621139132,0.4716747048455653,0.4716747048455653,0.49087385212340523,0.24543692606170261,245.43692606170262,0.11576638965835641,115.7663896583564,2.8941597414589104,2894.1597414589105,0.6588043804814122,658.8043804814122,115.7663896583564,throughput_acquisition_density
E,10.0,78.53981633974483,2.5,4.908738521234052,0.1,0.5,0.5 g/cm^3,62.10526315789473,3600.0,17.251461988304094,34.50292397660819,derived_from_throughput,0.43930487216008535,4.393048721600853,2.894736842105263,spot_diameter,2.5,1.2716719983581417,0.5086687993432567,0.5086687993432567,0.49087385212340523,0.24543692606170261,245.43692606170262,0.12484610649430594,124.84610649430594,3.121152662357648,3121.1526623576483,0.710475312283876,710.475312283876,124.84610649430594,throughput_acquisition_density
E,10.0,78.53981633974483,2.5,4.908738521234052,0.1,0.5,0.5 g/cm^3,62.10526315789473,3600.0,17.251461988304094,34.50292397660819,derived_from_throughput,0.43930487216008535,4.393048721600853,3.1052631578947367,spot_diameter,2.5,1.3641572346023703,0.5456628938409481,0.5456628938409481,0.49087385212340523,0.24543692606170261,245.43692606170262,0.13392582333025546,133.92582333025547,3.3481455832563864,3348.1455832563865,0.7621462440863397,762.1462440863397,133.92582333025547,throughput_acquisition_density
E,10.0,78.53981633974483,2.5,4.908738521234052,0.1,0.5,0.5 g/cm^3,62.10526315789473,3600.0,17.251461988304094,34.50292397660819,derived_from_throughput,0.43930487216008535,4.393048721600853,3.3157894736842106,spot_diameter,2.5,1.4566424708465988,0.5826569883386395,0.5826569883386395,0.49087385212340523,0.24543692606170261,245.43692606170262,0.143005540166205,143.005540166205,3.5751385041551247,3575.138504155125,0.8138171758888034,813.8171758888034,143.005540166205,throughput_acquisition_density
E,10.0,78.53981633974483,2.5,4.908738521234052,0.1,0.5,0.5 g/cm^3,62.10526315789473,3600.0,17.251461988304094,34.50292397660819,derived_from_throughput,0.43930487216008535,4.393048721600853,3.526315789473684,spot_diameter,2.5,1.5491277070908271,0.6196510828363309,0.6196510828363309,0.49087385212340523,0.24543692606170261,245.43692606170262,0.1520852570021545,152.0852570021545,3.8021314250538625,3802.1314250538626,0.865488107691267,865.488107691267,152.0852570021545,throughput_acquisition_density
E,10.0,78.53981633974483,2.5,4.908738521234052,0.1,0.5,0.5 g/cm^3,62.10526315789473,3600.0,17.251461988304094,34.50292397660819,derived_from_throughput,0.43930487216008535,4.393048721600853,3.7368421052631575,spot_diameter,2.5,1.6416129433350557,0.6566451773340223,0.6566451773340223,0.49087385212340523,0.24543692606170261,245.43692606170262,0.16116497383810402,161.16497383810403,4.0291243459526,4029.1243459526004,0.9171590394937308,917.1590394937308,161.16497383810403,throughput_acquisition_density
E,10.0,78.53981633974483,2.5,4.908738521234052,0.1,0.5,0.5 g/cm^3,62.10526315789473,3600.0,17.251461988304094,34.50292397660819,derived_from_throughput,0.43930487216008535,4.393048721600853,3.9473684210526314,spot_diameter,2.5,1.7340981795792842,0.6936392718317137,0.6936392718317137,0.49087385212340523,0.24543692606170261,245.43692606170262,0.17024469067405357,170.24469067405357,4.256117266851339,4256.117266851339,0.9688299712961945,968.8299712961946,170.24469067405357,throughput_acquisition_density
E,10.0,78.53981633974483,2.5,4.908738521234052,0.1,0.5,0.5 g/cm^3,62.10526315789473,3600.0,17.251461988304094,34.50292397660819,derived_from_throughput,0.43930487216008535,4.393048721600853,4.157894736842105,spot_diameter,2.5,1.8265834158235128,0.7306333663294051,0.7306333663294051,0.49087385212340523,0.24543692606170261,245.43692606170262,0.1793244075100031,179.32440751000308,4.483110187750077,4483.110187750077,1.0205009030986583,1020.5009030986582,179.32440751000308,throughput_acquisition_density
E,10.0,78.53981633974483,2.5,4.908738521234052,0.1,0.5,0.5 g/cm^3,62.10526315789473,3600.0,17.251461988304094,34.50292397660819,derived_from_throughput,0.43930487216008535,4.393048721600853,4.368421052631579,spot_diameter,2.5,1.9190686520677411,0.7676274608270964,0.7676274608270964,0.49087385212340523,0.24543692606170261,245.43692606170262,0.18840412434595258,188.40412434595257,4.7101031086488145,4710.103108648815,1.072171834901122,1072.171834901122,188.40412434595257,throughput_acquisition_density
E,10.0,78.53981633974483,2.5,4.908738521234052,0.1,0.5,0.5 g/cm^3,62.10526315789473,3600.0,17.251461988304094,34.50292397660819,derived_from_throughput,0.43930487216008535,4.393048721600853,4.578947368421052,spot_diameter,2.5,2.0115538883119695,0.8046215553247877,0.8046215553247877,0.49087385212340523,0.24543692606170261,245.43692606170262,0.1974838411819021,197.4838411819021,4.937096029547552,4937.0960295475525,1.1238427667035855,1123.8427667035855,197.4838411819021,throughput_acquisition_density
E,10.0,78.53981633974483,2.5,4.908738521234052,0.1,0.5,0.5 g/cm^3,62.10526315789473,3600.0,17.251461988304094,34.50292397660819,derived_from_throughput,0.43930487216008535,4.393048721600853,4.789473684210526,spot_diameter,2.5,2.104039124556198,0.8416156498224792,0.8416156498224792,0.49087385212340523,0.24543692606170261,245.43692606170262,0.20656355801785162,206.56355801785162,5.16408895044629,5164.08895044629,1.1755136985060493,1175.5136985060492,206.56355801785162,throughput_acquisition_density
E,10.0,78.53981633974483,2.5,4.908738521234052,0.1,0.5,0.5 g/cm^3,62.10526315789473,3600.0,17.251461988304094,34.50292397660819,derived_from_throughput,0.43930487216008535,4.393048721600853,5.0,spot_diameter,2.5,2.1965243608004266,0.8786097443201706,0.8786097443201706,0.49087385212340523,0.24543692606170261,245.43692606170262,0.21564327485380114,215.64327485380113,5.39108187134503,5391.08187134503,1.227184630308513,1227.184630308513,215.64327485380113,throughput_acquisition_density
E,10.0,78.53981633974483,2.5,4.908738521234052,0.1,0.5,0.5 g/cm^3,66.84210526315789,3600.0,18.567251461988302,37.134502923976605,derived_from_throughput,0.4728111759689054,4.728111759689054,1.0,spot_diameter,2.5,0.4728111759689054,0.18912447038756214,0.18912447038756214,0.49087385212340523,0.24543692606170261,245.43692606170262,0.046418128654970754,46.41812865497075,1.160453216374269,1160.453216374269,0.24543692606170261,245.43692606170262,46.41812865497075,throughput_acquisition_density
E,10.0,78.53981633974483,2.5,4.908738521234052,0.1,0.5,0.5 g/cm^3,66.84210526315789,3600.0,18.567251461988302,37.134502923976605,derived_from_throughput,0.4728111759689054,4.728111759689054,1.2105263157894737,spot_diameter,2.5,0.5723503709097275,0.228940148363891,0.228940148363891,0.49087385212340523,0.24543692606170261,245.43692606170262,0.05619036626654354,56.19036626654354,1.4047591566635886,1404.7591566635886,0.2971078578641663,297.1078578641663,56.19036626654354,throughput_acquisition_density
E,10.0,78.53981633974483,2.5,4.908738521234052,0.1,0.5,0.5 g/cm^3,66.84210526315789,3600.0,18.567251461988302,37.134502923976605,derived_from_throughput,0.4728111759689054,4.728111759689054,1.4210526315789473,spot_diameter,2.5,0.6718895658505497,0.2687558263402199,0.2687558263402199,0.49087385212340523,0.24543692606170261,245.43692606170262,0.06596260387811634,65.96260387811634,1.6490650969529084,1649.0650969529083,0.34877878966663,348.77878966663,65.96260387811634,throughput_acquisition_density
E,10.0,78.53981633974483,2.5,4.908738521234052,0.1,0.5,0.5 g/cm^3,66.84210526315789,3600.0,18.567251461988302,37.134502923976605,derived_from_throughput,0.4728111759689054,4.728111759689054,1.631578947368421,spot_diameter,2.5,0.7714287607913719,0.3085715043165488,0.3085715043165488,0.49087385212340523,0.24543692606170261,245.43692606170262,0.07573484148968913,75.73484148968913,1.893371037242228,1893.371037242228,0.40044972146909374,400.44972146909373,75.73484148968913,throughput_acquisition_density
E,10.0,78.53981633974483,2.5,4.908738521234052,0.1,0.5,0.5 g/cm^3,66.84210526315789,3600.0,18.567251461988302,37.134502923976605,derived_from_throughput,0.4728111759689054,4.728111759689054,1.8421052631578947,spot_diameter,2.5,0.8709679557321941,0.34838718229287763,0.34838718229287763,0.49087385212340523,0.24543692606170261,245.43692606170262,0.08550707910126192,85.50707910126191,2.137676977531548,2137.676977531548,0.4521206532715574,452.12065327155744,85.50707910126191,throughput_acquisition_density
E,10.0,78.53981633974483,2.5,4.908738521234052,0.1,0.5,0.5 g/cm^3,66.84210526315789,3600.0,18.567251461988302,37.134502923976605,derived_from_throughput,0.4728111759689054,4.728111759689054,2.052631578947368,spot_diameter,2.5,0.9705071506730162,0.3882028602692065,0.3882028602692065,0.49087385212340523,0.24543692606170261,245.43692606170262,0.0952793167128347,95.2793167128347,2.3819829178208676,2381.9829178208674,0.5037915850740211,503.7915850740211,95.2793167128347,throughput_acquisition_density
E,10.0,78.53981633974483,2.5,4.908738521234052,0.1,0.5,0.5 g/cm^3,66.84210526315789,3600.0,18.567251461988302,37.134502923976605,derived_from_throughput,0.4728111759689054,4.728111759689054,2.263157894736842,spot_diameter,2.5,1.0700463456138385,0.4280185382455354,0.4280185382455354,0.49087385212340523,0.24543692606170261,245.43692606170262,0.10505155432440749,105.05155432440749,2.6262888581101875,2626.2888581101874,0.5554625168764848,555.4625168764849,105.05155432440749,throughput_acquisition_density
E,10.0,78.53981633974483,2.5,4.908738521234052,0.1,0.5,0.5 g/cm^3,66.84210526315789,3600.0,18.567251461988302,37.134502923976605,derived_from_throughput,0.4728111759689054,4.728111759689054,2.473684210526316,spot_diameter,2.5,1.1695855405546607,0.4678342162218643,0.4678342162218643,0.49087385212340523,0.24543692606170261,245.43692606170262,0.1148237919359803,114.8237919359803,2.8705947983995075,2870.5947983995075,0.6071334486789486,607.1334486789486,114.8237919359803,throughput_acquisition_density
E,10.0,78.53981633974483,2.5,4.908738521234052,0.1,0.5,0.5 g/cm^3,66.84210526315789,3600.0,18.567251461988302,37.134502923976605,derived_from_throughput,0.4728111759689054,4.728111759689054,2.6842105263157894,spot_diameter,2.5,1.2691247354954829,0.5076498941981932,0.5076498941981932,0.49087385212340523,0.24543692606170261,245.43692606170262,0.1245960295475531,124.5960295475531,3.114900738688827,3114.900738688827,0.6588043804814122,658.8043804814122,124.5960295475531,throughput_acquisition_density
E,10.0,78.53981633974483,2.5,4.908738521234052,0.1,0.5,0.5 g/cm^3,66.84210526315789,3600.0,18.567251461988302,37.134502923976605,derived_from_throughput,0.4728111759689054,4.728111759689054,2.894736842105263,spot_diameter,2.5,1.3686639304363049,0.547465572174522,0.547465572174522,0.49087385212340523,0.24543692606170261,245.43692606170262,0.13436826715912586,134.36826715912588,3.3592066789781465,3359.2066789781466,0.710475312283876,710.475312283876,134.36826715912588,throughput_acquisition_density
E,10.0,78.53981633974483,2.5,4.908738521234052,0.1,0.5,0.5 g/cm^3,66.84210526315789,3600.0,18.567251461988302,37.134502923976605,derived_from_throughput,0.4728111759689054,4.728111759689054,3.1052631578947367,spot_diameter,2.5,1.468203125377127,0.5872812501508509,0.5872812501508509,0.49087385212340523,0.24543692606170261,245.43692606170262,0.14414050477069867,144.14050477069867,3.6035126192674665,3603.5126192674666,0.7621462440863397,762.1462440863397,144.14050477069867,throughput_acquisition_density
E,10.0,78.53981633974483,2.5,4.908738521234052,0.1,0.5,0.5 g/cm^3,66.84210526315789,3600.0,18.567251461988302,37.134502923976605,derived_from_throughput,0.4728111759689054,4.728111759689054,3.3157894736842106,spot_diameter,2.5,1.5677423203179495,0.6270969281271798,0.6270969281271798,0.49087385212340523,0.24543692606170261,245.43692606170262,0.15391274238227146,153.91274238227146,3.8478185595567864,3847.8185595567866,0.8138171758888034,813.8171758888034,153.91274238227146,throughput_acquisition_density
E,10.0,78.53981633974483,2.5,4.908738521234052,0.1,0.5,0.5 g/cm^3,66.84210526315789,3600.0,18.567251461988302,37.134502923976605,derived_from_throughput,0.4728111759689054,4.728111759689054,3.526315789473684,spot_diameter,2.5,1.6672815152587714,0.6669126061035086,0.6669126061035086,0.49087385212340523,0.24543692606170261,245.43692606170262,0.16368497999384424,163.68497999384425,4.092124499846106,4092.124499846106,0.865488107691267,865.488107691267,163.68497999384425,throughput_acquisition_density
E,10.0,78.53981633974483,2.5,4.908738521234052,0.1,0.5,0.5 g/cm^3,66.84210526315789,3600.0,18.567251461988302,37.134502923976605,derived_from_throughput,0.4728111759689054,4.728111759689054,3.7368421052631575,spot_diameter,2.5,1.7668207101995936,0.7067282840798375,0.7067282840798375,0.49087385212340523,0.24543692606170261,245.43692606170262,0.17345721760541702,173.45721760541701,4.336430440135426,4336.430440135426,0.9171590394937308,917.1590394937308,173.45721760541701,throughput_acquisition_density
E,10.0,78.53981633974483,2.5,4.908738521234052,0.1,0.5,0.5 g/cm^3,66.84210526315789,3600.0,18.567251461988302,37.134502923976605,derived_from_throughput,0.4728111759689054,4.728111759689054,3.9473684210526314,spot_diameter,2.5,1.8663599051404158,0.7465439620561664,0.7465439620561664,0.49087385212340523,0.24543692606170261,245.43692606170262,0.18322945521698983,183.22945521698983,4.580736380424746,4580.736380424746,0.9688299712961945,968.8299712961946,183.22945521698983,throughput_acquisition_density
E,10.0,78.53981633974483,2.5,4.908738521234052,0.1,0.5,0.5 g/cm^3,66.84210526315789,3600.0,18.567251461988302,37.134502923976605,derived_from_throughput,0.4728111759689054,4.728111759689054,4.157894736842105,spot_diameter,2.5,1.9658991000812382,0.7863596400324953,0.7863596400324953,0.49087385212340523,0.24543692606170261,245.43692606170262,0.1930016928285626,193.0016928285626,4.825042320714066,4825.042320714066,1.0205009030986583,1020.5009030986582,193.0016928285626,throughput_acquisition_density
E,10.0,78.53981633974483,2.5,4.908738521234052,0.1,0.5,0.5 g/cm^3,66.84210526315789,3600.0,18.567251461988302,37.134502923976605,derived_from_throughput,0.4728111759689054,4.728111759689054,4.368421052631579,spot_diameter,2.5,2.0654382950220604,0.8261753180088242,0.8261753180088242,0.49087385212340523,0.24543692606170261,245.43692606170262,0.20277393044013542,202.77393044013542,5.069348261003385,5069.348261003385,1.072171834901122,1072.171834901122,202.77393044013542,throughput_acquisition_density
E,10.0,78.53981633974483,2.5,4.908738521234052,0.1,0.5,0.5 g/cm^3,66.84210526315789,3600.0,18.567251461988302,37.134502923976605,derived_from_throughput,0.4728111759689054,4.728111759689054,4.578947368421052,spot_diameter,2.5,2.164977489962882,0.8659909959851528,0.8659909959851528,0.49087385212340523,0.24543692606170261,245.43692606170262,0.21254616805170817,212.54616805170818,5.313654201292705,5313.654201292705,1.1238427667035855,1123.8427667035855,212.54616805170818,throughput_acquisition_density
E,10.0,78.53981633974483,2.5,4.908738521234052,0.1,0.5,0.5 g/cm^3,66.84210526315789,3600.0,18.567251461988302,37.134502923976605,derived_from_throughput,0.4728111759689054,4.728111759689054,4.789473684210526,spot_diameter,2.5,2.2645166849037044,0.9058066739614817,0.9058066739614817,0.49087385212340523,0.24543692606170261,245.43692606170262,0.22231840566328095,222.31840566328094,5.557960141582024,5557.960141582024,1.1755136985060493,1175.5136985060492,222.31840566328094,throughput_acquisition_density
E,10.0,78.53981633974483,2.5,4.908738521234052,0.1,0.5,0.5 g/cm^3,66.84210526315789,3600.0,18.567251461988302,37.134502923976605,derived_from_throughput,0.4728111759689054,4.728111759689054,5.0,spot_diameter,2.5,2.364055879844527,0.9456223519378109,0.9456223519378109,0.49087385212340523,0.24543692606170261,245.43692606170262,0.23209064327485382,232.09064327485382,5.802266081871345,5802.266081871345,1.227184630308513,1227.184630308513,232.09064327485382,throughput_acquisition_density
E,10.0,78.53981633974483,2.5,4.908738521234052,0.1,0.5,0.5 g/cm^3,71.57894736842104,3600.0,19.88304093567251,39.76608187134502,derived_from_throughput,0.5063174797777255,5.063174797777254,1.0,spot_diameter,2.5,0.5063174797777255,0.2025269919110902,0.2025269919110902,0.49087385212340523,0.24543692606170261,245.43692606170262,0.049707602339181284,49.707602339181285,1.242690058479532,1242.690058479532,0.24543692606170261,245.43692606170262,49.707602339181285,throughput_acquisition_density
E,10.0,78.53981633974483,2.5,4.908738521234052,0.1,0.5,0.5 g/cm^3,71.57894736842104,3600.0,19.88304093567251,39.76608187134502,derived_from_throughput,0.5063174797777255,5.063174797777254,1.2105263157894737,spot_diameter,2.5,0.6129106334151413,0.24516425336605652,0.24516425336605652,0.49087385212340523,0.24543692606170261,245.43692606170262,0.06017236072637734,60.17236072637734,1.5043090181594334,1504.3090181594334,0.2971078578641663,297.1078578641663,60.17236072637734,throughput_acquisition_density
E,10.0,78.53981633974483,2.5,4.908738521234052,0.1,0.5,0.5 g/cm^3,71.57894736842104,3600.0,19.88304093567251,39.76608187134502,derived_from_throughput,0.5063174797777255,5.063174797777254,1.4210526315789473,spot_diameter,2.5,0.7195037870525572,0.2878015148210229,0.2878015148210229,0.49087385212340523,0.24543692606170261,245.43692606170262,0.07063711911357341,70.63711911357342,1.7659279778393349,1765.927977839335,0.34877878966663,348.77878966663,70.63711911357342,throughput_acquisition_density
E,10.0,78.53981633974483,2.5,4.908738521234052,0.1,0.5,0.5 g/cm^3,71.57894736842104,3600.0,19.88304093567251,39.76608187134502,derived_from_throughput,0.5063174797777255,5.063174797777254,1.631578947368421,spot_diameter,2.5,0.8260969406899731,0.3304387762759892,0.3304387762759892,0.49087385212340523,0.24543692606170261,245.43692606170262,0.08110187750076946,81.10187750076946,2.027546937519236,2027.546937519236,0.40044972146909374,400.44972146909373,81.10187750076946,throughput_acquisition_density
E,10.0,78.53981633974483,2.5,4.908738521234052,0.1,0.5,0.5 g/cm^3,71.57894736842104,3600.0,19.88304093567251,39.76608187134502,derived_from_throughput,0.5063174797777255,5.063174797777254,1.8421052631578947,spot_diameter,2.5,0.9326900943273889,0.37307603773095555,0.37307603773095555,0.49087385212340523,0.24543692606170261,245.43692606170262,0.09156663588796551,91.56663588796552,2.2891658971991378,2289.165897199138,0.4521206532715574,452.12065327155744,91.56663588796552,throughput_acquisition_density
E,10.0,78.53981633974483,2.5,4.908738521234052,0.1,0.5,0.5 g/cm^3,71.57894736842104,3600.0,19.88304093567251,39.76608187134502,derived_from_throughput,0.5063174797777255,5.063174797777254,2.052631578947368,spot_diameter,2.5,1.0392832479648046,0.41571329918592187,0.41571329918592187,0.49087385212340523,0.24543692606170261,245.43692606170262,0.10203139427516156,102.03139427516156,2.550784856879039,2550.784856879039,0.5037915850740211,503.7915850740211,102.03139427516156,throughput_acquisition_density
E,10.0,78.53981633974483,2.5,4.908738521234052,0.1,0.5,0.5 g/cm^3,71.57894736842104,3600.0,19.88304093567251,39.76608187134502,derived_from_throughput,0.5063174797777255,5.063174797777254,2.263157894736842,spot_diameter,2.5,1.1458764016022207,0.4583505606408883,0.4583505606408883,0.49087385212340523,0.24543692606170261,245.43692606170262,0.11249615266235764,112.49615266235764,2.8124038165589407,2812.403816558941,0.5554625168764848,555.4625168764849,112.49615266235764,throughput_acquisition_density
E,10.0,78.53981633974483,2.5,4.908738521234052,0.1,0.5,0.5 g/cm^3,71.57894736842104,3600.0,19.88304093567251,39.76608187134502,derived_from_throughput,0.5063174797777255,5.063174797777254,2.473684210526316,spot_diameter,2.5,1.2524695552396368,0.5009878220958547,0.5009878220958547,0.49087385212340523,0.24543692606170261,245.43692606170262,0.12296091104955371,122.96091104955372,3.0740227762388423,3074.022776238842,0.6071334486789486,607.1334486789486,122.96091104955372,throughput_acquisition_density
E,10.0,78.53981633974483,2.5,4.908738521234052,0.1,0.5,0.5 g/cm^3,71.57894736842104,3600.0,19.88304093567251,39.76608187134502,derived_from_throughput,0.5063174797777255,5.063174797777254,2.6842105263157894,spot_diameter,2.5,1.3590627088770524,0.543625083550821,0.543625083550821,0.49087385212340523,0.24543692606170261,245.43692606170262,0.13342566943674974,133.42566943674976,3.3356417359187436,3335.6417359187435,0.6588043804814122,658.8043804814122,133.42566943674976,throughput_acquisition_density
E,10.0,78.53981633974483,2.5,4.908738521234052,0.1,0.5,0.5 g/cm^3,71.57894736842104,3600.0,19.88304093567251,39.76608187134502,derived_from_throughput,0.5063174797777255,5.063174797777254,2.894736842105263,spot_diameter,2.5,1.4656558625144682,0.5862623450057873,0.5862623450057873,0.49087385212340523,0.24543692606170261,245.43692606170262,0.14389042782394582,143.89042782394583,3.597260695598645,3597.260695598645,0.710475312283876,710.475312283876,143.89042782394583,throughput_acquisition_density
E,10.0,78.53981633974483,2.5,4.908738521234052,0.1,0.5,0.5 g/cm^3,71.57894736842104,3600.0,19.88304093567251,39.76608187134502,derived_from_throughput,0.5063174797777255,5.063174797777254,3.1052631578947367,spot_diameter,2.5,1.5722490161518843,0.6288996064607537,0.6288996064607537,0.49087385212340523,0.24543692606170261,245.43692606170262,0.1543551862111419,154.3551862111419,3.8588796552785465,3858.8796552785466,0.7621462440863397,762.1462440863397,154.3551862111419,throughput_acquisition_density
E,10.0,78.53981633974483,2.5,4.908738521234052,0.1,0.5,0.5 g/cm^3,71.57894736842104,3600.0,19.88304093567251,39.76608187134502,derived_from_throughput,0.5063174797777255,5.063174797777254,3.3157894736842106,spot_diameter,2.5,1.6788421697893003,0.6715368679157201,0.6715368679157201,0.49087385212340523,0.24543692606170261,245.43692606170262,0.16481994459833796,164.81994459833797,4.120498614958448,4120.498614958448,0.8138171758888034,813.8171758888034,164.81994459833797,throughput_acquisition_density
E,10.0,78.53981633974483,2.5,4.908738521234052,0.1,0.5,0.5 g/cm^3,71.57894736842104,3600.0,19.88304093567251,39.76608187134502,derived_from_throughput,0.5063174797777255,5.063174797777254,3.526315789473684,spot_diameter,2.5,1.785435323426716,0.7141741293706864,0.7141741293706864,0.49087385212340523,0.24543692606170261,245.43692606170262,0.17528470298553397,175.28470298553398,4.382117574638349,4382.11757463835,0.865488107691267,865.488107691267,175.28470298553398,throughput_acquisition_density
E,10.0,78.53981633974483,2.5,4.908738521234052,0.1,0.5,0.5 g/cm^3,71.57894736842104,3600.0,19.88304093567251,39.76608187134502,derived_from_throughput,0.5063174797777255,5.063174797777254,3.7368421052631575,spot_diameter,2.5,1.8920284770641318,0.7568113908256527,0.7568113908256527,0.49087385212340523,0.24543692606170261,245.43692606170262,0.18574946137273005,185.74946137273005,4.643736534318251,4643.736534318251,0.9171590394937308,917.1590394937308,185.74946137273005,throughput_acquisition_density
E,10.0,78.53981633974483,2.5,4.908738521234052,0.1,0.5,0.5 g/cm^3,71.57894736842104,3600.0,19.88304093567251,39.76608187134502,derived_from_throughput,0.5063174797777255,5.063174797777254,3.9473684210526314,spot_diameter,2.5,1.9986216307015479,0.7994486522806191,0.7994486522806191,0.49087385212340523,0.24543692606170261,245.43692606170262,0.19621421975992612,196.21421975992612,4.905355493998152,4905.355493998152,0.9688299712961945,968.8299712961946,196.21421975992612,throughput_acquisition_density
E,10.0,78.53981633974483,2.5,4.908738521234052,0.1,0.5,0.5 g/cm^3,71.57894736842104,3600.0,19.88304093567251,39.76608187134502,derived_from_throughput,0.5063174797777255,5.063174797777254,4.157894736842105,spot_diameter,2.5,2.1052147843389637,0.8420859137355855,0.8420859137355855,0.49087385212340523,0.24543692606170261,245.43692606170262,0.2066789781471222,206.6789781471222,5.166974453678054,5166.974453678054,1.0205009030986583,1020.5009030986582,206.6789781471222,throughput_acquisition_density
E,10.0,78.53981633974483,2.5,4.908738521234052,0.1,0.5,0.5 g/cm^3,71.57894736842104,3600.0,19.88304093567251,39.76608187134502,derived_from_throughput,0.5063174797777255,5.063174797777254,4.368421052631579,spot_diameter,2.5,2.2118079379763795,0.8847231751905518,0.8847231751905518,0.49087385212340523,0.24543692606170261,245.43692606170262,0.21714373653431823,217.14373653431824,5.428593413357955,5428.593413357955,1.072171834901122,1072.171834901122,217.14373653431824,throughput_acquisition_density
E,10.0,78.53981633974483,2.5,4.908738521234052,0.1,0.5,0.5 g/cm^3,71.57894736842104,3600.0,19.88304093567251,39.76608187134502,derived_from_throughput,0.5063174797777255,5.063174797777254,4.578947368421052,spot_diameter,2.5,2.3184010916137954,0.9273604366455181,0.9273604366455181,0.49087385212340523,0.24543692606170261,245.43692606170262,0.2276084949215143,227.6084949215143,5.690212373037856,5690.212373037856,1.1238427667035855,1123.8427667035855,227.6084949215143,throughput_acquisition_density
E,10.0,78.53981633974483,2.5,4.908738521234052,0.1,0.5,0.5 g/cm^3,71.57894736842104,3600.0,19.88304093567251,39.76608187134502,derived_from_throughput,0.5063174797777255,5.063174797777254,4.789473684210526,spot_diameter,2.5,2.424994245251211,0.9699976981004845,0.9699976981004845,0.49087385212340523,0.24543692606170261,245.43692606170262,0.23807325330871035,238.07325330871035,5.951831332717758,5951.8313327177575,1.1755136985060493,1175.5136985060492,238.07325330871035,throughput_acquisition_density
E,10.0,78.53981633974483,2.5,4.908738521234052,0.1,0.5,0.5 g/cm^3,71.57894736842104,3600.0,19.88304093567251,39.76608187134502,derived_from_throughput,0.5063174797777255,5.063174797777254,5.0,spot_diameter,2.5,2.531587398888627,1.0,1.0,0.49087385212340523,0.24543692606170261,245.43692606170262,0.24543692606170261,245.43692606170262,6.21345029239766,6213.45029239766,1.227184630308513,1227.184630308513,245.43692606170262,throughput_acquisition_density
E,10.0,78.53981633974483,2.5,4.908738521234052,0.1,0.5,0.5 g/cm^3,76.3157894736842,3600.0,21.198830409356724,42.39766081871345,derived_from_throughput,0.5398237835865456,5.398237835865456,1.0,spot_diameter,2.5,0.5398237835865456,0.21592951343461825,0.21592951343461825,0.49087385212340523,0.24543692606170261,245.43692606170262,0.05299707602339182,52.99707602339182,1.3249269005847955,1324.9269005847955,0.24543692606170261,245.43692606170262,52.99707602339182,throughput_acquisition_density
E,10.0,78.53981633974483,2.5,4.908738521234052,0.1,0.5,0.5 g/cm^3,76.3157894736842,3600.0,21.198830409356724,42.39766081871345,derived_from_throughput,0.5398237835865456,5.398237835865456,1.2105263157894737,spot_diameter,2.5,0.6534708959205552,0.26138835836822205,0.26138835836822205,0.49087385212340523,0.24543692606170261,245.43692606170262,0.06415435518621114,64.15435518621113,1.6038588796552786,1603.8588796552785,0.2971078578641663,297.1078578641663,64.15435518621113,throughput_acquisition_density
E,10.0,78.53981633974483,2.5,4.908738521234052,0.1,0.5,0.5 g/cm^3,76.3157894736842,3600.0,21.198830409356724,42.39766081871345,derived_from_throughput,0.5398237835865456,5.398237835865456,1.4210526315789473,spot_diameter,2.5,0.7671180082545648,0.3068472033018259,0.3068472033018259,0.49087385212340523,0.24543692606170261,245.43692606170262,0.07531163434903047,75.31163434903047,1.882790858725762,1882.790858725762,0.34877878966663,348.77878966663,75.31163434903047,throughput_acquisition_density
E,10.0,78.53981633974483,2.5,4.908738521234052,0.1,0.5,0.5 g/cm^3,76.3157894736842,3600.0,21.198830409356724,42.39766081871345,derived_from_throughput,0.5398237835865456,5.398237835865456,1.631578947368421,spot_diameter,2.5,0.8807651205885744,0.35230604823542977,0.35230604823542977,0.49087385212340523,0.24543692606170261,245.43692606170262,0.08646891351184981,86.4689135118498,2.161722837796245,2161.722837796245,0.40044972146909374,400.44972146909373,86.4689135118498,throughput_acquisition_density
E,10.0,78.53981633974483,2.5,4.908738521234052,0.1,0.5,0.5 g/cm^3,76.3157894736842,3600.0,21.198830409356724,42.39766081871345,derived_from_throughput,0.5398237835865456,5.398237835865456,1.8421052631578947,spot_diameter,2.5,0.994412232922584,0.3977648931690336,0.3977648931690336,0.49087385212340523,0.24543692606170261,245.43692606170262,0.09762619267466913,97.62619267466913,2.4406548168667284,2440.654816866728,0.4521206532715574,452.12065327155744,97.62619267466913,throughput_acquisition_density
E,10.0,78.53981633974483,2.5,4.908738521234052,0.1,0.5,0.5 g/cm^3,76.3157894736842,3600.0,21.198830409356724,42.39766081871345,derived_from_throughput,0.5398237835865456,5.398237835865456,2.052631578947368,spot_diameter,2.5,1.1080593452565934,0.4432237381026374,0.4432237381026374,0.49087385212340523,0.24543692606170261,245.43692606170262,0.10878347183748846,108.78347183748846,2.7195867959372113,2719.5867959372113,0.5037915850740211,503.7915850740211,108.78347183748846,throughput_acquisition_density
E,10.0,78.53981633974483,2.5,4.908738521234052,0.1,0.5,0.5 g/cm^3,76.3157894736842,3600.0,21.198830409356724,42.39766081871345,derived_from_throughput,0.5398237835865456,5.398237835865456,2.263157894736842,spot_diameter,2.5,1.2217064575906031,0.48868258303624124,0.48868258303624124,0.49087385212340523,0.24543692606170261,245.43692606170262,0.1199407510003078,119.9407510003078,2.9985187750076947,2998.518775007695,0.5554625168764848,555.4625168764849,119.9407510003078,throughput_acquisition_density
E,10.0,78.53981633974483,2.5,4.908738521234052,0.1,0.5,0.5 g/cm^3,76.3157894736842,3600.0,21.198830409356724,42.39766081871345,derived_from_throughput,0.5398237835865456,5.398237835865456,2.473684210526316,spot_diameter,2.5,1.3353535699246128,0.5341414279698451,0.5341414279698451,0.49087385212340523,0.24543692606170261,245.43692606170262,0.13109803016312713,131.09803016312713,3.2774507540781785,3277.4507540781788,0.6071334486789486,607.1334486789486,131.09803016312713,throughput_acquisition_density
E,10.0,78.53981633974483,2.5,4.908738521234052,0.1,0.5,0.5 g/cm^3,76.3157894736842,3600.0,21.198830409356724,42.39766081871345,derived_from_throughput,0.5398237835865456,5.398237835865456,2.6842105263157894,spot_diameter,2.5,1.4490006822586223,0.579600272903449,0.579600272903449,0.49087385212340523,0.24543692606170261,245.43692606170262,0.14225530932594646,142.25530932594646,3.5563827331486615,3556.3827331486614,0.6588043804814122,658.8043804814122,142.25530932594646,throughput_acquisition_density
E,10.0,78.53981633974483,2.5,4.908738521234052,0.1,0.5,0.5 g/cm^3,76.3157894736842,3600.0,21.198830409356724,42.39766081871345,derived_from_throughput,0.5398237835865456,5.398237835865456,2.894736842105263,spot_diameter,2.5,1.5626477945926318,0.6250591178370527,0.6250591178370527,0.49087385212340523,0.24543692606170261,245.43692606170262,0.15341258848876577,153.41258848876578,3.8353147122191444,3835.3147122191444,0.710475312283876,710.475312283876,153.41258848876578,throughput_acquisition_density
E,10.0,78.53981633974483,2.5,4.908738521234052,0.1,0.5,0.5 g/cm^3,76.3157894736842,3600.0,21.198830409356724,42.39766081871345,derived_from_throughput,0.5398237835865456,5.398237835865456,3.1052631578947367,spot_diameter,2.5,1.6762949069266415,0.6705179627706566,0.6705179627706566,0.49087385212340523,0.24543692606170261,245.43692606170262,0.1645698676515851,164.5698676515851,4.114246691289628,4114.246691289628,0.7621462440863397,762.1462440863397,164.5698676515851,throughput_acquisition_density
E,10.0,78.53981633974483,2.5,4.908738521234052,0.1,0.5,0.5 g/cm^3,76.3157894736842,3600.0,21.198830409356724,42.39766081871345,derived_from_throughput,0.5398237835865456,5.398237835865456,3.3157894736842106,spot_diameter,2.5,1.7899420192606512,0.7159768077042605,0.7159768077042605,0.49087385212340523,0.24543692606170261,245.43692606170262,0.17572714681440446,175.72714681440445,4.393178670360111,4393.178670360111,0.8138171758888034,813.8171758888034,175.72714681440445,throughput_acquisition_density
E,10.0,78.53981633974483,2.5,4.908738521234052,0.1,0.5,0.5 g/cm^3,76.3157894736842,3600.0,21.198830409356724,42.39766081871345,derived_from_throughput,0.5398237835865456,5.398237835865456,3.526315789473684,spot_diameter,2.5,1.9035891315946607,0.7614356526378643,0.7614356526378643,0.49087385212340523,0.24543692606170261,245.43692606170262,0.18688442597722377,186.88442597722377,4.672110649430595,4672.110649430595,0.865488107691267,865.488107691267,186.88442597722377,throughput_acquisition_density
E,10.0,78.53981633974483,2.5,4.908738521234052,0.1,0.5,0.5 g/cm^3,76.3157894736842,3600.0,21.198830409356724,42.39766081871345,derived_from_throughput,0.5398237835865456,5.398237835865456,3.7368421052631575,spot_diameter,2.5,2.01723624392867,0.806894497571468,0.806894497571468,0.49087385212340523,0.24543692606170261,245.43692606170262,0.19804170514004307,198.04170514004306,4.951042628501077,4951.042628501077,0.9171590394937308,917.1590394937308,198.04170514004306,throughput_acquisition_density
E,10.0,78.53981633974483,2.5,4.908738521234052,0.1,0.5,0.5 g/cm^3,76.3157894736842,3600.0,21.198830409356724,42.39766081871345,derived_from_throughput,0.5398237835865456,5.398237835865456,3.9473684210526314,spot_diameter,2.5,2.1308833562626797,0.8523533425050719,0.8523533425050719,0.49087385212340523,0.24543692606170261,245.43692606170262,0.2091989843028624,209.1989843028624,5.2299746075715605,5229.97460757156,0.9688299712961945,968.8299712961946,209.1989843028624,throughput_acquisition_density
E,10.0,78.53981633974483,2.5,4.908738521234052,0.1,0.5,0.5 g/cm^3,76.3157894736842,3600.0,21.198830409356724,42.39766081871345,derived_from_throughput,0.5398237835865456,5.398237835865456,4.157894736842105,spot_diameter,2.5,2.2445304685966896,0.8978121874386759,0.8978121874386759,0.49087385212340523,0.24543692606170261,245.43692606170262,0.22035626346568177,220.35626346568176,5.508906586642044,5508.906586642044,1.0205009030986583,1020.5009030986582,220.35626346568176,throughput_acquisition_density
E,10.0,78.53981633974483,2.5,4.908738521234052,0.1,0.5,0.5 g/cm^3,76.3157894736842,3600.0,21.198830409356724,42.39766081871345,derived_from_throughput,0.5398237835865456,5.398237835865456,4.368421052631579,spot_diameter,2.5,2.358177580930699,0.9432710323722796,0.9432710323722796,0.49087385212340523,0.24543692606170261,245.43692606170262,0.23151354262850107,231.51354262850109,5.787838565712527,5787.838565712527,1.072171834901122,1072.171834901122,231.51354262850109,throughput_acquisition_density
E,10.0,78.53981633974483,2.5,4.908738521234052,0.1,0.5,0.5 g/cm^3,76.3157894736842,3600.0,21.198830409356724,42.39766081871345,derived_from_throughput,0.5398237835865456,5.398237835865456,4.578947368421052,spot_diameter,2.5,2.4718246932647086,0.9887298773058835,0.9887298773058835,0.49087385212340523,0.24543692606170261,245.43692606170262,0.2426708217913204,242.6708217913204,6.06677054478301,6066.770544783009,1.1238427667035855,1123.8427667035855,242.6708217913204,throughput_acquisition_density
E,10.0,78.53981633974483,2.5,4.908738521234052,0.1,0.5,0.5 g/cm^3,76.3157894736842,3600.0,21.198830409356724,42.39766081871345,derived_from_throughput,0.5398237835865456,5.398237835865456,4.789473684210526,spot_diameter,2.5,2.585471805598718,1.0,1.0,0.49087385212340523,0.24543692606170261,245.43692606170262,0.24543692606170261,245.43692606170262,6.345702523853493,6345.702523853493,1.1755136985060493,1175.5136985060492,245.43692606170262,throughput_acquisition_density
E,10.0,78.53981633974483,2.5,4.908738521234052,0.1,0.5,0.5 g/cm^3,76.3157894736842,3600.0,21.198830409356724,42.39766081871345,derived_from_throughput,0.5398237835865456,5.398237835865456,5.0,spot_diameter,2.5,2.699118917932728,1.0,1.0,0.49087385212340523,0.24543692606170261,245.43692606170262,0.24543692606170261,245.43692606170262,6.6246345029239775,6624.634502923977,1.227184630308513,1227.184630308513,245.43692606170262,throughput_acquisition_density
E,10.0,78.53981633974483,2.5,4.908738521234052,0.1,0.5,0.5 g/cm^3,81.05263157894737,3600.0,22.514619883040936,45.02923976608187,derived_from_throughput,0.5733300873953656,5.733300873953656,1.0,spot_diameter,2.5,0.5733300873953656,0.22933203495814625,0.22933203495814625,0.49087385212340523,0.24543692606170261,245.43692606170262,0.05628654970760234,56.28654970760234,1.4071637426900585,1407.1637426900586,0.24543692606170261,245.43692606170262,56.28654970760234,throughput_acquisition_density
E,10.0,78.53981633974483,2.5,4.908738521234052,0.1,0.5,0.5 g/cm^3,81.05263157894737,3600.0,22.514619883040936,45.02923976608187,derived_from_throughput,0.5733300873953656,5.733300873953656,1.2105263157894737,spot_diameter,2.5,0.6940311584259689,0.27761246337038753,0.27761246337038753,0.49087385212340523,0.24543692606170261,245.43692606170262,0.06813634964604492,68.13634964604492,1.7034087411511234,1703.4087411511234,0.2971078578641663,297.1078578641663,68.13634964604492,throughput_acquisition_density
E,10.0,78.53981633974483,2.5,4.908738521234052,0.1,0.5,0.5 g/cm^3,81.05263157894737,3600.0,22.514619883040936,45.02923976608187,derived_from_throughput,0.5733300873953656,5.733300873953656,1.4210526315789473,spot_diameter,2.5,0.8147322294565722,0.32589289178262887,0.32589289178262887,0.49087385212340523,0.24543692606170261,245.43692606170262,0.07998614958448753,79.98614958448753,1.9996537396121883,1999.6537396121882,0.34877878966663,348.77878966663,79.98614958448753,throughput_acquisition_density
E,10.0,78.53981633974483,2.5,4.908738521234052,0.1,0.5,0.5 g/cm^3,81.05263157894737,3600.0,22.514619883040936,45.02923976608187,derived_from_throughput,0.5733300873953656,5.733300873953656,1.631578947368421,spot_diameter,2.5,0.9354333004871754,0.37417332019487015,0.37417332019487015,0.49087385212340523,0.24543692606170261,245.43692606170262,0.09183594952293013,91.83594952293014,2.2958987380732534,2295.8987380732533,0.40044972146909374,400.44972146909373,91.83594952293014,throughput_acquisition_density
E,10.0,78.53981633974483,2.5,4.908738521234052,0.1,0.5,0.5 g/cm^3,81.05263157894737,3600.0,22.514619883040936,45.02923976608187,derived_from_throughput,0.5733300873953656,5.733300873953656,1.8421052631578947,spot_diameter,2.5,1.0561343715177787,0.4224537486071115,0.4224537486071115,0.49087385212340523,0.24543692606170261,245.43692606170262,0.10368574946137273,103.68574946137272,2.592143736534318,2592.143736534318,0.4521206532715574,452.12065327155744,103.68574946137272,throughput_acquisition_density
E,10.0,78.53981633974483,2.5,4.908738521234052,0.1,0.5,0.5 g/cm^3,81.05263157894737,3600.0,22.514619883040936,45.02923976608187,derived_from_throughput,0.5733300873953656,5.733300873953656,2.052631578947368,spot_diameter,2.5,1.1768354425483818,0.4707341770193527,0.4707341770193527,0.49087385212340523,0.24543692606170261,245.43692606170262,0.11553554939981531,115.53554939981531,2.8883887349953827,2888.388734995383,0.5037915850740211,503.7915850740211,115.53554939981531,throughput_acquisition_density
E,10.0,78.53981633974483,2.5,4.908738521234052,0.1,0.5,0.5 g/cm^3,81.05263157894737,3600.0,22.514619883040936,45.02923976608187,derived_from_throughput,0.5733300873953656,5.733300873953656,2.263157894736842,spot_diameter,2.5,1.2975365135789854,0.5190146054315942,0.5190146054315942,0.49087385212340523,0.24543692606170261,245.43692606170262,0.12738534933825793,127.38534933825792,3.1846337334564483,3184.633733456448,0.5554625168764848,555.4625168764849,127.38534933825792,throughput_acquisition_density
E,10.0,78.53981633974483,2.5,4.908738521234052,0.1,0.5,0.5 g/cm^3,81.05263157894737,3600.0,22.514619883040936,45.02923976608187,derived_from_throughput,0.5733300873953656,5.733300873953656,2.473684210526316,spot_diameter,2.5,1.4182375846095887,0.5672950338438355,0.5672950338438355,0.49087385212340523,0.24543692606170261,245.43692606170262,0.13923514927670053,139.23514927670053,3.4808787319175134,3480.8787319175135,0.6071334486789486,607.1334486789486,139.23514927670053,throughput_acquisition_density
E,10.0,78.53981633974483,2.5,4.908738521234052,0.1,0.5,0.5 g/cm^3,81.05263157894737,3600.0,22.514619883040936,45.02923976608187,derived_from_throughput,0.5733300873953656,5.733300873953656,2.6842105263157894,spot_diameter,2.5,1.5389386556401918,0.6155754622560767,0.6155754622560767,0.49087385212340523,0.24543692606170261,245.43692606170262,0.15108494921514312,151.08494921514313,3.777123730378578,3777.123730378578,0.6588043804814122,658.8043804814122,151.08494921514313,throughput_acquisition_density
E,10.0,78.53981633974483,2.5,4.908738521234052,0.1,0.5,0.5 g/cm^3,81.05263157894737,3600.0,22.514619883040936,45.02923976608187,derived_from_throughput,0.5733300873953656,5.733300873953656,2.894736842105263,spot_diameter,2.5,1.659639726670795,0.663855890668318,0.663855890668318,0.49087385212340523,0.24543692606170261,245.43692606170262,0.1629347491535857,162.9347491535857,4.073368728839642,4073.3687288396422,0.710475312283876,710.475312283876,162.9347491535857,throughput_acquisition_density
E,10.0,78.53981633974483,2.5,4.908738521234052,0.1,0.5,0.5 g/cm^3,81.05263157894737,3600.0,22.514619883040936,45.02923976608187,derived_from_throughput,0.5733300873953656,5.733300873953656,3.1052631578947367,spot_diameter,2.5,1.7803407977013985,0.7121363190805594,0.7121363190805594,0.49087385212340523,0.24543692606170261,245.43692606170262,0.1747845490920283,174.7845490920283,4.369613727300708,4369.613727300708,0.7621462440863397,762.1462440863397,174.7845490920283,throughput_acquisition_density
E,10.0,78.53981633974483,2.5,4.908738521234052,0.1,0.5,0.5 g/cm^3,81.05263157894737,3600.0,22.514619883040936,45.02923976608187,derived_from_throughput,0.5733300873953656,5.733300873953656,3.3157894736842106,spot_diameter,2.5,1.9010418687320019,0.7604167474928007,0.7604167474928007,0.49087385212340523,0.24543692606170261,245.43692606170262,0.18663434903047094,186.63434903047093,4.665858725761773,4665.858725761774,0.8138171758888034,813.8171758888034,186.63434903047093,throughput_acquisition_density
E,10.0,78.53981633974483,2.5,4.908738521234052,0.1,0.5,0.5 g/cm^3,81.05263157894737,3600.0,22.514619883040936,45.02923976608187,derived_from_throughput,0.5733300873953656,5.733300873953656,3.526315789473684,spot_diameter,2.5,2.0217429397626048,0.8086971759050419,0.8086971759050419,0.49087385212340523,0.24543692606170261,245.43692606170262,0.19848414896891348,198.48414896891347,4.962103724222838,4962.103724222838,0.865488107691267,865.488107691267,198.48414896891347,throughput_acquisition_density
E,10.0,78.53981633974483,2.5,4.908738521234052,0.1,0.5,0.5 g/cm^3,81.05263157894737,3600.0,22.514619883040936,45.02923976608187,derived_from_throughput,0.5733300873953656,5.733300873953656,3.7368421052631575,spot_diameter,2.5,2.1424440107932083,0.8569776043172833,0.8569776043172833,0.49087385212340523,0.24543692606170261,245.43692606170262,0.2103339489073561,210.3339489073561,5.258348722683903,5258.348722683902,0.9171590394937308,917.1590394937308,210.3339489073561,throughput_acquisition_density
E,10.0,78.53981633974483,2.5,4.908738521234052,0.1,0.5,0.5 g/cm^3,81.05263157894737,3600.0,22.514619883040936,45.02923976608187,derived_from_throughput,0.5733300873953656,5.733300873953656,3.9473684210526314,spot_diameter,2.5,2.2631450818238115,0.9052580327295245,0.9052580327295245,0.49087385212340523,0.24543692606170261,245.43692606170262,0.22218374884579867,222.18374884579868,5.554593721144967,5554.593721144967,0.9688299712961945,968.8299712961946,222.18374884579868,throughput_acquisition_density
E,10.0,78.53981633974483,2.5,4.908738521234052,0.1,0.5,0.5 g/cm^3,81.05263157894737,3600.0,22.514619883040936,45.02923976608187,derived_from_throughput,0.5733300873953656,5.733300873953656,4.157894736842105,spot_diameter,2.5,2.383846152854415,0.953538461141766,0.953538461141766,0.49087385212340523,0.24543692606170261,245.43692606170262,0.23403354878424132,234.0335487842413,5.850838719606033,5850.838719606033,1.0205009030986583,1020.5009030986582,234.0335487842413,throughput_acquisition_density
E,10.0,78.53981633974483,2.5,4.908738521234052,0.1,0.5,0.5 g/cm^3,81.05263157894737,3600.0,22.514619883040936,45.02923976608187,derived_from_throughput,0.5733300873953656,5.733300873953656,4.368421052631579,spot_diameter,2.5,2.504547223885018,1.0,1.0,0.49087385212340523,0.24543692606170261,245.43692606170262,0.24543692606170261,245.43692606170262,6.147083718067098,6147.083718067098,1.072171834901122,1072.171834901122,245.43692606170262,throughput_acquisition_density
E,10.0,78.53981633974483,2.5,4.908738521234052,0.1,0.5,0.5 g/cm^3,81.05263157894737,3600.0,22.514619883040936,45.02923976608187,derived_from_throughput,0.5733300873953656,5.733300873953656,4.578947368421052,spot_diameter,2.5,2.6252482949156213,1.0,1.0,0.49087385212340523,0.24543692606170261,245.43692606170262,0.24543692606170261,245.43692606170262,6.443328716528162,6443.328716528163,1.1238427667035855,1123.8427667035855,245.43692606170262,throughput_acquisition_density
E,10.0,78.53981633974483,2.5,4.908738521234052,0.1,0.5,0.5 g/cm^3,81.05263157894737,3600.0,22.514619883040936,45.02923976608187,derived_from_throughput,0.5733300873953656,5.733300873953656,4.789473684210526,spot_diameter,2.5,2.7459493659462244,1.0,1.0,0.49087385212340523,0.24543692606170261,245.43692606170262,0.24543692606170261,245.43692606170262,6.739573714989227,6739.573714989227,1.1755136985060493,1175.5136985060492,245.43692606170262,throughput_acquisition_density
E,10.0,78.53981633974483,2.5,4.908738521234052,0.1,0.5,0.5 g/cm^3,81.05263157894737,3600.0,22.514619883040936,45.02923976608187,derived_from_throughput,0.5733300873953656,5.733300873953656,5.0,spot_diameter,2.5,2.866650436976828,1.0,1.0,0.49087385212340523,0.24543692606170261,245.43692606170262,0.24543692606170261,245.43692606170262,7.0358187134502925,7035.818713450292,1.227184630308513,1227.184630308513,245.43692606170262,throughput_acquisition_density
E,10.0,78.53981633974483,2.5,4.908738521234052,0.1,0.5,0.5 g/cm^3,85.78947368421052,3600.0,23.830409356725145,47.66081871345029,derived_from_throughput,0.6068363912041856,6.068363912041857,1.0,spot_diameter,2.5,0.6068363912041856,0.24273455648167425,0.24273455648167425,0.49087385212340523,0.24543692606170261,245.43692606170262,0.05957602339181286,59.57602339181286,1.4894005847953216,1489.4005847953215,0.24543692606170261,245.43692606170262,59.57602339181286,throughput_acquisition_density
E,10.0,78.53981633974483,2.5,4.908738521234052,0.1,0.5,0.5 g/cm^3,85.78947368421052,3600.0,23.830409356725145,47.66081871345029,derived_from_throughput,0.6068363912041856,6.068363912041857,1.2105263157894737,spot_diameter,2.5,0.7345914209313826,0.29383656837255306,0.29383656837255306,0.49087385212340523,0.24543692606170261,245.43692606170262,0.07211834410587874,72.11834410587873,1.8029586026469682,1802.958602646968,0.2971078578641663,297.1078578641663,72.11834410587873,throughput_acquisition_density
E,10.0,78.53981633974483,2.5,4.908738521234052,0.1,0.5,0.5 g/cm^3,85.78947368421052,3600.0,23.830409356725145,47.66081871345029,derived_from_throughput,0.6068363912041856,6.068363912041857,1.4210526315789473,spot_diameter,2.5,0.8623464506585796,0.3449385802634318,0.3449385802634318,0.49087385212340523,0.24543692606170261,245.43692606170262,0.0846606648199446,84.6606648199446,2.116516620498615,2116.516620498615,0.34877878966663,348.77878966663,84.6606648199446,throughput_acquisition_density
E,10.0,78.53981633974483,2.5,4.908738521234052,0.1,0.5,0.5 g/cm^3,85.78947368421052,3600.0,23.830409356725145,47.66081871345029,derived_from_throughput,0.6068363912041856,6.068363912041857,1.631578947368421,spot_diameter,2.5,0.9901014803857765,0.3960405921543106,0.3960405921543106,0.49087385212340523,0.24543692606170261,245.43692606170262,0.09720298553401045,97.20298553401045,2.4300746383502614,2430.0746383502615,0.40044972146909374,400.44972146909373,97.20298553401045,throughput_acquisition_density
E,10.0,78.53981633974483,2.5,4.908738521234052,0.1,0.5,0.5 g/cm^3,85.78947368421052,3600.0,23.830409356725145,47.66081871345029,derived_from_throughput,0.6068363912041856,6.068363912041857,1.8421052631578947,spot_diameter,2.5,1.1178565101129736,0.44714260404518946,0.44714260404518946,0.49087385212340523,0.24543692606170261,245.43692606170262,0.10974530624807634,109.74530624807633,2.743632656201908,2743.632656201908,0.4521206532715574,452.12065327155744,109.74530624807633,throughput_acquisition_density
E,10.0,78.53981633974483,2.5,4.908738521234052,0.1,0.5,0.5 g/cm^3,85.78947368421052,3600.0,23.830409356725145,47.66081871345029,derived_from_throughput,0.6068363912041856,6.068363912041857,2.052631578947368,spot_diameter,2.5,1.2456115398401704,0.49824461593606817,0.49824461593606817,0.49087385212340523,0.24543692606170261,245.43692606170262,0.12228762696214218,122.28762696214218,3.057190674053554,3057.190674053554,0.5037915850740211,503.7915850740211,122.28762696214218,throughput_acquisition_density
E,10.0,78.53981633974483,2.5,4.908738521234052,0.1,0.5,0.5 g/cm^3,85.78947368421052,3600.0,23.830409356725145,47.66081871345029,derived_from_throughput,0.6068363912041856,6.068363912041857,2.263157894736842,spot_diameter,2.5,1.3733665695673674,0.549346627826947,0.549346627826947,0.49087385212340523,0.24543692606170261,245.43692606170262,0.13482994767620804,134.82994767620804,3.3707486919052014,3370.748691905201,0.5554625168764848,555.4625168764849,134.82994767620804,throughput_acquisition_density
E,10.0,78.53981633974483,2.5,4.908738521234052,0.1,0.5,0.5 g/cm^3,85.78947368421052,3600.0,23.830409356725145,47.66081871345029,derived_from_throughput,0.6068363912041856,6.068363912041857,2.473684210526316,spot_diameter,2.5,1.5011215992945646,0.6004486397178258,0.6004486397178258,0.49087385212340523,0.24543692606170261,245.43692606170262,0.14737226839027392,147.37226839027392,3.6843067097568483,3684.3067097568482,0.6071334486789486,607.1334486789486,147.37226839027392,throughput_acquisition_density
E,10.0,78.53981633974483,2.5,4.908738521234052,0.1,0.5,0.5 g/cm^3,85.78947368421052,3600.0,23.830409356725145,47.66081871345029,derived_from_throughput,0.6068363912041856,6.068363912041857,2.6842105263157894,spot_diameter,2.5,1.6288766290217613,0.6515506516087045,0.6515506516087045,0.49087385212340523,0.24543692606170261,245.43692606170262,0.15991458910433978,159.9145891043398,3.9978647276084947,3997.864727608495,0.6588043804814122,658.8043804814122,159.9145891043398,throughput_acquisition_density
E,10.0,78.53981633974483,2.5,4.908738521234052,0.1,0.5,0.5 g/cm^3,85.78947368421052,3600.0,23.830409356725145,47.66081871345029,derived_from_throughput,0.6068363912041856,6.068363912041857,2.894736842105263,spot_diameter,2.5,1.7566316587489583,0.7026526634995833,0.7026526634995833,0.49087385212340523,0.24543692606170261,245.43692606170262,0.17245690981840564,172.45690981840565,4.311422745460141,4311.422745460141,0.710475312283876,710.475312283876,172.45690981840565,throughput_acquisition_density
E,10.0,78.53981633974483,2.5,4.908738521234052,0.1,0.5,0.5 g/cm^3,85.78947368421052,3600.0,23.830409356725145,47.66081871345029,derived_from_throughput,0.6068363912041856,6.068363912041857,3.1052631578947367,spot_diameter,2.5,1.8843866884761553,0.7537546753904621,0.7537546753904621,0.49087385212340523,0.24543692606170261,245.43692606170262,0.18499923053247153,184.99923053247153,4.624980763311788,4624.980763311788,0.7621462440863397,762.1462440863397,184.99923053247153,throughput_acquisition_density
E,10.0,78.53981633974483,2.5,4.908738521234052,0.1,0.5,0.5 g/cm^3,85.78947368421052,3600.0,23.830409356725145,47.66081871345029,derived_from_throughput,0.6068363912041856,6.068363912041857,3.3157894736842106,spot_diameter,2.5,2.0121417182033525,0.804856687281341,0.804856687281341,0.49087385212340523,0.24543692606170261,245.43692606170262,0.19754155124653738,197.54155124653738,4.938538781163435,4938.538781163435,0.8138171758888034,813.8171758888034,197.54155124653738,throughput_acquisition_density
E,10.0,78.53981633974483,2.5,4.908738521234052,0.1,0.5,0.5 g/cm^3,85.78947368421052,3600.0,23.830409356725145,47.66081871345029,derived_from_throughput,0.6068363912041856,6.068363912041857,3.526315789473684,spot_diameter,2.5,2.1398967479305493,0.8559586991722197,0.8559586991722197,0.49087385212340523,0.24543692606170261,245.43692606170262,0.21008387196060324,210.08387196060323,5.252096799015081,5252.09679901508,0.865488107691267,865.488107691267,210.08387196060323,throughput_acquisition_density
E,10.0,78.53981633974483,2.5,4.908738521234052,0.1,0.5,0.5 g/cm^3,85.78947368421052,3600.0,23.830409356725145,47.66081871345029,derived_from_throughput,0.6068363912041856,6.068363912041857,3.7368421052631575,spot_diameter,2.5,2.267651777657746,0.9070607110630984,0.9070607110630984,0.49087385212340523,0.24543692606170261,245.43692606170262,0.22262619267466907,222.62619267466908,5.5656548168667275,5565.654816866728,0.9171590394937308,917.1590394937308,222.62619267466908,throughput_acquisition_density
E,10.0,78.53981633974483,2.5,4.908738521234052,0.1,0.5,0.5 g/cm^3,85.78947368421052,3600.0,23.830409356725145,47.66081871345029,derived_from_throughput,0.6068363912041856,6.068363912041857,3.9473684210526314,spot_diameter,2.5,2.3954068073849433,0.9581627229539773,0.9581627229539773,0.49087385212340523,0.24543692606170261,245.43692606170262,0.23516851338873498,235.168513388735,5.879212834718374,5879.212834718374,0.9688299712961945,968.8299712961946,235.168513388735,throughput_acquisition_density
E,10.0,78.53981633974483,2.5,4.908738521234052,0.1,0.5,0.5 g/cm^3,85.78947368421052,3600.0,23.830409356725145,47.66081871345029,derived_from_throughput,0.6068363912041856,6.068363912041857,4.157894736842105,spot_diameter,2.5,2.5231618371121405,1.0,1.0,0.49087385212340523,0.24543692606170261,245.43692606170262,0.24543692606170261,245.43692606170262,6.192770852570021,6192.770852570021,1.0205009030986583,1020.5009030986582,245.43692606170262,throughput_acquisition_density
E,10.0,78.53981633974483,2.5,4.908738521234052,0.1,0.5,0.5 g/cm^3,85.78947368421052,3600.0,23.830409356725145,47.66081871345029,derived_from_throughput,0.6068363912041856,6.068363912041857,4.368421052631579,spot_diameter,2.5,2.6509168668393372,1.0,1.0,0.49087385212340523,0.24543692606170261,245.43692606170262,0.24543692606170261,245.43692606170262,6.506328870421668,6506.328870421668,1.072171834901122,1072.171834901122,245.43692606170262,throughput_acquisition_density
E,10.0,78.53981633974483,2.5,4.908738521234052,0.1,0.5,0.5 g/cm^3,85.78947368421052,3600.0,23.830409356725145,47.66081871345029,derived_from_throughput,0.6068363912041856,6.068363912041857,4.578947368421052,spot_diameter,2.5,2.778671896566534,1.0,1.0,0.49087385212340523,0.24543692606170261,245.43692606170262,0.24543692606170261,245.43692606170262,6.819886888273314,6819.886888273314,1.1238427667035855,1123.8427667035855,245.43692606170262,throughput_acquisition_density
E,10.0,78.53981633974483,2.5,4.908738521234052,0.1,0.5,0.5 g/cm^3,85.78947368421052,3600.0,23.830409356725145,47.66081871345029,derived_from_throughput,0.6068363912041856,6.068363912041857,4.789473684210526,spot_diameter,2.5,2.906426926293731,1.0,1.0,0.49087385212340523,0.24543692606170261,245.43692606170262,0.24543692606170261,245.43692606170262,7.13344490612496,7133.44490612496,1.1755136985060493,1175.5136985060492,245.43692606170262,throughput_acquisition_density
E,10.0,78.53981633974483,2.5,4.908738521234052,0.1,0.5,0.5 g/cm^3,85.78947368421052,3600.0,23.830409356725145,47.66081871345029,derived_from_throughput,0.6068363912041856,6.068363912041857,5.0,spot_diameter,2.5,3.0341819560209284,1.0,1.0,0.49087385212340523,0.24543692606170261,245.43692606170262,0.24543692606170261,245.43692606170262,7.447002923976608,7447.002923976607,1.227184630308513,1227.184630308513,245.43692606170262,throughput_acquisition_density
E,10.0,78.53981633974483,2.5,4.908738521234052,0.1,0.5,0.5 g/cm^3,90.52631578947367,3600.0,25.14619883040935,50.2923976608187,derived_from_throughput,0.6403426950130057,6.403426950130057,1.0,spot_diameter,2.5,0.6403426950130057,0.25613707800520225,0.25613707800520225,0.49087385212340523,0.24543692606170261,245.43692606170262,0.06286549707602337,62.865497076023374,1.5716374269005844,1571.6374269005844,0.24543692606170261,245.43692606170262,62.865497076023374,throughput_acquisition_density
E,10.0,78.53981633974483,2.5,4.908738521234052,0.1,0.5,0.5 g/cm^3,90.52631578947367,3600.0,25.14619883040935,50.2923976608187,derived_from_throughput,0.6403426950130057,6.403426950130057,1.2105263157894737,spot_diameter,2.5,0.7751516834367963,0.31006067337471854,0.31006067337471854,0.49087385212340523,0.24543692606170261,245.43692606170262,0.07610033856571252,76.10033856571252,1.9025084641428127,1902.5084641428127,0.2971078578641663,297.1078578641663,76.10033856571252,throughput_acquisition_density
E,10.0,78.53981633974483,2.5,4.908738521234052,0.1,0.5,0.5 g/cm^3,90.52631578947367,3600.0,25.14619883040935,50.2923976608187,derived_from_throughput,0.6403426950130057,6.403426950130057,1.4210526315789473,spot_diameter,2.5,0.9099606718605869,0.3639842687442348,0.3639842687442348,0.49087385212340523,0.24543692606170261,245.43692606170262,0.08933518005540164,89.33518005540164,2.233379501385041,2233.379501385041,0.34877878966663,348.77878966663,89.33518005540164,throughput_acquisition_density
E,10.0,78.53981633974483,2.5,4.908738521234052,0.1,0.5,0.5 g/cm^3,90.52631578947367,3600.0,25.14619883040935,50.2923976608187,derived_from_throughput,0.6403426950130057,6.403426950130057,1.631578947368421,spot_diameter,2.5,1.0447696602843777,0.4179078641137511,0.4179078641137511,0.49087385212340523,0.24543692606170261,245.43692606170262,0.10257002154509079,102.5700215450908,2.5642505386272694,2564.250538627269,0.40044972146909374,400.44972146909373,102.5700215450908,throughput_acquisition_density
E,10.0,78.53981633974483,2.5,4.908738521234052,0.1,0.5,0.5 g/cm^3,90.52631578947367,3600.0,25.14619883040935,50.2923976608187,derived_from_throughput,0.6403426950130057,6.403426950130057,1.8421052631578947,spot_diameter,2.5,1.1795786487081683,0.4718314594832673,0.4718314594832673,0.49087385212340523,0.24543692606170261,245.43692606170262,0.11580486303477991,115.80486303477991,2.8951215758694975,2895.1215758694975,0.4521206532715574,452.12065327155744,115.80486303477991,throughput_acquisition_density
E,10.0,78.53981633974483,2.5,4.908738521234052,0.1,0.5,0.5 g/cm^3,90.52631578947367,3600.0,25.14619883040935,50.2923976608187,derived_from_throughput,0.6403426950130057,6.403426950130057,2.052631578947368,spot_diameter,2.5,1.3143876371319587,0.5257550548527835,0.5257550548527835,0.49087385212340523,0.24543692606170261,245.43692606170262,0.12903970452446903,129.03970452446902,3.2259926131117256,3225.9926131117254,0.5037915850740211,503.7915850740211,129.03970452446902,throughput_acquisition_density
E,10.0,78.53981633974483,2.5,4.908738521234052,0.1,0.5,0.5 g/cm^3,90.52631578947367,3600.0,25.14619883040935,50.2923976608187,derived_from_throughput,0.6403426950130057,6.403426950130057,2.263157894736842,spot_diameter,2.5,1.4491966255557496,0.5796786502222998,0.5796786502222998,0.49087385212340523,0.24543692606170261,245.43692606170262,0.14227454601415818,142.27454601415818,3.556863650353954,3556.863650353954,0.5554625168764848,555.4625168764849,142.27454601415818,throughput_acquisition_density
E,10.0,78.53981633974483,2.5,4.908738521234052,0.1,0.5,0.5 g/cm^3,90.52631578947367,3600.0,25.14619883040935,50.2923976608187,derived_from_throughput,0.6403426950130057,6.403426950130057,2.473684210526316,spot_diameter,2.5,1.5840056139795404,0.6336022455918162,0.6336022455918162,0.49087385212340523,0.24543692606170261,245.43692606170262,0.15550938750384735,155.50938750384736,3.8877346875961827,3887.7346875961825,0.6071334486789486,607.1334486789486,155.50938750384736,throughput_acquisition_density
E,10.0,78.53981633974483,2.5,4.908738521234052,0.1,0.5,0.5 g/cm^3,90.52631578947367,3600.0,25.14619883040935,50.2923976608187,derived_from_throughput,0.6403426950130057,6.403426950130057,2.6842105263157894,spot_diameter,2.5,1.7188146024033308,0.6875258409613323,0.6875258409613323,0.49087385212340523,0.24543692606170261,245.43692606170262,0.16874422899353642,168.7442289935364,4.218605724838411,4218.60572483841,0.6588043804814122,658.8043804814122,168.7442289935364,throughput_acquisition_density
E,10.0,78.53981633974483,2.5,4.908738521234052,0.1,0.5,0.5 g/cm^3,90.52631578947367,3600.0,25.14619883040935,50.2923976608187,derived_from_throughput,0.6403426950130057,6.403426950130057,2.894736842105263,spot_diameter,2.5,1.8536235908271215,0.7414494363308486,0.7414494363308486,0.49087385212340523,0.24543692606170261,245.43692606170262,0.18197907048322556,181.97907048322557,4.549476762080639,4549.476762080639,0.710475312283876,710.475312283876,181.97907048322557,throughput_acquisition_density
E,10.0,78.53981633974483,2.5,4.908738521234052,0.1,0.5,0.5 g/cm^3,90.52631578947367,3600.0,25.14619883040935,50.2923976608187,derived_from_throughput,0.6403426950130057,6.403426950130057,3.1052631578947367,spot_diameter,2.5,1.9884325792509123,0.7953730317003649,0.7953730317003649,0.49087385212340523,0.24543692606170261,245.43692606170262,0.1952139119729147,195.2139119729147,4.880347799322867,4880.347799322867,0.7621462440863397,762.1462440863397,195.2139119729147,throughput_acquisition_density
E,10.0,78.53981633974483,2.5,4.908738521234052,0.1,0.5,0.5 g/cm^3,90.52631578947367,3600.0,25.14619883040935,50.2923976608187,derived_from_throughput,0.6403426950130057,6.403426950130057,3.3157894736842106,spot_diameter,2.5,2.123241567674703,0.8492966270698812,0.8492966270698812,0.49087385212340523,0.24543692606170261,245.43692606170262,0.20844875346260386,208.44875346260386,5.211218836565096,5211.218836565096,0.8138171758888034,813.8171758888034,208.44875346260386,throughput_acquisition_density
E,10.0,78.53981633974483,2.5,4.908738521234052,0.1,0.5,0.5 g/cm^3,90.52631578947367,3600.0,25.14619883040935,50.2923976608187,derived_from_throughput,0.6403426950130057,6.403426950130057,3.526315789473684,spot_diameter,2.5,2.2580505560984934,0.9032202224393974,0.9032202224393974,0.49087385212340523,0.24543692606170261,245.43692606170262,0.22168359495229295,221.68359495229296,5.542089873807324,5542.089873807324,0.865488107691267,865.488107691267,221.68359495229296,throughput_acquisition_density
E,10.0,78.53981633974483,2.5,4.908738521234052,0.1,0.5,0.5 g/cm^3,90.52631578947367,3600.0,25.14619883040935,50.2923976608187,derived_from_throughput,0.6403426950130057,6.403426950130057,3.7368421052631575,spot_diameter,2.5,2.392859544522284,0.9571438178089137,0.9571438178089137,0.49087385212340523,0.24543692606170261,245.43692606170262,0.2349184364419821,234.9184364419821,5.872960911049551,5872.960911049551,0.9171590394937308,917.1590394937308,234.9184364419821,throughput_acquisition_density
E,10.0,78.53981633974483,2.5,4.908738521234052,0.1,0.5,0.5 g/cm^3,90.52631578947367,3600.0,25.14619883040935,50.2923976608187,derived_from_throughput,0.6403426950130057,6.403426950130057,3.9473684210526314,spot_diameter,2.5,2.527668532946075,1.0,1.0,0.49087385212340523,0.24543692606170261,245.43692606170262,0.24543692606170261,245.43692606170262,6.20383194829178,6203.8319482917805,0.9688299712961945,968.8299712961946,245.43692606170262,throughput_acquisition_density
E,10.0,78.53981633974483,2.5,4.908738521234052,0.1,0.5,0.5 g/cm^3,90.52631578947367,3600.0,25.14619883040935,50.2923976608187,derived_from_throughput,0.6403426950130057,6.403426950130057,4.157894736842105,spot_diameter,2.5,2.662477521369866,1.0,1.0,0.49087385212340523,0.24543692606170261,245.43692606170262,0.24543692606170261,245.43692606170262,6.534702985534008,6534.702985534009,1.0205009030986583,1020.5009030986582,245.43692606170262,throughput_acquisition_density
E,10.0,78.53981633974483,2.5,4.908738521234052,0.1,0.5,0.5 g/cm^3,90.52631578947367,3600.0,25.14619883040935,50.2923976608187,derived_from_throughput,0.6403426950130057,6.403426950130057,4.368421052631579,spot_diameter,2.5,2.7972865097936563,1.0,1.0,0.49087385212340523,0.24543692606170261,245.43692606170262,0.24543692606170261,245.43692606170262,6.8655740227762365,6865.574022776236,1.072171834901122,1072.171834901122,245.43692606170262,throughput_acquisition_density
E,10.0,78.53981633974483,2.5,4.908738521234052,0.1,0.5,0.5 g/cm^3,90.52631578947367,3600.0,25.14619883040935,50.2923976608187,derived_from_throughput,0.6403426950130057,6.403426950130057,4.578947368421052,spot_diameter,2.5,2.9320954982174467,1.0,1.0,0.49087385212340523,0.24543692606170261,245.43692606170262,0.24543692606170261,245.43692606170262,7.196445060018465,7196.445060018465,1.1238427667035855,1123.8427667035855,245.43692606170262,throughput_acquisition_density
E,10.0,78.53981633974483,2.5,4.908738521234052,0.1,0.5,0.5 g/cm^3,90.52631578947367,3600.0,25.14619883040935,50.2923976608187,derived_from_throughput,0.6403426950130057,6.403426950130057,4.789473684210526,spot_diameter,2.5,3.066904486641237,1.0,1.0,0.49087385212340523,0.24543692606170261,245.43692606170262,0.24543692606170261,245.43692606170262,7.527316097260693,7527.316097260693,1.1755136985060493,1175.5136985060492,245.43692606170262,throughput_acquisition_density
E,10.0,78.53981633974483,2.5,4.908738521234052,0.1,0.5,0.5 g/cm^3,90.52631578947367,3600.0,25.14619883040935,50.2923976608187,derived_from_throughput,0.6403426950130057,6.403426950130057,5.0,spot_diameter,2.5,3.2017134750650285,1.0,1.0,0.49087385212340523,0.24543692606170261,245.43692606170262,0.24543692606170261,245.43692606170262,7.858187134502922,7858.187134502922,1.227184630308513,1227.184630308513,245.43692606170262,throughput_acquisition_density
E,10.0,78.53981633974483,2.5,4.908738521234052,0.1,0.5,0.5 g/cm^3,95.26315789473684,3600.0,26.461988304093566,52.92397660818713,derived_from_throughput,0.6738489988218258,6.738489988218258,1.0,spot_diameter,2.5,0.6738489988218258,0.2695395995287303,0.2695395995287303,0.49087385212340523,0.24543692606170261,245.43692606170262,0.06615497076023391,66.15497076023391,1.6538742690058479,1653.874269005848,0.24543692606170261,245.43692606170262,66.15497076023391,throughput_acquisition_density
E,10.0,78.53981633974483,2.5,4.908738521234052,0.1,0.5,0.5 g/cm^3,95.26315789473684,3600.0,26.461988304093566,52.92397660818713,derived_from_throughput,0.6738489988218258,6.738489988218258,1.2105263157894737,spot_diameter,2.5,0.8157119459422102,0.3262847783768841,0.3262847783768841,0.49087385212340523,0.24543692606170261,245.43692606170262,0.08008233302554632,80.08233302554632,2.002058325638658,2002.058325638658,0.2971078578641663,297.1078578641663,80.08233302554632,throughput_acquisition_density
E,10.0,78.53981633974483,2.5,4.908738521234052,0.1,0.5,0.5 g/cm^3,95.26315789473684,3600.0,26.461988304093566,52.92397660818713,derived_from_throughput,0.6738489988218258,6.738489988218258,1.4210526315789473,spot_diameter,2.5,0.9575748930625946,0.38302995722503785,0.38302995722503785,0.49087385212340523,0.24543692606170261,245.43692606170262,0.09400969529085873,94.00969529085873,2.350242382271468,2350.242382271468,0.34877878966663,348.77878966663,94.00969529085873,throughput_acquisition_density
E,10.0,78.53981633974483,2.5,4.908738521234052,0.1,0.5,0.5 g/cm^3,95.26315789473684,3600.0,26.461988304093566,52.92397660818713,derived_from_throughput,0.6738489988218258,6.738489988218258,1.631578947368421,spot_diameter,2.5,1.099437840182979,0.4397751360731916,0.4397751360731916,0.49087385212340523,0.24543692606170261,245.43692606170262,0.10793705755617113,107.93705755617113,2.6984264389042782,2698.4264389042783,0.40044972146909374,400.44972146909373,107.93705755617113,throughput_acquisition_density
E,10.0,78.53981633974483,2.5,4.908738521234052,0.1,0.5,0.5 g/cm^3,95.26315789473684,3600.0,26.461988304093566,52.92397660818713,derived_from_throughput,0.6738489988218258,6.738489988218258,1.8421052631578947,spot_diameter,2.5,1.2413007873033632,0.4965203149213453,0.4965203149213453,0.49087385212340523,0.24543692606170261,245.43692606170262,0.12186441982148352,121.86441982148352,3.046610495537088,3046.610495537088,0.4521206532715574,452.12065327155744,121.86441982148352,throughput_acquisition_density
E,10.0,78.53981633974483,2.5,4.908738521234052,0.1,0.5,0.5 g/cm^3,95.26315789473684,3600.0,26.461988304093566,52.92397660818713,derived_from_throughput,0.6738489988218258,6.738489988218258,2.052631578947368,spot_diameter,2.5,1.3831637344237475,0.553265493769499,0.553265493769499,0.49087385212340523,0.24543692606170261,245.43692606170262,0.1357917820867959,135.7917820867959,3.394794552169898,3394.794552169898,0.5037915850740211,503.7915850740211,135.7917820867959,throughput_acquisition_density
E,10.0,78.53981633974483,2.5,4.908738521234052,0.1,0.5,0.5 g/cm^3,95.26315789473684,3600.0,26.461988304093566,52.92397660818713,derived_from_throughput,0.6738489988218258,6.738489988218258,2.263157894736842,spot_diameter,2.5,1.525026681544132,0.6100106726176528,0.6100106726176528,0.49087385212340523,0.24543692606170261,245.43692606170262,0.14971914435210834,149.71914435210834,3.742978608802708,3742.978608802708,0.5554625168764848,555.4625168764849,149.71914435210834,throughput_acquisition_density
E,10.0,78.53981633974483,2.5,4.908738521234052,0.1,0.5,0.5 g/cm^3,95.26315789473684,3600.0,26.461988304093566,52.92397660818713,derived_from_throughput,0.6738489988218258,6.738489988218258,2.473684210526316,spot_diameter,2.5,1.6668896286645165,0.6667558514658066,0.6667558514658066,0.49087385212340523,0.24543692606170261,245.43692606170262,0.16364650661742075,163.64650661742075,4.091162665435519,4091.1626654355186,0.6071334486789486,607.1334486789486,163.64650661742075,throughput_acquisition_density
E,10.0,78.53981633974483,2.5,4.908738521234052,0.1,0.5,0.5 g/cm^3,95.26315789473684,3600.0,26.461988304093566,52.92397660818713,derived_from_throughput,0.6738489988218258,6.738489988218258,2.6842105263157894,spot_diameter,2.5,1.8087525757849008,0.7235010303139603,0.7235010303139603,0.49087385212340523,0.24543692606170261,245.43692606170262,0.17757386888273313,177.57386888273314,4.439346722068328,4439.346722068328,0.6588043804814122,658.8043804814122,177.57386888273314,throughput_acquisition_density
E,10.0,78.53981633974483,2.5,4.908738521234052,0.1,0.5,0.5 g/cm^3,95.26315789473684,3600.0,26.461988304093566,52.92397660818713,derived_from_throughput,0.6738489988218258,6.738489988218258,2.894736842105263,spot_diameter,2.5,1.950615522905285,0.7802462091621141,0.7802462091621141,0.49087385212340523,0.24543692606170261,245.43692606170262,0.19150123114804554,191.50123114804555,4.787530778701138,4787.530778701138,0.710475312283876,710.475312283876,191.50123114804555,throughput_acquisition_density
E,10.0,78.53981633974483,2.5,4.908738521234052,0.1,0.5,0.5 g/cm^3,95.26315789473684,3600.0,26.461988304093566,52.92397660818713,derived_from_throughput,0.6738489988218258,6.738489988218258,3.1052631578947367,spot_diameter,2.5,2.0924784700256693,0.8369913880102677,0.8369913880102677,0.49087385212340523,0.24543692606170261,245.43692606170262,0.20542859341335792,205.42859341335793,5.135714835333949,5135.714835333949,0.7621462440863397,762.1462440863397,205.42859341335793,throughput_acquisition_density
E,10.0,78.53981633974483,2.5,4.908738521234052,0.1,0.5,0.5 g/cm^3,95.26315789473684,3600.0,26.461988304093566,52.92397660818713,derived_from_throughput,0.6738489988218258,6.738489988218258,3.3157894736842106,spot_diameter,2.5,2.234341417146054,0.8937365668584215,0.8937365668584215,0.49087385212340523,0.24543692606170261,245.43692606170262,0.21935595567867033,219.35595567867034,5.483898891966759,5483.898891966759,0.8138171758888034,813.8171758888034,219.35595567867034,throughput_acquisition_density
E,10.0,78.53981633974483,2.5,4.908738521234052,0.1,0.5,0.5 g/cm^3,95.26315789473684,3600.0,26.461988304093566,52.92397660818713,derived_from_throughput,0.6738489988218258,6.738489988218258,3.526315789473684,spot_diameter,2.5,2.3762043642664383,0.9504817457065753,0.9504817457065753,0.49087385212340523,0.24543692606170261,245.43692606170262,0.23328331794398274,233.28331794398275,5.832082948599568,5832.082948599568,0.865488107691267,865.488107691267,233.28331794398275,throughput_acquisition_density
E,10.0,78.53981633974483,2.5,4.908738521234052,0.1,0.5,0.5 g/cm^3,95.26315789473684,3600.0,26.461988304093566,52.92397660818713,derived_from_throughput,0.6738489988218258,6.738489988218258,3.7368421052631575,spot_diameter,2.5,2.5180673113868224,1.0,1.0,0.49087385212340523,0.24543692606170261,245.43692606170262,0.24543692606170261,245.43692606170262,6.180267005232379,6180.267005232378,0.9171590394937308,917.1590394937308,245.43692606170262,throughput_acquisition_density
E,10.0,78.53981633974483,2.5,4.908738521234052,0.1,0.5,0.5 g/cm^3,95.26315789473684,3600.0,26.461988304093566,52.92397660818713,derived_from_throughput,0.6738489988218258,6.738489988218258,3.9473684210526314,spot_diameter,2.5,2.659930258507207,1.0,1.0,0.49087385212340523,0.24543692606170261,245.43692606170262,0.24543692606170261,245.43692606170262,6.528451061865189,6528.451061865189,0.9688299712961945,968.8299712961946,245.43692606170262,throughput_acquisition_density
E,10.0,78.53981633974483,2.5,4.908738521234052,0.1,0.5,0.5 g/cm^3,95.26315789473684,3600.0,26.461988304093566,52.92397660818713,derived_from_throughput,0.6738489988218258,6.738489988218258,4.157894736842105,spot_diameter,2.5,2.8017932056275914,1.0,1.0,0.49087385212340523,0.24543692606170261,245.43692606170262,0.24543692606170261,245.43692606170262,6.876635118497999,6876.635118497999,1.0205009030986583,1020.5009030986582,245.43692606170262,throughput_acquisition_density
E,10.0,78.53981633974483,2.5,4.908738521234052,0.1,0.5,0.5 g/cm^3,95.26315789473684,3600.0,26.461988304093566,52.92397660818713,derived_from_throughput,0.6738489988218258,6.738489988218258,4.368421052631579,spot_diameter,2.5,2.943656152747976,1.0,1.0,0.49087385212340523,0.24543692606170261,245.43692606170262,0.24543692606170261,245.43692606170262,7.224819175130809,7224.819175130809,1.072171834901122,1072.171834901122,245.43692606170262,throughput_acquisition_density
E,10.0,78.53981633974483,2.5,4.908738521234052,0.1,0.5,0.5 g/cm^3,95.26315789473684,3600.0,26.461988304093566,52.92397660818713,derived_from_throughput,0.6738489988218258,6.738489988218258,4.578947368421052,spot_diameter,2.5,3.08551909986836,1.0,1.0,0.49087385212340523,0.24543692606170261,245.43692606170262,0.24543692606170261,245.43692606170262,7.573003231763619,7573.003231763619,1.1238427667035855,1123.8427667035855,245.43692606170262,throughput_acquisition_density
E,10.0,78.53981633974483,2.5,4.908738521234052,0.1,0.5,0.5 g/cm^3,95.26315789473684,3600.0,26.461988304093566,52.92397660818713,derived_from_throughput,0.6738489988218258,6.738489988218258,4.789473684210526,spot_diameter,2.5,3.2273820469887444,1.0,1.0,0.49087385212340523,0.24543692606170261,245.43692606170262,0.24543692606170261,245.43692606170262,7.921187288396428,7921.187288396428,1.1755136985060493,1175.5136985060492,245.43692606170262,throughput_acquisition_density
E,10.0,78.53981633974483,2.5,4.908738521234052,0.1,0.5,0.5 g/cm^3,95.26315789473684,3600.0,26.461988304093566,52.92397660818713,derived_from_throughput,0.6738489988218258,6.738489988218258,5.0,spot_diameter,2.5,3.369244994109129,1.0,1.0,0.49087385212340523,0.24543692606170261,245.43692606170262,0.24543692606170261,245.43692606170262,8.269371345029239,8269.371345029238,1.227184630308513,1227.184630308513,245.43692606170262,throughput_acquisition_density
E,10.0,78.53981633974483,2.5,4.908738521234052,0.1,0.5,0.5 g/cm^3,100.0,3600.0,27.77777777777778,55.55555555555556,derived_from_throughput,0.7073553026306459,7.07355302630646,1.0,spot_diameter,2.5,0.7073553026306459,0.28294212105225836,0.28294212105225836,0.49087385212340523,0.24543692606170261,245.43692606170262,0.06944444444444445,69.44444444444444,1.7361111111111112,1736.111111111111,0.24543692606170261,245.43692606170262,69.44444444444444,throughput_acquisition_density
E,10.0,78.53981633974483,2.5,4.908738521234052,0.1,0.5,0.5 g/cm^3,100.0,3600.0,27.77777777777778,55.55555555555556,derived_from_throughput,0.7073553026306459,7.07355302630646,1.2105263157894737,spot_diameter,2.5,0.8562722084476241,0.3425088833790496,0.3425088833790496,0.49087385212340523,0.24543692606170261,245.43692606170262,0.08406432748538012,84.06432748538012,2.101608187134503,2101.608187134503,0.2971078578641663,297.1078578641663,84.06432748538012,throughput_acquisition_density
E,10.0,78.53981633974483,2.5,4.908738521234052,0.1,0.5,0.5 g/cm^3,100.0,3600.0,27.77777777777778,55.55555555555556,derived_from_throughput,0.7073553026306459,7.07355302630646,1.4210526315789473,spot_diameter,2.5,1.0051891142646021,0.40207564570584087,0.40207564570584087,0.49087385212340523,0.24543692606170261,245.43692606170262,0.0986842105263158,98.68421052631581,2.4671052631578947,2467.1052631578946,0.34877878966663,348.77878966663,98.68421052631581,throughput_acquisition_density
E,10.0,78.53981633974483,2.5,4.908738521234052,0.1,0.5,0.5 g/cm^3,100.0,3600.0,27.77777777777778,55.55555555555556,derived_from_throughput,0.7073553026306459,7.07355302630646,1.631578947368421,spot_diameter,2.5,1.1541060200815803,0.4616424080326321,0.4616424080326321,0.49087385212340523,0.24543692606170261,245.43692606170262,0.11330409356725148,113.30409356725147,2.8326023391812867,2832.602339181287,0.40044972146909374,400.44972146909373,113.30409356725147,throughput_acquisition_density
E,10.0,78.53981633974483,2.5,4.908738521234052,0.1,0.5,0.5 g/cm^3,100.0,3600.0,27.77777777777778,55.55555555555556,derived_from_throughput,0.7073553026306459,7.07355302630646,1.8421052631578947,spot_diameter,2.5,1.3030229258985584,0.5212091703594234,0.5212091703594234,0.49087385212340523,0.24543692606170261,245.43692606170262,0.12792397660818716,127.92397660818716,3.198099415204678,3198.0994152046783,0.4521206532715574,452.12065327155744,127.92397660818716,throughput_acquisition_density
E,10.0,78.53981633974483,2.5,4.908738521234052,0.1,0.5,0.5 g/cm^3,100.0,3600.0,27.77777777777778,55.55555555555556,derived_from_throughput,0.7073553026306459,7.07355302630646,2.052631578947368,spot_diameter,2.5,1.4519398317155363,0.5807759326862145,0.5807759326862145,0.49087385212340523,0.24543692606170261,245.43692606170262,0.1425438596491228,142.5438596491228,3.5635964912280698,3563.5964912280697,0.5037915850740211,503.7915850740211,142.5438596491228,throughput_acquisition_density
E,10.0,78.53981633974483,2.5,4.908738521234052,0.1,0.5,0.5 g/cm^3,100.0,3600.0,27.77777777777778,55.55555555555556,derived_from_throughput,0.7073553026306459,7.07355302630646,2.263157894736842,spot_diameter,2.5,1.6008567375325145,0.6403426950130058,0.6403426950130058,0.49087385212340523,0.24543692606170261,245.43692606170262,0.15716374269005848,157.16374269005848,3.929093567251462,3929.093567251462,0.5554625168764848,555.4625168764849,157.16374269005848,throughput_acquisition_density
E,10.0,78.53981633974483,2.5,4.908738521234052,0.1,0.5,0.5 g/cm^3,100.0,3600.0,27.77777777777778,55.55555555555556,derived_from_throughput,0.7073553026306459,7.07355302630646,2.473684210526316,spot_diameter,2.5,1.7497736433494926,0.699909457339797,0.699909457339797,0.49087385212340523,0.24543692606170261,245.43692606170262,0.17178362573099418,171.78362573099417,4.294590643274854,4294.590643274854,0.6071334486789486,607.1334486789486,171.78362573099417,throughput_acquisition_density
E,10.0,78.53981633974483,2.5,4.908738521234052,0.1,0.5,0.5 g/cm^3,100.0,3600.0,27.77777777777778,55.55555555555556,derived_from_throughput,0.7073553026306459,7.07355302630646,2.6842105263157894,spot_diameter,2.5,1.8986905491664707,0.7594762196665883,0.7594762196665883,0.49087385212340523,0.24543692606170261,245.43692606170262,0.18640350877192985,186.40350877192984,4.660087719298246,4660.087719298246,0.6588043804814122,658.8043804814122,186.40350877192984,throughput_acquisition_density
E,10.0,78.53981633974483,2.5,4.908738521234052,0.1,0.5,0.5 g/cm^3,100.0,3600.0,27.77777777777778,55.55555555555556,derived_from_throughput,0.7073553026306459,7.07355302630646,2.894736842105263,spot_diameter,2.5,2.0476074549834484,0.8190429819933793,0.8190429819933793,0.49087385212340523,0.24543692606170261,245.43692606170262,0.20102339181286547,201.02339181286547,5.025584795321637,5025.584795321637,0.710475312283876,710.475312283876,201.02339181286547,throughput_acquisition_density
E,10.0,78.53981633974483,2.5,4.908738521234052,0.1,0.5,0.5 g/cm^3,100.0,3600.0,27.77777777777778,55.55555555555556,derived_from_throughput,0.7073553026306459,7.07355302630646,3.1052631578947367,spot_diameter,2.5,2.196524360800427,0.8786097443201708,0.8786097443201708,0.49087385212340523,0.24543692606170261,245.43692606170262,0.2156432748538012,215.6432748538012,5.391081871345029,5391.081871345029,0.7621462440863397,762.1462440863397,215.6432748538012,throughput_acquisition_density
E,10.0,78.53981633974483,2.5,4.908738521234052,0.1,0.5,0.5 g/cm^3,100.0,3600.0,27.77777777777778,55.55555555555556,derived_from_throughput,0.7073553026306459,7.07355302630646,3.3157894736842106,spot_diameter,2.5,2.345441266617405,0.9381765066469621,0.9381765066469621,0.49087385212340523,0.24543692606170261,245.43692606170262,0.2302631578947369,230.26315789473688,5.756578947368421,5756.578947368421,0.8138171758888034,813.8171758888034,230.26315789473688,throughput_acquisition_density
E,10.0,78.53981633974483,2.5,4.908738521234052,0.1,0.5,0.5 g/cm^3,100.0,3600.0,27.77777777777778,55.55555555555556,derived_from_throughput,0.7073553026306459,7.07355302630646,3.526315789473684,spot_diameter,2.5,2.494358172434383,0.9977432689737531,0.9977432689737531,0.49087385212340523,0.24543692606170261,245.43692606170262,0.2448830409356725,244.8830409356725,6.122076023391813,6122.076023391813,0.865488107691267,865.488107691267,244.8830409356725,throughput_acquisition_density
E,10.0,78.53981633974483,2.5,4.908738521234052,0.1,0.5,0.5 g/cm^3,100.0,3600.0,27.77777777777778,55.55555555555556,derived_from_throughput,0.7073553026306459,7.07355302630646,3.7368421052631575,spot_diameter,2.5,2.643275078251361,1.0,1.0,0.49087385212340523,0.24543692606170261,245.43692606170262,0.24543692606170261,245.43692606170262,6.487573099415204,6487.5730994152045,0.9171590394937308,917.1590394937308,245.43692606170262,throughput_acquisition_density
E,10.0,78.53981633974483,2.5,4.908738521234052,0.1,0.5,0.5 g/cm^3,100.0,3600.0,27.77777777777778,55.55555555555556,derived_from_throughput,0.7073553026306459,7.07355302630646,3.9473684210526314,spot_diameter,2.5,2.792191984068339,1.0,1.0,0.49087385212340523,0.24543692606170261,245.43692606170262,0.24543692606170261,245.43692606170262,6.853070175438597,6853.070175438596,0.9688299712961945,968.8299712961946,245.43692606170262,throughput_acquisition_density
E,10.0,78.53981633974483,2.5,4.908738521234052,0.1,0.5,0.5 g/cm^3,100.0,3600.0,27.77777777777778,55.55555555555556,derived_from_throughput,0.7073553026306459,7.07355302630646,4.157894736842105,spot_diameter,2.5,2.9411088898853173,1.0,1.0,0.49087385212340523,0.24543692606170261,245.43692606170262,0.24543692606170261,245.43692606170262,7.218567251461988,7218.567251461988,1.0205009030986583,1020.5009030986582,245.43692606170262,throughput_acquisition_density
E,10.0,78.53981633974483,2.5,4.908738521234052,0.1,0.5,0.5 g/cm^3,100.0,3600.0,27.77777777777778,55.55555555555556,derived_from_throughput,0.7073553026306459,7.07355302630646,4.368421052631579,spot_diameter,2.5,3.0900257957022954,1.0,1.0,0.49087385212340523,0.24543692606170261,245.43692606170262,0.24543692606170261,245.43692606170262,7.58406432748538,7584.06432748538,1.072171834901122,1072.171834901122,245.43692606170262,throughput_acquisition_density
E,10.0,78.53981633974483,2.5,4.908738521234052,0.1,0.5,0.5 g/cm^3,100.0,3600.0,27.77777777777778,55.55555555555556,derived_from_throughput,0.7073553026306459,7.07355302630646,4.578947368421052,spot_diameter,2.5,3.238942701519273,1.0,1.0,0.49087385212340523,0.24543692606170261,245.43692606170262,0.24543692606170261,245.43692606170262,7.949561403508771,7949.561403508771,1.1238427667035855,1123.8427667035855,245.43692606170262,throughput_acquisition_density
E,10.0,78.53981633974483,2.5,4.908738521234052,0.1,0.5,0.5 g/cm^3,100.0,3600.0,27.77777777777778,55.55555555555556,derived_from_throughput,0.7073553026306459,7.07355302630646,4.789473684210526,spot_diameter,2.5,3.3878596073362512,1.0,1.0,0.49087385212340523,0.24543692606170261,245.43692606170262,0.24543692606170261,245.43692606170262,8.315058479532162,8315.058479532163,1.1755136985060493,1175.5136985060492,245.43692606170262,throughput_acquisition_density
E,10.0,78.53981633974483,2.5,4.908738521234052,0.1,0.5,0.5 g/cm^3,100.0,3600.0,27.77777777777778,55.55555555555556,derived_from_throughput,0.7073553026306459,7.07355302630646,5.0,spot_diameter,2.5,3.53677651315323,1.0,1.0,0.49087385212340523,0.24543692606170261,245.43692606170262,0.24543692606170261,245.43692606170262,8.680555555555555,8680.555555555555,1.227184630308513,1227.184630308513,245.43692606170262,throughput_acquisition_density
E,10.0,78.53981633974483,2.5,4.908738521234052,0.1,0.6,0.6 g/cm^3,10.0,3600.0,2.7777777777777777,4.62962962962963,derived_from_throughput,0.058946275219220495,0.5894627521922049,1.0,spot_diameter,2.5,0.058946275219220495,0.023578510087688197,0.023578510087688197,0.49087385212340523,0.2945243112740431,294.5243112740431,0.006944444444444444,6.944444444444444,0.17361111111111113,173.61111111111114,0.2945243112740431,294.5243112740431,6.944444444444444,throughput_acquisition_density
E,10.0,78.53981633974483,2.5,4.908738521234052,0.1,0.6,0.6 g/cm^3,10.0,3600.0,2.7777777777777777,4.62962962962963,derived_from_throughput,0.058946275219220495,0.5894627521922049,1.2105263157894737,spot_diameter,2.5,0.07135601737063534,0.028542406948254134,0.028542406948254134,0.49087385212340523,0.2945243112740431,294.5243112740431,0.008406432748538011,8.40643274853801,0.21016081871345033,210.16081871345034,0.35652942943699956,356.5294294369996,8.40643274853801,throughput_acquisition_density
E,10.0,78.53981633974483,2.5,4.908738521234052,0.1,0.6,0.6 g/cm^3,10.0,3600.0,2.7777777777777777,4.62962962962963,derived_from_throughput,0.058946275219220495,0.5894627521922049,1.4210526315789473,spot_diameter,2.5,0.08376575952205018,0.03350630380882007,0.03350630380882007,0.49087385212340523,0.2945243112740431,294.5243112740431,0.009868421052631578,9.868421052631579,0.2467105263157895,246.71052631578948,0.418534547599956,418.534547599956,9.868421052631579,throughput_acquisition_density
E,10.0,78.53981633974483,2.5,4.908738521234052,0.1,0.6,0.6 g/cm^3,10.0,3600.0,2.7777777777777777,4.62962962962963,derived_from_throughput,0.058946275219220495,0.5894627521922049,1.631578947368421,spot_diameter,2.5,0.09617550167346502,0.03847020066938601,0.03847020066938601,0.49087385212340523,0.2945243112740431,294.5243112740431,0.011330409356725146,11.330409356725145,0.28326023391812866,283.2602339181287,0.4805396657629124,480.5396657629124,11.330409356725145,throughput_acquisition_density
E,10.0,78.53981633974483,2.5,4.908738521234052,0.1,0.6,0.6 g/cm^3,10.0,3600.0,2.7777777777777777,4.62962962962963,derived_from_throughput,0.058946275219220495,0.5894627521922049,1.8421052631578947,spot_diameter,2.5,0.10858524382487986,0.04343409752995194,0.04343409752995194,0.49087385212340523,0.2945243112740431,294.5243112740431,0.012792397660818713,12.792397660818713,0.3198099415204679,319.8099415204679,0.5425447839258689,542.544783925869,12.792397660818713,throughput_acquisition_density
E,10.0,78.53981633974483,2.5,4.908738521234052,0.1,0.6,0.6 g/cm^3,10.0,3600.0,2.7777777777777777,4.62962962962963,derived_from_throughput,0.058946275219220495,0.5894627521922049,2.052631578947368,spot_diameter,2.5,0.12099498597629468,0.048397994390517875,0.048397994390517875,0.49087385212340523,0.2945243112740431,294.5243112740431,0.014254385964912278,14.254385964912279,0.356359649122807,356.359649122807,0.6045499020888252,604.5499020888252,14.254385964912279,throughput_acquisition_density
E,10.0,78.53981633974483,2.5,4.908738521234052,0.1,0.6,0.6 g/cm^3,10.0,3600.0,2.7777777777777777,4.62962962962963,derived_from_throughput,0.058946275219220495,0.5894627521922049,2.263157894736842,spot_diameter,2.5,0.13340472812770954,0.053361891251083815,0.053361891251083815,0.49087385212340523,0.2945243112740431,294.5243112740431,0.015716374269005847,15.716374269005847,0.3929093567251462,392.9093567251462,0.6665550202517817,666.5550202517817,15.716374269005847,throughput_acquisition_density
E,10.0,78.53981633974483,2.5,4.908738521234052,0.1,0.6,0.6 g/cm^3,10.0,3600.0,2.7777777777777777,4.62962962962963,derived_from_throughput,0.058946275219220495,0.5894627521922049,2.473684210526316,spot_diameter,2.5,0.1458144702791244,0.058325788111649755,0.058325788111649755,0.49087385212340523,0.2945243112740431,294.5243112740431,0.017178362573099414,17.178362573099413,0.4294590643274855,429.45906432748546,0.7285601384147382,728.5601384147382,17.178362573099413,throughput_acquisition_density
E,10.0,78.53981633974483,2.5,4.908738521234052,0.1,0.6,0.6 g/cm^3,10.0,3600.0,2.7777777777777777,4.62962962962963,derived_from_throughput,0.058946275219220495,0.5894627521922049,2.6842105263157894,spot_diameter,2.5,0.15822421243053922,0.06328968497221568,0.06328968497221568,0.49087385212340523,0.2945243112740431,294.5243112740431,0.018640350877192978,18.64035087719298,0.4660087719298246,466.0087719298246,0.7905652565776946,790.5652565776946,18.64035087719298,throughput_acquisition_density
E,10.0,78.53981633974483,2.5,4.908738521234052,0.1,0.6,0.6 g/cm^3,10.0,3600.0,2.7777777777777777,4.62962962962963,derived_from_throughput,0.058946275219220495,0.5894627521922049,2.894736842105263,spot_diameter,2.5,0.17063395458195404,0.06825358183278162,0.06825358183278162,0.49087385212340523,0.2945243112740431,294.5243112740431,0.020102339181286545,20.102339181286546,0.5025584795321637,502.5584795321637,0.852570374740651,852.570374740651,20.102339181286546,throughput_acquisition_density
E,10.0,78.53981633974483,2.5,4.908738521234052,0.1,0.6,0.6 g/cm^3,10.0,3600.0,2.7777777777777777,4.62962962962963,derived_from_throughput,0.058946275219220495,0.5894627521922049,3.1052631578947367,spot_diameter,2.5,0.1830436967333689,0.07321747869334756,0.07321747869334756,0.49087385212340523,0.2945243112740431,294.5243112740431,0.021564327485380116,21.564327485380115,0.5391081871345029,539.1081871345029,0.9145754929036075,914.5754929036075,21.564327485380115,throughput_acquisition_density
E,10.0,78.53981633974483,2.5,4.908738521234052,0.1,0.6,0.6 g/cm^3,10.0,3600.0,2.7777777777777777,4.62962962962963,derived_from_throughput,0.058946275219220495,0.5894627521922049,3.3157894736842106,spot_diameter,2.5,0.19545343888478375,0.0781813755539135,0.0781813755539135,0.49087385212340523,0.2945243112740431,294.5243112740431,0.023026315789473683,23.02631578947368,0.5756578947368421,575.6578947368422,0.976580611066564,976.5806110665641,23.02631578947368,throughput_acquisition_density
E,10.0,78.53981633974483,2.5,4.908738521234052,0.1,0.6,0.6 g/cm^3,10.0,3600.0,2.7777777777777777,4.62962962962963,derived_from_throughput,0.058946275219220495,0.5894627521922049,3.526315789473684,spot_diameter,2.5,0.20786318103619858,0.08314527241447943,0.08314527241447943,0.49087385212340523,0.2945243112740431,294.5243112740431,0.02448830409356725,24.48830409356725,0.6122076023391814,612.2076023391813,1.0385857292295204,1038.5857292295204,24.48830409356725,throughput_acquisition_density
E,10.0,78.53981633974483,2.5,4.908738521234052,0.1,0.6,0.6 g/cm^3,10.0,3600.0,2.7777777777777777,4.62962962962963,derived_from_throughput,0.058946275219220495,0.5894627521922049,3.7368421052631575,spot_diameter,2.5,0.2202729231876134,0.08810916927504536,0.08810916927504536,0.49087385212340523,0.2945243112740431,294.5243112740431,0.025950292397660814,25.950292397660814,0.6487573099415205,648.7573099415205,1.1005908473924768,1100.590847392477,25.950292397660814,throughput_acquisition_density
E,10.0,78.53981633974483,2.5,4.908738521234052,0.1,0.6,0.6 g/cm^3,10.0,3600.0,2.7777777777777777,4.62962962962963,derived_from_throughput,0.058946275219220495,0.5894627521922049,3.9473684210526314,spot_diameter,2.5,0.23268266533902826,0.09307306613561131,0.09307306613561131,0.49087385212340523,0.2945243112740431,294.5243112740431,0.027412280701754384,27.412280701754383,0.6853070175438597,685.3070175438597,1.1625959655554332,1162.5959655554332,27.412280701754383,throughput_acquisition_density
E,10.0,78.53981633974483,2.5,4.908738521234052,0.1,0.6,0.6 g/cm^3,10.0,3600.0,2.7777777777777777,4.62962962962963,derived_from_throughput,0.058946275219220495,0.5894627521922049,4.157894736842105,spot_diameter,2.5,0.24509240749044311,0.09803696299617724,0.09803696299617724,0.49087385212340523,0.2945243112740431,294.5243112740431,0.02887426900584795,28.874269005847953,0.7218567251461989,721.8567251461989,1.2246010837183898,1224.6010837183899,28.874269005847953,throughput_acquisition_density
E,10.0,78.53981633974483,2.5,4.908738521234052,0.1,0.6,0.6 g/cm^3,10.0,3600.0,2.7777777777777777,4.62962962962963,derived_from_throughput,0.058946275219220495,0.5894627521922049,4.368421052631579,spot_diameter,2.5,0.25750214964185797,0.10300085985674319,0.10300085985674319,0.49087385212340523,0.2945243112740431,294.5243112740431,0.030336257309941522,30.336257309941523,0.758406432748538,758.406432748538,1.2866062018813462,1286.6062018813461,30.336257309941523,throughput_acquisition_density
E,10.0,78.53981633974483,2.5,4.908738521234052,0.1,0.6,0.6 g/cm^3,10.0,3600.0,2.7777777777777777,4.62962962962963,derived_from_throughput,0.058946275219220495,0.5894627521922049,4.578947368421052,spot_diameter,2.5,0.2699118917932728,0.10796475671730912,0.10796475671730912,0.49087385212340523,0.2945243112740431,294.5243112740431,0.03179824561403509,31.79824561403509,0.7949561403508772,794.9561403508773,1.3486113200443026,1348.6113200443026,31.79824561403509,throughput_acquisition_density
E,10.0,78.53981633974483,2.5,4.908738521234052,0.1,0.6,0.6 g/cm^3,10.0,3600.0,2.7777777777777777,4.62962962962963,derived_from_throughput,0.058946275219220495,0.5894627521922049,4.789473684210526,spot_diameter,2.5,0.2823216339446876,0.11292865357787504,0.11292865357787504,0.49087385212340523,0.2945243112740431,294.5243112740431,0.03326023391812865,33.26023391812865,0.8315058479532164,831.5058479532164,1.4106164382072588,1410.6164382072589,33.26023391812865,throughput_acquisition_density
E,10.0,78.53981633974483,2.5,4.908738521234052,0.1,0.6,0.6 g/cm^3,10.0,3600.0,2.7777777777777777,4.62962962962963,derived_from_throughput,0.058946275219220495,0.5894627521922049,5.0,spot_diameter,2.5,0.29473137609610245,0.11789255043844098,0.11789255043844098,0.49087385212340523,0.2945243112740431,294.5243112740431,0.03472222222222222,34.722222222222214,0.8680555555555557,868.0555555555557,1.4726215563702154,1472.6215563702153,34.722222222222214,throughput_acquisition_density
E,10.0,78.53981633974483,2.5,4.908738521234052,0.1,0.6,0.6 g/cm^3,14.736842105263158,3600.0,4.093567251461988,6.822612085769981,derived_from_throughput,0.0868681950599039,0.868681950599039,1.0,spot_diameter,2.5,0.0868681950599039,0.03474727802396156,0.03474727802396156,0.49087385212340523,0.2945243112740431,294.5243112740431,0.010233918128654972,10.233918128654972,0.2558479532163743,255.84795321637432,0.2945243112740431,294.5243112740431,10.233918128654972,throughput_acquisition_density
E,10.0,78.53981633974483,2.5,4.908738521234052,0.1,0.6,0.6 g/cm^3,14.736842105263158,3600.0,4.093567251461988,6.822612085769981,derived_from_throughput,0.0868681950599039,0.868681950599039,1.2105263157894737,spot_diameter,2.5,0.10515623612514682,0.04206249445005873,0.04206249445005873,0.49087385212340523,0.2945243112740431,294.5243112740431,0.012388427208371808,12.388427208371809,0.3097106802092952,309.7106802092952,0.35652942943699956,356.5294294369996,12.388427208371809,throughput_acquisition_density
E,10.0,78.53981633974483,2.5,4.908738521234052,0.1,0.6,0.6 g/cm^3,14.736842105263158,3600.0,4.093567251461988,6.822612085769981,derived_from_throughput,0.0868681950599039,0.868681950599039,1.4210526315789473,spot_diameter,2.5,0.12344427719038975,0.0493777108761559,0.0493777108761559,0.49087385212340523,0.2945243112740431,294.5243112740431,0.014542936288088644,14.542936288088644,0.36357340720221615,363.5734072022162,0.418534547599956,418.534547599956,14.542936288088644,throughput_acquisition_density
E,10.0,78.53981633974483,2.5,4.908738521234052,0.1,0.6,0.6 g/cm^3,14.736842105263158,3600.0,4.093567251461988,6.822612085769981,derived_from_throughput,0.0868681950599039,0.868681950599039,1.631578947368421,spot_diameter,2.5,0.14173231825563268,0.056692927302253074,0.056692927302253074,0.49087385212340523,0.2945243112740431,294.5243112740431,0.016697445367805482,16.697445367805482,0.41743613419513703,417.436134195137,0.4805396657629124,480.5396657629124,16.697445367805482,throughput_acquisition_density
E,10.0,78.53981633974483,2.5,4.908738521234052,0.1,0.6,0.6 g/cm^3,14.736842105263158,3600.0,4.093567251461988,6.822612085769981,derived_from_throughput,0.0868681950599039,0.868681950599039,1.8421052631578947,spot_diameter,2.5,0.1600203593208756,0.06400814372835024,0.06400814372835024,0.49087385212340523,0.2945243112740431,294.5243112740431,0.01885195444752232,18.851954447522317,0.47129886118805797,471.29886118805797,0.5425447839258689,542.544783925869,18.851954447522317,throughput_acquisition_density
E,10.0,78.53981633974483,2.5,4.908738521234052,0.1,0.6,0.6 g/cm^3,14.736842105263158,3600.0,4.093567251461988,6.822612085769981,derived_from_throughput,0.0868681950599039,0.868681950599039,2.052631578947368,spot_diameter,2.5,0.1783084003861185,0.0713233601544474,0.0713233601544474,0.49087385212340523,0.2945243112740431,294.5243112740431,0.02100646352723915,21.006463527239152,0.5251615881809788,525.1615881809788,0.6045499020888252,604.5499020888252,21.006463527239152,throughput_acquisition_density
E,10.0,78.53981633974483,2.5,4.908738521234052,0.1,0.6,0.6 g/cm^3,14.736842105263158,3600.0,4.093567251461988,6.822612085769981,derived_from_throughput,0.0868681950599039,0.868681950599039,2.263157894736842,spot_diameter,2.5,0.19659644145136143,0.07863857658054457,0.07863857658054457,0.49087385212340523,0.2945243112740431,294.5243112740431,0.023160972606955987,23.160972606955987,0.5790243151738997,579.0243151738997,0.6665550202517817,666.5550202517817,23.160972606955987,throughput_acquisition_density
E,10.0,78.53981633974483,2.5,4.908738521234052,0.1,0.6,0.6 g/cm^3,14.736842105263158,3600.0,4.093567251461988,6.822612085769981,derived_from_throughput,0.0868681950599039,0.868681950599039,2.473684210526316,spot_diameter,2.5,0.21488448251660439,0.08595379300664176,0.08595379300664176,0.49087385212340523,0.2945243112740431,294.5243112740431,0.025315481686672827,25.315481686672825,0.6328870421668207,632.8870421668207,0.7285601384147382,728.5601384147382,25.315481686672825,throughput_acquisition_density
E,10.0,78.53981633974483,2.5,4.908738521234052,0.1,0.6,0.6 g/cm^3,14.736842105263158,3600.0,4.093567251461988,6.822612085769981,derived_from_throughput,0.0868681950599039,0.868681950599039,2.6842105263157894,spot_diameter,2.5,0.23317252358184729,0.09326900943273891,0.09326900943273891,0.49087385212340523,0.2945243112740431,294.5243112740431,0.02746999076638966,27.46999076638966,0.6867497691597416,686.7497691597416,0.7905652565776946,790.5652565776946,27.46999076638966,throughput_acquisition_density
E,10.0,78.53981633974483,2.5,4.908738521234052,0.1,0.6,0.6 g/cm^3,14.736842105263158,3600.0,4.093567251461988,6.822612085769981,derived_from_throughput,0.0868681950599039,0.868681950599039,2.894736842105263,spot_diameter,2.5,0.2514605646470902,0.10058422585883608,0.10058422585883608,0.49087385212340523,0.2945243112740431,294.5243112740431,0.029624499846106496,29.624499846106495,0.7406124961526624,740.6124961526624,0.852570374740651,852.570374740651,29.624499846106495,throughput_acquisition_density
E,10.0,78.53981633974483,2.5,4.908738521234052,0.1,0.6,0.6 g/cm^3,14.736842105263158,3600.0,4.093567251461988,6.822612085769981,derived_from_throughput,0.0868681950599039,0.868681950599039,3.1052631578947367,spot_diameter,2.5,0.26974860571233317,0.10789944228493327,0.10789944228493327,0.49087385212340523,0.2945243112740431,294.5243112740431,0.03177900892582333,31.779008925823334,0.7944752231455834,794.4752231455834,0.9145754929036075,914.5754929036075,31.779008925823334,throughput_acquisition_density
E,10.0,78.53981633974483,2.5,4.908738521234052,0.1,0.6,0.6 g/cm^3,14.736842105263158,3600.0,4.093567251461988,6.822612085769981,derived_from_throughput,0.0868681950599039,0.868681950599039,3.3157894736842106,spot_diameter,2.5,0.28803664677757607,0.11521465871103043,0.11521465871103043,0.49087385212340523,0.2945243112740431,294.5243112740431,0.03393351800554017,33.933518005540165,0.8483379501385043,848.3379501385043,0.976580611066564,976.5806110665641,33.933518005540165,throughput_acquisition_density
E,10.0,78.53981633974483,2.5,4.908738521234052,0.1,0.6,0.6 g/cm^3,14.736842105263158,3600.0,4.093567251461988,6.822612085769981,derived_from_throughput,0.0868681950599039,0.868681950599039,3.526315789473684,spot_diameter,2.5,0.30632468784281897,0.12252987513712758,0.12252987513712758,0.49087385212340523,0.2945243112740431,294.5243112740431,0.036088027085257,36.088027085256996,0.9022006771314253,902.2006771314252,1.0385857292295204,1038.5857292295204,36.088027085256996,throughput_acquisition_density
E,10.0,78.53981633974483,2.5,4.908738521234052,0.1,0.6,0.6 g/cm^3,14.736842105263158,3600.0,4.093567251461988,6.822612085769981,derived_from_throughput,0.0868681950599039,0.868681950599039,3.7368421052631575,spot_diameter,2.5,0.3246127289080619,0.12984509156322477,0.12984509156322477,0.49087385212340523,0.2945243112740431,294.5243112740431,0.03824253616497384,38.24253616497384,0.9560634041243461,956.0634041243461,1.1005908473924768,1100.590847392477,38.24253616497384,throughput_acquisition_density
E,10.0,78.53981633974483,2.5,4.908738521234052,0.1,0.6,0.6 g/cm^3,14.736842105263158,3600.0,4.093567251461988,6.822612085769981,derived_from_throughput,0.0868681950599039,0.868681950599039,3.9473684210526314,spot_diameter,2.5,0.3429007699733048,0.13716030798932194,0.13716030798932194,0.49087385212340523,0.2945243112740431,294.5243112740431,0.04039704524469068,40.39704524469067,1.009926131117267,1009.9261311172669,1.1625959655554332,1162.5959655554332,40.39704524469067,throughput_acquisition_density
E,10.0,78.53981633974483,2.5,4.908738521234052,0.1,0.6,0.6 g/cm^3,14.736842105263158,3600.0,4.093567251461988,6.822612085769981,derived_from_throughput,0.0868681950599039,0.868681950599039,4.157894736842105,spot_diameter,2.5,0.3611888110385478,0.1444755244154191,0.1444755244154191,0.49087385212340523,0.2945243112740431,294.5243112740431,0.04255155432440751,42.55155432440751,1.063788858110188,1063.788858110188,1.2246010837183898,1224.6010837183899,42.55155432440751,throughput_acquisition_density
E,10.0,78.53981633974483,2.5,4.908738521234052,0.1,0.6,0.6 g/cm^3,14.736842105263158,3600.0,4.093567251461988,6.822612085769981,derived_from_throughput,0.0868681950599039,0.868681950599039,4.368421052631579,spot_diameter,2.5,0.3794768521037907,0.15179074084151628,0.15179074084151628,0.49087385212340523,0.2945243112740431,294.5243112740431,0.04470606340412435,44.70606340412435,1.1176515851031088,1117.6515851031088,1.2866062018813462,1286.6062018813461,44.70606340412435,throughput_acquisition_density
E,10.0,78.53981633974483,2.5,4.908738521234052,0.1,0.6,0.6 g/cm^3,14.736842105263158,3600.0,4.093567251461988,6.822612085769981,derived_from_throughput,0.0868681950599039,0.868681950599039,4.578947368421052,spot_diameter,2.5,0.3977648931690336,0.15910595726761342,0.15910595726761342,0.49087385212340523,0.2945243112740431,294.5243112740431,0.04686057248384118,46.86057248384118,1.1715143120960296,1171.5143120960297,1.3486113200443026,1348.6113200443026,46.86057248384118,throughput_acquisition_density
E,10.0,78.53981633974483,2.5,4.908738521234052,0.1,0.6,0.6 g/cm^3,14.736842105263158,3600.0,4.093567251461988,6.822612085769981,derived_from_throughput,0.0868681950599039,0.868681950599039,4.789473684210526,spot_diameter,2.5,0.41605293423427653,0.16642117369371062,0.16642117369371062,0.49087385212340523,0.2945243112740431,294.5243112740431,0.04901508156355802,49.01508156355802,1.2253770390889505,1225.3770390889504,1.4106164382072588,1410.6164382072589,49.01508156355802,throughput_acquisition_density
E,10.0,78.53981633974483,2.5,4.908738521234052,0.1,0.6,0.6 g/cm^3,14.736842105263158,3600.0,4.093567251461988,6.822612085769981,derived_from_throughput,0.0868681950599039,0.868681950599039,5.0,spot_diameter,2.5,0.4343409752995195,0.1737363901198078,0.1737363901198078,0.49087385212340523,0.2945243112740431,294.5243112740431,0.05116959064327486,51.16959064327486,1.2792397660818717,1279.2397660818717,1.4726215563702154,1472.6215563702153,51.16959064327486,throughput_acquisition_density
E,10.0,78.53981633974483,2.5,4.908738521234052,0.1,0.6,0.6 g/cm^3,19.473684210526315,3600.0,5.409356725146199,9.015594541910332,derived_from_throughput,0.11479011490058728,1.1479011490058728,1.0,spot_diameter,2.5,0.11479011490058728,0.045916045960234915,0.045916045960234915,0.49087385212340523,0.2945243112740431,294.5243112740431,0.013523391812865498,13.523391812865498,0.33808479532163743,338.08479532163744,0.2945243112740431,294.5243112740431,13.523391812865498,throughput_acquisition_density
E,10.0,78.53981633974483,2.5,4.908738521234052,0.1,0.6,0.6 g/cm^3,19.473684210526315,3600.0,5.409356725146199,9.015594541910332,derived_from_throughput,0.11479011490058728,1.1479011490058728,1.2105263157894737,spot_diameter,2.5,0.1389564548796583,0.055582581951863316,0.055582581951863316,0.49087385212340523,0.2945243112740431,294.5243112740431,0.0163704216682056,16.3704216682056,0.40926054170514004,409.26054170514004,0.35652942943699956,356.5294294369996,16.3704216682056,throughput_acquisition_density
E,10.0,78.53981633974483,2.5,4.908738521234052,0.1,0.6,0.6 g/cm^3,19.473684210526315,3600.0,5.409356725146199,9.015594541910332,derived_from_throughput,0.11479011490058728,1.1479011490058728,1.4210526315789473,spot_diameter,2.5,0.1631227948587293,0.06524911794349172,0.06524911794349172,0.49087385212340523,0.2945243112740431,294.5243112740431,0.019217451523545707,19.217451523545705,0.48043628808864264,480.43628808864264,0.418534547599956,418.534547599956,19.217451523545705,throughput_acquisition_density
E,10.0,78.53981633974483,2.5,4.908738521234052,0.1,0.6,0.6 g/cm^3,19.473684210526315,3600.0,5.409356725146199,9.015594541910332,derived_from_throughput,0.11479011490058728,1.1479011490058728,1.631578947368421,spot_diameter,2.5,0.1872891348378003,0.07491565393512012,0.07491565393512012,0.49087385212340523,0.2945243112740431,294.5243112740431,0.02206448137888581,22.06448137888581,0.5516120344721452,551.6120344721453,0.4805396657629124,480.5396657629124,22.06448137888581,throughput_acquisition_density
E,10.0,78.53981633974483,2.5,4.908738521234052,0.1,0.6,0.6 g/cm^3,19.473684210526315,3600.0,5.409356725146199,9.015594541910332,derived_from_throughput,0.11479011490058728,1.1479011490058728,1.8421052631578947,spot_diameter,2.5,0.2114554748168713,0.08458218992674851,0.08458218992674851,0.49087385212340523,0.2945243112740431,294.5243112740431,0.024911511234225914,24.911511234225912,0.6227877808556479,622.787780855648,0.5425447839258689,542.544783925869,24.911511234225912,throughput_acquisition_density
E,10.0,78.53981633974483,2.5,4.908738521234052,0.1,0.6,0.6 g/cm^3,19.473684210526315,3600.0,5.409356725146199,9.015594541910332,derived_from_throughput,0.11479011490058728,1.1479011490058728,2.052631578947368,spot_diameter,2.5,0.2356218147959423,0.09424872591837692,0.09424872591837692,0.49087385212340523,0.2945243112740431,294.5243112740431,0.02775854108956602,27.75854108956602,0.6939635272391504,693.9635272391505,0.6045499020888252,604.5499020888252,27.75854108956602,throughput_acquisition_density
E,10.0,78.53981633974483,2.5,4.908738521234052,0.1,0.6,0.6 g/cm^3,19.473684210526315,3600.0,5.409356725146199,9.015594541910332,derived_from_throughput,0.11479011490058728,1.1479011490058728,2.263157894736842,spot_diameter,2.5,0.2597881547750133,0.10391526191000533,0.10391526191000533,0.49087385212340523,0.2945243112740431,294.5243112740431,0.030605570944906124,30.605570944906123,0.7651392736226531,765.1392736226531,0.6665550202517817,666.5550202517817,30.605570944906123,throughput_acquisition_density
E,10.0,78.53981633974483,2.5,4.908738521234052,0.1,0.6,0.6 g/cm^3,19.473684210526315,3600.0,5.409356725146199,9.015594541910332,derived_from_throughput,0.11479011490058728,1.1479011490058728,2.473684210526316,spot_diameter,2.5,0.28395449475408435,0.11358179790163374,0.11358179790163374,0.49087385212340523,0.2945243112740431,294.5243112740431,0.03345260080024623,33.45260080024623,0.8363150200061558,836.3150200061558,0.7285601384147382,728.5601384147382,33.45260080024623,throughput_acquisition_density
E,10.0,78.53981633974483,2.5,4.908738521234052,0.1,0.6,0.6 g/cm^3,19.473684210526315,3600.0,5.409356725146199,9.015594541910332,derived_from_throughput,0.11479011490058728,1.1479011490058728,2.6842105263157894,spot_diameter,2.5,0.3081208347331553,0.12324833389326213,0.12324833389326213,0.49087385212340523,0.2945243112740431,294.5243112740431,0.036299630655586335,36.299630655586334,0.9074907663896583,907.4907663896583,0.7905652565776946,790.5652565776946,36.299630655586334,throughput_acquisition_density
E,10.0,78.53981633974483,2.5,4.908738521234052,0.1,0.6,0.6 g/cm^3,19.473684210526315,3600.0,5.409356725146199,9.015594541910332,derived_from_throughput,0.11479011490058728,1.1479011490058728,2.894736842105263,spot_diameter,2.5,0.3322871747122263,0.1329148698848905,0.1329148698848905,0.49087385212340523,0.2945243112740431,294.5243112740431,0.03914666051092643,39.14666051092643,0.9786665127731609,978.6665127731609,0.852570374740651,852.570374740651,39.14666051092643,throughput_acquisition_density
E,10.0,78.53981633974483,2.5,4.908738521234052,0.1,0.6,0.6 g/cm^3,19.473684210526315,3600.0,5.409356725146199,9.015594541910332,derived_from_throughput,0.11479011490058728,1.1479011490058728,3.1052631578947367,spot_diameter,2.5,0.3564535146912973,0.14258140587651894,0.14258140587651894,0.49087385212340523,0.2945243112740431,294.5243112740431,0.04199369036626654,41.99369036626654,1.0498422591566636,1049.8422591566637,0.9145754929036075,914.5754929036075,41.99369036626654,throughput_acquisition_density
E,10.0,78.53981633974483,2.5,4.908738521234052,0.1,0.6,0.6 g/cm^3,19.473684210526315,3600.0,5.409356725146199,9.015594541910332,derived_from_throughput,0.11479011490058728,1.1479011490058728,3.3157894736842106,spot_diameter,2.5,0.38061985467036835,0.15224794186814733,0.15224794186814733,0.49087385212340523,0.2945243112740431,294.5243112740431,0.04484072022160664,44.840720221606645,1.1210180055401662,1121.018005540166,0.976580611066564,976.5806110665641,44.840720221606645,throughput_acquisition_density
E,10.0,78.53981633974483,2.5,4.908738521234052,0.1,0.6,0.6 g/cm^3,19.473684210526315,3600.0,5.409356725146199,9.015594541910332,derived_from_throughput,0.11479011490058728,1.1479011490058728,3.526315789473684,spot_diameter,2.5,0.4047861946494394,0.16191447785977575,0.16191447785977575,0.49087385212340523,0.2945243112740431,294.5243112740431,0.047687750076946755,47.687750076946756,1.1921937519236687,1192.1937519236687,1.0385857292295204,1038.5857292295204,47.687750076946756,throughput_acquisition_density
E,10.0,78.53981633974483,2.5,4.908738521234052,0.1,0.6,0.6 g/cm^3,19.473684210526315,3600.0,5.409356725146199,9.015594541910332,derived_from_throughput,0.11479011490058728,1.1479011490058728,3.7368421052631575,spot_diameter,2.5,0.42895253462851035,0.17158101385140415,0.17158101385140415,0.49087385212340523,0.2945243112740431,294.5243112740431,0.050534779932286854,50.53477993228685,1.2633694983071713,1263.3694983071712,1.1005908473924768,1100.590847392477,50.53477993228685,throughput_acquisition_density
E,10.0,78.53981633974483,2.5,4.908738521234052,0.1,0.6,0.6 g/cm^3,19.473684210526315,3600.0,5.409356725146199,9.015594541910332,derived_from_throughput,0.11479011490058728,1.1479011490058728,3.9473684210526314,spot_diameter,2.5,0.4531188746075814,0.18124754984303254,0.18124754984303254,0.49087385212340523,0.2945243112740431,294.5243112740431,0.05338180978762696,53.381809787626956,1.334545244690674,1334.545244690674,1.1625959655554332,1162.5959655554332,53.381809787626956,throughput_acquisition_density
E,10.0,78.53981633974483,2.5,4.908738521234052,0.1,0.6,0.6 g/cm^3,19.473684210526315,3600.0,5.409356725146199,9.015594541910332,derived_from_throughput,0.11479011490058728,1.1479011490058728,4.157894736842105,spot_diameter,2.5,0.4772852145866524,0.19091408583466096,0.19091408583466096,0.49087385212340523,0.2945243112740431,294.5243112740431,0.05622883964296707,56.228839642967074,1.4057209910741768,1405.7209910741767,1.2246010837183898,1224.6010837183899,56.228839642967074,throughput_acquisition_density
E,10.0,78.53981633974483,2.5,4.908738521234052,0.1,0.6,0.6 g/cm^3,19.473684210526315,3600.0,5.409356725146199,9.015594541910332,derived_from_throughput,0.11479011490058728,1.1479011490058728,4.368421052631579,spot_diameter,2.5,0.5014515545657233,0.20058062182628933,0.20058062182628933,0.49087385212340523,0.2945243112740431,294.5243112740431,0.05907586949830716,59.07586949830716,1.4768967374576794,1476.8967374576794,1.2866062018813462,1286.6062018813461,59.07586949830716,throughput_acquisition_density
E,10.0,78.53981633974483,2.5,4.908738521234052,0.1,0.6,0.6 g/cm^3,19.473684210526315,3600.0,5.409356725146199,9.015594541910332,derived_from_throughput,0.11479011490058728,1.1479011490058728,4.578947368421052,spot_diameter,2.5,0.5256178945447944,0.21024715781791775,0.21024715781791775,0.49087385212340523,0.2945243112740431,294.5243112740431,0.061922899353647275,61.922899353647274,1.5480724838411817,1548.0724838411816,1.3486113200443026,1348.6113200443026,61.922899353647274,throughput_acquisition_density
E,10.0,78.53981633974483,2.5,4.908738521234052,0.1,0.6,0.6 g/cm^3,19.473684210526315,3600.0,5.409356725146199,9.015594541910332,derived_from_throughput,0.11479011490058728,1.1479011490058728,4.789473684210526,spot_diameter,2.5,0.5497842345238654,0.21991369380954615,0.21991369380954615,0.49087385212340523,0.2945243112740431,294.5243112740431,0.06476992920898737,64.76992920898738,1.6192482302246842,1619.2482302246842,1.4106164382072588,1410.6164382072589,64.76992920898738,throughput_acquisition_density
E,10.0,78.53981633974483,2.5,4.908738521234052,0.1,0.6,0.6 g/cm^3,19.473684210526315,3600.0,5.409356725146199,9.015594541910332,derived_from_throughput,0.11479011490058728,1.1479011490058728,5.0,spot_diameter,2.5,0.5739505745029364,0.22958022980117457,0.22958022980117457,0.49087385212340523,0.2945243112740431,294.5243112740431,0.06761695906432749,67.61695906432749,1.6904239766081872,1690.4239766081873,1.4726215563702154,1472.6215563702153,67.61695906432749,throughput_acquisition_density
E,10.0,78.53981633974483,2.5,4.908738521234052,0.1,0.6,0.6 g/cm^3,24.210526315789473,3600.0,6.7251461988304095,11.208576998050683,derived_from_throughput,0.14271203474127067,1.4271203474127068,1.0,spot_diameter,2.5,0.14271203474127067,0.05708481389650827,0.05708481389650827,0.49087385212340523,0.2945243112740431,294.5243112740431,0.016812865497076022,16.81286549707602,0.4203216374269006,420.3216374269006,0.2945243112740431,294.5243112740431,16.81286549707602,throughput_acquisition_density
E,10.0,78.53981633974483,2.5,4.908738521234052,0.1,0.6,0.6 g/cm^3,24.210526315789473,3600.0,6.7251461988304095,11.208576998050683,derived_from_throughput,0.14271203474127067,1.4271203474127068,1.2105263157894737,spot_diameter,2.5,0.17275667363416977,0.06910266945366791,0.06910266945366791,0.49087385212340523,0.2945243112740431,294.5243112740431,0.0203524161280394,20.3524161280394,0.5088104032009849,508.8104032009849,0.35652942943699956,356.5294294369996,20.3524161280394,throughput_acquisition_density
E,10.0,78.53981633974483,2.5,4.908738521234052,0.1,0.6,0.6 g/cm^3,24.210526315789473,3600.0,6.7251461988304095,11.208576998050683,derived_from_throughput,0.14271203474127067,1.4271203474127068,1.4210526315789473,spot_diameter,2.5,0.20280131252706884,0.08112052501082753,0.08112052501082753,0.49087385212340523,0.2945243112740431,294.5243112740431,0.023891966759002767,23.891966759002766,0.5972991689750693,597.2991689750693,0.418534547599956,418.534547599956,23.891966759002766,throughput_acquisition_density
E,10.0,78.53981633974483,2.5,4.908738521234052,0.1,0.6,0.6 g/cm^3,24.210526315789473,3600.0,6.7251461988304095,11.208576998050683,derived_from_throughput,0.14271203474127067,1.4271203474127068,1.631578947368421,spot_diameter,2.5,0.23284595141996794,0.09313838056798718,0.09313838056798718,0.49087385212340523,0.2945243112740431,294.5243112740431,0.02743151738996614,27.431517389966142,0.6857879347491536,685.7879347491536,0.4805396657629124,480.5396657629124,27.431517389966142,throughput_acquisition_density
E,10.0,78.53981633974483,2.5,4.908738521234052,0.1,0.6,0.6 g/cm^3,24.210526315789473,3600.0,6.7251461988304095,11.208576998050683,derived_from_throughput,0.14271203474127067,1.4271203474127068,1.8421052631578947,spot_diameter,2.5,0.26289059031286705,0.10515623612514682,0.10515623612514682,0.49087385212340523,0.2945243112740431,294.5243112740431,0.03097106802092952,30.97106802092952,0.7742767005232379,774.276700523238,0.5425447839258689,542.544783925869,30.97106802092952,throughput_acquisition_density
E,10.0,78.53981633974483,2.5,4.908738521234052,0.1,0.6,0.6 g/cm^3,24.210526315789473,3600.0,6.7251461988304095,11.208576998050683,derived_from_throughput,0.14271203474127067,1.4271203474127068,2.052631578947368,spot_diameter,2.5,0.2929352292057661,0.11717409168230644,0.11717409168230644,0.49087385212340523,0.2945243112740431,294.5243112740431,0.03451061865189289,34.510618651892884,0.8627654662973222,862.7654662973222,0.6045499020888252,604.5499020888252,34.510618651892884,throughput_acquisition_density
E,10.0,78.53981633974483,2.5,4.908738521234052,0.1,0.6,0.6 g/cm^3,24.210526315789473,3600.0,6.7251461988304095,11.208576998050683,derived_from_throughput,0.14271203474127067,1.4271203474127068,2.263157894736842,spot_diameter,2.5,0.3229798680986652,0.1291919472394661,0.1291919472394661,0.49087385212340523,0.2945243112740431,294.5243112740431,0.03805016928285626,38.05016928285626,0.9512542320714066,951.2542320714066,0.6665550202517817,666.5550202517817,38.05016928285626,throughput_acquisition_density
E,10.0,78.53981633974483,2.5,4.908738521234052,0.1,0.6,0.6 g/cm^3,24.210526315789473,3600.0,6.7251461988304095,11.208576998050683,derived_from_throughput,0.14271203474127067,1.4271203474127068,2.473684210526316,spot_diameter,2.5,0.3530245069915643,0.1412098027966257,0.1412098027966257,0.49087385212340523,0.2945243112740431,294.5243112740431,0.04158971991381963,41.58971991381963,1.039742997845491,1039.7429978454911,0.7285601384147382,728.5601384147382,41.58971991381963,throughput_acquisition_density
E,10.0,78.53981633974483,2.5,4.908738521234052,0.1,0.6,0.6 g/cm^3,24.210526315789473,3600.0,6.7251461988304095,11.208576998050683,derived_from_throughput,0.14271203474127067,1.4271203474127068,2.6842105263157894,spot_diameter,2.5,0.3830691458844634,0.15322765835378535,0.15322765835378535,0.49087385212340523,0.2945243112740431,294.5243112740431,0.04512927054478301,45.12927054478301,1.1282317636195753,1128.2317636195753,0.7905652565776946,790.5652565776946,45.12927054478301,throughput_acquisition_density
E,10.0,78.53981633974483,2.5,4.908738521234052,0.1,0.6,0.6 g/cm^3,24.210526315789473,3600.0,6.7251461988304095,11.208576998050683,derived_from_throughput,0.14271203474127067,1.4271203474127068,2.894736842105263,spot_diameter,2.5,0.41311378477736244,0.16524551391094497,0.16524551391094497,0.49087385212340523,0.2945243112740431,294.5243112740431,0.04866882117574638,48.66882117574637,1.2167205293936594,1216.7205293936595,0.852570374740651,852.570374740651,48.66882117574637,throughput_acquisition_density
E,10.0,78.53981633974483,2.5,4.908738521234052,0.1,0.6,0.6 g/cm^3,24.210526315789473,3600.0,6.7251461988304095,11.208576998050683,derived_from_throughput,0.14271203474127067,1.4271203474127068,3.1052631578947367,spot_diameter,2.5,0.44315842367026154,0.17726336946810461,0.17726336946810461,0.49087385212340523,0.2945243112740431,294.5243112740431,0.05220837180670975,52.20837180670975,1.3052092951677439,1305.209295167744,0.9145754929036075,914.5754929036075,52.20837180670975,throughput_acquisition_density
E,10.0,78.53981633974483,2.5,4.908738521234052,0.1,0.6,0.6 g/cm^3,24.210526315789473,3600.0,6.7251461988304095,11.208576998050683,derived_from_throughput,0.14271203474127067,1.4271203474127068,3.3157894736842106,spot_diameter,2.5,0.47320306256316064,0.18928122502526426,0.18928122502526426,0.49087385212340523,0.2945243112740431,294.5243112740431,0.055747922437673125,55.747922437673125,1.3936980609418284,1393.6980609418283,0.976580611066564,976.5806110665641,55.747922437673125,throughput_acquisition_density
E,10.0,78.53981633974483,2.5,4.908738521234052,0.1,0.6,0.6 g/cm^3,24.210526315789473,3600.0,6.7251461988304095,11.208576998050683,derived_from_throughput,0.14271203474127067,1.4271203474127068,3.526315789473684,spot_diameter,2.5,0.5032477014560597,0.20129908058242388,0.20129908058242388,0.49087385212340523,0.2945243112740431,294.5243112740431,0.0592874730686365,59.2874730686365,1.4821868267159126,1482.1868267159127,1.0385857292295204,1038.5857292295204,59.2874730686365,throughput_acquisition_density
E,10.0,78.53981633974483,2.5,4.908738521234052,0.1,0.6,0.6 g/cm^3,24.210526315789473,3600.0,6.7251461988304095,11.208576998050683,derived_from_throughput,0.14271203474127067,1.4271203474127068,3.7368421052631575,spot_diameter,2.5,0.5332923403489588,0.21331693613958352,0.21331693613958352,0.49087385212340523,0.2945243112740431,294.5243112740431,0.06282702369959987,62.82702369959988,1.5706755924899969,1570.675592489997,1.1005908473924768,1100.590847392477,62.82702369959988,throughput_acquisition_density
E,10.0,78.53981633974483,2.5,4.908738521234052,0.1,0.6,0.6 g/cm^3,24.210526315789473,3600.0,6.7251461988304095,11.208576998050683,derived_from_throughput,0.14271203474127067,1.4271203474127068,3.9473684210526314,spot_diameter,2.5,0.5633369792418579,0.22533479169674314,0.22533479169674314,0.49087385212340523,0.2945243112740431,294.5243112740431,0.06636657433056324,66.36657433056324,1.6591643582640812,1659.164358264081,1.1625959655554332,1162.5959655554332,66.36657433056324,throughput_acquisition_density
E,10.0,78.53981633974483,2.5,4.908738521234052,0.1,0.6,0.6 g/cm^3,24.210526315789473,3600.0,6.7251461988304095,11.208576998050683,derived_from_throughput,0.14271203474127067,1.4271203474127068,4.157894736842105,spot_diameter,2.5,0.593381618134757,0.2373526472539028,0.2373526472539028,0.49087385212340523,0.2945243112740431,294.5243112740431,0.06990612496152662,69.90612496152663,1.7476531240381656,1747.6531240381657,1.2246010837183898,1224.6010837183899,69.90612496152663,throughput_acquisition_density
E,10.0,78.53981633974483,2.5,4.908738521234052,0.1,0.6,0.6 g/cm^3,24.210526315789473,3600.0,6.7251461988304095,11.208576998050683,derived_from_throughput,0.14271203474127067,1.4271203474127068,4.368421052631579,spot_diameter,2.5,0.6234262570276561,0.24937050281106243,0.24937050281106243,0.49087385212340523,0.2945243112740431,294.5243112740431,0.07344567559248999,73.44567559248999,1.83614188981225,1836.14188981225,1.2866062018813462,1286.6062018813461,73.44567559248999,throughput_acquisition_density
E,10.0,78.53981633974483,2.5,4.908738521234052,0.1,0.6,0.6 g/cm^3,24.210526315789473,3600.0,6.7251461988304095,11.208576998050683,derived_from_throughput,0.14271203474127067,1.4271203474127068,4.578947368421052,spot_diameter,2.5,0.6534708959205551,0.26138835836822205,0.26138835836822205,0.49087385212340523,0.2945243112740431,294.5243112740431,0.07698522622345336,76.98522622345335,1.9246306555863342,1924.6306555863341,1.3486113200443026,1348.6113200443026,76.98522622345335,throughput_acquisition_density
E,10.0,78.53981633974483,2.5,4.908738521234052,0.1,0.6,0.6 g/cm^3,24.210526315789473,3600.0,6.7251461988304095,11.208576998050683,derived_from_throughput,0.14271203474127067,1.4271203474127068,4.789473684210526,spot_diameter,2.5,0.6835155348134542,0.27340621392538167,0.27340621392538167,0.49087385212340523,0.2945243112740431,294.5243112740431,0.08052477685441672,80.52477685441673,2.013119421360418,2013.1194213604183,1.4106164382072588,1410.6164382072589,80.52477685441673,throughput_acquisition_density
E,10.0,78.53981633974483,2.5,4.908738521234052,0.1,0.6,0.6 g/cm^3,24.210526315789473,3600.0,6.7251461988304095,11.208576998050683,derived_from_throughput,0.14271203474127067,1.4271203474127068,5.0,spot_diameter,2.5,0.7135601737063534,0.28542406948254134,0.28542406948254134,0.49087385212340523,0.2945243112740431,294.5243112740431,0.08406432748538012,84.06432748538012,2.101608187134503,2101.608187134503,1.4726215563702154,1472.6215563702153,84.06432748538012,throughput_acquisition_density
E,10.0,78.53981633974483,2.5,4.908738521234052,0.1,0.6,0.6 g/cm^3,28.94736842105263,3600.0,8.04093567251462,13.401559454191032,derived_from_throughput,0.17063395458195404,1.7063395458195405,1.0,spot_diameter,2.5,0.17063395458195404,0.06825358183278162,0.06825358183278162,0.49087385212340523,0.2945243112740431,294.5243112740431,0.020102339181286545,20.102339181286546,0.5025584795321637,502.5584795321637,0.2945243112740431,294.5243112740431,20.102339181286546,throughput_acquisition_density
E,10.0,78.53981633974483,2.5,4.908738521234052,0.1,0.6,0.6 g/cm^3,28.94736842105263,3600.0,8.04093567251462,13.401559454191032,derived_from_throughput,0.17063395458195404,1.7063395458195405,1.2105263157894737,spot_diameter,2.5,0.20655689238868122,0.08262275695547248,0.08262275695547248,0.49087385212340523,0.2945243112740431,294.5243112740431,0.02433441058787319,24.334410587873187,0.6083602646968297,608.3602646968297,0.35652942943699956,356.5294294369996,24.334410587873187,throughput_acquisition_density
E,10.0,78.53981633974483,2.5,4.908738521234052,0.1,0.6,0.6 g/cm^3,28.94736842105263,3600.0,8.04093567251462,13.401559454191032,derived_from_throughput,0.17063395458195404,1.7063395458195405,1.4210526315789473,spot_diameter,2.5,0.24247983019540836,0.09699193207816334,0.09699193207816334,0.49087385212340523,0.2945243112740431,294.5243112740431,0.028566481994459825,28.566481994459824,0.7141620498614958,714.1620498614958,0.418534547599956,418.534547599956,28.566481994459824,throughput_acquisition_density
E,10.0,78.53981633974483,2.5,4.908738521234052,0.1,0.6,0.6 g/cm^3,28.94736842105263,3600.0,8.04093567251462,13.401559454191032,derived_from_throughput,0.17063395458195404,1.7063395458195405,1.631578947368421,spot_diameter,2.5,0.27840276800213554,0.11136110720085421,0.11136110720085421,0.49087385212340523,0.2945243112740431,294.5243112740431,0.03279855340104647,32.79855340104647,0.8199638350261618,819.9638350261617,0.4805396657629124,480.5396657629124,32.79855340104647,throughput_acquisition_density
E,10.0,78.53981633974483,2.5,4.908738521234052,0.1,0.6,0.6 g/cm^3,28.94736842105263,3600.0,8.04093567251462,13.401559454191032,derived_from_throughput,0.17063395458195404,1.7063395458195405,1.8421052631578947,spot_diameter,2.5,0.3143257058088627,0.12573028232354508,0.12573028232354508,0.49087385212340523,0.2945243112740431,294.5243112740431,0.03703062480763311,37.03062480763311,0.9257656201908279,925.7656201908279,0.5425447839258689,542.544783925869,37.03062480763311,throughput_acquisition_density
E,10.0,78.53981633974483,2.5,4.908738521234052,0.1,0.6,0.6 g/cm^3,28.94736842105263,3600.0,8.04093567251462,13.401559454191032,derived_from_throughput,0.17063395458195404,1.7063395458195405,2.052631578947368,spot_diameter,2.5,0.3502486436155898,0.14009945744623592,0.14009945744623592,0.49087385212340523,0.2945243112740431,294.5243112740431,0.04126269621421975,41.262696214219744,1.0315674053554937,1031.5674053554937,0.6045499020888252,604.5499020888252,41.262696214219744,throughput_acquisition_density
E,10.0,78.53981633974483,2.5,4.908738521234052,0.1,0.6,0.6 g/cm^3,28.94736842105263,3600.0,8.04093567251462,13.401559454191032,derived_from_throughput,0.17063395458195404,1.7063395458195405,2.263157894736842,spot_diameter,2.5,0.38617158142231706,0.15446863256892682,0.15446863256892682,0.49087385212340523,0.2945243112740431,294.5243112740431,0.0454947676208064,45.4947676208064,1.13736919052016,1137.36919052016,0.6665550202517817,666.5550202517817,45.4947676208064,throughput_acquisition_density
E,10.0,78.53981633974483,2.5,4.908738521234052,0.1,0.6,0.6 g/cm^3,28.94736842105263,3600.0,8.04093567251462,13.401559454191032,derived_from_throughput,0.17063395458195404,1.7063395458195405,2.473684210526316,spot_diameter,2.5,0.42209451922904423,0.1688378076916177,0.1688378076916177,0.49087385212340523,0.2945243112740431,294.5243112740431,0.049726839027393034,49.726839027393034,1.2431709756848262,1243.170975684826,0.7285601384147382,728.5601384147382,49.726839027393034,throughput_acquisition_density
E,10.0,78.53981633974483,2.5,4.908738521234052,0.1,0.6,0.6 g/cm^3,28.94736842105263,3600.0,8.04093567251462,13.401559454191032,derived_from_throughput,0.17063395458195404,1.7063395458195405,2.6842105263157894,spot_diameter,2.5,0.45801745703577135,0.18320698281430853,0.18320698281430853,0.49087385212340523,0.2945243112740431,294.5243112740431,0.05395891043397967,53.95891043397967,1.348972760849492,1348.9727608494918,0.7905652565776946,790.5652565776946,53.95891043397967,throughput_acquisition_density
E,10.0,78.53981633974483,2.5,4.908738521234052,0.1,0.6,0.6 g/cm^3,28.94736842105263,3600.0,8.04093567251462,13.401559454191032,derived_from_throughput,0.17063395458195404,1.7063395458195405,2.894736842105263,spot_diameter,2.5,0.4939403948424985,0.1975761579369994,0.1975761579369994,0.49087385212340523,0.2945243112740431,294.5243112740431,0.058190981840566314,58.190981840566316,1.454774546014158,1454.774546014158,0.852570374740651,852.570374740651,58.190981840566316,throughput_acquisition_density
E,10.0,78.53981633974483,2.5,4.908738521234052,0.1,0.6,0.6 g/cm^3,28.94736842105263,3600.0,8.04093567251462,13.401559454191032,derived_from_throughput,0.17063395458195404,1.7063395458195405,3.1052631578947367,spot_diameter,2.5,0.5298633326492257,0.21194533305969027,0.21194533305969027,0.49087385212340523,0.2945243112740431,294.5243112740431,0.06242305324715296,62.42305324715296,1.560576331178824,1560.5763311788241,0.9145754929036075,914.5754929036075,62.42305324715296,throughput_acquisition_density
E,10.0,78.53981633974483,2.5,4.908738521234052,0.1,0.6,0.6 g/cm^3,28.94736842105263,3600.0,8.04093567251462,13.401559454191032,derived_from_throughput,0.17063395458195404,1.7063395458195405,3.3157894736842106,spot_diameter,2.5,0.5657862704559529,0.22631450818238114,0.22631450818238114,0.49087385212340523,0.2945243112740431,294.5243112740431,0.0666551246537396,66.6551246537396,1.6663781163434903,1666.3781163434903,0.976580611066564,976.5806110665641,66.6551246537396,throughput_acquisition_density
E,10.0,78.53981633974483,2.5,4.908738521234052,0.1,0.6,0.6 g/cm^3,28.94736842105263,3600.0,8.04093567251462,13.401559454191032,derived_from_throughput,0.17063395458195404,1.7063395458195405,3.526315789473684,spot_diameter,2.5,0.60170920826268,0.240683683305072,0.240683683305072,0.49087385212340523,0.2945243112740431,294.5243112740431,0.07088719606032624,70.88719606032625,1.772179901508156,1772.179901508156,1.0385857292295204,1038.5857292295204,70.88719606032625,throughput_acquisition_density
E,10.0,78.53981633974483,2.5,4.908738521234052,0.1,0.6,0.6 g/cm^3,28.94736842105263,3600.0,8.04093567251462,13.401559454191032,derived_from_throughput,0.17063395458195404,1.7063395458195405,3.7368421052631575,spot_diameter,2.5,0.6376321460694071,0.2550528584277628,0.2550528584277628,0.49087385212340523,0.2945243112740431,294.5243112740431,0.07511926746691286,75.11926746691286,1.877981686672822,1877.981686672822,1.1005908473924768,1100.590847392477,75.11926746691286,throughput_acquisition_density
E,10.0,78.53981633974483,2.5,4.908738521234052,0.1,0.6,0.6 g/cm^3,28.94736842105263,3600.0,8.04093567251462,13.401559454191032,derived_from_throughput,0.17063395458195404,1.7063395458195405,3.9473684210526314,spot_diameter,2.5,0.6735550838761344,0.26942203355045374,0.26942203355045374,0.49087385212340523,0.2945243112740431,294.5243112740431,0.07935133887349952,79.35133887349951,1.9837834718374883,1983.7834718374884,1.1625959655554332,1162.5959655554332,79.35133887349951,throughput_acquisition_density
E,10.0,78.53981633974483,2.5,4.908738521234052,0.1,0.6,0.6 g/cm^3,28.94736842105263,3600.0,8.04093567251462,13.401559454191032,derived_from_throughput,0.17063395458195404,1.7063395458195405,4.157894736842105,spot_diameter,2.5,0.7094780216828616,0.2837912086731446,0.2837912086731446,0.49087385212340523,0.2945243112740431,294.5243112740431,0.08358341028008616,83.58341028008616,2.0895852570021543,2089.5852570021543,1.2246010837183898,1224.6010837183899,83.58341028008616,throughput_acquisition_density
E,10.0,78.53981633974483,2.5,4.908738521234052,0.1,0.6,0.6 g/cm^3,28.94736842105263,3600.0,8.04093567251462,13.401559454191032,derived_from_throughput,0.17063395458195404,1.7063395458195405,4.368421052631579,spot_diameter,2.5,0.7454009594895887,0.2981603837958355,0.2981603837958355,0.49087385212340523,0.2945243112740431,294.5243112740431,0.0878154816866728,87.8154816866728,2.1953870421668205,2195.3870421668203,1.2866062018813462,1286.6062018813461,87.8154816866728,throughput_acquisition_density
E,10.0,78.53981633974483,2.5,4.908738521234052,0.1,0.6,0.6 g/cm^3,28.94736842105263,3600.0,8.04093567251462,13.401559454191032,derived_from_throughput,0.17063395458195404,1.7063395458195405,4.578947368421052,spot_diameter,2.5,0.7813238972963158,0.3125295589185263,0.3125295589185263,0.49087385212340523,0.2945243112740431,294.5243112740431,0.09204755309325943,92.04755309325944,2.301188827331486,2301.188827331486,1.3486113200443026,1348.6113200443026,92.04755309325944,throughput_acquisition_density
E,10.0,78.53981633974483,2.5,4.908738521234052,0.1,0.6,0.6 g/cm^3,28.94736842105263,3600.0,8.04093567251462,13.401559454191032,derived_from_throughput,0.17063395458195404,1.7063395458195405,4.789473684210526,spot_diameter,2.5,0.817246835103043,0.32689873404121716,0.32689873404121716,0.49087385212340523,0.2945243112740431,294.5243112740431,0.09627962449984608,96.27962449984608,2.406990612496152,2406.990612496152,1.4106164382072588,1410.6164382072589,96.27962449984608,throughput_acquisition_density
E,10.0,78.53981633974483,2.5,4.908738521234052,0.1,0.6,0.6 g/cm^3,28.94736842105263,3600.0,8.04093567251462,13.401559454191032,derived_from_throughput,0.17063395458195404,1.7063395458195405,5.0,spot_diameter,2.5,0.8531697729097703,0.3412679091639081,0.3412679091639081,0.49087385212340523,0.2945243112740431,294.5243112740431,0.10051169590643273,100.51169590643273,2.5127923976608186,2512.7923976608186,1.4726215563702154,1472.6215563702153,100.51169590643273,throughput_acquisition_density
E,10.0,78.53981633974483,2.5,4.908738521234052,0.1,0.6,0.6 g/cm^3,33.68421052631579,3600.0,9.35672514619883,15.594541910331383,derived_from_throughput,0.19855587442263745,1.9855587442263745,1.0,spot_diameter,2.5,0.19855587442263745,0.07942234976905498,0.07942234976905498,0.49087385212340523,0.2945243112740431,294.5243112740431,0.023391812865497075,23.391812865497073,0.5847953216374269,584.7953216374269,0.2945243112740431,294.5243112740431,23.391812865497073,throughput_acquisition_density
E,10.0,78.53981633974483,2.5,4.908738521234052,0.1,0.6,0.6 g/cm^3,33.68421052631579,3600.0,9.35672514619883,15.594541910331383,derived_from_throughput,0.19855587442263745,1.9855587442263745,1.2105263157894737,spot_diameter,2.5,0.2403571111431927,0.09614284445727708,0.09614284445727708,0.49087385212340523,0.2945243112740431,294.5243112740431,0.028316405047706984,28.316405047706983,0.7079101261926746,707.9101261926746,0.35652942943699956,356.5294294369996,28.316405047706983,throughput_acquisition_density
E,10.0,78.53981633974483,2.5,4.908738521234052,0.1,0.6,0.6 g/cm^3,33.68421052631579,3600.0,9.35672514619883,15.594541910331383,derived_from_throughput,0.19855587442263745,1.9855587442263745,1.4210526315789473,spot_diameter,2.5,0.28215834786374794,0.11286333914549918,0.11286333914549918,0.49087385212340523,0.2945243112740431,294.5243112740431,0.03324099722991689,33.24099722991689,0.8310249307479224,831.0249307479224,0.418534547599956,418.534547599956,33.24099722991689,throughput_acquisition_density
E,10.0,78.53981633974483,2.5,4.908738521234052,0.1,0.6,0.6 g/cm^3,33.68421052631579,3600.0,9.35672514619883,15.594541910331383,derived_from_throughput,0.19855587442263745,1.9855587442263745,1.631578947368421,spot_diameter,2.5,0.3239595845843032,0.12958383383372127,0.12958383383372127,0.49087385212340523,0.2945243112740431,294.5243112740431,0.0381655894121268,38.1655894121268,0.9541397353031701,954.1397353031701,0.4805396657629124,480.5396657629124,38.1655894121268,throughput_acquisition_density
E,10.0,78.53981633974483,2.5,4.908738521234052,0.1,0.6,0.6 g/cm^3,33.68421052631579,3600.0,9.35672514619883,15.594541910331383,derived_from_throughput,0.19855587442263745,1.9855587442263745,1.8421052631578947,spot_diameter,2.5,0.36576082130485843,0.14630432852194336,0.14630432852194336,0.49087385212340523,0.2945243112740431,294.5243112740431,0.04309018159433671,43.09018159433671,1.077254539858418,1077.254539858418,0.5425447839258689,542.544783925869,43.09018159433671,throughput_acquisition_density
E,10.0,78.53981633974483,2.5,4.908738521234052,0.1,0.6,0.6 g/cm^3,33.68421052631579,3600.0,9.35672514619883,15.594541910331383,derived_from_throughput,0.19855587442263745,1.9855587442263745,2.052631578947368,spot_diameter,2.5,0.4075620580254137,0.16302482321016548,0.16302482321016548,0.49087385212340523,0.2945243112740431,294.5243112740431,0.04801477377654662,48.01477377654662,1.2003693444136656,1200.3693444136657,0.6045499020888252,604.5499020888252,48.01477377654662,throughput_acquisition_density
E,10.0,78.53981633974483,2.5,4.908738521234052,0.1,0.6,0.6 g/cm^3,33.68421052631579,3600.0,9.35672514619883,15.594541910331383,derived_from_throughput,0.19855587442263745,1.9855587442263745,2.263157894736842,spot_diameter,2.5,0.4493632947459689,0.17974531789838757,0.17974531789838757,0.49087385212340523,0.2945243112740431,294.5243112740431,0.052939365958756535,52.93936595875653,1.3234841489689133,1323.4841489689134,0.6665550202517817,666.5550202517817,52.93936595875653,throughput_acquisition_density
E,10.0,78.53981633974483,2.5,4.908738521234052,0.1,0.6,0.6 g/cm^3,33.68421052631579,3600.0,9.35672514619883,15.594541910331383,derived_from_throughput,0.19855587442263745,1.9855587442263745,2.473684210526316,spot_diameter,2.5,0.4911645314665242,0.1964658125866097,0.1964658125866097,0.49087385212340523,0.2945243112740431,294.5243112740431,0.05786395814096645,57.863958140966446,1.4465989535241612,1446.5989535241613,0.7285601384147382,728.5601384147382,57.863958140966446,throughput_acquisition_density
E,10.0,78.53981633974483,2.5,4.908738521234052,0.1,0.6,0.6 g/cm^3,33.68421052631579,3600.0,9.35672514619883,15.594541910331383,derived_from_throughput,0.19855587442263745,1.9855587442263745,2.6842105263157894,spot_diameter,2.5,0.5329657681870794,0.21318630727483176,0.21318630727483176,0.49087385212340523,0.2945243112740431,294.5243112740431,0.06278855032317635,62.788550323176345,1.569713758079409,1569.713758079409,0.7905652565776946,790.5652565776946,62.788550323176345,throughput_acquisition_density
E,10.0,78.53981633974483,2.5,4.908738521234052,0.1,0.6,0.6 g/cm^3,33.68421052631579,3600.0,9.35672514619883,15.594541910331383,derived_from_throughput,0.19855587442263745,1.9855587442263745,2.894736842105263,spot_diameter,2.5,0.5747670049076347,0.22990680196305385,0.22990680196305385,0.49087385212340523,0.2945243112740431,294.5243112740431,0.06771314250538625,67.71314250538624,1.6928285626346566,1692.8285626346567,0.852570374740651,852.570374740651,67.71314250538624,throughput_acquisition_density
E,10.0,78.53981633974483,2.5,4.908738521234052,0.1,0.6,0.6 g/cm^3,33.68421052631579,3600.0,9.35672514619883,15.594541910331383,derived_from_throughput,0.19855587442263745,1.9855587442263745,3.1052631578947367,spot_diameter,2.5,0.6165682416281899,0.24662729665127597,0.24662729665127597,0.49087385212340523,0.2945243112740431,294.5243112740431,0.07263773468759617,72.63773468759616,1.8159433671899043,1815.9433671899044,0.9145754929036075,914.5754929036075,72.63773468759616,throughput_acquisition_density
E,10.0,78.53981633974483,2.5,4.908738521234052,0.1,0.6,0.6 g/cm^3,33.68421052631579,3600.0,9.35672514619883,15.594541910331383,derived_from_throughput,0.19855587442263745,1.9855587442263745,3.3157894736842106,spot_diameter,2.5,0.6583694783487453,0.2633477913394981,0.2633477913394981,0.49087385212340523,0.2945243112740431,294.5243112740431,0.07756232686980609,77.56232686980609,1.9390581717451523,1939.0581717451523,0.976580611066564,976.5806110665641,77.56232686980609,throughput_acquisition_density
E,10.0,78.53981633974483,2.5,4.908738521234052,0.1,0.6,0.6 g/cm^3,33.68421052631579,3600.0,9.35672514619883,15.594541910331383,derived_from_throughput,0.19855587442263745,1.9855587442263745,3.526315789473684,spot_diameter,2.5,0.7001707150693004,0.28006828602772016,0.28006828602772016,0.49087385212340523,0.2945243112740431,294.5243112740431,0.082486919052016,82.48691905201599,2.0621729763004,2062.1729763004,1.0385857292295204,1038.5857292295204,82.48691905201599,throughput_acquisition_density
E,10.0,78.53981633974483,2.5,4.908738521234052,0.1,0.6,0.6 g/cm^3,33.68421052631579,3600.0,9.35672514619883,15.594541910331383,derived_from_throughput,0.19855587442263745,1.9855587442263745,3.7368421052631575,spot_diameter,2.5,0.7419719517898556,0.2967887807159423,0.2967887807159423,0.49087385212340523,0.2945243112740431,294.5243112740431,0.0874115112342259,87.4115112342259,2.1852877808556475,2185.2877808556473,1.1005908473924768,1100.590847392477,87.4115112342259,throughput_acquisition_density
E,10.0,78.53981633974483,2.5,4.908738521234052,0.1,0.6,0.6 g/cm^3,33.68421052631579,3600.0,9.35672514619883,15.594541910331383,derived_from_throughput,0.19855587442263745,1.9855587442263745,3.9473684210526314,spot_diameter,2.5,0.7837731885104109,0.31350927540416434,0.31350927540416434,0.49087385212340523,0.2945243112740431,294.5243112740431,0.0923361034164358,92.3361034164358,2.3084025854108954,2308.4025854108954,1.1625959655554332,1162.5959655554332,92.3361034164358,throughput_acquisition_density
E,10.0,78.53981633974483,2.5,4.908738521234052,0.1,0.6,0.6 g/cm^3,33.68421052631579,3600.0,9.35672514619883,15.594541910331383,derived_from_throughput,0.19855587442263745,1.9855587442263745,4.157894736842105,spot_diameter,2.5,0.8255744252309662,0.3302297700923865,0.3302297700923865,0.49087385212340523,0.2945243112740431,294.5243112740431,0.09726069559864574,97.26069559864574,2.4315173899661433,2431.517389966143,1.2246010837183898,1224.6010837183899,97.26069559864574,throughput_acquisition_density
E,10.0,78.53981633974483,2.5,4.908738521234052,0.1,0.6,0.6 g/cm^3,33.68421052631579,3600.0,9.35672514619883,15.594541910331383,derived_from_throughput,0.19855587442263745,1.9855587442263745,4.368421052631579,spot_diameter,2.5,0.8673756619515215,0.3469502647806086,0.3469502647806086,0.49087385212340523,0.2945243112740431,294.5243112740431,0.10218528778085564,102.18528778085565,2.554632194521391,2554.632194521391,1.2866062018813462,1286.6062018813461,102.18528778085565,throughput_acquisition_density
E,10.0,78.53981633974483,2.5,4.908738521234052,0.1,0.6,0.6 g/cm^3,33.68421052631579,3600.0,9.35672514619883,15.594541910331383,derived_from_throughput,0.19855587442263745,1.9855587442263745,4.578947368421052,spot_diameter,2.5,0.9091768986720766,0.36367075946883065,0.36367075946883065,0.49087385212340523,0.2945243112740431,294.5243112740431,0.10710987996306554,107.10987996306554,2.6777469990766387,2677.7469990766385,1.3486113200443026,1348.6113200443026,107.10987996306554,throughput_acquisition_density
E,10.0,78.53981633974483,2.5,4.908738521234052,0.1,0.6,0.6 g/cm^3,33.68421052631579,3600.0,9.35672514619883,15.594541910331383,derived_from_throughput,0.19855587442263745,1.9855587442263745,4.789473684210526,spot_diameter,2.5,0.9509781353926319,0.38039125415705277,0.38039125415705277,0.49087385212340523,0.2945243112740431,294.5243112740431,0.11203447214527545,112.03447214527546,2.800861803631886,2800.8618036318862,1.4106164382072588,1410.6164382072589,112.03447214527546,throughput_acquisition_density
E,10.0,78.53981633974483,2.5,4.908738521234052,0.1,0.6,0.6 g/cm^3,33.68421052631579,3600.0,9.35672514619883,15.594541910331383,derived_from_throughput,0.19855587442263745,1.9855587442263745,5.0,spot_diameter,2.5,0.9927793721131872,0.3971117488452749,0.3971117488452749,0.49087385212340523,0.2945243112740431,294.5243112740431,0.11695906432748537,116.95906432748538,2.923976608187134,2923.976608187134,1.4726215563702154,1472.6215563702153,116.95906432748538,throughput_acquisition_density
E,10.0,78.53981633974483,2.5,4.908738521234052,0.1,0.6,0.6 g/cm^3,38.421052631578945,3600.0,10.67251461988304,17.787524366471736,derived_from_throughput,0.22647779426332085,2.2647779426332084,1.0,spot_diameter,2.5,0.22647779426332085,0.09059111770532834,0.09059111770532834,0.49087385212340523,0.2945243112740431,294.5243112740431,0.0266812865497076,26.6812865497076,0.66703216374269,667.03216374269,0.2945243112740431,294.5243112740431,26.6812865497076,throughput_acquisition_density
E,10.0,78.53981633974483,2.5,4.908738521234052,0.1,0.6,0.6 g/cm^3,38.421052631578945,3600.0,10.67251461988304,17.787524366471736,derived_from_throughput,0.22647779426332085,2.2647779426332084,1.2105263157894737,spot_diameter,2.5,0.2741573298977042,0.10966293195908168,0.10966293195908168,0.49087385212340523,0.2945243112740431,294.5243112740431,0.032298399507540786,32.298399507540786,0.8074599876885195,807.4599876885195,0.35652942943699956,356.5294294369996,32.298399507540786,throughput_acquisition_density
E,10.0,78.53981633974483,2.5,4.908738521234052,0.1,0.6,0.6 g/cm^3,38.421052631578945,3600.0,10.67251461988304,17.787524366471736,derived_from_throughput,0.22647779426332085,2.2647779426332084,1.4210526315789473,spot_diameter,2.5,0.3218368655320875,0.128734746212835,0.128734746212835,0.49087385212340523,0.2945243112740431,294.5243112740431,0.03791551246537396,37.91551246537396,0.947887811634349,947.887811634349,0.418534547599956,418.534547599956,37.91551246537396,throughput_acquisition_density
E,10.0,78.53981633974483,2.5,4.908738521234052,0.1,0.6,0.6 g/cm^3,38.421052631578945,3600.0,10.67251461988304,17.787524366471736,derived_from_throughput,0.22647779426332085,2.2647779426332084,1.631578947368421,spot_diameter,2.5,0.36951640116647083,0.14780656046658833,0.14780656046658833,0.49087385212340523,0.2945243112740431,294.5243112740431,0.043532625423207134,43.532625423207136,1.0883156355801784,1088.3156355801784,0.4805396657629124,480.5396657629124,43.532625423207136,throughput_acquisition_density
E,10.0,78.53981633974483,2.5,4.908738521234052,0.1,0.6,0.6 g/cm^3,38.421052631578945,3600.0,10.67251461988304,17.787524366471736,derived_from_throughput,0.22647779426332085,2.2647779426332084,1.8421052631578947,spot_diameter,2.5,0.4171959368008542,0.16687837472034167,0.16687837472034167,0.49087385212340523,0.2945243112740431,294.5243112740431,0.049149738381040316,49.149738381040315,1.2287434595260078,1228.7434595260079,0.5425447839258689,542.544783925869,49.149738381040315,throughput_acquisition_density
E,10.0,78.53981633974483,2.5,4.908738521234052,0.1,0.6,0.6 g/cm^3,38.421052631578945,3600.0,10.67251461988304,17.787524366471736,derived_from_throughput,0.22647779426332085,2.2647779426332084,2.052631578947368,spot_diameter,2.5,0.46487547243523747,0.185950188974095,0.185950188974095,0.49087385212340523,0.2945243112740431,294.5243112740431,0.05476685133887349,54.766851338873494,1.3691712834718373,1369.1712834718373,0.6045499020888252,604.5499020888252,54.766851338873494,throughput_acquisition_density
E,10.0,78.53981633974483,2.5,4.908738521234052,0.1,0.6,0.6 g/cm^3,38.421052631578945,3600.0,10.67251461988304,17.787524366471736,derived_from_throughput,0.22647779426332085,2.2647779426332084,2.263157894736842,spot_diameter,2.5,0.5125550080696208,0.20502200322784833,0.20502200322784833,0.49087385212340523,0.2945243112740431,294.5243112740431,0.06038396429670667,60.38396429670667,1.509599107417667,1509.5991074176668,0.6665550202517817,666.5550202517817,60.38396429670667,throughput_acquisition_density
E,10.0,78.53981633974483,2.5,4.908738521234052,0.1,0.6,0.6 g/cm^3,38.421052631578945,3600.0,10.67251461988304,17.787524366471736,derived_from_throughput,0.22647779426332085,2.2647779426332084,2.473684210526316,spot_diameter,2.5,0.5602345437040043,0.2240938174816017,0.2240938174816017,0.49087385212340523,0.2945243112740431,294.5243112740431,0.06600107725453987,66.00107725453987,1.6500269313634965,1650.0269313634965,0.7285601384147382,728.5601384147382,66.00107725453987,throughput_acquisition_density
E,10.0,78.53981633974483,2.5,4.908738521234052,0.1,0.6,0.6 g/cm^3,38.421052631578945,3600.0,10.67251461988304,17.787524366471736,derived_from_throughput,0.22647779426332085,2.2647779426332084,2.6842105263157894,spot_diameter,2.5,0.6079140793383875,0.243165631735355,0.243165631735355,0.49087385212340523,0.2945243112740431,294.5243112740431,0.07161819021237303,71.61819021237304,1.7904547553093257,1790.4547553093257,0.7905652565776946,790.5652565776946,71.61819021237304,throughput_acquisition_density
E,10.0,78.53981633974483,2.5,4.908738521234052,0.1,0.6,0.6 g/cm^3,38.421052631578945,3600.0,10.67251461988304,17.787524366471736,derived_from_throughput,0.22647779426332085,2.2647779426332084,2.894736842105263,spot_diameter,2.5,0.6555936149727708,0.2622374459891083,0.2622374459891083,0.49087385212340523,0.2945243112740431,294.5243112740431,0.0772353031702062,77.23530317020621,1.9308825792551552,1930.8825792551552,0.852570374740651,852.570374740651,77.23530317020621,throughput_acquisition_density
E,10.0,78.53981633974483,2.5,4.908738521234052,0.1,0.6,0.6 g/cm^3,38.421052631578945,3600.0,10.67251461988304,17.787524366471736,derived_from_throughput,0.22647779426332085,2.2647779426332084,3.1052631578947367,spot_diameter,2.5,0.7032731506071542,0.2813092602428617,0.2813092602428617,0.49087385212340523,0.2945243112740431,294.5243112740431,0.0828524161280394,82.8524161280394,2.0713104032009846,2071.3104032009846,0.9145754929036075,914.5754929036075,82.8524161280394,throughput_acquisition_density
E,10.0,78.53981633974483,2.5,4.908738521234052,0.1,0.6,0.6 g/cm^3,38.421052631578945,3600.0,10.67251461988304,17.787524366471736,derived_from_throughput,0.22647779426332085,2.2647779426332084,3.3157894736842106,spot_diameter,2.5,0.7509526862415375,0.300381074496615,0.300381074496615,0.49087385212340523,0.2945243112740431,294.5243112740431,0.08846952908587256,88.46952908587257,2.2117382271468142,2211.738227146814,0.976580611066564,976.5806110665641,88.46952908587257,throughput_acquisition_density
E,10.0,78.53981633974483,2.5,4.908738521234052,0.1,0.6,0.6 g/cm^3,38.421052631578945,3600.0,10.67251461988304,17.787524366471736,derived_from_throughput,0.22647779426332085,2.2647779426332084,3.526315789473684,spot_diameter,2.5,0.7986322218759209,0.31945288875036837,0.31945288875036837,0.49087385212340523,0.2945243112740431,294.5243112740431,0.09408664204370576,94.08664204370577,2.352166051092644,2352.166051092644,1.0385857292295204,1038.5857292295204,94.08664204370577,throughput_acquisition_density
E,10.0,78.53981633974483,2.5,4.908738521234052,0.1,0.6,0.6 g/cm^3,38.421052631578945,3600.0,10.67251461988304,17.787524366471736,derived_from_throughput,0.22647779426332085,2.2647779426332084,3.7368421052631575,spot_diameter,2.5,0.8463117575103042,0.3385247030041217,0.3385247030041217,0.49087385212340523,0.2945243112740431,294.5243112740431,0.09970375500153893,99.70375500153892,2.492593875038473,2492.593875038473,1.1005908473924768,1100.590847392477,99.70375500153892,throughput_acquisition_density
E,10.0,78.53981633974483,2.5,4.908738521234052,0.1,0.6,0.6 g/cm^3,38.421052631578945,3600.0,10.67251461988304,17.787524366471736,derived_from_throughput,0.22647779426332085,2.2647779426332084,3.9473684210526314,spot_diameter,2.5,0.8939912931446875,0.357596517257875,0.357596517257875,0.49087385212340523,0.2945243112740431,294.5243112740431,0.10532086795937211,105.32086795937211,2.6330216989843027,2633.021698984303,1.1625959655554332,1162.5959655554332,105.32086795937211,throughput_acquisition_density
E,10.0,78.53981633974483,2.5,4.908738521234052,0.1,0.6,0.6 g/cm^3,38.421052631578945,3600.0,10.67251461988304,17.787524366471736,derived_from_throughput,0.22647779426332085,2.2647779426332084,4.157894736842105,spot_diameter,2.5,0.9416708287790709,0.3766683315116284,0.3766683315116284,0.49087385212340523,0.2945243112740431,294.5243112740431,0.11093798091720529,110.9379809172053,2.7734495229301324,2773.4495229301324,1.2246010837183898,1224.6010837183899,110.9379809172053,throughput_acquisition_density
E,10.0,78.53981633974483,2.5,4.908738521234052,0.1,0.6,0.6 g/cm^3,38.421052631578945,3600.0,10.67251461988304,17.787524366471736,derived_from_throughput,0.22647779426332085,2.2647779426332084,4.368421052631579,spot_diameter,2.5,0.9893503644134541,0.39574014576538163,0.39574014576538163,0.49087385212340523,0.2945243112740431,294.5243112740431,0.11655509387503846,116.55509387503845,2.9138773468759616,2913.8773468759614,1.2866062018813462,1286.6062018813461,116.55509387503845,throughput_acquisition_density
E,10.0,78.53981633974483,2.5,4.908738521234052,0.1,0.6,0.6 g/cm^3,38.421052631578945,3600.0,10.67251461988304,17.787524366471736,derived_from_throughput,0.22647779426332085,2.2647779426332084,4.578947368421052,spot_diameter,2.5,1.0370299000478376,0.414811960019135,0.414811960019135,0.49087385212340523,0.2945243112740431,294.5243112740431,0.12217220683287164,122.17220683287164,3.0543051708217908,3054.305170821791,1.3486113200443026,1348.6113200443026,122.17220683287164,throughput_acquisition_density
E,10.0,78.53981633974483,2.5,4.908738521234052,0.1,0.6,0.6 g/cm^3,38.421052631578945,3600.0,10.67251461988304,17.787524366471736,derived_from_throughput,0.22647779426332085,2.2647779426332084,4.789473684210526,spot_diameter,2.5,1.0847094356822207,0.43388377427288827,0.43388377427288827,0.49087385212340523,0.2945243112740431,294.5243112740431,0.1277893197907048,127.7893197907048,3.1947329947676204,3194.7329947676203,1.4106164382072588,1410.6164382072589,127.7893197907048,throughput_acquisition_density
E,10.0,78.53981633974483,2.5,4.908738521234052,0.1,0.6,0.6 g/cm^3,38.421052631578945,3600.0,10.67251461988304,17.787524366471736,derived_from_throughput,0.22647779426332085,2.2647779426332084,5.0,spot_diameter,2.5,1.1323889713166042,0.4529555885266417,0.4529555885266417,0.49087385212340523,0.2945243112740431,294.5243112740431,0.133406432748538,133.406432748538,3.33516081871345,3335.16081871345,1.4726215563702154,1472.6215563702153,133.406432748538,throughput_acquisition_density
E,10.0,78.53981633974483,2.5,4.908738521234052,0.1,0.6,0.6 g/cm^3,43.1578947368421,3600.0,11.98830409356725,19.98050682261208,derived_from_throughput,0.2543997141040042,2.543997141040042,1.0,spot_diameter,2.5,0.2543997141040042,0.10175988564160168,0.10175988564160168,0.49087385212340523,0.2945243112740431,294.5243112740431,0.029970760233918124,29.970760233918124,0.7492690058479531,749.269005847953,0.2945243112740431,294.5243112740431,29.970760233918124,throughput_acquisition_density
E,10.0,78.53981633974483,2.5,4.908738521234052,0.1,0.6,0.6 g/cm^3,43.1578947368421,3600.0,11.98830409356725,19.98050682261208,derived_from_throughput,0.2543997141040042,2.543997141040042,1.2105263157894737,spot_diameter,2.5,0.3079575486522156,0.12318301946088624,0.12318301946088624,0.49087385212340523,0.2945243112740431,294.5243112740431,0.03628039396737457,36.28039396737457,0.9070098491843642,907.0098491843643,0.35652942943699956,356.5294294369996,36.28039396737457,throughput_acquisition_density
E,10.0,78.53981633974483,2.5,4.908738521234052,0.1,0.6,0.6 g/cm^3,43.1578947368421,3600.0,11.98830409356725,19.98050682261208,derived_from_throughput,0.2543997141040042,2.543997141040042,1.4210526315789473,spot_diameter,2.5,0.36151538320042703,0.14460615328017082,0.14460615328017082,0.49087385212340523,0.2945243112740431,294.5243112740431,0.04259002770083102,42.59002770083102,1.0647506925207755,1064.7506925207754,0.418534547599956,418.534547599956,42.59002770083102,throughput_acquisition_density
E,10.0,78.53981633974483,2.5,4.908738521234052,0.1,0.6,0.6 g/cm^3,43.1578947368421,3600.0,11.98830409356725,19.98050682261208,derived_from_throughput,0.2543997141040042,2.543997141040042,1.631578947368421,spot_diameter,2.5,0.4150732177486384,0.16602928709945536,0.16602928709945536,0.49087385212340523,0.2945243112740431,294.5243112740431,0.04889966143428746,48.89966143428746,1.2224915358571866,1222.4915358571866,0.4805396657629124,480.5396657629124,48.89966143428746,throughput_acquisition_density
E,10.0,78.53981633974483,2.5,4.908738521234052,0.1,0.6,0.6 g/cm^3,43.1578947368421,3600.0,11.98830409356725,19.98050682261208,derived_from_throughput,0.2543997141040042,2.543997141040042,1.8421052631578947,spot_diameter,2.5,0.4686310522968498,0.18745242091873993,0.18745242091873993,0.49087385212340523,0.2945243112740431,294.5243112740431,0.05520929516774391,55.20929516774391,1.3802323791935978,1380.2323791935978,0.5425447839258689,542.544783925869,55.20929516774391,throughput_acquisition_density
E,10.0,78.53981633974483,2.5,4.908738521234052,0.1,0.6,0.6 g/cm^3,43.1578947368421,3600.0,11.98830409356725,19.98050682261208,derived_from_throughput,0.2543997141040042,2.543997141040042,2.052631578947368,spot_diameter,2.5,0.5221888868450612,0.20887555473802447,0.20887555473802447,0.49087385212340523,0.2945243112740431,294.5243112740431,0.061518928901200344,61.51892890120035,1.5379732225300087,1537.9732225300086,0.6045499020888252,604.5499020888252,61.51892890120035,throughput_acquisition_density
E,10.0,78.53981633974483,2.5,4.908738521234052,0.1,0.6,0.6 g/cm^3,43.1578947368421,3600.0,11.98830409356725,19.98050682261208,derived_from_throughput,0.2543997141040042,2.543997141040042,2.263157894736842,spot_diameter,2.5,0.5757467213932727,0.23029868855730906,0.23029868855730906,0.49087385212340523,0.2945243112740431,294.5243112740431,0.06782856263465681,67.8285626346568,1.69571406586642,1695.71406586642,0.6665550202517817,666.5550202517817,67.8285626346568,throughput_acquisition_density
E,10.0,78.53981633974483,2.5,4.908738521234052,0.1,0.6,0.6 g/cm^3,43.1578947368421,3600.0,11.98830409356725,19.98050682261208,derived_from_throughput,0.2543997141040042,2.543997141040042,2.473684210526316,spot_diameter,2.5,0.629304555941484,0.25172182237659363,0.25172182237659363,0.49087385212340523,0.2945243112740431,294.5243112740431,0.07413819636811325,74.13819636811326,1.8534549092028314,1853.4549092028315,0.7285601384147382,728.5601384147382,74.13819636811326,throughput_acquisition_density
E,10.0,78.53981633974483,2.5,4.908738521234052,0.1,0.6,0.6 g/cm^3,43.1578947368421,3600.0,11.98830409356725,19.98050682261208,derived_from_throughput,0.2543997141040042,2.543997141040042,2.6842105263157894,spot_diameter,2.5,0.6828623904896954,0.2731449561958782,0.2731449561958782,0.49087385212340523,0.2945243112740431,294.5243112740431,0.0804478301015697,80.44783010156969,2.0111957525392423,2011.1957525392422,0.7905652565776946,790.5652565776946,80.44783010156969,throughput_acquisition_density
E,10.0,78.53981633974483,2.5,4.908738521234052,0.1,0.6,0.6 g/cm^3,43.1578947368421,3600.0,11.98830409356725,19.98050682261208,derived_from_throughput,0.2543997141040042,2.543997141040042,2.894736842105263,spot_diameter,2.5,0.7364202250379068,0.2945680900151627,0.2945680900151627,0.49087385212340523,0.2945243112740431,294.5243112740431,0.08675746383502612,86.75746383502613,2.1689365958756532,2168.9365958756534,0.852570374740651,852.570374740651,86.75746383502613,throughput_acquisition_density
E,10.0,78.53981633974483,2.5,4.908738521234052,0.1,0.6,0.6 g/cm^3,43.1578947368421,3600.0,11.98830409356725,19.98050682261208,derived_from_throughput,0.2543997141040042,2.543997141040042,3.1052631578947367,spot_diameter,2.5,0.7899780595861182,0.3159912238344473,0.3159912238344473,0.49087385212340523,0.2945243112740431,294.5243112740431,0.09306709756848258,93.06709756848258,2.3266774392120646,2326.6774392120647,0.9145754929036075,914.5754929036075,93.06709756848258,throughput_acquisition_density
E,10.0,78.53981633974483,2.5,4.908738521234052,0.1,0.6,0.6 g/cm^3,43.1578947368421,3600.0,11.98830409356725,19.98050682261208,derived_from_throughput,0.2543997141040042,2.543997141040042,3.3157894736842106,spot_diameter,2.5,0.8435358941343297,0.3374143576537319,0.3374143576537319,0.49087385212340523,0.2945243112740431,294.5243112740431,0.09937673130193904,99.37673130193905,2.484418282548476,2484.418282548476,0.976580611066564,976.5806110665641,99.37673130193905,throughput_acquisition_density
E,10.0,78.53981633974483,2.5,4.908738521234052,0.1,0.6,0.6 g/cm^3,43.1578947368421,3600.0,11.98830409356725,19.98050682261208,derived_from_throughput,0.2543997141040042,2.543997141040042,3.526315789473684,spot_diameter,2.5,0.8970937286825411,0.35883749147301647,0.35883749147301647,0.49087385212340523,0.2945243112740431,294.5243112740431,0.1056863650353955,105.6863650353955,2.642159125884887,2642.159125884887,1.0385857292295204,1038.5857292295204,105.6863650353955,throughput_acquisition_density
E,10.0,78.53981633974483,2.5,4.908738521234052,0.1,0.6,0.6 g/cm^3,43.1578947368421,3600.0,11.98830409356725,19.98050682261208,derived_from_throughput,0.2543997141040042,2.543997141040042,3.7368421052631575,spot_diameter,2.5,0.9506515632307524,0.380260625292301,0.380260625292301,0.49087385212340523,0.2945243112740431,294.5243112740431,0.11199599876885193,111.99599876885192,2.7998999692212982,2799.8999692212983,1.1005908473924768,1100.590847392477,111.99599876885192,throughput_acquisition_density
E,10.0,78.53981633974483,2.5,4.908738521234052,0.1,0.6,0.6 g/cm^3,43.1578947368421,3600.0,11.98830409356725,19.98050682261208,derived_from_throughput,0.2543997141040042,2.543997141040042,3.9473684210526314,spot_diameter,2.5,1.004209397778964,0.40168375911158555,0.40168375911158555,0.49087385212340523,0.2945243112740431,294.5243112740431,0.11830563250230837,118.30563250230837,2.9576408125577096,2957.6408125577095,1.1625959655554332,1162.5959655554332,118.30563250230837,throughput_acquisition_density
E,10.0,78.53981633974483,2.5,4.908738521234052,0.1,0.6,0.6 g/cm^3,43.1578947368421,3600.0,11.98830409356725,19.98050682261208,derived_from_throughput,0.2543997141040042,2.543997141040042,4.157894736842105,spot_diameter,2.5,1.0577672323271754,0.42310689293087017,0.42310689293087017,0.49087385212340523,0.2945243112740431,294.5243112740431,0.12461526623576484,124.61526623576484,3.115381655894121,3115.381655894121,1.2246010837183898,1224.6010837183899,124.61526623576484,throughput_acquisition_density
E,10.0,78.53981633974483,2.5,4.908738521234052,0.1,0.6,0.6 g/cm^3,43.1578947368421,3600.0,11.98830409356725,19.98050682261208,derived_from_throughput,0.2543997141040042,2.543997141040042,4.368421052631579,spot_diameter,2.5,1.1113250668753867,0.4445300267501547,0.4445300267501547,0.49087385212340523,0.2945243112740431,294.5243112740431,0.13092489996922127,130.92489996922126,3.273122499230532,3273.122499230532,1.2866062018813462,1286.6062018813461,130.92489996922126,throughput_acquisition_density
E,10.0,78.53981633974483,2.5,4.908738521234052,0.1,0.6,0.6 g/cm^3,43.1578947368421,3600.0,11.98830409356725,19.98050682261208,derived_from_throughput,0.2543997141040042,2.543997141040042,4.578947368421052,spot_diameter,2.5,1.164882901423598,0.4659531605694392,0.4659531605694392,0.49087385212340523,0.2945243112740431,294.5243112740431,0.13723453370267769,137.23453370267768,3.430863342566943,3430.8633425669427,1.3486113200443026,1348.6113200443026,137.23453370267768,throughput_acquisition_density
E,10.0,78.53981633974483,2.5,4.908738521234052,0.1,0.6,0.6 g/cm^3,43.1578947368421,3600.0,11.98830409356725,19.98050682261208,derived_from_throughput,0.2543997141040042,2.543997141040042,4.789473684210526,spot_diameter,2.5,1.2184407359718095,0.48737629438872376,0.48737629438872376,0.49087385212340523,0.2945243112740431,294.5243112740431,0.14354416743613416,143.54416743613416,3.5886041859033537,3588.604185903354,1.4106164382072588,1410.6164382072589,143.54416743613416,throughput_acquisition_density
E,10.0,78.53981633974483,2.5,4.908738521234052,0.1,0.6,0.6 g/cm^3,43.1578947368421,3600.0,11.98830409356725,19.98050682261208,derived_from_throughput,0.2543997141040042,2.543997141040042,5.0,spot_diameter,2.5,1.271998570520021,0.5087994282080084,0.5087994282080084,0.49087385212340523,0.2945243112740431,294.5243112740431,0.1498538011695906,149.8538011695906,3.7463450292397655,3746.3450292397656,1.4726215563702154,1472.6215563702153,149.8538011695906,throughput_acquisition_density
E,10.0,78.53981633974483,2.5,4.908738521234052,0.1,0.6,0.6 g/cm^3,47.89473684210526,3600.0,13.304093567251462,22.173489278752438,derived_from_throughput,0.2823216339446876,2.8232163394468763,1.0,spot_diameter,2.5,0.2823216339446876,0.11292865357787504,0.11292865357787504,0.49087385212340523,0.2945243112740431,294.5243112740431,0.03326023391812865,33.26023391812865,0.8315058479532164,831.5058479532164,0.2945243112740431,294.5243112740431,33.26023391812865,throughput_acquisition_density
E,10.0,78.53981633974483,2.5,4.908738521234052,0.1,0.6,0.6 g/cm^3,47.89473684210526,3600.0,13.304093567251462,22.173489278752438,derived_from_throughput,0.2823216339446876,2.8232163394468763,1.2105263157894737,spot_diameter,2.5,0.34175776740672714,0.13670310696269086,0.13670310696269086,0.49087385212340523,0.2945243112740431,294.5243112740431,0.040262388427208376,40.26238842720838,1.0065597106802093,1006.5597106802094,0.35652942943699956,356.5294294369996,40.26238842720838,throughput_acquisition_density
E,10.0,78.53981633974483,2.5,4.908738521234052,0.1,0.6,0.6 g/cm^3,47.89473684210526,3600.0,13.304093567251462,22.173489278752438,derived_from_throughput,0.2823216339446876,2.8232163394468763,1.4210526315789473,spot_diameter,2.5,0.4011939008687666,0.16047756034750665,0.16047756034750665,0.49087385212340523,0.2945243112740431,294.5243112740431,0.04726454293628809,47.26454293628809,1.1816135734072022,1181.6135734072022,0.418534547599956,418.534547599956,47.26454293628809,throughput_acquisition_density
E,10.0,78.53981633974483,2.5,4.908738521234052,0.1,0.6,0.6 g/cm^3,47.89473684210526,3600.0,13.304093567251462,22.173489278752438,derived_from_throughput,0.2823216339446876,2.8232163394468763,1.631578947368421,spot_diameter,2.5,0.4606300343308061,0.18425201373232244,0.18425201373232244,0.49087385212340523,0.2945243112740431,294.5243112740431,0.0542666974453678,54.266697445367804,1.356667436134195,1356.667436134195,0.4805396657629124,480.5396657629124,54.266697445367804,throughput_acquisition_density
E,10.0,78.53981633974483,2.5,4.908738521234052,0.1,0.6,0.6 g/cm^3,47.89473684210526,3600.0,13.304093567251462,22.173489278752438,derived_from_throughput,0.2823216339446876,2.8232163394468763,1.8421052631578947,spot_diameter,2.5,0.5200661677928456,0.20802646711713826,0.20802646711713826,0.49087385212340523,0.2945243112740431,294.5243112740431,0.06126885195444752,61.26885195444752,1.531721298861188,1531.721298861188,0.5425447839258689,542.544783925869,61.26885195444752,throughput_acquisition_density
E,10.0,78.53981633974483,2.5,4.908738521234052,0.1,0.6,0.6 g/cm^3,47.89473684210526,3600.0,13.304093567251462,22.173489278752438,derived_from_throughput,0.2823216339446876,2.8232163394468763,2.052631578947368,spot_diameter,2.5,0.579502301254885,0.231800920501954,0.231800920501954,0.49087385212340523,0.2945243112740431,294.5243112740431,0.06827100646352723,68.27100646352723,1.7067751615881808,1706.7751615881807,0.6045499020888252,604.5499020888252,68.27100646352723,throughput_acquisition_density
E,10.0,78.53981633974483,2.5,4.908738521234052,0.1,0.6,0.6 g/cm^3,47.89473684210526,3600.0,13.304093567251462,22.173489278752438,derived_from_throughput,0.2823216339446876,2.8232163394468763,2.263157894736842,spot_diameter,2.5,0.6389384347169246,0.2555753738867698,0.2555753738867698,0.49087385212340523,0.2945243112740431,294.5243112740431,0.07527316097260695,75.27316097260695,1.8818290243151738,1881.829024315174,0.6665550202517817,666.5550202517817,75.27316097260695,throughput_acquisition_density
E,10.0,78.53981633974483,2.5,4.908738521234052,0.1,0.6,0.6 g/cm^3,47.89473684210526,3600.0,13.304093567251462,22.173489278752438,derived_from_throughput,0.2823216339446876,2.8232163394468763,2.473684210526316,spot_diameter,2.5,0.6983745681789642,0.27934982727158564,0.27934982727158564,0.49087385212340523,0.2945243112740431,294.5243112740431,0.08227531548168666,82.27531548168666,2.0568828870421667,2056.8828870421667,0.7285601384147382,728.5601384147382,82.27531548168666,throughput_acquisition_density
E,10.0,78.53981633974483,2.5,4.908738521234052,0.1,0.6,0.6 g/cm^3,47.89473684210526,3600.0,13.304093567251462,22.173489278752438,derived_from_throughput,0.2823216339446876,2.8232163394468763,2.6842105263157894,spot_diameter,2.5,0.7578107016410036,0.30312428065640146,0.30312428065640146,0.49087385212340523,0.2945243112740431,294.5243112740431,0.08927746999076638,89.27746999076638,2.23193674976916,2231.9367497691596,0.7905652565776946,790.5652565776946,89.27746999076638,throughput_acquisition_density
E,10.0,78.53981633974483,2.5,4.908738521234052,0.1,0.6,0.6 g/cm^3,47.89473684210526,3600.0,13.304093567251462,22.173489278752438,derived_from_throughput,0.2823216339446876,2.8232163394468763,2.894736842105263,spot_diameter,2.5,0.8172468351030431,0.3268987340412172,0.3268987340412172,0.49087385212340523,0.2945243112740431,294.5243112740431,0.09627962449984609,96.2796244998461,2.4069906124961524,2406.9906124961526,0.852570374740651,852.570374740651,96.2796244998461,throughput_acquisition_density
E,10.0,78.53981633974483,2.5,4.908738521234052,0.1,0.6,0.6 g/cm^3,47.89473684210526,3600.0,13.304093567251462,22.173489278752438,derived_from_throughput,0.2823216339446876,2.8232163394468763,3.1052631578947367,spot_diameter,2.5,0.8766829685650825,0.35067318742603304,0.35067318742603304,0.49087385212340523,0.2945243112740431,294.5243112740431,0.10328177900892581,103.28177900892581,2.5820444752231455,2582.0444752231456,0.9145754929036075,914.5754929036075,103.28177900892581,throughput_acquisition_density
E,10.0,78.53981633974483,2.5,4.908738521234052,0.1,0.6,0.6 g/cm^3,47.89473684210526,3600.0,13.304093567251462,22.173489278752438,derived_from_throughput,0.2823216339446876,2.8232163394468763,3.3157894736842106,spot_diameter,2.5,0.9361191020271221,0.37444764081084886,0.37444764081084886,0.49087385212340523,0.2945243112740431,294.5243112740431,0.11028393351800554,110.28393351800554,2.7570983379501386,2757.0983379501386,0.976580611066564,976.5806110665641,110.28393351800554,throughput_acquisition_density
E,10.0,78.53981633974483,2.5,4.908738521234052,0.1,0.6,0.6 g/cm^3,47.89473684210526,3600.0,13.304093567251462,22.173489278752438,derived_from_throughput,0.2823216339446876,2.8232163394468763,3.526315789473684,spot_diameter,2.5,0.9955552354891616,0.3982220941956646,0.3982220941956646,0.49087385212340523,0.2945243112740431,294.5243112740431,0.11728608802708525,117.28608802708524,2.9321522006771312,2932.152200677131,1.0385857292295204,1038.5857292295204,117.28608802708524,throughput_acquisition_density
E,10.0,78.53981633974483,2.5,4.908738521234052,0.1,0.6,0.6 g/cm^3,47.89473684210526,3600.0,13.304093567251462,22.173489278752438,derived_from_throughput,0.2823216339446876,2.8232163394468763,3.7368421052631575,spot_diameter,2.5,1.054991368951201,0.4219965475804804,0.4219965475804804,0.49087385212340523,0.2945243112740431,294.5243112740431,0.12428824253616495,124.28824253616496,3.107206063404124,3107.206063404124,1.1005908473924768,1100.590847392477,124.28824253616496,throughput_acquisition_density
E,10.0,78.53981633974483,2.5,4.908738521234052,0.1,0.6,0.6 g/cm^3,47.89473684210526,3600.0,13.304093567251462,22.173489278752438,derived_from_throughput,0.2823216339446876,2.8232163394468763,3.9473684210526314,spot_diameter,2.5,1.1144275024132406,0.44577100096529626,0.44577100096529626,0.49087385212340523,0.2945243112740431,294.5243112740431,0.13129039704524467,131.29039704524467,3.282259926131117,3282.259926131117,1.1625959655554332,1162.5959655554332,131.29039704524467,throughput_acquisition_density
E,10.0,78.53981633974483,2.5,4.908738521234052,0.1,0.6,0.6 g/cm^3,47.89473684210526,3600.0,13.304093567251462,22.173489278752438,derived_from_throughput,0.2823216339446876,2.8232163394468763,4.157894736842105,spot_diameter,2.5,1.17386363587528,0.469545454350112,0.469545454350112,0.49087385212340523,0.2945243112740431,294.5243112740431,0.13829255155432438,138.29255155432438,3.45731378885811,3457.31378885811,1.2246010837183898,1224.6010837183899,138.29255155432438,throughput_acquisition_density
E,10.0,78.53981633974483,2.5,4.908738521234052,0.1,0.6,0.6 g/cm^3,47.89473684210526,3600.0,13.304093567251462,22.173489278752438,derived_from_throughput,0.2823216339446876,2.8232163394468763,4.368421052631579,spot_diameter,2.5,1.2332997693373196,0.49331990773492784,0.49331990773492784,0.49087385212340523,0.2945243112740431,294.5243112740431,0.1452947060634041,145.2947060634041,3.632367651585103,3632.367651585103,1.2866062018813462,1286.6062018813461,145.2947060634041,throughput_acquisition_density
E,10.0,78.53981633974483,2.5,4.908738521234052,0.1,0.6,0.6 g/cm^3,47.89473684210526,3600.0,13.304093567251462,22.173489278752438,derived_from_throughput,0.2823216339446876,2.8232163394468763,4.578947368421052,spot_diameter,2.5,1.292735902799359,0.5170943611197436,0.5170943611197436,0.49087385212340523,0.2945243112740431,294.5243112740431,0.15229686057248382,152.2968605724838,3.8074215143120957,3807.421514312096,1.3486113200443026,1348.6113200443026,152.2968605724838,throughput_acquisition_density
E,10.0,78.53981633974483,2.5,4.908738521234052,0.1,0.6,0.6 g/cm^3,47.89473684210526,3600.0,13.304093567251462,22.173489278752438,derived_from_throughput,0.2823216339446876,2.8232163394468763,4.789473684210526,spot_diameter,2.5,1.3521720362613985,0.5408688145045594,0.5408688145045594,0.49087385212340523,0.2945243112740431,294.5243112740431,0.15929901508156352,159.2990150815635,3.9824753770390884,3982.4753770390885,1.4106164382072588,1410.6164382072589,159.2990150815635,throughput_acquisition_density
E,10.0,78.53981633974483,2.5,4.908738521234052,0.1,0.6,0.6 g/cm^3,47.89473684210526,3600.0,13.304093567251462,22.173489278752438,derived_from_throughput,0.2823216339446876,2.8232163394468763,5.0,spot_diameter,2.5,1.4116081697234382,0.5646432678893752,0.5646432678893752,0.49087385212340523,0.2945243112740431,294.5243112740431,0.16630116959064326,166.30116959064327,4.157529239766082,4157.529239766082,1.4726215563702154,1472.6215563702153,166.30116959064327,throughput_acquisition_density
E,10.0,78.53981633974483,2.5,4.908738521234052,0.1,0.6,0.6 g/cm^3,52.63157894736842,3600.0,14.619883040935672,24.366471734892787,derived_from_throughput,0.310243553785371,3.10243553785371,1.0,spot_diameter,2.5,0.310243553785371,0.1240974215141484,0.1240974215141484,0.49087385212340523,0.2945243112740431,294.5243112740431,0.03654970760233918,36.54970760233918,0.9137426900584795,913.7426900584795,0.2945243112740431,294.5243112740431,36.54970760233918,throughput_acquisition_density
E,10.0,78.53981633974483,2.5,4.908738521234052,0.1,0.6,0.6 g/cm^3,52.63157894736842,3600.0,14.619883040935672,24.366471734892787,derived_from_throughput,0.310243553785371,3.10243553785371,1.2105263157894737,spot_diameter,2.5,0.3755579861612386,0.15022319446449545,0.15022319446449545,0.49087385212340523,0.2945243112740431,294.5243112740431,0.04424438288704217,44.24438288704217,1.106109572176054,1106.1095721760541,0.35652942943699956,356.5294294369996,44.24438288704217,throughput_acquisition_density
E,10.0,78.53981633974483,2.5,4.908738521234052,0.1,0.6,0.6 g/cm^3,52.63157894736842,3600.0,14.619883040935672,24.366471734892787,derived_from_throughput,0.310243553785371,3.10243553785371,1.4210526315789473,spot_diameter,2.5,0.4408724185371061,0.17634896741484246,0.17634896741484246,0.49087385212340523,0.2945243112740431,294.5243112740431,0.05193905817174514,51.939058171745145,1.2984764542936287,1298.4764542936286,0.418534547599956,418.534547599956,51.939058171745145,throughput_acquisition_density
E,10.0,78.53981633974483,2.5,4.908738521234052,0.1,0.6,0.6 g/cm^3,52.63157894736842,3600.0,14.619883040935672,24.366471734892787,derived_from_throughput,0.310243553785371,3.10243553785371,1.631578947368421,spot_diameter,2.5,0.5061868509129738,0.2024747403651895,0.2024747403651895,0.49087385212340523,0.2945243112740431,294.5243112740431,0.05963373345644813,59.633733456448134,1.4908433364112035,1490.8433364112034,0.4805396657629124,480.5396657629124,59.633733456448134,throughput_acquisition_density
E,10.0,78.53981633974483,2.5,4.908738521234052,0.1,0.6,0.6 g/cm^3,52.63157894736842,3600.0,14.619883040935672,24.366471734892787,derived_from_throughput,0.310243553785371,3.10243553785371,1.8421052631578947,spot_diameter,2.5,0.5715012832888413,0.22860051331553652,0.22860051331553652,0.49087385212340523,0.2945243112740431,294.5243112740431,0.06732840874115112,67.32840874115112,1.683210218528778,1683.2102185287781,0.5425447839258689,542.544783925869,67.32840874115112,throughput_acquisition_density
E,10.0,78.53981633974483,2.5,4.908738521234052,0.1,0.6,0.6 g/cm^3,52.63157894736842,3600.0,14.619883040935672,24.366471734892787,derived_from_throughput,0.310243553785371,3.10243553785371,2.052631578947368,spot_diameter,2.5,0.6368157156647088,0.25472628626588356,0.25472628626588356,0.49087385212340523,0.2945243112740431,294.5243112740431,0.0750230840258541,75.0230840258541,1.8755771006463524,1875.5771006463524,0.6045499020888252,604.5499020888252,75.0230840258541,throughput_acquisition_density
E,10.0,78.53981633974483,2.5,4.908738521234052,0.1,0.6,0.6 g/cm^3,52.63157894736842,3600.0,14.619883040935672,24.366471734892787,derived_from_throughput,0.310243553785371,3.10243553785371,2.263157894736842,spot_diameter,2.5,0.7021301480405765,0.2808520592162306,0.2808520592162306,0.49087385212340523,0.2945243112740431,294.5243112740431,0.08271775931055708,82.71775931055708,2.067943982763927,2067.943982763927,0.6665550202517817,666.5550202517817,82.71775931055708,throughput_acquisition_density
E,10.0,78.53981633974483,2.5,4.908738521234052,0.1,0.6,0.6 g/cm^3,52.63157894736842,3600.0,14.619883040935672,24.366471734892787,derived_from_throughput,0.310243553785371,3.10243553785371,2.473684210526316,spot_diameter,2.5,0.767444580416444,0.3069778321665776,0.3069778321665776,0.49087385212340523,0.2945243112740431,294.5243112740431,0.09041243459526006,90.41243459526007,2.260310864881502,2260.310864881502,0.7285601384147382,728.5601384147382,90.41243459526007,throughput_acquisition_density
E,10.0,78.53981633974483,2.5,4.908738521234052,0.1,0.6,0.6 g/cm^3,52.63157894736842,3600.0,14.619883040935672,24.366471734892787,derived_from_throughput,0.310243553785371,3.10243553785371,2.6842105263157894,spot_diameter,2.5,0.8327590127923116,0.3331036051169246,0.3331036051169246,0.49087385212340523,0.2945243112740431,294.5243112740431,0.09810710987996304,98.10710987996305,2.4526777469990764,2452.6777469990766,0.7905652565776946,790.5652565776946,98.10710987996305,throughput_acquisition_density
E,10.0,78.53981633974483,2.5,4.908738521234052,0.1,0.6,0.6 g/cm^3,52.63157894736842,3600.0,14.619883040935672,24.366471734892787,derived_from_throughput,0.310243553785371,3.10243553785371,2.894736842105263,spot_diameter,2.5,0.8980734451681791,0.3592293780672716,0.3592293780672716,0.49087385212340523,0.2945243112740431,294.5243112740431,0.10580178516466603,105.80178516466603,2.645044629116651,2645.0446291166513,0.852570374740651,852.570374740651,105.80178516466603,throughput_acquisition_density
E,10.0,78.53981633974483,2.5,4.908738521234052,0.1,0.6,0.6 g/cm^3,52.63157894736842,3600.0,14.619883040935672,24.366471734892787,derived_from_throughput,0.310243553785371,3.10243553785371,3.1052631578947367,spot_diameter,2.5,0.9633878775440468,0.3853551510176187,0.3853551510176187,0.49087385212340523,0.2945243112740431,294.5243112740431,0.11349646044936902,113.49646044936902,2.837411511234226,2837.411511234226,0.9145754929036075,914.5754929036075,113.49646044936902,throughput_acquisition_density
E,10.0,78.53981633974483,2.5,4.908738521234052,0.1,0.6,0.6 g/cm^3,52.63157894736842,3600.0,14.619883040935672,24.366471734892787,derived_from_throughput,0.310243553785371,3.10243553785371,3.3157894736842106,spot_diameter,2.5,1.0287023099199144,0.41148092396796576,0.41148092396796576,0.49087385212340523,0.2945243112740431,294.5243112740431,0.12119113573407202,121.19113573407202,3.0297783933518008,3029.778393351801,0.976580611066564,976.5806110665641,121.19113573407202,throughput_acquisition_density
E,10.0,78.53981633974483,2.5,4.908738521234052,0.1,0.6,0.6 g/cm^3,52.63157894736842,3600.0,14.619883040935672,24.366471734892787,derived_from_throughput,0.310243553785371,3.10243553785371,3.526315789473684,spot_diameter,2.5,1.0940167422957818,0.4376066969183127,0.4376066969183127,0.49087385212340523,0.2945243112740431,294.5243112740431,0.12888581101877497,128.88581101877497,3.222145275469375,3222.145275469375,1.0385857292295204,1038.5857292295204,128.88581101877497,throughput_acquisition_density
E,10.0,78.53981633974483,2.5,4.908738521234052,0.1,0.6,0.6 g/cm^3,52.63157894736842,3600.0,14.619883040935672,24.366471734892787,derived_from_throughput,0.310243553785371,3.10243553785371,3.7368421052631575,spot_diameter,2.5,1.1593311746716495,0.4637324698686598,0.4637324698686598,0.49087385212340523,0.2945243112740431,294.5243112740431,0.13658048630347797,136.58048630347795,3.4145121575869495,3414.5121575869493,1.1005908473924768,1100.590847392477,136.58048630347795,throughput_acquisition_density
E,10.0,78.53981633974483,2.5,4.908738521234052,0.1,0.6,0.6 g/cm^3,52.63157894736842,3600.0,14.619883040935672,24.366471734892787,derived_from_throughput,0.310243553785371,3.10243553785371,3.9473684210526314,spot_diameter,2.5,1.2246456070475171,0.48985824281900686,0.48985824281900686,0.49087385212340523,0.2945243112740431,294.5243112740431,0.14427516158818096,144.27516158818096,3.6068790397045243,3606.879039704524,1.1625959655554332,1162.5959655554332,144.27516158818096,throughput_acquisition_density
E,10.0,78.53981633974483,2.5,4.908738521234052,0.1,0.6,0.6 g/cm^3,52.63157894736842,3600.0,14.619883040935672,24.366471734892787,derived_from_throughput,0.310243553785371,3.10243553785371,4.157894736842105,spot_diameter,2.5,1.2899600394233848,0.5159840157693539,0.5159840157693539,0.49087385212340523,0.2945243112740431,294.5243112740431,0.15196983687288396,151.96983687288395,3.799245921822099,3799.2459218220993,1.2246010837183898,1224.6010837183899,151.96983687288395,throughput_acquisition_density
E,10.0,78.53981633974483,2.5,4.908738521234052,0.1,0.6,0.6 g/cm^3,52.63157894736842,3600.0,14.619883040935672,24.366471734892787,derived_from_throughput,0.310243553785371,3.10243553785371,4.368421052631579,spot_diameter,2.5,1.3552744717992522,0.5421097887197008,0.5421097887197008,0.49087385212340523,0.2945243112740431,294.5243112740431,0.15966451215758692,159.66451215758693,3.9916128039396734,3991.6128039396735,1.2866062018813462,1286.6062018813461,159.66451215758693,throughput_acquisition_density
E,10.0,78.53981633974483,2.5,4.908738521234052,0.1,0.6,0.6 g/cm^3,52.63157894736842,3600.0,14.619883040935672,24.366471734892787,derived_from_throughput,0.310243553785371,3.10243553785371,4.578947368421052,spot_diameter,2.5,1.4205889041751196,0.5682355616700479,0.5682355616700479,0.49087385212340523,0.2945243112740431,294.5243112740431,0.1673591874422899,167.35918744228988,4.183979686057248,4183.979686057248,1.3486113200443026,1348.6113200443026,167.35918744228988,throughput_acquisition_density
E,10.0,78.53981633974483,2.5,4.908738521234052,0.1,0.6,0.6 g/cm^3,52.63157894736842,3600.0,14.619883040935672,24.366471734892787,derived_from_throughput,0.310243553785371,3.10243553785371,4.789473684210526,spot_diameter,2.5,1.4859033365509873,0.5943613346203949,0.5943613346203949,0.49087385212340523,0.2945243112740431,294.5243112740431,0.17505386272699286,175.05386272699286,4.376346568174823,4376.346568174823,1.4106164382072588,1410.6164382072589,175.05386272699286,throughput_acquisition_density
E,10.0,78.53981633974483,2.5,4.908738521234052,0.1,0.6,0.6 g/cm^3,52.63157894736842,3600.0,14.619883040935672,24.366471734892787,derived_from_throughput,0.310243553785371,3.10243553785371,5.0,spot_diameter,2.5,1.551217768926855,0.620487107570742,0.620487107570742,0.49087385212340523,0.2945243112740431,294.5243112740431,0.18274853801169588,182.74853801169587,4.568713450292398,4568.713450292398,1.4726215563702154,1472.6215563702153,182.74853801169587,throughput_acquisition_density
E,10.0,78.53981633974483,2.5,4.908738521234052,0.1,0.6,0.6 g/cm^3,57.368421052631575,3600.0,15.935672514619881,26.559454191033137,derived_from_throughput,0.33816547362605437,3.381654736260544,1.0,spot_diameter,2.5,0.33816547362605437,0.13526618945042174,0.13526618945042174,0.49087385212340523,0.2945243112740431,294.5243112740431,0.039839181286549695,39.839181286549696,0.9959795321637426,995.9795321637425,0.2945243112740431,294.5243112740431,39.839181286549696,throughput_acquisition_density
E,10.0,78.53981633974483,2.5,4.908738521234052,0.1,0.6,0.6 g/cm^3,57.368421052631575,3600.0,15.935672514619881,26.559454191033137,derived_from_throughput,0.33816547362605437,3.381654736260544,1.2105263157894737,spot_diameter,2.5,0.40935820491575003,0.1637432819663,0.1637432819663,0.49087385212340523,0.2945243112740431,294.5243112740431,0.04822637734687595,48.22637734687595,1.2056594336718989,1205.6594336718988,0.35652942943699956,356.5294294369996,48.22637734687595,throughput_acquisition_density
E,10.0,78.53981633974483,2.5,4.908738521234052,0.1,0.6,0.6 g/cm^3,57.368421052631575,3600.0,15.935672514619881,26.559454191033137,derived_from_throughput,0.33816547362605437,3.381654736260544,1.4210526315789473,spot_diameter,2.5,0.4805509362054457,0.19222037448217827,0.19222037448217827,0.49087385212340523,0.2945243112740431,294.5243112740431,0.0566135734072022,56.6135734072022,1.4153393351800552,1415.339335180055,0.418534547599956,418.534547599956,56.6135734072022,throughput_acquisition_density
E,10.0,78.53981633974483,2.5,4.908738521234052,0.1,0.6,0.6 g/cm^3,57.368421052631575,3600.0,15.935672514619881,26.559454191033137,derived_from_throughput,0.33816547362605437,3.381654736260544,1.631578947368421,spot_diameter,2.5,0.5517436674951414,0.22069746699805654,0.22069746699805654,0.49087385212340523,0.2945243112740431,294.5243112740431,0.06500076946752846,65.00076946752846,1.6250192366882115,1625.0192366882115,0.4805396657629124,480.5396657629124,65.00076946752846,throughput_acquisition_density
E,10.0,78.53981633974483,2.5,4.908738521234052,0.1,0.6,0.6 g/cm^3,57.368421052631575,3600.0,15.935672514619881,26.559454191033137,derived_from_throughput,0.33816547362605437,3.381654736260544,1.8421052631578947,spot_diameter,2.5,0.622936398784837,0.2491745595139348,0.2491745595139348,0.49087385212340523,0.2945243112740431,294.5243112740431,0.07338796552785472,73.38796552785472,1.8346991381963678,1834.6991381963678,0.5425447839258689,542.544783925869,73.38796552785472,throughput_acquisition_density
E,10.0,78.53981633974483,2.5,4.908738521234052,0.1,0.6,0.6 g/cm^3,57.368421052631575,3600.0,15.935672514619881,26.559454191033137,derived_from_throughput,0.33816547362605437,3.381654736260544,2.052631578947368,spot_diameter,2.5,0.6941291300745326,0.277651652029813,0.277651652029813,0.49087385212340523,0.2945243112740431,294.5243112740431,0.08177516158818095,81.77516158818095,2.044379039704524,2044.3790397045238,0.6045499020888252,604.5499020888252,81.77516158818095,throughput_acquisition_density
E,10.0,78.53981633974483,2.5,4.908738521234052,0.1,0.6,0.6 g/cm^3,57.368421052631575,3600.0,15.935672514619881,26.559454191033137,derived_from_throughput,0.33816547362605437,3.381654736260544,2.263157894736842,spot_diameter,2.5,0.7653218613642283,0.30612874454569133,0.30612874454569133,0.49087385212340523,0.2945243112740431,294.5243112740431,0.09016235764850722,90.16235764850722,2.2540589412126804,2254.0589412126806,0.6665550202517817,666.5550202517817,90.16235764850722,throughput_acquisition_density
E,10.0,78.53981633974483,2.5,4.908738521234052,0.1,0.6,0.6 g/cm^3,57.368421052631575,3600.0,15.935672514619881,26.559454191033137,derived_from_throughput,0.33816547362605437,3.381654736260544,2.473684210526316,spot_diameter,2.5,0.836514592653924,0.3346058370615696,0.3346058370615696,0.49087385212340523,0.2945243112740431,294.5243112740431,0.09854955370883348,98.54955370883347,2.463738842720837,2463.738842720837,0.7285601384147382,728.5601384147382,98.54955370883347,throughput_acquisition_density
E,10.0,78.53981633974483,2.5,4.908738521234052,0.1,0.6,0.6 g/cm^3,57.368421052631575,3600.0,15.935672514619881,26.559454191033137,derived_from_throughput,0.33816547362605437,3.381654736260544,2.6842105263157894,spot_diameter,2.5,0.9077073239436196,0.36308292957744787,0.36308292957744787,0.49087385212340523,0.2945243112740431,294.5243112740431,0.10693674976915973,106.93674976915973,2.673418744228993,2673.418744228993,0.7905652565776946,790.5652565776946,106.93674976915973,throughput_acquisition_density
E,10.0,78.53981633974483,2.5,4.908738521234052,0.1,0.6,0.6 g/cm^3,57.368421052631575,3600.0,15.935672514619881,26.559454191033137,derived_from_throughput,0.33816547362605437,3.381654736260544,2.894736842105263,spot_diameter,2.5,0.9789000552333151,0.3915600220933261,0.3915600220933261,0.49087385212340523,0.2945243112740431,294.5243112740431,0.11532394582948596,115.32394582948596,2.883098645737149,2883.098645737149,0.852570374740651,852.570374740651,115.32394582948596,throughput_acquisition_density
E,10.0,78.53981633974483,2.5,4.908738521234052,0.1,0.6,0.6 g/cm^3,57.368421052631575,3600.0,15.935672514619881,26.559454191033137,derived_from_throughput,0.33816547362605437,3.381654736260544,3.1052631578947367,spot_diameter,2.5,1.050092786523011,0.4200371146092044,0.4200371146092044,0.49087385212340523,0.2945243112740431,294.5243112740431,0.12371114188981223,123.71114188981224,3.092778547245306,3092.778547245306,0.9145754929036075,914.5754929036075,123.71114188981224,throughput_acquisition_density
E,10.0,78.53981633974483,2.5,4.908738521234052,0.1,0.6,0.6 g/cm^3,57.368421052631575,3600.0,15.935672514619881,26.559454191033137,derived_from_throughput,0.33816547362605437,3.381654736260544,3.3157894736842106,spot_diameter,2.5,1.1212855178127066,0.4485142071250826,0.4485142071250826,0.49087385212340523,0.2945243112740431,294.5243112740431,0.13209833795013848,132.09833795013847,3.3024584487534625,3302.4584487534626,0.976580611066564,976.5806110665641,132.09833795013847,throughput_acquisition_density
E,10.0,78.53981633974483,2.5,4.908738521234052,0.1,0.6,0.6 g/cm^3,57.368421052631575,3600.0,15.935672514619881,26.559454191033137,derived_from_throughput,0.33816547362605437,3.381654736260544,3.526315789473684,spot_diameter,2.5,1.1924782491024022,0.4769912996409609,0.4769912996409609,0.49087385212340523,0.2945243112740431,294.5243112740431,0.14048553401046474,140.48553401046473,3.5121383502616186,3512.1383502616186,1.0385857292295204,1038.5857292295204,140.48553401046473,throughput_acquisition_density
E,10.0,78.53981633974483,2.5,4.908738521234052,0.1,0.6,0.6 g/cm^3,57.368421052631575,3600.0,15.935672514619881,26.559454191033137,derived_from_throughput,0.33816547362605437,3.381654736260544,3.7368421052631575,spot_diameter,2.5,1.2636709803920978,0.5054683921568391,0.5054683921568391,0.49087385212340523,0.2945243112740431,294.5243112740431,0.148872730070791,148.872730070791,3.7218182517697747,3721.8182517697746,1.1005908473924768,1100.590847392477,148.872730070791,throughput_acquisition_density
E,10.0,78.53981633974483,2.5,4.908738521234052,0.1,0.6,0.6 g/cm^3,57.368421052631575,3600.0,15.935672514619881,26.559454191033137,derived_from_throughput,0.33816547362605437,3.381654736260544,3.9473684210526314,spot_diameter,2.5,1.3348637116817934,0.5339454846727174,0.5339454846727174,0.49087385212340523,0.2945243112740431,294.5243112740431,0.15725992613111722,157.25992613111723,3.931498153277931,3931.498153277931,1.1625959655554332,1162.5959655554332,157.25992613111723,throughput_acquisition_density
E,10.0,78.53981633974483,2.5,4.908738521234052,0.1,0.6,0.6 g/cm^3,57.368421052631575,3600.0,15.935672514619881,26.559454191033137,derived_from_throughput,0.33816547362605437,3.381654736260544,4.157894736842105,spot_diameter,2.5,1.4060564429714892,0.5624225771885957,0.5624225771885957,0.49087385212340523,0.2945243112740431,294.5243112740431,0.16564712219144348,165.6471221914435,4.141178054786088,4141.178054786088,1.2246010837183898,1224.6010837183899,165.6471221914435,throughput_acquisition_density
E,10.0,78.53981633974483,2.5,4.908738521234052,0.1,0.6,0.6 g/cm^3,57.368421052631575,3600.0,15.935672514619881,26.559454191033137,derived_from_throughput,0.33816547362605437,3.381654736260544,4.368421052631579,spot_diameter,2.5,1.4772491742611848,0.5908996697044739,0.5908996697044739,0.49087385212340523,0.2945243112740431,294.5243112740431,0.17403431825176974,174.03431825176975,4.350857956294243,4350.857956294243,1.2866062018813462,1286.6062018813461,174.03431825176975,throughput_acquisition_density
E,10.0,78.53981633974483,2.5,4.908738521234052,0.1,0.6,0.6 g/cm^3,57.368421052631575,3600.0,15.935672514619881,26.559454191033137,derived_from_throughput,0.33816547362605437,3.381654736260544,4.578947368421052,spot_diameter,2.5,1.5484419055508805,0.6193767622203522,0.6193767622203522,0.49087385212340523,0.2945243112740431,294.5243112740431,0.182421514312096,182.421514312096,4.5605378578024,4560.5378578024,1.3486113200443026,1348.6113200443026,182.421514312096,throughput_acquisition_density
E,10.0,78.53981633974483,2.5,4.908738521234052,0.1,0.6,0.6 g/cm^3,57.368421052631575,3600.0,15.935672514619881,26.559454191033137,derived_from_throughput,0.33816547362605437,3.381654736260544,4.789473684210526,spot_diameter,2.5,1.619634636840576,0.6478538547362305,0.6478538547362305,0.49087385212340523,0.2945243112740431,294.5243112740431,0.19080871037242225,190.80871037242224,4.7702177593105555,4770.217759310555,1.4106164382072588,1410.6164382072589,190.80871037242224,throughput_acquisition_density
E,10.0,78.53981633974483,2.5,4.908738521234052,0.1,0.6,0.6 g/cm^3,57.368421052631575,3600.0,15.935672514619881,26.559454191033137,derived_from_throughput,0.33816547362605437,3.381654736260544,5.0,spot_diameter,2.5,1.690827368130272,0.6763309472521087,0.6763309472521087,0.49087385212340523,0.2945243112740431,294.5243112740431,0.1991959064327485,199.1959064327485,4.979897660818713,4979.897660818713,1.4726215563702154,1472.6215563702153,199.1959064327485,throughput_acquisition_density
E,10.0,78.53981633974483,2.5,4.908738521234052,0.1,0.6,0.6 g/cm^3,62.10526315789473,3600.0,17.251461988304094,28.75243664717349,derived_from_throughput,0.3660873934667378,3.6608739346673778,1.0,spot_diameter,2.5,0.3660873934667378,0.14643495738669512,0.14643495738669512,0.49087385212340523,0.2945243112740431,294.5243112740431,0.04312865497076023,43.12865497076023,1.0782163742690059,1078.2163742690059,0.2945243112740431,294.5243112740431,43.12865497076023,throughput_acquisition_density
E,10.0,78.53981633974483,2.5,4.908738521234052,0.1,0.6,0.6 g/cm^3,62.10526315789473,3600.0,17.251461988304094,28.75243664717349,derived_from_throughput,0.3660873934667378,3.6608739346673778,1.2105263157894737,spot_diameter,2.5,0.44315842367026154,0.17726336946810461,0.17726336946810461,0.49087385212340523,0.2945243112740431,294.5243112740431,0.05220837180670975,52.20837180670975,1.3052092951677439,1305.209295167744,0.35652942943699956,356.5294294369996,52.20837180670975,throughput_acquisition_density
E,10.0,78.53981633974483,2.5,4.908738521234052,0.1,0.6,0.6 g/cm^3,62.10526315789473,3600.0,17.251461988304094,28.75243664717349,derived_from_throughput,0.3660873934667378,3.6608739346673778,1.4210526315789473,spot_diameter,2.5,0.5202294538737853,0.2080917815495141,0.2080917815495141,0.49087385212340523,0.2945243112740431,294.5243112740431,0.06128808864265927,61.28808864265927,1.5322022160664819,1532.202216066482,0.418534547599956,418.534547599956,61.28808864265927,throughput_acquisition_density
E,10.0,78.53981633974483,2.5,4.908738521234052,0.1,0.6,0.6 g/cm^3,62.10526315789473,3600.0,17.251461988304094,28.75243664717349,derived_from_throughput,0.3660873934667378,3.6608739346673778,1.631578947368421,spot_diameter,2.5,0.5973004840773091,0.23892019363092362,0.23892019363092362,0.49087385212340523,0.2945243112740431,294.5243112740431,0.0703678054786088,70.3678054786088,1.7591951369652201,1759.1951369652202,0.4805396657629124,480.5396657629124,70.3678054786088,throughput_acquisition_density
E,10.0,78.53981633974483,2.5,4.908738521234052,0.1,0.6,0.6 g/cm^3,62.10526315789473,3600.0,17.251461988304094,28.75243664717349,derived_from_throughput,0.3660873934667378,3.6608739346673778,1.8421052631578947,spot_diameter,2.5,0.6743715142808328,0.2697486057123331,0.2697486057123331,0.49087385212340523,0.2945243112740431,294.5243112740431,0.07944752231455832,79.44752231455831,1.9861880578639581,1986.1880578639582,0.5425447839258689,542.544783925869,79.44752231455831,throughput_acquisition_density
E,10.0,78.53981633974483,2.5,4.908738521234052,0.1,0.6,0.6 g/cm^3,62.10526315789473,3600.0,17.251461988304094,28.75243664717349,derived_from_throughput,0.3660873934667378,3.6608739346673778,2.052631578947368,spot_diameter,2.5,0.7514425444843564,0.3005770177937426,0.3005770177937426,0.49087385212340523,0.2945243112740431,294.5243112740431,0.08852723915050784,88.52723915050784,2.2131809787626957,2213.1809787626958,0.6045499020888252,604.5499020888252,88.52723915050784,throughput_acquisition_density
E,10.0,78.53981633974483,2.5,4.908738521234052,0.1,0.6,0.6 g/cm^3,62.10526315789473,3600.0,17.251461988304094,28.75243664717349,derived_from_throughput,0.3660873934667378,3.6608739346673778,2.263157894736842,spot_diameter,2.5,0.8285135746878802,0.3314054298751521,0.3314054298751521,0.49087385212340523,0.2945243112740431,294.5243112740431,0.09760695598645736,97.60695598645735,2.4401738996614344,2440.1738996614345,0.6665550202517817,666.5550202517817,97.60695598645735,throughput_acquisition_density
E,10.0,78.53981633974483,2.5,4.908738521234052,0.1,0.6,0.6 g/cm^3,62.10526315789473,3600.0,17.251461988304094,28.75243664717349,derived_from_throughput,0.3660873934667378,3.6608739346673778,2.473684210526316,spot_diameter,2.5,0.9055846048914041,0.36223384195656166,0.36223384195656166,0.49087385212340523,0.2945243112740431,294.5243112740431,0.1066866728224069,106.6866728224069,2.6671668205601726,2667.1668205601727,0.7285601384147382,728.5601384147382,106.6866728224069,throughput_acquisition_density
E,10.0,78.53981633974483,2.5,4.908738521234052,0.1,0.6,0.6 g/cm^3,62.10526315789473,3600.0,17.251461988304094,28.75243664717349,derived_from_throughput,0.3660873934667378,3.6608739346673778,2.6842105263157894,spot_diameter,2.5,0.9826556350949277,0.39306225403797107,0.39306225403797107,0.49087385212340523,0.2945243112740431,294.5243112740431,0.1157663896583564,115.76638965835639,2.8941597414589104,2894.1597414589105,0.7905652565776946,790.5652565776946,115.76638965835639,throughput_acquisition_density
E,10.0,78.53981633974483,2.5,4.908738521234052,0.1,0.6,0.6 g/cm^3,62.10526315789473,3600.0,17.251461988304094,28.75243664717349,derived_from_throughput,0.3660873934667378,3.6608739346673778,2.894736842105263,spot_diameter,2.5,1.0597266652984514,0.42389066611938053,0.42389066611938053,0.49087385212340523,0.2945243112740431,294.5243112740431,0.12484610649430591,124.84610649430591,3.121152662357648,3121.1526623576483,0.852570374740651,852.570374740651,124.84610649430591,throughput_acquisition_density
E,10.0,78.53981633974483,2.5,4.908738521234052,0.1,0.6,0.6 g/cm^3,62.10526315789473,3600.0,17.251461988304094,28.75243664717349,derived_from_throughput,0.3660873934667378,3.6608739346673778,3.1052631578947367,spot_diameter,2.5,1.1367976955019752,0.45471907820079005,0.45471907820079005,0.49087385212340523,0.2945243112740431,294.5243112740431,0.13392582333025543,133.92582333025544,3.3481455832563864,3348.1455832563865,0.9145754929036075,914.5754929036075,133.92582333025544,throughput_acquisition_density
E,10.0,78.53981633974483,2.5,4.908738521234052,0.1,0.6,0.6 g/cm^3,62.10526315789473,3600.0,17.251461988304094,28.75243664717349,derived_from_throughput,0.3660873934667378,3.6608739346673778,3.3157894736842106,spot_diameter,2.5,1.213868725705499,0.48554749028219957,0.48554749028219957,0.49087385212340523,0.2945243112740431,294.5243112740431,0.14300554016620495,143.00554016620495,3.5751385041551247,3575.138504155125,0.976580611066564,976.5806110665641,143.00554016620495,throughput_acquisition_density
E,10.0,78.53981633974483,2.5,4.908738521234052,0.1,0.6,0.6 g/cm^3,62.10526315789473,3600.0,17.251461988304094,28.75243664717349,derived_from_throughput,0.3660873934667378,3.6608739346673778,3.526315789473684,spot_diameter,2.5,1.2909397559090228,0.5163759023636091,0.5163759023636091,0.49087385212340523,0.2945243112740431,294.5243112740431,0.1520852570021545,152.0852570021545,3.8021314250538625,3802.1314250538626,1.0385857292295204,1038.5857292295204,152.0852570021545,throughput_acquisition_density
E,10.0,78.53981633974483,2.5,4.908738521234052,0.1,0.6,0.6 g/cm^3,62.10526315789473,3600.0,17.251461988304094,28.75243664717349,derived_from_throughput,0.3660873934667378,3.6608739346673778,3.7368421052631575,spot_diameter,2.5,1.3680107861125463,0.5472043144450185,0.5472043144450185,0.49087385212340523,0.2945243112740431,294.5243112740431,0.161164973838104,161.164973838104,4.0291243459526,4029.1243459526004,1.1005908473924768,1100.590847392477,161.164973838104,throughput_acquisition_density
E,10.0,78.53981633974483,2.5,4.908738521234052,0.1,0.6,0.6 g/cm^3,62.10526315789473,3600.0,17.251461988304094,28.75243664717349,derived_from_throughput,0.3660873934667378,3.6608739346673778,3.9473684210526314,spot_diameter,2.5,1.4450818163160701,0.578032726526428,0.578032726526428,0.49087385212340523,0.2945243112740431,294.5243112740431,0.1702446906740535,170.24469067405352,4.256117266851339,4256.117266851339,1.1625959655554332,1162.5959655554332,170.24469067405352,throughput_acquisition_density
E,10.0,78.53981633974483,2.5,4.908738521234052,0.1,0.6,0.6 g/cm^3,62.10526315789473,3600.0,17.251461988304094,28.75243664717349,derived_from_throughput,0.3660873934667378,3.6608739346673778,4.157894736842105,spot_diameter,2.5,1.522152846519594,0.6088611386078375,0.6088611386078375,0.49087385212340523,0.2945243112740431,294.5243112740431,0.17932440751000303,179.32440751000303,4.483110187750077,4483.110187750077,1.2246010837183898,1224.6010837183899,179.32440751000303,throughput_acquisition_density
E,10.0,78.53981633974483,2.5,4.908738521234052,0.1,0.6,0.6 g/cm^3,62.10526315789473,3600.0,17.251461988304094,28.75243664717349,derived_from_throughput,0.3660873934667378,3.6608739346673778,4.368421052631579,spot_diameter,2.5,1.5992238767231177,0.639689550689247,0.639689550689247,0.49087385212340523,0.2945243112740431,294.5243112740431,0.18840412434595258,188.40412434595257,4.7101031086488145,4710.103108648815,1.2866062018813462,1286.6062018813461,188.40412434595257,throughput_acquisition_density
E,10.0,78.53981633974483,2.5,4.908738521234052,0.1,0.6,0.6 g/cm^3,62.10526315789473,3600.0,17.251461988304094,28.75243664717349,derived_from_throughput,0.3660873934667378,3.6608739346673778,4.578947368421052,spot_diameter,2.5,1.6762949069266413,0.6705179627706566,0.6705179627706566,0.49087385212340523,0.2945243112740431,294.5243112740431,0.1974838411819021,197.4838411819021,4.937096029547552,4937.0960295475525,1.3486113200443026,1348.6113200443026,197.4838411819021,throughput_acquisition_density
E,10.0,78.53981633974483,2.5,4.908738521234052,0.1,0.6,0.6 g/cm^3,62.10526315789473,3600.0,17.251461988304094,28.75243664717349,derived_from_throughput,0.3660873934667378,3.6608739346673778,4.789473684210526,spot_diameter,2.5,1.753365937130165,0.7013463748520661,0.7013463748520661,0.49087385212340523,0.2945243112740431,294.5243112740431,0.20656355801785162,206.56355801785162,5.16408895044629,5164.08895044629,1.4106164382072588,1410.6164382072589,206.56355801785162,throughput_acquisition_density
E,10.0,78.53981633974483,2.5,4.908738521234052,0.1,0.6,0.6 g/cm^3,62.10526315789473,3600.0,17.251461988304094,28.75243664717349,derived_from_throughput,0.3660873934667378,3.6608739346673778,5.0,spot_diameter,2.5,1.8304369673336889,0.7321747869334756,0.7321747869334756,0.49087385212340523,0.2945243112740431,294.5243112740431,0.21564327485380116,215.64327485380116,5.39108187134503,5391.08187134503,1.4726215563702154,1472.6215563702153,215.64327485380116,throughput_acquisition_density
E,10.0,78.53981633974483,2.5,4.908738521234052,0.1,0.6,0.6 g/cm^3,66.84210526315789,3600.0,18.567251461988302,30.94541910331384,derived_from_throughput,0.39400931330742117,3.9400931330742117,1.0,spot_diameter,2.5,0.39400931330742117,0.15760372532296846,0.15760372532296846,0.49087385212340523,0.2945243112740431,294.5243112740431,0.046418128654970754,46.41812865497075,1.160453216374269,1160.453216374269,0.2945243112740431,294.5243112740431,46.41812865497075,throughput_acquisition_density
E,10.0,78.53981633974483,2.5,4.908738521234052,0.1,0.6,0.6 g/cm^3,66.84210526315789,3600.0,18.567251461988302,30.94541910331384,derived_from_throughput,0.39400931330742117,3.9400931330742117,1.2105263157894737,spot_diameter,2.5,0.476958642424773,0.1907834569699092,0.1907834569699092,0.49087385212340523,0.2945243112740431,294.5243112740431,0.05619036626654354,56.19036626654354,1.4047591566635886,1404.7591566635886,0.35652942943699956,356.5294294369996,56.19036626654354,throughput_acquisition_density
E,10.0,78.53981633974483,2.5,4.908738521234052,0.1,0.6,0.6 g/cm^3,66.84210526315789,3600.0,18.567251461988302,30.94541910331384,derived_from_throughput,0.39400931330742117,3.9400931330742117,1.4210526315789473,spot_diameter,2.5,0.5599079715421248,0.2239631886168499,0.2239631886168499,0.49087385212340523,0.2945243112740431,294.5243112740431,0.06596260387811632,65.96260387811633,1.6490650969529084,1649.0650969529083,0.418534547599956,418.534547599956,65.96260387811633,throughput_acquisition_density
E,10.0,78.53981633974483,2.5,4.908738521234052,0.1,0.6,0.6 g/cm^3,66.84210526315789,3600.0,18.567251461988302,30.94541910331384,derived_from_throughput,0.39400931330742117,3.9400931330742117,1.631578947368421,spot_diameter,2.5,0.6428573006594767,0.25714292026379065,0.25714292026379065,0.49087385212340523,0.2945243112740431,294.5243112740431,0.07573484148968912,75.73484148968912,1.893371037242228,1893.371037242228,0.4805396657629124,480.5396657629124,75.73484148968912,throughput_acquisition_density
E,10.0,78.53981633974483,2.5,4.908738521234052,0.1,0.6,0.6 g/cm^3,66.84210526315789,3600.0,18.567251461988302,30.94541910331384,derived_from_throughput,0.39400931330742117,3.9400931330742117,1.8421052631578947,spot_diameter,2.5,0.7258066297768284,0.29032265191073137,0.29032265191073137,0.49087385212340523,0.2945243112740431,294.5243112740431,0.08550707910126192,85.50707910126191,2.137676977531548,2137.676977531548,0.5425447839258689,542.544783925869,85.50707910126191,throughput_acquisition_density
E,10.0,78.53981633974483,2.5,4.908738521234052,0.1,0.6,0.6 g/cm^3,66.84210526315789,3600.0,18.567251461988302,30.94541910331384,derived_from_throughput,0.39400931330742117,3.9400931330742117,2.052631578947368,spot_diameter,2.5,0.8087559588941802,0.3235023835576721,0.3235023835576721,0.49087385212340523,0.2945243112740431,294.5243112740431,0.0952793167128347,95.2793167128347,2.3819829178208676,2381.9829178208674,0.6045499020888252,604.5499020888252,95.2793167128347,throughput_acquisition_density
E,10.0,78.53981633974483,2.5,4.908738521234052,0.1,0.6,0.6 g/cm^3,66.84210526315789,3600.0,18.567251461988302,30.94541910331384,derived_from_throughput,0.39400931330742117,3.9400931330742117,2.263157894736842,spot_diameter,2.5,0.8917052880115321,0.35668211520461285,0.35668211520461285,0.49087385212340523,0.2945243112740431,294.5243112740431,0.10505155432440749,105.05155432440749,2.6262888581101875,2626.2888581101874,0.6665550202517817,666.5550202517817,105.05155432440749,throughput_acquisition_density
E,10.0,78.53981633974483,2.5,4.908738521234052,0.1,0.6,0.6 g/cm^3,66.84210526315789,3600.0,18.567251461988302,30.94541910331384,derived_from_throughput,0.39400931330742117,3.9400931330742117,2.473684210526316,spot_diameter,2.5,0.974654617128884,0.3898618468515536,0.3898618468515536,0.49087385212340523,0.2945243112740431,294.5243112740431,0.1148237919359803,114.8237919359803,2.8705947983995075,2870.5947983995075,0.7285601384147382,728.5601384147382,114.8237919359803,throughput_acquisition_density
E,10.0,78.53981633974483,2.5,4.908738521234052,0.1,0.6,0.6 g/cm^3,66.84210526315789,3600.0,18.567251461988302,30.94541910331384,derived_from_throughput,0.39400931330742117,3.9400931330742117,2.6842105263157894,spot_diameter,2.5,1.0576039462462357,0.4230415784984943,0.4230415784984943,0.49087385212340523,0.2945243112740431,294.5243112740431,0.12459602954755307,124.59602954755307,3.114900738688827,3114.900738688827,0.7905652565776946,790.5652565776946,124.59602954755307,throughput_acquisition_density
E,10.0,78.53981633974483,2.5,4.908738521234052,0.1,0.6,0.6 g/cm^3,66.84210526315789,3600.0,18.567251461988302,30.94541910331384,derived_from_throughput,0.39400931330742117,3.9400931330742117,2.894736842105263,spot_diameter,2.5,1.1405532753635874,0.456221310145435,0.456221310145435,0.49087385212340523,0.2945243112740431,294.5243112740431,0.13436826715912586,134.36826715912588,3.3592066789781465,3359.2066789781466,0.852570374740651,852.570374740651,134.36826715912588,throughput_acquisition_density
E,10.0,78.53981633974483,2.5,4.908738521234052,0.1,0.6,0.6 g/cm^3,66.84210526315789,3600.0,18.567251461988302,30.94541910331384,derived_from_throughput,0.39400931330742117,3.9400931330742117,3.1052631578947367,spot_diameter,2.5,1.2235026044809394,0.48940104179237576,0.48940104179237576,0.49087385212340523,0.2945243112740431,294.5243112740431,0.14414050477069865,144.14050477069864,3.6035126192674665,3603.5126192674666,0.9145754929036075,914.5754929036075,144.14050477069864,throughput_acquisition_density
E,10.0,78.53981633974483,2.5,4.908738521234052,0.1,0.6,0.6 g/cm^3,66.84210526315789,3600.0,18.567251461988302,30.94541910331384,derived_from_throughput,0.39400931330742117,3.9400931330742117,3.3157894736842106,spot_diameter,2.5,1.3064519335982914,0.5225807734393165,0.5225807734393165,0.49087385212340523,0.2945243112740431,294.5243112740431,0.15391274238227146,153.91274238227146,3.8478185595567864,3847.8185595567866,0.976580611066564,976.5806110665641,153.91274238227146,throughput_acquisition_density
E,10.0,78.53981633974483,2.5,4.908738521234052,0.1,0.6,0.6 g/cm^3,66.84210526315789,3600.0,18.567251461988302,30.94541910331384,derived_from_throughput,0.39400931330742117,3.9400931330742117,3.526315789473684,spot_diameter,2.5,1.3894012627156431,0.5557605050862573,0.5557605050862573,0.49087385212340523,0.2945243112740431,294.5243112740431,0.16368497999384427,163.68497999384425,4.092124499846106,4092.124499846106,1.0385857292295204,1038.5857292295204,163.68497999384425,throughput_acquisition_density
E,10.0,78.53981633974483,2.5,4.908738521234052,0.1,0.6,0.6 g/cm^3,66.84210526315789,3600.0,18.567251461988302,30.94541910331384,derived_from_throughput,0.39400931330742117,3.9400931330742117,3.7368421052631575,spot_diameter,2.5,1.4723505918329947,0.5889402367331978,0.5889402367331978,0.49087385212340523,0.2945243112740431,294.5243112740431,0.173457217605417,173.457217605417,4.336430440135426,4336.430440135426,1.1005908473924768,1100.590847392477,173.457217605417,throughput_acquisition_density
E,10.0,78.53981633974483,2.5,4.908738521234052,0.1,0.6,0.6 g/cm^3,66.84210526315789,3600.0,18.567251461988302,30.94541910331384,derived_from_throughput,0.39400931330742117,3.9400931330742117,3.9473684210526314,spot_diameter,2.5,1.5552999209503466,0.6221199683801386,0.6221199683801386,0.49087385212340523,0.2945243112740431,294.5243112740431,0.1832294552169898,183.2294552169898,4.580736380424746,4580.736380424746,1.1625959655554332,1162.5959655554332,183.2294552169898,throughput_acquisition_density
E,10.0,78.53981633974483,2.5,4.908738521234052,0.1,0.6,0.6 g/cm^3,66.84210526315789,3600.0,18.567251461988302,30.94541910331384,derived_from_throughput,0.39400931330742117,3.9400931330742117,4.157894736842105,spot_diameter,2.5,1.6382492500676986,0.6552997000270795,0.6552997000270795,0.49087385212340523,0.2945243112740431,294.5243112740431,0.19300169282856264,193.00169282856262,4.825042320714066,4825.042320714066,1.2246010837183898,1224.6010837183899,193.00169282856262,throughput_acquisition_density
E,10.0,78.53981633974483,2.5,4.908738521234052,0.1,0.6,0.6 g/cm^3,66.84210526315789,3600.0,18.567251461988302,30.94541910331384,derived_from_throughput,0.39400931330742117,3.9400931330742117,4.368421052631579,spot_diameter,2.5,1.7211985791850504,0.6884794316740201,0.6884794316740201,0.49087385212340523,0.2945243112740431,294.5243112740431,0.2027739304401354,202.7739304401354,5.069348261003385,5069.348261003385,1.2866062018813462,1286.6062018813461,202.7739304401354,throughput_acquisition_density
E,10.0,78.53981633974483,2.5,4.908738521234052,0.1,0.6,0.6 g/cm^3,66.84210526315789,3600.0,18.567251461988302,30.94541910331384,derived_from_throughput,0.39400931330742117,3.9400931330742117,4.578947368421052,spot_diameter,2.5,1.8041479083024021,0.7216591633209608,0.7216591633209608,0.49087385212340523,0.2945243112740431,294.5243112740431,0.21254616805170817,212.54616805170818,5.313654201292705,5313.654201292705,1.3486113200443026,1348.6113200443026,212.54616805170818,throughput_acquisition_density
E,10.0,78.53981633974483,2.5,4.908738521234052,0.1,0.6,0.6 g/cm^3,66.84210526315789,3600.0,18.567251461988302,30.94541910331384,derived_from_throughput,0.39400931330742117,3.9400931330742117,4.789473684210526,spot_diameter,2.5,1.8870972374197539,0.7548388949679016,0.7548388949679016,0.49087385212340523,0.2945243112740431,294.5243112740431,0.22231840566328098,222.31840566328097,5.557960141582024,5557.960141582024,1.4106164382072588,1410.6164382072589,222.31840566328097,throughput_acquisition_density
E,10.0,78.53981633974483,2.5,4.908738521234052,0.1,0.6,0.6 g/cm^3,66.84210526315789,3600.0,18.567251461988302,30.94541910331384,derived_from_throughput,0.39400931330742117,3.9400931330742117,5.0,spot_diameter,2.5,1.9700465665371059,0.7880186266148423,0.7880186266148423,0.49087385212340523,0.2945243112740431,294.5243112740431,0.23209064327485376,232.09064327485376,5.802266081871345,5802.266081871345,1.4726215563702154,1472.6215563702153,232.09064327485376,throughput_acquisition_density
E,10.0,78.53981633974483,2.5,4.908738521234052,0.1,0.6,0.6 g/cm^3,71.57894736842104,3600.0,19.88304093567251,33.13840155945419,derived_from_throughput,0.42193123314810455,4.219312331481046,1.0,spot_diameter,2.5,0.42193123314810455,0.16877249325924182,0.16877249325924182,0.49087385212340523,0.2945243112740431,294.5243112740431,0.04970760233918128,49.70760233918128,1.242690058479532,1242.690058479532,0.2945243112740431,294.5243112740431,49.70760233918128,throughput_acquisition_density
E,10.0,78.53981633974483,2.5,4.908738521234052,0.1,0.6,0.6 g/cm^3,71.57894736842104,3600.0,19.88304093567251,33.13840155945419,derived_from_throughput,0.42193123314810455,4.219312331481046,1.2105263157894737,spot_diameter,2.5,0.5107588611792845,0.20430354447171378,0.20430354447171378,0.49087385212340523,0.2945243112740431,294.5243112740431,0.06017236072637734,60.17236072637734,1.5043090181594334,1504.3090181594334,0.35652942943699956,356.5294294369996,60.17236072637734,throughput_acquisition_density
E,10.0,78.53981633974483,2.5,4.908738521234052,0.1,0.6,0.6 g/cm^3,71.57894736842104,3600.0,19.88304093567251,33.13840155945419,derived_from_throughput,0.42193123314810455,4.219312331481046,1.4210526315789473,spot_diameter,2.5,0.5995864892104643,0.23983459568418572,0.23983459568418572,0.49087385212340523,0.2945243112740431,294.5243112740431,0.07063711911357339,70.63711911357339,1.7659279778393349,1765.927977839335,0.418534547599956,418.534547599956,70.63711911357339,throughput_acquisition_density
E,10.0,78.53981633974483,2.5,4.908738521234052,0.1,0.6,0.6 g/cm^3,71.57894736842104,3600.0,19.88304093567251,33.13840155945419,derived_from_throughput,0.42193123314810455,4.219312331481046,1.631578947368421,spot_diameter,2.5,0.6884141172416443,0.2753656468966577,0.2753656468966577,0.49087385212340523,0.2945243112740431,294.5243112740431,0.08110187750076946,81.10187750076946,2.027546937519236,2027.546937519236,0.4805396657629124,480.5396657629124,81.10187750076946,throughput_acquisition_density
E,10.0,78.53981633974483,2.5,4.908738521234052,0.1,0.6,0.6 g/cm^3,71.57894736842104,3600.0,19.88304093567251,33.13840155945419,derived_from_throughput,0.42193123314810455,4.219312331481046,1.8421052631578947,spot_diameter,2.5,0.7772417452728242,0.3108966981091297,0.3108966981091297,0.49087385212340523,0.2945243112740431,294.5243112740431,0.09156663588796551,91.56663588796552,2.2891658971991378,2289.165897199138,0.5425447839258689,542.544783925869,91.56663588796552,throughput_acquisition_density
E,10.0,78.53981633974483,2.5,4.908738521234052,0.1,0.6,0.6 g/cm^3,71.57894736842104,3600.0,19.88304093567251,33.13840155945419,derived_from_throughput,0.42193123314810455,4.219312331481046,2.052631578947368,spot_diameter,2.5,0.8660693733040039,0.3464277493216016,0.3464277493216016,0.49087385212340523,0.2945243112740431,294.5243112740431,0.10203139427516156,102.03139427516156,2.550784856879039,2550.784856879039,0.6045499020888252,604.5499020888252,102.03139427516156,throughput_acquisition_density
E,10.0,78.53981633974483,2.5,4.908738521234052,0.1,0.6,0.6 g/cm^3,71.57894736842104,3600.0,19.88304093567251,33.13840155945419,derived_from_throughput,0.42193123314810455,4.219312331481046,2.263157894736842,spot_diameter,2.5,0.954897001335184,0.3819588005340736,0.3819588005340736,0.49087385212340523,0.2945243112740431,294.5243112740431,0.11249615266235764,112.49615266235764,2.8124038165589407,2812.403816558941,0.6665550202517817,666.5550202517817,112.49615266235764,throughput_acquisition_density
E,10.0,78.53981633974483,2.5,4.908738521234052,0.1,0.6,0.6 g/cm^3,71.57894736842104,3600.0,19.88304093567251,33.13840155945419,derived_from_throughput,0.42193123314810455,4.219312331481046,2.473684210526316,spot_diameter,2.5,1.043724629366364,0.4174898517465456,0.4174898517465456,0.49087385212340523,0.2945243112740431,294.5243112740431,0.12296091104955371,122.96091104955372,3.0740227762388423,3074.022776238842,0.7285601384147382,728.5601384147382,122.96091104955372,throughput_acquisition_density
E,10.0,78.53981633974483,2.5,4.908738521234052,0.1,0.6,0.6 g/cm^3,71.57894736842104,3600.0,19.88304093567251,33.13840155945419,derived_from_throughput,0.42193123314810455,4.219312331481046,2.6842105263157894,spot_diameter,2.5,1.1325522573975437,0.4530209029590175,0.4530209029590175,0.49087385212340523,0.2945243112740431,294.5243112740431,0.13342566943674974,133.42566943674976,3.3356417359187436,3335.6417359187435,0.7905652565776946,790.5652565776946,133.42566943674976,throughput_acquisition_density
E,10.0,78.53981633974483,2.5,4.908738521234052,0.1,0.6,0.6 g/cm^3,71.57894736842104,3600.0,19.88304093567251,33.13840155945419,derived_from_throughput,0.42193123314810455,4.219312331481046,2.894736842105263,spot_diameter,2.5,1.2213798854287234,0.4885519541714894,0.4885519541714894,0.49087385212340523,0.2945243112740431,294.5243112740431,0.1438904278239458,143.8904278239458,3.597260695598645,3597.260695598645,0.852570374740651,852.570374740651,143.8904278239458,throughput_acquisition_density
E,10.0,78.53981633974483,2.5,4.908738521234052,0.1,0.6,0.6 g/cm^3,71.57894736842104,3600.0,19.88304093567251,33.13840155945419,derived_from_throughput,0.42193123314810455,4.219312331481046,3.1052631578947367,spot_diameter,2.5,1.3102075134599036,0.5240830053839615,0.5240830053839615,0.49087385212340523,0.2945243112740431,294.5243112740431,0.1543551862111419,154.3551862111419,3.8588796552785465,3858.8796552785466,0.9145754929036075,914.5754929036075,154.3551862111419,throughput_acquisition_density
E,10.0,78.53981633974483,2.5,4.908738521234052,0.1,0.6,0.6 g/cm^3,71.57894736842104,3600.0,19.88304093567251,33.13840155945419,derived_from_throughput,0.42193123314810455,4.219312331481046,3.3157894736842106,spot_diameter,2.5,1.3990351414910835,0.5596140565964334,0.5596140565964334,0.49087385212340523,0.2945243112740431,294.5243112740431,0.16481994459833793,164.81994459833794,4.120498614958448,4120.498614958448,0.976580611066564,976.5806110665641,164.81994459833794,throughput_acquisition_density
E,10.0,78.53981633974483,2.5,4.908738521234052,0.1,0.6,0.6 g/cm^3,71.57894736842104,3600.0,19.88304093567251,33.13840155945419,derived_from_throughput,0.42193123314810455,4.219312331481046,3.526315789473684,spot_diameter,2.5,1.4878627695222633,0.5951451078089053,0.5951451078089053,0.49087385212340523,0.2945243112740431,294.5243112740431,0.17528470298553397,175.28470298553398,4.382117574638349,4382.11757463835,1.0385857292295204,1038.5857292295204,175.28470298553398,throughput_acquisition_density
E,10.0,78.53981633974483,2.5,4.908738521234052,0.1,0.6,0.6 g/cm^3,71.57894736842104,3600.0,19.88304093567251,33.13840155945419,derived_from_throughput,0.42193123314810455,4.219312331481046,3.7368421052631575,spot_diameter,2.5,1.5766903975534432,0.6306761590213773,0.6306761590213773,0.49087385212340523,0.2945243112740431,294.5243112740431,0.18574946137273005,185.74946137273005,4.643736534318251,4643.736534318251,1.1005908473924768,1100.590847392477,185.74946137273005,throughput_acquisition_density
E,10.0,78.53981633974483,2.5,4.908738521234052,0.1,0.6,0.6 g/cm^3,71.57894736842104,3600.0,19.88304093567251,33.13840155945419,derived_from_throughput,0.42193123314810455,4.219312331481046,3.9473684210526314,spot_diameter,2.5,1.6655180255846231,0.6662072102338492,0.6662072102338492,0.49087385212340523,0.2945243112740431,294.5243112740431,0.1962142197599261,196.2142197599261,4.905355493998152,4905.355493998152,1.1625959655554332,1162.5959655554332,196.2142197599261,throughput_acquisition_density
E,10.0,78.53981633974483,2.5,4.908738521234052,0.1,0.6,0.6 g/cm^3,71.57894736842104,3600.0,19.88304093567251,33.13840155945419,derived_from_throughput,0.42193123314810455,4.219312331481046,4.157894736842105,spot_diameter,2.5,1.754345653615803,0.7017382614463212,0.7017382614463212,0.49087385212340523,0.2945243112740431,294.5243112740431,0.20667897814712216,206.67897814712217,5.166974453678054,5166.974453678054,1.2246010837183898,1224.6010837183899,206.67897814712217,throughput_acquisition_density
E,10.0,78.53981633974483,2.5,4.908738521234052,0.1,0.6,0.6 g/cm^3,71.57894736842104,3600.0,19.88304093567251,33.13840155945419,derived_from_throughput,0.42193123314810455,4.219312331481046,4.368421052631579,spot_diameter,2.5,1.843173281646983,0.7372693126587933,0.7372693126587933,0.49087385212340523,0.2945243112740431,294.5243112740431,0.21714373653431823,217.14373653431824,5.428593413357955,5428.593413357955,1.2866062018813462,1286.6062018813461,217.14373653431824,throughput_acquisition_density
E,10.0,78.53981633974483,2.5,4.908738521234052,0.1,0.6,0.6 g/cm^3,71.57894736842104,3600.0,19.88304093567251,33.13840155945419,derived_from_throughput,0.42193123314810455,4.219312331481046,4.578947368421052,spot_diameter,2.5,1.9320009096781627,0.772800363871265,0.772800363871265,0.49087385212340523,0.2945243112740431,294.5243112740431,0.22760849492151425,227.60849492151425,5.690212373037856,5690.212373037856,1.3486113200443026,1348.6113200443026,227.60849492151425,throughput_acquisition_density
E,10.0,78.53981633974483,2.5,4.908738521234052,0.1,0.6,0.6 g/cm^3,71.57894736842104,3600.0,19.88304093567251,33.13840155945419,derived_from_throughput,0.42193123314810455,4.219312331481046,4.789473684210526,spot_diameter,2.5,2.0208285377093427,0.8083314150837371,0.8083314150837371,0.49087385212340523,0.2945243112740431,294.5243112740431,0.23807325330871032,238.07325330871032,5.951831332717758,5951.8313327177575,1.4106164382072588,1410.6164382072589,238.07325330871032,throughput_acquisition_density
E,10.0,78.53981633974483,2.5,4.908738521234052,0.1,0.6,0.6 g/cm^3,71.57894736842104,3600.0,19.88304093567251,33.13840155945419,derived_from_throughput,0.42193123314810455,4.219312331481046,5.0,spot_diameter,2.5,2.109656165740523,0.8438624662962091,0.8438624662962091,0.49087385212340523,0.2945243112740431,294.5243112740431,0.2485380116959064,248.5380116959064,6.21345029239766,6213.45029239766,1.4726215563702154,1472.6215563702153,248.5380116959064,throughput_acquisition_density
E,10.0,78.53981633974483,2.5,4.908738521234052,0.1,0.6,0.6 g/cm^3,76.3157894736842,3600.0,21.198830409356724,35.331384015594544,derived_from_throughput,0.44985315298878803,4.49853152988788,1.0,spot_diameter,2.5,0.44985315298878803,0.1799412611955152,0.1799412611955152,0.49087385212340523,0.2945243112740431,294.5243112740431,0.05299707602339181,52.99707602339181,1.3249269005847955,1324.9269005847955,0.2945243112740431,294.5243112740431,52.99707602339181,throughput_acquisition_density
E,10.0,78.53981633974483,2.5,4.908738521234052,0.1,0.6,0.6 g/cm^3,76.3157894736842,3600.0,21.198830409356724,35.331384015594544,derived_from_throughput,0.44985315298878803,4.49853152988788,1.2105263157894737,spot_diameter,2.5,0.544559079933796,0.21782363197351842,0.21782363197351842,0.49087385212340523,0.2945243112740431,294.5243112740431,0.06415435518621115,64.15435518621115,1.6038588796552786,1603.8588796552785,0.35652942943699956,356.5294294369996,64.15435518621115,throughput_acquisition_density
E,10.0,78.53981633974483,2.5,4.908738521234052,0.1,0.6,0.6 g/cm^3,76.3157894736842,3600.0,21.198830409356724,35.331384015594544,derived_from_throughput,0.44985315298878803,4.49853152988788,1.4210526315789473,spot_diameter,2.5,0.639265006878804,0.2557060027515216,0.2557060027515216,0.49087385212340523,0.2945243112740431,294.5243112740431,0.07531163434903047,75.31163434903047,1.882790858725762,1882.790858725762,0.418534547599956,418.534547599956,75.31163434903047,throughput_acquisition_density
E,10.0,78.53981633974483,2.5,4.908738521234052,0.1,0.6,0.6 g/cm^3,76.3157894736842,3600.0,21.198830409356724,35.331384015594544,derived_from_throughput,0.44985315298878803,4.49853152988788,1.631578947368421,spot_diameter,2.5,0.7339709338238121,0.2935883735295248,0.2935883735295248,0.49087385212340523,0.2945243112740431,294.5243112740431,0.08646891351184981,86.4689135118498,2.161722837796245,2161.722837796245,0.4805396657629124,480.5396657629124,86.4689135118498,throughput_acquisition_density
E,10.0,78.53981633974483,2.5,4.908738521234052,0.1,0.6,0.6 g/cm^3,76.3157894736842,3600.0,21.198830409356724,35.331384015594544,derived_from_throughput,0.44985315298878803,4.49853152988788,1.8421052631578947,spot_diameter,2.5,0.8286768607688201,0.33147074430752804,0.33147074430752804,0.49087385212340523,0.2945243112740431,294.5243112740431,0.09762619267466914,97.62619267466914,2.4406548168667284,2440.654816866728,0.5425447839258689,542.544783925869,97.62619267466914,throughput_acquisition_density
E,10.0,78.53981633974483,2.5,4.908738521234052,0.1,0.6,0.6 g/cm^3,76.3157894736842,3600.0,21.198830409356724,35.331384015594544,derived_from_throughput,0.44985315298878803,4.49853152988788,2.052631578947368,spot_diameter,2.5,0.923382787713828,0.3693531150855312,0.3693531150855312,0.49087385212340523,0.2945243112740431,294.5243112740431,0.10878347183748846,108.78347183748846,2.7195867959372113,2719.5867959372113,0.6045499020888252,604.5499020888252,108.78347183748846,throughput_acquisition_density
E,10.0,78.53981633974483,2.5,4.908738521234052,0.1,0.6,0.6 g/cm^3,76.3157894736842,3600.0,21.198830409356724,35.331384015594544,derived_from_throughput,0.44985315298878803,4.49853152988788,2.263157894736842,spot_diameter,2.5,1.018088714658836,0.4072354858635344,0.4072354858635344,0.49087385212340523,0.2945243112740431,294.5243112740431,0.1199407510003078,119.9407510003078,2.9985187750076947,2998.518775007695,0.6665550202517817,666.5550202517817,119.9407510003078,throughput_acquisition_density
E,10.0,78.53981633974483,2.5,4.908738521234052,0.1,0.6,0.6 g/cm^3,76.3157894736842,3600.0,21.198830409356724,35.331384015594544,derived_from_throughput,0.44985315298878803,4.49853152988788,2.473684210526316,spot_diameter,2.5,1.1127946416038441,0.44511785664153763,0.44511785664153763,0.49087385212340523,0.2945243112740431,294.5243112740431,0.13109803016312713,131.09803016312713,3.2774507540781785,3277.4507540781788,0.7285601384147382,728.5601384147382,131.09803016312713,throughput_acquisition_density
E,10.0,78.53981633974483,2.5,4.908738521234052,0.1,0.6,0.6 g/cm^3,76.3157894736842,3600.0,21.198830409356724,35.331384015594544,derived_from_throughput,0.44985315298878803,4.49853152988788,2.6842105263157894,spot_diameter,2.5,1.207500568548852,0.4830002274195408,0.4830002274195408,0.49087385212340523,0.2945243112740431,294.5243112740431,0.14225530932594643,142.25530932594643,3.5563827331486615,3556.3827331486614,0.7905652565776946,790.5652565776946,142.25530932594643,throughput_acquisition_density
E,10.0,78.53981633974483,2.5,4.908738521234052,0.1,0.6,0.6 g/cm^3,76.3157894736842,3600.0,21.198830409356724,35.331384015594544,derived_from_throughput,0.44985315298878803,4.49853152988788,2.894736842105263,spot_diameter,2.5,1.30220649549386,0.520882598197544,0.520882598197544,0.49087385212340523,0.2945243112740431,294.5243112740431,0.15341258848876577,153.41258848876578,3.8353147122191444,3835.3147122191444,0.852570374740651,852.570374740651,153.41258848876578,throughput_acquisition_density
E,10.0,78.53981633974483,2.5,4.908738521234052,0.1,0.6,0.6 g/cm^3,76.3157894736842,3600.0,21.198830409356724,35.331384015594544,derived_from_throughput,0.44985315298878803,4.49853152988788,3.1052631578947367,spot_diameter,2.5,1.396912422438868,0.5587649689755472,0.5587649689755472,0.49087385212340523,0.2945243112740431,294.5243112740431,0.1645698676515851,164.5698676515851,4.114246691289628,4114.246691289628,0.9145754929036075,914.5754929036075,164.5698676515851,throughput_acquisition_density
E,10.0,78.53981633974483,2.5,4.908738521234052,0.1,0.6,0.6 g/cm^3,76.3157894736842,3600.0,21.198830409356724,35.331384015594544,derived_from_throughput,0.44985315298878803,4.49853152988788,3.3157894736842106,spot_diameter,2.5,1.4916183493838762,0.5966473397535504,0.5966473397535504,0.49087385212340523,0.2945243112740431,294.5243112740431,0.17572714681440443,175.72714681440442,4.393178670360111,4393.178670360111,0.976580611066564,976.5806110665641,175.72714681440442,throughput_acquisition_density
E,10.0,78.53981633974483,2.5,4.908738521234052,0.1,0.6,0.6 g/cm^3,76.3157894736842,3600.0,21.198830409356724,35.331384015594544,derived_from_throughput,0.44985315298878803,4.49853152988788,3.526315789473684,spot_diameter,2.5,1.586324276328884,0.6345297105315536,0.6345297105315536,0.49087385212340523,0.2945243112740431,294.5243112740431,0.18688442597722377,186.88442597722377,4.672110649430595,4672.110649430595,1.0385857292295204,1038.5857292295204,186.88442597722377,throughput_acquisition_density
E,10.0,78.53981633974483,2.5,4.908738521234052,0.1,0.6,0.6 g/cm^3,76.3157894736842,3600.0,21.198830409356724,35.331384015594544,derived_from_throughput,0.44985315298878803,4.49853152988788,3.7368421052631575,spot_diameter,2.5,1.681030203273892,0.6724120813095568,0.6724120813095568,0.49087385212340523,0.2945243112740431,294.5243112740431,0.19804170514004307,198.04170514004306,4.951042628501077,4951.042628501077,1.1005908473924768,1100.590847392477,198.04170514004306,throughput_acquisition_density
E,10.0,78.53981633974483,2.5,4.908738521234052,0.1,0.6,0.6 g/cm^3,76.3157894736842,3600.0,21.198830409356724,35.331384015594544,derived_from_throughput,0.44985315298878803,4.49853152988788,3.9473684210526314,spot_diameter,2.5,1.7757361302189,0.71029445208756,0.71029445208756,0.49087385212340523,0.2945243112740431,294.5243112740431,0.20919898430286243,209.19898430286244,5.2299746075715605,5229.97460757156,1.1625959655554332,1162.5959655554332,209.19898430286244,throughput_acquisition_density
E,10.0,78.53981633974483,2.5,4.908738521234052,0.1,0.6,0.6 g/cm^3,76.3157894736842,3600.0,21.198830409356724,35.331384015594544,derived_from_throughput,0.44985315298878803,4.49853152988788,4.157894736842105,spot_diameter,2.5,1.8704420571639082,0.7481768228655633,0.7481768228655633,0.49087385212340523,0.2945243112740431,294.5243112740431,0.22035626346568177,220.35626346568176,5.508906586642044,5508.906586642044,1.2246010837183898,1224.6010837183899,220.35626346568176,throughput_acquisition_density
E,10.0,78.53981633974483,2.5,4.908738521234052,0.1,0.6,0.6 g/cm^3,76.3157894736842,3600.0,21.198830409356724,35.331384015594544,derived_from_throughput,0.44985315298878803,4.49853152988788,4.368421052631579,spot_diameter,2.5,1.9651479841089161,0.7860591936435665,0.7860591936435665,0.49087385212340523,0.2945243112740431,294.5243112740431,0.2315135426285011,231.5135426285011,5.787838565712527,5787.838565712527,1.2866062018813462,1286.6062018813461,231.5135426285011,throughput_acquisition_density
E,10.0,78.53981633974483,2.5,4.908738521234052,0.1,0.6,0.6 g/cm^3,76.3157894736842,3600.0,21.198830409356724,35.331384015594544,derived_from_throughput,0.44985315298878803,4.49853152988788,4.578947368421052,spot_diameter,2.5,2.059853911053924,0.8239415644215695,0.8239415644215695,0.49087385212340523,0.2945243112740431,294.5243112740431,0.24267082179132038,242.67082179132038,6.06677054478301,6066.770544783009,1.3486113200443026,1348.6113200443026,242.67082179132038,throughput_acquisition_density
E,10.0,78.53981633974483,2.5,4.908738521234052,0.1,0.6,0.6 g/cm^3,76.3157894736842,3600.0,21.198830409356724,35.331384015594544,derived_from_throughput,0.44985315298878803,4.49853152988788,4.789473684210526,spot_diameter,2.5,2.154559837998932,0.8618239351995728,0.8618239351995728,0.49087385212340523,0.2945243112740431,294.5243112740431,0.2538281009541397,253.8281009541397,6.345702523853493,6345.702523853493,1.4106164382072588,1410.6164382072589,253.8281009541397,throughput_acquisition_density
E,10.0,78.53981633974483,2.5,4.908738521234052,0.1,0.6,0.6 g/cm^3,76.3157894736842,3600.0,21.198830409356724,35.331384015594544,derived_from_throughput,0.44985315298878803,4.49853152988788,5.0,spot_diameter,2.5,2.24926576494394,0.8997063059775761,0.8997063059775761,0.49087385212340523,0.2945243112740431,294.5243112740431,0.2649853801169591,264.9853801169591,6.6246345029239775,6624.634502923977,1.4726215563702154,1472.6215563702153,264.9853801169591,throughput_acquisition_density
E,10.0,78.53981633974483,2.5,4.908738521234052,0.1,0.6,0.6 g/cm^3,81.05263157894737,3600.0,22.514619883040936,37.52436647173489,derived_from_throughput,0.4777750728294714,4.7777507282947145,1.0,spot_diameter,2.5,0.4777750728294714,0.19111002913178857,0.19111002913178857,0.49087385212340523,0.2945243112740431,294.5243112740431,0.05628654970760234,56.28654970760234,1.4071637426900585,1407.1637426900586,0.2945243112740431,294.5243112740431,56.28654970760234,throughput_acquisition_density
E,10.0,78.53981633974483,2.5,4.908738521234052,0.1,0.6,0.6 g/cm^3,81.05263157894737,3600.0,22.514619883040936,37.52436647173489,derived_from_throughput,0.4777750728294714,4.7777507282947145,1.2105263157894737,spot_diameter,2.5,0.5783592986883075,0.231343719475323,0.231343719475323,0.49087385212340523,0.2945243112740431,294.5243112740431,0.06813634964604494,68.13634964604493,1.7034087411511234,1703.4087411511234,0.35652942943699956,356.5294294369996,68.13634964604493,throughput_acquisition_density
E,10.0,78.53981633974483,2.5,4.908738521234052,0.1,0.6,0.6 g/cm^3,81.05263157894737,3600.0,22.514619883040936,37.52436647173489,derived_from_throughput,0.4777750728294714,4.7777507282947145,1.4210526315789473,spot_diameter,2.5,0.6789435245471436,0.2715774098188574,0.2715774098188574,0.49087385212340523,0.2945243112740431,294.5243112740431,0.07998614958448753,79.98614958448753,1.9996537396121883,1999.6537396121882,0.418534547599956,418.534547599956,79.98614958448753,throughput_acquisition_density
E,10.0,78.53981633974483,2.5,4.908738521234052,0.1,0.6,0.6 g/cm^3,81.05263157894737,3600.0,22.514619883040936,37.52436647173489,derived_from_throughput,0.4777750728294714,4.7777507282947145,1.631578947368421,spot_diameter,2.5,0.7795277504059797,0.3118111001623919,0.3118111001623919,0.49087385212340523,0.2945243112740431,294.5243112740431,0.09183594952293014,91.83594952293015,2.2958987380732534,2295.8987380732533,0.4805396657629124,480.5396657629124,91.83594952293015,throughput_acquisition_density
E,10.0,78.53981633974483,2.5,4.908738521234052,0.1,0.6,0.6 g/cm^3,81.05263157894737,3600.0,22.514619883040936,37.52436647173489,derived_from_throughput,0.4777750728294714,4.7777507282947145,1.8421052631578947,spot_diameter,2.5,0.8801119762648157,0.3520447905059263,0.3520447905059263,0.49087385212340523,0.2945243112740431,294.5243112740431,0.10368574946137273,103.68574946137272,2.592143736534318,2592.143736534318,0.5425447839258689,542.544783925869,103.68574946137272,throughput_acquisition_density
E,10.0,78.53981633974483,2.5,4.908738521234052,0.1,0.6,0.6 g/cm^3,81.05263157894737,3600.0,22.514619883040936,37.52436647173489,derived_from_throughput,0.4777750728294714,4.7777507282947145,2.052631578947368,spot_diameter,2.5,0.9806962021236517,0.3922784808494607,0.3922784808494607,0.49087385212340523,0.2945243112740431,294.5243112740431,0.11553554939981532,115.53554939981532,2.8883887349953827,2888.388734995383,0.6045499020888252,604.5499020888252,115.53554939981532,throughput_acquisition_density
E,10.0,78.53981633974483,2.5,4.908738521234052,0.1,0.6,0.6 g/cm^3,81.05263157894737,3600.0,22.514619883040936,37.52436647173489,derived_from_throughput,0.4777750728294714,4.7777507282947145,2.263157894736842,spot_diameter,2.5,1.081280427982488,0.4325121711929952,0.4325121711929952,0.49087385212340523,0.2945243112740431,294.5243112740431,0.12738534933825793,127.38534933825792,3.1846337334564483,3184.633733456448,0.6665550202517817,666.5550202517817,127.38534933825792,throughput_acquisition_density
E,10.0,78.53981633974483,2.5,4.908738521234052,0.1,0.6,0.6 g/cm^3,81.05263157894737,3600.0,22.514619883040936,37.52436647173489,derived_from_throughput,0.4777750728294714,4.7777507282947145,2.473684210526316,spot_diameter,2.5,1.181864653841324,0.4727458615365296,0.4727458615365296,0.49087385212340523,0.2945243112740431,294.5243112740431,0.13923514927670053,139.23514927670053,3.4808787319175134,3480.8787319175135,0.7285601384147382,728.5601384147382,139.23514927670053,throughput_acquisition_density
E,10.0,78.53981633974483,2.5,4.908738521234052,0.1,0.6,0.6 g/cm^3,81.05263157894737,3600.0,22.514619883040936,37.52436647173489,derived_from_throughput,0.4777750728294714,4.7777507282947145,2.6842105263157894,spot_diameter,2.5,1.28244887970016,0.512979551880064,0.512979551880064,0.49087385212340523,0.2945243112740431,294.5243112740431,0.15108494921514312,151.08494921514313,3.777123730378578,3777.123730378578,0.7905652565776946,790.5652565776946,151.08494921514313,throughput_acquisition_density
E,10.0,78.53981633974483,2.5,4.908738521234052,0.1,0.6,0.6 g/cm^3,81.05263157894737,3600.0,22.514619883040936,37.52436647173489,derived_from_throughput,0.4777750728294714,4.7777507282947145,2.894736842105263,spot_diameter,2.5,1.383033105558996,0.5532132422235984,0.5532132422235984,0.49087385212340523,0.2945243112740431,294.5243112740431,0.1629347491535857,162.9347491535857,4.073368728839642,4073.3687288396422,0.852570374740651,852.570374740651,162.9347491535857,throughput_acquisition_density
E,10.0,78.53981633974483,2.5,4.908738521234052,0.1,0.6,0.6 g/cm^3,81.05263157894737,3600.0,22.514619883040936,37.52436647173489,derived_from_throughput,0.4777750728294714,4.7777507282947145,3.1052631578947367,spot_diameter,2.5,1.4836173314178323,0.5934469325671329,0.5934469325671329,0.49087385212340523,0.2945243112740431,294.5243112740431,0.1747845490920283,174.7845490920283,4.369613727300708,4369.613727300708,0.9145754929036075,914.5754929036075,174.7845490920283,throughput_acquisition_density
E,10.0,78.53981633974483,2.5,4.908738521234052,0.1,0.6,0.6 g/cm^3,81.05263157894737,3600.0,22.514619883040936,37.52436647173489,derived_from_throughput,0.4777750728294714,4.7777507282947145,3.3157894736842106,spot_diameter,2.5,1.5842015572766683,0.6336806229106673,0.6336806229106673,0.49087385212340523,0.2945243112740431,294.5243112740431,0.1866343490304709,186.6343490304709,4.665858725761773,4665.858725761774,0.976580611066564,976.5806110665641,186.6343490304709,throughput_acquisition_density
E,10.0,78.53981633974483,2.5,4.908738521234052,0.1,0.6,0.6 g/cm^3,81.05263157894737,3600.0,22.514619883040936,37.52436647173489,derived_from_throughput,0.4777750728294714,4.7777507282947145,3.526315789473684,spot_diameter,2.5,1.6847857831355044,0.6739143132542018,0.6739143132542018,0.49087385212340523,0.2945243112740431,294.5243112740431,0.19848414896891353,198.48414896891353,4.962103724222838,4962.103724222838,1.0385857292295204,1038.5857292295204,198.48414896891353,throughput_acquisition_density
E,10.0,78.53981633974483,2.5,4.908738521234052,0.1,0.6,0.6 g/cm^3,81.05263157894737,3600.0,22.514619883040936,37.52436647173489,derived_from_throughput,0.4777750728294714,4.7777507282947145,3.7368421052631575,spot_diameter,2.5,1.7853700089943403,0.7141480035977361,0.7141480035977361,0.49087385212340523,0.2945243112740431,294.5243112740431,0.2103339489073561,210.3339489073561,5.258348722683903,5258.348722683902,1.1005908473924768,1100.590847392477,210.3339489073561,throughput_acquisition_density
E,10.0,78.53981633974483,2.5,4.908738521234052,0.1,0.6,0.6 g/cm^3,81.05263157894737,3600.0,22.514619883040936,37.52436647173489,derived_from_throughput,0.4777750728294714,4.7777507282947145,3.9473684210526314,spot_diameter,2.5,1.8859542348531766,0.7543816939412706,0.7543816939412706,0.49087385212340523,0.2945243112740431,294.5243112740431,0.22218374884579872,222.18374884579873,5.554593721144967,5554.593721144967,1.1625959655554332,1162.5959655554332,222.18374884579873,throughput_acquisition_density
E,10.0,78.53981633974483,2.5,4.908738521234052,0.1,0.6,0.6 g/cm^3,81.05263157894737,3600.0,22.514619883040936,37.52436647173489,derived_from_throughput,0.4777750728294714,4.7777507282947145,4.157894736842105,spot_diameter,2.5,1.9865384607120127,0.794615384284805,0.794615384284805,0.49087385212340523,0.2945243112740431,294.5243112740431,0.2340335487842413,234.0335487842413,5.850838719606033,5850.838719606033,1.2246010837183898,1224.6010837183899,234.0335487842413,throughput_acquisition_density
E,10.0,78.53981633974483,2.5,4.908738521234052,0.1,0.6,0.6 g/cm^3,81.05263157894737,3600.0,22.514619883040936,37.52436647173489,derived_from_throughput,0.4777750728294714,4.7777507282947145,4.368421052631579,spot_diameter,2.5,2.0871226865708485,0.8348490746283395,0.8348490746283395,0.49087385212340523,0.2945243112740431,294.5243112740431,0.2458833487226839,245.88334872268388,6.147083718067098,6147.083718067098,1.2866062018813462,1286.6062018813461,245.88334872268388,throughput_acquisition_density
E,10.0,78.53981633974483,2.5,4.908738521234052,0.1,0.6,0.6 g/cm^3,81.05263157894737,3600.0,22.514619883040936,37.52436647173489,derived_from_throughput,0.4777750728294714,4.7777507282947145,4.578947368421052,spot_diameter,2.5,2.1877069124296846,0.8750827649718739,0.8750827649718739,0.49087385212340523,0.2945243112740431,294.5243112740431,0.2577331486611265,257.7331486611265,6.443328716528162,6443.328716528163,1.3486113200443026,1348.6113200443026,257.7331486611265,throughput_acquisition_density
E,10.0,78.53981633974483,2.5,4.908738521234052,0.1,0.6,0.6 g/cm^3,81.05263157894737,3600.0,22.514619883040936,37.52436647173489,derived_from_throughput,0.4777750728294714,4.7777507282947145,4.789473684210526,spot_diameter,2.5,2.2882911382885207,0.9153164553154083,0.9153164553154083,0.49087385212340523,0.2945243112740431,294.5243112740431,0.26958294859956905,269.582948599569,6.739573714989227,6739.573714989227,1.4106164382072588,1410.6164382072589,269.582948599569,throughput_acquisition_density
E,10.0,78.53981633974483,2.5,4.908738521234052,0.1,0.6,0.6 g/cm^3,81.05263157894737,3600.0,22.514619883040936,37.52436647173489,derived_from_throughput,0.4777750728294714,4.7777507282947145,5.0,spot_diameter,2.5,2.3888753641473572,0.9555501456589429,0.9555501456589429,0.49087385212340523,0.2945243112740431,294.5243112740431,0.28143274853801176,281.43274853801177,7.0358187134502925,7035.818713450292,1.4726215563702154,1472.6215563702153,281.43274853801177,throughput_acquisition_density
E,10.0,78.53981633974483,2.5,4.908738521234052,0.1,0.6,0.6 g/cm^3,85.78947368421052,3600.0,23.830409356725145,39.71734892787524,derived_from_throughput,0.5056969926701548,5.056969926701548,1.0,spot_diameter,2.5,0.5056969926701548,0.2022787970680619,0.2022787970680619,0.49087385212340523,0.2945243112740431,294.5243112740431,0.05957602339181286,59.57602339181286,1.4894005847953218,1489.4005847953217,0.2945243112740431,294.5243112740431,59.57602339181286,throughput_acquisition_density
E,10.0,78.53981633974483,2.5,4.908738521234052,0.1,0.6,0.6 g/cm^3,85.78947368421052,3600.0,23.830409356725145,39.71734892787524,derived_from_throughput,0.5056969926701548,5.056969926701548,1.2105263157894737,spot_diameter,2.5,0.6121595174428189,0.24486380697712756,0.24486380697712756,0.49087385212340523,0.2945243112740431,294.5243112740431,0.07211834410587872,72.11834410587872,1.8029586026469684,1802.9586026469683,0.35652942943699956,356.5294294369996,72.11834410587872,throughput_acquisition_density
E,10.0,78.53981633974483,2.5,4.908738521234052,0.1,0.6,0.6 g/cm^3,85.78947368421052,3600.0,23.830409356725145,39.71734892787524,derived_from_throughput,0.5056969926701548,5.056969926701548,1.4210526315789473,spot_diameter,2.5,0.7186220422154831,0.2874488168861932,0.2874488168861932,0.49087385212340523,0.2945243112740431,294.5243112740431,0.0846606648199446,84.6606648199446,2.116516620498615,2116.516620498615,0.418534547599956,418.534547599956,84.6606648199446,throughput_acquisition_density
E,10.0,78.53981633974483,2.5,4.908738521234052,0.1,0.6,0.6 g/cm^3,85.78947368421052,3600.0,23.830409356725145,39.71734892787524,derived_from_throughput,0.5056969926701548,5.056969926701548,1.631578947368421,spot_diameter,2.5,0.8250845669881472,0.3300338267952589,0.3300338267952589,0.49087385212340523,0.2945243112740431,294.5243112740431,0.09720298553401045,97.20298553401045,2.430074638350262,2430.074638350262,0.4805396657629124,480.5396657629124,97.20298553401045,throughput_acquisition_density
E,10.0,78.53981633974483,2.5,4.908738521234052,0.1,0.6,0.6 g/cm^3,85.78947368421052,3600.0,23.830409356725145,39.71734892787524,derived_from_throughput,0.5056969926701548,5.056969926701548,1.8421052631578947,spot_diameter,2.5,0.9315470917608114,0.37261883670432455,0.37261883670432455,0.49087385212340523,0.2945243112740431,294.5243112740431,0.10974530624807632,109.74530624807632,2.7436326562019087,2743.6326562019085,0.5425447839258689,542.544783925869,109.74530624807632,throughput_acquisition_density
E,10.0,78.53981633974483,2.5,4.908738521234052,0.1,0.6,0.6 g/cm^3,85.78947368421052,3600.0,23.830409356725145,39.71734892787524,derived_from_throughput,0.5056969926701548,5.056969926701548,2.052631578947368,spot_diameter,2.5,1.0380096165334753,0.41520384661339016,0.41520384661339016,0.49087385212340523,0.2945243112740431,294.5243112740431,0.12228762696214217,122.28762696214217,3.0571906740535546,3057.1906740535546,0.6045499020888252,604.5499020888252,122.28762696214217,throughput_acquisition_density
E,10.0,78.53981633974483,2.5,4.908738521234052,0.1,0.6,0.6 g/cm^3,85.78947368421052,3600.0,23.830409356725145,39.71734892787524,derived_from_throughput,0.5056969926701548,5.056969926701548,2.263157894736842,spot_diameter,2.5,1.1444721413061396,0.4577888565224558,0.4577888565224558,0.49087385212340523,0.2945243112740431,294.5243112740431,0.13482994767620804,134.82994767620804,3.370748691905202,3370.7486919052017,0.6665550202517817,666.5550202517817,134.82994767620804,throughput_acquisition_density
E,10.0,78.53981633974483,2.5,4.908738521234052,0.1,0.6,0.6 g/cm^3,85.78947368421052,3600.0,23.830409356725145,39.71734892787524,derived_from_throughput,0.5056969926701548,5.056969926701548,2.473684210526316,spot_diameter,2.5,1.250934666078804,0.5003738664315216,0.5003738664315216,0.49087385212340523,0.2945243112740431,294.5243112740431,0.14737226839027392,147.37226839027392,3.6843067097568487,3684.3067097568487,0.7285601384147382,728.5601384147382,147.37226839027392,throughput_acquisition_density
E,10.0,78.53981633974483,2.5,4.908738521234052,0.1,0.6,0.6 g/cm^3,85.78947368421052,3600.0,23.830409356725145,39.71734892787524,derived_from_throughput,0.5056969926701548,5.056969926701548,2.6842105263157894,spot_diameter,2.5,1.357397190851468,0.5429588763405871,0.5429588763405871,0.49087385212340523,0.2945243112740431,294.5243112740431,0.15991458910433975,159.91458910433977,3.997864727608495,3997.8647276084953,0.7905652565776946,790.5652565776946,159.91458910433977,throughput_acquisition_density
E,10.0,78.53981633974483,2.5,4.908738521234052,0.1,0.6,0.6 g/cm^3,85.78947368421052,3600.0,23.830409356725145,39.71734892787524,derived_from_throughput,0.5056969926701548,5.056969926701548,2.894736842105263,spot_diameter,2.5,1.463859715624132,0.5855438862496528,0.5855438862496528,0.49087385212340523,0.2945243112740431,294.5243112740431,0.17245690981840564,172.45690981840565,4.311422745460142,4311.422745460142,0.852570374740651,852.570374740651,172.45690981840565,throughput_acquisition_density
E,10.0,78.53981633974483,2.5,4.908738521234052,0.1,0.6,0.6 g/cm^3,85.78947368421052,3600.0,23.830409356725145,39.71734892787524,derived_from_throughput,0.5056969926701548,5.056969926701548,3.1052631578947367,spot_diameter,2.5,1.5703222403967962,0.6281288961587185,0.6281288961587185,0.49087385212340523,0.2945243112740431,294.5243112740431,0.1849992305324715,184.9992305324715,4.624980763311789,4624.980763311789,0.9145754929036075,914.5754929036075,184.9992305324715,throughput_acquisition_density
E,10.0,78.53981633974483,2.5,4.908738521234052,0.1,0.6,0.6 g/cm^3,85.78947368421052,3600.0,23.830409356725145,39.71734892787524,derived_from_throughput,0.5056969926701548,5.056969926701548,3.3157894736842106,spot_diameter,2.5,1.6767847651694607,0.6707139060677842,0.6707139060677842,0.49087385212340523,0.2945243112740431,294.5243112740431,0.19754155124653738,197.54155124653738,4.938538781163436,4938.5387811634355,0.976580611066564,976.5806110665641,197.54155124653738,throughput_acquisition_density
E,10.0,78.53981633974483,2.5,4.908738521234052,0.1,0.6,0.6 g/cm^3,85.78947368421052,3600.0,23.830409356725145,39.71734892787524,derived_from_throughput,0.5056969926701548,5.056969926701548,3.526315789473684,spot_diameter,2.5,1.7832472899421246,0.7132989159768498,0.7132989159768498,0.49087385212340523,0.2945243112740431,294.5243112740431,0.21008387196060324,210.08387196060323,5.2520967990150815,5252.096799015081,1.0385857292295204,1038.5857292295204,210.08387196060323,throughput_acquisition_density
E,10.0,78.53981633974483,2.5,4.908738521234052,0.1,0.6,0.6 g/cm^3,85.78947368421052,3600.0,23.830409356725145,39.71734892787524,derived_from_throughput,0.5056969926701548,5.056969926701548,3.7368421052631575,spot_diameter,2.5,1.8897098147147886,0.7558839258859155,0.7558839258859155,0.49087385212340523,0.2945243112740431,294.5243112740431,0.2226261926746691,222.62619267466908,5.565654816866728,5565.654816866729,1.1005908473924768,1100.590847392477,222.62619267466908,throughput_acquisition_density
E,10.0,78.53981633974483,2.5,4.908738521234052,0.1,0.6,0.6 g/cm^3,85.78947368421052,3600.0,23.830409356725145,39.71734892787524,derived_from_throughput,0.5056969926701548,5.056969926701548,3.9473684210526314,spot_diameter,2.5,1.9961723394874529,0.7984689357949811,0.7984689357949811,0.49087385212340523,0.2945243112740431,294.5243112740431,0.23516851338873496,235.16851338873497,5.879212834718375,5879.212834718375,1.1625959655554332,1162.5959655554332,235.16851338873497,throughput_acquisition_density
E,10.0,78.53981633974483,2.5,4.908738521234052,0.1,0.6,0.6 g/cm^3,85.78947368421052,3600.0,23.830409356725145,39.71734892787524,derived_from_throughput,0.5056969926701548,5.056969926701548,4.157894736842105,spot_diameter,2.5,2.1026348642601174,0.8410539457040469,0.8410539457040469,0.49087385212340523,0.2945243112740431,294.5243112740431,0.24771083410280087,247.71083410280087,6.192770852570022,6192.770852570022,1.2246010837183898,1224.6010837183899,247.71083410280087,throughput_acquisition_density
E,10.0,78.53981633974483,2.5,4.908738521234052,0.1,0.6,0.6 g/cm^3,85.78947368421052,3600.0,23.830409356725145,39.71734892787524,derived_from_throughput,0.5056969926701548,5.056969926701548,4.368421052631579,spot_diameter,2.5,2.2090973890327814,0.8836389556131126,0.8836389556131126,0.49087385212340523,0.2945243112740431,294.5243112740431,0.2602531548168667,260.25315481686675,6.506328870421669,6506.328870421668,1.2866062018813462,1286.6062018813461,260.25315481686675,throughput_acquisition_density
E,10.0,78.53981633974483,2.5,4.908738521234052,0.1,0.6,0.6 g/cm^3,85.78947368421052,3600.0,23.830409356725145,39.71734892787524,derived_from_throughput,0.5056969926701548,5.056969926701548,4.578947368421052,spot_diameter,2.5,2.3155599138054455,0.9262239655221782,0.9262239655221782,0.49087385212340523,0.2945243112740431,294.5243112740431,0.2727954755309326,272.7954755309326,6.819886888273315,6819.886888273315,1.3486113200443026,1348.6113200443026,272.7954755309326,throughput_acquisition_density
E,10.0,78.53981633974483,2.5,4.908738521234052,0.1,0.6,0.6 g/cm^3,85.78947368421052,3600.0,23.830409356725145,39.71734892787524,derived_from_throughput,0.5056969926701548,5.056969926701548,4.789473684210526,spot_diameter,2.5,2.4220224385781095,0.9688089754312438,0.9688089754312438,0.49087385212340523,0.2945243112740431,294.5243112740431,0.28533779624499844,285.33779624499846,7.133444906124962,7133.444906124962,1.4106164382072588,1410.6164382072589,285.33779624499846,throughput_acquisition_density
E,10.0,78.53981633974483,2.5,4.908738521234052,0.1,0.6,0.6 g/cm^3,85.78947368421052,3600.0,23.830409356725145,39.71734892787524,derived_from_throughput,0.5056969926701548,5.056969926701548,5.0,spot_diameter,2.5,2.528484963350774,1.0,1.0,0.49087385212340523,0.2945243112740431,294.5243112740431,0.2945243112740431,294.5243112740431,7.4470029239766085,7447.002923976608,1.4726215563702154,1472.6215563702153,294.5243112740431,throughput_acquisition_density
E,10.0,78.53981633974483,2.5,4.908738521234052,0.1,0.6,0.6 g/cm^3,90.52631578947367,3600.0,25.14619883040935,41.910331384015585,derived_from_throughput,0.533618912510838,5.336189125108381,1.0,spot_diameter,2.5,0.533618912510838,0.2134475650043352,0.2134475650043352,0.49087385212340523,0.2945243112740431,294.5243112740431,0.06286549707602337,62.865497076023374,1.5716374269005844,1571.6374269005844,0.2945243112740431,294.5243112740431,62.865497076023374,throughput_acquisition_density
E,10.0,78.53981633974483,2.5,4.908738521234052,0.1,0.6,0.6 g/cm^3,90.52631578947367,3600.0,25.14619883040935,41.910331384015585,derived_from_throughput,0.533618912510838,5.336189125108381,1.2105263157894737,spot_diameter,2.5,0.6459597361973303,0.2583838944789321,0.2583838944789321,0.49087385212340523,0.2945243112740431,294.5243112740431,0.07610033856571251,76.1003385657125,1.9025084641428127,1902.5084641428127,0.35652942943699956,356.5294294369996,76.1003385657125,throughput_acquisition_density
E,10.0,78.53981633974483,2.5,4.908738521234052,0.1,0.6,0.6 g/cm^3,90.52631578947367,3600.0,25.14619883040935,41.910331384015585,derived_from_throughput,0.533618912510838,5.336189125108381,1.4210526315789473,spot_diameter,2.5,0.7583005598838225,0.303320223953529,0.303320223953529,0.49087385212340523,0.2945243112740431,294.5243112740431,0.08933518005540163,89.33518005540162,2.233379501385041,2233.379501385041,0.418534547599956,418.534547599956,89.33518005540162,throughput_acquisition_density
E,10.0,78.53981633974483,2.5,4.908738521234052,0.1,0.6,0.6 g/cm^3,90.52631578947367,3600.0,25.14619883040935,41.910331384015585,derived_from_throughput,0.533618912510838,5.336189125108381,1.631578947368421,spot_diameter,2.5,0.8706413835703147,0.3482565534281259,0.3482565534281259,0.49087385212340523,0.2945243112740431,294.5243112740431,0.10257002154509078,102.57002154509078,2.5642505386272694,2564.250538627269,0.4805396657629124,480.5396657629124,102.57002154509078,throughput_acquisition_density
E,10.0,78.53981633974483,2.5,4.908738521234052,0.1,0.6,0.6 g/cm^3,90.52631578947367,3600.0,25.14619883040935,41.910331384015585,derived_from_throughput,0.533618912510838,5.336189125108381,1.8421052631578947,spot_diameter,2.5,0.9829822072568069,0.39319288290272275,0.39319288290272275,0.49087385212340523,0.2945243112740431,294.5243112740431,0.1158048630347799,115.8048630347799,2.8951215758694975,2895.1215758694975,0.5425447839258689,542.544783925869,115.8048630347799,throughput_acquisition_density
E,10.0,78.53981633974483,2.5,4.908738521234052,0.1,0.6,0.6 g/cm^3,90.52631578947367,3600.0,25.14619883040935,41.910331384015585,derived_from_throughput,0.533618912510838,5.336189125108381,2.052631578947368,spot_diameter,2.5,1.095323030943299,0.4381292123773196,0.4381292123773196,0.49087385212340523,0.2945243112740431,294.5243112740431,0.12903970452446903,129.03970452446902,3.2259926131117256,3225.9926131117254,0.6045499020888252,604.5499020888252,129.03970452446902,throughput_acquisition_density
E,10.0,78.53981633974483,2.5,4.908738521234052,0.1,0.6,0.6 g/cm^3,90.52631578947367,3600.0,25.14619883040935,41.910331384015585,derived_from_throughput,0.533618912510838,5.336189125108381,2.263157894736842,spot_diameter,2.5,1.2076638546297913,0.4830655418519165,0.4830655418519165,0.49087385212340523,0.2945243112740431,294.5243112740431,0.14227454601415815,142.27454601415815,3.556863650353954,3556.863650353954,0.6665550202517817,666.5550202517817,142.27454601415815,throughput_acquisition_density
E,10.0,78.53981633974483,2.5,4.908738521234052,0.1,0.6,0.6 g/cm^3,90.52631578947367,3600.0,25.14619883040935,41.910331384015585,derived_from_throughput,0.533618912510838,5.336189125108381,2.473684210526316,spot_diameter,2.5,1.3200046783162835,0.5280018713265134,0.5280018713265134,0.49087385212340523,0.2945243112740431,294.5243112740431,0.1555093875038473,155.5093875038473,3.8877346875961827,3887.7346875961825,0.7285601384147382,728.5601384147382,155.5093875038473,throughput_acquisition_density
E,10.0,78.53981633974483,2.5,4.908738521234052,0.1,0.6,0.6 g/cm^3,90.52631578947367,3600.0,25.14619883040935,41.910331384015585,derived_from_throughput,0.533618912510838,5.336189125108381,2.6842105263157894,spot_diameter,2.5,1.4323455020027758,0.5729382008011104,0.5729382008011104,0.49087385212340523,0.2945243112740431,294.5243112740431,0.16874422899353644,168.74422899353644,4.218605724838411,4218.60572483841,0.7905652565776946,790.5652565776946,168.74422899353644,throughput_acquisition_density
E,10.0,78.53981633974483,2.5,4.908738521234052,0.1,0.6,0.6 g/cm^3,90.52631578947367,3600.0,25.14619883040935,41.910331384015585,derived_from_throughput,0.533618912510838,5.336189125108381,2.894736842105263,spot_diameter,2.5,1.5446863256892678,0.6178745302757072,0.6178745302757072,0.49087385212340523,0.2945243112740431,294.5243112740431,0.18197907048322554,181.97907048322554,4.549476762080639,4549.476762080639,0.852570374740651,852.570374740651,181.97907048322554,throughput_acquisition_density
E,10.0,78.53981633974483,2.5,4.908738521234052,0.1,0.6,0.6 g/cm^3,90.52631578947367,3600.0,25.14619883040935,41.910331384015585,derived_from_throughput,0.533618912510838,5.336189125108381,3.1052631578947367,spot_diameter,2.5,1.6570271493757602,0.6628108597503041,0.6628108597503041,0.49087385212340523,0.2945243112740431,294.5243112740431,0.19521391197291468,195.21391197291467,4.880347799322867,4880.347799322867,0.9145754929036075,914.5754929036075,195.21391197291467,throughput_acquisition_density
E,10.0,78.53981633974483,2.5,4.908738521234052,0.1,0.6,0.6 g/cm^3,90.52631578947367,3600.0,25.14619883040935,41.910331384015585,derived_from_throughput,0.533618912510838,5.336189125108381,3.3157894736842106,spot_diameter,2.5,1.7693679730622525,0.707747189224901,0.707747189224901,0.49087385212340523,0.2945243112740431,294.5243112740431,0.20844875346260383,208.44875346260383,5.211218836565096,5211.218836565096,0.976580611066564,976.5806110665641,208.44875346260383,throughput_acquisition_density
E,10.0,78.53981633974483,2.5,4.908738521234052,0.1,0.6,0.6 g/cm^3,90.52631578947367,3600.0,25.14619883040935,41.910331384015585,derived_from_throughput,0.533618912510838,5.336189125108381,3.526315789473684,spot_diameter,2.5,1.8817087967487447,0.7526835186994979,0.7526835186994979,0.49087385212340523,0.2945243112740431,294.5243112740431,0.22168359495229295,221.68359495229296,5.542089873807324,5542.089873807324,1.0385857292295204,1038.5857292295204,221.68359495229296,throughput_acquisition_density
E,10.0,78.53981633974483,2.5,4.908738521234052,0.1,0.6,0.6 g/cm^3,90.52631578947367,3600.0,25.14619883040935,41.910331384015585,derived_from_throughput,0.533618912510838,5.336189125108381,3.7368421052631575,spot_diameter,2.5,1.9940496204352367,0.7976198481740947,0.7976198481740947,0.49087385212340523,0.2945243112740431,294.5243112740431,0.23491843644198207,234.91843644198207,5.872960911049551,5872.960911049551,1.1005908473924768,1100.590847392477,234.91843644198207,throughput_acquisition_density
E,10.0,78.53981633974483,2.5,4.908738521234052,0.1,0.6,0.6 g/cm^3,90.52631578947367,3600.0,25.14619883040935,41.910331384015585,derived_from_throughput,0.533618912510838,5.336189125108381,3.9473684210526314,spot_diameter,2.5,2.106390444121729,0.8425561776486916,0.8425561776486916,0.49087385212340523,0.2945243112740431,294.5243112740431,0.24815327793167122,248.15327793167123,6.20383194829178,6203.8319482917805,1.1625959655554332,1162.5959655554332,248.15327793167123,throughput_acquisition_density
E,10.0,78.53981633974483,2.5,4.908738521234052,0.1,0.6,0.6 g/cm^3,90.52631578947367,3600.0,25.14619883040935,41.910331384015585,derived_from_throughput,0.533618912510838,5.336189125108381,4.157894736842105,spot_diameter,2.5,2.2187312678082214,0.8874925071232885,0.8874925071232885,0.49087385212340523,0.2945243112740431,294.5243112740431,0.26138811942136037,261.3881194213604,6.534702985534008,6534.702985534009,1.2246010837183898,1224.6010837183899,261.3881194213604,throughput_acquisition_density
E,10.0,78.53981633974483,2.5,4.908738521234052,0.1,0.6,0.6 g/cm^3,90.52631578947367,3600.0,25.14619883040935,41.910331384015585,derived_from_throughput,0.533618912510838,5.336189125108381,4.368421052631579,spot_diameter,2.5,2.3310720914947134,0.9324288365978853,0.9324288365978853,0.49087385212340523,0.2945243112740431,294.5243112740431,0.27462296091104943,274.6229609110494,6.8655740227762365,6865.574022776236,1.2866062018813462,1286.6062018813461,274.6229609110494,throughput_acquisition_density
E,10.0,78.53981633974483,2.5,4.908738521234052,0.1,0.6,0.6 g/cm^3,90.52631578947367,3600.0,25.14619883040935,41.910331384015585,derived_from_throughput,0.533618912510838,5.336189125108381,4.578947368421052,spot_diameter,2.5,2.4434129151812054,0.9773651660724821,0.9773651660724821,0.49087385212340523,0.2945243112740431,294.5243112740431,0.28785780240073855,287.85780240073854,7.196445060018465,7196.445060018465,1.3486113200443026,1348.6113200443026,287.85780240073854,throughput_acquisition_density
E,10.0,78.53981633974483,2.5,4.908738521234052,0.1,0.6,0.6 g/cm^3,90.52631578947367,3600.0,25.14619883040935,41.910331384015585,derived_from_throughput,0.533618912510838,5.336189125108381,4.789473684210526,spot_diameter,2.5,2.5557537388676974,1.0,1.0,0.49087385212340523,0.2945243112740431,294.5243112740431,0.2945243112740431,294.5243112740431,7.527316097260693,7527.316097260693,1.4106164382072588,1410.6164382072589,294.5243112740431,throughput_acquisition_density
E,10.0,78.53981633974483,2.5,4.908738521234052,0.1,0.6,0.6 g/cm^3,90.52631578947367,3600.0,25.14619883040935,41.910331384015585,derived_from_throughput,0.533618912510838,5.336189125108381,5.0,spot_diameter,2.5,2.6680945625541903,1.0,1.0,0.49087385212340523,0.2945243112740431,294.5243112740431,0.2945243112740431,294.5243112740431,7.858187134502922,7858.187134502922,1.4726215563702154,1472.6215563702153,294.5243112740431,throughput_acquisition_density
E,10.0,78.53981633974483,2.5,4.908738521234052,0.1,0.6,0.6 g/cm^3,95.26315789473684,3600.0,26.461988304093566,44.10331384015595,derived_from_throughput,0.5615408323515216,5.615408323515217,1.0,spot_diameter,2.5,0.5615408323515216,0.22461633294060865,0.22461633294060865,0.49087385212340523,0.2945243112740431,294.5243112740431,0.06615497076023392,66.15497076023392,1.6538742690058483,1653.8742690058484,0.2945243112740431,294.5243112740431,66.15497076023392,throughput_acquisition_density
E,10.0,78.53981633974483,2.5,4.908738521234052,0.1,0.6,0.6 g/cm^3,95.26315789473684,3600.0,26.461988304093566,44.10331384015595,derived_from_throughput,0.5615408323515216,5.615408323515217,1.2105263157894737,spot_diameter,2.5,0.6797599549518419,0.2719039819807368,0.2719039819807368,0.49087385212340523,0.2945243112740431,294.5243112740431,0.08008233302554633,80.08233302554633,2.0020583256386586,2002.0583256386585,0.35652942943699956,356.5294294369996,80.08233302554633,throughput_acquisition_density
E,10.0,78.53981633974483,2.5,4.908738521234052,0.1,0.6,0.6 g/cm^3,95.26315789473684,3600.0,26.461988304093566,44.10331384015595,derived_from_throughput,0.5615408323515216,5.615408323515217,1.4210526315789473,spot_diameter,2.5,0.7979790775521624,0.31919163102086495,0.31919163102086495,0.49087385212340523,0.2945243112740431,294.5243112740431,0.09400969529085874,94.00969529085874,2.3502423822714684,2350.2423822714686,0.418534547599956,418.534547599956,94.00969529085874,throughput_acquisition_density
E,10.0,78.53981633974483,2.5,4.908738521234052,0.1,0.6,0.6 g/cm^3,95.26315789473684,3600.0,26.461988304093566,44.10331384015595,derived_from_throughput,0.5615408323515216,5.615408323515217,1.631578947368421,spot_diameter,2.5,0.9161982001524827,0.36647928006099306,0.36647928006099306,0.49087385212340523,0.2945243112740431,294.5243112740431,0.10793705755617114,107.93705755617114,2.6984264389042787,2698.4264389042787,0.4805396657629124,480.5396657629124,107.93705755617114,throughput_acquisition_density
E,10.0,78.53981633974483,2.5,4.908738521234052,0.1,0.6,0.6 g/cm^3,95.26315789473684,3600.0,26.461988304093566,44.10331384015595,derived_from_throughput,0.5615408323515216,5.615408323515217,1.8421052631578947,spot_diameter,2.5,1.034417322752803,0.41376692910112123,0.41376692910112123,0.49087385212340523,0.2945243112740431,294.5243112740431,0.12186441982148355,121.86441982148355,3.046610495537089,3046.610495537089,0.5425447839258689,542.544783925869,121.86441982148355,throughput_acquisition_density
E,10.0,78.53981633974483,2.5,4.908738521234052,0.1,0.6,0.6 g/cm^3,95.26315789473684,3600.0,26.461988304093566,44.10331384015595,derived_from_throughput,0.5615408323515216,5.615408323515217,2.052631578947368,spot_diameter,2.5,1.1526364453531233,0.4610545781412493,0.4610545781412493,0.49087385212340523,0.2945243112740431,294.5243112740431,0.13579178208679593,135.79178208679593,3.394794552169899,3394.794552169899,0.6045499020888252,604.5499020888252,135.79178208679593,throughput_acquisition_density
E,10.0,78.53981633974483,2.5,4.908738521234052,0.1,0.6,0.6 g/cm^3,95.26315789473684,3600.0,26.461988304093566,44.10331384015595,derived_from_throughput,0.5615408323515216,5.615408323515217,2.263157894736842,spot_diameter,2.5,1.2708555679534437,0.5083422271813774,0.5083422271813774,0.49087385212340523,0.2945243112740431,294.5243112740431,0.14971914435210834,149.71914435210834,3.742978608802709,3742.978608802709,0.6665550202517817,666.5550202517817,149.71914435210834,throughput_acquisition_density
E,10.0,78.53981633974483,2.5,4.908738521234052,0.1,0.6,0.6 g/cm^3,95.26315789473684,3600.0,26.461988304093566,44.10331384015595,derived_from_throughput,0.5615408323515216,5.615408323515217,2.473684210526316,spot_diameter,2.5,1.389074690553764,0.5556298762215056,0.5556298762215056,0.49087385212340523,0.2945243112740431,294.5243112740431,0.16364650661742075,163.64650661742075,4.09116266543552,4091.1626654355196,0.7285601384147382,728.5601384147382,163.64650661742075,throughput_acquisition_density
E,10.0,78.53981633974483,2.5,4.908738521234052,0.1,0.6,0.6 g/cm^3,95.26315789473684,3600.0,26.461988304093566,44.10331384015595,derived_from_throughput,0.5615408323515216,5.615408323515217,2.6842105263157894,spot_diameter,2.5,1.5072938131540843,0.6029175252616337,0.6029175252616337,0.49087385212340523,0.2945243112740431,294.5243112740431,0.17757386888273313,177.57386888273314,4.439346722068329,4439.346722068329,0.7905652565776946,790.5652565776946,177.57386888273314,throughput_acquisition_density
E,10.0,78.53981633974483,2.5,4.908738521234052,0.1,0.6,0.6 g/cm^3,95.26315789473684,3600.0,26.461988304093566,44.10331384015595,derived_from_throughput,0.5615408323515216,5.615408323515217,2.894736842105263,spot_diameter,2.5,1.6255129357544045,0.6502051743017618,0.6502051743017618,0.49087385212340523,0.2945243112740431,294.5243112740431,0.19150123114804554,191.50123114804555,4.787530778701139,4787.53077870114,0.852570374740651,852.570374740651,191.50123114804555,throughput_acquisition_density
E,10.0,78.53981633974483,2.5,4.908738521234052,0.1,0.6,0.6 g/cm^3,95.26315789473684,3600.0,26.461988304093566,44.10331384015595,derived_from_throughput,0.5615408323515216,5.615408323515217,3.1052631578947367,spot_diameter,2.5,1.7437320583547251,0.69749282334189,0.69749282334189,0.49087385212340523,0.2945243112740431,294.5243112740431,0.20542859341335798,205.428593413358,5.13571483533395,5135.71483533395,0.9145754929036075,914.5754929036075,205.428593413358,throughput_acquisition_density
E,10.0,78.53981633974483,2.5,4.908738521234052,0.1,0.6,0.6 g/cm^3,95.26315789473684,3600.0,26.461988304093566,44.10331384015595,derived_from_throughput,0.5615408323515216,5.615408323515217,3.3157894736842106,spot_diameter,2.5,1.8619511809550455,0.7447804723820182,0.7447804723820182,0.49087385212340523,0.2945243112740431,294.5243112740431,0.2193559556786704,219.3559556786704,5.483898891966761,5483.898891966761,0.976580611066564,976.5806110665641,219.3559556786704,throughput_acquisition_density
E,10.0,78.53981633974483,2.5,4.908738521234052,0.1,0.6,0.6 g/cm^3,95.26315789473684,3600.0,26.461988304093566,44.10331384015595,derived_from_throughput,0.5615408323515216,5.615408323515217,3.526315789473684,spot_diameter,2.5,1.9801703035553657,0.7920681214221463,0.7920681214221463,0.49087385212340523,0.2945243112740431,294.5243112740431,0.2332833179439828,233.2833179439828,5.83208294859957,5832.08294859957,1.0385857292295204,1038.5857292295204,233.2833179439828,throughput_acquisition_density
E,10.0,78.53981633974483,2.5,4.908738521234052,0.1,0.6,0.6 g/cm^3,95.26315789473684,3600.0,26.461988304093566,44.10331384015595,derived_from_throughput,0.5615408323515216,5.615408323515217,3.7368421052631575,spot_diameter,2.5,2.098389426155686,0.8393557704622744,0.8393557704622744,0.49087385212340523,0.2945243112740431,294.5243112740431,0.24721068020929518,247.2106802092952,6.18026700523238,6180.267005232379,1.1005908473924768,1100.590847392477,247.2106802092952,throughput_acquisition_density
E,10.0,78.53981633974483,2.5,4.908738521234052,0.1,0.6,0.6 g/cm^3,95.26315789473684,3600.0,26.461988304093566,44.10331384015595,derived_from_throughput,0.5615408323515216,5.615408323515217,3.9473684210526314,spot_diameter,2.5,2.2166085487560063,0.8866434195024026,0.8866434195024026,0.49087385212340523,0.2945243112740431,294.5243112740431,0.2611380424746076,261.1380424746076,6.528451061865191,6528.451061865191,1.1625959655554332,1162.5959655554332,261.1380424746076,throughput_acquisition_density
E,10.0,78.53981633974483,2.5,4.908738521234052,0.1,0.6,0.6 g/cm^3,95.26315789473684,3600.0,26.461988304093566,44.10331384015595,derived_from_throughput,0.5615408323515216,5.615408323515217,4.157894736842105,spot_diameter,2.5,2.3348276713563267,0.9339310685425307,0.9339310685425307,0.49087385212340523,0.2945243112740431,294.5243112740431,0.27506540473992,275.06540473992004,6.876635118498001,6876.635118498001,1.2246010837183898,1224.6010837183899,275.06540473992004,throughput_acquisition_density
E,10.0,78.53981633974483,2.5,4.908738521234052,0.1,0.6,0.6 g/cm^3,95.26315789473684,3600.0,26.461988304093566,44.10331384015595,derived_from_throughput,0.5615408323515216,5.615408323515217,4.368421052631579,spot_diameter,2.5,2.453046793956647,0.9812187175826589,0.9812187175826589,0.49087385212340523,0.2945243112740431,294.5243112740431,0.2889927670052324,288.9927670052324,7.22481917513081,7224.81917513081,1.2866062018813462,1286.6062018813461,288.9927670052324,throughput_acquisition_density
E,10.0,78.53981633974483,2.5,4.908738521234052,0.1,0.6,0.6 g/cm^3,95.26315789473684,3600.0,26.461988304093566,44.10331384015595,derived_from_throughput,0.5615408323515216,5.615408323515217,4.578947368421052,spot_diameter,2.5,2.571265916556967,1.0,1.0,0.49087385212340523,0.2945243112740431,294.5243112740431,0.2945243112740431,294.5243112740431,7.573003231763621,7573.0032317636205,1.3486113200443026,1348.6113200443026,294.5243112740431,throughput_acquisition_density
E,10.0,78.53981633974483,2.5,4.908738521234052,0.1,0.6,0.6 g/cm^3,95.26315789473684,3600.0,26.461988304093566,44.10331384015595,derived_from_throughput,0.5615408323515216,5.615408323515217,4.789473684210526,spot_diameter,2.5,2.6894850391572875,1.0,1.0,0.49087385212340523,0.2945243112740431,294.5243112740431,0.2945243112740431,294.5243112740431,7.92118728839643,7921.18728839643,1.4106164382072588,1410.6164382072589,294.5243112740431,throughput_acquisition_density
E,10.0,78.53981633974483,2.5,4.908738521234052,0.1,0.6,0.6 g/cm^3,95.26315789473684,3600.0,26.461988304093566,44.10331384015595,derived_from_throughput,0.5615408323515216,5.615408323515217,5.0,spot_diameter,2.5,2.8077041617576084,1.0,1.0,0.49087385212340523,0.2945243112740431,294.5243112740431,0.2945243112740431,294.5243112740431,8.269371345029242,8269.371345029242,1.4726215563702154,1472.6215563702153,294.5243112740431,throughput_acquisition_density
E,10.0,78.53981633974483,2.5,4.908738521234052,0.1,0.6,0.6 g/cm^3,100.0,3600.0,27.77777777777778,46.2962962962963,derived_from_throughput,0.589462752192205,5.89462752192205,1.0,spot_diameter,2.5,0.589462752192205,0.235785100876882,0.235785100876882,0.49087385212340523,0.2945243112740431,294.5243112740431,0.06944444444444445,69.44444444444444,1.7361111111111114,1736.1111111111113,0.2945243112740431,294.5243112740431,69.44444444444444,throughput_acquisition_density
E,10.0,78.53981633974483,2.5,4.908738521234052,0.1,0.6,0.6 g/cm^3,100.0,3600.0,27.77777777777778,46.2962962962963,derived_from_throughput,0.589462752192205,5.89462752192205,1.2105263157894737,spot_diameter,2.5,0.7135601737063534,0.28542406948254134,0.28542406948254134,0.49087385212340523,0.2945243112740431,294.5243112740431,0.08406432748538012,84.06432748538012,2.101608187134503,2101.608187134503,0.35652942943699956,356.5294294369996,84.06432748538012,throughput_acquisition_density
E,10.0,78.53981633974483,2.5,4.908738521234052,0.1,0.6,0.6 g/cm^3,100.0,3600.0,27.77777777777778,46.2962962962963,derived_from_throughput,0.589462752192205,5.89462752192205,1.4210526315789473,spot_diameter,2.5,0.8376575952205019,0.33506303808820076,0.33506303808820076,0.49087385212340523,0.2945243112740431,294.5243112740431,0.0986842105263158,98.68421052631581,2.467105263157895,2467.105263157895,0.418534547599956,418.534547599956,98.68421052631581,throughput_acquisition_density
E,10.0,78.53981633974483,2.5,4.908738521234052,0.1,0.6,0.6 g/cm^3,100.0,3600.0,27.77777777777778,46.2962962962963,derived_from_throughput,0.589462752192205,5.89462752192205,1.631578947368421,spot_diameter,2.5,0.9617550167346502,0.3847020066938601,0.3847020066938601,0.49087385212340523,0.2945243112740431,294.5243112740431,0.11330409356725148,113.30409356725147,2.832602339181287,2832.6023391812873,0.4805396657629124,480.5396657629124,113.30409356725147,throughput_acquisition_density
E,10.0,78.53981633974483,2.5,4.908738521234052,0.1,0.6,0.6 g/cm^3,100.0,3600.0,27.77777777777778,46.2962962962963,derived_from_throughput,0.589462752192205,5.89462752192205,1.8421052631578947,spot_diameter,2.5,1.0858524382487986,0.4343409752995194,0.4343409752995194,0.49087385212340523,0.2945243112740431,294.5243112740431,0.12792397660818713,127.92397660818713,3.1980994152046787,3198.0994152046787,0.5425447839258689,542.544783925869,127.92397660818713,throughput_acquisition_density
E,10.0,78.53981633974483,2.5,4.908738521234052,0.1,0.6,0.6 g/cm^3,100.0,3600.0,27.77777777777778,46.2962962962963,derived_from_throughput,0.589462752192205,5.89462752192205,2.052631578947368,spot_diameter,2.5,1.209949859762947,0.4839799439051788,0.4839799439051788,0.49087385212340523,0.2945243112740431,294.5243112740431,0.1425438596491228,142.5438596491228,3.56359649122807,3563.59649122807,0.6045499020888252,604.5499020888252,142.5438596491228,throughput_acquisition_density
E,10.0,78.53981633974483,2.5,4.908738521234052,0.1,0.6,0.6 g/cm^3,100.0,3600.0,27.77777777777778,46.2962962962963,derived_from_throughput,0.589462752192205,5.89462752192205,2.263157894736842,spot_diameter,2.5,1.3340472812770956,0.5336189125108383,0.5336189125108383,0.49087385212340523,0.2945243112740431,294.5243112740431,0.1571637426900585,157.1637426900585,3.9290935672514626,3929.0935672514624,0.6665550202517817,666.5550202517817,157.1637426900585,throughput_acquisition_density
E,10.0,78.53981633974483,2.5,4.908738521234052,0.1,0.6,0.6 g/cm^3,100.0,3600.0,27.77777777777778,46.2962962962963,derived_from_throughput,0.589462752192205,5.89462752192205,2.473684210526316,spot_diameter,2.5,1.458144702791244,0.5832578811164976,0.5832578811164976,0.49087385212340523,0.2945243112740431,294.5243112740431,0.17178362573099415,171.78362573099415,4.294590643274855,4294.590643274855,0.7285601384147382,728.5601384147382,171.78362573099415,throughput_acquisition_density
E,10.0,78.53981633974483,2.5,4.908738521234052,0.1,0.6,0.6 g/cm^3,100.0,3600.0,27.77777777777778,46.2962962962963,derived_from_throughput,0.589462752192205,5.89462752192205,2.6842105263157894,spot_diameter,2.5,1.5822421243053924,0.632896849722157,0.632896849722157,0.49087385212340523,0.2945243112740431,294.5243112740431,0.18640350877192985,186.40350877192984,4.660087719298247,4660.087719298246,0.7905652565776946,790.5652565776946,186.40350877192984,throughput_acquisition_density
E,10.0,78.53981633974483,2.5,4.908738521234052,0.1,0.6,0.6 g/cm^3,100.0,3600.0,27.77777777777778,46.2962962962963,derived_from_throughput,0.589462752192205,5.89462752192205,2.894736842105263,spot_diameter,2.5,1.7063395458195407,0.6825358183278163,0.6825358183278163,0.49087385212340523,0.2945243112740431,294.5243112740431,0.2010233918128655,201.0233918128655,5.025584795321637,5025.584795321637,0.852570374740651,852.570374740651,201.0233918128655,throughput_acquisition_density
E,10.0,78.53981633974483,2.5,4.908738521234052,0.1,0.6,0.6 g/cm^3,100.0,3600.0,27.77777777777778,46.2962962962963,derived_from_throughput,0.589462752192205,5.89462752192205,3.1052631578947367,spot_diameter,2.5,1.830436967333689,0.7321747869334756,0.7321747869334756,0.49087385212340523,0.2945243112740431,294.5243112740431,0.21564327485380116,215.64327485380116,5.39108187134503,5391.08187134503,0.9145754929036075,914.5754929036075,215.64327485380116,throughput_acquisition_density
E,10.0,78.53981633974483,2.5,4.908738521234052,0.1,0.6,0.6 g/cm^3,100.0,3600.0,27.77777777777778,46.2962962962963,derived_from_throughput,0.589462752192205,5.89462752192205,3.3157894736842106,spot_diameter,2.5,1.9545343888478377,0.7818137555391351,0.7818137555391351,0.49087385212340523,0.2945243112740431,294.5243112740431,0.23026315789473686,230.26315789473688,5.756578947368422,5756.578947368422,0.976580611066564,976.5806110665641,230.26315789473688,throughput_acquisition_density
E,10.0,78.53981633974483,2.5,4.908738521234052,0.1,0.6,0.6 g/cm^3,100.0,3600.0,27.77777777777778,46.2962962962963,derived_from_throughput,0.589462752192205,5.89462752192205,3.526315789473684,spot_diameter,2.5,2.078631810361986,0.8314527241447944,0.8314527241447944,0.49087385212340523,0.2945243112740431,294.5243112740431,0.24488304093567254,244.88304093567254,6.122076023391814,6122.076023391814,1.0385857292295204,1038.5857292295204,244.88304093567254,throughput_acquisition_density
E,10.0,78.53981633974483,2.5,4.908738521234052,0.1,0.6,0.6 g/cm^3,100.0,3600.0,27.77777777777778,46.2962962962963,derived_from_throughput,0.589462752192205,5.89462752192205,3.7368421052631575,spot_diameter,2.5,2.2027292318761345,0.8810916927504537,0.8810916927504537,0.49087385212340523,0.2945243112740431,294.5243112740431,0.2595029239766082,259.5029239766082,6.487573099415205,6487.573099415205,1.1005908473924768,1100.590847392477,259.5029239766082,throughput_acquisition_density
E,10.0,78.53981633974483,2.5,4.908738521234052,0.1,0.6,0.6 g/cm^3,100.0,3600.0,27.77777777777778,46.2962962962963,derived_from_throughput,0.589462752192205,5.89462752192205,3.9473684210526314,spot_diameter,2.5,2.326826653390283,0.9307306613561132,0.9307306613561132,0.49087385212340523,0.2945243112740431,294.5243112740431,0.2741228070175439,274.1228070175439,6.853070175438598,6853.070175438597,1.1625959655554332,1162.5959655554332,274.1228070175439,throughput_acquisition_density
E,10.0,78.53981633974483,2.5,4.908738521234052,0.1,0.6,0.6 g/cm^3,100.0,3600.0,27.77777777777778,46.2962962962963,derived_from_throughput,0.589462752192205,5.89462752192205,4.157894736842105,spot_diameter,2.5,2.450924074904431,0.9803696299617725,0.9803696299617725,0.49087385212340523,0.2945243112740431,294.5243112740431,0.2887426900584795,288.7426900584795,7.218567251461989,7218.567251461989,1.2246010837183898,1224.6010837183899,288.7426900584795,throughput_acquisition_density
E,10.0,78.53981633974483,2.5,4.908738521234052,0.1,0.6,0.6 g/cm^3,100.0,3600.0,27.77777777777778,46.2962962962963,derived_from_throughput,0.589462752192205,5.89462752192205,4.368421052631579,spot_diameter,2.5,2.5750214964185796,1.0,1.0,0.49087385212340523,0.2945243112740431,294.5243112740431,0.2945243112740431,294.5243112740431,7.584064327485381,7584.064327485381,1.2866062018813462,1286.6062018813461,294.5243112740431,throughput_acquisition_density
E,10.0,78.53981633974483,2.5,4.908738521234052,0.1,0.6,0.6 g/cm^3,100.0,3600.0,27.77777777777778,46.2962962962963,derived_from_throughput,0.589462752192205,5.89462752192205,4.578947368421052,spot_diameter,2.5,2.699118917932728,1.0,1.0,0.49087385212340523,0.2945243112740431,294.5243112740431,0.2945243112740431,294.5243112740431,7.949561403508772,7949.561403508772,1.3486113200443026,1348.6113200443026,294.5243112740431,throughput_acquisition_density
E,10.0,78.53981633974483,2.5,4.908738521234052,0.1,0.6,0.6 g/cm^3,100.0,3600.0,27.77777777777778,46.2962962962963,derived_from_throughput,0.589462752192205,5.89462752192205,4.789473684210526,spot_diameter,2.5,2.8232163394468763,1.0,1.0,0.49087385212340523,0.2945243112740431,294.5243112740431,0.2945243112740431,294.5243112740431,8.315058479532164,8315.058479532165,1.4106164382072588,1410.6164382072589,294.5243112740431,throughput_acquisition_density
E,10.0,78.53981633974483,2.5,4.908738521234052,0.1,0.6,0.6 g/cm^3,100.0,3600.0,27.77777777777778,46.2962962962963,derived_from_throughput,0.589462752192205,5.89462752192205,5.0,spot_diameter,2.5,2.947313760961025,1.0,1.0,0.49087385212340523,0.2945243112740431,294.5243112740431,0.2945243112740431,294.5243112740431,8.680555555555557,8680.555555555557,1.4726215563702154,1472.6215563702153,294.5243112740431,throughput_acquisition_density
