density_g_cm3,rpm,penetration_depth_mm,probe_diameter_mm,acquisition_time_s,angular_speed_rad_s,tangential_velocity_cm_s,crossing_time_s,blocked_time_s,effective_time_s,sampled_mass_per_refresh_mg,n_refresh,effective_sampled_mass_estimate_mg
0.4,10,0.1,5.0,1.0,1.0471975511965976,1.8849555921538759,0.2652582384864922,0.4244131815783876,0.5755868184216124,0.7853981633974484,2.169911184307752,1.7042442588908906
0.4,10,0.2,5.0,1.0,1.0471975511965976,1.8849555921538759,0.2652582384864922,0.4244131815783876,0.5755868184216124,1.5707963267948968,2.169911184307752,3.408488517781781
0.4,10,0.3,5.0,1.0,1.0471975511965976,1.8849555921538759,0.2652582384864922,0.4244131815783876,0.5755868184216124,2.356194490192345,2.169911184307752,5.112732776672671
0.4,10,0.4,5.0,1.0,1.0471975511965976,1.8849555921538759,0.2652582384864922,0.4244131815783876,0.5755868184216124,3.1415926535897936,2.169911184307752,6.816977035563562
0.4,10,0.5,5.0,1.0,1.0471975511965976,1.8849555921538759,0.2652582384864922,0.4244131815783876,0.5755868184216124,3.926990816987242,2.169911184307752,8.521221294454453
0.4,10,0.6,5.0,1.0,1.0471975511965976,1.8849555921538759,0.2652582384864922,0.4244131815783876,0.5755868184216124,4.71238898038469,2.169911184307752,10.225465553345343
0.4,10,0.7,5.0,1.0,1.0471975511965976,1.8849555921538759,0.2652582384864922,0.4244131815783876,0.5755868184216124,5.497787143782138,2.169911184307752,11.929709812236233
0.4,10,0.8,5.0,1.0,1.0471975511965976,1.8849555921538759,0.2652582384864922,0.4244131815783876,0.5755868184216124,6.283185307179587,2.169911184307752,13.633954071127125
0.4,10,0.9,5.0,1.0,1.0471975511965976,1.8849555921538759,0.2652582384864922,0.4244131815783876,0.5755868184216124,7.068583470577035,2.169911184307752,15.338198330018015
0.4,10,1.0,5.0,1.0,1.0471975511965976,1.8849555921538759,0.2652582384864922,0.4244131815783876,0.5755868184216124,7.853981633974484,2.169911184307752,17.042442588908905
0.4,10,1.1,5.0,1.0,1.0471975511965976,1.8849555921538759,0.2652582384864922,0.4244131815783876,0.5755868184216124,8.639379797371934,2.169911184307752,18.7466868477998
0.4,10,1.2,5.0,1.0,1.0471975511965976,1.8849555921538759,0.2652582384864922,0.4244131815783876,0.5755868184216124,9.42477796076938,2.169911184307752,20.450931106690685
0.4,10,1.3,5.0,1.0,1.0471975511965976,1.8849555921538759,0.2652582384864922,0.4244131815783876,0.5755868184216124,10.210176124166829,2.169911184307752,22.155175365581577
0.4,10,1.4,5.0,1.0,1.0471975511965976,1.8849555921538759,0.2652582384864922,0.4244131815783876,0.5755868184216124,10.995574287564276,2.169911184307752,23.859419624472466
0.4,10,1.5,5.0,1.0,1.0471975511965976,1.8849555921538759,0.2652582384864922,0.4244131815783876,0.5755868184216124,11.780972450961725,2.169911184307752,25.563663883363358
0.4,10,1.6,5.0,1.0,1.0471975511965976,1.8849555921538759,0.2652582384864922,0.4244131815783876,0.5755868184216124,12.566370614359174,2.169911184307752,27.26790814225425
0.4,10,1.7,5.0,1.0,1.0471975511965976,1.8849555921538759,0.2652582384864922,0.4244131815783876,0.5755868184216124,13.351768777756622,2.169911184307752,28.972152401145138
0.4,10,1.8,5.0,1.0,1.0471975511965976,1.8849555921538759,0.2652582384864922,0.4244131815783876,0.5755868184216124,14.13716694115407,2.169911184307752,30.67639666003603
0.4,10,1.9,5.0,1.0,1.0471975511965976,1.8849555921538759,0.2652582384864922,0.4244131815783876,0.5755868184216124,14.922565104551516,2.169911184307752,32.380640918926915
0.4,10,2.0,5.0,1.0,1.0471975511965976,1.8849555921538759,0.2652582384864922,0.4244131815783876,0.5755868184216124,15.707963267948967,2.169911184307752,34.08488517781781
0.4,11,0.1,5.0,1.0,1.1519173063162573,2.0734511513692633,0.24114385316953843,0.38583016507126144,0.6141698349287386,0.7853981633974484,2.5469023027385265,2.0003323909235706
0.4,11,0.2,5.0,1.0,1.1519173063162573,2.0734511513692633,0.24114385316953843,0.38583016507126144,0.6141698349287386,1.5707963267948968,2.5469023027385265,4.000664781847141
0.4,11,0.3,5.0,1.0,1.1519173063162573,2.0734511513692633,0.24114385316953843,0.38583016507126144,0.6141698349287386,2.356194490192345,2.5469023027385265,6.000997172770711
0.4,11,0.4,5.0,1.0,1.1519173063162573,2.0734511513692633,0.24114385316953843,0.38583016507126144,0.6141698349287386,3.1415926535897936,2.5469023027385265,8.001329563694282
0.4,11,0.5,5.0,1.0,1.1519173063162573,2.0734511513692633,0.24114385316953843,0.38583016507126144,0.6141698349287386,3.926990816987242,2.5469023027385265,10.001661954617854
0.4,11,0.6,5.0,1.0,1.1519173063162573,2.0734511513692633,0.24114385316953843,0.38583016507126144,0.6141698349287386,4.71238898038469,2.5469023027385265,12.001994345541423
0.4,11,0.7,5.0,1.0,1.1519173063162573,2.0734511513692633,0.24114385316953843,0.38583016507126144,0.6141698349287386,5.497787143782138,2.5469023027385265,14.002326736464994
0.4,11,0.8,5.0,1.0,1.1519173063162573,2.0734511513692633,0.24114385316953843,0.38583016507126144,0.6141698349287386,6.283185307179587,2.5469023027385265,16.002659127388565
0.4,11,0.9,5.0,1.0,1.1519173063162573,2.0734511513692633,0.24114385316953843,0.38583016507126144,0.6141698349287386,7.068583470577035,2.5469023027385265,18.002991518312136
0.4,11,1.0,5.0,1.0,1.1519173063162573,2.0734511513692633,0.24114385316953843,0.38583016507126144,0.6141698349287386,7.853981633974484,2.5469023027385265,20.003323909235707
0.4,11,1.1,5.0,1.0,1.1519173063162573,2.0734511513692633,0.24114385316953843,0.38583016507126144,0.6141698349287386,8.639379797371934,2.5469023027385265,22.00365630015928
0.4,11,1.2,5.0,1.0,1.1519173063162573,2.0734511513692633,0.24114385316953843,0.38583016507126144,0.6141698349287386,9.42477796076938,2.5469023027385265,24.003988691082846
0.4,11,1.3,5.0,1.0,1.1519173063162573,2.0734511513692633,0.24114385316953843,0.38583016507126144,0.6141698349287386,10.210176124166829,2.5469023027385265,26.00432108200642
0.4,11,1.4,5.0,1.0,1.1519173063162573,2.0734511513692633,0.24114385316953843,0.38583016507126144,0.6141698349287386,10.995574287564276,2.5469023027385265,28.004653472929988
0.4,11,1.5,5.0,1.0,1.1519173063162573,2.0734511513692633,0.24114385316953843,0.38583016507126144,0.6141698349287386,11.780972450961725,2.5469023027385265,30.00498586385356
0.4,11,1.6,5.0,1.0,1.1519173063162573,2.0734511513692633,0.24114385316953843,0.38583016507126144,0.6141698349287386,12.566370614359174,2.5469023027385265,32.00531825477713
0.4,11,1.7,5.0,1.0,1.1519173063162573,2.0734511513692633,0.24114385316953843,0.38583016507126144,0.6141698349287386,13.351768777756622,2.5469023027385265,34.0056506457007
0.4,11,1.8,5.0,1.0,1.1519173063162573,2.0734511513692633,0.24114385316953843,0.38583016507126144,0.6141698349287386,14.13716694115407,2.5469023027385265,36.00598303662427
0.4,11,1.9,5.0,1.0,1.1519173063162573,2.0734511513692633,0.24114385316953843,0.38583016507126144,0.6141698349287386,14.922565104551516,2.5469023027385265,38.00631542754784
0.4,11,2.0,5.0,1.0,1.1519173063162573,2.0734511513692633,0.24114385316953843,0.38583016507126144,0.6141698349287386,15.707963267948967,2.5469023027385265,40.006647818471414
0.4,12,0.1,5.0,1.0,1.2566370614359172,2.261946710584651,0.22104853207207686,0.35367765131532297,0.646322348684677,0.7853981633974484,2.9238934211693017,2.2964205229562515
0.4,12,0.2,5.0,1.0,1.2566370614359172,2.261946710584651,0.22104853207207686,0.35367765131532297,0.646322348684677,1.5707963267948968,2.9238934211693017,4.592841045912503
0.4,12,0.3,5.0,1.0,1.2566370614359172,2.261946710584651,0.22104853207207686,0.35367765131532297,0.646322348684677,2.356194490192345,2.9238934211693017,6.889261568868754
0.4,12,0.4,5.0,1.0,1.2566370614359172,2.261946710584651,0.22104853207207686,0.35367765131532297,0.646322348684677,3.1415926535897936,2.9238934211693017,9.185682091825006
0.4,12,0.5,5.0,1.0,1.2566370614359172,2.261946710584651,0.22104853207207686,0.35367765131532297,0.646322348684677,3.926990816987242,2.9238934211693017,11.482102614781258
0.4,12,0.6,5.0,1.0,1.2566370614359172,2.261946710584651,0.22104853207207686,0.35367765131532297,0.646322348684677,4.71238898038469,2.9238934211693017,13.778523137737508
0.4,12,0.7,5.0,1.0,1.2566370614359172,2.261946710584651,0.22104853207207686,0.35367765131532297,0.646322348684677,5.497787143782138,2.9238934211693017,16.07494366069376
0.4,12,0.8,5.0,1.0,1.2566370614359172,2.261946710584651,0.22104853207207686,0.35367765131532297,0.646322348684677,6.283185307179587,2.9238934211693017,18.371364183650012
0.4,12,0.9,5.0,1.0,1.2566370614359172,2.261946710584651,0.22104853207207686,0.35367765131532297,0.646322348684677,7.068583470577035,2.9238934211693017,20.667784706606263
0.4,12,1.0,5.0,1.0,1.2566370614359172,2.261946710584651,0.22104853207207686,0.35367765131532297,0.646322348684677,7.853981633974484,2.9238934211693017,22.964205229562516
0.4,12,1.1,5.0,1.0,1.2566370614359172,2.261946710584651,0.22104853207207686,0.35367765131532297,0.646322348684677,8.639379797371934,2.9238934211693017,25.260625752518774
0.4,12,1.2,5.0,1.0,1.2566370614359172,2.261946710584651,0.22104853207207686,0.35367765131532297,0.646322348684677,9.42477796076938,2.9238934211693017,27.557046275475017
0.4,12,1.3,5.0,1.0,1.2566370614359172,2.261946710584651,0.22104853207207686,0.35367765131532297,0.646322348684677,10.210176124166829,2.9238934211693017,29.85346679843127
0.4,12,1.4,5.0,1.0,1.2566370614359172,2.261946710584651,0.22104853207207686,0.35367765131532297,0.646322348684677,10.995574287564276,2.9238934211693017,32.14988732138752
0.4,12,1.5,5.0,1.0,1.2566370614359172,2.261946710584651,0.22104853207207686,0.35367765131532297,0.646322348684677,11.780972450961725,2.9238934211693017,34.44630784434377
0.4,12,1.6,5.0,1.0,1.2566370614359172,2.261946710584651,0.22104853207207686,0.35367765131532297,0.646322348684677,12.566370614359174,2.9238934211693017,36.742728367300025
0.4,12,1.7,5.0,1.0,1.2566370614359172,2.261946710584651,0.22104853207207686,0.35367765131532297,0.646322348684677,13.351768777756622,2.9238934211693017,39.03914889025627
0.4,12,1.8,5.0,1.0,1.2566370614359172,2.261946710584651,0.22104853207207686,0.35367765131532297,0.646322348684677,14.13716694115407,2.9238934211693017,41.335569413212525
0.4,12,1.9,5.0,1.0,1.2566370614359172,2.261946710584651,0.22104853207207686,0.35367765131532297,0.646322348684677,14.922565104551516,2.9238934211693017,43.63198993616877
0.4,12,2.0,5.0,1.0,1.2566370614359172,2.261946710584651,0.22104853207207686,0.35367765131532297,0.646322348684677,15.707963267948967,2.9238934211693017,45.92841045912503
0.4,13,0.1,5.0,1.0,1.3613568165555772,2.450442269800039,0.20404479883576324,0.32647167813722117,0.6735283218627788,0.7853981633974484,3.3008845396000774,2.592508654988933
0.4,13,0.2,5.0,1.0,1.3613568165555772,2.450442269800039,0.20404479883576324,0.32647167813722117,0.6735283218627788,1.5707963267948968,3.3008845396000774,5.185017309977866
0.4,13,0.3,5.0,1.0,1.3613568165555772,2.450442269800039,0.20404479883576324,0.32647167813722117,0.6735283218627788,2.356194490192345,3.3008845396000774,7.777525964966797
0.4,13,0.4,5.0,1.0,1.3613568165555772,2.450442269800039,0.20404479883576324,0.32647167813722117,0.6735283218627788,3.1415926535897936,3.3008845396000774,10.370034619955732
0.4,13,0.5,5.0,1.0,1.3613568165555772,2.450442269800039,0.20404479883576324,0.32647167813722117,0.6735283218627788,3.926990816987242,3.3008845396000774,12.962543274944665
0.4,13,0.6,5.0,1.0,1.3613568165555772,2.450442269800039,0.20404479883576324,0.32647167813722117,0.6735283218627788,4.71238898038469,3.3008845396000774,15.555051929933594
0.4,13,0.7,5.0,1.0,1.3613568165555772,2.450442269800039,0.20404479883576324,0.32647167813722117,0.6735283218627788,5.497787143782138,3.3008845396000774,18.147560584922527
0.4,13,0.8,5.0,1.0,1.3613568165555772,2.450442269800039,0.20404479883576324,0.32647167813722117,0.6735283218627788,6.283185307179587,3.3008845396000774,20.740069239911463
0.4,13,0.9,5.0,1.0,1.3613568165555772,2.450442269800039,0.20404479883576324,0.32647167813722117,0.6735283218627788,7.068583470577035,3.3008845396000774,23.332577894900396
0.4,13,1.0,5.0,1.0,1.3613568165555772,2.450442269800039,0.20404479883576324,0.32647167813722117,0.6735283218627788,7.853981633974484,3.3008845396000774,25.92508654988933
0.4,13,1.1,5.0,1.0,1.3613568165555772,2.450442269800039,0.20404479883576324,0.32647167813722117,0.6735283218627788,8.639379797371934,3.3008845396000774,28.517595204878265
0.4,13,1.2,5.0,1.0,1.3613568165555772,2.450442269800039,0.20404479883576324,0.32647167813722117,0.6735283218627788,9.42477796076938,3.3008845396000774,31.110103859867188
0.4,13,1.3,5.0,1.0,1.3613568165555772,2.450442269800039,0.20404479883576324,0.32647167813722117,0.6735283218627788,10.210176124166829,3.3008845396000774,33.70261251485613
0.4,13,1.4,5.0,1.0,1.3613568165555772,2.450442269800039,0.20404479883576324,0.32647167813722117,0.6735283218627788,10.995574287564276,3.3008845396000774,36.29512116984505
0.4,13,1.5,5.0,1.0,1.3613568165555772,2.450442269800039,0.20404479883576324,0.32647167813722117,0.6735283218627788,11.780972450961725,3.3008845396000774,38.887629824833986
0.4,13,1.6,5.0,1.0,1.3613568165555772,2.450442269800039,0.20404479883576324,0.32647167813722117,0.6735283218627788,12.566370614359174,3.3008845396000774,41.48013847982293
0.4,13,1.7,5.0,1.0,1.3613568165555772,2.450442269800039,0.20404479883576324,0.32647167813722117,0.6735283218627788,13.351768777756622,3.3008845396000774,44.07264713481185
0.4,13,1.8,5.0,1.0,1.3613568165555772,2.450442269800039,0.20404479883576324,0.32647167813722117,0.6735283218627788,14.13716694115407,3.3008845396000774,46.66515578980079
0.4,13,1.9,5.0,1.0,1.3613568165555772,2.450442269800039,0.20404479883576324,0.32647167813722117,0.6735283218627788,14.922565104551516,3.3008845396000774,49.25766444478971
0.4,13,2.0,5.0,1.0,1.3613568165555772,2.450442269800039,0.20404479883576324,0.32647167813722117,0.6735283218627788,15.707963267948967,3.3008845396000774,51.85017309977866
0.4,14,0.1,5.0,1.0,1.4660765716752369,2.6389378290154264,0.18947017034749444,0.3031522725559911,0.6968477274440089,0.7853981633974484,3.6778756580308527,2.888596787021614
0.4,14,0.2,5.0,1.0,1.4660765716752369,2.6389378290154264,0.18947017034749444,0.3031522725559911,0.6968477274440089,1.5707963267948968,3.6778756580308527,5.777193574043228
0.4,14,0.3,5.0,1.0,1.4660765716752369,2.6389378290154264,0.18947017034749444,0.3031522725559911,0.6968477274440089,2.356194490192345,3.6778756580308527,8.66579036106484
0.4,14,0.4,5.0,1.0,1.4660765716752369,2.6389378290154264,0.18947017034749444,0.3031522725559911,0.6968477274440089,3.1415926535897936,3.6778756580308527,11.554387148086455
0.4,14,0.5,5.0,1.0,1.4660765716752369,2.6389378290154264,0.18947017034749444,0.3031522725559911,0.6968477274440089,3.926990816987242,3.6778756580308527,14.442983935108067
0.4,14,0.6,5.0,1.0,1.4660765716752369,2.6389378290154264,0.18947017034749444,0.3031522725559911,0.6968477274440089,4.71238898038469,3.6778756580308527,17.33158072212968
0.4,14,0.7,5.0,1.0,1.4660765716752369,2.6389378290154264,0.18947017034749444,0.3031522725559911,0.6968477274440089,5.497787143782138,3.6778756580308527,20.22017750915129
0.4,14,0.8,5.0,1.0,1.4660765716752369,2.6389378290154264,0.18947017034749444,0.3031522725559911,0.6968477274440089,6.283185307179587,3.6778756580308527,23.10877429617291
0.4,14,0.9,5.0,1.0,1.4660765716752369,2.6389378290154264,0.18947017034749444,0.3031522725559911,0.6968477274440089,7.068583470577035,3.6778756580308527,25.997371083194523
0.4,14,1.0,5.0,1.0,1.4660765716752369,2.6389378290154264,0.18947017034749444,0.3031522725559911,0.6968477274440089,7.853981633974484,3.6778756580308527,28.885967870216135
0.4,14,1.1,5.0,1.0,1.4660765716752369,2.6389378290154264,0.18947017034749444,0.3031522725559911,0.6968477274440089,8.639379797371934,3.6778756580308527,31.774564657237757
0.4,14,1.2,5.0,1.0,1.4660765716752369,2.6389378290154264,0.18947017034749444,0.3031522725559911,0.6968477274440089,9.42477796076938,3.6778756580308527,34.66316144425936
0.4,14,1.3,5.0,1.0,1.4660765716752369,2.6389378290154264,0.18947017034749444,0.3031522725559911,0.6968477274440089,10.210176124166829,3.6778756580308527,37.55175823128098
0.4,14,1.4,5.0,1.0,1.4660765716752369,2.6389378290154264,0.18947017034749444,0.3031522725559911,0.6968477274440089,10.995574287564276,3.6778756580308527,40.44035501830258
0.4,14,1.5,5.0,1.0,1.4660765716752369,2.6389378290154264,0.18947017034749444,0.3031522725559911,0.6968477274440089,11.780972450961725,3.6778756580308527,43.3289518053242
0.4,14,1.6,5.0,1.0,1.4660765716752369,2.6389378290154264,0.18947017034749444,0.3031522725559911,0.6968477274440089,12.566370614359174,3.6778756580308527,46.21754859234582
0.4,14,1.7,5.0,1.0,1.4660765716752369,2.6389378290154264,0.18947017034749444,0.3031522725559911,0.6968477274440089,13.351768777756622,3.6778756580308527,49.106145379367426
0.4,14,1.8,5.0,1.0,1.4660765716752369,2.6389378290154264,0.18947017034749444,0.3031522725559911,0.6968477274440089,14.13716694115407,3.6778756580308527,51.994742166389045
0.4,14,1.9,5.0,1.0,1.4660765716752369,2.6389378290154264,0.18947017034749444,0.3031522725559911,0.6968477274440089,14.922565104551516,3.6778756580308527,54.88333895341065
0.4,14,2.0,5.0,1.0,1.4660765716752369,2.6389378290154264,0.18947017034749444,0.3031522725559911,0.6968477274440089,15.707963267948967,3.6778756580308527,57.77193574043227
0.4,15,0.1,5.0,1.0,1.5707963267948963,2.8274333882308134,0.1768388256576615,0.2829421210522584,0.7170578789477415,0.7853981633974484,4.054866776461627,3.184684919054294
0.4,15,0.2,5.0,1.0,1.5707963267948963,2.8274333882308134,0.1768388256576615,0.2829421210522584,0.7170578789477415,1.5707963267948968,4.054866776461627,6.369369838108588
0.4,15,0.3,5.0,1.0,1.5707963267948963,2.8274333882308134,0.1768388256576615,0.2829421210522584,0.7170578789477415,2.356194490192345,4.054866776461627,9.55405475716288
0.4,15,0.4,5.0,1.0,1.5707963267948963,2.8274333882308134,0.1768388256576615,0.2829421210522584,0.7170578789477415,3.1415926535897936,4.054866776461627,12.738739676217175
0.4,15,0.5,5.0,1.0,1.5707963267948963,2.8274333882308134,0.1768388256576615,0.2829421210522584,0.7170578789477415,3.926990816987242,4.054866776461627,15.923424595271468
0.4,15,0.6,5.0,1.0,1.5707963267948963,2.8274333882308134,0.1768388256576615,0.2829421210522584,0.7170578789477415,4.71238898038469,4.054866776461627,19.10810951432576
0.4,15,0.7,5.0,1.0,1.5707963267948963,2.8274333882308134,0.1768388256576615,0.2829421210522584,0.7170578789477415,5.497787143782138,4.054866776461627,22.292794433380053
0.4,15,0.8,5.0,1.0,1.5707963267948963,2.8274333882308134,0.1768388256576615,0.2829421210522584,0.7170578789477415,6.283185307179587,4.054866776461627,25.47747935243435
0.4,15,0.9,5.0,1.0,1.5707963267948963,2.8274333882308134,0.1768388256576615,0.2829421210522584,0.7170578789477415,7.068583470577035,4.054866776461627,28.662164271488646
0.4,15,1.0,5.0,1.0,1.5707963267948963,2.8274333882308134,0.1768388256576615,0.2829421210522584,0.7170578789477415,7.853981633974484,4.054866776461627,31.846849190542937
0.4,15,1.1,5.0,1.0,1.5707963267948963,2.8274333882308134,0.1768388256576615,0.2829421210522584,0.7170578789477415,8.639379797371934,4.054866776461627,35.03153410959724
0.4,15,1.2,5.0,1.0,1.5707963267948963,2.8274333882308134,0.1768388256576615,0.2829421210522584,0.7170578789477415,9.42477796076938,4.054866776461627,38.21621902865152
0.4,15,1.3,5.0,1.0,1.5707963267948963,2.8274333882308134,0.1768388256576615,0.2829421210522584,0.7170578789477415,10.210176124166829,4.054866776461627,41.400903947705814
0.4,15,1.4,5.0,1.0,1.5707963267948963,2.8274333882308134,0.1768388256576615,0.2829421210522584,0.7170578789477415,10.995574287564276,4.054866776461627,44.585588866760105
0.4,15,1.5,5.0,1.0,1.5707963267948963,2.8274333882308134,0.1768388256576615,0.2829421210522584,0.7170578789477415,11.780972450961725,4.054866776461627,47.7702737858144
0.4,15,1.6,5.0,1.0,1.5707963267948963,2.8274333882308134,0.1768388256576615,0.2829421210522584,0.7170578789477415,12.566370614359174,4.054866776461627,50.9549587048687
0.4,15,1.7,5.0,1.0,1.5707963267948963,2.8274333882308134,0.1768388256576615,0.2829421210522584,0.7170578789477415,13.351768777756622,4.054866776461627,54.13964362392299
0.4,15,1.8,5.0,1.0,1.5707963267948963,2.8274333882308134,0.1768388256576615,0.2829421210522584,0.7170578789477415,14.13716694115407,4.054866776461627,57.32432854297729
0.4,15,1.9,5.0,1.0,1.5707963267948963,2.8274333882308134,0.1768388256576615,0.2829421210522584,0.7170578789477415,14.922565104551516,4.054866776461627,60.50901346203157
0.4,15,2.0,5.0,1.0,1.5707963267948963,2.8274333882308134,0.1768388256576615,0.2829421210522584,0.7170578789477415,15.707963267948967,4.054866776461627,63.69369838108587
0.4,16,0.1,5.0,1.0,1.6755160819145563,3.015928947446201,0.16578639905405765,0.5305164769729844,0.46948352302701557,0.7853981633974484,2.831857894892403,2.224135989651058
0.4,16,0.2,5.0,1.0,1.6755160819145563,3.015928947446201,0.16578639905405765,0.5305164769729844,0.46948352302701557,1.5707963267948968,2.831857894892403,4.448271979302116
0.4,16,0.3,5.0,1.0,1.6755160819145563,3.015928947446201,0.16578639905405765,0.5305164769729844,0.46948352302701557,2.356194490192345,2.831857894892403,6.672407968953173
0.4,16,0.4,5.0,1.0,1.6755160819145563,3.015928947446201,0.16578639905405765,0.5305164769729844,0.46948352302701557,3.1415926535897936,2.831857894892403,8.896543958604232
0.4,16,0.5,5.0,1.0,1.6755160819145563,3.015928947446201,0.16578639905405765,0.5305164769729844,0.46948352302701557,3.926990816987242,2.831857894892403,11.120679948255288
0.4,16,0.6,5.0,1.0,1.6755160819145563,3.015928947446201,0.16578639905405765,0.5305164769729844,0.46948352302701557,4.71238898038469,2.831857894892403,13.344815937906345
0.4,16,0.7,5.0,1.0,1.6755160819145563,3.015928947446201,0.16578639905405765,0.5305164769729844,0.46948352302701557,5.497787143782138,2.831857894892403,15.568951927557404
0.4,16,0.8,5.0,1.0,1.6755160819145563,3.015928947446201,0.16578639905405765,0.5305164769729844,0.46948352302701557,6.283185307179587,2.831857894892403,17.793087917208464
0.4,16,0.9,5.0,1.0,1.6755160819145563,3.015928947446201,0.16578639905405765,0.5305164769729844,0.46948352302701557,7.068583470577035,2.831857894892403,20.01722390685952
0.4,16,1.0,5.0,1.0,1.6755160819145563,3.015928947446201,0.16578639905405765,0.5305164769729844,0.46948352302701557,7.853981633974484,2.831857894892403,22.241359896510577
0.4,16,1.1,5.0,1.0,1.6755160819145563,3.015928947446201,0.16578639905405765,0.5305164769729844,0.46948352302701557,8.639379797371934,2.831857894892403,24.46549588616164
0.4,16,1.2,5.0,1.0,1.6755160819145563,3.015928947446201,0.16578639905405765,0.5305164769729844,0.46948352302701557,9.42477796076938,2.831857894892403,26.68963187581269
0.4,16,1.3,5.0,1.0,1.6755160819145563,3.015928947446201,0.16578639905405765,0.5305164769729844,0.46948352302701557,10.210176124166829,2.831857894892403,28.91376786546375
0.4,16,1.4,5.0,1.0,1.6755160819145563,3.015928947446201,0.16578639905405765,0.5305164769729844,0.46948352302701557,10.995574287564276,2.831857894892403,31.137903855114807
0.4,16,1.5,5.0,1.0,1.6755160819145563,3.015928947446201,0.16578639905405765,0.5305164769729844,0.46948352302701557,11.780972450961725,2.831857894892403,33.36203984476587
0.4,16,1.6,5.0,1.0,1.6755160819145563,3.015928947446201,0.16578639905405765,0.5305164769729844,0.46948352302701557,12.566370614359174,2.831857894892403,35.58617583441693
0.4,16,1.7,5.0,1.0,1.6755160819145563,3.015928947446201,0.16578639905405765,0.5305164769729844,0.46948352302701557,13.351768777756622,2.831857894892403,37.81031182406798
0.4,16,1.8,5.0,1.0,1.6755160819145563,3.015928947446201,0.16578639905405765,0.5305164769729844,0.46948352302701557,14.13716694115407,2.831857894892403,40.03444781371904
0.4,16,1.9,5.0,1.0,1.6755160819145563,3.015928947446201,0.16578639905405765,0.5305164769729844,0.46948352302701557,14.922565104551516,2.831857894892403,42.258583803370094
0.4,16,2.0,5.0,1.0,1.6755160819145563,3.015928947446201,0.16578639905405765,0.5305164769729844,0.46948352302701557,15.707963267948967,2.831857894892403,44.482719793021154
0.4,17,0.1,5.0,1.0,1.7802358370342162,3.204424506661589,0.15603425793323072,0.4993096253863383,0.5006903746136617,0.7853981633974484,3.2088490133231784,2.520224121683739
0.4,17,0.2,5.0,1.0,1.7802358370342162,3.204424506661589,0.15603425793323072,0.4993096253863383,0.5006903746136617,1.5707963267948968,3.2088490133231784,5.040448243367478
0.4,17,0.3,5.0,1.0,1.7802358370342162,3.204424506661589,0.15603425793323072,0.4993096253863383,0.5006903746136617,2.356194490192345,3.2088490133231784,7.560672365051215
0.4,17,0.4,5.0,1.0,1.7802358370342162,3.204424506661589,0.15603425793323072,0.4993096253863383,0.5006903746136617,3.1415926535897936,3.2088490133231784,10.080896486734956
0.4,17,0.5,5.0,1.0,1.7802358370342162,3.204424506661589,0.15603425793323072,0.4993096253863383,0.5006903746136617,3.926990816987242,3.2088490133231784,12.601120608418693
0.4,17,0.6,5.0,1.0,1.7802358370342162,3.204424506661589,0.15603425793323072,0.4993096253863383,0.5006903746136617,4.71238898038469,3.2088490133231784,15.12134473010243
0.4,17,0.7,5.0,1.0,1.7802358370342162,3.204424506661589,0.15603425793323072,0.4993096253863383,0.5006903746136617,5.497787143782138,3.2088490133231784,17.641568851786168
0.4,17,0.8,5.0,1.0,1.7802358370342162,3.204424506661589,0.15603425793323072,0.4993096253863383,0.5006903746136617,6.283185307179587,3.2088490133231784,20.16179297346991
0.4,17,0.9,5.0,1.0,1.7802358370342162,3.204424506661589,0.15603425793323072,0.4993096253863383,0.5006903746136617,7.068583470577035,3.2088490133231784,22.682017095153647
0.4,17,1.0,5.0,1.0,1.7802358370342162,3.204424506661589,0.15603425793323072,0.4993096253863383,0.5006903746136617,7.853981633974484,3.2088490133231784,25.202241216837386
0.4,17,1.1,5.0,1.0,1.7802358370342162,3.204424506661589,0.15603425793323072,0.4993096253863383,0.5006903746136617,8.639379797371934,3.2088490133231784,27.72246533852113
0.4,17,1.2,5.0,1.0,1.7802358370342162,3.204424506661589,0.15603425793323072,0.4993096253863383,0.5006903746136617,9.42477796076938,3.2088490133231784,30.24268946020486
0.4,17,1.3,5.0,1.0,1.7802358370342162,3.204424506661589,0.15603425793323072,0.4993096253863383,0.5006903746136617,10.210176124166829,3.2088490133231784,32.762913581888604
0.4,17,1.4,5.0,1.0,1.7802358370342162,3.204424506661589,0.15603425793323072,0.4993096253863383,0.5006903746136617,10.995574287564276,3.2088490133231784,35.283137703572336
0.4,17,1.5,5.0,1.0,1.7802358370342162,3.204424506661589,0.15603425793323072,0.4993096253863383,0.5006903746136617,11.780972450961725,3.2088490133231784,37.803361825256076
0.4,17,1.6,5.0,1.0,1.7802358370342162,3.204424506661589,0.15603425793323072,0.4993096253863383,0.5006903746136617,12.566370614359174,3.2088490133231784,40.32358594693982
0.4,17,1.7,5.0,1.0,1.7802358370342162,3.204424506661589,0.15603425793323072,0.4993096253863383,0.5006903746136617,13.351768777756622,3.2088490133231784,42.843810068623554
0.4,17,1.8,5.0,1.0,1.7802358370342162,3.204424506661589,0.15603425793323072,0.4993096253863383,0.5006903746136617,14.13716694115407,3.2088490133231784,45.364034190307294
0.4,17,1.9,5.0,1.0,1.7802358370342162,3.204424506661589,0.15603425793323072,0.4993096253863383,0.5006903746136617,14.922565104551516,3.2088490133231784,47.884258311991026
0.4,17,2.0,5.0,1.0,1.7802358370342162,3.204424506661589,0.15603425793323072,0.4993096253863383,0.5006903746136617,15.707963267948967,3.2088490133231784,50.40448243367477
0.4,18,0.1,5.0,1.0,1.8849555921538759,3.3929200658769765,0.14736568804805125,0.47157020175376396,0.528429798246236,0.7853981633974484,3.5858401317539528,2.816312253716419
0.4,18,0.2,5.0,1.0,1.8849555921538759,3.3929200658769765,0.14736568804805125,0.47157020175376396,0.528429798246236,1.5707963267948968,3.5858401317539528,5.632624507432838
0.4,18,0.3,5.0,1.0,1.8849555921538759,3.3929200658769765,0.14736568804805125,0.47157020175376396,0.528429798246236,2.356194490192345,3.5858401317539528,8.448936761149255
0.4,18,0.4,5.0,1.0,1.8849555921538759,3.3929200658769765,0.14736568804805125,0.47157020175376396,0.528429798246236,3.1415926535897936,3.5858401317539528,11.265249014865676
0.4,18,0.5,5.0,1.0,1.8849555921538759,3.3929200658769765,0.14736568804805125,0.47157020175376396,0.528429798246236,3.926990816987242,3.5858401317539528,14.081561268582094
0.4,18,0.6,5.0,1.0,1.8849555921538759,3.3929200658769765,0.14736568804805125,0.47157020175376396,0.528429798246236,4.71238898038469,3.5858401317539528,16.89787352229851
0.4,18,0.7,5.0,1.0,1.8849555921538759,3.3929200658769765,0.14736568804805125,0.47157020175376396,0.528429798246236,5.497787143782138,3.5858401317539528,19.71418577601493
0.4,18,0.8,5.0,1.0,1.8849555921538759,3.3929200658769765,0.14736568804805125,0.47157020175376396,0.528429798246236,6.283185307179587,3.5858401317539528,22.53049802973135
0.4,18,0.9,5.0,1.0,1.8849555921538759,3.3929200658769765,0.14736568804805125,0.47157020175376396,0.528429798246236,7.068583470577035,3.5858401317539528,25.34681028344777
0.4,18,1.0,5.0,1.0,1.8849555921538759,3.3929200658769765,0.14736568804805125,0.47157020175376396,0.528429798246236,7.853981633974484,3.5858401317539528,28.16312253716419
0.4,18,1.1,5.0,1.0,1.8849555921538759,3.3929200658769765,0.14736568804805125,0.47157020175376396,0.528429798246236,8.639379797371934,3.5858401317539528,30.979434790880614
0.4,18,1.2,5.0,1.0,1.8849555921538759,3.3929200658769765,0.14736568804805125,0.47157020175376396,0.528429798246236,9.42477796076938,3.5858401317539528,33.79574704459702
0.4,18,1.3,5.0,1.0,1.8849555921538759,3.3929200658769765,0.14736568804805125,0.47157020175376396,0.528429798246236,10.210176124166829,3.5858401317539528,36.61205929831344
0.4,18,1.4,5.0,1.0,1.8849555921538759,3.3929200658769765,0.14736568804805125,0.47157020175376396,0.528429798246236,10.995574287564276,3.5858401317539528,39.42837155202986
0.4,18,1.5,5.0,1.0,1.8849555921538759,3.3929200658769765,0.14736568804805125,0.47157020175376396,0.528429798246236,11.780972450961725,3.5858401317539528,42.24468380574628
0.4,18,1.6,5.0,1.0,1.8849555921538759,3.3929200658769765,0.14736568804805125,0.47157020175376396,0.528429798246236,12.566370614359174,3.5858401317539528,45.0609960594627
0.4,18,1.7,5.0,1.0,1.8849555921538759,3.3929200658769765,0.14736568804805125,0.47157020175376396,0.528429798246236,13.351768777756622,3.5858401317539528,47.877308313179114
0.4,18,1.8,5.0,1.0,1.8849555921538759,3.3929200658769765,0.14736568804805125,0.47157020175376396,0.528429798246236,14.13716694115407,3.5858401317539528,50.69362056689554
0.4,18,1.9,5.0,1.0,1.8849555921538759,3.3929200658769765,0.14736568804805125,0.47157020175376396,0.528429798246236,14.922565104551516,3.5858401317539528,53.50993282061195
0.4,18,2.0,5.0,1.0,1.8849555921538759,3.3929200658769765,0.14736568804805125,0.47157020175376396,0.528429798246236,15.707963267948967,3.5858401317539528,56.32624507432838
0.4,19,0.1,5.0,1.0,1.9896753472735356,3.581415625092364,0.13960959920341698,0.4467507174509343,0.5532492825490657,0.7853981633974484,3.962831250184728,3.1124003857491
0.4,19,0.2,5.0,1.0,1.9896753472735356,3.581415625092364,0.13960959920341698,0.4467507174509343,0.5532492825490657,1.5707963267948968,3.962831250184728,6.2248007714982
0.4,19,0.3,5.0,1.0,1.9896753472735356,3.581415625092364,0.13960959920341698,0.4467507174509343,0.5532492825490657,2.356194490192345,3.962831250184728,9.337201157247298
0.4,19,0.4,5.0,1.0,1.9896753472735356,3.581415625092364,0.13960959920341698,0.4467507174509343,0.5532492825490657,3.1415926535897936,3.962831250184728,12.4496015429964
0.4,19,0.5,5.0,1.0,1.9896753472735356,3.581415625092364,0.13960959920341698,0.4467507174509343,0.5532492825490657,3.926990816987242,3.962831250184728,15.562001928745499
0.4,19,0.6,5.0,1.0,1.9896753472735356,3.581415625092364,0.13960959920341698,0.4467507174509343,0.5532492825490657,4.71238898038469,3.962831250184728,18.674402314494596
0.4,19,0.7,5.0,1.0,1.9896753472735356,3.581415625092364,0.13960959920341698,0.4467507174509343,0.5532492825490657,5.497787143782138,3.962831250184728,21.786802700243694
0.4,19,0.8,5.0,1.0,1.9896753472735356,3.581415625092364,0.13960959920341698,0.4467507174509343,0.5532492825490657,6.283185307179587,3.962831250184728,24.8992030859928
0.4,19,0.9,5.0,1.0,1.9896753472735356,3.581415625092364,0.13960959920341698,0.4467507174509343,0.5532492825490657,7.068583470577035,3.962831250184728,28.011603471741896
0.4,19,1.0,5.0,1.0,1.9896753472735356,3.581415625092364,0.13960959920341698,0.4467507174509343,0.5532492825490657,7.853981633974484,3.962831250184728,31.124003857490997
0.4,19,1.1,5.0,1.0,1.9896753472735356,3.581415625092364,0.13960959920341698,0.4467507174509343,0.5532492825490657,8.639379797371934,3.962831250184728,34.2364042432401
0.4,19,1.2,5.0,1.0,1.9896753472735356,3.581415625092364,0.13960959920341698,0.4467507174509343,0.5532492825490657,9.42477796076938,3.962831250184728,37.34880462898919
0.4,19,1.3,5.0,1.0,1.9896753472735356,3.581415625092364,0.13960959920341698,0.4467507174509343,0.5532492825490657,10.210176124166829,3.962831250184728,40.4612050147383
0.4,19,1.4,5.0,1.0,1.9896753472735356,3.581415625092364,0.13960959920341698,0.4467507174509343,0.5532492825490657,10.995574287564276,3.962831250184728,43.57360540048739
0.4,19,1.5,5.0,1.0,1.9896753472735356,3.581415625092364,0.13960959920341698,0.4467507174509343,0.5532492825490657,11.780972450961725,3.962831250184728,46.68600578623649
0.4,19,1.6,5.0,1.0,1.9896753472735356,3.581415625092364,0.13960959920341698,0.4467507174509343,0.5532492825490657,12.566370614359174,3.962831250184728,49.7984061719856
0.4,19,1.7,5.0,1.0,1.9896753472735356,3.581415625092364,0.13960959920341698,0.4467507174509343,0.5532492825490657,13.351768777756622,3.962831250184728,52.91080655773469
0.4,19,1.8,5.0,1.0,1.9896753472735356,3.581415625092364,0.13960959920341698,0.4467507174509343,0.5532492825490657,14.13716694115407,3.962831250184728,56.02320694348379
0.4,19,1.9,5.0,1.0,1.9896753472735356,3.581415625092364,0.13960959920341698,0.4467507174509343,0.5532492825490657,14.922565104551516,3.962831250184728,59.13560732923288
0.4,19,2.0,5.0,1.0,1.9896753472735356,3.581415625092364,0.13960959920341698,0.4467507174509343,0.5532492825490657,15.707963267948967,3.962831250184728,62.248007714981995
0.4,20,0.1,5.0,1.0,2.0943951023931953,3.7699111843077517,0.1326291192432461,0.4244131815783876,0.5755868184216124,0.7853981633974484,4.339822368615504,3.408488517781781
0.4,20,0.2,5.0,1.0,2.0943951023931953,3.7699111843077517,0.1326291192432461,0.4244131815783876,0.5755868184216124,1.5707963267948968,4.339822368615504,6.816977035563562
0.4,20,0.3,5.0,1.0,2.0943951023931953,3.7699111843077517,0.1326291192432461,0.4244131815783876,0.5755868184216124,2.356194490192345,4.339822368615504,10.225465553345343
0.4,20,0.4,5.0,1.0,2.0943951023931953,3.7699111843077517,0.1326291192432461,0.4244131815783876,0.5755868184216124,3.1415926535897936,4.339822368615504,13.633954071127125
0.4,20,0.5,5.0,1.0,2.0943951023931953,3.7699111843077517,0.1326291192432461,0.4244131815783876,0.5755868184216124,3.926990816987242,4.339822368615504,17.042442588908905
0.4,20,0.6,5.0,1.0,2.0943951023931953,3.7699111843077517,0.1326291192432461,0.4244131815783876,0.5755868184216124,4.71238898038469,4.339822368615504,20.450931106690685
0.4,20,0.7,5.0,1.0,2.0943951023931953,3.7699111843077517,0.1326291192432461,0.4244131815783876,0.5755868184216124,5.497787143782138,4.339822368615504,23.859419624472466
0.4,20,0.8,5.0,1.0,2.0943951023931953,3.7699111843077517,0.1326291192432461,0.4244131815783876,0.5755868184216124,6.283185307179587,4.339822368615504,27.26790814225425
0.4,20,0.9,5.0,1.0,2.0943951023931953,3.7699111843077517,0.1326291192432461,0.4244131815783876,0.5755868184216124,7.068583470577035,4.339822368615504,30.67639666003603
0.4,20,1.0,5.0,1.0,2.0943951023931953,3.7699111843077517,0.1326291192432461,0.4244131815783876,0.5755868184216124,7.853981633974484,4.339822368615504,34.08488517781781
0.4,20,1.1,5.0,1.0,2.0943951023931953,3.7699111843077517,0.1326291192432461,0.4244131815783876,0.5755868184216124,8.639379797371934,4.339822368615504,37.4933736955996
0.4,20,1.2,5.0,1.0,2.0943951023931953,3.7699111843077517,0.1326291192432461,0.4244131815783876,0.5755868184216124,9.42477796076938,4.339822368615504,40.90186221338137
0.4,20,1.3,5.0,1.0,2.0943951023931953,3.7699111843077517,0.1326291192432461,0.4244131815783876,0.5755868184216124,10.210176124166829,4.339822368615504,44.310350731163155
0.4,20,1.4,5.0,1.0,2.0943951023931953,3.7699111843077517,0.1326291192432461,0.4244131815783876,0.5755868184216124,10.995574287564276,4.339822368615504,47.71883924894493
0.4,20,1.5,5.0,1.0,2.0943951023931953,3.7699111843077517,0.1326291192432461,0.4244131815783876,0.5755868184216124,11.780972450961725,4.339822368615504,51.127327766726715
0.4,20,1.6,5.0,1.0,2.0943951023931953,3.7699111843077517,0.1326291192432461,0.4244131815783876,0.5755868184216124,12.566370614359174,4.339822368615504,54.5358162845085
0.4,20,1.7,5.0,1.0,2.0943951023931953,3.7699111843077517,0.1326291192432461,0.4244131815783876,0.5755868184216124,13.351768777756622,4.339822368615504,57.944304802290276
0.4,20,1.8,5.0,1.0,2.0943951023931953,3.7699111843077517,0.1326291192432461,0.4244131815783876,0.5755868184216124,14.13716694115407,4.339822368615504,61.35279332007206
0.4,20,1.9,5.0,1.0,2.0943951023931953,3.7699111843077517,0.1326291192432461,0.4244131815783876,0.5755868184216124,14.922565104551516,4.339822368615504,64.76128183785383
0.4,20,2.0,5.0,1.0,2.0943951023931953,3.7699111843077517,0.1326291192432461,0.4244131815783876,0.5755868184216124,15.707963267948967,4.339822368615504,68.16977035563562
0.4,21,0.1,5.0,1.0,2.199114857512855,3.9584067435231396,0.12631344689832963,0.4042030300746548,0.5957969699253451,0.7853981633974484,4.716813487046279,3.7045766498144617
0.4,21,0.2,5.0,1.0,2.199114857512855,3.9584067435231396,0.12631344689832963,0.4042030300746548,0.5957969699253451,1.5707963267948968,4.716813487046279,7.409153299628923
0.4,21,0.3,5.0,1.0,2.199114857512855,3.9584067435231396,0.12631344689832963,0.4042030300746548,0.5957969699253451,2.356194490192345,4.716813487046279,11.113729949443384
0.4,21,0.4,5.0,1.0,2.199114857512855,3.9584067435231396,0.12631344689832963,0.4042030300746548,0.5957969699253451,3.1415926535897936,4.716813487046279,14.818306599257847
0.4,21,0.5,5.0,1.0,2.199114857512855,3.9584067435231396,0.12631344689832963,0.4042030300746548,0.5957969699253451,3.926990816987242,4.716813487046279,18.522883249072308
0.4,21,0.6,5.0,1.0,2.199114857512855,3.9584067435231396,0.12631344689832963,0.4042030300746548,0.5957969699253451,4.71238898038469,4.716813487046279,22.227459898886767
0.4,21,0.7,5.0,1.0,2.199114857512855,3.9584067435231396,0.12631344689832963,0.4042030300746548,0.5957969699253451,5.497787143782138,4.716813487046279,25.93203654870123
0.4,21,0.8,5.0,1.0,2.199114857512855,3.9584067435231396,0.12631344689832963,0.4042030300746548,0.5957969699253451,6.283185307179587,4.716813487046279,29.636613198515693
0.4,21,0.9,5.0,1.0,2.199114857512855,3.9584067435231396,0.12631344689832963,0.4042030300746548,0.5957969699253451,7.068583470577035,4.716813487046279,33.34118984833015
0.4,21,1.0,5.0,1.0,2.199114857512855,3.9584067435231396,0.12631344689832963,0.4042030300746548,0.5957969699253451,7.853981633974484,4.716813487046279,37.045766498144616
0.4,21,1.1,5.0,1.0,2.199114857512855,3.9584067435231396,0.12631344689832963,0.4042030300746548,0.5957969699253451,8.639379797371934,4.716813487046279,40.750343147959086
0.4,21,1.2,5.0,1.0,2.199114857512855,3.9584067435231396,0.12631344689832963,0.4042030300746548,0.5957969699253451,9.42477796076938,4.716813487046279,44.454919797773535
0.4,21,1.3,5.0,1.0,2.199114857512855,3.9584067435231396,0.12631344689832963,0.4042030300746548,0.5957969699253451,10.210176124166829,4.716813487046279,48.159496447588
0.4,21,1.4,5.0,1.0,2.199114857512855,3.9584067435231396,0.12631344689832963,0.4042030300746548,0.5957969699253451,10.995574287564276,4.716813487046279,51.86407309740246
0.4,21,1.5,5.0,1.0,2.199114857512855,3.9584067435231396,0.12631344689832963,0.4042030300746548,0.5957969699253451,11.780972450961725,4.716813487046279,55.568649747216924
0.4,21,1.6,5.0,1.0,2.199114857512855,3.9584067435231396,0.12631344689832963,0.4042030300746548,0.5957969699253451,12.566370614359174,4.716813487046279,59.27322639703139
0.4,21,1.7,5.0,1.0,2.199114857512855,3.9584067435231396,0.12631344689832963,0.4042030300746548,0.5957969699253451,13.351768777756622,4.716813487046279,62.97780304684584
0.4,21,1.8,5.0,1.0,2.199114857512855,3.9584067435231396,0.12631344689832963,0.4042030300746548,0.5957969699253451,14.13716694115407,4.716813487046279,66.6823796966603
0.4,21,1.9,5.0,1.0,2.199114857512855,3.9584067435231396,0.12631344689832963,0.4042030300746548,0.5957969699253451,14.922565104551516,4.716813487046279,70.38695634647476
0.4,21,2.0,5.0,1.0,2.199114857512855,3.9584067435231396,0.12631344689832963,0.4042030300746548,0.5957969699253451,15.707963267948967,4.716813487046279,74.09153299628923
0.4,22,0.1,5.0,1.0,2.3038346126325147,4.146902302738527,0.12057192658476922,0.38583016507126144,0.6141698349287386,0.7853981633974484,5.093804605477053,4.000664781847141
0.4,22,0.2,5.0,1.0,2.3038346126325147,4.146902302738527,0.12057192658476922,0.38583016507126144,0.6141698349287386,1.5707963267948968,5.093804605477053,8.001329563694282
0.4,22,0.3,5.0,1.0,2.3038346126325147,4.146902302738527,0.12057192658476922,0.38583016507126144,0.6141698349287386,2.356194490192345,5.093804605477053,12.001994345541423
0.4,22,0.4,5.0,1.0,2.3038346126325147,4.146902302738527,0.12057192658476922,0.38583016507126144,0.6141698349287386,3.1415926535897936,5.093804605477053,16.002659127388565
0.4,22,0.5,5.0,1.0,2.3038346126325147,4.146902302738527,0.12057192658476922,0.38583016507126144,0.6141698349287386,3.926990816987242,5.093804605477053,20.003323909235707
0.4,22,0.6,5.0,1.0,2.3038346126325147,4.146902302738527,0.12057192658476922,0.38583016507126144,0.6141698349287386,4.71238898038469,5.093804605477053,24.003988691082846
0.4,22,0.7,5.0,1.0,2.3038346126325147,4.146902302738527,0.12057192658476922,0.38583016507126144,0.6141698349287386,5.497787143782138,5.093804605477053,28.004653472929988
0.4,22,0.8,5.0,1.0,2.3038346126325147,4.146902302738527,0.12057192658476922,0.38583016507126144,0.6141698349287386,6.283185307179587,5.093804605477053,32.00531825477713
0.4,22,0.9,5.0,1.0,2.3038346126325147,4.146902302738527,0.12057192658476922,0.38583016507126144,0.6141698349287386,7.068583470577035,5.093804605477053,36.00598303662427
0.4,22,1.0,5.0,1.0,2.3038346126325147,4.146902302738527,0.12057192658476922,0.38583016507126144,0.6141698349287386,7.853981633974484,5.093804605477053,40.006647818471414
0.4,22,1.1,5.0,1.0,2.3038346126325147,4.146902302738527,0.12057192658476922,0.38583016507126144,0.6141698349287386,8.639379797371934,5.093804605477053,44.00731260031856
0.4,22,1.2,5.0,1.0,2.3038346126325147,4.146902302738527,0.12057192658476922,0.38583016507126144,0.6141698349287386,9.42477796076938,5.093804605477053,48.00797738216569
0.4,22,1.3,5.0,1.0,2.3038346126325147,4.146902302738527,0.12057192658476922,0.38583016507126144,0.6141698349287386,10.210176124166829,5.093804605477053,52.00864216401284
0.4,22,1.4,5.0,1.0,2.3038346126325147,4.146902302738527,0.12057192658476922,0.38583016507126144,0.6141698349287386,10.995574287564276,5.093804605477053,56.009306945859976
0.4,22,1.5,5.0,1.0,2.3038346126325147,4.146902302738527,0.12057192658476922,0.38583016507126144,0.6141698349287386,11.780972450961725,5.093804605477053,60.00997172770712
0.4,22,1.6,5.0,1.0,2.3038346126325147,4.146902302738527,0.12057192658476922,0.38583016507126144,0.6141698349287386,12.566370614359174,5.093804605477053,64.01063650955426
0.4,22,1.7,5.0,1.0,2.3038346126325147,4.146902302738527,0.12057192658476922,0.38583016507126144,0.6141698349287386,13.351768777756622,5.093804605477053,68.0113012914014
0.4,22,1.8,5.0,1.0,2.3038346126325147,4.146902302738527,0.12057192658476922,0.38583016507126144,0.6141698349287386,14.13716694115407,5.093804605477053,72.01196607324854
0.4,22,1.9,5.0,1.0,2.3038346126325147,4.146902302738527,0.12057192658476922,0.38583016507126144,0.6141698349287386,14.922565104551516,5.093804605477053,76.01263085509568
0.4,22,2.0,5.0,1.0,2.3038346126325147,4.146902302738527,0.12057192658476922,0.38583016507126144,0.6141698349287386,15.707963267948967,5.093804605477053,80.01329563694283
0.4,23,0.1,5.0,1.0,2.4085543677521746,4.335397861953914,0.11532966890717056,0.36905494050294574,0.6309450594970543,0.7853981633974484,5.470795723907828,4.296752913879822
0.4,23,0.2,5.0,1.0,2.4085543677521746,4.335397861953914,0.11532966890717056,0.36905494050294574,0.6309450594970543,1.5707963267948968,5.470795723907828,8.593505827759644
0.4,23,0.3,5.0,1.0,2.4085543677521746,4.335397861953914,0.11532966890717056,0.36905494050294574,0.6309450594970543,2.356194490192345,5.470795723907828,12.890258741639464
0.4,23,0.4,5.0,1.0,2.4085543677521746,4.335397861953914,0.11532966890717056,0.36905494050294574,0.6309450594970543,3.1415926535897936,5.470795723907828,17.18701165551929
0.4,23,0.5,5.0,1.0,2.4085543677521746,4.335397861953914,0.11532966890717056,0.36905494050294574,0.6309450594970543,3.926990816987242,5.470795723907828,21.48376456939911
0.4,23,0.6,5.0,1.0,2.4085543677521746,4.335397861953914,0.11532966890717056,0.36905494050294574,0.6309450594970543,4.71238898038469,5.470795723907828,25.780517483278928
0.4,23,0.7,5.0,1.0,2.4085543677521746,4.335397861953914,0.11532966890717056,0.36905494050294574,0.6309450594970543,5.497787143782138,5.470795723907828,30.07727039715875
0.4,23,0.8,5.0,1.0,2.4085543677521746,4.335397861953914,0.11532966890717056,0.36905494050294574,0.6309450594970543,6.283185307179587,5.470795723907828,34.37402331103858
0.4,23,0.9,5.0,1.0,2.4085543677521746,4.335397861953914,0.11532966890717056,0.36905494050294574,0.6309450594970543,7.068583470577035,5.470795723907828,38.6707762249184
0.4,23,1.0,5.0,1.0,2.4085543677521746,4.335397861953914,0.11532966890717056,0.36905494050294574,0.6309450594970543,7.853981633974484,5.470795723907828,42.96752913879822
0.4,23,1.1,5.0,1.0,2.4085543677521746,4.335397861953914,0.11532966890717056,0.36905494050294574,0.6309450594970543,8.639379797371934,5.470795723907828,47.26428205267805
0.4,23,1.2,5.0,1.0,2.4085543677521746,4.335397861953914,0.11532966890717056,0.36905494050294574,0.6309450594970543,9.42477796076938,5.470795723907828,51.561034966557855
0.4,23,1.3,5.0,1.0,2.4085543677521746,4.335397861953914,0.11532966890717056,0.36905494050294574,0.6309450594970543,10.210176124166829,5.470795723907828,55.857787880437684
0.4,23,1.4,5.0,1.0,2.4085543677521746,4.335397861953914,0.11532966890717056,0.36905494050294574,0.6309450594970543,10.995574287564276,5.470795723907828,60.1545407943175
0.4,23,1.5,5.0,1.0,2.4085543677521746,4.335397861953914,0.11532966890717056,0.36905494050294574,0.6309450594970543,11.780972450961725,5.470795723907828,64.45129370819733
0.4,23,1.6,5.0,1.0,2.4085543677521746,4.335397861953914,0.11532966890717056,0.36905494050294574,0.6309450594970543,12.566370614359174,5.470795723907828,68.74804662207715
0.4,23,1.7,5.0,1.0,2.4085543677521746,4.335397861953914,0.11532966890717056,0.36905494050294574,0.6309450594970543,13.351768777756622,5.470795723907828,73.04479953595697
0.4,23,1.8,5.0,1.0,2.4085543677521746,4.335397861953914,0.11532966890717056,0.36905494050294574,0.6309450594970543,14.13716694115407,5.470795723907828,77.3415524498368
0.4,23,1.9,5.0,1.0,2.4085543677521746,4.335397861953914,0.11532966890717056,0.36905494050294574,0.6309450594970543,14.922565104551516,5.470795723907828,81.6383053637166
0.4,23,2.0,5.0,1.0,2.4085543677521746,4.335397861953914,0.11532966890717056,0.36905494050294574,0.6309450594970543,15.707963267948967,5.470795723907828,85.93505827759644
0.4,24,0.1,5.0,1.0,2.5132741228718345,4.523893421169302,0.11052426603603843,0.35367765131532297,0.646322348684677,0.7853981633974484,5.8477868423386035,4.592841045912503
0.4,24,0.2,5.0,1.0,2.5132741228718345,4.523893421169302,0.11052426603603843,0.35367765131532297,0.646322348684677,1.5707963267948968,5.8477868423386035,9.185682091825006
0.4,24,0.3,5.0,1.0,2.5132741228718345,4.523893421169302,0.11052426603603843,0.35367765131532297,0.646322348684677,2.356194490192345,5.8477868423386035,13.778523137737508
0.4,24,0.4,5.0,1.0,2.5132741228718345,4.523893421169302,0.11052426603603843,0.35367765131532297,0.646322348684677,3.1415926535897936,5.8477868423386035,18.371364183650012
0.4,24,0.5,5.0,1.0,2.5132741228718345,4.523893421169302,0.11052426603603843,0.35367765131532297,0.646322348684677,3.926990816987242,5.8477868423386035,22.964205229562516
0.4,24,0.6,5.0,1.0,2.5132741228718345,4.523893421169302,0.11052426603603843,0.35367765131532297,0.646322348684677,4.71238898038469,5.8477868423386035,27.557046275475017
0.4,24,0.7,5.0,1.0,2.5132741228718345,4.523893421169302,0.11052426603603843,0.35367765131532297,0.646322348684677,5.497787143782138,5.8477868423386035,32.14988732138752
0.4,24,0.8,5.0,1.0,2.5132741228718345,4.523893421169302,0.11052426603603843,0.35367765131532297,0.646322348684677,6.283185307179587,5.8477868423386035,36.742728367300025
0.4,24,0.9,5.0,1.0,2.5132741228718345,4.523893421169302,0.11052426603603843,0.35367765131532297,0.646322348684677,7.068583470577035,5.8477868423386035,41.335569413212525
0.4,24,1.0,5.0,1.0,2.5132741228718345,4.523893421169302,0.11052426603603843,0.35367765131532297,0.646322348684677,7.853981633974484,5.8477868423386035,45.92841045912503
0.4,24,1.1,5.0,1.0,2.5132741228718345,4.523893421169302,0.11052426603603843,0.35367765131532297,0.646322348684677,8.639379797371934,5.8477868423386035,50.52125150503755
0.4,24,1.2,5.0,1.0,2.5132741228718345,4.523893421169302,0.11052426603603843,0.35367765131532297,0.646322348684677,9.42477796076938,5.8477868423386035,55.11409255095003
0.4,24,1.3,5.0,1.0,2.5132741228718345,4.523893421169302,0.11052426603603843,0.35367765131532297,0.646322348684677,10.210176124166829,5.8477868423386035,59.70693359686254
0.4,24,1.4,5.0,1.0,2.5132741228718345,4.523893421169302,0.11052426603603843,0.35367765131532297,0.646322348684677,10.995574287564276,5.8477868423386035,64.29977464277503
0.4,24,1.5,5.0,1.0,2.5132741228718345,4.523893421169302,0.11052426603603843,0.35367765131532297,0.646322348684677,11.780972450961725,5.8477868423386035,68.89261568868754
0.4,24,1.6,5.0,1.0,2.5132741228718345,4.523893421169302,0.11052426603603843,0.35367765131532297,0.646322348684677,12.566370614359174,5.8477868423386035,73.48545673460005
0.4,24,1.7,5.0,1.0,2.5132741228718345,4.523893421169302,0.11052426603603843,0.35367765131532297,0.646322348684677,13.351768777756622,5.8477868423386035,78.07829778051254
0.4,24,1.8,5.0,1.0,2.5132741228718345,4.523893421169302,0.11052426603603843,0.35367765131532297,0.646322348684677,14.13716694115407,5.8477868423386035,82.67113882642505
0.4,24,1.9,5.0,1.0,2.5132741228718345,4.523893421169302,0.11052426603603843,0.35367765131532297,0.646322348684677,14.922565104551516,5.8477868423386035,87.26397987233754
0.4,24,2.0,5.0,1.0,2.5132741228718345,4.523893421169302,0.11052426603603843,0.35367765131532297,0.646322348684677,15.707963267948967,5.8477868423386035,91.85682091825007
0.4,25,0.1,5.0,1.0,2.6179938779914944,4.71238898038469,0.1061032953945969,0.33953054526271004,0.66046945473729,0.7853981633974484,6.22477796076938,4.888929177945185
0.4,25,0.2,5.0,1.0,2.6179938779914944,4.71238898038469,0.1061032953945969,0.33953054526271004,0.66046945473729,1.5707963267948968,6.22477796076938,9.77785835589037
0.4,25,0.3,5.0,1.0,2.6179938779914944,4.71238898038469,0.1061032953945969,0.33953054526271004,0.66046945473729,2.356194490192345,6.22477796076938,14.666787533835553
0.4,25,0.4,5.0,1.0,2.6179938779914944,4.71238898038469,0.1061032953945969,0.33953054526271004,0.66046945473729,3.1415926535897936,6.22477796076938,19.55571671178074
0.4,25,0.5,5.0,1.0,2.6179938779914944,4.71238898038469,0.1061032953945969,0.33953054526271004,0.66046945473729,3.926990816987242,6.22477796076938,24.444645889725926
0.4,25,0.6,5.0,1.0,2.6179938779914944,4.71238898038469,0.1061032953945969,0.33953054526271004,0.66046945473729,4.71238898038469,6.22477796076938,29.333575067671106
0.4,25,0.7,5.0,1.0,2.6179938779914944,4.71238898038469,0.1061032953945969,0.33953054526271004,0.66046945473729,5.497787143782138,6.22477796076938,34.22250424561629
0.4,25,0.8,5.0,1.0,2.6179938779914944,4.71238898038469,0.1061032953945969,0.33953054526271004,0.66046945473729,6.283185307179587,6.22477796076938,39.11143342356148
0.4,25,0.9,5.0,1.0,2.6179938779914944,4.71238898038469,0.1061032953945969,0.33953054526271004,0.66046945473729,7.068583470577035,6.22477796076938,44.000362601506666
0.4,25,1.0,5.0,1.0,2.6179938779914944,4.71238898038469,0.1061032953945969,0.33953054526271004,0.66046945473729,7.853981633974484,6.22477796076938,48.88929177945185
0.4,25,1.1,5.0,1.0,2.6179938779914944,4.71238898038469,0.1061032953945969,0.33953054526271004,0.66046945473729,8.639379797371934,6.22477796076938,53.778220957397046
0.4,25,1.2,5.0,1.0,2.6179938779914944,4.71238898038469,0.1061032953945969,0.33953054526271004,0.66046945473729,9.42477796076938,6.22477796076938,58.66715013534221
0.4,25,1.3,5.0,1.0,2.6179938779914944,4.71238898038469,0.1061032953945969,0.33953054526271004,0.66046945473729,10.210176124166829,6.22477796076938,63.556079313287405
0.4,25,1.4,5.0,1.0,2.6179938779914944,4.71238898038469,0.1061032953945969,0.33953054526271004,0.66046945473729,10.995574287564276,6.22477796076938,68.44500849123258
0.4,25,1.5,5.0,1.0,2.6179938779914944,4.71238898038469,0.1061032953945969,0.33953054526271004,0.66046945473729,11.780972450961725,6.22477796076938,73.33393766917777
0.4,25,1.6,5.0,1.0,2.6179938779914944,4.71238898038469,0.1061032953945969,0.33953054526271004,0.66046945473729,12.566370614359174,6.22477796076938,78.22286684712296
0.4,25,1.7,5.0,1.0,2.6179938779914944,4.71238898038469,0.1061032953945969,0.33953054526271004,0.66046945473729,13.351768777756622,6.22477796076938,83.11179602506814
0.4,25,1.8,5.0,1.0,2.6179938779914944,4.71238898038469,0.1061032953945969,0.33953054526271004,0.66046945473729,14.13716694115407,6.22477796076938,88.00072520301333
0.4,25,1.9,5.0,1.0,2.6179938779914944,4.71238898038469,0.1061032953945969,0.33953054526271004,0.66046945473729,14.922565104551516,6.22477796076938,92.8896543809585
0.4,25,2.0,5.0,1.0,2.6179938779914944,4.71238898038469,0.1061032953945969,0.33953054526271004,0.66046945473729,15.707963267948967,6.22477796076938,97.7785835589037
0.4,26,0.1,5.0,1.0,2.7227136331111543,4.900884539600078,0.10202239941788162,0.32647167813722117,0.6735283218627788,0.7853981633974484,6.601769079200155,5.185017309977866
0.4,26,0.2,5.0,1.0,2.7227136331111543,4.900884539600078,0.10202239941788162,0.32647167813722117,0.6735283218627788,1.5707963267948968,6.601769079200155,10.370034619955732
0.4,26,0.3,5.0,1.0,2.7227136331111543,4.900884539600078,0.10202239941788162,0.32647167813722117,0.6735283218627788,2.356194490192345,6.601769079200155,15.555051929933594
0.4,26,0.4,5.0,1.0,2.7227136331111543,4.900884539600078,0.10202239941788162,0.32647167813722117,0.6735283218627788,3.1415926535897936,6.601769079200155,20.740069239911463
0.4,26,0.5,5.0,1.0,2.7227136331111543,4.900884539600078,0.10202239941788162,0.32647167813722117,0.6735283218627788,3.926990816987242,6.601769079200155,25.92508654988933
0.4,26,0.6,5.0,1.0,2.7227136331111543,4.900884539600078,0.10202239941788162,0.32647167813722117,0.6735283218627788,4.71238898038469,6.601769079200155,31.110103859867188
0.4,26,0.7,5.0,1.0,2.7227136331111543,4.900884539600078,0.10202239941788162,0.32647167813722117,0.6735283218627788,5.497787143782138,6.601769079200155,36.29512116984505
0.4,26,0.8,5.0,1.0,2.7227136331111543,4.900884539600078,0.10202239941788162,0.32647167813722117,0.6735283218627788,6.283185307179587,6.601769079200155,41.48013847982293
0.4,26,0.9,5.0,1.0,2.7227136331111543,4.900884539600078,0.10202239941788162,0.32647167813722117,0.6735283218627788,7.068583470577035,6.601769079200155,46.66515578980079
0.4,26,1.0,5.0,1.0,2.7227136331111543,4.900884539600078,0.10202239941788162,0.32647167813722117,0.6735283218627788,7.853981633974484,6.601769079200155,51.85017309977866
0.4,26,1.1,5.0,1.0,2.7227136331111543,4.900884539600078,0.10202239941788162,0.32647167813722117,0.6735283218627788,8.639379797371934,6.601769079200155,57.03519040975653
0.4,26,1.2,5.0,1.0,2.7227136331111543,4.900884539600078,0.10202239941788162,0.32647167813722117,0.6735283218627788,9.42477796076938,6.601769079200155,62.220207719734375
0.4,26,1.3,5.0,1.0,2.7227136331111543,4.900884539600078,0.10202239941788162,0.32647167813722117,0.6735283218627788,10.210176124166829,6.601769079200155,67.40522502971226
0.4,26,1.4,5.0,1.0,2.7227136331111543,4.900884539600078,0.10202239941788162,0.32647167813722117,0.6735283218627788,10.995574287564276,6.601769079200155,72.5902423396901
0.4,26,1.5,5.0,1.0,2.7227136331111543,4.900884539600078,0.10202239941788162,0.32647167813722117,0.6735283218627788,11.780972450961725,6.601769079200155,77.77525964966797
0.4,26,1.6,5.0,1.0,2.7227136331111543,4.900884539600078,0.10202239941788162,0.32647167813722117,0.6735283218627788,12.566370614359174,6.601769079200155,82.96027695964585
0.4,26,1.7,5.0,1.0,2.7227136331111543,4.900884539600078,0.10202239941788162,0.32647167813722117,0.6735283218627788,13.351768777756622,6.601769079200155,88.1452942696237
0.4,26,1.8,5.0,1.0,2.7227136331111543,4.900884539600078,0.10202239941788162,0.32647167813722117,0.6735283218627788,14.13716694115407,6.601769079200155,93.33031157960158
0.4,26,1.9,5.0,1.0,2.7227136331111543,4.900884539600078,0.10202239941788162,0.32647167813722117,0.6735283218627788,14.922565104551516,6.601769079200155,98.51532888957942
0.4,26,2.0,5.0,1.0,2.7227136331111543,4.900884539600078,0.10202239941788162,0.32647167813722117,0.6735283218627788,15.707963267948967,6.601769079200155,103.70034619955732
0.4,27,0.1,5.0,1.0,2.827433388230814,5.089380098815465,0.09824379203203415,0.3143801345025093,0.6856198654974908,0.7853981633974484,6.9787601976309315,5.481105442010548
0.4,27,0.2,5.0,1.0,2.827433388230814,5.089380098815465,0.09824379203203415,0.3143801345025093,0.6856198654974908,1.5707963267948968,6.9787601976309315,10.962210884021095
0.4,27,0.3,5.0,1.0,2.827433388230814,5.089380098815465,0.09824379203203415,0.3143801345025093,0.6856198654974908,2.356194490192345,6.9787601976309315,16.443316326031642
0.4,27,0.4,5.0,1.0,2.827433388230814,5.089380098815465,0.09824379203203415,0.3143801345025093,0.6856198654974908,3.1415926535897936,6.9787601976309315,21.92442176804219
0.4,27,0.5,5.0,1.0,2.827433388230814,5.089380098815465,0.09824379203203415,0.3143801345025093,0.6856198654974908,3.926990816987242,6.9787601976309315,27.405527210052735
0.4,27,0.6,5.0,1.0,2.827433388230814,5.089380098815465,0.09824379203203415,0.3143801345025093,0.6856198654974908,4.71238898038469,6.9787601976309315,32.886632652063284
0.4,27,0.7,5.0,1.0,2.827433388230814,5.089380098815465,0.09824379203203415,0.3143801345025093,0.6856198654974908,5.497787143782138,6.9787601976309315,38.36773809407383
0.4,27,0.8,5.0,1.0,2.827433388230814,5.089380098815465,0.09824379203203415,0.3143801345025093,0.6856198654974908,6.283185307179587,6.9787601976309315,43.84884353608438
0.4,27,0.9,5.0,1.0,2.827433388230814,5.089380098815465,0.09824379203203415,0.3143801345025093,0.6856198654974908,7.068583470577035,6.9787601976309315,49.329948978094926
0.4,27,1.0,5.0,1.0,2.827433388230814,5.089380098815465,0.09824379203203415,0.3143801345025093,0.6856198654974908,7.853981633974484,6.9787601976309315,54.81105442010547
0.4,27,1.1,5.0,1.0,2.827433388230814,5.089380098815465,0.09824379203203415,0.3143801345025093,0.6856198654974908,8.639379797371934,6.9787601976309315,60.29215986211603
0.4,27,1.2,5.0,1.0,2.827433388230814,5.089380098815465,0.09824379203203415,0.3143801345025093,0.6856198654974908,9.42477796076938,6.9787601976309315,65.77326530412657
0.4,27,1.3,5.0,1.0,2.827433388230814,5.089380098815465,0.09824379203203415,0.3143801345025093,0.6856198654974908,10.210176124166829,6.9787601976309315,71.25437074613711
0.4,27,1.4,5.0,1.0,2.827433388230814,5.089380098815465,0.09824379203203415,0.3143801345025093,0.6856198654974908,10.995574287564276,6.9787601976309315,76.73547618814766
0.4,27,1.5,5.0,1.0,2.827433388230814,5.089380098815465,0.09824379203203415,0.3143801345025093,0.6856198654974908,11.780972450961725,6.9787601976309315,82.2165816301582
0.4,27,1.6,5.0,1.0,2.827433388230814,5.089380098815465,0.09824379203203415,0.3143801345025093,0.6856198654974908,12.566370614359174,6.9787601976309315,87.69768707216876
0.4,27,1.7,5.0,1.0,2.827433388230814,5.089380098815465,0.09824379203203415,0.3143801345025093,0.6856198654974908,13.351768777756622,6.9787601976309315,93.1787925141793
0.4,27,1.8,5.0,1.0,2.827433388230814,5.089380098815465,0.09824379203203415,0.3143801345025093,0.6856198654974908,14.13716694115407,6.9787601976309315,98.65989795618985
0.4,27,1.9,5.0,1.0,2.827433388230814,5.089380098815465,0.09824379203203415,0.3143801345025093,0.6856198654974908,14.922565104551516,6.9787601976309315,104.14100339820038
0.4,27,2.0,5.0,1.0,2.827433388230814,5.089380098815465,0.09824379203203415,0.3143801345025093,0.6856198654974908,15.707963267948967,6.9787601976309315,109.62210884021094
0.4,28,0.1,5.0,1.0,2.9321531433504737,5.277875658030853,0.09473508517374722,0.3031522725559911,0.6968477274440089,0.7853981633974484,7.355751316061705,5.777193574043228
0.4,28,0.2,5.0,1.0,2.9321531433504737,5.277875658030853,0.09473508517374722,0.3031522725559911,0.6968477274440089,1.5707963267948968,7.355751316061705,11.554387148086455
0.4,28,0.3,5.0,1.0,2.9321531433504737,5.277875658030853,0.09473508517374722,0.3031522725559911,0.6968477274440089,2.356194490192345,7.355751316061705,17.33158072212968
0.4,28,0.4,5.0,1.0,2.9321531433504737,5.277875658030853,0.09473508517374722,0.3031522725559911,0.6968477274440089,3.1415926535897936,7.355751316061705,23.10877429617291
0.4,28,0.5,5.0,1.0,2.9321531433504737,5.277875658030853,0.09473508517374722,0.3031522725559911,0.6968477274440089,3.926990816987242,7.355751316061705,28.885967870216135
0.4,28,0.6,5.0,1.0,2.9321531433504737,5.277875658030853,0.09473508517374722,0.3031522725559911,0.6968477274440089,4.71238898038469,7.355751316061705,34.66316144425936
0.4,28,0.7,5.0,1.0,2.9321531433504737,5.277875658030853,0.09473508517374722,0.3031522725559911,0.6968477274440089,5.497787143782138,7.355751316061705,40.44035501830258
0.4,28,0.8,5.0,1.0,2.9321531433504737,5.277875658030853,0.09473508517374722,0.3031522725559911,0.6968477274440089,6.283185307179587,7.355751316061705,46.21754859234582
0.4,28,0.9,5.0,1.0,2.9321531433504737,5.277875658030853,0.09473508517374722,0.3031522725559911,0.6968477274440089,7.068583470577035,7.355751316061705,51.994742166389045
0.4,28,1.0,5.0,1.0,2.9321531433504737,5.277875658030853,0.09473508517374722,0.3031522725559911,0.6968477274440089,7.853981633974484,7.355751316061705,57.77193574043227
0.4,28,1.1,5.0,1.0,2.9321531433504737,5.277875658030853,0.09473508517374722,0.3031522725559911,0.6968477274440089,8.639379797371934,7.355751316061705,63.549129314475515
0.4,28,1.2,5.0,1.0,2.9321531433504737,5.277875658030853,0.09473508517374722,0.3031522725559911,0.6968477274440089,9.42477796076938,7.355751316061705,69.32632288851872
0.4,28,1.3,5.0,1.0,2.9321531433504737,5.277875658030853,0.09473508517374722,0.3031522725559911,0.6968477274440089,10.210176124166829,7.355751316061705,75.10351646256196
0.4,28,1.4,5.0,1.0,2.9321531433504737,5.277875658030853,0.09473508517374722,0.3031522725559911,0.6968477274440089,10.995574287564276,7.355751316061705,80.88071003660517
0.4,28,1.5,5.0,1.0,2.9321531433504737,5.277875658030853,0.09473508517374722,0.3031522725559911,0.6968477274440089,11.780972450961725,7.355751316061705,86.6579036106484
0.4,28,1.6,5.0,1.0,2.9321531433504737,5.277875658030853,0.09473508517374722,0.3031522725559911,0.6968477274440089,12.566370614359174,7.355751316061705,92.43509718469164
0.4,28,1.7,5.0,1.0,2.9321531433504737,5.277875658030853,0.09473508517374722,0.3031522725559911,0.6968477274440089,13.351768777756622,7.355751316061705,98.21229075873485
0.4,28,1.8,5.0,1.0,2.9321531433504737,5.277875658030853,0.09473508517374722,0.3031522725559911,0.6968477274440089,14.13716694115407,7.355751316061705,103.98948433277809
0.4,28,1.9,5.0,1.0,2.9321531433504737,5.277875658030853,0.09473508517374722,0.3031522725559911,0.6968477274440089,14.922565104551516,7.355751316061705,109.7666779068213
0.4,28,2.0,5.0,1.0,2.9321531433504737,5.277875658030853,0.09473508517374722,0.3031522725559911,0.6968477274440089,15.707963267948967,7.355751316061705,115.54387148086454
0.4,29,0.1,5.0,1.0,3.0368728984701336,5.466371217246241,0.0914683580987904,0.2926987459161293,0.7073012540838707,0.7853981633974484,7.732742434492482,6.0732817060759094
0.4,29,0.2,5.0,1.0,3.0368728984701336,5.466371217246241,0.0914683580987904,0.2926987459161293,0.7073012540838707,1.5707963267948968,7.732742434492482,12.146563412151819
0.4,29,0.3,5.0,1.0,3.0368728984701336,5.466371217246241,0.0914683580987904,0.2926987459161293,0.7073012540838707,2.356194490192345,7.732742434492482,18.219845118227724
0.4,29,0.4,5.0,1.0,3.0368728984701336,5.466371217246241,0.0914683580987904,0.2926987459161293,0.7073012540838707,3.1415926535897936,7.732742434492482,24.293126824303638
0.4,29,0.5,5.0,1.0,3.0368728984701336,5.466371217246241,0.0914683580987904,0.2926987459161293,0.7073012540838707,3.926990816987242,7.732742434492482,30.366408530379545
0.4,29,0.6,5.0,1.0,3.0368728984701336,5.466371217246241,0.0914683580987904,0.2926987459161293,0.7073012540838707,4.71238898038469,7.732742434492482,36.43969023645545
0.4,29,0.7,5.0,1.0,3.0368728984701336,5.466371217246241,0.0914683580987904,0.2926987459161293,0.7073012540838707,5.497787143782138,7.732742434492482,42.51297194253136
0.4,29,0.8,5.0,1.0,3.0368728984701336,5.466371217246241,0.0914683580987904,0.2926987459161293,0.7073012540838707,6.283185307179587,7.732742434492482,48.586253648607276
0.4,29,0.9,5.0,1.0,3.0368728984701336,5.466371217246241,0.0914683580987904,0.2926987459161293,0.7073012540838707,7.068583470577035,7.732742434492482,54.65953535468318
0.4,29,1.0,5.0,1.0,3.0368728984701336,5.466371217246241,0.0914683580987904,0.2926987459161293,0.7073012540838707,7.853981633974484,7.732742434492482,60.73281706075909
0.4,29,1.1,5.0,1.0,3.0368728984701336,5.466371217246241,0.0914683580987904,0.2926987459161293,0.7073012540838707,8.639379797371934,7.732742434492482,66.806098766835
0.4,29,1.2,5.0,1.0,3.0368728984701336,5.466371217246241,0.0914683580987904,0.2926987459161293,0.7073012540838707,9.42477796076938,7.732742434492482,72.8793804729109
0.4,29,1.3,5.0,1.0,3.0368728984701336,5.466371217246241,0.0914683580987904,0.2926987459161293,0.7073012540838707,10.210176124166829,7.732742434492482,78.95266217898681
0.4,29,1.4,5.0,1.0,3.0368728984701336,5.466371217246241,0.0914683580987904,0.2926987459161293,0.7073012540838707,10.995574287564276,7.732742434492482,85.02594388506272
0.4,29,1.5,5.0,1.0,3.0368728984701336,5.466371217246241,0.0914683580987904,0.2926987459161293,0.7073012540838707,11.780972450961725,7.732742434492482,91.09922559113863
0.4,29,1.6,5.0,1.0,3.0368728984701336,5.466371217246241,0.0914683580987904,0.2926987459161293,0.7073012540838707,12.566370614359174,7.732742434492482,97.17250729721455
0.4,29,1.7,5.0,1.0,3.0368728984701336,5.466371217246241,0.0914683580987904,0.2926987459161293,0.7073012540838707,13.351768777756622,7.732742434492482,103.24578900329045
0.4,29,1.8,5.0,1.0,3.0368728984701336,5.466371217246241,0.0914683580987904,0.2926987459161293,0.7073012540838707,14.13716694115407,7.732742434492482,109.31907070936636
0.4,29,1.9,5.0,1.0,3.0368728984701336,5.466371217246241,0.0914683580987904,0.2926987459161293,0.7073012540838707,14.922565104551516,7.732742434492482,115.39235241544225
0.4,29,2.0,5.0,1.0,3.0368728984701336,5.466371217246241,0.0914683580987904,0.2926987459161293,0.7073012540838707,15.707963267948967,7.732742434492482,121.46563412151818
0.4,30,0.1,5.0,1.0,3.1415926535897927,5.654866776461627,0.08841941282883076,0.2829421210522584,0.7170578789477415,0.7853981633974484,8.109733552923254,6.369369838108588
0.4,30,0.2,5.0,1.0,3.1415926535897927,5.654866776461627,0.08841941282883076,0.2829421210522584,0.7170578789477415,1.5707963267948968,8.109733552923254,12.738739676217175
0.4,30,0.3,5.0,1.0,3.1415926535897927,5.654866776461627,0.08841941282883076,0.2829421210522584,0.7170578789477415,2.356194490192345,8.109733552923254,19.10810951432576
0.4,30,0.4,5.0,1.0,3.1415926535897927,5.654866776461627,0.08841941282883076,0.2829421210522584,0.7170578789477415,3.1415926535897936,8.109733552923254,25.47747935243435
0.4,30,0.5,5.0,1.0,3.1415926535897927,5.654866776461627,0.08841941282883076,0.2829421210522584,0.7170578789477415,3.926990816987242,8.109733552923254,31.846849190542937
0.4,30,0.6,5.0,1.0,3.1415926535897927,5.654866776461627,0.08841941282883076,0.2829421210522584,0.7170578789477415,4.71238898038469,8.109733552923254,38.21621902865152
0.4,30,0.7,5.0,1.0,3.1415926535897927,5.654866776461627,0.08841941282883076,0.2829421210522584,0.7170578789477415,5.497787143782138,8.109733552923254,44.585588866760105
0.4,30,0.8,5.0,1.0,3.1415926535897927,5.654866776461627,0.08841941282883076,0.2829421210522584,0.7170578789477415,6.283185307179587,8.109733552923254,50.9549587048687
0.4,30,0.9,5.0,1.0,3.1415926535897927,5.654866776461627,0.08841941282883076,0.2829421210522584,0.7170578789477415,7.068583470577035,8.109733552923254,57.32432854297729
0.4,30,1.0,5.0,1.0,3.1415926535897927,5.654866776461627,0.08841941282883076,0.2829421210522584,0.7170578789477415,7.853981633974484,8.109733552923254,63.69369838108587
0.4,30,1.1,5.0,1.0,3.1415926535897927,5.654866776461627,0.08841941282883076,0.2829421210522584,0.7170578789477415,8.639379797371934,8.109733552923254,70.06306821919448
0.4,30,1.2,5.0,1.0,3.1415926535897927,5.654866776461627,0.08841941282883076,0.2829421210522584,0.7170578789477415,9.42477796076938,8.109733552923254,76.43243805730305
0.4,30,1.3,5.0,1.0,3.1415926535897927,5.654866776461627,0.08841941282883076,0.2829421210522584,0.7170578789477415,10.210176124166829,8.109733552923254,82.80180789541163
0.4,30,1.4,5.0,1.0,3.1415926535897927,5.654866776461627,0.08841941282883076,0.2829421210522584,0.7170578789477415,10.995574287564276,8.109733552923254,89.17117773352021
0.4,30,1.5,5.0,1.0,3.1415926535897927,5.654866776461627,0.08841941282883076,0.2829421210522584,0.7170578789477415,11.780972450961725,8.109733552923254,95.5405475716288
0.4,30,1.6,5.0,1.0,3.1415926535897927,5.654866776461627,0.08841941282883076,0.2829421210522584,0.7170578789477415,12.566370614359174,8.109733552923254,101.9099174097374
0.4,30,1.7,5.0,1.0,3.1415926535897927,5.654866776461627,0.08841941282883076,0.2829421210522584,0.7170578789477415,13.351768777756622,8.109733552923254,108.27928724784599
0.4,30,1.8,5.0,1.0,3.1415926535897927,5.654866776461627,0.08841941282883076,0.2829421210522584,0.7170578789477415,14.13716694115407,8.109733552923254,114.64865708595458
0.4,30,1.9,5.0,1.0,3.1415926535897927,5.654866776461627,0.08841941282883076,0.2829421210522584,0.7170578789477415,14.922565104551516,8.109733552923254,121.01802692406314
0.4,30,2.0,5.0,1.0,3.1415926535897927,5.654866776461627,0.08841941282883076,0.2829421210522584,0.7170578789477415,15.707963267948967,8.109733552923254,127.38739676217175
0.4,31,0.1,5.0,1.0,3.2463124087094526,5.843362335677015,0.08556717370532008,0.4107224337855364,0.5892775662144636,0.7853981633974484,6.88672467135403,5.408820908705351
0.4,31,0.2,5.0,1.0,3.2463124087094526,5.843362335677015,0.08556717370532008,0.4107224337855364,0.5892775662144636,1.5707963267948968,6.88672467135403,10.817641817410703
0.4,31,0.3,5.0,1.0,3.2463124087094526,5.843362335677015,0.08556717370532008,0.4107224337855364,0.5892775662144636,2.356194490192345,6.88672467135403,16.226462726116054
0.4,31,0.4,5.0,1.0,3.2463124087094526,5.843362335677015,0.08556717370532008,0.4107224337855364,0.5892775662144636,3.1415926535897936,6.88672467135403,21.635283634821405
0.4,31,0.5,5.0,1.0,3.2463124087094526,5.843362335677015,0.08556717370532008,0.4107224337855364,0.5892775662144636,3.926990816987242,6.88672467135403,27.044104543526757
0.4,31,0.6,5.0,1.0,3.2463124087094526,5.843362335677015,0.08556717370532008,0.4107224337855364,0.5892775662144636,4.71238898038469,6.88672467135403,32.45292545223211
0.4,31,0.7,5.0,1.0,3.2463124087094526,5.843362335677015,0.08556717370532008,0.4107224337855364,0.5892775662144636,5.497787143782138,6.88672467135403,37.86174636093746
0.4,31,0.8,5.0,1.0,3.2463124087094526,5.843362335677015,0.08556717370532008,0.4107224337855364,0.5892775662144636,6.283185307179587,6.88672467135403,43.27056726964281
0.4,31,0.9,5.0,1.0,3.2463124087094526,5.843362335677015,0.08556717370532008,0.4107224337855364,0.5892775662144636,7.068583470577035,6.88672467135403,48.67938817834816
0.4,31,1.0,5.0,1.0,3.2463124087094526,5.843362335677015,0.08556717370532008,0.4107224337855364,0.5892775662144636,7.853981633974484,6.88672467135403,54.088209087053514
0.4,31,1.1,5.0,1.0,3.2463124087094526,5.843362335677015,0.08556717370532008,0.4107224337855364,0.5892775662144636,8.639379797371934,6.88672467135403,59.49702999575888
0.4,31,1.2,5.0,1.0,3.2463124087094526,5.843362335677015,0.08556717370532008,0.4107224337855364,0.5892775662144636,9.42477796076938,6.88672467135403,64.90585090446422
0.4,31,1.3,5.0,1.0,3.2463124087094526,5.843362335677015,0.08556717370532008,0.4107224337855364,0.5892775662144636,10.210176124166829,6.88672467135403,70.31467181316957
0.4,31,1.4,5.0,1.0,3.2463124087094526,5.843362335677015,0.08556717370532008,0.4107224337855364,0.5892775662144636,10.995574287564276,6.88672467135403,75.72349272187492
0.4,31,1.5,5.0,1.0,3.2463124087094526,5.843362335677015,0.08556717370532008,0.4107224337855364,0.5892775662144636,11.780972450961725,6.88672467135403,81.13231363058027
0.4,31,1.6,5.0,1.0,3.2463124087094526,5.843362335677015,0.08556717370532008,0.4107224337855364,0.5892775662144636,12.566370614359174,6.88672467135403,86.54113453928562
0.4,31,1.7,5.0,1.0,3.2463124087094526,5.843362335677015,0.08556717370532008,0.4107224337855364,0.5892775662144636,13.351768777756622,6.88672467135403,91.94995544799097
0.4,31,1.8,5.0,1.0,3.2463124087094526,5.843362335677015,0.08556717370532008,0.4107224337855364,0.5892775662144636,14.13716694115407,6.88672467135403,97.35877635669632
0.4,31,1.9,5.0,1.0,3.2463124087094526,5.843362335677015,0.08556717370532008,0.4107224337855364,0.5892775662144636,14.922565104551516,6.88672467135403,102.76759726540166
0.4,31,2.0,5.0,1.0,3.2463124087094526,5.843362335677015,0.08556717370532008,0.4107224337855364,0.5892775662144636,15.707963267948967,6.88672467135403,108.17641817410703
0.4,32,0.1,5.0,1.0,3.3510321638291125,6.031857894892402,0.08289319952702882,0.3978873577297383,0.6021126422702616,0.7853981633974484,7.263715789784805,5.704909040738032
0.4,32,0.2,5.0,1.0,3.3510321638291125,6.031857894892402,0.08289319952702882,0.3978873577297383,0.6021126422702616,1.5707963267948968,7.263715789784805,11.409818081476065
0.4,32,0.3,5.0,1.0,3.3510321638291125,6.031857894892402,0.08289319952702882,0.3978873577297383,0.6021126422702616,2.356194490192345,7.263715789784805,17.114727122214095
0.4,32,0.4,5.0,1.0,3.3510321638291125,6.031857894892402,0.08289319952702882,0.3978873577297383,0.6021126422702616,3.1415926535897936,7.263715789784805,22.81963616295213
0.4,32,0.5,5.0,1.0,3.3510321638291125,6.031857894892402,0.08289319952702882,0.3978873577297383,0.6021126422702616,3.926990816987242,7.263715789784805,28.52454520369016
0.4,32,0.6,5.0,1.0,3.3510321638291125,6.031857894892402,0.08289319952702882,0.3978873577297383,0.6021126422702616,4.71238898038469,7.263715789784805,34.22945424442819
0.4,32,0.7,5.0,1.0,3.3510321638291125,6.031857894892402,0.08289319952702882,0.3978873577297383,0.6021126422702616,5.497787143782138,7.263715789784805,39.93436328516622
0.4,32,0.8,5.0,1.0,3.3510321638291125,6.031857894892402,0.08289319952702882,0.3978873577297383,0.6021126422702616,6.283185307179587,7.263715789784805,45.63927232590426
0.4,32,0.9,5.0,1.0,3.3510321638291125,6.031857894892402,0.08289319952702882,0.3978873577297383,0.6021126422702616,7.068583470577035,7.263715789784805,51.34418136664229
0.4,32,1.0,5.0,1.0,3.3510321638291125,6.031857894892402,0.08289319952702882,0.3978873577297383,0.6021126422702616,7.853981633974484,7.263715789784805,57.04909040738032
0.4,32,1.1,5.0,1.0,3.3510321638291125,6.031857894892402,0.08289319952702882,0.3978873577297383,0.6021126422702616,8.639379797371934,7.263715789784805,62.753999448118364
0.4,32,1.2,5.0,1.0,3.3510321638291125,6.031857894892402,0.08289319952702882,0.3978873577297383,0.6021126422702616,9.42477796076938,7.263715789784805,68.45890848885638
0.4,32,1.3,5.0,1.0,3.3510321638291125,6.031857894892402,0.08289319952702882,0.3978873577297383,0.6021126422702616,10.210176124166829,7.263715789784805,74.16381752959441
0.4,32,1.4,5.0,1.0,3.3510321638291125,6.031857894892402,0.08289319952702882,0.3978873577297383,0.6021126422702616,10.995574287564276,7.263715789784805,79.86872657033244
0.4,32,1.5,5.0,1.0,3.3510321638291125,6.031857894892402,0.08289319952702882,0.3978873577297383,0.6021126422702616,11.780972450961725,7.263715789784805,85.57363561107047
0.4,32,1.6,5.0,1.0,3.3510321638291125,6.031857894892402,0.08289319952702882,0.3978873577297383,0.6021126422702616,12.566370614359174,7.263715789784805,91.27854465180852
0.4,32,1.7,5.0,1.0,3.3510321638291125,6.031857894892402,0.08289319952702882,0.3978873577297383,0.6021126422702616,13.351768777756622,7.263715789784805,96.98345369254653
0.4,32,1.8,5.0,1.0,3.3510321638291125,6.031857894892402,0.08289319952702882,0.3978873577297383,0.6021126422702616,14.13716694115407,7.263715789784805,102.68836273328458
0.4,32,1.9,5.0,1.0,3.3510321638291125,6.031857894892402,0.08289319952702882,0.3978873577297383,0.6021126422702616,14.922565104551516,7.263715789784805,108.3932717740226
0.4,32,2.0,5.0,1.0,3.3510321638291125,6.031857894892402,0.08289319952702882,0.3978873577297383,0.6021126422702616,15.707963267948967,7.263715789784805,114.09818081476064
0.4,33,0.1,5.0,1.0,3.4557519189487724,6.220353454107791,0.08038128438984612,0.38583016507126144,0.6141698349287386,0.7853981633974484,7.640706908215582,6.000997172770714
0.4,33,0.2,5.0,1.0,3.4557519189487724,6.220353454107791,0.08038128438984612,0.38583016507126144,0.6141698349287386,1.5707963267948968,7.640706908215582,12.001994345541428
0.4,33,0.3,5.0,1.0,3.4557519189487724,6.220353454107791,0.08038128438984612,0.38583016507126144,0.6141698349287386,2.356194490192345,7.640706908215582,18.00299151831214
0.4,33,0.4,5.0,1.0,3.4557519189487724,6.220353454107791,0.08038128438984612,0.38583016507126144,0.6141698349287386,3.1415926535897936,7.640706908215582,24.003988691082856
0.4,33,0.5,5.0,1.0,3.4557519189487724,6.220353454107791,0.08038128438984612,0.38583016507126144,0.6141698349287386,3.926990816987242,7.640706908215582,30.00498586385357
0.4,33,0.6,5.0,1.0,3.4557519189487724,6.220353454107791,0.08038128438984612,0.38583016507126144,0.6141698349287386,4.71238898038469,7.640706908215582,36.00598303662428
0.4,33,0.7,5.0,1.0,3.4557519189487724,6.220353454107791,0.08038128438984612,0.38583016507126144,0.6141698349287386,5.497787143782138,7.640706908215582,42.006980209394996
0.4,33,0.8,5.0,1.0,3.4557519189487724,6.220353454107791,0.08038128438984612,0.38583016507126144,0.6141698349287386,6.283185307179587,7.640706908215582,48.00797738216571
0.4,33,0.9,5.0,1.0,3.4557519189487724,6.220353454107791,0.08038128438984612,0.38583016507126144,0.6141698349287386,7.068583470577035,7.640706908215582,54.00897455493642
0.4,33,1.0,5.0,1.0,3.4557519189487724,6.220353454107791,0.08038128438984612,0.38583016507126144,0.6141698349287386,7.853981633974484,7.640706908215582,60.00997172770714
0.4,33,1.1,5.0,1.0,3.4557519189487724,6.220353454107791,0.08038128438984612,0.38583016507126144,0.6141698349287386,8.639379797371934,7.640706908215582,66.01096890047786
0.4,33,1.2,5.0,1.0,3.4557519189487724,6.220353454107791,0.08038128438984612,0.38583016507126144,0.6141698349287386,9.42477796076938,7.640706908215582,72.01196607324856
0.4,33,1.3,5.0,1.0,3.4557519189487724,6.220353454107791,0.08038128438984612,0.38583016507126144,0.6141698349287386,10.210176124166829,7.640706908215582,78.01296324601928
0.4,33,1.4,5.0,1.0,3.4557519189487724,6.220353454107791,0.08038128438984612,0.38583016507126144,0.6141698349287386,10.995574287564276,7.640706908215582,84.01396041878999
0.4,33,1.5,5.0,1.0,3.4557519189487724,6.220353454107791,0.08038128438984612,0.38583016507126144,0.6141698349287386,11.780972450961725,7.640706908215582,90.0149575915607
0.4,33,1.6,5.0,1.0,3.4557519189487724,6.220353454107791,0.08038128438984612,0.38583016507126144,0.6141698349287386,12.566370614359174,7.640706908215582,96.01595476433143
0.4,33,1.7,5.0,1.0,3.4557519189487724,6.220353454107791,0.08038128438984612,0.38583016507126144,0.6141698349287386,13.351768777756622,7.640706908215582,102.01695193710214
0.4,33,1.8,5.0,1.0,3.4557519189487724,6.220353454107791,0.08038128438984612,0.38583016507126144,0.6141698349287386,14.13716694115407,7.640706908215582,108.01794910987284
0.4,33,1.9,5.0,1.0,3.4557519189487724,6.220353454107791,0.08038128438984612,0.38583016507126144,0.6141698349287386,14.922565104551516,7.640706908215582,114.01894628264354
0.4,33,2.0,5.0,1.0,3.4557519189487724,6.220353454107791,0.08038128438984612,0.38583016507126144,0.6141698349287386,15.707963267948967,7.640706908215582,120.01994345541428
0.4,34,0.1,5.0,1.0,3.5604716740684323,6.408849013323178,0.07801712896661536,0.3744822190397537,0.6255177809602464,0.7853981633974484,8.017698026646357,6.297085304803395
0.4,34,0.2,5.0,1.0,3.5604716740684323,6.408849013323178,0.07801712896661536,0.3744822190397537,0.6255177809602464,1.5707963267948968,8.017698026646357,12.59417060960679
0.4,34,0.3,5.0,1.0,3.5604716740684323,6.408849013323178,0.07801712896661536,0.3744822190397537,0.6255177809602464,2.356194490192345,8.017698026646357,18.891255914410184
0.4,34,0.4,5.0,1.0,3.5604716740684323,6.408849013323178,0.07801712896661536,0.3744822190397537,0.6255177809602464,3.1415926535897936,8.017698026646357,25.18834121921358
0.4,34,0.5,5.0,1.0,3.5604716740684323,6.408849013323178,0.07801712896661536,0.3744822190397537,0.6255177809602464,3.926990816987242,8.017698026646357,31.485426524016976
0.4,34,0.6,5.0,1.0,3.5604716740684323,6.408849013323178,0.07801712896661536,0.3744822190397537,0.6255177809602464,4.71238898038469,8.017698026646357,37.78251182882037
0.4,34,0.7,5.0,1.0,3.5604716740684323,6.408849013323178,0.07801712896661536,0.3744822190397537,0.6255177809602464,5.497787143782138,8.017698026646357,44.079597133623764
0.4,34,0.8,5.0,1.0,3.5604716740684323,6.408849013323178,0.07801712896661536,0.3744822190397537,0.6255177809602464,6.283185307179587,8.017698026646357,50.37668243842716
0.4,34,0.9,5.0,1.0,3.5604716740684323,6.408849013323178,0.07801712896661536,0.3744822190397537,0.6255177809602464,7.068583470577035,8.017698026646357,56.673767743230556
0.4,34,1.0,5.0,1.0,3.5604716740684323,6.408849013323178,0.07801712896661536,0.3744822190397537,0.6255177809602464,7.853981633974484,8.017698026646357,62.97085304803395
0.4,34,1.1,5.0,1.0,3.5604716740684323,6.408849013323178,0.07801712896661536,0.3744822190397537,0.6255177809602464,8.639379797371934,8.017698026646357,69.26793835283736
0.4,34,1.2,5.0,1.0,3.5604716740684323,6.408849013323178,0.07801712896661536,0.3744822190397537,0.6255177809602464,9.42477796076938,8.017698026646357,75.56502365764074
0.4,34,1.3,5.0,1.0,3.5604716740684323,6.408849013323178,0.07801712896661536,0.3744822190397537,0.6255177809602464,10.210176124166829,8.017698026646357,81.86210896244414
0.4,34,1.4,5.0,1.0,3.5604716740684323,6.408849013323178,0.07801712896661536,0.3744822190397537,0.6255177809602464,10.995574287564276,8.017698026646357,88.15919426724753
0.4,34,1.5,5.0,1.0,3.5604716740684323,6.408849013323178,0.07801712896661536,0.3744822190397537,0.6255177809602464,11.780972450961725,8.017698026646357,94.45627957205092
0.4,34,1.6,5.0,1.0,3.5604716740684323,6.408849013323178,0.07801712896661536,0.3744822190397537,0.6255177809602464,12.566370614359174,8.017698026646357,100.75336487685432
0.4,34,1.7,5.0,1.0,3.5604716740684323,6.408849013323178,0.07801712896661536,0.3744822190397537,0.6255177809602464,13.351768777756622,8.017698026646357,107.05045018165771
0.4,34,1.8,5.0,1.0,3.5604716740684323,6.408849013323178,0.07801712896661536,0.3744822190397537,0.6255177809602464,14.13716694115407,8.017698026646357,113.34753548646111
0.4,34,1.9,5.0,1.0,3.5604716740684323,6.408849013323178,0.07801712896661536,0.3744822190397537,0.6255177809602464,14.922565104551516,8.017698026646357,119.64462079126449
0.4,34,2.0,5.0,1.0,3.5604716740684323,6.408849013323178,0.07801712896661536,0.3744822190397537,0.6255177809602464,15.707963267948967,8.017698026646357,125.9417060960679
0.4,35,0.1,5.0,1.0,3.665191429188092,6.5973445725385655,0.07578806813899779,0.36378272706718934,0.6362172729328106,0.7853981633974484,8.39468914507713,6.593173436836074
0.4,35,0.2,5.0,1.0,3.665191429188092,6.5973445725385655,0.07578806813899779,0.36378272706718934,0.6362172729328106,1.5707963267948968,8.39468914507713,13.186346873672148
0.4,35,0.3,5.0,1.0,3.665191429188092,6.5973445725385655,0.07578806813899779,0.36378272706718934,0.6362172729328106,2.356194490192345,8.39468914507713,19.77952031050822
0.4,35,0.4,5.0,1.0,3.665191429188092,6.5973445725385655,0.07578806813899779,0.36378272706718934,0.6362172729328106,3.1415926535897936,8.39468914507713,26.372693747344297
0.4,35,0.5,5.0,1.0,3.665191429188092,6.5973445725385655,0.07578806813899779,0.36378272706718934,0.6362172729328106,3.926990816987242,8.39468914507713,32.96586718418037
0.4,35,0.6,5.0,1.0,3.665191429188092,6.5973445725385655,0.07578806813899779,0.36378272706718934,0.6362172729328106,4.71238898038469,8.39468914507713,39.55904062101644
0.4,35,0.7,5.0,1.0,3.665191429188092,6.5973445725385655,0.07578806813899779,0.36378272706718934,0.6362172729328106,5.497787143782138,8.39468914507713,46.15221405785251
0.4,35,0.8,5.0,1.0,3.665191429188092,6.5973445725385655,0.07578806813899779,0.36378272706718934,0.6362172729328106,6.283185307179587,8.39468914507713,52.74538749468859
0.4,35,0.9,5.0,1.0,3.665191429188092,6.5973445725385655,0.07578806813899779,0.36378272706718934,0.6362172729328106,7.068583470577035,8.39468914507713,59.33856093152467
0.4,35,1.0,5.0,1.0,3.665191429188092,6.5973445725385655,0.07578806813899779,0.36378272706718934,0.6362172729328106,7.853981633974484,8.39468914507713,65.93173436836074
0.4,35,1.1,5.0,1.0,3.665191429188092,6.5973445725385655,0.07578806813899779,0.36378272706718934,0.6362172729328106,8.639379797371934,8.39468914507713,72.52490780519683
0.4,35,1.2,5.0,1.0,3.665191429188092,6.5973445725385655,0.07578806813899779,0.36378272706718934,0.6362172729328106,9.42477796076938,8.39468914507713,79.11808124203289
0.4,35,1.3,5.0,1.0,3.665191429188092,6.5973445725385655,0.07578806813899779,0.36378272706718934,0.6362172729328106,10.210176124166829,8.39468914507713,85.71125467886897
0.4,35,1.4,5.0,1.0,3.665191429188092,6.5973445725385655,0.07578806813899779,0.36378272706718934,0.6362172729328106,10.995574287564276,8.39468914507713,92.30442811570502
0.4,35,1.5,5.0,1.0,3.665191429188092,6.5973445725385655,0.07578806813899779,0.36378272706718934,0.6362172729328106,11.780972450961725,8.39468914507713,98.8976015525411
0.4,35,1.6,5.0,1.0,3.665191429188092,6.5973445725385655,0.07578806813899779,0.36378272706718934,0.6362172729328106,12.566370614359174,8.39468914507713,105.49077498937719
0.4,35,1.7,5.0,1.0,3.665191429188092,6.5973445725385655,0.07578806813899779,0.36378272706718934,0.6362172729328106,13.351768777756622,8.39468914507713,112.08394842621325
0.4,35,1.8,5.0,1.0,3.665191429188092,6.5973445725385655,0.07578806813899779,0.36378272706718934,0.6362172729328106,14.13716694115407,8.39468914507713,118.67712186304934
0.4,35,1.9,5.0,1.0,3.665191429188092,6.5973445725385655,0.07578806813899779,0.36378272706718934,0.6362172729328106,14.922565104551516,8.39468914507713,125.27029529988539
0.4,35,2.0,5.0,1.0,3.665191429188092,6.5973445725385655,0.07578806813899779,0.36378272706718934,0.6362172729328106,15.707963267948967,8.39468914507713,131.86346873672147
0.5,10,0.1,5.0,1.0,1.0471975511965976,1.8849555921538759,0.2652582384864922,0.4244131815783876,0.5755868184216124,0.9817477042468105,2.169911184307752,2.130305323613613
0.5,10,0.2,5.0,1.0,1.0471975511965976,1.8849555921538759,0.2652582384864922,0.4244131815783876,0.5755868184216124,1.963495408493621,2.169911184307752,4.260610647227226
0.5,10,0.3,5.0,1.0,1.0471975511965976,1.8849555921538759,0.2652582384864922,0.4244131815783876,0.5755868184216124,2.945243112740431,2.169911184307752,6.3909159708408385
0.5,10,0.4,5.0,1.0,1.0471975511965976,1.8849555921538759,0.2652582384864922,0.4244131815783876,0.5755868184216124,3.926990816987242,2.169911184307752,8.521221294454453
0.5,10,0.5,5.0,1.0,1.0471975511965976,1.8849555921538759,0.2652582384864922,0.4244131815783876,0.5755868184216124,4.908738521234052,2.169911184307752,10.651526618068065
0.5,10,0.6,5.0,1.0,1.0471975511965976,1.8849555921538759,0.2652582384864922,0.4244131815783876,0.5755868184216124,5.890486225480862,2.169911184307752,12.781831941681677
0.5,10,0.7,5.0,1.0,1.0471975511965976,1.8849555921538759,0.2652582384864922,0.4244131815783876,0.5755868184216124,6.872233929727671,2.169911184307752,14.91213726529529
0.5,10,0.8,5.0,1.0,1.0471975511965976,1.8849555921538759,0.2652582384864922,0.4244131815783876,0.5755868184216124,7.853981633974484,2.169911184307752,17.042442588908905
0.5,10,0.9,5.0,1.0,1.0471975511965976,1.8849555921538759,0.2652582384864922,0.4244131815783876,0.5755868184216124,8.835729338221293,2.169911184307752,19.172747912522517
0.5,10,1.0,5.0,1.0,1.0471975511965976,1.8849555921538759,0.2652582384864922,0.4244131815783876,0.5755868184216124,9.817477042468104,2.169911184307752,21.30305323613613
0.5,10,1.1,5.0,1.0,1.0471975511965976,1.8849555921538759,0.2652582384864922,0.4244131815783876,0.5755868184216124,10.799224746714915,2.169911184307752,23.433358559749745
0.5,10,1.2,5.0,1.0,1.0471975511965976,1.8849555921538759,0.2652582384864922,0.4244131815783876,0.5755868184216124,11.780972450961723,2.169911184307752,25.563663883363354
0.5,10,1.3,5.0,1.0,1.0471975511965976,1.8849555921538759,0.2652582384864922,0.4244131815783876,0.5755868184216124,12.762720155208536,2.169911184307752,27.69396920697697
0.5,10,1.4,5.0,1.0,1.0471975511965976,1.8849555921538759,0.2652582384864922,0.4244131815783876,0.5755868184216124,13.744467859455343,2.169911184307752,29.82427453059058
0.5,10,1.5,5.0,1.0,1.0471975511965976,1.8849555921538759,0.2652582384864922,0.4244131815783876,0.5755868184216124,14.726215563702155,2.169911184307752,31.954579854204194
0.5,10,1.6,5.0,1.0,1.0471975511965976,1.8849555921538759,0.2652582384864922,0.4244131815783876,0.5755868184216124,15.707963267948967,2.169911184307752,34.08488517781781
0.5,10,1.7,5.0,1.0,1.0471975511965976,1.8849555921538759,0.2652582384864922,0.4244131815783876,0.5755868184216124,16.689710972195776,2.169911184307752,36.21519050143142
0.5,10,1.8,5.0,1.0,1.0471975511965976,1.8849555921538759,0.2652582384864922,0.4244131815783876,0.5755868184216124,17.671458676442587,2.169911184307752,38.345495825045035
0.5,10,1.9,5.0,1.0,1.0471975511965976,1.8849555921538759,0.2652582384864922,0.4244131815783876,0.5755868184216124,18.653206380689394,2.169911184307752,40.47580114865864
0.5,10,2.0,5.0,1.0,1.0471975511965976,1.8849555921538759,0.2652582384864922,0.4244131815783876,0.5755868184216124,19.634954084936208,2.169911184307752,42.60610647227226
0.5,11,0.1,5.0,1.0,1.1519173063162573,2.0734511513692633,0.24114385316953843,0.38583016507126144,0.6141698349287386,0.9817477042468105,2.5469023027385265,2.5004154886544634
0.5,11,0.2,5.0,1.0,1.1519173063162573,2.0734511513692633,0.24114385316953843,0.38583016507126144,0.6141698349287386,1.963495408493621,2.5469023027385265,5.000830977308927
0.5,11,0.3,5.0,1.0,1.1519173063162573,2.0734511513692633,0.24114385316953843,0.38583016507126144,0.6141698349287386,2.945243112740431,2.5469023027385265,7.501246465963389
0.5,11,0.4,5.0,1.0,1.1519173063162573,2.0734511513692633,0.24114385316953843,0.38583016507126144,0.6141698349287386,3.926990816987242,2.5469023027385265,10.001661954617854
0.5,11,0.5,5.0,1.0,1.1519173063162573,2.0734511513692633,0.24114385316953843,0.38583016507126144,0.6141698349287386,4.908738521234052,2.5469023027385265,12.502077443272317
0.5,11,0.6,5.0,1.0,1.1519173063162573,2.0734511513692633,0.24114385316953843,0.38583016507126144,0.6141698349287386,5.890486225480862,2.5469023027385265,15.002492931926778
0.5,11,0.7,5.0,1.0,1.1519173063162573,2.0734511513692633,0.24114385316953843,0.38583016507126144,0.6141698349287386,6.872233929727671,2.5469023027385265,17.50290842058124
0.5,11,0.8,5.0,1.0,1.1519173063162573,2.0734511513692633,0.24114385316953843,0.38583016507126144,0.6141698349287386,7.853981633974484,2.5469023027385265,20.003323909235707
0.5,11,0.9,5.0,1.0,1.1519173063162573,2.0734511513692633,0.24114385316953843,0.38583016507126144,0.6141698349287386,8.835729338221293,2.5469023027385265,22.50373939789017
0.5,11,1.0,5.0,1.0,1.1519173063162573,2.0734511513692633,0.24114385316953843,0.38583016507126144,0.6141698349287386,9.817477042468104,2.5469023027385265,25.004154886544633
0.5,11,1.1,5.0,1.0,1.1519173063162573,2.0734511513692633,0.24114385316953843,0.38583016507126144,0.6141698349287386,10.799224746714915,2.5469023027385265,27.504570375199098
0.5,11,1.2,5.0,1.0,1.1519173063162573,2.0734511513692633,0.24114385316953843,0.38583016507126144,0.6141698349287386,11.780972450961723,2.5469023027385265,30.004985863853555
0.5,11,1.3,5.0,1.0,1.1519173063162573,2.0734511513692633,0.24114385316953843,0.38583016507126144,0.6141698349287386,12.762720155208536,2.5469023027385265,32.505401352508024
0.5,11,1.4,5.0,1.0,1.1519173063162573,2.0734511513692633,0.24114385316953843,0.38583016507126144,0.6141698349287386,13.744467859455343,2.5469023027385265,35.00581684116248
0.5,11,1.5,5.0,1.0,1.1519173063162573,2.0734511513692633,0.24114385316953843,0.38583016507126144,0.6141698349287386,14.726215563702155,2.5469023027385265,37.506232329816946
0.5,11,1.6,5.0,1.0,1.1519173063162573,2.0734511513692633,0.24114385316953843,0.38583016507126144,0.6141698349287386,15.707963267948967,2.5469023027385265,40.006647818471414
0.5,11,1.7,5.0,1.0,1.1519173063162573,2.0734511513692633,0.24114385316953843,0.38583016507126144,0.6141698349287386,16.689710972195776,2.5469023027385265,42.507063307125875
0.5,11,1.8,5.0,1.0,1.1519173063162573,2.0734511513692633,0.24114385316953843,0.38583016507126144,0.6141698349287386,17.671458676442587,2.5469023027385265,45.00747879578034
0.5,11,1.9,5.0,1.0,1.1519173063162573,2.0734511513692633,0.24114385316953843,0.38583016507126144,0.6141698349287386,18.653206380689394,2.5469023027385265,47.50789428443479
0.5,11,2.0,5.0,1.0,1.1519173063162573,2.0734511513692633,0.24114385316953843,0.38583016507126144,0.6141698349287386,19.634954084936208,2.5469023027385265,50.008309773089266
0.5,12,0.1,5.0,1.0,1.2566370614359172,2.261946710584651,0.22104853207207686,0.35367765131532297,0.646322348684677,0.9817477042468105,2.9238934211693017,2.8705256536953145
0.5,12,0.2,5.0,1.0,1.2566370614359172,2.261946710584651,0.22104853207207686,0.35367765131532297,0.646322348684677,1.963495408493621,2.9238934211693017,5.741051307390629
0.5,12,0.3,5.0,1.0,1.2566370614359172,2.261946710584651,0.22104853207207686,0.35367765131532297,0.646322348684677,2.945243112740431,2.9238934211693017,8.611576961085941
0.5,12,0.4,5.0,1.0,1.2566370614359172,2.261946710584651,0.22104853207207686,0.35367765131532297,0.646322348684677,3.926990816987242,2.9238934211693017,11.482102614781258
0.5,12,0.5,5.0,1.0,1.2566370614359172,2.261946710584651,0.22104853207207686,0.35367765131532297,0.646322348684677,4.908738521234052,2.9238934211693017,14.352628268476572
0.5,12,0.6,5.0,1.0,1.2566370614359172,2.261946710584651,0.22104853207207686,0.35367765131532297,0.646322348684677,5.890486225480862,2.9238934211693017,17.223153922171882
0.5,12,0.7,5.0,1.0,1.2566370614359172,2.261946710584651,0.22104853207207686,0.35367765131532297,0.646322348684677,6.872233929727671,2.9238934211693017,20.093679575867196
0.5,12,0.8,5.0,1.0,1.2566370614359172,2.261946710584651,0.22104853207207686,0.35367765131532297,0.646322348684677,7.853981633974484,2.9238934211693017,22.964205229562516
0.5,12,0.9,5.0,1.0,1.2566370614359172,2.261946710584651,0.22104853207207686,0.35367765131532297,0.646322348684677,8.835729338221293,2.9238934211693017,25.834730883257826
0.5,12,1.0,5.0,1.0,1.2566370614359172,2.261946710584651,0.22104853207207686,0.35367765131532297,0.646322348684677,9.817477042468104,2.9238934211693017,28.705256536953144
0.5,12,1.1,5.0,1.0,1.2566370614359172,2.261946710584651,0.22104853207207686,0.35367765131532297,0.646322348684677,10.799224746714915,2.9238934211693017,31.575782190648457
0.5,12,1.2,5.0,1.0,1.2566370614359172,2.261946710584651,0.22104853207207686,0.35367765131532297,0.646322348684677,11.780972450961723,2.9238934211693017,34.446307844343764
0.5,12,1.3,5.0,1.0,1.2566370614359172,2.261946710584651,0.22104853207207686,0.35367765131532297,0.646322348684677,12.762720155208536,2.9238934211693017,37.31683349803909
0.5,12,1.4,5.0,1.0,1.2566370614359172,2.261946710584651,0.22104853207207686,0.35367765131532297,0.646322348684677,13.744467859455343,2.9238934211693017,40.18735915173439
0.5,12,1.5,5.0,1.0,1.2566370614359172,2.261946710584651,0.22104853207207686,0.35367765131532297,0.646322348684677,14.726215563702155,2.9238934211693017,43.05788480542971
0.5,12,1.6,5.0,1.0,1.2566370614359172,2.261946710584651,0.22104853207207686,0.35367765131532297,0.646322348684677,15.707963267948967,2.9238934211693017,45.92841045912503
0.5,12,1.7,5.0,1.0,1.2566370614359172,2.261946710584651,0.22104853207207686,0.35367765131532297,0.646322348684677,16.689710972195776,2.9238934211693017,48.79893611282034
0.5,12,1.8,5.0,1.0,1.2566370614359172,2.261946710584651,0.22104853207207686,0.35367765131532297,0.646322348684677,17.671458676442587,2.9238934211693017,51.66946176651565
0.5,12,1.9,5.0,1.0,1.2566370614359172,2.261946710584651,0.22104853207207686,0.35367765131532297,0.646322348684677,18.653206380689394,2.9238934211693017,54.53998742021096
0.5,12,2.0,5.0,1.0,1.2566370614359172,2.261946710584651,0.22104853207207686,0.35367765131532297,0.646322348684677,19.634954084936208,2.9238934211693017,57.41051307390629
0.5,13,0.1,5.0,1.0,1.3613568165555772,2.450442269800039,0.20404479883576324,0.32647167813722117,0.6735283218627788,0.9817477042468105,3.3008845396000774,3.240635818736166
0.5,13,0.2,5.0,1.0,1.3613568165555772,2.450442269800039,0.20404479883576324,0.32647167813722117,0.6735283218627788,1.963495408493621,3.3008845396000774,6.481271637472332
0.5,13,0.3,5.0,1.0,1.3613568165555772,2.450442269800039,0.20404479883576324,0.32647167813722117,0.6735283218627788,2.945243112740431,3.3008845396000774,9.721907456208497
0.5,13,0.4,5.0,1.0,1.3613568165555772,2.450442269800039,0.20404479883576324,0.32647167813722117,0.6735283218627788,3.926990816987242,3.3008845396000774,12.962543274944665
0.5,13,0.5,5.0,1.0,1.3613568165555772,2.450442269800039,0.20404479883576324,0.32647167813722117,0.6735283218627788,4.908738521234052,3.3008845396000774,16.203179093680827
0.5,13,0.6,5.0,1.0,1.3613568165555772,2.450442269800039,0.20404479883576324,0.32647167813722117,0.6735283218627788,5.890486225480862,3.3008845396000774,19.443814912416993
0.5,13,0.7,5.0,1.0,1.3613568165555772,2.450442269800039,0.20404479883576324,0.32647167813722117,0.6735283218627788,6.872233929727671,3.3008845396000774,22.684450731153156
0.5,13,0.8,5.0,1.0,1.3613568165555772,2.450442269800039,0.20404479883576324,0.32647167813722117,0.6735283218627788,7.853981633974484,3.3008845396000774,25.92508654988933
0.5,13,0.9,5.0,1.0,1.3613568165555772,2.450442269800039,0.20404479883576324,0.32647167813722117,0.6735283218627788,8.835729338221293,3.3008845396000774,29.16572236862549
0.5,13,1.0,5.0,1.0,1.3613568165555772,2.450442269800039,0.20404479883576324,0.32647167813722117,0.6735283218627788,9.817477042468104,3.3008845396000774,32.406358187361654
0.5,13,1.1,5.0,1.0,1.3613568165555772,2.450442269800039,0.20404479883576324,0.32647167813722117,0.6735283218627788,10.799224746714915,3.3008845396000774,35.64699400609782
0.5,13,1.2,5.0,1.0,1.3613568165555772,2.450442269800039,0.20404479883576324,0.32647167813722117,0.6735283218627788,11.780972450961723,3.3008845396000774,38.887629824833986
0.5,13,1.3,5.0,1.0,1.3613568165555772,2.450442269800039,0.20404479883576324,0.32647167813722117,0.6735283218627788,12.762720155208536,3.3008845396000774,42.12826564357015
0.5,13,1.4,5.0,1.0,1.3613568165555772,2.450442269800039,0.20404479883576324,0.32647167813722117,0.6735283218627788,13.744467859455343,3.3008845396000774,45.36890146230631
0.5,13,1.5,5.0,1.0,1.3613568165555772,2.450442269800039,0.20404479883576324,0.32647167813722117,0.6735283218627788,14.726215563702155,3.3008845396000774,48.609537281042485
0.5,13,1.6,5.0,1.0,1.3613568165555772,2.450442269800039,0.20404479883576324,0.32647167813722117,0.6735283218627788,15.707963267948967,3.3008845396000774,51.85017309977866
0.5,13,1.7,5.0,1.0,1.3613568165555772,2.450442269800039,0.20404479883576324,0.32647167813722117,0.6735283218627788,16.689710972195776,3.3008845396000774,55.09080891851482
0.5,13,1.8,5.0,1.0,1.3613568165555772,2.450442269800039,0.20404479883576324,0.32647167813722117,0.6735283218627788,17.671458676442587,3.3008845396000774,58.33144473725098
0.5,13,1.9,5.0,1.0,1.3613568165555772,2.450442269800039,0.20404479883576324,0.32647167813722117,0.6735283218627788,18.653206380689394,3.3008845396000774,61.572080555987135
0.5,13,2.0,5.0,1.0,1.3613568165555772,2.450442269800039,0.20404479883576324,0.32647167813722117,0.6735283218627788,19.634954084936208,3.3008845396000774,64.81271637472331
0.5,14,0.1,5.0,1.0,1.4660765716752369,2.6389378290154264,0.18947017034749444,0.3031522725559911,0.6968477274440089,0.9817477042468105,3.6778756580308527,3.610745983777017
0.5,14,0.2,5.0,1.0,1.4660765716752369,2.6389378290154264,0.18947017034749444,0.3031522725559911,0.6968477274440089,1.963495408493621,3.6778756580308527,7.221491967554034
0.5,14,0.3,5.0,1.0,1.4660765716752369,2.6389378290154264,0.18947017034749444,0.3031522725559911,0.6968477274440089,2.945243112740431,3.6778756580308527,10.832237951331049
0.5,14,0.4,5.0,1.0,1.4660765716752369,2.6389378290154264,0.18947017034749444,0.3031522725559911,0.6968477274440089,3.926990816987242,3.6778756580308527,14.442983935108067
0.5,14,0.5,5.0,1.0,1.4660765716752369,2.6389378290154264,0.18947017034749444,0.3031522725559911,0.6968477274440089,4.908738521234052,3.6778756580308527,18.053729918885082
0.5,14,0.6,5.0,1.0,1.4660765716752369,2.6389378290154264,0.18947017034749444,0.3031522725559911,0.6968477274440089,5.890486225480862,3.6778756580308527,21.664475902662097
0.5,14,0.7,5.0,1.0,1.4660765716752369,2.6389378290154264,0.18947017034749444,0.3031522725559911,0.6968477274440089,6.872233929727671,3.6778756580308527,25.275221886439112
0.5,14,0.8,5.0,1.0,1.4660765716752369,2.6389378290154264,0.18947017034749444,0.3031522725559911,0.6968477274440089,7.853981633974484,3.6778756580308527,28.885967870216135
0.5,14,0.9,5.0,1.0,1.4660765716752369,2.6389378290154264,0.18947017034749444,0.3031522725559911,0.6968477274440089,8.835729338221293,3.6778756580308527,32.49671385399315
0.5,14,1.0,5.0,1.0,1.4660765716752369,2.6389378290154264,0.18947017034749444,0.3031522725559911,0.6968477274440089,9.817477042468104,3.6778756580308527,36.107459837770165
0.5,14,1.1,5.0,1.0,1.4660765716752369,2.6389378290154264,0.18947017034749444,0.3031522725559911,0.6968477274440089,10.799224746714915,3.6778756580308527,39.71820582154719
0.5,14,1.2,5.0,1.0,1.4660765716752369,2.6389378290154264,0.18947017034749444,0.3031522725559911,0.6968477274440089,11.780972450961723,3.6778756580308527,43.328951805324195
0.5,14,1.3,5.0,1.0,1.4660765716752369,2.6389378290154264,0.18947017034749444,0.3031522725559911,0.6968477274440089,12.762720155208536,3.6778756580308527,46.93969778910122
0.5,14,1.4,5.0,1.0,1.4660765716752369,2.6389378290154264,0.18947017034749444,0.3031522725559911,0.6968477274440089,13.744467859455343,3.6778756580308527,50.550443772878225
0.5,14,1.5,5.0,1.0,1.4660765716752369,2.6389378290154264,0.18947017034749444,0.3031522725559911,0.6968477274440089,14.726215563702155,3.6778756580308527,54.16118975665525
0.5,14,1.6,5.0,1.0,1.4660765716752369,2.6389378290154264,0.18947017034749444,0.3031522725559911,0.6968477274440089,15.707963267948967,3.6778756580308527,57.77193574043227
0.5,14,1.7,5.0,1.0,1.4660765716752369,2.6389378290154264,0.18947017034749444,0.3031522725559911,0.6968477274440089,16.689710972195776,3.6778756580308527,61.382681724209284
0.5,14,1.8,5.0,1.0,1.4660765716752369,2.6389378290154264,0.18947017034749444,0.3031522725559911,0.6968477274440089,17.671458676442587,3.6778756580308527,64.9934277079863
0.5,14,1.9,5.0,1.0,1.4660765716752369,2.6389378290154264,0.18947017034749444,0.3031522725559911,0.6968477274440089,18.653206380689394,3.6778756580308527,68.60417369176331
0.5,14,2.0,5.0,1.0,1.4660765716752369,2.6389378290154264,0.18947017034749444,0.3031522725559911,0.6968477274440089,19.634954084936208,3.6778756580308527,72.21491967554033
0.5,15,0.1,5.0,1.0,1.5707963267948963,2.8274333882308134,0.1768388256576615,0.2829421210522584,0.7170578789477415,0.9817477042468105,4.054866776461627,3.980856148817867
0.5,15,0.2,5.0,1.0,1.5707963267948963,2.8274333882308134,0.1768388256576615,0.2829421210522584,0.7170578789477415,1.963495408493621,4.054866776461627,7.961712297635734
0.5,15,0.3,5.0,1.0,1.5707963267948963,2.8274333882308134,0.1768388256576615,0.2829421210522584,0.7170578789477415,2.945243112740431,4.054866776461627,11.942568446453599
0.5,15,0.4,5.0,1.0,1.5707963267948963,2.8274333882308134,0.1768388256576615,0.2829421210522584,0.7170578789477415,3.926990816987242,4.054866776461627,15.923424595271468
0.5,15,0.5,5.0,1.0,1.5707963267948963,2.8274333882308134,0.1768388256576615,0.2829421210522584,0.7170578789477415,4.908738521234052,4.054866776461627,19.904280744089334
0.5,15,0.6,5.0,1.0,1.5707963267948963,2.8274333882308134,0.1768388256576615,0.2829421210522584,0.7170578789477415,5.890486225480862,4.054866776461627,23.885136892907198
0.5,15,0.7,5.0,1.0,1.5707963267948963,2.8274333882308134,0.1768388256576615,0.2829421210522584,0.7170578789477415,6.872233929727671,4.054866776461627,27.865993041725062
0.5,15,0.8,5.0,1.0,1.5707963267948963,2.8274333882308134,0.1768388256576615,0.2829421210522584,0.7170578789477415,7.853981633974484,4.054866776461627,31.846849190542937
0.5,15,0.9,5.0,1.0,1.5707963267948963,2.8274333882308134,0.1768388256576615,0.2829421210522584,0.7170578789477415,8.835729338221293,4.054866776461627,35.827705339360804
0.5,15,1.0,5.0,1.0,1.5707963267948963,2.8274333882308134,0.1768388256576615,0.2829421210522584,0.7170578789477415,9.817477042468104,4.054866776461627,39.80856148817867
0.5,15,1.1,5.0,1.0,1.5707963267948963,2.8274333882308134,0.1768388256576615,0.2829421210522584,0.7170578789477415,10.799224746714915,4.054866776461627,43.78941763699654
0.5,15,1.2,5.0,1.0,1.5707963267948963,2.8274333882308134,0.1768388256576615,0.2829421210522584,0.7170578789477415,11.780972450961723,4.054866776461627,47.770273785814396
0.5,15,1.3,5.0,1.0,1.5707963267948963,2.8274333882308134,0.1768388256576615,0.2829421210522584,0.7170578789477415,12.762720155208536,4.054866776461627,51.751129934632274
0.5,15,1.4,5.0,1.0,1.5707963267948963,2.8274333882308134,0.1768388256576615,0.2829421210522584,0.7170578789477415,13.744467859455343,4.054866776461627,55.731986083450124
0.5,15,1.5,5.0,1.0,1.5707963267948963,2.8274333882308134,0.1768388256576615,0.2829421210522584,0.7170578789477415,14.726215563702155,4.054866776461627,59.712842232268
0.5,15,1.6,5.0,1.0,1.5707963267948963,2.8274333882308134,0.1768388256576615,0.2829421210522584,0.7170578789477415,15.707963267948967,4.054866776461627,63.69369838108587
0.5,15,1.7,5.0,1.0,1.5707963267948963,2.8274333882308134,0.1768388256576615,0.2829421210522584,0.7170578789477415,16.689710972195776,4.054866776461627,67.67455452990373
0.5,15,1.8,5.0,1.0,1.5707963267948963,2.8274333882308134,0.1768388256576615,0.2829421210522584,0.7170578789477415,17.671458676442587,4.054866776461627,71.65541067872161
0.5,15,1.9,5.0,1.0,1.5707963267948963,2.8274333882308134,0.1768388256576615,0.2829421210522584,0.7170578789477415,18.653206380689394,4.054866776461627,75.63626682753946
0.5,15,2.0,5.0,1.0,1.5707963267948963,2.8274333882308134,0.1768388256576615,0.2829421210522584,0.7170578789477415,19.634954084936208,4.054866776461627,79.61712297635734
0.5,16,0.1,5.0,1.0,1.6755160819145563,3.015928947446201,0.16578639905405765,0.5305164769729844,0.46948352302701557,0.9817477042468105,2.831857894892403,2.780169987063822
0.5,16,0.2,5.0,1.0,1.6755160819145563,3.015928947446201,0.16578639905405765,0.5305164769729844,0.46948352302701557,1.963495408493621,2.831857894892403,5.560339974127644
0.5,16,0.3,5.0,1.0,1.6755160819145563,3.015928947446201,0.16578639905405765,0.5305164769729844,0.46948352302701557,2.945243112740431,2.831857894892403,8.340509961191465
0.5,16,0.4,5.0,1.0,1.6755160819145563,3.015928947446201,0.16578639905405765,0.5305164769729844,0.46948352302701557,3.926990816987242,2.831857894892403,11.120679948255288
0.5,16,0.5,5.0,1.0,1.6755160819145563,3.015928947446201,0.16578639905405765,0.5305164769729844,0.46948352302701557,4.908738521234052,2.831857894892403,13.90084993531911
0.5,16,0.6,5.0,1.0,1.6755160819145563,3.015928947446201,0.16578639905405765,0.5305164769729844,0.46948352302701557,5.890486225480862,2.831857894892403,16.68101992238293
0.5,16,0.7,5.0,1.0,1.6755160819145563,3.015928947446201,0.16578639905405765,0.5305164769729844,0.46948352302701557,6.872233929727671,2.831857894892403,19.46118990944675
0.5,16,0.8,5.0,1.0,1.6755160819145563,3.015928947446201,0.16578639905405765,0.5305164769729844,0.46948352302701557,7.853981633974484,2.831857894892403,22.241359896510577
0.5,16,0.9,5.0,1.0,1.6755160819145563,3.015928947446201,0.16578639905405765,0.5305164769729844,0.46948352302701557,8.835729338221293,2.831857894892403,25.0215298835744
0.5,16,1.0,5.0,1.0,1.6755160819145563,3.015928947446201,0.16578639905405765,0.5305164769729844,0.46948352302701557,9.817477042468104,2.831857894892403,27.80169987063822
0.5,16,1.1,5.0,1.0,1.6755160819145563,3.015928947446201,0.16578639905405765,0.5305164769729844,0.46948352302701557,10.799224746714915,2.831857894892403,30.581869857702042
0.5,16,1.2,5.0,1.0,1.6755160819145563,3.015928947446201,0.16578639905405765,0.5305164769729844,0.46948352302701557,11.780972450961723,2.831857894892403,33.36203984476586
0.5,16,1.3,5.0,1.0,1.6755160819145563,3.015928947446201,0.16578639905405765,0.5305164769729844,0.46948352302701557,12.762720155208536,2.831857894892403,36.14220983182969
0.5,16,1.4,5.0,1.0,1.6755160819145563,3.015928947446201,0.16578639905405765,0.5305164769729844,0.46948352302701557,13.744467859455343,2.831857894892403,38.9223798188935
0.5,16,1.5,5.0,1.0,1.6755160819145563,3.015928947446201,0.16578639905405765,0.5305164769729844,0.46948352302701557,14.726215563702155,2.831857894892403,41.702549805957325
0.5,16,1.6,5.0,1.0,1.6755160819145563,3.015928947446201,0.16578639905405765,0.5305164769729844,0.46948352302701557,15.707963267948967,2.831857894892403,44.482719793021154
0.5,16,1.7,5.0,1.0,1.6755160819145563,3.015928947446201,0.16578639905405765,0.5305164769729844,0.46948352302701557,16.689710972195776,2.831857894892403,47.262889780084976
0.5,16,1.8,5.0,1.0,1.6755160819145563,3.015928947446201,0.16578639905405765,0.5305164769729844,0.46948352302701557,17.671458676442587,2.831857894892403,50.0430597671488
0.5,16,1.9,5.0,1.0,1.6755160819145563,3.015928947446201,0.16578639905405765,0.5305164769729844,0.46948352302701557,18.653206380689394,2.831857894892403,52.82322975421261
0.5,16,2.0,5.0,1.0,1.6755160819145563,3.015928947446201,0.16578639905405765,0.5305164769729844,0.46948352302701557,19.634954084936208,2.831857894892403,55.60339974127644
0.5,17,0.1,5.0,1.0,1.7802358370342162,3.204424506661589,0.15603425793323072,0.4993096253863383,0.5006903746136617,0.9817477042468105,3.2088490133231784,3.1502801521046733
0.5,17,0.2,5.0,1.0,1.7802358370342162,3.204424506661589,0.15603425793323072,0.4993096253863383,0.5006903746136617,1.963495408493621,3.2088490133231784,6.3005603042093465
0.5,17,0.3,5.0,1.0,1.7802358370342162,3.204424506661589,0.15603425793323072,0.4993096253863383,0.5006903746136617,2.945243112740431,3.2088490133231784,9.450840456314019
0.5,17,0.4,5.0,1.0,1.7802358370342162,3.204424506661589,0.15603425793323072,0.4993096253863383,0.5006903746136617,3.926990816987242,3.2088490133231784,12.601120608418693
0.5,17,0.5,5.0,1.0,1.7802358370342162,3.204424506661589,0.15603425793323072,0.4993096253863383,0.5006903746136617,4.908738521234052,3.2088490133231784,15.751400760523365
0.5,17,0.6,5.0,1.0,1.7802358370342162,3.204424506661589,0.15603425793323072,0.4993096253863383,0.5006903746136617,5.890486225480862,3.2088490133231784,18.901680912628038
0.5,17,0.7,5.0,1.0,1.7802358370342162,3.204424506661589,0.15603425793323072,0.4993096253863383,0.5006903746136617,6.872233929727671,3.2088490133231784,22.05196106473271
0.5,17,0.8,5.0,1.0,1.7802358370342162,3.204424506661589,0.15603425793323072,0.4993096253863383,0.5006903746136617,7.853981633974484,3.2088490133231784,25.202241216837386
0.5,17,0.9,5.0,1.0,1.7802358370342162,3.204424506661589,0.15603425793323072,0.4993096253863383,0.5006903746136617,8.835729338221293,3.2088490133231784,28.352521368942057
0.5,17,1.0,5.0,1.0,1.7802358370342162,3.204424506661589,0.15603425793323072,0.4993096253863383,0.5006903746136617,9.817477042468104,3.2088490133231784,31.50280152104673
0.5,17,1.1,5.0,1.0,1.7802358370342162,3.204424506661589,0.15603425793323072,0.4993096253863383,0.5006903746136617,10.799224746714915,3.2088490133231784,34.653081673151405
0.5,17,1.2,5.0,1.0,1.7802358370342162,3.204424506661589,0.15603425793323072,0.4993096253863383,0.5006903746136617,11.780972450961723,3.2088490133231784,37.803361825256076
0.5,17,1.3,5.0,1.0,1.7802358370342162,3.204424506661589,0.15603425793323072,0.4993096253863383,0.5006903746136617,12.762720155208536,3.2088490133231784,40.95364197736075
0.5,17,1.4,5.0,1.0,1.7802358370342162,3.204424506661589,0.15603425793323072,0.4993096253863383,0.5006903746136617,13.744467859455343,3.2088490133231784,44.10392212946542
0.5,17,1.5,5.0,1.0,1.7802358370342162,3.204424506661589,0.15603425793323072,0.4993096253863383,0.5006903746136617,14.726215563702155,3.2088490133231784,47.254202281570095
0.5,17,1.6,5.0,1.0,1.7802358370342162,3.204424506661589,0.15603425793323072,0.4993096253863383,0.5006903746136617,15.707963267948967,3.2088490133231784,50.40448243367477
0.5,17,1.7,5.0,1.0,1.7802358370342162,3.204424506661589,0.15603425793323072,0.4993096253863383,0.5006903746136617,16.689710972195776,3.2088490133231784,53.55476258577944
0.5,17,1.8,5.0,1.0,1.7802358370342162,3.204424506661589,0.15603425793323072,0.4993096253863383,0.5006903746136617,17.671458676442587,3.2088490133231784,56.70504273788411
0.5,17,1.9,5.0,1.0,1.7802358370342162,3.204424506661589,0.15603425793323072,0.4993096253863383,0.5006903746136617,18.653206380689394,3.2088490133231784,59.85532288998878
0.5,17,2.0,5.0,1.0,1.7802358370342162,3.204424506661589,0.15603425793323072,0.4993096253863383,0.5006903746136617,19.634954084936208,3.2088490133231784,63.00560304209346
0.5,18,0.1,5.0,1.0,1.8849555921538759,3.3929200658769765,0.14736568804805125,0.47157020175376396,0.528429798246236,0.9817477042468105,3.5858401317539528,3.5203903171455235
0.5,18,0.2,5.0,1.0,1.8849555921538759,3.3929200658769765,0.14736568804805125,0.47157020175376396,0.528429798246236,1.963495408493621,3.5858401317539528,7.040780634291047
0.5,18,0.3,5.0,1.0,1.8849555921538759,3.3929200658769765,0.14736568804805125,0.47157020175376396,0.528429798246236,2.945243112740431,3.5858401317539528,10.56117095143657
0.5,18,0.4,5.0,1.0,1.8849555921538759,3.3929200658769765,0.14736568804805125,0.47157020175376396,0.528429798246236,3.926990816987242,3.5858401317539528,14.081561268582094
0.5,18,0.5,5.0,1.0,1.8849555921538759,3.3929200658769765,0.14736568804805125,0.47157020175376396,0.528429798246236,4.908738521234052,3.5858401317539528,17.601951585727615
0.5,18,0.6,5.0,1.0,1.8849555921538759,3.3929200658769765,0.14736568804805125,0.47157020175376396,0.528429798246236,5.890486225480862,3.5858401317539528,21.12234190287314
0.5,18,0.7,5.0,1.0,1.8849555921538759,3.3929200658769765,0.14736568804805125,0.47157020175376396,0.528429798246236,6.872233929727671,3.5858401317539528,24.642732220018658
0.5,18,0.8,5.0,1.0,1.8849555921538759,3.3929200658769765,0.14736568804805125,0.47157020175376396,0.528429798246236,7.853981633974484,3.5858401317539528,28.16312253716419
0.5,18,0.9,5.0,1.0,1.8849555921538759,3.3929200658769765,0.14736568804805125,0.47157020175376396,0.528429798246236,8.835729338221293,3.5858401317539528,31.683512854309708
0.5,18,1.0,5.0,1.0,1.8849555921538759,3.3929200658769765,0.14736568804805125,0.47157020175376396,0.528429798246236,9.817477042468104,3.5858401317539528,35.20390317145523
0.5,18,1.1,5.0,1.0,1.8849555921538759,3.3929200658769765,0.14736568804805125,0.47157020175376396,0.528429798246236,10.799224746714915,3.5858401317539528,38.72429348860076
0.5,18,1.2,5.0,1.0,1.8849555921538759,3.3929200658769765,0.14736568804805125,0.47157020175376396,0.528429798246236,11.780972450961723,3.5858401317539528,42.24468380574628
0.5,18,1.3,5.0,1.0,1.8849555921538759,3.3929200658769765,0.14736568804805125,0.47157020175376396,0.528429798246236,12.762720155208536,3.5858401317539528,45.765074122891804
0.5,18,1.4,5.0,1.0,1.8849555921538759,3.3929200658769765,0.14736568804805125,0.47157020175376396,0.528429798246236,13.744467859455343,3.5858401317539528,49.285464440037316
0.5,18,1.5,5.0,1.0,1.8849555921538759,3.3929200658769765,0.14736568804805125,0.47157020175376396,0.528429798246236,14.726215563702155,3.5858401317539528,52.80585475718284
0.5,18,1.6,5.0,1.0,1.8849555921538759,3.3929200658769765,0.14736568804805125,0.47157020175376396,0.528429798246236,15.707963267948967,3.5858401317539528,56.32624507432838
0.5,18,1.7,5.0,1.0,1.8849555921538759,3.3929200658769765,0.14736568804805125,0.47157020175376396,0.528429798246236,16.689710972195776,3.5858401317539528,59.846635391473896
0.5,18,1.8,5.0,1.0,1.8849555921538759,3.3929200658769765,0.14736568804805125,0.47157020175376396,0.528429798246236,17.671458676442587,3.5858401317539528,63.367025708619416
0.5,18,1.9,5.0,1.0,1.8849555921538759,3.3929200658769765,0.14736568804805125,0.47157020175376396,0.528429798246236,18.653206380689394,3.5858401317539528,66.88741602576494
0.5,18,2.0,5.0,1.0,1.8849555921538759,3.3929200658769765,0.14736568804805125,0.47157020175376396,0.528429798246236,19.634954084936208,3.5858401317539528,70.40780634291046
0.5,19,0.1,5.0,1.0,1.9896753472735356,3.581415625092364,0.13960959920341698,0.4467507174509343,0.5532492825490657,0.9817477042468105,3.962831250184728,3.8905004821863747
0.5,19,0.2,5.0,1.0,1.9896753472735356,3.581415625092364,0.13960959920341698,0.4467507174509343,0.5532492825490657,1.963495408493621,3.962831250184728,7.781000964372749
0.5,19,0.3,5.0,1.0,1.9896753472735356,3.581415625092364,0.13960959920341698,0.4467507174509343,0.5532492825490657,2.945243112740431,3.962831250184728,11.671501446559121
0.5,19,0.4,5.0,1.0,1.9896753472735356,3.581415625092364,0.13960959920341698,0.4467507174509343,0.5532492825490657,3.926990816987242,3.962831250184728,15.562001928745499
0.5,19,0.5,5.0,1.0,1.9896753472735356,3.581415625092364,0.13960959920341698,0.4467507174509343,0.5532492825490657,4.908738521234052,3.962831250184728,19.45250241093187
0.5,19,0.6,5.0,1.0,1.9896753472735356,3.581415625092364,0.13960959920341698,0.4467507174509343,0.5532492825490657,5.890486225480862,3.962831250184728,23.343002893118243
0.5,19,0.7,5.0,1.0,1.9896753472735356,3.581415625092364,0.13960959920341698,0.4467507174509343,0.5532492825490657,6.872233929727671,3.962831250184728,27.233503375304615
0.5,19,0.8,5.0,1.0,1.9896753472735356,3.581415625092364,0.13960959920341698,0.4467507174509343,0.5532492825490657,7.853981633974484,3.962831250184728,31.124003857490997
0.5,19,0.9,5.0,1.0,1.9896753472735356,3.581415625092364,0.13960959920341698,0.4467507174509343,0.5532492825490657,8.835729338221293,3.962831250184728,35.014504339677366
0.5,19,1.0,5.0,1.0,1.9896753472735356,3.581415625092364,0.13960959920341698,0.4467507174509343,0.5532492825490657,9.817477042468104,3.962831250184728,38.90500482186374
0.5,19,1.1,5.0,1.0,1.9896753472735356,3.581415625092364,0.13960959920341698,0.4467507174509343,0.5532492825490657,10.799224746714915,3.962831250184728,42.79550530405012
0.5,19,1.2,5.0,1.0,1.9896753472735356,3.581415625092364,0.13960959920341698,0.4467507174509343,0.5532492825490657,11.780972450961723,3.962831250184728,46.686005786236485
0.5,19,1.3,5.0,1.0,1.9896753472735356,3.581415625092364,0.13960959920341698,0.4467507174509343,0.5532492825490657,12.762720155208536,3.962831250184728,50.57650626842287
0.5,19,1.4,5.0,1.0,1.9896753472735356,3.581415625092364,0.13960959920341698,0.4467507174509343,0.5532492825490657,13.744467859455343,3.962831250184728,54.46700675060923
0.5,19,1.5,5.0,1.0,1.9896753472735356,3.581415625092364,0.13960959920341698,0.4467507174509343,0.5532492825490657,14.726215563702155,3.962831250184728,58.35750723279561
0.5,19,1.6,5.0,1.0,1.9896753472735356,3.581415625092364,0.13960959920341698,0.4467507174509343,0.5532492825490657,15.707963267948967,3.962831250184728,62.248007714981995
0.5,19,1.7,5.0,1.0,1.9896753472735356,3.581415625092364,0.13960959920341698,0.4467507174509343,0.5532492825490657,16.689710972195776,3.962831250184728,66.13850819716836
0.5,19,1.8,5.0,1.0,1.9896753472735356,3.581415625092364,0.13960959920341698,0.4467507174509343,0.5532492825490657,17.671458676442587,3.962831250184728,70.02900867935473
0.5,19,1.9,5.0,1.0,1.9896753472735356,3.581415625092364,0.13960959920341698,0.4467507174509343,0.5532492825490657,18.653206380689394,3.962831250184728,73.9195091615411
0.5,19,2.0,5.0,1.0,1.9896753472735356,3.581415625092364,0.13960959920341698,0.4467507174509343,0.5532492825490657,19.634954084936208,3.962831250184728,77.81000964372748
0.5,20,0.1,5.0,1.0,2.0943951023931953,3.7699111843077517,0.1326291192432461,0.4244131815783876,0.5755868184216124,0.9817477042468105,4.339822368615504,4.260610647227226
0.5,20,0.2,5.0,1.0,2.0943951023931953,3.7699111843077517,0.1326291192432461,0.4244131815783876,0.5755868184216124,1.963495408493621,4.339822368615504,8.521221294454453
0.5,20,0.3,5.0,1.0,2.0943951023931953,3.7699111843077517,0.1326291192432461,0.4244131815783876,0.5755868184216124,2.945243112740431,4.339822368615504,12.781831941681677
0.5,20,0.4,5.0,1.0,2.0943951023931953,3.7699111843077517,0.1326291192432461,0.4244131815783876,0.5755868184216124,3.926990816987242,4.339822368615504,17.042442588908905
0.5,20,0.5,5.0,1.0,2.0943951023931953,3.7699111843077517,0.1326291192432461,0.4244131815783876,0.5755868184216124,4.908738521234052,4.339822368615504,21.30305323613613
0.5,20,0.6,5.0,1.0,2.0943951023931953,3.7699111843077517,0.1326291192432461,0.4244131815783876,0.5755868184216124,5.890486225480862,4.339822368615504,25.563663883363354
0.5,20,0.7,5.0,1.0,2.0943951023931953,3.7699111843077517,0.1326291192432461,0.4244131815783876,0.5755868184216124,6.872233929727671,4.339822368615504,29.82427453059058
0.5,20,0.8,5.0,1.0,2.0943951023931953,3.7699111843077517,0.1326291192432461,0.4244131815783876,0.5755868184216124,7.853981633974484,4.339822368615504,34.08488517781781
0.5,20,0.9,5.0,1.0,2.0943951023931953,3.7699111843077517,0.1326291192432461,0.4244131815783876,0.5755868184216124,8.835729338221293,4.339822368615504,38.345495825045035
0.5,20,1.0,5.0,1.0,2.0943951023931953,3.7699111843077517,0.1326291192432461,0.4244131815783876,0.5755868184216124,9.817477042468104,4.339822368615504,42.60610647227226
0.5,20,1.1,5.0,1.0,2.0943951023931953,3.7699111843077517,0.1326291192432461,0.4244131815783876,0.5755868184216124,10.799224746714915,4.339822368615504,46.86671711949949
0.5,20,1.2,5.0,1.0,2.0943951023931953,3.7699111843077517,0.1326291192432461,0.4244131815783876,0.5755868184216124,11.780972450961723,4.339822368615504,51.12732776672671
0.5,20,1.3,5.0,1.0,2.0943951023931953,3.7699111843077517,0.1326291192432461,0.4244131815783876,0.5755868184216124,12.762720155208536,4.339822368615504,55.38793841395394
0.5,20,1.4,5.0,1.0,2.0943951023931953,3.7699111843077517,0.1326291192432461,0.4244131815783876,0.5755868184216124,13.744467859455343,4.339822368615504,59.64854906118116
0.5,20,1.5,5.0,1.0,2.0943951023931953,3.7699111843077517,0.1326291192432461,0.4244131815783876,0.5755868184216124,14.726215563702155,4.339822368615504,63.90915970840839
0.5,20,1.6,5.0,1.0,2.0943951023931953,3.7699111843077517,0.1326291192432461,0.4244131815783876,0.5755868184216124,15.707963267948967,4.339822368615504,68.16977035563562
0.5,20,1.7,5.0,1.0,2.0943951023931953,3.7699111843077517,0.1326291192432461,0.4244131815783876,0.5755868184216124,16.689710972195776,4.339822368615504,72.43038100286284
0.5,20,1.8,5.0,1.0,2.0943951023931953,3.7699111843077517,0.1326291192432461,0.4244131815783876,0.5755868184216124,17.671458676442587,4.339822368615504,76.69099165009007
0.5,20,1.9,5.0,1.0,2.0943951023931953,3.7699111843077517,0.1326291192432461,0.4244131815783876,0.5755868184216124,18.653206380689394,4.339822368615504,80.95160229731728
0.5,20,2.0,5.0,1.0,2.0943951023931953,3.7699111843077517,0.1326291192432461,0.4244131815783876,0.5755868184216124,19.634954084936208,4.339822368615504,85.21221294454452
0.5,21,0.1,5.0,1.0,2.199114857512855,3.9584067435231396,0.12631344689832963,0.4042030300746548,0.5957969699253451,0.9817477042468105,4.716813487046279,4.630720812268077
0.5,21,0.2,5.0,1.0,2.199114857512855,3.9584067435231396,0.12631344689832963,0.4042030300746548,0.5957969699253451,1.963495408493621,4.716813487046279,9.261441624536154
0.5,21,0.3,5.0,1.0,2.199114857512855,3.9584067435231396,0.12631344689832963,0.4042030300746548,0.5957969699253451,2.945243112740431,4.716813487046279,13.89216243680423
0.5,21,0.4,5.0,1.0,2.199114857512855,3.9584067435231396,0.12631344689832963,0.4042030300746548,0.5957969699253451,3.926990816987242,4.716813487046279,18.522883249072308
0.5,21,0.5,5.0,1.0,2.199114857512855,3.9584067435231396,0.12631344689832963,0.4042030300746548,0.5957969699253451,4.908738521234052,4.716813487046279,23.153604061340385
0.5,21,0.6,5.0,1.0,2.199114857512855,3.9584067435231396,0.12631344689832963,0.4042030300746548,0.5957969699253451,5.890486225480862,4.716813487046279,27.78432487360846
0.5,21,0.7,5.0,1.0,2.199114857512855,3.9584067435231396,0.12631344689832963,0.4042030300746548,0.5957969699253451,6.872233929727671,4.716813487046279,32.41504568587653
0.5,21,0.8,5.0,1.0,2.199114857512855,3.9584067435231396,0.12631344689832963,0.4042030300746548,0.5957969699253451,7.853981633974484,4.716813487046279,37.045766498144616
0.5,21,0.9,5.0,1.0,2.199114857512855,3.9584067435231396,0.12631344689832963,0.4042030300746548,0.5957969699253451,8.835729338221293,4.716813487046279,41.67648731041269
0.5,21,1.0,5.0,1.0,2.199114857512855,3.9584067435231396,0.12631344689832963,0.4042030300746548,0.5957969699253451,9.817477042468104,4.716813487046279,46.30720812268077
0.5,21,1.1,5.0,1.0,2.199114857512855,3.9584067435231396,0.12631344689832963,0.4042030300746548,0.5957969699253451,10.799224746714915,4.716813487046279,50.93792893494884
0.5,21,1.2,5.0,1.0,2.199114857512855,3.9584067435231396,0.12631344689832963,0.4042030300746548,0.5957969699253451,11.780972450961723,4.716813487046279,55.56864974721692
0.5,21,1.3,5.0,1.0,2.199114857512855,3.9584067435231396,0.12631344689832963,0.4042030300746548,0.5957969699253451,12.762720155208536,4.716813487046279,60.199370559485
0.5,21,1.4,5.0,1.0,2.199114857512855,3.9584067435231396,0.12631344689832963,0.4042030300746548,0.5957969699253451,13.744467859455343,4.716813487046279,64.83009137175306
0.5,21,1.5,5.0,1.0,2.199114857512855,3.9584067435231396,0.12631344689832963,0.4042030300746548,0.5957969699253451,14.726215563702155,4.716813487046279,69.46081218402115
0.5,21,1.6,5.0,1.0,2.199114857512855,3.9584067435231396,0.12631344689832963,0.4042030300746548,0.5957969699253451,15.707963267948967,4.716813487046279,74.09153299628923
0.5,21,1.7,5.0,1.0,2.199114857512855,3.9584067435231396,0.12631344689832963,0.4042030300746548,0.5957969699253451,16.689710972195776,4.716813487046279,78.7222538085573
0.5,21,1.8,5.0,1.0,2.199114857512855,3.9584067435231396,0.12631344689832963,0.4042030300746548,0.5957969699253451,17.671458676442587,4.716813487046279,83.35297462082538
0.5,21,1.9,5.0,1.0,2.199114857512855,3.9584067435231396,0.12631344689832963,0.4042030300746548,0.5957969699253451,18.653206380689394,4.716813487046279,87.98369543309344
0.5,21,2.0,5.0,1.0,2.199114857512855,3.9584067435231396,0.12631344689832963,0.4042030300746548,0.5957969699253451,19.634954084936208,4.716813487046279,92.61441624536154
0.5,22,0.1,5.0,1.0,2.3038346126325147,4.146902302738527,0.12057192658476922,0.38583016507126144,0.6141698349287386,0.9817477042468105,5.093804605477053,5.000830977308927
0.5,22,0.2,5.0,1.0,2.3038346126325147,4.146902302738527,0.12057192658476922,0.38583016507126144,0.6141698349287386,1.963495408493621,5.093804605477053,10.001661954617854
0.5,22,0.3,5.0,1.0,2.3038346126325147,4.146902302738527,0.12057192658476922,0.38583016507126144,0.6141698349287386,2.945243112740431,5.093804605477053,15.002492931926778
0.5,22,0.4,5.0,1.0,2.3038346126325147,4.146902302738527,0.12057192658476922,0.38583016507126144,0.6141698349287386,3.926990816987242,5.093804605477053,20.003323909235707
0.5,22,0.5,5.0,1.0,2.3038346126325147,4.146902302738527,0.12057192658476922,0.38583016507126144,0.6141698349287386,4.908738521234052,5.093804605477053,25.004154886544633
0.5,22,0.6,5.0,1.0,2.3038346126325147,4.146902302738527,0.12057192658476922,0.38583016507126144,0.6141698349287386,5.890486225480862,5.093804605477053,30.004985863853555
0.5,22,0.7,5.0,1.0,2.3038346126325147,4.146902302738527,0.12057192658476922,0.38583016507126144,0.6141698349287386,6.872233929727671,5.093804605477053,35.00581684116248
0.5,22,0.8,5.0,1.0,2.3038346126325147,4.146902302738527,0.12057192658476922,0.38583016507126144,0.6141698349287386,7.853981633974484,5.093804605477053,40.006647818471414
0.5,22,0.9,5.0,1.0,2.3038346126325147,4.146902302738527,0.12057192658476922,0.38583016507126144,0.6141698349287386,8.835729338221293,5.093804605477053,45.00747879578034
0.5,22,1.0,5.0,1.0,2.3038346126325147,4.146902302738527,0.12057192658476922,0.38583016507126144,0.6141698349287386,9.817477042468104,5.093804605477053,50.008309773089266
0.5,22,1.1,5.0,1.0,2.3038346126325147,4.146902302738527,0.12057192658476922,0.38583016507126144,0.6141698349287386,10.799224746714915,5.093804605477053,55.009140750398196
0.5,22,1.2,5.0,1.0,2.3038346126325147,4.146902302738527,0.12057192658476922,0.38583016507126144,0.6141698349287386,11.780972450961723,5.093804605477053,60.00997172770711
0.5,22,1.3,5.0,1.0,2.3038346126325147,4.146902302738527,0.12057192658476922,0.38583016507126144,0.6141698349287386,12.762720155208536,5.093804605477053,65.01080270501605
0.5,22,1.4,5.0,1.0,2.3038346126325147,4.146902302738527,0.12057192658476922,0.38583016507126144,0.6141698349287386,13.744467859455343,5.093804605477053,70.01163368232496
0.5,22,1.5,5.0,1.0,2.3038346126325147,4.146902302738527,0.12057192658476922,0.38583016507126144,0.6141698349287386,14.726215563702155,5.093804605477053,75.01246465963389
0.5,22,1.6,5.0,1.0,2.3038346126325147,4.146902302738527,0.12057192658476922,0.38583016507126144,0.6141698349287386,15.707963267948967,5.093804605477053,80.01329563694283
0.5,22,1.7,5.0,1.0,2.3038346126325147,4.146902302738527,0.12057192658476922,0.38583016507126144,0.6141698349287386,16.689710972195776,5.093804605477053,85.01412661425175
0.5,22,1.8,5.0,1.0,2.3038346126325147,4.146902302738527,0.12057192658476922,0.38583016507126144,0.6141698349287386,17.671458676442587,5.093804605477053,90.01495759156067
0.5,22,1.9,5.0,1.0,2.3038346126325147,4.146902302738527,0.12057192658476922,0.38583016507126144,0.6141698349287386,18.653206380689394,5.093804605477053,95.01578856886958
0.5,22,2.0,5.0,1.0,2.3038346126325147,4.146902302738527,0.12057192658476922,0.38583016507126144,0.6141698349287386,19.634954084936208,5.093804605477053,100.01661954617853
0.5,23,0.1,5.0,1.0,2.4085543677521746,4.335397861953914,0.11532966890717056,0.36905494050294574,0.6309450594970543,0.9817477042468105,5.470795723907828,5.3709411423497775
0.5,23,0.2,5.0,1.0,2.4085543677521746,4.335397861953914,0.11532966890717056,0.36905494050294574,0.6309450594970543,1.963495408493621,5.470795723907828,10.741882284699555
0.5,23,0.3,5.0,1.0,2.4085543677521746,4.335397861953914,0.11532966890717056,0.36905494050294574,0.6309450594970543,2.945243112740431,5.470795723907828,16.112823427049328
0.5,23,0.4,5.0,1.0,2.4085543677521746,4.335397861953914,0.11532966890717056,0.36905494050294574,0.6309450594970543,3.926990816987242,5.470795723907828,21.48376456939911
0.5,23,0.5,5.0,1.0,2.4085543677521746,4.335397861953914,0.11532966890717056,0.36905494050294574,0.6309450594970543,4.908738521234052,5.470795723907828,26.854705711748885
0.5,23,0.6,5.0,1.0,2.4085543677521746,4.335397861953914,0.11532966890717056,0.36905494050294574,0.6309450594970543,5.890486225480862,5.470795723907828,32.225646854098656
0.5,23,0.7,5.0,1.0,2.4085543677521746,4.335397861953914,0.11532966890717056,0.36905494050294574,0.6309450594970543,6.872233929727671,5.470795723907828,37.596587996448434
0.5,23,0.8,5.0,1.0,2.4085543677521746,4.335397861953914,0.11532966890717056,0.36905494050294574,0.6309450594970543,7.853981633974484,5.470795723907828,42.96752913879822
0.5,23,0.9,5.0,1.0,2.4085543677521746,4.335397861953914,0.11532966890717056,0.36905494050294574,0.6309450594970543,8.835729338221293,5.470795723907828,48.33847028114799
0.5,23,1.0,5.0,1.0,2.4085543677521746,4.335397861953914,0.11532966890717056,0.36905494050294574,0.6309450594970543,9.817477042468104,5.470795723907828,53.70941142349777
0.5,23,1.1,5.0,1.0,2.4085543677521746,4.335397861953914,0.11532966890717056,0.36905494050294574,0.6309450594970543,10.799224746714915,5.470795723907828,59.08035256584755
0.5,23,1.2,5.0,1.0,2.4085543677521746,4.335397861953914,0.11532966890717056,0.36905494050294574,0.6309450594970543,11.780972450961723,5.470795723907828,64.45129370819731
0.5,23,1.3,5.0,1.0,2.4085543677521746,4.335397861953914,0.11532966890717056,0.36905494050294574,0.6309450594970543,12.762720155208536,5.470795723907828,69.8222348505471
0.5,23,1.4,5.0,1.0,2.4085543677521746,4.335397861953914,0.11532966890717056,0.36905494050294574,0.6309450594970543,13.744467859455343,5.470795723907828,75.19317599289687
0.5,23,1.5,5.0,1.0,2.4085543677521746,4.335397861953914,0.11532966890717056,0.36905494050294574,0.6309450594970543,14.726215563702155,5.470795723907828,80.56411713524665
0.5,23,1.6,5.0,1.0,2.4085543677521746,4.335397861953914,0.11532966890717056,0.36905494050294574,0.6309450594970543,15.707963267948967,5.470795723907828,85.93505827759644
0.5,23,1.7,5.0,1.0,2.4085543677521746,4.335397861953914,0.11532966890717056,0.36905494050294574,0.6309450594970543,16.689710972195776,5.470795723907828,91.3059994199462
0.5,23,1.8,5.0,1.0,2.4085543677521746,4.335397861953914,0.11532966890717056,0.36905494050294574,0.6309450594970543,17.671458676442587,5.470795723907828,96.67694056229598
0.5,23,1.9,5.0,1.0,2.4085543677521746,4.335397861953914,0.11532966890717056,0.36905494050294574,0.6309450594970543,18.653206380689394,5.470795723907828,102.04788170464575
0.5,23,2.0,5.0,1.0,2.4085543677521746,4.335397861953914,0.11532966890717056,0.36905494050294574,0.6309450594970543,19.634954084936208,5.470795723907828,107.41882284699554
0.5,24,0.1,5.0,1.0,2.5132741228718345,4.523893421169302,0.11052426603603843,0.35367765131532297,0.646322348684677,0.9817477042468105,5.8477868423386035,5.741051307390629
0.5,24,0.2,5.0,1.0,2.5132741228718345,4.523893421169302,0.11052426603603843,0.35367765131532297,0.646322348684677,1.963495408493621,5.8477868423386035,11.482102614781258
0.5,24,0.3,5.0,1.0,2.5132741228718345,4.523893421169302,0.11052426603603843,0.35367765131532297,0.646322348684677,2.945243112740431,5.8477868423386035,17.223153922171882
0.5,24,0.4,5.0,1.0,2.5132741228718345,4.523893421169302,0.11052426603603843,0.35367765131532297,0.646322348684677,3.926990816987242,5.8477868423386035,22.964205229562516
0.5,24,0.5,5.0,1.0,2.5132741228718345,4.523893421169302,0.11052426603603843,0.35367765131532297,0.646322348684677,4.908738521234052,5.8477868423386035,28.705256536953144
0.5,24,0.6,5.0,1.0,2.5132741228718345,4.523893421169302,0.11052426603603843,0.35367765131532297,0.646322348684677,5.890486225480862,5.8477868423386035,34.446307844343764
0.5,24,0.7,5.0,1.0,2.5132741228718345,4.523893421169302,0.11052426603603843,0.35367765131532297,0.646322348684677,6.872233929727671,5.8477868423386035,40.18735915173439
0.5,24,0.8,5.0,1.0,2.5132741228718345,4.523893421169302,0.11052426603603843,0.35367765131532297,0.646322348684677,7.853981633974484,5.8477868423386035,45.92841045912503
0.5,24,0.9,5.0,1.0,2.5132741228718345,4.523893421169302,0.11052426603603843,0.35367765131532297,0.646322348684677,8.835729338221293,5.8477868423386035,51.66946176651565
0.5,24,1.0,5.0,1.0,2.5132741228718345,4.523893421169302,0.11052426603603843,0.35367765131532297,0.646322348684677,9.817477042468104,5.8477868423386035,57.41051307390629
0.5,24,1.1,5.0,1.0,2.5132741228718345,4.523893421169302,0.11052426603603843,0.35367765131532297,0.646322348684677,10.799224746714915,5.8477868423386035,63.151564381296915
0.5,24,1.2,5.0,1.0,2.5132741228718345,4.523893421169302,0.11052426603603843,0.35367765131532297,0.646322348684677,11.780972450961723,5.8477868423386035,68.89261568868753
0.5,24,1.3,5.0,1.0,2.5132741228718345,4.523893421169302,0.11052426603603843,0.35367765131532297,0.646322348684677,12.762720155208536,5.8477868423386035,74.63366699607818
0.5,24,1.4,5.0,1.0,2.5132741228718345,4.523893421169302,0.11052426603603843,0.35367765131532297,0.646322348684677,13.744467859455343,5.8477868423386035,80.37471830346878
0.5,24,1.5,5.0,1.0,2.5132741228718345,4.523893421169302,0.11052426603603843,0.35367765131532297,0.646322348684677,14.726215563702155,5.8477868423386035,86.11576961085942
0.5,24,1.6,5.0,1.0,2.5132741228718345,4.523893421169302,0.11052426603603843,0.35367765131532297,0.646322348684677,15.707963267948967,5.8477868423386035,91.85682091825007
0.5,24,1.7,5.0,1.0,2.5132741228718345,4.523893421169302,0.11052426603603843,0.35367765131532297,0.646322348684677,16.689710972195776,5.8477868423386035,97.59787222564069
0.5,24,1.8,5.0,1.0,2.5132741228718345,4.523893421169302,0.11052426603603843,0.35367765131532297,0.646322348684677,17.671458676442587,5.8477868423386035,103.3389235330313
0.5,24,1.9,5.0,1.0,2.5132741228718345,4.523893421169302,0.11052426603603843,0.35367765131532297,0.646322348684677,18.653206380689394,5.8477868423386035,109.07997484042193
0.5,24,2.0,5.0,1.0,2.5132741228718345,4.523893421169302,0.11052426603603843,0.35367765131532297,0.646322348684677,19.634954084936208,5.8477868423386035,114.82102614781257
0.5,25,0.1,5.0,1.0,2.6179938779914944,4.71238898038469,0.1061032953945969,0.33953054526271004,0.66046945473729,0.9817477042468105,6.22477796076938,6.111161472431482
0.5,25,0.2,5.0,1.0,2.6179938779914944,4.71238898038469,0.1061032953945969,0.33953054526271004,0.66046945473729,1.963495408493621,6.22477796076938,12.222322944862963
0.5,25,0.3,5.0,1.0,2.6179938779914944,4.71238898038469,0.1061032953945969,0.33953054526271004,0.66046945473729,2.945243112740431,6.22477796076938,18.33348441729444
0.5,25,0.4,5.0,1.0,2.6179938779914944,4.71238898038469,0.1061032953945969,0.33953054526271004,0.66046945473729,3.926990816987242,6.22477796076938,24.444645889725926
0.5,25,0.5,5.0,1.0,2.6179938779914944,4.71238898038469,0.1061032953945969,0.33953054526271004,0.66046945473729,4.908738521234052,6.22477796076938,30.555807362157402
0.5,25,0.6,5.0,1.0,2.6179938779914944,4.71238898038469,0.1061032953945969,0.33953054526271004,0.66046945473729,5.890486225480862,6.22477796076938,36.66696883458888
0.5,25,0.7,5.0,1.0,2.6179938779914944,4.71238898038469,0.1061032953945969,0.33953054526271004,0.66046945473729,6.872233929727671,6.22477796076938,42.778130307020355
0.5,25,0.8,5.0,1.0,2.6179938779914944,4.71238898038469,0.1061032953945969,0.33953054526271004,0.66046945473729,7.853981633974484,6.22477796076938,48.88929177945185
0.5,25,0.9,5.0,1.0,2.6179938779914944,4.71238898038469,0.1061032953945969,0.33953054526271004,0.66046945473729,8.835729338221293,6.22477796076938,55.00045325188333
0.5,25,1.0,5.0,1.0,2.6179938779914944,4.71238898038469,0.1061032953945969,0.33953054526271004,0.66046945473729,9.817477042468104,6.22477796076938,61.111614724314805
0.5,25,1.1,5.0,1.0,2.6179938779914944,4.71238898038469,0.1061032953945969,0.33953054526271004,0.66046945473729,10.799224746714915,6.22477796076938,67.2227761967463
0.5,25,1.2,5.0,1.0,2.6179938779914944,4.71238898038469,0.1061032953945969,0.33953054526271004,0.66046945473729,11.780972450961723,6.22477796076938,73.33393766917776
0.5,25,1.3,5.0,1.0,2.6179938779914944,4.71238898038469,0.1061032953945969,0.33953054526271004,0.66046945473729,12.762720155208536,6.22477796076938,79.44509914160925
0.5,25,1.4,5.0,1.0,2.6179938779914944,4.71238898038469,0.1061032953945969,0.33953054526271004,0.66046945473729,13.744467859455343,6.22477796076938,85.55626061404071
0.5,25,1.5,5.0,1.0,2.6179938779914944,4.71238898038469,0.1061032953945969,0.33953054526271004,0.66046945473729,14.726215563702155,6.22477796076938,91.6674220864722
0.5,25,1.6,5.0,1.0,2.6179938779914944,4.71238898038469,0.1061032953945969,0.33953054526271004,0.66046945473729,15.707963267948967,6.22477796076938,97.7785835589037
0.5,25,1.7,5.0,1.0,2.6179938779914944,4.71238898038469,0.1061032953945969,0.33953054526271004,0.66046945473729,16.689710972195776,6.22477796076938,103.88974503133517
0.5,25,1.8,5.0,1.0,2.6179938779914944,4.71238898038469,0.1061032953945969,0.33953054526271004,0.66046945473729,17.671458676442587,6.22477796076938,110.00090650376666
0.5,25,1.9,5.0,1.0,2.6179938779914944,4.71238898038469,0.1061032953945969,0.33953054526271004,0.66046945473729,18.653206380689394,6.22477796076938,116.11206797619812
0.5,25,2.0,5.0,1.0,2.6179938779914944,4.71238898038469,0.1061032953945969,0.33953054526271004,0.66046945473729,19.634954084936208,6.22477796076938,122.22322944862961
0.5,26,0.1,5.0,1.0,2.7227136331111543,4.900884539600078,0.10202239941788162,0.32647167813722117,0.6735283218627788,0.9817477042468105,6.601769079200155,6.481271637472332
0.5,26,0.2,5.0,1.0,2.7227136331111543,4.900884539600078,0.10202239941788162,0.32647167813722117,0.6735283218627788,1.963495408493621,6.601769079200155,12.962543274944665
0.5,26,0.3,5.0,1.0,2.7227136331111543,4.900884539600078,0.10202239941788162,0.32647167813722117,0.6735283218627788,2.945243112740431,6.601769079200155,19.443814912416993
0.5,26,0.4,5.0,1.0,2.7227136331111543,4.900884539600078,0.10202239941788162,0.32647167813722117,0.6735283218627788,3.926990816987242,6.601769079200155,25.92508654988933
0.5,26,0.5,5.0,1.0,2.7227136331111543,4.900884539600078,0.10202239941788162,0.32647167813722117,0.6735283218627788,4.908738521234052,6.601769079200155,32.406358187361654
0.5,26,0.6,5.0,1.0,2.7227136331111543,4.900884539600078,0.10202239941788162,0.32647167813722117,0.6735283218627788,5.890486225480862,6.601769079200155,38.887629824833986
0.5,26,0.7,5.0,1.0,2.7227136331111543,4.900884539600078,0.10202239941788162,0.32647167813722117,0.6735283218627788,6.872233929727671,6.601769079200155,45.36890146230631
0.5,26,0.8,5.0,1.0,2.7227136331111543,4.900884539600078,0.10202239941788162,0.32647167813722117,0.6735283218627788,7.853981633974484,6.601769079200155,51.85017309977866
0.5,26,0.9,5.0,1.0,2.7227136331111543,4.900884539600078,0.10202239941788162,0.32647167813722117,0.6735283218627788,8.835729338221293,6.601769079200155,58.33144473725098
0.5,26,1.0,5.0,1.0,2.7227136331111543,4.900884539600078,0.10202239941788162,0.32647167813722117,0.6735283218627788,9.817477042468104,6.601769079200155,64.81271637472331
0.5,26,1.1,5.0,1.0,2.7227136331111543,4.900884539600078,0.10202239941788162,0.32647167813722117,0.6735283218627788,10.799224746714915,6.601769079200155,71.29398801219564
0.5,26,1.2,5.0,1.0,2.7227136331111543,4.900884539600078,0.10202239941788162,0.32647167813722117,0.6735283218627788,11.780972450961723,6.601769079200155,77.77525964966797
0.5,26,1.3,5.0,1.0,2.7227136331111543,4.900884539600078,0.10202239941788162,0.32647167813722117,0.6735283218627788,12.762720155208536,6.601769079200155,84.2565312871403
0.5,26,1.4,5.0,1.0,2.7227136331111543,4.900884539600078,0.10202239941788162,0.32647167813722117,0.6735283218627788,13.744467859455343,6.601769079200155,90.73780292461262
0.5,26,1.5,5.0,1.0,2.7227136331111543,4.900884539600078,0.10202239941788162,0.32647167813722117,0.6735283218627788,14.726215563702155,6.601769079200155,97.21907456208497
0.5,26,1.6,5.0,1.0,2.7227136331111543,4.900884539600078,0.10202239941788162,0.32647167813722117,0.6735283218627788,15.707963267948967,6.601769079200155,103.70034619955732
0.5,26,1.7,5.0,1.0,2.7227136331111543,4.900884539600078,0.10202239941788162,0.32647167813722117,0.6735283218627788,16.689710972195776,6.601769079200155,110.18161783702963
0.5,26,1.8,5.0,1.0,2.7227136331111543,4.900884539600078,0.10202239941788162,0.32647167813722117,0.6735283218627788,17.671458676442587,6.601769079200155,116.66288947450197
0.5,26,1.9,5.0,1.0,2.7227136331111543,4.900884539600078,0.10202239941788162,0.32647167813722117,0.6735283218627788,18.653206380689394,6.601769079200155,123.14416111197427
0.5,26,2.0,5.0,1.0,2.7227136331111543,4.900884539600078,0.10202239941788162,0.32647167813722117,0.6735283218627788,19.634954084936208,6.601769079200155,129.62543274944662
0.5,27,0.1,5.0,1.0,2.827433388230814,5.089380098815465,0.09824379203203415,0.3143801345025093,0.6856198654974908,0.9817477042468105,6.9787601976309315,6.851381802513184
0.5,27,0.2,5.0,1.0,2.827433388230814,5.089380098815465,0.09824379203203415,0.3143801345025093,0.6856198654974908,1.963495408493621,6.9787601976309315,13.702763605026368
0.5,27,0.3,5.0,1.0,2.827433388230814,5.089380098815465,0.09824379203203415,0.3143801345025093,0.6856198654974908,2.945243112740431,6.9787601976309315,20.554145407539547
0.5,27,0.4,5.0,1.0,2.827433388230814,5.089380098815465,0.09824379203203415,0.3143801345025093,0.6856198654974908,3.926990816987242,6.9787601976309315,27.405527210052735
0.5,27,0.5,5.0,1.0,2.827433388230814,5.089380098815465,0.09824379203203415,0.3143801345025093,0.6856198654974908,4.908738521234052,6.9787601976309315,34.25690901256592
0.5,27,0.6,5.0,1.0,2.827433388230814,5.089380098815465,0.09824379203203415,0.3143801345025093,0.6856198654974908,5.890486225480862,6.9787601976309315,41.108290815079094
0.5,27,0.7,5.0,1.0,2.827433388230814,5.089380098815465,0.09824379203203415,0.3143801345025093,0.6856198654974908,6.872233929727671,6.9787601976309315,47.959672617592275
0.5,27,0.8,5.0,1.0,2.827433388230814,5.089380098815465,0.09824379203203415,0.3143801345025093,0.6856198654974908,7.853981633974484,6.9787601976309315,54.81105442010547
0.5,27,0.9,5.0,1.0,2.827433388230814,5.089380098815465,0.09824379203203415,0.3143801345025093,0.6856198654974908,8.835729338221293,6.9787601976309315,61.66243622261865
0.5,27,1.0,5.0,1.0,2.827433388230814,5.089380098815465,0.09824379203203415,0.3143801345025093,0.6856198654974908,9.817477042468104,6.9787601976309315,68.51381802513184
0.5,27,1.1,5.0,1.0,2.827433388230814,5.089380098815465,0.09824379203203415,0.3143801345025093,0.6856198654974908,10.799224746714915,6.9787601976309315,75.36519982764503
0.5,27,1.2,5.0,1.0,2.827433388230814,5.089380098815465,0.09824379203203415,0.3143801345025093,0.6856198654974908,11.780972450961723,6.9787601976309315,82.21658163015819
0.5,27,1.3,5.0,1.0,2.827433388230814,5.089380098815465,0.09824379203203415,0.3143801345025093,0.6856198654974908,12.762720155208536,6.9787601976309315,89.06796343267139
0.5,27,1.4,5.0,1.0,2.827433388230814,5.089380098815465,0.09824379203203415,0.3143801345025093,0.6856198654974908,13.744467859455343,6.9787601976309315,95.91934523518455
0.5,27,1.5,5.0,1.0,2.827433388230814,5.089380098815465,0.09824379203203415,0.3143801345025093,0.6856198654974908,14.726215563702155,6.9787601976309315,102.77072703769775
0.5,27,1.6,5.0,1.0,2.827433388230814,5.089380098815465,0.09824379203203415,0.3143801345025093,0.6856198654974908,15.707963267948967,6.9787601976309315,109.62210884021094
0.5,27,1.7,5.0,1.0,2.827433388230814,5.089380098815465,0.09824379203203415,0.3143801345025093,0.6856198654974908,16.689710972195776,6.9787601976309315,116.47349064272412
0.5,27,1.8,5.0,1.0,2.827433388230814,5.089380098815465,0.09824379203203415,0.3143801345025093,0.6856198654974908,17.671458676442587,6.9787601976309315,123.3248724452373
0.5,27,1.9,5.0,1.0,2.827433388230814,5.089380098815465,0.09824379203203415,0.3143801345025093,0.6856198654974908,18.653206380689394,6.9787601976309315,130.17625424775048
0.5,27,2.0,5.0,1.0,2.827433388230814,5.089380098815465,0.09824379203203415,0.3143801345025093,0.6856198654974908,19.634954084936208,6.9787601976309315,137.02763605026368
0.5,28,0.1,5.0,1.0,2.9321531433504737,5.277875658030853,0.09473508517374722,0.3031522725559911,0.6968477274440089,0.9817477042468105,7.355751316061705,7.221491967554034
0.5,28,0.2,5.0,1.0,2.9321531433504737,5.277875658030853,0.09473508517374722,0.3031522725559911,0.6968477274440089,1.963495408493621,7.355751316061705,14.442983935108067
0.5,28,0.3,5.0,1.0,2.9321531433504737,5.277875658030853,0.09473508517374722,0.3031522725559911,0.6968477274440089,2.945243112740431,7.355751316061705,21.664475902662097
0.5,28,0.4,5.0,1.0,2.9321531433504737,5.277875658030853,0.09473508517374722,0.3031522725559911,0.6968477274440089,3.926990816987242,7.355751316061705,28.885967870216135
0.5,28,0.5,5.0,1.0,2.9321531433504737,5.277875658030853,0.09473508517374722,0.3031522725559911,0.6968477274440089,4.908738521234052,7.355751316061705,36.107459837770165
0.5,28,0.6,5.0,1.0,2.9321531433504737,5.277875658030853,0.09473508517374722,0.3031522725559911,0.6968477274440089,5.890486225480862,7.355751316061705,43.328951805324195
0.5,28,0.7,5.0,1.0,2.9321531433504737,5.277875658030853,0.09473508517374722,0.3031522725559911,0.6968477274440089,6.872233929727671,7.355751316061705,50.550443772878225
0.5,28,0.8,5.0,1.0,2.9321531433504737,5.277875658030853,0.09473508517374722,0.3031522725559911,0.6968477274440089,7.853981633974484,7.355751316061705,57.77193574043227
0.5,28,0.9,5.0,1.0,2.9321531433504737,5.277875658030853,0.09473508517374722,0.3031522725559911,0.6968477274440089,8.835729338221293,7.355751316061705,64.9934277079863
0.5,28,1.0,5.0,1.0,2.9321531433504737,5.277875658030853,0.09473508517374722,0.3031522725559911,0.6968477274440089,9.817477042468104,7.355751316061705,72.21491967554033
0.5,28,1.1,5.0,1.0,2.9321531433504737,5.277875658030853,0.09473508517374722,0.3031522725559911,0.6968477274440089,10.799224746714915,7.355751316061705,79.43641164309437
0.5,28,1.2,5.0,1.0,2.9321531433504737,5.277875658030853,0.09473508517374722,0.3031522725559911,0.6968477274440089,11.780972450961723,7.355751316061705,86.65790361064839
0.5,28,1.3,5.0,1.0,2.9321531433504737,5.277875658030853,0.09473508517374722,0.3031522725559911,0.6968477274440089,12.762720155208536,7.355751316061705,93.87939557820243
0.5,28,1.4,5.0,1.0,2.9321531433504737,5.277875658030853,0.09473508517374722,0.3031522725559911,0.6968477274440089,13.744467859455343,7.355751316061705,101.10088754575645
0.5,28,1.5,5.0,1.0,2.9321531433504737,5.277875658030853,0.09473508517374722,0.3031522725559911,0.6968477274440089,14.726215563702155,7.355751316061705,108.3223795133105
0.5,28,1.6,5.0,1.0,2.9321531433504737,5.277875658030853,0.09473508517374722,0.3031522725559911,0.6968477274440089,15.707963267948967,7.355751316061705,115.54387148086454
0.5,28,1.7,5.0,1.0,2.9321531433504737,5.277875658030853,0.09473508517374722,0.3031522725559911,0.6968477274440089,16.689710972195776,7.355751316061705,122.76536344841857
0.5,28,1.8,5.0,1.0,2.9321531433504737,5.277875658030853,0.09473508517374722,0.3031522725559911,0.6968477274440089,17.671458676442587,7.355751316061705,129.9868554159726
0.5,28,1.9,5.0,1.0,2.9321531433504737,5.277875658030853,0.09473508517374722,0.3031522725559911,0.6968477274440089,18.653206380689394,7.355751316061705,137.20834738352661
0.5,28,2.0,5.0,1.0,2.9321531433504737,5.277875658030853,0.09473508517374722,0.3031522725559911,0.6968477274440089,19.634954084936208,7.355751316061705,144.42983935108066
0.5,29,0.1,5.0,1.0,3.0368728984701336,5.466371217246241,0.0914683580987904,0.2926987459161293,0.7073012540838707,0.9817477042468105,7.732742434492482,7.591602132594886
0.5,29,0.2,5.0,1.0,3.0368728984701336,5.466371217246241,0.0914683580987904,0.2926987459161293,0.7073012540838707,1.963495408493621,7.732742434492482,15.183204265189772
0.5,29,0.3,5.0,1.0,3.0368728984701336,5.466371217246241,0.0914683580987904,0.2926987459161293,0.7073012540838707,2.945243112740431,7.732742434492482,22.774806397784655
0.5,29,0.4,5.0,1.0,3.0368728984701336,5.466371217246241,0.0914683580987904,0.2926987459161293,0.7073012540838707,3.926990816987242,7.732742434492482,30.366408530379545
0.5,29,0.5,5.0,1.0,3.0368728984701336,5.466371217246241,0.0914683580987904,0.2926987459161293,0.7073012540838707,4.908738521234052,7.732742434492482,37.95801066297443
0.5,29,0.6,5.0,1.0,3.0368728984701336,5.466371217246241,0.0914683580987904,0.2926987459161293,0.7073012540838707,5.890486225480862,7.732742434492482,45.54961279556931
0.5,29,0.7,5.0,1.0,3.0368728984701336,5.466371217246241,0.0914683580987904,0.2926987459161293,0.7073012540838707,6.872233929727671,7.732742434492482,53.14121492816419
0.5,29,0.8,5.0,1.0,3.0368728984701336,5.466371217246241,0.0914683580987904,0.2926987459161293,0.7073012540838707,7.853981633974484,7.732742434492482,60.73281706075909
0.5,29,0.9,5.0,1.0,3.0368728984701336,5.466371217246241,0.0914683580987904,0.2926987459161293,0.7073012540838707,8.835729338221293,7.732742434492482,68.32441919335398
0.5,29,1.0,5.0,1.0,3.0368728984701336,5.466371217246241,0.0914683580987904,0.2926987459161293,0.7073012540838707,9.817477042468104,7.732742434492482,75.91602132594886
0.5,29,1.1,5.0,1.0,3.0368728984701336,5.466371217246241,0.0914683580987904,0.2926987459161293,0.7073012540838707,10.799224746714915,7.732742434492482,83.50762345854375
0.5,29,1.2,5.0,1.0,3.0368728984701336,5.466371217246241,0.0914683580987904,0.2926987459161293,0.7073012540838707,11.780972450961723,7.732742434492482,91.09922559113862
0.5,29,1.3,5.0,1.0,3.0368728984701336,5.466371217246241,0.0914683580987904,0.2926987459161293,0.7073012540838707,12.762720155208536,7.732742434492482,98.69082772373352
0.5,29,1.4,5.0,1.0,3.0368728984701336,5.466371217246241,0.0914683580987904,0.2926987459161293,0.7073012540838707,13.744467859455343,7.732742434492482,106.28242985632838
0.5,29,1.5,5.0,1.0,3.0368728984701336,5.466371217246241,0.0914683580987904,0.2926987459161293,0.7073012540838707,14.726215563702155,7.732742434492482,113.87403198892328
0.5,29,1.6,5.0,1.0,3.0368728984701336,5.466371217246241,0.0914683580987904,0.2926987459161293,0.7073012540838707,15.707963267948967,7.732742434492482,121.46563412151818
0.5,29,1.7,5.0,1.0,3.0368728984701336,5.466371217246241,0.0914683580987904,0.2926987459161293,0.7073012540838707,16.689710972195776,7.732742434492482,129.05723625411306
0.5,29,1.8,5.0,1.0,3.0368728984701336,5.466371217246241,0.0914683580987904,0.2926987459161293,0.7073012540838707,17.671458676442587,7.732742434492482,136.64883838670795
0.5,29,1.9,5.0,1.0,3.0368728984701336,5.466371217246241,0.0914683580987904,0.2926987459161293,0.7073012540838707,18.653206380689394,7.732742434492482,144.2404405193028
0.5,29,2.0,5.0,1.0,3.0368728984701336,5.466371217246241,0.0914683580987904,0.2926987459161293,0.7073012540838707,19.634954084936208,7.732742434492482,151.83204265189772
0.5,30,0.1,5.0,1.0,3.1415926535897927,5.654866776461627,0.08841941282883076,0.2829421210522584,0.7170578789477415,0.9817477042468105,8.109733552923254,7.961712297635734
0.5,30,0.2,5.0,1.0,3.1415926535897927,5.654866776461627,0.08841941282883076,0.2829421210522584,0.7170578789477415,1.963495408493621,8.109733552923254,15.923424595271468
0.5,30,0.3,5.0,1.0,3.1415926535897927,5.654866776461627,0.08841941282883076,0.2829421210522584,0.7170578789477415,2.945243112740431,8.109733552923254,23.885136892907198
0.5,30,0.4,5.0,1.0,3.1415926535897927,5.654866776461627,0.08841941282883076,0.2829421210522584,0.7170578789477415,3.926990816987242,8.109733552923254,31.846849190542937
0.5,30,0.5,5.0,1.0,3.1415926535897927,5.654866776461627,0.08841941282883076,0.2829421210522584,0.7170578789477415,4.908738521234052,8.109733552923254,39.80856148817867
0.5,30,0.6,5.0,1.0,3.1415926535897927,5.654866776461627,0.08841941282883076,0.2829421210522584,0.7170578789477415,5.890486225480862,8.109733552923254,47.770273785814396
0.5,30,0.7,5.0,1.0,3.1415926535897927,5.654866776461627,0.08841941282883076,0.2829421210522584,0.7170578789477415,6.872233929727671,8.109733552923254,55.731986083450124
0.5,30,0.8,5.0,1.0,3.1415926535897927,5.654866776461627,0.08841941282883076,0.2829421210522584,0.7170578789477415,7.853981633974484,8.109733552923254,63.69369838108587
0.5,30,0.9,5.0,1.0,3.1415926535897927,5.654866776461627,0.08841941282883076,0.2829421210522584,0.7170578789477415,8.835729338221293,8.109733552923254,71.65541067872161
0.5,30,1.0,5.0,1.0,3.1415926535897927,5.654866776461627,0.08841941282883076,0.2829421210522584,0.7170578789477415,9.817477042468104,8.109733552923254,79.61712297635734
0.5,30,1.1,5.0,1.0,3.1415926535897927,5.654866776461627,0.08841941282883076,0.2829421210522584,0.7170578789477415,10.799224746714915,8.109733552923254,87.57883527399308
0.5,30,1.2,5.0,1.0,3.1415926535897927,5.654866776461627,0.08841941282883076,0.2829421210522584,0.7170578789477415,11.780972450961723,8.109733552923254,95.54054757162879
0.5,30,1.3,5.0,1.0,3.1415926535897927,5.654866776461627,0.08841941282883076,0.2829421210522584,0.7170578789477415,12.762720155208536,8.109733552923254,103.50225986926455
0.5,30,1.4,5.0,1.0,3.1415926535897927,5.654866776461627,0.08841941282883076,0.2829421210522584,0.7170578789477415,13.744467859455343,8.109733552923254,111.46397216690025
0.5,30,1.5,5.0,1.0,3.1415926535897927,5.654866776461627,0.08841941282883076,0.2829421210522584,0.7170578789477415,14.726215563702155,8.109733552923254,119.425684464536
0.5,30,1.6,5.0,1.0,3.1415926535897927,5.654866776461627,0.08841941282883076,0.2829421210522584,0.7170578789477415,15.707963267948967,8.109733552923254,127.38739676217175
0.5,30,1.7,5.0,1.0,3.1415926535897927,5.654866776461627,0.08841941282883076,0.2829421210522584,0.7170578789477415,16.689710972195776,8.109733552923254,135.34910905980746
0.5,30,1.8,5.0,1.0,3.1415926535897927,5.654866776461627,0.08841941282883076,0.2829421210522584,0.7170578789477415,17.671458676442587,8.109733552923254,143.31082135744322
0.5,30,1.9,5.0,1.0,3.1415926535897927,5.654866776461627,0.08841941282883076,0.2829421210522584,0.7170578789477415,18.653206380689394,8.109733552923254,151.27253365507892
0.5,30,2.0,5.0,1.0,3.1415926535897927,5.654866776461627,0.08841941282883076,0.2829421210522584,0.7170578789477415,19.634954084936208,8.109733552923254,159.23424595271467
0.5,31,0.1,5.0,1.0,3.2463124087094526,5.843362335677015,0.08556717370532008,0.4107224337855364,0.5892775662144636,0.9817477042468105,6.88672467135403,6.761026135881689
0.5,31,0.2,5.0,1.0,3.2463124087094526,5.843362335677015,0.08556717370532008,0.4107224337855364,0.5892775662144636,1.963495408493621,6.88672467135403,13.522052271763378
0.5,31,0.3,5.0,1.0,3.2463124087094526,5.843362335677015,0.08556717370532008,0.4107224337855364,0.5892775662144636,2.945243112740431,6.88672467135403,20.283078407645064
0.5,31,0.4,5.0,1.0,3.2463124087094526,5.843362335677015,0.08556717370532008,0.4107224337855364,0.5892775662144636,3.926990816987242,6.88672467135403,27.044104543526757
0.5,31,0.5,5.0,1.0,3.2463124087094526,5.843362335677015,0.08556717370532008,0.4107224337855364,0.5892775662144636,4.908738521234052,6.88672467135403,33.80513067940844
0.5,31,0.6,5.0,1.0,3.2463124087094526,5.843362335677015,0.08556717370532008,0.4107224337855364,0.5892775662144636,5.890486225480862,6.88672467135403,40.56615681529013
0.5,31,0.7,5.0,1.0,3.2463124087094526,5.843362335677015,0.08556717370532008,0.4107224337855364,0.5892775662144636,6.872233929727671,6.88672467135403,47.327182951171814
0.5,31,0.8,5.0,1.0,3.2463124087094526,5.843362335677015,0.08556717370532008,0.4107224337855364,0.5892775662144636,7.853981633974484,6.88672467135403,54.088209087053514
0.5,31,0.9,5.0,1.0,3.2463124087094526,5.843362335677015,0.08556717370532008,0.4107224337855364,0.5892775662144636,8.835729338221293,6.88672467135403,60.8492352229352
0.5,31,1.0,5.0,1.0,3.2463124087094526,5.843362335677015,0.08556717370532008,0.4107224337855364,0.5892775662144636,9.817477042468104,6.88672467135403,67.61026135881689
0.5,31,1.1,5.0,1.0,3.2463124087094526,5.843362335677015,0.08556717370532008,0.4107224337855364,0.5892775662144636,10.799224746714915,6.88672467135403,74.37128749469858
0.5,31,1.2,5.0,1.0,3.2463124087094526,5.843362335677015,0.08556717370532008,0.4107224337855364,0.5892775662144636,11.780972450961723,6.88672467135403,81.13231363058026
0.5,31,1.3,5.0,1.0,3.2463124087094526,5.843362335677015,0.08556717370532008,0.4107224337855364,0.5892775662144636,12.762720155208536,6.88672467135403,87.89333976646196
0.5,31,1.4,5.0,1.0,3.2463124087094526,5.843362335677015,0.08556717370532008,0.4107224337855364,0.5892775662144636,13.744467859455343,6.88672467135403,94.65436590234363
0.5,31,1.5,5.0,1.0,3.2463124087094526,5.843362335677015,0.08556717370532008,0.4107224337855364,0.5892775662144636,14.726215563702155,6.88672467135403,101.41539203822533
0.5,31,1.6,5.0,1.0,3.2463124087094526,5.843362335677015,0.08556717370532008,0.4107224337855364,0.5892775662144636,15.707963267948967,6.88672467135403,108.17641817410703
0.5,31,1.7,5.0,1.0,3.2463124087094526,5.843362335677015,0.08556717370532008,0.4107224337855364,0.5892775662144636,16.689710972195776,6.88672467135403,114.9374443099887
0.5,31,1.8,5.0,1.0,3.2463124087094526,5.843362335677015,0.08556717370532008,0.4107224337855364,0.5892775662144636,17.671458676442587,6.88672467135403,121.6984704458704
0.5,31,1.9,5.0,1.0,3.2463124087094526,5.843362335677015,0.08556717370532008,0.4107224337855364,0.5892775662144636,18.653206380689394,6.88672467135403,128.45949658175206
0.5,31,2.0,5.0,1.0,3.2463124087094526,5.843362335677015,0.08556717370532008,0.4107224337855364,0.5892775662144636,19.634954084936208,6.88672467135403,135.22052271763377
0.5,32,0.1,5.0,1.0,3.3510321638291125,6.031857894892402,0.08289319952702882,0.3978873577297383,0.6021126422702616,0.9817477042468105,7.263715789784805,7.13113630092254
0.5,32,0.2,5.0,1.0,3.3510321638291125,6.031857894892402,0.08289319952702882,0.3978873577297383,0.6021126422702616,1.963495408493621,7.263715789784805,14.26227260184508
0.5,32,0.3,5.0,1.0,3.3510321638291125,6.031857894892402,0.08289319952702882,0.3978873577297383,0.6021126422702616,2.945243112740431,7.263715789784805,21.393408902767614
0.5,32,0.4,5.0,1.0,3.3510321638291125,6.031857894892402,0.08289319952702882,0.3978873577297383,0.6021126422702616,3.926990816987242,7.263715789784805,28.52454520369016
0.5,32,0.5,5.0,1.0,3.3510321638291125,6.031857894892402,0.08289319952702882,0.3978873577297383,0.6021126422702616,4.908738521234052,7.263715789784805,35.655681504612694
0.5,32,0.6,5.0,1.0,3.3510321638291125,6.031857894892402,0.08289319952702882,0.3978873577297383,0.6021126422702616,5.890486225480862,7.263715789784805,42.78681780553523
0.5,32,0.7,5.0,1.0,3.3510321638291125,6.031857894892402,0.08289319952702882,0.3978873577297383,0.6021126422702616,6.872233929727671,7.263715789784805,49.91795410645776
0.5,32,0.8,5.0,1.0,3.3510321638291125,6.031857894892402,0.08289319952702882,0.3978873577297383,0.6021126422702616,7.853981633974484,7.263715789784805,57.04909040738032
0.5,32,0.9,5.0,1.0,3.3510321638291125,6.031857894892402,0.08289319952702882,0.3978873577297383,0.6021126422702616,8.835729338221293,7.263715789784805,64.18022670830285
0.5,32,1.0,5.0,1.0,3.3510321638291125,6.031857894892402,0.08289319952702882,0.3978873577297383,0.6021126422702616,9.817477042468104,7.263715789784805,71.31136300922539
0.5,32,1.1,5.0,1.0,3.3510321638291125,6.031857894892402,0.08289319952702882,0.3978873577297383,0.6021126422702616,10.799224746714915,7.263715789784805,78.44249931014794
0.5,32,1.2,5.0,1.0,3.3510321638291125,6.031857894892402,0.08289319952702882,0.3978873577297383,0.6021126422702616,11.780972450961723,7.263715789784805,85.57363561107046
0.5,32,1.3,5.0,1.0,3.3510321638291125,6.031857894892402,0.08289319952702882,0.3978873577297383,0.6021126422702616,12.762720155208536,7.263715789784805,92.70477191199302
0.5,32,1.4,5.0,1.0,3.3510321638291125,6.031857894892402,0.08289319952702882,0.3978873577297383,0.6021126422702616,13.744467859455343,7.263715789784805,99.83590821291553
0.5,32,1.5,5.0,1.0,3.3510321638291125,6.031857894892402,0.08289319952702882,0.3978873577297383,0.6021126422702616,14.726215563702155,7.263715789784805,106.96704451383809
0.5,32,1.6,5.0,1.0,3.3510321638291125,6.031857894892402,0.08289319952702882,0.3978873577297383,0.6021126422702616,15.707963267948967,7.263715789784805,114.09818081476064
0.5,32,1.7,5.0,1.0,3.3510321638291125,6.031857894892402,0.08289319952702882,0.3978873577297383,0.6021126422702616,16.689710972195776,7.263715789784805,121.22931711568317
0.5,32,1.8,5.0,1.0,3.3510321638291125,6.031857894892402,0.08289319952702882,0.3978873577297383,0.6021126422702616,17.671458676442587,7.263715789784805,128.3604534166057
0.5,32,1.9,5.0,1.0,3.3510321638291125,6.031857894892402,0.08289319952702882,0.3978873577297383,0.6021126422702616,18.653206380689394,7.263715789784805,135.49158971752823
0.5,32,2.0,5.0,1.0,3.3510321638291125,6.031857894892402,0.08289319952702882,0.3978873577297383,0.6021126422702616,19.634954084936208,7.263715789784805,142.62272601845078
0.5,33,0.1,5.0,1.0,3.4557519189487724,6.220353454107791,0.08038128438984612,0.38583016507126144,0.6141698349287386,0.9817477042468105,7.640706908215582,7.501246465963392
0.5,33,0.2,5.0,1.0,3.4557519189487724,6.220353454107791,0.08038128438984612,0.38583016507126144,0.6141698349287386,1.963495408493621,7.640706908215582,15.002492931926785
0.5,33,0.3,5.0,1.0,3.4557519189487724,6.220353454107791,0.08038128438984612,0.38583016507126144,0.6141698349287386,2.945243112740431,7.640706908215582,22.503739397890172
0.5,33,0.4,5.0,1.0,3.4557519189487724,6.220353454107791,0.08038128438984612,0.38583016507126144,0.6141698349287386,3.926990816987242,7.640706908215582,30.00498586385357
0.5,33,0.5,5.0,1.0,3.4557519189487724,6.220353454107791,0.08038128438984612,0.38583016507126144,0.6141698349287386,4.908738521234052,7.640706908215582,37.50623232981696
0.5,33,0.6,5.0,1.0,3.4557519189487724,6.220353454107791,0.08038128438984612,0.38583016507126144,0.6141698349287386,5.890486225480862,7.640706908215582,45.007478795780344
0.5,33,0.7,5.0,1.0,3.4557519189487724,6.220353454107791,0.08038128438984612,0.38583016507126144,0.6141698349287386,6.872233929727671,7.640706908215582,52.508725261743734
0.5,33,0.8,5.0,1.0,3.4557519189487724,6.220353454107791,0.08038128438984612,0.38583016507126144,0.6141698349287386,7.853981633974484,7.640706908215582,60.00997172770714
0.5,33,0.9,5.0,1.0,3.4557519189487724,6.220353454107791,0.08038128438984612,0.38583016507126144,0.6141698349287386,8.835729338221293,7.640706908215582,67.51121819367053
0.5,33,1.0,5.0,1.0,3.4557519189487724,6.220353454107791,0.08038128438984612,0.38583016507126144,0.6141698349287386,9.817477042468104,7.640706908215582,75.01246465963392
0.5,33,1.1,5.0,1.0,3.4557519189487724,6.220353454107791,0.08038128438984612,0.38583016507126144,0.6141698349287386,10.799224746714915,7.640706908215582,82.51371112559731
0.5,33,1.2,5.0,1.0,3.4557519189487724,6.220353454107791,0.08038128438984612,0.38583016507126144,0.6141698349287386,11.780972450961723,7.640706908215582,90.01495759156069
0.5,33,1.3,5.0,1.0,3.4557519189487724,6.220353454107791,0.08038128438984612,0.38583016507126144,0.6141698349287386,12.762720155208536,7.640706908215582,97.51620405752409
0.5,33,1.4,5.0,1.0,3.4557519189487724,6.220353454107791,0.08038128438984612,0.38583016507126144,0.6141698349287386,13.744467859455343,7.640706908215582,105.01745052348747
0.5,33,1.5,5.0,1.0,3.4557519189487724,6.220353454107791,0.08038128438984612,0.38583016507126144,0.6141698349287386,14.726215563702155,7.640706908215582,112.51869698945087
0.5,33,1.6,5.0,1.0,3.4557519189487724,6.220353454107791,0.08038128438984612,0.38583016507126144,0.6141698349287386,15.707963267948967,7.640706908215582,120.01994345541428
0.5,33,1.7,5.0,1.0,3.4557519189487724,6.220353454107791,0.08038128438984612,0.38583016507126144,0.6141698349287386,16.689710972195776,7.640706908215582,127.52118992137765
0.5,33,1.8,5.0,1.0,3.4557519189487724,6.220353454107791,0.08038128438984612,0.38583016507126144,0.6141698349287386,17.671458676442587,7.640706908215582,135.02243638734106
0.5,33,1.9,5.0,1.0,3.4557519189487724,6.220353454107791,0.08038128438984612,0.38583016507126144,0.6141698349287386,18.653206380689394,7.640706908215582,142.52368285330442
0.5,33,2.0,5.0,1.0,3.4557519189487724,6.220353454107791,0.08038128438984612,0.38583016507126144,0.6141698349287386,19.634954084936208,7.640706908215582,150.02492931926784
0.5,34,0.1,5.0,1.0,3.5604716740684323,6.408849013323178,0.07801712896661536,0.3744822190397537,0.6255177809602464,0.9817477042468105,8.017698026646357,7.871356631004244
0.5,34,0.2,5.0,1.0,3.5604716740684323,6.408849013323178,0.07801712896661536,0.3744822190397537,0.6255177809602464,1.963495408493621,8.017698026646357,15.742713262008488
0.5,34,0.3,5.0,1.0,3.5604716740684323,6.408849013323178,0.07801712896661536,0.3744822190397537,0.6255177809602464,2.945243112740431,8.017698026646357,23.614069893012726
0.5,34,0.4,5.0,1.0,3.5604716740684323,6.408849013323178,0.07801712896661536,0.3744822190397537,0.6255177809602464,3.926990816987242,8.017698026646357,31.485426524016976
0.5,34,0.5,5.0,1.0,3.5604716740684323,6.408849013323178,0.07801712896661536,0.3744822190397537,0.6255177809602464,4.908738521234052,8.017698026646357,39.35678315502122
0.5,34,0.6,5.0,1.0,3.5604716740684323,6.408849013323178,0.07801712896661536,0.3744822190397537,0.6255177809602464,5.890486225480862,8.017698026646357,47.22813978602545
0.5,34,0.7,5.0,1.0,3.5604716740684323,6.408849013323178,0.07801712896661536,0.3744822190397537,0.6255177809602464,6.872233929727671,8.017698026646357,55.09949641702969
0.5,34,0.8,5.0,1.0,3.5604716740684323,6.408849013323178,0.07801712896661536,0.3744822190397537,0.6255177809602464,7.853981633974484,8.017698026646357,62.97085304803395
0.5,34,0.9,5.0,1.0,3.5604716740684323,6.408849013323178,0.07801712896661536,0.3744822190397537,0.6255177809602464,8.835729338221293,8.017698026646357,70.84220967903819
0.5,34,1.0,5.0,1.0,3.5604716740684323,6.408849013323178,0.07801712896661536,0.3744822190397537,0.6255177809602464,9.817477042468104,8.017698026646357,78.71356631004244
0.5,34,1.1,5.0,1.0,3.5604716740684323,6.408849013323178,0.07801712896661536,0.3744822190397537,0.6255177809602464,10.799224746714915,8.017698026646357,86.58492294104668
0.5,34,1.2,5.0,1.0,3.5604716740684323,6.408849013323178,0.07801712896661536,0.3744822190397537,0.6255177809602464,11.780972450961723,8.017698026646357,94.4562795720509
0.5,34,1.3,5.0,1.0,3.5604716740684323,6.408849013323178,0.07801712896661536,0.3744822190397537,0.6255177809602464,12.762720155208536,8.017698026646357,102.32763620305516
0.5,34,1.4,5.0,1.0,3.5604716740684323,6.408849013323178,0.07801712896661536,0.3744822190397537,0.6255177809602464,13.744467859455343,8.017698026646357,110.19899283405938
0.5,34,1.5,5.0,1.0,3.5604716740684323,6.408849013323178,0.07801712896661536,0.3744822190397537,0.6255177809602464,14.726215563702155,8.017698026646357,118.07034946506364
0.5,34,1.6,5.0,1.0,3.5604716740684323,6.408849013323178,0.07801712896661536,0.3744822190397537,0.6255177809602464,15.707963267948967,8.017698026646357,125.9417060960679
0.5,34,1.7,5.0,1.0,3.5604716740684323,6.408849013323178,0.07801712896661536,0.3744822190397537,0.6255177809602464,16.689710972195776,8.017698026646357,133.81306272707212
0.5,34,1.8,5.0,1.0,3.5604716740684323,6.408849013323178,0.07801712896661536,0.3744822190397537,0.6255177809602464,17.671458676442587,8.017698026646357,141.68441935807638
0.5,34,1.9,5.0,1.0,3.5604716740684323,6.408849013323178,0.07801712896661536,0.3744822190397537,0.6255177809602464,18.653206380689394,8.017698026646357,149.5557759890806
0.5,34,2.0,5.0,1.0,3.5604716740684323,6.408849013323178,0.07801712896661536,0.3744822190397537,0.6255177809602464,19.634954084936208,8.017698026646357,157.42713262008488
0.5,35,0.1,5.0,1.0,3.665191429188092,6.5973445725385655,0.07578806813899779,0.36378272706718934,0.6362172729328106,0.9817477042468105,8.39468914507713,8.241466796045092
0.5,35,0.2,5.0,1.0,3.665191429188092,6.5973445725385655,0.07578806813899779,0.36378272706718934,0.6362172729328106,1.963495408493621,8.39468914507713,16.482933592090184
0.5,35,0.3,5.0,1.0,3.665191429188092,6.5973445725385655,0.07578806813899779,0.36378272706718934,0.6362172729328106,2.945243112740431,8.39468914507713,24.724400388135273
0.5,35,0.4,5.0,1.0,3.665191429188092,6.5973445725385655,0.07578806813899779,0.36378272706718934,0.6362172729328106,3.926990816987242,8.39468914507713,32.96586718418037
0.5,35,0.5,5.0,1.0,3.665191429188092,6.5973445725385655,0.07578806813899779,0.36378272706718934,0.6362172729328106,4.908738521234052,8.39468914507713,41.207333980225464
0.5,35,0.6,5.0,1.0,3.665191429188092,6.5973445725385655,0.07578806813899779,0.36378272706718934,0.6362172729328106,5.890486225480862,8.39468914507713,49.448800776270545
0.5,35,0.7,5.0,1.0,3.665191429188092,6.5973445725385655,0.07578806813899779,0.36378272706718934,0.6362172729328106,6.872233929727671,8.39468914507713,57.69026757231563
0.5,35,0.8,5.0,1.0,3.665191429188092,6.5973445725385655,0.07578806813899779,0.36378272706718934,0.6362172729328106,7.853981633974484,8.39468914507713,65.93173436836074
0.5,35,0.9,5.0,1.0,3.665191429188092,6.5973445725385655,0.07578806813899779,0.36378272706718934,0.6362172729328106,8.835729338221293,8.39468914507713,74.17320116440582
0.5,35,1.0,5.0,1.0,3.665191429188092,6.5973445725385655,0.07578806813899779,0.36378272706718934,0.6362172729328106,9.817477042468104,8.39468914507713,82.41466796045093
0.5,35,1.1,5.0,1.0,3.665191429188092,6.5973445725385655,0.07578806813899779,0.36378272706718934,0.6362172729328106,10.799224746714915,8.39468914507713,90.65613475649602
0.5,35,1.2,5.0,1.0,3.665191429188092,6.5973445725385655,0.07578806813899779,0.36378272706718934,0.6362172729328106,11.780972450961723,8.39468914507713,98.89760155254109
0.5,35,1.3,5.0,1.0,3.665191429188092,6.5973445725385655,0.07578806813899779,0.36378272706718934,0.6362172729328106,12.762720155208536,8.39468914507713,107.1390683485862
0.5,35,1.4,5.0,1.0,3.665191429188092,6.5973445725385655,0.07578806813899779,0.36378272706718934,0.6362172729328106,13.744467859455343,8.39468914507713,115.38053514463127
0.5,35,1.5,5.0,1.0,3.665191429188092,6.5973445725385655,0.07578806813899779,0.36378272706718934,0.6362172729328106,14.726215563702155,8.39468914507713,123.62200194067637
0.5,35,1.6,5.0,1.0,3.665191429188092,6.5973445725385655,0.07578806813899779,0.36378272706718934,0.6362172729328106,15.707963267948967,8.39468914507713,131.86346873672147
0.5,35,1.7,5.0,1.0,3.665191429188092,6.5973445725385655,0.07578806813899779,0.36378272706718934,0.6362172729328106,16.689710972195776,8.39468914507713,140.10493553276658
0.5,35,1.8,5.0,1.0,3.665191429188092,6.5973445725385655,0.07578806813899779,0.36378272706718934,0.6362172729328106,17.671458676442587,8.39468914507713,148.34640232881165
0.5,35,1.9,5.0,1.0,3.665191429188092,6.5973445725385655,0.07578806813899779,0.36378272706718934,0.6362172729328106,18.653206380689394,8.39468914507713,156.58786912485672
0.5,35,2.0,5.0,1.0,3.665191429188092,6.5973445725385655,0.07578806813899779,0.36378272706718934,0.6362172729328106,19.634954084936208,8.39468914507713,164.82933592090185
0.6,10,0.1,5.0,1.0,1.0471975511965976,1.8849555921538759,0.2652582384864922,0.4244131815783876,0.5755868184216124,1.1780972450961724,2.169911184307752,2.5563663883363357
0.6,10,0.2,5.0,1.0,1.0471975511965976,1.8849555921538759,0.2652582384864922,0.4244131815783876,0.5755868184216124,2.356194490192345,2.169911184307752,5.112732776672671
0.6,10,0.3,5.0,1.0,1.0471975511965976,1.8849555921538759,0.2652582384864922,0.4244131815783876,0.5755868184216124,3.534291735288517,2.169911184307752,7.669099165009006
0.6,10,0.4,5.0,1.0,1.0471975511965976,1.8849555921538759,0.2652582384864922,0.4244131815783876,0.5755868184216124,4.71238898038469,2.169911184307752,10.225465553345343
0.6,10,0.5,5.0,1.0,1.0471975511965976,1.8849555921538759,0.2652582384864922,0.4244131815783876,0.5755868184216124,5.890486225480862,2.169911184307752,12.781831941681677
0.6,10,0.6,5.0,1.0,1.0471975511965976,1.8849555921538759,0.2652582384864922,0.4244131815783876,0.5755868184216124,7.068583470577034,2.169911184307752,15.338198330018011
0.6,10,0.7,5.0,1.0,1.0471975511965976,1.8849555921538759,0.2652582384864922,0.4244131815783876,0.5755868184216124,8.246680715673206,2.169911184307752,17.894564718354346
0.6,10,0.8,5.0,1.0,1.0471975511965976,1.8849555921538759,0.2652582384864922,0.4244131815783876,0.5755868184216124,9.42477796076938,2.169911184307752,20.450931106690685
0.6,10,0.9,5.0,1.0,1.0471975511965976,1.8849555921538759,0.2652582384864922,0.4244131815783876,0.5755868184216124,10.602875205865551,2.169911184307752,23.007297495027018
0.6,10,1.0,5.0,1.0,1.0471975511965976,1.8849555921538759,0.2652582384864922,0.4244131815783876,0.5755868184216124,11.780972450961723,2.169911184307752,25.563663883363354
0.6,10,1.1,5.0,1.0,1.0471975511965976,1.8849555921538759,0.2652582384864922,0.4244131815783876,0.5755868184216124,12.959069696057897,2.169911184307752,28.120030271699694
0.6,10,1.2,5.0,1.0,1.0471975511965976,1.8849555921538759,0.2652582384864922,0.4244131815783876,0.5755868184216124,14.137166941154067,2.169911184307752,30.676396660036023
0.6,10,1.3,5.0,1.0,1.0471975511965976,1.8849555921538759,0.2652582384864922,0.4244131815783876,0.5755868184216124,15.315264186250241,2.169911184307752,33.23276304837236
0.6,10,1.4,5.0,1.0,1.0471975511965976,1.8849555921538759,0.2652582384864922,0.4244131815783876,0.5755868184216124,16.49336143134641,2.169911184307752,35.78912943670869
0.6,10,1.5,5.0,1.0,1.0471975511965976,1.8849555921538759,0.2652582384864922,0.4244131815783876,0.5755868184216124,17.671458676442587,2.169911184307752,38.345495825045035
0.6,10,1.6,5.0,1.0,1.0471975511965976,1.8849555921538759,0.2652582384864922,0.4244131815783876,0.5755868184216124,18.84955592153876,2.169911184307752,40.90186221338137
0.6,10,1.7,5.0,1.0,1.0471975511965976,1.8849555921538759,0.2652582384864922,0.4244131815783876,0.5755868184216124,20.02765316663493,2.169911184307752,43.45822860171771
0.6,10,1.8,5.0,1.0,1.0471975511965976,1.8849555921538759,0.2652582384864922,0.4244131815783876,0.5755868184216124,21.205750411731103,2.169911184307752,46.014594990054036
0.6,10,1.9,5.0,1.0,1.0471975511965976,1.8849555921538759,0.2652582384864922,0.4244131815783876,0.5755868184216124,22.383847656827275,2.169911184307752,48.57096137839037
0.6,10,2.0,5.0,1.0,1.0471975511965976,1.8849555921538759,0.2652582384864922,0.4244131815783876,0.5755868184216124,23.561944901923447,2.169911184307752,51.12732776672671
0.6,11,0.1,5.0,1.0,1.1519173063162573,2.0734511513692633,0.24114385316953843,0.38583016507126144,0.6141698349287386,1.1780972450961724,2.5469023027385265,3.0004985863853557
0.6,11,0.2,5.0,1.0,1.1519173063162573,2.0734511513692633,0.24114385316953843,0.38583016507126144,0.6141698349287386,2.356194490192345,2.5469023027385265,6.000997172770711
0.6,11,0.3,5.0,1.0,1.1519173063162573,2.0734511513692633,0.24114385316953843,0.38583016507126144,0.6141698349287386,3.534291735288517,2.5469023027385265,9.001495759156066
0.6,11,0.4,5.0,1.0,1.1519173063162573,2.0734511513692633,0.24114385316953843,0.38583016507126144,0.6141698349287386,4.71238898038469,2.5469023027385265,12.001994345541423
0.6,11,0.5,5.0,1.0,1.1519173063162573,2.0734511513692633,0.24114385316953843,0.38583016507126144,0.6141698349287386,5.890486225480862,2.5469023027385265,15.002492931926778
0.6,11,0.6,5.0,1.0,1.1519173063162573,2.0734511513692633,0.24114385316953843,0.38583016507126144,0.6141698349287386,7.068583470577034,2.5469023027385265,18.002991518312133
0.6,11,0.7,5.0,1.0,1.1519173063162573,2.0734511513692633,0.24114385316953843,0.38583016507126144,0.6141698349287386,8.246680715673206,2.5469023027385265,21.003490104697487
0.6,11,0.8,5.0,1.0,1.1519173063162573,2.0734511513692633,0.24114385316953843,0.38583016507126144,0.6141698349287386,9.42477796076938,2.5469023027385265,24.003988691082846
0.6,11,0.9,5.0,1.0,1.1519173063162573,2.0734511513692633,0.24114385316953843,0.38583016507126144,0.6141698349287386,10.602875205865551,2.5469023027385265,27.0044872774682
0.6,11,1.0,5.0,1.0,1.1519173063162573,2.0734511513692633,0.24114385316953843,0.38583016507126144,0.6141698349287386,11.780972450961723,2.5469023027385265,30.004985863853555
0.6,11,1.1,5.0,1.0,1.1519173063162573,2.0734511513692633,0.24114385316953843,0.38583016507126144,0.6141698349287386,12.959069696057897,2.5469023027385265,33.00548445023892
0.6,11,1.2,5.0,1.0,1.1519173063162573,2.0734511513692633,0.24114385316953843,0.38583016507126144,0.6141698349287386,14.137166941154067,2.5469023027385265,36.005983036624265
0.6,11,1.3,5.0,1.0,1.1519173063162573,2.0734511513692633,0.24114385316953843,0.38583016507126144,0.6141698349287386,15.315264186250241,2.5469023027385265,39.00648162300963
0.6,11,1.4,5.0,1.0,1.1519173063162573,2.0734511513692633,0.24114385316953843,0.38583016507126144,0.6141698349287386,16.49336143134641,2.5469023027385265,42.006980209394975
0.6,11,1.5,5.0,1.0,1.1519173063162573,2.0734511513692633,0.24114385316953843,0.38583016507126144,0.6141698349287386,17.671458676442587,2.5469023027385265,45.00747879578034
0.6,11,1.6,5.0,1.0,1.1519173063162573,2.0734511513692633,0.24114385316953843,0.38583016507126144,0.6141698349287386,18.84955592153876,2.5469023027385265,48.00797738216569
0.6,11,1.7,5.0,1.0,1.1519173063162573,2.0734511513692633,0.24114385316953843,0.38583016507126144,0.6141698349287386,20.02765316663493,2.5469023027385265,51.008475968551046
0.6,11,1.8,5.0,1.0,1.1519173063162573,2.0734511513692633,0.24114385316953843,0.38583016507126144,0.6141698349287386,21.205750411731103,2.5469023027385265,54.0089745549364
0.6,11,1.9,5.0,1.0,1.1519173063162573,2.0734511513692633,0.24114385316953843,0.38583016507126144,0.6141698349287386,22.383847656827275,2.5469023027385265,57.009473141321756
0.6,11,2.0,5.0,1.0,1.1519173063162573,2.0734511513692633,0.24114385316953843,0.38583016507126144,0.6141698349287386,23.561944901923447,2.5469023027385265,60.00997172770711
0.6,12,0.1,5.0,1.0,1.2566370614359172,2.261946710584651,0.22104853207207686,0.35367765131532297,0.646322348684677,1.1780972450961724,2.9238934211693017,3.444630784434377
0.6,12,0.2,5.0,1.0,1.2566370614359172,2.261946710584651,0.22104853207207686,0.35367765131532297,0.646322348684677,2.356194490192345,2.9238934211693017,6.889261568868754
0.6,12,0.3,5.0,1.0,1.2566370614359172,2.261946710584651,0.22104853207207686,0.35367765131532297,0.646322348684677,3.534291735288517,2.9238934211693017,10.33389235330313
0.6,12,0.4,5.0,1.0,1.2566370614359172,2.261946710584651,0.22104853207207686,0.35367765131532297,0.646322348684677,4.71238898038469,2.9238934211693017,13.778523137737508
0.6,12,0.5,5.0,1.0,1.2566370614359172,2.261946710584651,0.22104853207207686,0.35367765131532297,0.646322348684677,5.890486225480862,2.9238934211693017,17.223153922171882
0.6,12,0.6,5.0,1.0,1.2566370614359172,2.261946710584651,0.22104853207207686,0.35367765131532297,0.646322348684677,7.068583470577034,2.9238934211693017,20.66778470660626
0.6,12,0.7,5.0,1.0,1.2566370614359172,2.261946710584651,0.22104853207207686,0.35367765131532297,0.646322348684677,8.246680715673206,2.9238934211693017,24.112415491040636
0.6,12,0.8,5.0,1.0,1.2566370614359172,2.261946710584651,0.22104853207207686,0.35367765131532297,0.646322348684677,9.42477796076938,2.9238934211693017,27.557046275475017
0.6,12,0.9,5.0,1.0,1.2566370614359172,2.261946710584651,0.22104853207207686,0.35367765131532297,0.646322348684677,10.602875205865551,2.9238934211693017,31.00167705990939
0.6,12,1.0,5.0,1.0,1.2566370614359172,2.261946710584651,0.22104853207207686,0.35367765131532297,0.646322348684677,11.780972450961723,2.9238934211693017,34.446307844343764
0.6,12,1.1,5.0,1.0,1.2566370614359172,2.261946710584651,0.22104853207207686,0.35367765131532297,0.646322348684677,12.959069696057897,2.9238934211693017,37.890938628778144
0.6,12,1.2,5.0,1.0,1.2566370614359172,2.261946710584651,0.22104853207207686,0.35367765131532297,0.646322348684677,14.137166941154067,2.9238934211693017,41.33556941321252
0.6,12,1.3,5.0,1.0,1.2566370614359172,2.261946710584651,0.22104853207207686,0.35367765131532297,0.646322348684677,15.315264186250241,2.9238934211693017,44.7802001976469
0.6,12,1.4,5.0,1.0,1.2566370614359172,2.261946710584651,0.22104853207207686,0.35367765131532297,0.646322348684677,16.49336143134641,2.9238934211693017,48.22483098208127
0.6,12,1.5,5.0,1.0,1.2566370614359172,2.261946710584651,0.22104853207207686,0.35367765131532297,0.646322348684677,17.671458676442587,2.9238934211693017,51.66946176651565
0.6,12,1.6,5.0,1.0,1.2566370614359172,2.261946710584651,0.22104853207207686,0.35367765131532297,0.646322348684677,18.84955592153876,2.9238934211693017,55.11409255095003
0.6,12,1.7,5.0,1.0,1.2566370614359172,2.261946710584651,0.22104853207207686,0.35367765131532297,0.646322348684677,20.02765316663493,2.9238934211693017,58.55872333538441
0.6,12,1.8,5.0,1.0,1.2566370614359172,2.261946710584651,0.22104853207207686,0.35367765131532297,0.646322348684677,21.205750411731103,2.9238934211693017,62.00335411981878
0.6,12,1.9,5.0,1.0,1.2566370614359172,2.261946710584651,0.22104853207207686,0.35367765131532297,0.646322348684677,22.383847656827275,2.9238934211693017,65.44798490425316
0.6,12,2.0,5.0,1.0,1.2566370614359172,2.261946710584651,0.22104853207207686,0.35367765131532297,0.646322348684677,23.561944901923447,2.9238934211693017,68.89261568868753
0.6,13,0.1,5.0,1.0,1.3613568165555772,2.450442269800039,0.20404479883576324,0.32647167813722117,0.6735283218627788,1.1780972450961724,3.3008845396000774,3.8887629824833985
0.6,13,0.2,5.0,1.0,1.3613568165555772,2.450442269800039,0.20404479883576324,0.32647167813722117,0.6735283218627788,2.356194490192345,3.3008845396000774,7.777525964966797
0.6,13,0.3,5.0,1.0,1.3613568165555772,2.450442269800039,0.20404479883576324,0.32647167813722117,0.6735283218627788,3.534291735288517,3.3008845396000774,11.666288947450195
0.6,13,0.4,5.0,1.0,1.3613568165555772,2.450442269800039,0.20404479883576324,0.32647167813722117,0.6735283218627788,4.71238898038469,3.3008845396000774,15.555051929933594
0.6,13,0.5,5.0,1.0,1.3613568165555772,2.450442269800039,0.20404479883576324,0.32647167813722117,0.6735283218627788,5.890486225480862,3.3008845396000774,19.443814912416993
0.6,13,0.6,5.0,1.0,1.3613568165555772,2.450442269800039,0.20404479883576324,0.32647167813722117,0.6735283218627788,7.068583470577034,3.3008845396000774,23.33257789490039
0.6,13,0.7,5.0,1.0,1.3613568165555772,2.450442269800039,0.20404479883576324,0.32647167813722117,0.6735283218627788,8.246680715673206,3.3008845396000774,27.221340877383785
0.6,13,0.8,5.0,1.0,1.3613568165555772,2.450442269800039,0.20404479883576324,0.32647167813722117,0.6735283218627788,9.42477796076938,3.3008845396000774,31.110103859867188
0.6,13,0.9,5.0,1.0,1.3613568165555772,2.450442269800039,0.20404479883576324,0.32647167813722117,0.6735283218627788,10.602875205865551,3.3008845396000774,34.99886684235059
0.6,13,1.0,5.0,1.0,1.3613568165555772,2.450442269800039,0.20404479883576324,0.32647167813722117,0.6735283218627788,11.780972450961723,3.3008845396000774,38.887629824833986
0.6,13,1.1,5.0,1.0,1.3613568165555772,2.450442269800039,0.20404479883576324,0.32647167813722117,0.6735283218627788,12.959069696057897,3.3008845396000774,42.776392807317386
0.6,13,1.2,5.0,1.0,1.3613568165555772,2.450442269800039,0.20404479883576324,0.32647167813722117,0.6735283218627788,14.137166941154067,3.3008845396000774,46.66515578980078
0.6,13,1.3,5.0,1.0,1.3613568165555772,2.450442269800039,0.20404479883576324,0.32647167813722117,0.6735283218627788,15.315264186250241,3.3008845396000774,50.553918772284185
0.6,13,1.4,5.0,1.0,1.3613568165555772,2.450442269800039,0.20404479883576324,0.32647167813722117,0.6735283218627788,16.49336143134641,3.3008845396000774,54.44268175476757
0.6,13,1.5,5.0,1.0,1.3613568165555772,2.450442269800039,0.20404479883576324,0.32647167813722117,0.6735283218627788,17.671458676442587,3.3008845396000774,58.33144473725098
0.6,13,1.6,5.0,1.0,1.3613568165555772,2.450442269800039,0.20404479883576324,0.32647167813722117,0.6735283218627788,18.84955592153876,3.3008845396000774,62.220207719734375
0.6,13,1.7,5.0,1.0,1.3613568165555772,2.450442269800039,0.20404479883576324,0.32647167813722117,0.6735283218627788,20.02765316663493,3.3008845396000774,66.10897070221777
0.6,13,1.8,5.0,1.0,1.3613568165555772,2.450442269800039,0.20404479883576324,0.32647167813722117,0.6735283218627788,21.205750411731103,3.3008845396000774,69.99773368470117
0.6,13,1.9,5.0,1.0,1.3613568165555772,2.450442269800039,0.20404479883576324,0.32647167813722117,0.6735283218627788,22.383847656827275,3.3008845396000774,73.88649666718457
0.6,13,2.0,5.0,1.0,1.3613568165555772,2.450442269800039,0.20404479883576324,0.32647167813722117,0.6735283218627788,23.561944901923447,3.3008845396000774,77.77525964966797
0.6,14,0.1,5.0,1.0,1.4660765716752369,2.6389378290154264,0.18947017034749444,0.3031522725559911,0.6968477274440089,1.1780972450961724,3.6778756580308527,4.33289518053242
0.6,14,0.2,5.0,1.0,1.4660765716752369,2.6389378290154264,0.18947017034749444,0.3031522725559911,0.6968477274440089,2.356194490192345,3.6778756580308527,8.66579036106484
0.6,14,0.3,5.0,1.0,1.4660765716752369,2.6389378290154264,0.18947017034749444,0.3031522725559911,0.6968477274440089,3.534291735288517,3.6778756580308527,12.998685541597258
0.6,14,0.4,5.0,1.0,1.4660765716752369,2.6389378290154264,0.18947017034749444,0.3031522725559911,0.6968477274440089,4.71238898038469,3.6778756580308527,17.33158072212968
0.6,14,0.5,5.0,1.0,1.4660765716752369,2.6389378290154264,0.18947017034749444,0.3031522725559911,0.6968477274440089,5.890486225480862,3.6778756580308527,21.664475902662097
0.6,14,0.6,5.0,1.0,1.4660765716752369,2.6389378290154264,0.18947017034749444,0.3031522725559911,0.6968477274440089,7.068583470577034,3.6778756580308527,25.997371083194516
0.6,14,0.7,5.0,1.0,1.4660765716752369,2.6389378290154264,0.18947017034749444,0.3031522725559911,0.6968477274440089,8.246680715673206,3.6778756580308527,30.330266263726934
0.6,14,0.8,5.0,1.0,1.4660765716752369,2.6389378290154264,0.18947017034749444,0.3031522725559911,0.6968477274440089,9.42477796076938,3.6778756580308527,34.66316144425936
0.6,14,0.9,5.0,1.0,1.4660765716752369,2.6389378290154264,0.18947017034749444,0.3031522725559911,0.6968477274440089,10.602875205865551,3.6778756580308527,38.99605662479178
0.6,14,1.0,5.0,1.0,1.4660765716752369,2.6389378290154264,0.18947017034749444,0.3031522725559911,0.6968477274440089,11.780972450961723,3.6778756580308527,43.328951805324195
0.6,14,1.1,5.0,1.0,1.4660765716752369,2.6389378290154264,0.18947017034749444,0.3031522725559911,0.6968477274440089,12.959069696057897,3.6778756580308527,47.66184698585662
0.6,14,1.2,5.0,1.0,1.4660765716752369,2.6389378290154264,0.18947017034749444,0.3031522725559911,0.6968477274440089,14.137166941154067,3.6778756580308527,51.99474216638903
0.6,14,1.3,5.0,1.0,1.4660765716752369,2.6389378290154264,0.18947017034749444,0.3031522725559911,0.6968477274440089,15.315264186250241,3.6778756580308527,56.327637346921456
0.6,14,1.4,5.0,1.0,1.4660765716752369,2.6389378290154264,0.18947017034749444,0.3031522725559911,0.6968477274440089,16.49336143134641,3.6778756580308527,60.66053252745387
0.6,14,1.5,5.0,1.0,1.4660765716752369,2.6389378290154264,0.18947017034749444,0.3031522725559911,0.6968477274440089,17.671458676442587,3.6778756580308527,64.9934277079863
0.6,14,1.6,5.0,1.0,1.4660765716752369,2.6389378290154264,0.18947017034749444,0.3031522725559911,0.6968477274440089,18.84955592153876,3.6778756580308527,69.32632288851872
0.6,14,1.7,5.0,1.0,1.4660765716752369,2.6389378290154264,0.18947017034749444,0.3031522725559911,0.6968477274440089,20.02765316663493,3.6778756580308527,73.65921806905114
0.6,14,1.8,5.0,1.0,1.4660765716752369,2.6389378290154264,0.18947017034749444,0.3031522725559911,0.6968477274440089,21.205750411731103,3.6778756580308527,77.99211324958355
0.6,14,1.9,5.0,1.0,1.4660765716752369,2.6389378290154264,0.18947017034749444,0.3031522725559911,0.6968477274440089,22.383847656827275,3.6778756580308527,82.32500843011597
0.6,14,2.0,5.0,1.0,1.4660765716752369,2.6389378290154264,0.18947017034749444,0.3031522725559911,0.6968477274440089,23.561944901923447,3.6778756580308527,86.65790361064839
0.6,15,0.1,5.0,1.0,1.5707963267948963,2.8274333882308134,0.1768388256576615,0.2829421210522584,0.7170578789477415,1.1780972450961724,4.054866776461627,4.77702737858144
0.6,15,0.2,5.0,1.0,1.5707963267948963,2.8274333882308134,0.1768388256576615,0.2829421210522584,0.7170578789477415,2.356194490192345,4.054866776461627,9.55405475716288
0.6,15,0.3,5.0,1.0,1.5707963267948963,2.8274333882308134,0.1768388256576615,0.2829421210522584,0.7170578789477415,3.534291735288517,4.054866776461627,14.33108213574432
0.6,15,0.4,5.0,1.0,1.5707963267948963,2.8274333882308134,0.1768388256576615,0.2829421210522584,0.7170578789477415,4.71238898038469,4.054866776461627,19.10810951432576
0.6,15,0.5,5.0,1.0,1.5707963267948963,2.8274333882308134,0.1768388256576615,0.2829421210522584,0.7170578789477415,5.890486225480862,4.054866776461627,23.885136892907198
0.6,15,0.6,5.0,1.0,1.5707963267948963,2.8274333882308134,0.1768388256576615,0.2829421210522584,0.7170578789477415,7.068583470577034,4.054866776461627,28.66216427148864
0.6,15,0.7,5.0,1.0,1.5707963267948963,2.8274333882308134,0.1768388256576615,0.2829421210522584,0.7170578789477415,8.246680715673206,4.054866776461627,33.43919165007007
0.6,15,0.8,5.0,1.0,1.5707963267948963,2.8274333882308134,0.1768388256576615,0.2829421210522584,0.7170578789477415,9.42477796076938,4.054866776461627,38.21621902865152
0.6,15,0.9,5.0,1.0,1.5707963267948963,2.8274333882308134,0.1768388256576615,0.2829421210522584,0.7170578789477415,10.602875205865551,4.054866776461627,42.99324640723296
0.6,15,1.0,5.0,1.0,1.5707963267948963,2.8274333882308134,0.1768388256576615,0.2829421210522584,0.7170578789477415,11.780972450961723,4.054866776461627,47.770273785814396
0.6,15,1.1,5.0,1.0,1.5707963267948963,2.8274333882308134,0.1768388256576615,0.2829421210522584,0.7170578789477415,12.959069696057897,4.054866776461627,52.54730116439584
0.6,15,1.2,5.0,1.0,1.5707963267948963,2.8274333882308134,0.1768388256576615,0.2829421210522584,0.7170578789477415,14.137166941154067,4.054866776461627,57.32432854297728
0.6,15,1.3,5.0,1.0,1.5707963267948963,2.8274333882308134,0.1768388256576615,0.2829421210522584,0.7170578789477415,15.315264186250241,4.054866776461627,62.10135592155872
0.6,15,1.4,5.0,1.0,1.5707963267948963,2.8274333882308134,0.1768388256576615,0.2829421210522584,0.7170578789477415,16.49336143134641,4.054866776461627,66.87838330014014
0.6,15,1.5,5.0,1.0,1.5707963267948963,2.8274333882308134,0.1768388256576615,0.2829421210522584,0.7170578789477415,17.671458676442587,4.054866776461627,71.65541067872161
0.6,15,1.6,5.0,1.0,1.5707963267948963,2.8274333882308134,0.1768388256576615,0.2829421210522584,0.7170578789477415,18.84955592153876,4.054866776461627,76.43243805730305
0.6,15,1.7,5.0,1.0,1.5707963267948963,2.8274333882308134,0.1768388256576615,0.2829421210522584,0.7170578789477415,20.02765316663493,4.054866776461627,81.20946543588448
0.6,15,1.8,5.0,1.0,1.5707963267948963,2.8274333882308134,0.1768388256576615,0.2829421210522584,0.7170578789477415,21.205750411731103,4.054866776461627,85.98649281446592
0.6,15,1.9,5.0,1.0,1.5707963267948963,2.8274333882308134,0.1768388256576615,0.2829421210522584,0.7170578789477415,22.383847656827275,4.054866776461627,90.76352019304736
0.6,15,2.0,5.0,1.0,1.5707963267948963,2.8274333882308134,0.1768388256576615,0.2829421210522584,0.7170578789477415,23.561944901923447,4.054866776461627,95.54054757162879
0.6,16,0.1,5.0,1.0,1.6755160819145563,3.015928947446201,0.16578639905405765,0.5305164769729844,0.46948352302701557,1.1780972450961724,2.831857894892403,3.3362039844765863
0.6,16,0.2,5.0,1.0,1.6755160819145563,3.015928947446201,0.16578639905405765,0.5305164769729844,0.46948352302701557,2.356194490192345,2.831857894892403,6.672407968953173
0.6,16,0.3,5.0,1.0,1.6755160819145563,3.015928947446201,0.16578639905405765,0.5305164769729844,0.46948352302701557,3.534291735288517,2.831857894892403,10.008611953429758
0.6,16,0.4,5.0,1.0,1.6755160819145563,3.015928947446201,0.16578639905405765,0.5305164769729844,0.46948352302701557,4.71238898038469,2.831857894892403,13.344815937906345
0.6,16,0.5,5.0,1.0,1.6755160819145563,3.015928947446201,0.16578639905405765,0.5305164769729844,0.46948352302701557,5.890486225480862,2.831857894892403,16.68101992238293
0.6,16,0.6,5.0,1.0,1.6755160819145563,3.015928947446201,0.16578639905405765,0.5305164769729844,0.46948352302701557,7.068583470577034,2.831857894892403,20.017223906859517
0.6,16,0.7,5.0,1.0,1.6755160819145563,3.015928947446201,0.16578639905405765,0.5305164769729844,0.46948352302701557,8.246680715673206,2.831857894892403,23.3534278913361
0.6,16,0.8,5.0,1.0,1.6755160819145563,3.015928947446201,0.16578639905405765,0.5305164769729844,0.46948352302701557,9.42477796076938,2.831857894892403,26.68963187581269
0.6,16,0.9,5.0,1.0,1.6755160819145563,3.015928947446201,0.16578639905405765,0.5305164769729844,0.46948352302701557,10.602875205865551,2.831857894892403,30.025835860289277
0.6,16,1.0,5.0,1.0,1.6755160819145563,3.015928947446201,0.16578639905405765,0.5305164769729844,0.46948352302701557,11.780972450961723,2.831857894892403,33.36203984476586
0.6,16,1.1,5.0,1.0,1.6755160819145563,3.015928947446201,0.16578639905405765,0.5305164769729844,0.46948352302701557,12.959069696057897,2.831857894892403,36.69824382924245
0.6,16,1.2,5.0,1.0,1.6755160819145563,3.015928947446201,0.16578639905405765,0.5305164769729844,0.46948352302701557,14.137166941154067,2.831857894892403,40.034447813719034
0.6,16,1.3,5.0,1.0,1.6755160819145563,3.015928947446201,0.16578639905405765,0.5305164769729844,0.46948352302701557,15.315264186250241,2.831857894892403,43.370651798195624
0.6,16,1.4,5.0,1.0,1.6755160819145563,3.015928947446201,0.16578639905405765,0.5305164769729844,0.46948352302701557,16.49336143134641,2.831857894892403,46.7068557826722
0.6,16,1.5,5.0,1.0,1.6755160819145563,3.015928947446201,0.16578639905405765,0.5305164769729844,0.46948352302701557,17.671458676442587,2.831857894892403,50.0430597671488
0.6,16,1.6,5.0,1.0,1.6755160819145563,3.015928947446201,0.16578639905405765,0.5305164769729844,0.46948352302701557,18.84955592153876,2.831857894892403,53.37926375162538
0.6,16,1.7,5.0,1.0,1.6755160819145563,3.015928947446201,0.16578639905405765,0.5305164769729844,0.46948352302701557,20.02765316663493,2.831857894892403,56.715467736101964
0.6,16,1.8,5.0,1.0,1.6755160819145563,3.015928947446201,0.16578639905405765,0.5305164769729844,0.46948352302701557,21.205750411731103,2.831857894892403,60.051671720578554
0.6,16,1.9,5.0,1.0,1.6755160819145563,3.015928947446201,0.16578639905405765,0.5305164769729844,0.46948352302701557,22.383847656827275,2.831857894892403,63.38787570505514
0.6,16,2.0,5.0,1.0,1.6755160819145563,3.015928947446201,0.16578639905405765,0.5305164769729844,0.46948352302701557,23.561944901923447,2.831857894892403,66.72407968953172
0.6,17,0.1,5.0,1.0,1.7802358370342162,3.204424506661589,0.15603425793323072,0.4993096253863383,0.5006903746136617,1.1780972450961724,3.2088490133231784,3.7803361825256077
0.6,17,0.2,5.0,1.0,1.7802358370342162,3.204424506661589,0.15603425793323072,0.4993096253863383,0.5006903746136617,2.356194490192345,3.2088490133231784,7.560672365051215
0.6,17,0.3,5.0,1.0,1.7802358370342162,3.204424506661589,0.15603425793323072,0.4993096253863383,0.5006903746136617,3.534291735288517,3.2088490133231784,11.341008547576822
0.6,17,0.4,5.0,1.0,1.7802358370342162,3.204424506661589,0.15603425793323072,0.4993096253863383,0.5006903746136617,4.71238898038469,3.2088490133231784,15.12134473010243
0.6,17,0.5,5.0,1.0,1.7802358370342162,3.204424506661589,0.15603425793323072,0.4993096253863383,0.5006903746136617,5.890486225480862,3.2088490133231784,18.901680912628038
0.6,17,0.6,5.0,1.0,1.7802358370342162,3.204424506661589,0.15603425793323072,0.4993096253863383,0.5006903746136617,7.068583470577034,3.2088490133231784,22.682017095153643
0.6,17,0.7,5.0,1.0,1.7802358370342162,3.204424506661589,0.15603425793323072,0.4993096253863383,0.5006903746136617,8.246680715673206,3.2088490133231784,26.46235327767925
0.6,17,0.8,5.0,1.0,1.7802358370342162,3.204424506661589,0.15603425793323072,0.4993096253863383,0.5006903746136617,9.42477796076938,3.2088490133231784,30.24268946020486
0.6,17,0.9,5.0,1.0,1.7802358370342162,3.204424506661589,0.15603425793323072,0.4993096253863383,0.5006903746136617,10.602875205865551,3.2088490133231784,34.02302564273047
0.6,17,1.0,5.0,1.0,1.7802358370342162,3.204424506661589,0.15603425793323072,0.4993096253863383,0.5006903746136617,11.780972450961723,3.2088490133231784,37.803361825256076
0.6,17,1.1,5.0,1.0,1.7802358370342162,3.204424506661589,0.15603425793323072,0.4993096253863383,0.5006903746136617,12.959069696057897,3.2088490133231784,41.583698007781685
0.6,17,1.2,5.0,1.0,1.7802358370342162,3.204424506661589,0.15603425793323072,0.4993096253863383,0.5006903746136617,14.137166941154067,3.2088490133231784,45.36403419030729
0.6,17,1.3,5.0,1.0,1.7802358370342162,3.204424506661589,0.15603425793323072,0.4993096253863383,0.5006903746136617,15.315264186250241,3.2088490133231784,49.144370372832896
0.6,17,1.4,5.0,1.0,1.7802358370342162,3.204424506661589,0.15603425793323072,0.4993096253863383,0.5006903746136617,16.49336143134641,3.2088490133231784,52.9247065553585
0.6,17,1.5,5.0,1.0,1.7802358370342162,3.204424506661589,0.15603425793323072,0.4993096253863383,0.5006903746136617,17.671458676442587,3.2088490133231784,56.70504273788411
0.6,17,1.6,5.0,1.0,1.7802358370342162,3.204424506661589,0.15603425793323072,0.4993096253863383,0.5006903746136617,18.84955592153876,3.2088490133231784,60.48537892040972
0.6,17,1.7,5.0,1.0,1.7802358370342162,3.204424506661589,0.15603425793323072,0.4993096253863383,0.5006903746136617,20.02765316663493,3.2088490133231784,64.26571510293533
0.6,17,1.8,5.0,1.0,1.7802358370342162,3.204424506661589,0.15603425793323072,0.4993096253863383,0.5006903746136617,21.205750411731103,3.2088490133231784,68.04605128546093
0.6,17,1.9,5.0,1.0,1.7802358370342162,3.204424506661589,0.15603425793323072,0.4993096253863383,0.5006903746136617,22.383847656827275,3.2088490133231784,71.82638746798654
0.6,17,2.0,5.0,1.0,1.7802358370342162,3.204424506661589,0.15603425793323072,0.4993096253863383,0.5006903746136617,23.561944901923447,3.2088490133231784,75.60672365051215
0.6,18,0.1,5.0,1.0,1.8849555921538759,3.3929200658769765,0.14736568804805125,0.47157020175376396,0.528429798246236,1.1780972450961724,3.5858401317539528,4.224468380574628
0.6,18,0.2,5.0,1.0,1.8849555921538759,3.3929200658769765,0.14736568804805125,0.47157020175376396,0.528429798246236,2.356194490192345,3.5858401317539528,8.448936761149255
0.6,18,0.3,5.0,1.0,1.8849555921538759,3.3929200658769765,0.14736568804805125,0.47157020175376396,0.528429798246236,3.534291735288517,3.5858401317539528,12.673405141723881
0.6,18,0.4,5.0,1.0,1.8849555921538759,3.3929200658769765,0.14736568804805125,0.47157020175376396,0.528429798246236,4.71238898038469,3.5858401317539528,16.89787352229851
0.6,18,0.5,5.0,1.0,1.8849555921538759,3.3929200658769765,0.14736568804805125,0.47157020175376396,0.528429798246236,5.890486225480862,3.5858401317539528,21.12234190287314
0.6,18,0.6,5.0,1.0,1.8849555921538759,3.3929200658769765,0.14736568804805125,0.47157020175376396,0.528429798246236,7.068583470577034,3.5858401317539528,25.346810283447763
0.6,18,0.7,5.0,1.0,1.8849555921538759,3.3929200658769765,0.14736568804805125,0.47157020175376396,0.528429798246236,8.246680715673206,3.5858401317539528,29.57127866402239
0.6,18,0.8,5.0,1.0,1.8849555921538759,3.3929200658769765,0.14736568804805125,0.47157020175376396,0.528429798246236,9.42477796076938,3.5858401317539528,33.79574704459702
0.6,18,0.9,5.0,1.0,1.8849555921538759,3.3929200658769765,0.14736568804805125,0.47157020175376396,0.528429798246236,10.602875205865551,3.5858401317539528,38.02021542517165
0.6,18,1.0,5.0,1.0,1.8849555921538759,3.3929200658769765,0.14736568804805125,0.47157020175376396,0.528429798246236,11.780972450961723,3.5858401317539528,42.24468380574628
0.6,18,1.1,5.0,1.0,1.8849555921538759,3.3929200658769765,0.14736568804805125,0.47157020175376396,0.528429798246236,12.959069696057897,3.5858401317539528,46.469152186320905
0.6,18,1.2,5.0,1.0,1.8849555921538759,3.3929200658769765,0.14736568804805125,0.47157020175376396,0.528429798246236,14.137166941154067,3.5858401317539528,50.693620566895525
0.6,18,1.3,5.0,1.0,1.8849555921538759,3.3929200658769765,0.14736568804805125,0.47157020175376396,0.528429798246236,15.315264186250241,3.5858401317539528,54.91808894747016
0.6,18,1.4,5.0,1.0,1.8849555921538759,3.3929200658769765,0.14736568804805125,0.47157020175376396,0.528429798246236,16.49336143134641,3.5858401317539528,59.14255732804478
0.6,18,1.5,5.0,1.0,1.8849555921538759,3.3929200658769765,0.14736568804805125,0.47157020175376396,0.528429798246236,17.671458676442587,3.5858401317539528,63.367025708619416
0.6,18,1.6,5.0,1.0,1.8849555921538759,3.3929200658769765,0.14736568804805125,0.47157020175376396,0.528429798246236,18.84955592153876,3.5858401317539528,67.59149408919404
0.6,18,1.7,5.0,1.0,1.8849555921538759,3.3929200658769765,0.14736568804805125,0.47157020175376396,0.528429798246236,20.02765316663493,3.5858401317539528,71.81596246976866
0.6,18,1.8,5.0,1.0,1.8849555921538759,3.3929200658769765,0.14736568804805125,0.47157020175376396,0.528429798246236,21.205750411731103,3.5858401317539528,76.0404308503433
0.6,18,1.9,5.0,1.0,1.8849555921538759,3.3929200658769765,0.14736568804805125,0.47157020175376396,0.528429798246236,22.383847656827275,3.5858401317539528,80.26489923091792
0.6,18,2.0,5.0,1.0,1.8849555921538759,3.3929200658769765,0.14736568804805125,0.47157020175376396,0.528429798246236,23.561944901923447,3.5858401317539528,84.48936761149255
0.6,19,0.1,5.0,1.0,1.9896753472735356,3.581415625092364,0.13960959920341698,0.4467507174509343,0.5532492825490657,1.1780972450961724,3.962831250184728,4.668600578623649
0.6,19,0.2,5.0,1.0,1.9896753472735356,3.581415625092364,0.13960959920341698,0.4467507174509343,0.5532492825490657,2.356194490192345,3.962831250184728,9.337201157247298
0.6,19,0.3,5.0,1.0,1.9896753472735356,3.581415625092364,0.13960959920341698,0.4467507174509343,0.5532492825490657,3.534291735288517,3.962831250184728,14.005801735870945
0.6,19,0.4,5.0,1.0,1.9896753472735356,3.581415625092364,0.13960959920341698,0.4467507174509343,0.5532492825490657,4.71238898038469,3.962831250184728,18.674402314494596
0.6,19,0.5,5.0,1.0,1.9896753472735356,3.581415625092364,0.13960959920341698,0.4467507174509343,0.5532492825490657,5.890486225480862,3.962831250184728,23.343002893118243
0.6,19,0.6,5.0,1.0,1.9896753472735356,3.581415625092364,0.13960959920341698,0.4467507174509343,0.5532492825490657,7.068583470577034,3.962831250184728,28.01160347174189
0.6,19,0.7,5.0,1.0,1.9896753472735356,3.581415625092364,0.13960959920341698,0.4467507174509343,0.5532492825490657,8.246680715673206,3.962831250184728,32.68020405036554
0.6,19,0.8,5.0,1.0,1.9896753472735356,3.581415625092364,0.13960959920341698,0.4467507174509343,0.5532492825490657,9.42477796076938,3.962831250184728,37.34880462898919
0.6,19,0.9,5.0,1.0,1.9896753472735356,3.581415625092364,0.13960959920341698,0.4467507174509343,0.5532492825490657,10.602875205865551,3.962831250184728,42.01740520761284
0.6,19,1.0,5.0,1.0,1.9896753472735356,3.581415625092364,0.13960959920341698,0.4467507174509343,0.5532492825490657,11.780972450961723,3.962831250184728,46.686005786236485
0.6,19,1.1,5.0,1.0,1.9896753472735356,3.581415625092364,0.13960959920341698,0.4467507174509343,0.5532492825490657,12.959069696057897,3.962831250184728,51.35460636486014
0.6,19,1.2,5.0,1.0,1.9896753472735356,3.581415625092364,0.13960959920341698,0.4467507174509343,0.5532492825490657,14.137166941154067,3.962831250184728,56.02320694348378
0.6,19,1.3,5.0,1.0,1.9896753472735356,3.581415625092364,0.13960959920341698,0.4467507174509343,0.5532492825490657,15.315264186250241,3.962831250184728,60.69180752210743
0.6,19,1.4,5.0,1.0,1.9896753472735356,3.581415625092364,0.13960959920341698,0.4467507174509343,0.5532492825490657,16.49336143134641,3.962831250184728,65.36040810073108
0.6,19,1.5,5.0,1.0,1.9896753472735356,3.581415625092364,0.13960959920341698,0.4467507174509343,0.5532492825490657,17.671458676442587,3.962831250184728,70.02900867935473
0.6,19,1.6,5.0,1.0,1.9896753472735356,3.581415625092364,0.13960959920341698,0.4467507174509343,0.5532492825490657,18.84955592153876,3.962831250184728,74.69760925797839
0.6,19,1.7,5.0,1.0,1.9896753472735356,3.581415625092364,0.13960959920341698,0.4467507174509343,0.5532492825490657,20.02765316663493,3.962831250184728,79.36620983660202
0.6,19,1.8,5.0,1.0,1.9896753472735356,3.581415625092364,0.13960959920341698,0.4467507174509343,0.5532492825490657,21.205750411731103,3.962831250184728,84.03481041522568
0.6,19,1.9,5.0,1.0,1.9896753472735356,3.581415625092364,0.13960959920341698,0.4467507174509343,0.5532492825490657,22.383847656827275,3.962831250184728,88.70341099384932
0.6,19,2.0,5.0,1.0,1.9896753472735356,3.581415625092364,0.13960959920341698,0.4467507174509343,0.5532492825490657,23.561944901923447,3.962831250184728,93.37201157247297
0.6,20,0.1,5.0,1.0,2.0943951023931953,3.7699111843077517,0.1326291192432461,0.4244131815783876,0.5755868184216124,1.1780972450961724,4.339822368615504,5.112732776672671
0.6,20,0.2,5.0,1.0,2.0943951023931953,3.7699111843077517,0.1326291192432461,0.4244131815783876,0.5755868184216124,2.356194490192345,4.339822368615504,10.225465553345343
0.6,20,0.3,5.0,1.0,2.0943951023931953,3.7699111843077517,0.1326291192432461,0.4244131815783876,0.5755868184216124,3.534291735288517,4.339822368615504,15.338198330018011
0.6,20,0.4,5.0,1.0,2.0943951023931953,3.7699111843077517,0.1326291192432461,0.4244131815783876,0.5755868184216124,4.71238898038469,4.339822368615504,20.450931106690685
0.6,20,0.5,5.0,1.0,2.0943951023931953,3.7699111843077517,0.1326291192432461,0.4244131815783876,0.5755868184216124,5.890486225480862,4.339822368615504,25.563663883363354
0.6,20,0.6,5.0,1.0,2.0943951023931953,3.7699111843077517,0.1326291192432461,0.4244131815783876,0.5755868184216124,7.068583470577034,4.339822368615504,30.676396660036023
0.6,20,0.7,5.0,1.0,2.0943951023931953,3.7699111843077517,0.1326291192432461,0.4244131815783876,0.5755868184216124,8.246680715673206,4.339822368615504,35.78912943670869
0.6,20,0.8,5.0,1.0,2.0943951023931953,3.7699111843077517,0.1326291192432461,0.4244131815783876,0.5755868184216124,9.42477796076938,4.339822368615504,40.90186221338137
0.6,20,0.9,5.0,1.0,2.0943951023931953,3.7699111843077517,0.1326291192432461,0.4244131815783876,0.5755868184216124,10.602875205865551,4.339822368615504,46.014594990054036
0.6,20,1.0,5.0,1.0,2.0943951023931953,3.7699111843077517,0.1326291192432461,0.4244131815783876,0.5755868184216124,11.780972450961723,4.339822368615504,51.12732776672671
0.6,20,1.1,5.0,1.0,2.0943951023931953,3.7699111843077517,0.1326291192432461,0.4244131815783876,0.5755868184216124,12.959069696057897,4.339822368615504,56.24006054339939
0.6,20,1.2,5.0,1.0,2.0943951023931953,3.7699111843077517,0.1326291192432461,0.4244131815783876,0.5755868184216124,14.137166941154067,4.339822368615504,61.352793320072045
0.6,20,1.3,5.0,1.0,2.0943951023931953,3.7699111843077517,0.1326291192432461,0.4244131815783876,0.5755868184216124,15.315264186250241,4.339822368615504,66.46552609674472
0.6,20,1.4,5.0,1.0,2.0943951023931953,3.7699111843077517,0.1326291192432461,0.4244131815783876,0.5755868184216124,16.49336143134641,4.339822368615504,71.57825887341738
0.6,20,1.5,5.0,1.0,2.0943951023931953,3.7699111843077517,0.1326291192432461,0.4244131815783876,0.5755868184216124,17.671458676442587,4.339822368615504,76.69099165009007
0.6,20,1.6,5.0,1.0,2.0943951023931953,3.7699111843077517,0.1326291192432461,0.4244131815783876,0.5755868184216124,18.84955592153876,4.339822368615504,81.80372442676274
0.6,20,1.7,5.0,1.0,2.0943951023931953,3.7699111843077517,0.1326291192432461,0.4244131815783876,0.5755868184216124,20.02765316663493,4.339822368615504,86.91645720343541
0.6,20,1.8,5.0,1.0,2.0943951023931953,3.7699111843077517,0.1326291192432461,0.4244131815783876,0.5755868184216124,21.205750411731103,4.339822368615504,92.02918998010807
0.6,20,1.9,5.0,1.0,2.0943951023931953,3.7699111843077517,0.1326291192432461,0.4244131815783876,0.5755868184216124,22.383847656827275,4.339822368615504,97.14192275678074
0.6,20,2.0,5.0,1.0,2.0943951023931953,3.7699111843077517,0.1326291192432461,0.4244131815783876,0.5755868184216124,23.561944901923447,4.339822368615504,102.25465553345342
0.6,21,0.1,5.0,1.0,2.199114857512855,3.9584067435231396,0.12631344689832963,0.4042030300746548,0.5957969699253451,1.1780972450961724,4.716813487046279,5.556864974721692
0.6,21,0.2,5.0,1.0,2.199114857512855,3.9584067435231396,0.12631344689832963,0.4042030300746548,0.5957969699253451,2.356194490192345,4.716813487046279,11.113729949443384
0.6,21,0.3,5.0,1.0,2.199114857512855,3.9584067435231396,0.12631344689832963,0.4042030300746548,0.5957969699253451,3.534291735288517,4.716813487046279,16.670594924165073
0.6,21,0.4,5.0,1.0,2.199114857512855,3.9584067435231396,0.12631344689832963,0.4042030300746548,0.5957969699253451,4.71238898038469,4.716813487046279,22.227459898886767
0.6,21,0.5,5.0,1.0,2.199114857512855,3.9584067435231396,0.12631344689832963,0.4042030300746548,0.5957969699253451,5.890486225480862,4.716813487046279,27.78432487360846
0.6,21,0.6,5.0,1.0,2.199114857512855,3.9584067435231396,0.12631344689832963,0.4042030300746548,0.5957969699253451,7.068583470577034,4.716813487046279,33.341189848330146
0.6,21,0.7,5.0,1.0,2.199114857512855,3.9584067435231396,0.12631344689832963,0.4042030300746548,0.5957969699253451,8.246680715673206,4.716813487046279,38.89805482305184
0.6,21,0.8,5.0,1.0,2.199114857512855,3.9584067435231396,0.12631344689832963,0.4042030300746548,0.5957969699253451,9.42477796076938,4.716813487046279,44.454919797773535
0.6,21,0.9,5.0,1.0,2.199114857512855,3.9584067435231396,0.12631344689832963,0.4042030300746548,0.5957969699253451,10.602875205865551,4.716813487046279,50.011784772495226
0.6,21,1.0,5.0,1.0,2.199114857512855,3.9584067435231396,0.12631344689832963,0.4042030300746548,0.5957969699253451,11.780972450961723,4.716813487046279,55.56864974721692
0.6,21,1.1,5.0,1.0,2.199114857512855,3.9584067435231396,0.12631344689832963,0.4042030300746548,0.5957969699253451,12.959069696057897,4.716813487046279,61.125514721938615
0.6,21,1.2,5.0,1.0,2.199114857512855,3.9584067435231396,0.12631344689832963,0.4042030300746548,0.5957969699253451,14.137166941154067,4.716813487046279,66.68237969666029
0.6,21,1.3,5.0,1.0,2.199114857512855,3.9584067435231396,0.12631344689832963,0.4042030300746548,0.5957969699253451,15.315264186250241,4.716813487046279,72.239244671382
0.6,21,1.4,5.0,1.0,2.199114857512855,3.9584067435231396,0.12631344689832963,0.4042030300746548,0.5957969699253451,16.49336143134641,4.716813487046279,77.79610964610367
0.6,21,1.5,5.0,1.0,2.199114857512855,3.9584067435231396,0.12631344689832963,0.4042030300746548,0.5957969699253451,17.671458676442587,4.716813487046279,83.35297462082538
0.6,21,1.6,5.0,1.0,2.199114857512855,3.9584067435231396,0.12631344689832963,0.4042030300746548,0.5957969699253451,18.84955592153876,4.716813487046279,88.90983959554707
0.6,21,1.7,5.0,1.0,2.199114857512855,3.9584067435231396,0.12631344689832963,0.4042030300746548,0.5957969699253451,20.02765316663493,4.716813487046279,94.46670457026876
0.6,21,1.8,5.0,1.0,2.199114857512855,3.9584067435231396,0.12631344689832963,0.4042030300746548,0.5957969699253451,21.205750411731103,4.716813487046279,100.02356954499045
0.6,21,1.9,5.0,1.0,2.199114857512855,3.9584067435231396,0.12631344689832963,0.4042030300746548,0.5957969699253451,22.383847656827275,4.716813487046279,105.58043451971214
0.6,21,2.0,5.0,1.0,2.199114857512855,3.9584067435231396,0.12631344689832963,0.4042030300746548,0.5957969699253451,23.561944901923447,4.716813487046279,111.13729949443383
0.6,22,0.1,5.0,1.0,2.3038346126325147,4.146902302738527,0.12057192658476922,0.38583016507126144,0.6141698349287386,1.1780972450961724,5.093804605477053,6.000997172770711
0.6,22,0.2,5.0,1.0,2.3038346126325147,4.146902302738527,0.12057192658476922,0.38583016507126144,0.6141698349287386,2.356194490192345,5.093804605477053,12.001994345541423
0.6,22,0.3,5.0,1.0,2.3038346126325147,4.146902302738527,0.12057192658476922,0.38583016507126144,0.6141698349287386,3.534291735288517,5.093804605477053,18.002991518312133
0.6,22,0.4,5.0,1.0,2.3038346126325147,4.146902302738527,0.12057192658476922,0.38583016507126144,0.6141698349287386,4.71238898038469,5.093804605477053,24.003988691082846
0.6,22,0.5,5.0,1.0,2.3038346126325147,4.146902302738527,0.12057192658476922,0.38583016507126144,0.6141698349287386,5.890486225480862,5.093804605477053,30.004985863853555
0.6,22,0.6,5.0,1.0,2.3038346126325147,4.146902302738527,0.12057192658476922,0.38583016507126144,0.6141698349287386,7.068583470577034,5.093804605477053,36.005983036624265
0.6,22,0.7,5.0,1.0,2.3038346126325147,4.146902302738527,0.12057192658476922,0.38583016507126144,0.6141698349287386,8.246680715673206,5.093804605477053,42.006980209394975
0.6,22,0.8,5.0,1.0,2.3038346126325147,4.146902302738527,0.12057192658476922,0.38583016507126144,0.6141698349287386,9.42477796076938,5.093804605477053,48.00797738216569
0.6,22,0.9,5.0,1.0,2.3038346126325147,4.146902302738527,0.12057192658476922,0.38583016507126144,0.6141698349287386,10.602875205865551,5.093804605477053,54.0089745549364
0.6,22,1.0,5.0,1.0,2.3038346126325147,4.146902302738527,0.12057192658476922,0.38583016507126144,0.6141698349287386,11.780972450961723,5.093804605477053,60.00997172770711
0.6,22,1.1,5.0,1.0,2.3038346126325147,4.146902302738527,0.12057192658476922,0.38583016507126144,0.6141698349287386,12.959069696057897,5.093804605477053,66.01096890047783
0.6,22,1.2,5.0,1.0,2.3038346126325147,4.146902302738527,0.12057192658476922,0.38583016507126144,0.6141698349287386,14.137166941154067,5.093804605477053,72.01196607324853
0.6,22,1.3,5.0,1.0,2.3038346126325147,4.146902302738527,0.12057192658476922,0.38583016507126144,0.6141698349287386,15.315264186250241,5.093804605477053,78.01296324601925
0.6,22,1.4,5.0,1.0,2.3038346126325147,4.146902302738527,0.12057192658476922,0.38583016507126144,0.6141698349287386,16.49336143134641,5.093804605477053,84.01396041878995
0.6,22,1.5,5.0,1.0,2.3038346126325147,4.146902302738527,0.12057192658476922,0.38583016507126144,0.6141698349287386,17.671458676442587,5.093804605477053,90.01495759156067
0.6,22,1.6,5.0,1.0,2.3038346126325147,4.146902302738527,0.12057192658476922,0.38583016507126144,0.6141698349287386,18.84955592153876,5.093804605477053,96.01595476433138
0.6,22,1.7,5.0,1.0,2.3038346126325147,4.146902302738527,0.12057192658476922,0.38583016507126144,0.6141698349287386,20.02765316663493,5.093804605477053,102.01695193710209
0.6,22,1.8,5.0,1.0,2.3038346126325147,4.146902302738527,0.12057192658476922,0.38583016507126144,0.6141698349287386,21.205750411731103,5.093804605477053,108.0179491098728
0.6,22,1.9,5.0,1.0,2.3038346126325147,4.146902302738527,0.12057192658476922,0.38583016507126144,0.6141698349287386,22.383847656827275,5.093804605477053,114.01894628264351
0.6,22,2.0,5.0,1.0,2.3038346126325147,4.146902302738527,0.12057192658476922,0.38583016507126144,0.6141698349287386,23.561944901923447,5.093804605477053,120.01994345541422
0.6,23,0.1,5.0,1.0,2.4085543677521746,4.335397861953914,0.11532966890717056,0.36905494050294574,0.6309450594970543,1.1780972450961724,5.470795723907828,6.445129370819732
0.6,23,0.2,5.0,1.0,2.4085543677521746,4.335397861953914,0.11532966890717056,0.36905494050294574,0.6309450594970543,2.356194490192345,5.470795723907828,12.890258741639464
0.6,23,0.3,5.0,1.0,2.4085543677521746,4.335397861953914,0.11532966890717056,0.36905494050294574,0.6309450594970543,3.534291735288517,5.470795723907828,19.335388112459196
0.6,23,0.4,5.0,1.0,2.4085543677521746,4.335397861953914,0.11532966890717056,0.36905494050294574,0.6309450594970543,4.71238898038469,5.470795723907828,25.780517483278928
0.6,23,0.5,5.0,1.0,2.4085543677521746,4.335397861953914,0.11532966890717056,0.36905494050294574,0.6309450594970543,5.890486225480862,5.470795723907828,32.225646854098656
0.6,23,0.6,5.0,1.0,2.4085543677521746,4.335397861953914,0.11532966890717056,0.36905494050294574,0.6309450594970543,7.068583470577034,5.470795723907828,38.67077622491839
0.6,23,0.7,5.0,1.0,2.4085543677521746,4.335397861953914,0.11532966890717056,0.36905494050294574,0.6309450594970543,8.246680715673206,5.470795723907828,45.11590559573812
0.6,23,0.8,5.0,1.0,2.4085543677521746,4.335397861953914,0.11532966890717056,0.36905494050294574,0.6309450594970543,9.42477796076938,5.470795723907828,51.561034966557855
0.6,23,0.9,5.0,1.0,2.4085543677521746,4.335397861953914,0.11532966890717056,0.36905494050294574,0.6309450594970543,10.602875205865551,5.470795723907828,58.006164337377584
0.6,23,1.0,5.0,1.0,2.4085543677521746,4.335397861953914,0.11532966890717056,0.36905494050294574,0.6309450594970543,11.780972450961723,5.470795723907828,64.45129370819731
0.6,23,1.1,5.0,1.0,2.4085543677521746,4.335397861953914,0.11532966890717056,0.36905494050294574,0.6309450594970543,12.959069696057897,5.470795723907828,70.89642307901705
0.6,23,1.2,5.0,1.0,2.4085543677521746,4.335397861953914,0.11532966890717056,0.36905494050294574,0.6309450594970543,14.137166941154067,5.470795723907828,77.34155244983678
0.6,23,1.3,5.0,1.0,2.4085543677521746,4.335397861953914,0.11532966890717056,0.36905494050294574,0.6309450594970543,15.315264186250241,5.470795723907828,83.78668182065651
0.6,23,1.4,5.0,1.0,2.4085543677521746,4.335397861953914,0.11532966890717056,0.36905494050294574,0.6309450594970543,16.49336143134641,5.470795723907828,90.23181119147624
0.6,23,1.5,5.0,1.0,2.4085543677521746,4.335397861953914,0.11532966890717056,0.36905494050294574,0.6309450594970543,17.671458676442587,5.470795723907828,96.67694056229598
0.6,23,1.6,5.0,1.0,2.4085543677521746,4.335397861953914,0.11532966890717056,0.36905494050294574,0.6309450594970543,18.84955592153876,5.470795723907828,103.12206993311571
0.6,23,1.7,5.0,1.0,2.4085543677521746,4.335397861953914,0.11532966890717056,0.36905494050294574,0.6309450594970543,20.02765316663493,5.470795723907828,109.56719930393544
0.6,23,1.8,5.0,1.0,2.4085543677521746,4.335397861953914,0.11532966890717056,0.36905494050294574,0.6309450594970543,21.205750411731103,5.470795723907828,116.01232867475517
0.6,23,1.9,5.0,1.0,2.4085543677521746,4.335397861953914,0.11532966890717056,0.36905494050294574,0.6309450594970543,22.383847656827275,5.470795723907828,122.45745804557491
0.6,23,2.0,5.0,1.0,2.4085543677521746,4.335397861953914,0.11532966890717056,0.36905494050294574,0.6309450594970543,23.561944901923447,5.470795723907828,128.90258741639462
0.6,24,0.1,5.0,1.0,2.5132741228718345,4.523893421169302,0.11052426603603843,0.35367765131532297,0.646322348684677,1.1780972450961724,5.8477868423386035,6.889261568868754
0.6,24,0.2,5.0,1.0,2.5132741228718345,4.523893421169302,0.11052426603603843,0.35367765131532297,0.646322348684677,2.356194490192345,5.8477868423386035,13.778523137737508
0.6,24,0.3,5.0,1.0,2.5132741228718345,4.523893421169302,0.11052426603603843,0.35367765131532297,0.646322348684677,3.534291735288517,5.8477868423386035,20.66778470660626
0.6,24,0.4,5.0,1.0,2.5132741228718345,4.523893421169302,0.11052426603603843,0.35367765131532297,0.646322348684677,4.71238898038469,5.8477868423386035,27.557046275475017
0.6,24,0.5,5.0,1.0,2.5132741228718345,4.523893421169302,0.11052426603603843,0.35367765131532297,0.646322348684677,5.890486225480862,5.8477868423386035,34.446307844343764
0.6,24,0.6,5.0,1.0,2.5132741228718345,4.523893421169302,0.11052426603603843,0.35367765131532297,0.646322348684677,7.068583470577034,5.8477868423386035,41.33556941321252
0.6,24,0.7,5.0,1.0,2.5132741228718345,4.523893421169302,0.11052426603603843,0.35367765131532297,0.646322348684677,8.246680715673206,5.8477868423386035,48.22483098208127
0.6,24,0.8,5.0,1.0,2.5132741228718345,4.523893421169302,0.11052426603603843,0.35367765131532297,0.646322348684677,9.42477796076938,5.8477868423386035,55.11409255095003
0.6,24,0.9,5.0,1.0,2.5132741228718345,4.523893421169302,0.11052426603603843,0.35367765131532297,0.646322348684677,10.602875205865551,5.8477868423386035,62.00335411981878
0.6,24,1.0,5.0,1.0,2.5132741228718345,4.523893421169302,0.11052426603603843,0.35367765131532297,0.646322348684677,11.780972450961723,5.8477868423386035,68.89261568868753
0.6,24,1.1,5.0,1.0,2.5132741228718345,4.523893421169302,0.11052426603603843,0.35367765131532297,0.646322348684677,12.959069696057897,5.8477868423386035,75.78187725755629
0.6,24,1.2,5.0,1.0,2.5132741228718345,4.523893421169302,0.11052426603603843,0.35367765131532297,0.646322348684677,14.137166941154067,5.8477868423386035,82.67113882642504
0.6,24,1.3,5.0,1.0,2.5132741228718345,4.523893421169302,0.11052426603603843,0.35367765131532297,0.646322348684677,15.315264186250241,5.8477868423386035,89.5604003952938
0.6,24,1.4,5.0,1.0,2.5132741228718345,4.523893421169302,0.11052426603603843,0.35367765131532297,0.646322348684677,16.49336143134641,5.8477868423386035,96.44966196416254
0.6,24,1.5,5.0,1.0,2.5132741228718345,4.523893421169302,0.11052426603603843,0.35367765131532297,0.646322348684677,17.671458676442587,5.8477868423386035,103.3389235330313
0.6,24,1.6,5.0,1.0,2.5132741228718345,4.523893421169302,0.11052426603603843,0.35367765131532297,0.646322348684677,18.84955592153876,5.8477868423386035,110.22818510190007
0.6,24,1.7,5.0,1.0,2.5132741228718345,4.523893421169302,0.11052426603603843,0.35367765131532297,0.646322348684677,20.02765316663493,5.8477868423386035,117.11744667076881
0.6,24,1.8,5.0,1.0,2.5132741228718345,4.523893421169302,0.11052426603603843,0.35367765131532297,0.646322348684677,21.205750411731103,5.8477868423386035,124.00670823963756
0.6,24,1.9,5.0,1.0,2.5132741228718345,4.523893421169302,0.11052426603603843,0.35367765131532297,0.646322348684677,22.383847656827275,5.8477868423386035,130.89596980850632
0.6,24,2.0,5.0,1.0,2.5132741228718345,4.523893421169302,0.11052426603603843,0.35367765131532297,0.646322348684677,23.561944901923447,5.8477868423386035,137.78523137737506
0.6,25,0.1,5.0,1.0,2.6179938779914944,4.71238898038469,0.1061032953945969,0.33953054526271004,0.66046945473729,1.1780972450961724,6.22477796076938,7.3333937669177764
0.6,25,0.2,5.0,1.0,2.6179938779914944,4.71238898038469,0.1061032953945969,0.33953054526271004,0.66046945473729,2.356194490192345,6.22477796076938,14.666787533835553
0.6,25,0.3,5.0,1.0,2.6179938779914944,4.71238898038469,0.1061032953945969,0.33953054526271004,0.66046945473729,3.534291735288517,6.22477796076938,22.000181300753326
0.6,25,0.4,5.0,1.0,2.6179938779914944,4.71238898038469,0.1061032953945969,0.33953054526271004,0.66046945473729,4.71238898038469,6.22477796076938,29.333575067671106
0.6,25,0.5,5.0,1.0,2.6179938779914944,4.71238898038469,0.1061032953945969,0.33953054526271004,0.66046945473729,5.890486225480862,6.22477796076938,36.66696883458888
0.6,25,0.6,5.0,1.0,2.6179938779914944,4.71238898038469,0.1061032953945969,0.33953054526271004,0.66046945473729,7.068583470577034,6.22477796076938,44.00036260150665
0.6,25,0.7,5.0,1.0,2.6179938779914944,4.71238898038469,0.1061032953945969,0.33953054526271004,0.66046945473729,8.246680715673206,6.22477796076938,51.33375636842443
0.6,25,0.8,5.0,1.0,2.6179938779914944,4.71238898038469,0.1061032953945969,0.33953054526271004,0.66046945473729,9.42477796076938,6.22477796076938,58.66715013534221
0.6,25,0.9,5.0,1.0,2.6179938779914944,4.71238898038469,0.1061032953945969,0.33953054526271004,0.66046945473729,10.602875205865551,6.22477796076938,66.00054390225999
0.6,25,1.0,5.0,1.0,2.6179938779914944,4.71238898038469,0.1061032953945969,0.33953054526271004,0.66046945473729,11.780972450961723,6.22477796076938,73.33393766917776
0.6,25,1.1,5.0,1.0,2.6179938779914944,4.71238898038469,0.1061032953945969,0.33953054526271004,0.66046945473729,12.959069696057897,6.22477796076938,80.66733143609555
0.6,25,1.2,5.0,1.0,2.6179938779914944,4.71238898038469,0.1061032953945969,0.33953054526271004,0.66046945473729,14.137166941154067,6.22477796076938,88.0007252030133
0.6,25,1.3,5.0,1.0,2.6179938779914944,4.71238898038469,0.1061032953945969,0.33953054526271004,0.66046945473729,15.315264186250241,6.22477796076938,95.3341189699311
0.6,25,1.4,5.0,1.0,2.6179938779914944,4.71238898038469,0.1061032953945969,0.33953054526271004,0.66046945473729,16.49336143134641,6.22477796076938,102.66751273684886
0.6,25,1.5,5.0,1.0,2.6179938779914944,4.71238898038469,0.1061032953945969,0.33953054526271004,0.66046945473729,17.671458676442587,6.22477796076938,110.00090650376666
0.6,25,1.6,5.0,1.0,2.6179938779914944,4.71238898038469,0.1061032953945969,0.33953054526271004,0.66046945473729,18.84955592153876,6.22477796076938,117.33430027068442
0.6,25,1.7,5.0,1.0,2.6179938779914944,4.71238898038469,0.1061032953945969,0.33953054526271004,0.66046945473729,20.02765316663493,6.22477796076938,124.6676940376022
0.6,25,1.8,5.0,1.0,2.6179938779914944,4.71238898038469,0.1061032953945969,0.33953054526271004,0.66046945473729,21.205750411731103,6.22477796076938,132.00108780451998
0.6,25,1.9,5.0,1.0,2.6179938779914944,4.71238898038469,0.1061032953945969,0.33953054526271004,0.66046945473729,22.383847656827275,6.22477796076938,139.33448157143775
0.6,25,2.0,5.0,1.0,2.6179938779914944,4.71238898038469,0.1061032953945969,0.33953054526271004,0.66046945473729,23.561944901923447,6.22477796076938,146.66787533835551
0.6,26,0.1,5.0,1.0,2.7227136331111543,4.900884539600078,0.10202239941788162,0.32647167813722117,0.6735283218627788,1.1780972450961724,6.601769079200155,7.777525964966797
0.6,26,0.2,5.0,1.0,2.7227136331111543,4.900884539600078,0.10202239941788162,0.32647167813722117,0.6735283218627788,2.356194490192345,6.601769079200155,15.555051929933594
0.6,26,0.3,5.0,1.0,2.7227136331111543,4.900884539600078,0.10202239941788162,0.32647167813722117,0.6735283218627788,3.534291735288517,6.601769079200155,23.33257789490039
0.6,26,0.4,5.0,1.0,2.7227136331111543,4.900884539600078,0.10202239941788162,0.32647167813722117,0.6735283218627788,4.71238898038469,6.601769079200155,31.110103859867188
0.6,26,0.5,5.0,1.0,2.7227136331111543,4.900884539600078,0.10202239941788162,0.32647167813722117,0.6735283218627788,5.890486225480862,6.601769079200155,38.887629824833986
0.6,26,0.6,5.0,1.0,2.7227136331111543,4.900884539600078,0.10202239941788162,0.32647167813722117,0.6735283218627788,7.068583470577034,6.601769079200155,46.66515578980078
0.6,26,0.7,5.0,1.0,2.7227136331111543,4.900884539600078,0.10202239941788162,0.32647167813722117,0.6735283218627788,8.246680715673206,6.601769079200155,54.44268175476757
0.6,26,0.8,5.0,1.0,2.7227136331111543,4.900884539600078,0.10202239941788162,0.32647167813722117,0.6735283218627788,9.42477796076938,6.601769079200155,62.220207719734375
0.6,26,0.9,5.0,1.0,2.7227136331111543,4.900884539600078,0.10202239941788162,0.32647167813722117,0.6735283218627788,10.602875205865551,6.601769079200155,69.99773368470117
0.6,26,1.0,5.0,1.0,2.7227136331111543,4.900884539600078,0.10202239941788162,0.32647167813722117,0.6735283218627788,11.780972450961723,6.601769079200155,77.77525964966797
0.6,26,1.1,5.0,1.0,2.7227136331111543,4.900884539600078,0.10202239941788162,0.32647167813722117,0.6735283218627788,12.959069696057897,6.601769079200155,85.55278561463477
0.6,26,1.2,5.0,1.0,2.7227136331111543,4.900884539600078,0.10202239941788162,0.32647167813722117,0.6735283218627788,14.137166941154067,6.601769079200155,93.33031157960156
0.6,26,1.3,5.0,1.0,2.7227136331111543,4.900884539600078,0.10202239941788162,0.32647167813722117,0.6735283218627788,15.315264186250241,6.601769079200155,101.10783754456837
0.6,26,1.4,5.0,1.0,2.7227136331111543,4.900884539600078,0.10202239941788162,0.32647167813722117,0.6735283218627788,16.49336143134641,6.601769079200155,108.88536350953514
0.6,26,1.5,5.0,1.0,2.7227136331111543,4.900884539600078,0.10202239941788162,0.32647167813722117,0.6735283218627788,17.671458676442587,6.601769079200155,116.66288947450197
0.6,26,1.6,5.0,1.0,2.7227136331111543,4.900884539600078,0.10202239941788162,0.32647167813722117,0.6735283218627788,18.84955592153876,6.601769079200155,124.44041543946875
0.6,26,1.7,5.0,1.0,2.7227136331111543,4.900884539600078,0.10202239941788162,0.32647167813722117,0.6735283218627788,20.02765316663493,6.601769079200155,132.21794140443555
0.6,26,1.8,5.0,1.0,2.7227136331111543,4.900884539600078,0.10202239941788162,0.32647167813722117,0.6735283218627788,21.205750411731103,6.601769079200155,139.99546736940235
0.6,26,1.9,5.0,1.0,2.7227136331111543,4.900884539600078,0.10202239941788162,0.32647167813722117,0.6735283218627788,22.383847656827275,6.601769079200155,147.77299333436915
0.6,26,2.0,5.0,1.0,2.7227136331111543,4.900884539600078,0.10202239941788162,0.32647167813722117,0.6735283218627788,23.561944901923447,6.601769079200155,155.55051929933595
0.6,27,0.1,5.0,1.0,2.827433388230814,5.089380098815465,0.09824379203203415,0.3143801345025093,0.6856198654974908,1.1780972450961724,6.9787601976309315,8.221658163015821
0.6,27,0.2,5.0,1.0,2.827433388230814,5.089380098815465,0.09824379203203415,0.3143801345025093,0.6856198654974908,2.356194490192345,6.9787601976309315,16.443316326031642
0.6,27,0.3,5.0,1.0,2.827433388230814,5.089380098815465,0.09824379203203415,0.3143801345025093,0.6856198654974908,3.534291735288517,6.9787601976309315,24.664974489047456
0.6,27,0.4,5.0,1.0,2.827433388230814,5.089380098815465,0.09824379203203415,0.3143801345025093,0.6856198654974908,4.71238898038469,6.9787601976309315,32.886632652063284
0.6,27,0.5,5.0,1.0,2.827433388230814,5.089380098815465,0.09824379203203415,0.3143801345025093,0.6856198654974908,5.890486225480862,6.9787601976309315,41.108290815079094
0.6,27,0.6,5.0,1.0,2.827433388230814,5.089380098815465,0.09824379203203415,0.3143801345025093,0.6856198654974908,7.068583470577034,6.9787601976309315,49.32994897809491
0.6,27,0.7,5.0,1.0,2.827433388230814,5.089380098815465,0.09824379203203415,0.3143801345025093,0.6856198654974908,8.246680715673206,6.9787601976309315,57.55160714111073
0.6,27,0.8,5.0,1.0,2.827433388230814,5.089380098815465,0.09824379203203415,0.3143801345025093,0.6856198654974908,9.42477796076938,6.9787601976309315,65.77326530412657
0.6,27,0.9,5.0,1.0,2.827433388230814,5.089380098815465,0.09824379203203415,0.3143801345025093,0.6856198654974908,10.602875205865551,6.9787601976309315,73.99492346714239
0.6,27,1.0,5.0,1.0,2.827433388230814,5.089380098815465,0.09824379203203415,0.3143801345025093,0.6856198654974908,11.780972450961723,6.9787601976309315,82.21658163015819
0.6,27,1.1,5.0,1.0,2.827433388230814,5.089380098815465,0.09824379203203415,0.3143801345025093,0.6856198654974908,12.959069696057897,6.9787601976309315,90.43823979317402
0.6,27,1.2,5.0,1.0,2.827433388230814,5.089380098815465,0.09824379203203415,0.3143801345025093,0.6856198654974908,14.137166941154067,6.9787601976309315,98.65989795618982
0.6,27,1.3,5.0,1.0,2.827433388230814,5.089380098815465,0.09824379203203415,0.3143801345025093,0.6856198654974908,15.315264186250241,6.9787601976309315,106.88155611920565
0.6,27,1.4,5.0,1.0,2.827433388230814,5.089380098815465,0.09824379203203415,0.3143801345025093,0.6856198654974908,16.49336143134641,6.9787601976309315,115.10321428222146
0.6,27,1.5,5.0,1.0,2.827433388230814,5.089380098815465,0.09824379203203415,0.3143801345025093,0.6856198654974908,17.671458676442587,6.9787601976309315,123.3248724452373
0.6,27,1.6,5.0,1.0,2.827433388230814,5.089380098815465,0.09824379203203415,0.3143801345025093,0.6856198654974908,18.84955592153876,6.9787601976309315,131.54653060825314
0.6,27,1.7,5.0,1.0,2.827433388230814,5.089380098815465,0.09824379203203415,0.3143801345025093,0.6856198654974908,20.02765316663493,6.9787601976309315,139.76818877126894
0.6,27,1.8,5.0,1.0,2.827433388230814,5.089380098815465,0.09824379203203415,0.3143801345025093,0.6856198654974908,21.205750411731103,6.9787601976309315,147.98984693428477
0.6,27,1.9,5.0,1.0,2.827433388230814,5.089380098815465,0.09824379203203415,0.3143801345025093,0.6856198654974908,22.383847656827275,6.9787601976309315,156.21150509730057
0.6,27,2.0,5.0,1.0,2.827433388230814,5.089380098815465,0.09824379203203415,0.3143801345025093,0.6856198654974908,23.561944901923447,6.9787601976309315,164.43316326031638
0.6,28,0.1,5.0,1.0,2.9321531433504737,5.277875658030853,0.09473508517374722,0.3031522725559911,0.6968477274440089,1.1780972450961724,7.355751316061705,8.66579036106484
0.6,28,0.2,5.0,1.0,2.9321531433504737,5.277875658030853,0.09473508517374722,0.3031522725559911,0.6968477274440089,2.356194490192345,7.355751316061705,17.33158072212968
0.6,28,0.3,5.0,1.0,2.9321531433504737,5.277875658030853,0.09473508517374722,0.3031522725559911,0.6968477274440089,3.534291735288517,7.355751316061705,25.997371083194516
0.6,28,0.4,5.0,1.0,2.9321531433504737,5.277875658030853,0.09473508517374722,0.3031522725559911,0.6968477274440089,4.71238898038469,7.355751316061705,34.66316144425936
0.6,28,0.5,5.0,1.0,2.9321531433504737,5.277875658030853,0.09473508517374722,0.3031522725559911,0.6968477274440089,5.890486225480862,7.355751316061705,43.328951805324195
0.6,28,0.6,5.0,1.0,2.9321531433504737,5.277875658030853,0.09473508517374722,0.3031522725559911,0.6968477274440089,7.068583470577034,7.355751316061705,51.99474216638903
0.6,28,0.7,5.0,1.0,2.9321531433504737,5.277875658030853,0.09473508517374722,0.3031522725559911,0.6968477274440089,8.246680715673206,7.355751316061705,60.66053252745387
0.6,28,0.8,5.0,1.0,2.9321531433504737,5.277875658030853,0.09473508517374722,0.3031522725559911,0.6968477274440089,9.42477796076938,7.355751316061705,69.32632288851872
0.6,28,0.9,5.0,1.0,2.9321531433504737,5.277875658030853,0.09473508517374722,0.3031522725559911,0.6968477274440089,10.602875205865551,7.355751316061705,77.99211324958355
0.6,28,1.0,5.0,1.0,2.9321531433504737,5.277875658030853,0.09473508517374722,0.3031522725559911,0.6968477274440089,11.780972450961723,7.355751316061705,86.65790361064839
0.6,28,1.1,5.0,1.0,2.9321531433504737,5.277875658030853,0.09473508517374722,0.3031522725559911,0.6968477274440089,12.959069696057897,7.355751316061705,95.32369397171324
0.6,28,1.2,5.0,1.0,2.9321531433504737,5.277875658030853,0.09473508517374722,0.3031522725559911,0.6968477274440089,14.137166941154067,7.355751316061705,103.98948433277806
0.6,28,1.3,5.0,1.0,2.9321531433504737,5.277875658030853,0.09473508517374722,0.3031522725559911,0.6968477274440089,15.315264186250241,7.355751316061705,112.65527469384291
0.6,28,1.4,5.0,1.0,2.9321531433504737,5.277875658030853,0.09473508517374722,0.3031522725559911,0.6968477274440089,16.49336143134641,7.355751316061705,121.32106505490773
0.6,28,1.5,5.0,1.0,2.9321531433504737,5.277875658030853,0.09473508517374722,0.3031522725559911,0.6968477274440089,17.671458676442587,7.355751316061705,129.9868554159726
0.6,28,1.6,5.0,1.0,2.9321531433504737,5.277875658030853,0.09473508517374722,0.3031522725559911,0.6968477274440089,18.84955592153876,7.355751316061705,138.65264577703743
0.6,28,1.7,5.0,1.0,2.9321531433504737,5.277875658030853,0.09473508517374722,0.3031522725559911,0.6968477274440089,20.02765316663493,7.355751316061705,147.31843613810227
0.6,28,1.8,5.0,1.0,2.9321531433504737,5.277875658030853,0.09473508517374722,0.3031522725559911,0.6968477274440089,21.205750411731103,7.355751316061705,155.9842264991671
0.6,28,1.9,5.0,1.0,2.9321531433504737,5.277875658030853,0.09473508517374722,0.3031522725559911,0.6968477274440089,22.383847656827275,7.355751316061705,164.65001686023194
0.6,28,2.0,5.0,1.0,2.9321531433504737,5.277875658030853,0.09473508517374722,0.3031522725559911,0.6968477274440089,23.561944901923447,7.355751316061705,173.31580722129678
0.6,29,0.1,5.0,1.0,3.0368728984701336,5.466371217246241,0.0914683580987904,0.2926987459161293,0.7073012540838707,1.1780972450961724,7.732742434492482,9.109922559113862
0.6,29,0.2,5.0,1.0,3.0368728984701336,5.466371217246241,0.0914683580987904,0.2926987459161293,0.7073012540838707,2.356194490192345,7.732742434492482,18.219845118227724
0.6,29,0.3,5.0,1.0,3.0368728984701336,5.466371217246241,0.0914683580987904,0.2926987459161293,0.7073012540838707,3.534291735288517,7.732742434492482,27.329767677341586
0.6,29,0.4,5.0,1.0,3.0368728984701336,5.466371217246241,0.0914683580987904,0.2926987459161293,0.7073012540838707,4.71238898038469,7.732742434492482,36.43969023645545
0.6,29,0.5,5.0,1.0,3.0368728984701336,5.466371217246241,0.0914683580987904,0.2926987459161293,0.7073012540838707,5.890486225480862,7.732742434492482,45.54961279556931
0.6,29,0.6,5.0,1.0,3.0368728984701336,5.466371217246241,0.0914683580987904,0.2926987459161293,0.7073012540838707,7.068583470577034,7.732742434492482,54.65953535468317
0.6,29,0.7,5.0,1.0,3.0368728984701336,5.466371217246241,0.0914683580987904,0.2926987459161293,0.7073012540838707,8.246680715673206,7.732742434492482,63.76945791379703
0.6,29,0.8,5.0,1.0,3.0368728984701336,5.466371217246241,0.0914683580987904,0.2926987459161293,0.7073012540838707,9.42477796076938,7.732742434492482,72.8793804729109
0.6,29,0.9,5.0,1.0,3.0368728984701336,5.466371217246241,0.0914683580987904,0.2926987459161293,0.7073012540838707,10.602875205865551,7.732742434492482,81.98930303202476
0.6,29,1.0,5.0,1.0,3.0368728984701336,5.466371217246241,0.0914683580987904,0.2926987459161293,0.7073012540838707,11.780972450961723,7.732742434492482,91.09922559113862
0.6,29,1.1,5.0,1.0,3.0368728984701336,5.466371217246241,0.0914683580987904,0.2926987459161293,0.7073012540838707,12.959069696057897,7.732742434492482,100.20914815025249
0.6,29,1.2,5.0,1.0,3.0368728984701336,5.466371217246241,0.0914683580987904,0.2926987459161293,0.7073012540838707,14.137166941154067,7.732742434492482,109.31907070936634
0.6,29,1.3,5.0,1.0,3.0368728984701336,5.466371217246241,0.0914683580987904,0.2926987459161293,0.7073012540838707,15.315264186250241,7.732742434492482,118.42899326848021
0.6,29,1.4,5.0,1.0,3.0368728984701336,5.466371217246241,0.0914683580987904,0.2926987459161293,0.7073012540838707,16.49336143134641,7.732742434492482,127.53891582759405
0.6,29,1.5,5.0,1.0,3.0368728984701336,5.466371217246241,0.0914683580987904,0.2926987459161293,0.7073012540838707,17.671458676442587,7.732742434492482,136.64883838670795
0.6,29,1.6,5.0,1.0,3.0368728984701336,5.466371217246241,0.0914683580987904,0.2926987459161293,0.7073012540838707,18.84955592153876,7.732742434492482,145.7587609458218
0.6,29,1.7,5.0,1.0,3.0368728984701336,5.466371217246241,0.0914683580987904,0.2926987459161293,0.7073012540838707,20.02765316663493,7.732742434492482,154.86868350493566
0.6,29,1.8,5.0,1.0,3.0368728984701336,5.466371217246241,0.0914683580987904,0.2926987459161293,0.7073012540838707,21.205750411731103,7.732742434492482,163.97860606404953
0.6,29,1.9,5.0,1.0,3.0368728984701336,5.466371217246241,0.0914683580987904,0.2926987459161293,0.7073012540838707,22.383847656827275,7.732742434492482,173.08852862316337
0.6,29,2.0,5.0,1.0,3.0368728984701336,5.466371217246241,0.0914683580987904,0.2926987459161293,0.7073012540838707,23.561944901923447,7.732742434492482,182.19845118227724
0.6,30,0.1,5.0,1.0,3.1415926535897927,5.654866776461627,0.08841941282883076,0.2829421210522584,0.7170578789477415,1.1780972450961724,8.109733552923254,9.55405475716288
0.6,30,0.2,5.0,1.0,3.1415926535897927,5.654866776461627,0.08841941282883076,0.2829421210522584,0.7170578789477415,2.356194490192345,8.109733552923254,19.10810951432576
0.6,30,0.3,5.0,1.0,3.1415926535897927,5.654866776461627,0.08841941282883076,0.2829421210522584,0.7170578789477415,3.534291735288517,8.109733552923254,28.66216427148864
0.6,30,0.4,5.0,1.0,3.1415926535897927,5.654866776461627,0.08841941282883076,0.2829421210522584,0.7170578789477415,4.71238898038469,8.109733552923254,38.21621902865152
0.6,30,0.5,5.0,1.0,3.1415926535897927,5.654866776461627,0.08841941282883076,0.2829421210522584,0.7170578789477415,5.890486225480862,8.109733552923254,47.770273785814396
0.6,30,0.6,5.0,1.0,3.1415926535897927,5.654866776461627,0.08841941282883076,0.2829421210522584,0.7170578789477415,7.068583470577034,8.109733552923254,57.32432854297728
0.6,30,0.7,5.0,1.0,3.1415926535897927,5.654866776461627,0.08841941282883076,0.2829421210522584,0.7170578789477415,8.246680715673206,8.109733552923254,66.87838330014014
0.6,30,0.8,5.0,1.0,3.1415926535897927,5.654866776461627,0.08841941282883076,0.2829421210522584,0.7170578789477415,9.42477796076938,8.109733552923254,76.43243805730305
0.6,30,0.9,5.0,1.0,3.1415926535897927,5.654866776461627,0.08841941282883076,0.2829421210522584,0.7170578789477415,10.602875205865551,8.109733552923254,85.98649281446592
0.6,30,1.0,5.0,1.0,3.1415926535897927,5.654866776461627,0.08841941282883076,0.2829421210522584,0.7170578789477415,11.780972450961723,8.109733552923254,95.54054757162879
0.6,30,1.1,5.0,1.0,3.1415926535897927,5.654866776461627,0.08841941282883076,0.2829421210522584,0.7170578789477415,12.959069696057897,8.109733552923254,105.09460232879168
0.6,30,1.2,5.0,1.0,3.1415926535897927,5.654866776461627,0.08841941282883076,0.2829421210522584,0.7170578789477415,14.137166941154067,8.109733552923254,114.64865708595455
0.6,30,1.3,5.0,1.0,3.1415926535897927,5.654866776461627,0.08841941282883076,0.2829421210522584,0.7170578789477415,15.315264186250241,8.109733552923254,124.20271184311744
0.6,30,1.4,5.0,1.0,3.1415926535897927,5.654866776461627,0.08841941282883076,0.2829421210522584,0.7170578789477415,16.49336143134641,8.109733552923254,133.7567666002803
0.6,30,1.5,5.0,1.0,3.1415926535897927,5.654866776461627,0.08841941282883076,0.2829421210522584,0.7170578789477415,17.671458676442587,8.109733552923254,143.31082135744322
0.6,30,1.6,5.0,1.0,3.1415926535897927,5.654866776461627,0.08841941282883076,0.2829421210522584,0.7170578789477415,18.84955592153876,8.109733552923254,152.8648761146061
0.6,30,1.7,5.0,1.0,3.1415926535897927,5.654866776461627,0.08841941282883076,0.2829421210522584,0.7170578789477415,20.02765316663493,8.109733552923254,162.41893087176896
0.6,30,1.8,5.0,1.0,3.1415926535897927,5.654866776461627,0.08841941282883076,0.2829421210522584,0.7170578789477415,21.205750411731103,8.109733552923254,171.97298562893184
0.6,30,1.9,5.0,1.0,3.1415926535897927,5.654866776461627,0.08841941282883076,0.2829421210522584,0.7170578789477415,22.383847656827275,8.109733552923254,181.5270403860947
0.6,30,2.0,5.0,1.0,3.1415926535897927,5.654866776461627,0.08841941282883076,0.2829421210522584,0.7170578789477415,23.561944901923447,8.109733552923254,191.08109514325758
0.6,31,0.1,5.0,1.0,3.2463124087094526,5.843362335677015,0.08556717370532008,0.4107224337855364,0.5892775662144636,1.1780972450961724,6.88672467135403,8.113231363058027
0.6,31,0.2,5.0,1.0,3.2463124087094526,5.843362335677015,0.08556717370532008,0.4107224337855364,0.5892775662144636,2.356194490192345,6.88672467135403,16.226462726116054
0.6,31,0.3,5.0,1.0,3.2463124087094526,5.843362335677015,0.08556717370532008,0.4107224337855364,0.5892775662144636,3.534291735288517,6.88672467135403,24.339694089174078
0.6,31,0.4,5.0,1.0,3.2463124087094526,5.843362335677015,0.08556717370532008,0.4107224337855364,0.5892775662144636,4.71238898038469,6.88672467135403,32.45292545223211
0.6,31,0.5,5.0,1.0,3.2463124087094526,5.843362335677015,0.08556717370532008,0.4107224337855364,0.5892775662144636,5.890486225480862,6.88672467135403,40.56615681529013
0.6,31,0.6,5.0,1.0,3.2463124087094526,5.843362335677015,0.08556717370532008,0.4107224337855364,0.5892775662144636,7.068583470577034,6.88672467135403,48.679388178348155
0.6,31,0.7,5.0,1.0,3.2463124087094526,5.843362335677015,0.08556717370532008,0.4107224337855364,0.5892775662144636,8.246680715673206,6.88672467135403,56.792619541406175
0.6,31,0.8,5.0,1.0,3.2463124087094526,5.843362335677015,0.08556717370532008,0.4107224337855364,0.5892775662144636,9.42477796076938,6.88672467135403,64.90585090446422
0.6,31,0.9,5.0,1.0,3.2463124087094526,5.843362335677015,0.08556717370532008,0.4107224337855364,0.5892775662144636,10.602875205865551,6.88672467135403,73.01908226752224
0.6,31,1.0,5.0,1.0,3.2463124087094526,5.843362335677015,0.08556717370532008,0.4107224337855364,0.5892775662144636,11.780972450961723,6.88672467135403,81.13231363058026
0.6,31,1.1,5.0,1.0,3.2463124087094526,5.843362335677015,0.08556717370532008,0.4107224337855364,0.5892775662144636,12.959069696057897,6.88672467135403,89.24554499363829
0.6,31,1.2,5.0,1.0,3.2463124087094526,5.843362335677015,0.08556717370532008,0.4107224337855364,0.5892775662144636,14.137166941154067,6.88672467135403,97.35877635669631
0.6,31,1.3,5.0,1.0,3.2463124087094526,5.843362335677015,0.08556717370532008,0.4107224337855364,0.5892775662144636,15.315264186250241,6.88672467135403,105.47200771975434
0.6,31,1.4,5.0,1.0,3.2463124087094526,5.843362335677015,0.08556717370532008,0.4107224337855364,0.5892775662144636,16.49336143134641,6.88672467135403,113.58523908281235
0.6,31,1.5,5.0,1.0,3.2463124087094526,5.843362335677015,0.08556717370532008,0.4107224337855364,0.5892775662144636,17.671458676442587,6.88672467135403,121.6984704458704
0.6,31,1.6,5.0,1.0,3.2463124087094526,5.843362335677015,0.08556717370532008,0.4107224337855364,0.5892775662144636,18.84955592153876,6.88672467135403,129.81170180892843
0.6,31,1.7,5.0,1.0,3.2463124087094526,5.843362335677015,0.08556717370532008,0.4107224337855364,0.5892775662144636,20.02765316663493,6.88672467135403,137.92493317198645
0.6,31,1.8,5.0,1.0,3.2463124087094526,5.843362335677015,0.08556717370532008,0.4107224337855364,0.5892775662144636,21.205750411731103,6.88672467135403,146.03816453504447
0.6,31,1.9,5.0,1.0,3.2463124087094526,5.843362335677015,0.08556717370532008,0.4107224337855364,0.5892775662144636,22.383847656827275,6.88672467135403,154.1513958981025
0.6,31,2.0,5.0,1.0,3.2463124087094526,5.843362335677015,0.08556717370532008,0.4107224337855364,0.5892775662144636,23.561944901923447,6.88672467135403,162.2646272611605
0.6,32,0.1,5.0,1.0,3.3510321638291125,6.031857894892402,0.08289319952702882,0.3978873577297383,0.6021126422702616,1.1780972450961724,7.263715789784805,8.557363561107048
0.6,32,0.2,5.0,1.0,3.3510321638291125,6.031857894892402,0.08289319952702882,0.3978873577297383,0.6021126422702616,2.356194490192345,7.263715789784805,17.114727122214095
0.6,32,0.3,5.0,1.0,3.3510321638291125,6.031857894892402,0.08289319952702882,0.3978873577297383,0.6021126422702616,3.534291735288517,7.263715789784805,25.672090683321137
0.6,32,0.4,5.0,1.0,3.3510321638291125,6.031857894892402,0.08289319952702882,0.3978873577297383,0.6021126422702616,4.71238898038469,7.263715789784805,34.22945424442819
0.6,32,0.5,5.0,1.0,3.3510321638291125,6.031857894892402,0.08289319952702882,0.3978873577297383,0.6021126422702616,5.890486225480862,7.263715789784805,42.78681780553523
0.6,32,0.6,5.0,1.0,3.3510321638291125,6.031857894892402,0.08289319952702882,0.3978873577297383,0.6021126422702616,7.068583470577034,7.263715789784805,51.344181366642275
0.6,32,0.7,5.0,1.0,3.3510321638291125,6.031857894892402,0.08289319952702882,0.3978873577297383,0.6021126422702616,8.246680715673206,7.263715789784805,59.90154492774932
0.6,32,0.8,5.0,1.0,3.3510321638291125,6.031857894892402,0.08289319952702882,0.3978873577297383,0.6021126422702616,9.42477796076938,7.263715789784805,68.45890848885638
0.6,32,0.9,5.0,1.0,3.3510321638291125,6.031857894892402,0.08289319952702882,0.3978873577297383,0.6021126422702616,10.602875205865551,7.263715789784805,77.01627204996342
0.6,32,1.0,5.0,1.0,3.3510321638291125,6.031857894892402,0.08289319952702882,0.3978873577297383,0.6021126422702616,11.780972450961723,7.263715789784805,85.57363561107046
0.6,32,1.1,5.0,1.0,3.3510321638291125,6.031857894892402,0.08289319952702882,0.3978873577297383,0.6021126422702616,12.959069696057897,7.263715789784805,94.13099917217752
0.6,32,1.2,5.0,1.0,3.3510321638291125,6.031857894892402,0.08289319952702882,0.3978873577297383,0.6021126422702616,14.137166941154067,7.263715789784805,102.68836273328455
0.6,32,1.3,5.0,1.0,3.3510321638291125,6.031857894892402,0.08289319952702882,0.3978873577297383,0.6021126422702616,15.315264186250241,7.263715789784805,111.2457262943916
0.6,32,1.4,5.0,1.0,3.3510321638291125,6.031857894892402,0.08289319952702882,0.3978873577297383,0.6021126422702616,16.49336143134641,7.263715789784805,119.80308985549864
0.6,32,1.5,5.0,1.0,3.3510321638291125,6.031857894892402,0.08289319952702882,0.3978873577297383,0.6021126422702616,17.671458676442587,7.263715789784805,128.3604534166057
0.6,32,1.6,5.0,1.0,3.3510321638291125,6.031857894892402,0.08289319952702882,0.3978873577297383,0.6021126422702616,18.84955592153876,7.263715789784805,136.91781697771276
0.6,32,1.7,5.0,1.0,3.3510321638291125,6.031857894892402,0.08289319952702882,0.3978873577297383,0.6021126422702616,20.02765316663493,7.263715789784805,145.47518053881979
0.6,32,1.8,5.0,1.0,3.3510321638291125,6.031857894892402,0.08289319952702882,0.3978873577297383,0.6021126422702616,21.205750411731103,7.263715789784805,154.03254409992684
0.6,32,1.9,5.0,1.0,3.3510321638291125,6.031857894892402,0.08289319952702882,0.3978873577297383,0.6021126422702616,22.383847656827275,7.263715789784805,162.5899076610339
0.6,32,2.0,5.0,1.0,3.3510321638291125,6.031857894892402,0.08289319952702882,0.3978873577297383,0.6021126422702616,23.561944901923447,7.263715789784805,171.14727122214092
0.6,33,0.1,5.0,1.0,3.4557519189487724,6.220353454107791,0.08038128438984612,0.38583016507126144,0.6141698349287386,1.1780972450961724,7.640706908215582,9.00149575915607
0.6,33,0.2,5.0,1.0,3.4557519189487724,6.220353454107791,0.08038128438984612,0.38583016507126144,0.6141698349287386,2.356194490192345,7.640706908215582,18.00299151831214
0.6,33,0.3,5.0,1.0,3.4557519189487724,6.220353454107791,0.08038128438984612,0.38583016507126144,0.6141698349287386,3.534291735288517,7.640706908215582,27.004487277468208
0.6,33,0.4,5.0,1.0,3.4557519189487724,6.220353454107791,0.08038128438984612,0.38583016507126144,0.6141698349287386,4.71238898038469,7.640706908215582,36.00598303662428
0.6,33,0.5,5.0,1.0,3.4557519189487724,6.220353454107791,0.08038128438984612,0.38583016507126144,0.6141698349287386,5.890486225480862,7.640706908215582,45.007478795780344
0.6,33,0.6,5.0,1.0,3.4557519189487724,6.220353454107791,0.08038128438984612,0.38583016507126144,0.6141698349287386,7.068583470577034,7.640706908215582,54.008974554936415
0.6,33,0.7,5.0,1.0,3.4557519189487724,6.220353454107791,0.08038128438984612,0.38583016507126144,0.6141698349287386,8.246680715673206,7.640706908215582,63.01047031409248
0.6,33,0.8,5.0,1.0,3.4557519189487724,6.220353454107791,0.08038128438984612,0.38583016507126144,0.6141698349287386,9.42477796076938,7.640706908215582,72.01196607324856
0.6,33,0.9,5.0,1.0,3.4557519189487724,6.220353454107791,0.08038128438984612,0.38583016507126144,0.6141698349287386,10.602875205865551,7.640706908215582,81.01346183240463
0.6,33,1.0,5.0,1.0,3.4557519189487724,6.220353454107791,0.08038128438984612,0.38583016507126144,0.6141698349287386,11.780972450961723,7.640706908215582,90.01495759156069
0.6,33,1.1,5.0,1.0,3.4557519189487724,6.220353454107791,0.08038128438984612,0.38583016507126144,0.6141698349287386,12.959069696057897,7.640706908215582,99.01645335071677
0.6,33,1.2,5.0,1.0,3.4557519189487724,6.220353454107791,0.08038128438984612,0.38583016507126144,0.6141698349287386,14.137166941154067,7.640706908215582,108.01794910987283
0.6,33,1.3,5.0,1.0,3.4557519189487724,6.220353454107791,0.08038128438984612,0.38583016507126144,0.6141698349287386,15.315264186250241,7.640706908215582,117.0194448690289
0.6,33,1.4,5.0,1.0,3.4557519189487724,6.220353454107791,0.08038128438984612,0.38583016507126144,0.6141698349287386,16.49336143134641,7.640706908215582,126.02094062818496
0.6,33,1.5,5.0,1.0,3.4557519189487724,6.220353454107791,0.08038128438984612,0.38583016507126144,0.6141698349287386,17.671458676442587,7.640706908215582,135.02243638734106
0.6,33,1.6,5.0,1.0,3.4557519189487724,6.220353454107791,0.08038128438984612,0.38583016507126144,0.6141698349287386,18.84955592153876,7.640706908215582,144.02393214649712
0.6,33,1.7,5.0,1.0,3.4557519189487724,6.220353454107791,0.08038128438984612,0.38583016507126144,0.6141698349287386,20.02765316663493,7.640706908215582,153.02542790565317
0.6,33,1.8,5.0,1.0,3.4557519189487724,6.220353454107791,0.08038128438984612,0.38583016507126144,0.6141698349287386,21.205750411731103,7.640706908215582,162.02692366480926
0.6,33,1.9,5.0,1.0,3.4557519189487724,6.220353454107791,0.08038128438984612,0.38583016507126144,0.6141698349287386,22.383847656827275,7.640706908215582,171.02841942396532
0.6,33,2.0,5.0,1.0,3.4557519189487724,6.220353454107791,0.08038128438984612,0.38583016507126144,0.6141698349287386,23.561944901923447,7.640706908215582,180.02991518312137
0.6,34,0.1,5.0,1.0,3.5604716740684323,6.408849013323178,0.07801712896661536,0.3744822190397537,0.6255177809602464,1.1780972450961724,8.017698026646357,9.445627957205092
0.6,34,0.2,5.0,1.0,3.5604716740684323,6.408849013323178,0.07801712896661536,0.3744822190397537,0.6255177809602464,2.356194490192345,8.017698026646357,18.891255914410184
0.6,34,0.3,5.0,1.0,3.5604716740684323,6.408849013323178,0.07801712896661536,0.3744822190397537,0.6255177809602464,3.534291735288517,8.017698026646357,28.33688387161527
0.6,34,0.4,5.0,1.0,3.5604716740684323,6.408849013323178,0.07801712896661536,0.3744822190397537,0.6255177809602464,4.71238898038469,8.017698026646357,37.78251182882037
0.6,34,0.5,5.0,1.0,3.5604716740684323,6.408849013323178,0.07801712896661536,0.3744822190397537,0.6255177809602464,5.890486225480862,8.017698026646357,47.22813978602545
0.6,34,0.6,5.0,1.0,3.5604716740684323,6.408849013323178,0.07801712896661536,0.3744822190397537,0.6255177809602464,7.068583470577034,8.017698026646357,56.67376774323054
0.6,34,0.7,5.0,1.0,3.5604716740684323,6.408849013323178,0.07801712896661536,0.3744822190397537,0.6255177809602464,8.246680715673206,8.017698026646357,66.11939570043563
0.6,34,0.8,5.0,1.0,3.5604716740684323,6.408849013323178,0.07801712896661536,0.3744822190397537,0.6255177809602464,9.42477796076938,8.017698026646357,75.56502365764074
0.6,34,0.9,5.0,1.0,3.5604716740684323,6.408849013323178,0.07801712896661536,0.3744822190397537,0.6255177809602464,10.602875205865551,8.017698026646357,85.01065161484583
0.6,34,1.0,5.0,1.0,3.5604716740684323,6.408849013323178,0.07801712896661536,0.3744822190397537,0.6255177809602464,11.780972450961723,8.017698026646357,94.4562795720509
0.6,34,1.1,5.0,1.0,3.5604716740684323,6.408849013323178,0.07801712896661536,0.3744822190397537,0.6255177809602464,12.959069696057897,8.017698026646357,103.90190752925601
0.6,34,1.2,5.0,1.0,3.5604716740684323,6.408849013323178,0.07801712896661536,0.3744822190397537,0.6255177809602464,14.137166941154067,8.017698026646357,113.34753548646108
0.6,34,1.3,5.0,1.0,3.5604716740684323,6.408849013323178,0.07801712896661536,0.3744822190397537,0.6255177809602464,15.315264186250241,8.017698026646357,122.79316344366619
0.6,34,1.4,5.0,1.0,3.5604716740684323,6.408849013323178,0.07801712896661536,0.3744822190397537,0.6255177809602464,16.49336143134641,8.017698026646357,132.23879140087126
0.6,34,1.5,5.0,1.0,3.5604716740684323,6.408849013323178,0.07801712896661536,0.3744822190397537,0.6255177809602464,17.671458676442587,8.017698026646357,141.68441935807638
0.6,34,1.6,5.0,1.0,3.5604716740684323,6.408849013323178,0.07801712896661536,0.3744822190397537,0.6255177809602464,18.84955592153876,8.017698026646357,151.13004731528147
0.6,34,1.7,5.0,1.0,3.5604716740684323,6.408849013323178,0.07801712896661536,0.3744822190397537,0.6255177809602464,20.02765316663493,8.017698026646357,160.57567527248656
0.6,34,1.8,5.0,1.0,3.5604716740684323,6.408849013323178,0.07801712896661536,0.3744822190397537,0.6255177809602464,21.205750411731103,8.017698026646357,170.02130322969165
0.6,34,1.9,5.0,1.0,3.5604716740684323,6.408849013323178,0.07801712896661536,0.3744822190397537,0.6255177809602464,22.383847656827275,8.017698026646357,179.46693118689672
0.6,34,2.0,5.0,1.0,3.5604716740684323,6.408849013323178,0.07801712896661536,0.3744822190397537,0.6255177809602464,23.561944901923447,8.017698026646357,188.9125591441018
0.6,35,0.1,5.0,1.0,3.665191429188092,6.5973445725385655,0.07578806813899779,0.36378272706718934,0.6362172729328106,1.1780972450961724,8.39468914507713,9.88976015525411
0.6,35,0.2,5.0,1.0,3.665191429188092,6.5973445725385655,0.07578806813899779,0.36378272706718934,0.6362172729328106,2.356194490192345,8.39468914507713,19.77952031050822
0.6,35,0.3,5.0,1.0,3.665191429188092,6.5973445725385655,0.07578806813899779,0.36378272706718934,0.6362172729328106,3.534291735288517,8.39468914507713,29.669280465762327
0.6,35,0.4,5.0,1.0,3.665191429188092,6.5973445725385655,0.07578806813899779,0.36378272706718934,0.6362172729328106,4.71238898038469,8.39468914507713,39.55904062101644
0.6,35,0.5,5.0,1.0,3.665191429188092,6.5973445725385655,0.07578806813899779,0.36378272706718934,0.6362172729328106,5.890486225480862,8.39468914507713,49.448800776270545
0.6,35,0.6,5.0,1.0,3.665191429188092,6.5973445725385655,0.07578806813899779,0.36378272706718934,0.6362172729328106,7.068583470577034,8.39468914507713,59.338560931524654
0.6,35,0.7,5.0,1.0,3.665191429188092,6.5973445725385655,0.07578806813899779,0.36378272706718934,0.6362172729328106,8.246680715673206,8.39468914507713,69.22832108677876
0.6,35,0.8,5.0,1.0,3.665191429188092,6.5973445725385655,0.07578806813899779,0.36378272706718934,0.6362172729328106,9.42477796076938,8.39468914507713,79.11808124203289
0.6,35,0.9,5.0,1.0,3.665191429188092,6.5973445725385655,0.07578806813899779,0.36378272706718934,0.6362172729328106,10.602875205865551,8.39468914507713,89.00784139728698
0.6,35,1.0,5.0,1.0,3.665191429188092,6.5973445725385655,0.07578806813899779,0.36378272706718934,0.6362172729328106,11.780972450961723,8.39468914507713,98.89760155254109
0.6,35,1.1,5.0,1.0,3.665191429188092,6.5973445725385655,0.07578806813899779,0.36378272706718934,0.6362172729328106,12.959069696057897,8.39468914507713,108.78736170779521
0.6,35,1.2,5.0,1.0,3.665191429188092,6.5973445725385655,0.07578806813899779,0.36378272706718934,0.6362172729328106,14.137166941154067,8.39468914507713,118.67712186304931
0.6,35,1.3,5.0,1.0,3.665191429188092,6.5973445725385655,0.07578806813899779,0.36378272706718934,0.6362172729328106,15.315264186250241,8.39468914507713,128.56688201830343
0.6,35,1.4,5.0,1.0,3.665191429188092,6.5973445725385655,0.07578806813899779,0.36378272706718934,0.6362172729328106,16.49336143134641,8.39468914507713,138.45664217355753
0.6,35,1.5,5.0,1.0,3.665191429188092,6.5973445725385655,0.07578806813899779,0.36378272706718934,0.6362172729328106,17.671458676442587,8.39468914507713,148.34640232881165
0.6,35,1.6,5.0,1.0,3.665191429188092,6.5973445725385655,0.07578806813899779,0.36378272706718934,0.6362172729328106,18.84955592153876,8.39468914507713,158.23616248406577
0.6,35,1.7,5.0,1.0,3.665191429188092,6.5973445725385655,0.07578806813899779,0.36378272706718934,0.6362172729328106,20.02765316663493,8.39468914507713,168.12592263931987
0.6,35,1.8,5.0,1.0,3.665191429188092,6.5973445725385655,0.07578806813899779,0.36378272706718934,0.6362172729328106,21.205750411731103,8.39468914507713,178.01568279457396
0.6,35,1.9,5.0,1.0,3.665191429188092,6.5973445725385655,0.07578806813899779,0.36378272706718934,0.6362172729328106,22.383847656827275,8.39468914507713,187.90544294982809
0.6,35,2.0,5.0,1.0,3.665191429188092,6.5973445725385655,0.07578806813899779,0.36378272706718934,0.6362172729328106,23.561944901923447,8.39468914507713,197.79520310508218
