setup,penetration_depth_mm,penetration_depth_m,penetration_depth_cm,bulk_density_g_cm3,bulk_density_g_per_cm3,bulk_density_kg_m3,probe_diameter_mm,probe_area_m2,illuminated_area_cm2,static_sampled_volume_m3,static_sampled_volume_mm3,spoon_sample_volume_cm3,static_sampled_mass_kg,static_sampled_mass_g,static_sampled_mass_mg,n_subscans,integration_time_ms,acquisition_time_s,total_spectral_acquisition_time_s,spoon_interval_s,flip_frequency_hz,spoons_contributing,effective_sampled_mass_kg,effective_sample_size_g,effective_sampled_mass_mg,effective_sample_size_mg
B,0.1,0.0001,0.01,0.4,0.4,400.0,5.0,1.9634954084936207e-05,0.19634954084936207,1.9634954084936207e-09,1.9634954084936207,0.001963495408493621,7.853981633974482e-07,0.0007853981633974482,0.7853981633974482,500,10.0,5.0,5.0,1.0,1.0,5.0,3.926990816987241e-06,0.003926990816987241,3.926990816987241,3.926990816987241
B,0.1,0.0001,0.01,0.4,0.4,400.0,5.0,1.9634954084936207e-05,0.19634954084936207,1.9634954084936207e-09,1.9634954084936207,0.001963495408493621,7.853981633974482e-07,0.0007853981633974482,0.7853981633974482,500,10.0,5.0,5.0,2.0,0.5,2.5,1.9634954084936205e-06,0.0019634954084936204,1.9634954084936205,1.9634954084936205
B,0.1,0.0001,0.01,0.4,0.4,400.0,5.0,1.9634954084936207e-05,0.19634954084936207,1.9634954084936207e-09,1.9634954084936207,0.001963495408493621,7.853981633974482e-07,0.0007853981633974482,0.7853981633974482,500,10.0,5.0,5.0,3.0,0.3333333333333333,1.6666666666666667,1.3089969389957471e-06,0.0013089969389957472,1.3089969389957472,1.3089969389957472
B,0.1,0.0001,0.01,0.4,0.4,400.0,5.0,1.9634954084936207e-05,0.19634954084936207,1.9634954084936207e-09,1.9634954084936207,0.001963495408493621,7.853981633974482e-07,0.0007853981633974482,0.7853981633974482,500,10.0,5.0,5.0,4.0,0.25,1.25,9.817477042468103e-07,0.0009817477042468102,0.9817477042468102,0.9817477042468102
B,0.1,0.0001,0.01,0.4,0.4,400.0,5.0,1.9634954084936207e-05,0.19634954084936207,1.9634954084936207e-09,1.9634954084936207,0.001963495408493621,7.853981633974482e-07,0.0007853981633974482,0.7853981633974482,500,10.0,5.0,5.0,5.0,0.2,1.0,7.853981633974482e-07,0.0007853981633974482,0.7853981633974482,0.7853981633974482
B,0.1,0.0001,0.01,0.5,0.5,500.0,5.0,1.9634954084936207e-05,0.19634954084936207,1.9634954084936207e-09,1.9634954084936207,0.001963495408493621,9.817477042468103e-07,0.0009817477042468102,0.9817477042468102,500,10.0,5.0,5.0,1.0,1.0,5.0,4.908738521234052e-06,0.004908738521234052,4.908738521234052,4.908738521234052
B,0.1,0.0001,0.01,0.5,0.5,500.0,5.0,1.9634954084936207e-05,0.19634954084936207,1.9634954084936207e-09,1.9634954084936207,0.001963495408493621,9.817477042468103e-07,0.0009817477042468102,0.9817477042468102,500,10.0,5.0,5.0,2.0,0.5,2.5,2.454369260617026e-06,0.002454369260617026,2.454369260617026,2.454369260617026
B,0.1,0.0001,0.01,0.5,0.5,500.0,5.0,1.9634954084936207e-05,0.19634954084936207,1.9634954084936207e-09,1.9634954084936207,0.001963495408493621,9.817477042468103e-07,0.0009817477042468102,0.9817477042468102,500,10.0,5.0,5.0,3.0,0.3333333333333333,1.6666666666666667,1.6362461737446838e-06,0.0016362461737446838,1.6362461737446838,1.6362461737446838
B,0.1,0.0001,0.01,0.5,0.5,500.0,5.0,1.9634954084936207e-05,0.19634954084936207,1.9634954084936207e-09,1.9634954084936207,0.001963495408493621,9.817477042468103e-07,0.0009817477042468102,0.9817477042468102,500,10.0,5.0,5.0,4.0,0.25,1.25,1.227184630308513e-06,0.001227184630308513,1.227184630308513,1.227184630308513
B,0.1,0.0001,0.01,0.5,0.5,500.0,5.0,1.9634954084936207e-05,0.19634954084936207,1.9634954084936207e-09,1.9634954084936207,0.001963495408493621,9.817477042468103e-07,0.0009817477042468102,0.9817477042468102,500,10.0,5.0,5.0,5.0,0.2,1.0,9.817477042468103e-07,0.0009817477042468102,0.9817477042468102,0.9817477042468102
B,0.1,0.0001,0.01,0.6,0.6,600.0,5.0,1.9634954084936207e-05,0.19634954084936207,1.9634954084936207e-09,1.9634954084936207,0.001963495408493621,1.1780972450961724e-06,0.0011780972450961724,1.1780972450961724,500,10.0,5.0,5.0,1.0,1.0,5.0,5.890486225480862e-06,0.005890486225480863,5.8904862254808625,5.8904862254808625
B,0.1,0.0001,0.01,0.6,0.6,600.0,5.0,1.9634954084936207e-05,0.19634954084936207,1.9634954084936207e-09,1.9634954084936207,0.001963495408493621,1.1780972450961724e-06,0.0011780972450961724,1.1780972450961724,500,10.0,5.0,5.0,2.0,0.5,2.5,2.945243112740431e-06,0.0029452431127404313,2.9452431127404313,2.9452431127404313
B,0.1,0.0001,0.01,0.6,0.6,600.0,5.0,1.9634954084936207e-05,0.19634954084936207,1.9634954084936207e-09,1.9634954084936207,0.001963495408493621,1.1780972450961724e-06,0.0011780972450961724,1.1780972450961724,500,10.0,5.0,5.0,3.0,0.3333333333333333,1.6666666666666667,1.963495408493621e-06,0.001963495408493621,1.963495408493621,1.963495408493621
B,0.1,0.0001,0.01,0.6,0.6,600.0,5.0,1.9634954084936207e-05,0.19634954084936207,1.9634954084936207e-09,1.9634954084936207,0.001963495408493621,1.1780972450961724e-06,0.0011780972450961724,1.1780972450961724,500,10.0,5.0,5.0,4.0,0.25,1.25,1.4726215563702156e-06,0.0014726215563702157,1.4726215563702156,1.4726215563702156
B,0.1,0.0001,0.01,0.6,0.6,600.0,5.0,1.9634954084936207e-05,0.19634954084936207,1.9634954084936207e-09,1.9634954084936207,0.001963495408493621,1.1780972450961724e-06,0.0011780972450961724,1.1780972450961724,500,10.0,5.0,5.0,5.0,0.2,1.0,1.1780972450961724e-06,0.0011780972450961724,1.1780972450961724,1.1780972450961724
B,0.2,0.0002,0.02,0.4,0.4,400.0,5.0,1.9634954084936207e-05,0.19634954084936207,3.926990816987241e-09,3.9269908169872414,0.003926990816987242,1.5707963267948965e-06,0.0015707963267948964,1.5707963267948963,500,10.0,5.0,5.0,1.0,1.0,5.0,7.853981633974482e-06,0.007853981633974482,7.853981633974482,7.853981633974482
B,0.2,0.0002,0.02,0.4,0.4,400.0,5.0,1.9634954084936207e-05,0.19634954084936207,3.926990816987241e-09,3.9269908169872414,0.003926990816987242,1.5707963267948965e-06,0.0015707963267948964,1.5707963267948963,500,10.0,5.0,5.0,2.0,0.5,2.5,3.926990816987241e-06,0.003926990816987241,3.926990816987241,3.926990816987241
B,0.2,0.0002,0.02,0.4,0.4,400.0,5.0,1.9634954084936207e-05,0.19634954084936207,3.926990816987241e-09,3.9269908169872414,0.003926990816987242,1.5707963267948965e-06,0.0015707963267948964,1.5707963267948963,500,10.0,5.0,5.0,3.0,0.3333333333333333,1.6666666666666667,2.6179938779914943e-06,0.0026179938779914945,2.6179938779914944,2.6179938779914944
B,0.2,0.0002,0.02,0.4,0.4,400.0,5.0,1.9634954084936207e-05,0.19634954084936207,3.926990816987241e-09,3.9269908169872414,0.003926990816987242,1.5707963267948965e-06,0.0015707963267948964,1.5707963267948963,500,10.0,5.0,5.0,4.0,0.25,1.25,1.9634954084936205e-06,0.0019634954084936204,1.9634954084936205,1.9634954084936205
B,0.2,0.0002,0.02,0.4,0.4,400.0,5.0,1.9634954084936207e-05,0.19634954084936207,3.926990816987241e-09,3.9269908169872414,0.003926990816987242,1.5707963267948965e-06,0.0015707963267948964,1.5707963267948963,500,10.0,5.0,5.0,5.0,0.2,1.0,1.5707963267948965e-06,0.0015707963267948964,1.5707963267948963,1.5707963267948963
B,0.2,0.0002,0.02,0.5,0.5,500.0,5.0,1.9634954084936207e-05,0.19634954084936207,3.926990816987241e-09,3.9269908169872414,0.003926990816987242,1.9634954084936205e-06,0.0019634954084936204,1.9634954084936205,500,10.0,5.0,5.0,1.0,1.0,5.0,9.817477042468103e-06,0.009817477042468103,9.817477042468104,9.817477042468104
B,0.2,0.0002,0.02,0.5,0.5,500.0,5.0,1.9634954084936207e-05,0.19634954084936207,3.926990816987241e-09,3.9269908169872414,0.003926990816987242,1.9634954084936205e-06,0.0019634954084936204,1.9634954084936205,500,10.0,5.0,5.0,2.0,0.5,2.5,4.908738521234052e-06,0.004908738521234052,4.908738521234052,4.908738521234052
B,0.2,0.0002,0.02,0.5,0.5,500.0,5.0,1.9634954084936207e-05,0.19634954084936207,3.926990816987241e-09,3.9269908169872414,0.003926990816987242,1.9634954084936205e-06,0.0019634954084936204,1.9634954084936205,500,10.0,5.0,5.0,3.0,0.3333333333333333,1.6666666666666667,3.2724923474893677e-06,0.0032724923474893677,3.2724923474893677,3.2724923474893677
B,0.2,0.0002,0.02,0.5,0.5,500.0,5.0,1.9634954084936207e-05,0.19634954084936207,3.926990816987241e-09,3.9269908169872414,0.003926990816987242,1.9634954084936205e-06,0.0019634954084936204,1.9634954084936205,500,10.0,5.0,5.0,4.0,0.25,1.25,2.454369260617026e-06,0.002454369260617026,2.454369260617026,2.454369260617026
B,0.2,0.0002,0.02,0.5,0.5,500.0,5.0,1.9634954084936207e-05,0.19634954084936207,3.926990816987241e-09,3.9269908169872414,0.003926990816987242,1.9634954084936205e-06,0.0019634954084936204,1.9634954084936205,500,10.0,5.0,5.0,5.0,0.2,1.0,1.9634954084936205e-06,0.0019634954084936204,1.9634954084936205,1.9634954084936205
B,0.2,0.0002,0.02,0.6,0.6,600.0,5.0,1.9634954084936207e-05,0.19634954084936207,3.926990816987241e-09,3.9269908169872414,0.003926990816987242,2.3561944901923448e-06,0.002356194490192345,2.356194490192345,500,10.0,5.0,5.0,1.0,1.0,5.0,1.1780972450961725e-05,0.011780972450961725,11.780972450961725,11.780972450961725
B,0.2,0.0002,0.02,0.6,0.6,600.0,5.0,1.9634954084936207e-05,0.19634954084936207,3.926990816987241e-09,3.9269908169872414,0.003926990816987242,2.3561944901923448e-06,0.002356194490192345,2.356194490192345,500,10.0,5.0,5.0,2.0,0.5,2.5,5.890486225480862e-06,0.005890486225480863,5.8904862254808625,5.8904862254808625
B,0.2,0.0002,0.02,0.6,0.6,600.0,5.0,1.9634954084936207e-05,0.19634954084936207,3.926990816987241e-09,3.9269908169872414,0.003926990816987242,2.3561944901923448e-06,0.002356194490192345,2.356194490192345,500,10.0,5.0,5.0,3.0,0.3333333333333333,1.6666666666666667,3.926990816987242e-06,0.003926990816987242,3.926990816987242,3.926990816987242
B,0.2,0.0002,0.02,0.6,0.6,600.0,5.0,1.9634954084936207e-05,0.19634954084936207,3.926990816987241e-09,3.9269908169872414,0.003926990816987242,2.3561944901923448e-06,0.002356194490192345,2.356194490192345,500,10.0,5.0,5.0,4.0,0.25,1.25,2.945243112740431e-06,0.0029452431127404313,2.9452431127404313,2.9452431127404313
B,0.2,0.0002,0.02,0.6,0.6,600.0,5.0,1.9634954084936207e-05,0.19634954084936207,3.926990816987241e-09,3.9269908169872414,0.003926990816987242,2.3561944901923448e-06,0.002356194490192345,2.356194490192345,500,10.0,5.0,5.0,5.0,0.2,1.0,2.3561944901923448e-06,0.002356194490192345,2.356194490192345,2.356194490192345
B,0.30000000000000004,0.00030000000000000003,0.030000000000000006,0.4,0.4,400.0,5.0,1.9634954084936207e-05,0.19634954084936207,5.8904862254808625e-09,5.8904862254808625,0.0058904862254808635,2.3561944901923448e-06,0.002356194490192345,2.356194490192345,500,10.0,5.0,5.0,1.0,1.0,5.0,1.1780972450961725e-05,0.011780972450961725,11.780972450961725,11.780972450961725
B,0.30000000000000004,0.00030000000000000003,0.030000000000000006,0.4,0.4,400.0,5.0,1.9634954084936207e-05,0.19634954084936207,5.8904862254808625e-09,5.8904862254808625,0.0058904862254808635,2.3561944901923448e-06,0.002356194490192345,2.356194490192345,500,10.0,5.0,5.0,2.0,0.5,2.5,5.890486225480862e-06,0.005890486225480863,5.8904862254808625,5.8904862254808625
B,0.30000000000000004,0.00030000000000000003,0.030000000000000006,0.4,0.4,400.0,5.0,1.9634954084936207e-05,0.19634954084936207,5.8904862254808625e-09,5.8904862254808625,0.0058904862254808635,2.3561944901923448e-06,0.002356194490192345,2.356194490192345,500,10.0,5.0,5.0,3.0,0.3333333333333333,1.6666666666666667,3.926990816987242e-06,0.003926990816987242,3.926990816987242,3.926990816987242
B,0.30000000000000004,0.00030000000000000003,0.030000000000000006,0.4,0.4,400.0,5.0,1.9634954084936207e-05,0.19634954084936207,5.8904862254808625e-09,5.8904862254808625,0.0058904862254808635,2.3561944901923448e-06,0.002356194490192345,2.356194490192345,500,10.0,5.0,5.0,4.0,0.25,1.25,2.945243112740431e-06,0.0029452431127404313,2.9452431127404313,2.9452431127404313
B,0.30000000000000004,0.00030000000000000003,0.030000000000000006,0.4,0.4,400.0,5.0,1.9634954084936207e-05,0.19634954084936207,5.8904862254808625e-09,5.8904862254808625,0.0058904862254808635,2.3561944901923448e-06,0.002356194490192345,2.356194490192345,500,10.0,5.0,5.0,5.0,0.2,1.0,2.3561944901923448e-06,0.002356194490192345,2.356194490192345,2.356194490192345
B,0.30000000000000004,0.00030000000000000003,0.030000000000000006,0.5,0.5,500.0,5.0,1.9634954084936207e-05,0.19634954084936207,5.8904862254808625e-09,5.8904862254808625,0.0058904862254808635,2.945243112740431e-06,0.0029452431127404313,2.9452431127404313,500,10.0,5.0,5.0,1.0,1.0,5.0,1.4726215563702157e-05,0.014726215563702157,14.726215563702157,14.726215563702157
B,0.30000000000000004,0.00030000000000000003,0.030000000000000006,0.5,0.5,500.0,5.0,1.9634954084936207e-05,0.19634954084936207,5.8904862254808625e-09,5.8904862254808625,0.0058904862254808635,2.945243112740431e-06,0.0029452431127404313,2.9452431127404313,500,10.0,5.0,5.0,2.0,0.5,2.5,7.363107781851078e-06,0.0073631077818510785,7.363107781851078,7.363107781851078
B,0.30000000000000004,0.00030000000000000003,0.030000000000000006,0.5,0.5,500.0,5.0,1.9634954084936207e-05,0.19634954084936207,5.8904862254808625e-09,5.8904862254808625,0.0058904862254808635,2.945243112740431e-06,0.0029452431127404313,2.9452431127404313,500,10.0,5.0,5.0,3.0,0.3333333333333333,1.6666666666666667,4.9087385212340526e-06,0.004908738521234053,4.908738521234053,4.908738521234053
B,0.30000000000000004,0.00030000000000000003,0.030000000000000006,0.5,0.5,500.0,5.0,1.9634954084936207e-05,0.19634954084936207,5.8904862254808625e-09,5.8904862254808625,0.0058904862254808635,2.945243112740431e-06,0.0029452431127404313,2.9452431127404313,500,10.0,5.0,5.0,4.0,0.25,1.25,3.681553890925539e-06,0.0036815538909255392,3.681553890925539,3.681553890925539
B,0.30000000000000004,0.00030000000000000003,0.030000000000000006,0.5,0.5,500.0,5.0,1.9634954084936207e-05,0.19634954084936207,5.8904862254808625e-09,5.8904862254808625,0.0058904862254808635,2.945243112740431e-06,0.0029452431127404313,2.9452431127404313,500,10.0,5.0,5.0,5.0,0.2,1.0,2.945243112740431e-06,0.0029452431127404313,2.9452431127404313,2.9452431127404313
B,0.30000000000000004,0.00030000000000000003,0.030000000000000006,0.6,0.6,600.0,5.0,1.9634954084936207e-05,0.19634954084936207,5.8904862254808625e-09,5.8904862254808625,0.0058904862254808635,3.5342917352885176e-06,0.0035342917352885177,3.5342917352885177,500,10.0,5.0,5.0,1.0,1.0,5.0,1.767145867644259e-05,0.01767145867644259,17.67145867644259,17.67145867644259
B,0.30000000000000004,0.00030000000000000003,0.030000000000000006,0.6,0.6,600.0,5.0,1.9634954084936207e-05,0.19634954084936207,5.8904862254808625e-09,5.8904862254808625,0.0058904862254808635,3.5342917352885176e-06,0.0035342917352885177,3.5342917352885177,500,10.0,5.0,5.0,2.0,0.5,2.5,8.835729338221294e-06,0.008835729338221295,8.835729338221295,8.835729338221295
B,0.30000000000000004,0.00030000000000000003,0.030000000000000006,0.6,0.6,600.0,5.0,1.9634954084936207e-05,0.19634954084936207,5.8904862254808625e-09,5.8904862254808625,0.0058904862254808635,3.5342917352885176e-06,0.0035342917352885177,3.5342917352885177,500,10.0,5.0,5.0,3.0,0.3333333333333333,1.6666666666666667,5.890486225480863e-06,0.0058904862254808635,5.890486225480863,5.890486225480863
B,0.30000000000000004,0.00030000000000000003,0.030000000000000006,0.6,0.6,600.0,5.0,1.9634954084936207e-05,0.19634954084936207,5.8904862254808625e-09,5.8904862254808625,0.0058904862254808635,3.5342917352885176e-06,0.0035342917352885177,3.5342917352885177,500,10.0,5.0,5.0,4.0,0.25,1.25,4.417864669110647e-06,0.004417864669110648,4.417864669110648,4.417864669110648
B,0.30000000000000004,0.00030000000000000003,0.030000000000000006,0.6,0.6,600.0,5.0,1.9634954084936207e-05,0.19634954084936207,5.8904862254808625e-09,5.8904862254808625,0.0058904862254808635,3.5342917352885176e-06,0.0035342917352885177,3.5342917352885177,500,10.0,5.0,5.0,5.0,0.2,1.0,3.5342917352885176e-06,0.0035342917352885177,3.5342917352885177,3.5342917352885177
B,0.4,0.0004,0.04,0.4,0.4,400.0,5.0,1.9634954084936207e-05,0.19634954084936207,7.853981633974483e-09,7.853981633974483,0.007853981633974483,3.141592653589793e-06,0.003141592653589793,3.1415926535897927,500,10.0,5.0,5.0,1.0,1.0,5.0,1.5707963267948964e-05,0.015707963267948963,15.707963267948964,15.707963267948964
B,0.4,0.0004,0.04,0.4,0.4,400.0,5.0,1.9634954084936207e-05,0.19634954084936207,7.853981633974483e-09,7.853981633974483,0.007853981633974483,3.141592653589793e-06,0.003141592653589793,3.1415926535897927,500,10.0,5.0,5.0,2.0,0.5,2.5,7.853981633974482e-06,0.007853981633974482,7.853981633974482,7.853981633974482
B,0.4,0.0004,0.04,0.4,0.4,400.0,5.0,1.9634954084936207e-05,0.19634954084936207,7.853981633974483e-09,7.853981633974483,0.007853981633974483,3.141592653589793e-06,0.003141592653589793,3.1415926535897927,500,10.0,5.0,5.0,3.0,0.3333333333333333,1.6666666666666667,5.235987755982989e-06,0.005235987755982989,5.235987755982989,5.235987755982989
B,0.4,0.0004,0.04,0.4,0.4,400.0,5.0,1.9634954084936207e-05,0.19634954084936207,7.853981633974483e-09,7.853981633974483,0.007853981633974483,3.141592653589793e-06,0.003141592653589793,3.1415926535897927,500,10.0,5.0,5.0,4.0,0.25,1.25,3.926990816987241e-06,0.003926990816987241,3.926990816987241,3.926990816987241
B,0.4,0.0004,0.04,0.4,0.4,400.0,5.0,1.9634954084936207e-05,0.19634954084936207,7.853981633974483e-09,7.853981633974483,0.007853981633974483,3.141592653589793e-06,0.003141592653589793,3.1415926535897927,500,10.0,5.0,5.0,5.0,0.2,1.0,3.141592653589793e-06,0.003141592653589793,3.1415926535897927,3.1415926535897927
B,0.4,0.0004,0.04,0.5,0.5,500.0,5.0,1.9634954084936207e-05,0.19634954084936207,7.853981633974483e-09,7.853981633974483,0.007853981633974483,3.926990816987241e-06,0.003926990816987241,3.926990816987241,500,10.0,5.0,5.0,1.0,1.0,5.0,1.9634954084936207e-05,0.019634954084936207,19.634954084936208,19.634954084936208
B,0.4,0.0004,0.04,0.5,0.5,500.0,5.0,1.9634954084936207e-05,0.19634954084936207,7.853981633974483e-09,7.853981633974483,0.007853981633974483,3.926990816987241e-06,0.003926990816987241,3.926990816987241,500,10.0,5.0,5.0,2.0,0.5,2.5,9.817477042468103e-06,0.009817477042468103,9.817477042468104,9.817477042468104
B,0.4,0.0004,0.04,0.5,0.5,500.0,5.0,1.9634954084936207e-05,0.19634954084936207,7.853981633974483e-09,7.853981633974483,0.007853981633974483,3.926990816987241e-06,0.003926990816987241,3.926990816987241,500,10.0,5.0,5.0,3.0,0.3333333333333333,1.6666666666666667,6.544984694978735e-06,0.006544984694978735,6.544984694978735,6.544984694978735
B,0.4,0.0004,0.04,0.5,0.5,500.0,5.0,1.9634954084936207e-05,0.19634954084936207,7.853981633974483e-09,7.853981633974483,0.007853981633974483,3.926990816987241e-06,0.003926990816987241,3.926990816987241,500,10.0,5.0,5.0,4.0,0.25,1.25,4.908738521234052e-06,0.004908738521234052,4.908738521234052,4.908738521234052
B,0.4,0.0004,0.04,0.5,0.5,500.0,5.0,1.9634954084936207e-05,0.19634954084936207,7.853981633974483e-09,7.853981633974483,0.007853981633974483,3.926990816987241e-06,0.003926990816987241,3.926990816987241,500,10.0,5.0,5.0,5.0,0.2,1.0,3.926990816987241e-06,0.003926990816987241,3.926990816987241,3.926990816987241
B,0.4,0.0004,0.04,0.6,0.6,600.0,5.0,1.9634954084936207e-05,0.19634954084936207,7.853981633974483e-09,7.853981633974483,0.007853981633974483,4.7123889803846896e-06,0.00471238898038469,4.71238898038469,500,10.0,5.0,5.0,1.0,1.0,5.0,2.356194490192345e-05,0.02356194490192345,23.56194490192345,23.56194490192345
B,0.4,0.0004,0.04,0.6,0.6,600.0,5.0,1.9634954084936207e-05,0.19634954084936207,7.853981633974483e-09,7.853981633974483,0.007853981633974483,4.7123889803846896e-06,0.00471238898038469,4.71238898038469,500,10.0,5.0,5.0,2.0,0.5,2.5,1.1780972450961725e-05,0.011780972450961725,11.780972450961725,11.780972450961725
B,0.4,0.0004,0.04,0.6,0.6,600.0,5.0,1.9634954084936207e-05,0.19634954084936207,7.853981633974483e-09,7.853981633974483,0.007853981633974483,4.7123889803846896e-06,0.00471238898038469,4.71238898038469,500,10.0,5.0,5.0,3.0,0.3333333333333333,1.6666666666666667,7.853981633974484e-06,0.007853981633974483,7.853981633974484,7.853981633974484
B,0.4,0.0004,0.04,0.6,0.6,600.0,5.0,1.9634954084936207e-05,0.19634954084936207,7.853981633974483e-09,7.853981633974483,0.007853981633974483,4.7123889803846896e-06,0.00471238898038469,4.71238898038469,500,10.0,5.0,5.0,4.0,0.25,1.25,5.890486225480862e-06,0.005890486225480863,5.8904862254808625,5.8904862254808625
B,0.4,0.0004,0.04,0.6,0.6,600.0,5.0,1.9634954084936207e-05,0.19634954084936207,7.853981633974483e-09,7.853981633974483,0.007853981633974483,4.7123889803846896e-06,0.00471238898038469,4.71238898038469,500,10.0,5.0,5.0,5.0,0.2,1.0,4.7123889803846896e-06,0.00471238898038469,4.71238898038469,4.71238898038469
B,0.5,0.0005,0.05,0.4,0.4,400.0,5.0,1.9634954084936207e-05,0.19634954084936207,9.817477042468104e-09,9.817477042468104,0.009817477042468103,3.926990816987242e-06,0.003926990816987242,3.926990816987242,500,10.0,5.0,5.0,1.0,1.0,5.0,1.963495408493621e-05,0.01963495408493621,19.63495408493621,19.63495408493621
B,0.5,0.0005,0.05,0.4,0.4,400.0,5.0,1.9634954084936207e-05,0.19634954084936207,9.817477042468104e-09,9.817477042468104,0.009817477042468103,3.926990816987242e-06,0.003926990816987242,3.926990816987242,500,10.0,5.0,5.0,2.0,0.5,2.5,9.817477042468105e-06,0.009817477042468105,9.817477042468106,9.817477042468106
B,0.5,0.0005,0.05,0.4,0.4,400.0,5.0,1.9634954084936207e-05,0.19634954084936207,9.817477042468104e-09,9.817477042468104,0.009817477042468103,3.926990816987242e-06,0.003926990816987242,3.926990816987242,500,10.0,5.0,5.0,3.0,0.3333333333333333,1.6666666666666667,6.544984694978737e-06,0.006544984694978737,6.544984694978737,6.544984694978737
B,0.5,0.0005,0.05,0.4,0.4,400.0,5.0,1.9634954084936207e-05,0.19634954084936207,9.817477042468104e-09,9.817477042468104,0.009817477042468103,3.926990816987242e-06,0.003926990816987242,3.926990816987242,500,10.0,5.0,5.0,4.0,0.25,1.25,4.9087385212340526e-06,0.004908738521234053,4.908738521234053,4.908738521234053
B,0.5,0.0005,0.05,0.4,0.4,400.0,5.0,1.9634954084936207e-05,0.19634954084936207,9.817477042468104e-09,9.817477042468104,0.009817477042468103,3.926990816987242e-06,0.003926990816987242,3.926990816987242,500,10.0,5.0,5.0,5.0,0.2,1.0,3.926990816987242e-06,0.003926990816987242,3.926990816987242,3.926990816987242
B,0.5,0.0005,0.05,0.5,0.5,500.0,5.0,1.9634954084936207e-05,0.19634954084936207,9.817477042468104e-09,9.817477042468104,0.009817477042468103,4.908738521234052e-06,0.004908738521234052,4.908738521234052,500,10.0,5.0,5.0,1.0,1.0,5.0,2.4543692606170257e-05,0.024543692606170255,24.543692606170254,24.543692606170254
B,0.5,0.0005,0.05,0.5,0.5,500.0,5.0,1.9634954084936207e-05,0.19634954084936207,9.817477042468104e-09,9.817477042468104,0.009817477042468103,4.908738521234052e-06,0.004908738521234052,4.908738521234052,500,10.0,5.0,5.0,2.0,0.5,2.5,1.2271846303085128e-05,0.012271846303085128,12.271846303085127,12.271846303085127
B,0.5,0.0005,0.05,0.5,0.5,500.0,5.0,1.9634954084936207e-05,0.19634954084936207,9.817477042468104e-09,9.817477042468104,0.009817477042468103,4.908738521234052e-06,0.004908738521234052,4.908738521234052,500,10.0,5.0,5.0,3.0,0.3333333333333333,1.6666666666666667,8.18123086872342e-06,0.00818123086872342,8.181230868723421,8.181230868723421
B,0.5,0.0005,0.05,0.5,0.5,500.0,5.0,1.9634954084936207e-05,0.19634954084936207,9.817477042468104e-09,9.817477042468104,0.009817477042468103,4.908738521234052e-06,0.004908738521234052,4.908738521234052,500,10.0,5.0,5.0,4.0,0.25,1.25,6.135923151542564e-06,0.006135923151542564,6.135923151542563,6.135923151542563
B,0.5,0.0005,0.05,0.5,0.5,500.0,5.0,1.9634954084936207e-05,0.19634954084936207,9.817477042468104e-09,9.817477042468104,0.009817477042468103,4.908738521234052e-06,0.004908738521234052,4.908738521234052,500,10.0,5.0,5.0,5.0,0.2,1.0,4.908738521234052e-06,0.004908738521234052,4.908738521234052,4.908738521234052
B,0.5,0.0005,0.05,0.6,0.6,600.0,5.0,1.9634954084936207e-05,0.19634954084936207,9.817477042468104e-09,9.817477042468104,0.009817477042468103,5.890486225480862e-06,0.005890486225480863,5.8904862254808625,500,10.0,5.0,5.0,1.0,1.0,5.0,2.9452431127404314e-05,0.029452431127404314,29.452431127404314,29.452431127404314
B,0.5,0.0005,0.05,0.6,0.6,600.0,5.0,1.9634954084936207e-05,0.19634954084936207,9.817477042468104e-09,9.817477042468104,0.009817477042468103,5.890486225480862e-06,0.005890486225480863,5.8904862254808625,500,10.0,5.0,5.0,2.0,0.5,2.5,1.4726215563702157e-05,0.014726215563702157,14.726215563702157,14.726215563702157
B,0.5,0.0005,0.05,0.6,0.6,600.0,5.0,1.9634954084936207e-05,0.19634954084936207,9.817477042468104e-09,9.817477042468104,0.009817477042468103,5.890486225480862e-06,0.005890486225480863,5.8904862254808625,500,10.0,5.0,5.0,3.0,0.3333333333333333,1.6666666666666667,9.817477042468105e-06,0.009817477042468105,9.817477042468106,9.817477042468106
B,0.5,0.0005,0.05,0.6,0.6,600.0,5.0,1.9634954084936207e-05,0.19634954084936207,9.817477042468104e-09,9.817477042468104,0.009817477042468103,5.890486225480862e-06,0.005890486225480863,5.8904862254808625,500,10.0,5.0,5.0,4.0,0.25,1.25,7.363107781851078e-06,0.0073631077818510785,7.363107781851078,7.363107781851078
B,0.5,0.0005,0.05,0.6,0.6,600.0,5.0,1.9634954084936207e-05,0.19634954084936207,9.817477042468104e-09,9.817477042468104,0.009817477042468103,5.890486225480862e-06,0.005890486225480863,5.8904862254808625,500,10.0,5.0,5.0,5.0,0.2,1.0,5.890486225480862e-06,0.005890486225480863,5.8904862254808625,5.8904862254808625
B,0.6,0.0006,0.06,0.4,0.4,400.0,5.0,1.9634954084936207e-05,0.19634954084936207,1.1780972450961723e-08,11.780972450961723,0.011780972450961723,4.7123889803846896e-06,0.00471238898038469,4.71238898038469,500,10.0,5.0,5.0,1.0,1.0,5.0,2.356194490192345e-05,0.02356194490192345,23.56194490192345,23.56194490192345
B,0.6,0.0006,0.06,0.4,0.4,400.0,5.0,1.9634954084936207e-05,0.19634954084936207,1.1780972450961723e-08,11.780972450961723,0.011780972450961723,4.7123889803846896e-06,0.00471238898038469,4.71238898038469,500,10.0,5.0,5.0,2.0,0.5,2.5,1.1780972450961725e-05,0.011780972450961725,11.780972450961725,11.780972450961725
B,0.6,0.0006,0.06,0.4,0.4,400.0,5.0,1.9634954084936207e-05,0.19634954084936207,1.1780972450961723e-08,11.780972450961723,0.011780972450961723,4.7123889803846896e-06,0.00471238898038469,4.71238898038469,500,10.0,5.0,5.0,3.0,0.3333333333333333,1.6666666666666667,7.853981633974484e-06,0.007853981633974483,7.853981633974484,7.853981633974484
B,0.6,0.0006,0.06,0.4,0.4,400.0,5.0,1.9634954084936207e-05,0.19634954084936207,1.1780972450961723e-08,11.780972450961723,0.011780972450961723,4.7123889803846896e-06,0.00471238898038469,4.71238898038469,500,10.0,5.0,5.0,4.0,0.25,1.25,5.890486225480862e-06,0.005890486225480863,5.8904862254808625,5.8904862254808625
B,0.6,0.0006,0.06,0.4,0.4,400.0,5.0,1.9634954084936207e-05,0.19634954084936207,1.1780972450961723e-08,11.780972450961723,0.011780972450961723,4.7123889803846896e-06,0.00471238898038469,4.71238898038469,500,10.0,5.0,5.0,5.0,0.2,1.0,4.7123889803846896e-06,0.00471238898038469,4.71238898038469,4.71238898038469
B,0.6,0.0006,0.06,0.5,0.5,500.0,5.0,1.9634954084936207e-05,0.19634954084936207,1.1780972450961723e-08,11.780972450961723,0.011780972450961723,5.8904862254808615e-06,0.005890486225480862,5.890486225480862,500,10.0,5.0,5.0,1.0,1.0,5.0,2.9452431127404307e-05,0.029452431127404307,29.452431127404306,29.452431127404306
B,0.6,0.0006,0.06,0.5,0.5,500.0,5.0,1.9634954084936207e-05,0.19634954084936207,1.1780972450961723e-08,11.780972450961723,0.011780972450961723,5.8904862254808615e-06,0.005890486225480862,5.890486225480862,500,10.0,5.0,5.0,2.0,0.5,2.5,1.4726215563702153e-05,0.014726215563702153,14.726215563702153,14.726215563702153
B,0.6,0.0006,0.06,0.5,0.5,500.0,5.0,1.9634954084936207e-05,0.19634954084936207,1.1780972450961723e-08,11.780972450961723,0.011780972450961723,5.8904862254808615e-06,0.005890486225480862,5.890486225480862,500,10.0,5.0,5.0,3.0,0.3333333333333333,1.6666666666666667,9.817477042468103e-06,0.009817477042468103,9.817477042468104,9.817477042468104
B,0.6,0.0006,0.06,0.5,0.5,500.0,5.0,1.9634954084936207e-05,0.19634954084936207,1.1780972450961723e-08,11.780972450961723,0.011780972450961723,5.8904862254808615e-06,0.005890486225480862,5.890486225480862,500,10.0,5.0,5.0,4.0,0.25,1.25,7.363107781851077e-06,0.007363107781851077,7.363107781851077,7.363107781851077
B,0.6,0.0006,0.06,0.5,0.5,500.0,5.0,1.9634954084936207e-05,0.19634954084936207,1.1780972450961723e-08,11.780972450961723,0.011780972450961723,5.8904862254808615e-06,0.005890486225480862,5.890486225480862,500,10.0,5.0,5.0,5.0,0.2,1.0,5.8904862254808615e-06,0.005890486225480862,5.890486225480862,5.890486225480862
B,0.6,0.0006,0.06,0.6,0.6,600.0,5.0,1.9634954084936207e-05,0.19634954084936207,1.1780972450961723e-08,11.780972450961723,0.011780972450961723,7.068583470577034e-06,0.007068583470577035,7.0685834705770345,500,10.0,5.0,5.0,1.0,1.0,5.0,3.534291735288517e-05,0.035342917352885174,35.34291735288517,35.34291735288517
B,0.6,0.0006,0.06,0.6,0.6,600.0,5.0,1.9634954084936207e-05,0.19634954084936207,1.1780972450961723e-08,11.780972450961723,0.011780972450961723,7.068583470577034e-06,0.007068583470577035,7.0685834705770345,500,10.0,5.0,5.0,2.0,0.5,2.5,1.7671458676442585e-05,0.017671458676442587,17.671458676442587,17.671458676442587
B,0.6,0.0006,0.06,0.6,0.6,600.0,5.0,1.9634954084936207e-05,0.19634954084936207,1.1780972450961723e-08,11.780972450961723,0.011780972450961723,7.068583470577034e-06,0.007068583470577035,7.0685834705770345,500,10.0,5.0,5.0,3.0,0.3333333333333333,1.6666666666666667,1.1780972450961725e-05,0.011780972450961725,11.780972450961725,11.780972450961725
B,0.6,0.0006,0.06,0.6,0.6,600.0,5.0,1.9634954084936207e-05,0.19634954084936207,1.1780972450961723e-08,11.780972450961723,0.011780972450961723,7.068583470577034e-06,0.007068583470577035,7.0685834705770345,500,10.0,5.0,5.0,4.0,0.25,1.25,8.835729338221293e-06,0.008835729338221293,8.835729338221293,8.835729338221293
B,0.6,0.0006,0.06,0.6,0.6,600.0,5.0,1.9634954084936207e-05,0.19634954084936207,1.1780972450961723e-08,11.780972450961723,0.011780972450961723,7.068583470577034e-06,0.007068583470577035,7.0685834705770345,500,10.0,5.0,5.0,5.0,0.2,1.0,7.068583470577034e-06,0.007068583470577035,7.0685834705770345,7.0685834705770345
B,0.7000000000000001,0.0007000000000000001,0.07,0.4,0.4,400.0,5.0,1.9634954084936207e-05,0.19634954084936207,1.3744467859455346e-08,13.744467859455346,0.013744467859455347,5.497787143782138e-06,0.005497787143782138,5.497787143782138,500,10.0,5.0,5.0,1.0,1.0,5.0,2.7488935718910692e-05,0.027488935718910694,27.488935718910692,27.488935718910692
B,0.7000000000000001,0.0007000000000000001,0.07,0.4,0.4,400.0,5.0,1.9634954084936207e-05,0.19634954084936207,1.3744467859455346e-08,13.744467859455346,0.013744467859455347,5.497787143782138e-06,0.005497787143782138,5.497787143782138,500,10.0,5.0,5.0,2.0,0.5,2.5,1.3744467859455346e-05,0.013744467859455347,13.744467859455346,13.744467859455346
B,0.7000000000000001,0.0007000000000000001,0.07,0.4,0.4,400.0,5.0,1.9634954084936207e-05,0.19634954084936207,1.3744467859455346e-08,13.744467859455346,0.013744467859455347,5.497787143782138e-06,0.005497787143782138,5.497787143782138,500,10.0,5.0,5.0,3.0,0.3333333333333333,1.6666666666666667,9.162978572970231e-06,0.00916297857297023,9.16297857297023,9.16297857297023
B,0.7000000000000001,0.0007000000000000001,0.07,0.4,0.4,400.0,5.0,1.9634954084936207e-05,0.19634954084936207,1.3744467859455346e-08,13.744467859455346,0.013744467859455347,5.497787143782138e-06,0.005497787143782138,5.497787143782138,500,10.0,5.0,5.0,4.0,0.25,1.25,6.872233929727673e-06,0.0068722339297276735,6.872233929727673,6.872233929727673
B,0.7000000000000001,0.0007000000000000001,0.07,0.4,0.4,400.0,5.0,1.9634954084936207e-05,0.19634954084936207,1.3744467859455346e-08,13.744467859455346,0.013744467859455347,5.497787143782138e-06,0.005497787143782138,5.497787143782138,500,10.0,5.0,5.0,5.0,0.2,1.0,5.497787143782138e-06,0.005497787143782138,5.497787143782138,5.497787143782138
B,0.7000000000000001,0.0007000000000000001,0.07,0.5,0.5,500.0,5.0,1.9634954084936207e-05,0.19634954084936207,1.3744467859455346e-08,13.744467859455346,0.013744467859455347,6.872233929727673e-06,0.0068722339297276735,6.872233929727673,500,10.0,5.0,5.0,1.0,1.0,5.0,3.4361169648638364e-05,0.03436116964863836,34.36116964863836,34.36116964863836
B,0.7000000000000001,0.0007000000000000001,0.07,0.5,0.5,500.0,5.0,1.9634954084936207e-05,0.19634954084936207,1.3744467859455346e-08,13.744467859455346,0.013744467859455347,6.872233929727673e-06,0.0068722339297276735,6.872233929727673,500,10.0,5.0,5.0,2.0,0.5,2.5,1.7180584824319182e-05,0.01718058482431918,17.18058482431918,17.18058482431918
B,0.7000000000000001,0.0007000000000000001,0.07,0.5,0.5,500.0,5.0,1.9634954084936207e-05,0.19634954084936207,1.3744467859455346e-08,13.744467859455346,0.013744467859455347,6.872233929727673e-06,0.0068722339297276735,6.872233929727673,500,10.0,5.0,5.0,3.0,0.3333333333333333,1.6666666666666667,1.145372321621279e-05,0.01145372321621279,11.45372321621279,11.45372321621279
B,0.7000000000000001,0.0007000000000000001,0.07,0.5,0.5,500.0,5.0,1.9634954084936207e-05,0.19634954084936207,1.3744467859455346e-08,13.744467859455346,0.013744467859455347,6.872233929727673e-06,0.0068722339297276735,6.872233929727673,500,10.0,5.0,5.0,4.0,0.25,1.25,8.590292412159591e-06,0.00859029241215959,8.59029241215959,8.59029241215959
B,0.7000000000000001,0.0007000000000000001,0.07,0.5,0.5,500.0,5.0,1.9634954084936207e-05,0.19634954084936207,1.3744467859455346e-08,13.744467859455346,0.013744467859455347,6.872233929727673e-06,0.0068722339297276735,6.872233929727673,500,10.0,5.0,5.0,5.0,0.2,1.0,6.872233929727673e-06,0.0068722339297276735,6.872233929727673,6.872233929727673
B,0.7000000000000001,0.0007000000000000001,0.07,0.6,0.6,600.0,5.0,1.9634954084936207e-05,0.19634954084936207,1.3744467859455346e-08,13.744467859455346,0.013744467859455347,8.246680715673208e-06,0.008246680715673207,8.246680715673207,500,10.0,5.0,5.0,1.0,1.0,5.0,4.123340357836604e-05,0.041233403578366044,41.233403578366044,41.233403578366044
B,0.7000000000000001,0.0007000000000000001,0.07,0.6,0.6,600.0,5.0,1.9634954084936207e-05,0.19634954084936207,1.3744467859455346e-08,13.744467859455346,0.013744467859455347,8.246680715673208e-06,0.008246680715673207,8.246680715673207,500,10.0,5.0,5.0,2.0,0.5,2.5,2.061670178918302e-05,0.020616701789183022,20.616701789183022,20.616701789183022
B,0.7000000000000001,0.0007000000000000001,0.07,0.6,0.6,600.0,5.0,1.9634954084936207e-05,0.19634954084936207,1.3744467859455346e-08,13.744467859455346,0.013744467859455347,8.246680715673208e-06,0.008246680715673207,8.246680715673207,500,10.0,5.0,5.0,3.0,0.3333333333333333,1.6666666666666667,1.3744467859455348e-05,0.013744467859455347,13.744467859455346,13.744467859455346
B,0.7000000000000001,0.0007000000000000001,0.07,0.6,0.6,600.0,5.0,1.9634954084936207e-05,0.19634954084936207,1.3744467859455346e-08,13.744467859455346,0.013744467859455347,8.246680715673208e-06,0.008246680715673207,8.246680715673207,500,10.0,5.0,5.0,4.0,0.25,1.25,1.030835089459151e-05,0.010308350894591511,10.308350894591511,10.308350894591511
B,0.7000000000000001,0.0007000000000000001,0.07,0.6,0.6,600.0,5.0,1.9634954084936207e-05,0.19634954084936207,1.3744467859455346e-08,13.744467859455346,0.013744467859455347,8.246680715673208e-06,0.008246680715673207,8.246680715673207,500,10.0,5.0,5.0,5.0,0.2,1.0,8.246680715673208e-06,0.008246680715673207,8.246680715673207,8.246680715673207
B,0.8,0.0008,0.08,0.4,0.4,400.0,5.0,1.9634954084936207e-05,0.19634954084936207,1.5707963267948965e-08,15.707963267948966,0.015707963267948967,6.283185307179586e-06,0.006283185307179586,6.283185307179585,500,10.0,5.0,5.0,1.0,1.0,5.0,3.141592653589793e-05,0.03141592653589793,31.415926535897928,31.415926535897928
B,0.8,0.0008,0.08,0.4,0.4,400.0,5.0,1.9634954084936207e-05,0.19634954084936207,1.5707963267948965e-08,15.707963267948966,0.015707963267948967,6.283185307179586e-06,0.006283185307179586,6.283185307179585,500,10.0,5.0,5.0,2.0,0.5,2.5,1.5707963267948964e-05,0.015707963267948963,15.707963267948964,15.707963267948964
B,0.8,0.0008,0.08,0.4,0.4,400.0,5.0,1.9634954084936207e-05,0.19634954084936207,1.5707963267948965e-08,15.707963267948966,0.015707963267948967,6.283185307179586e-06,0.006283185307179586,6.283185307179585,500,10.0,5.0,5.0,3.0,0.3333333333333333,1.6666666666666667,1.0471975511965977e-05,0.010471975511965978,10.471975511965978,10.471975511965978
B,0.8,0.0008,0.08,0.4,0.4,400.0,5.0,1.9634954084936207e-05,0.19634954084936207,1.5707963267948965e-08,15.707963267948966,0.015707963267948967,6.283185307179586e-06,0.006283185307179586,6.283185307179585,500,10.0,5.0,5.0,4.0,0.25,1.25,7.853981633974482e-06,0.007853981633974482,7.853981633974482,7.853981633974482
B,0.8,0.0008,0.08,0.4,0.4,400.0,5.0,1.9634954084936207e-05,0.19634954084936207,1.5707963267948965e-08,15.707963267948966,0.015707963267948967,6.283185307179586e-06,0.006283185307179586,6.283185307179585,500,10.0,5.0,5.0,5.0,0.2,1.0,6.283185307179586e-06,0.006283185307179586,6.283185307179585,6.283185307179585
B,0.8,0.0008,0.08,0.5,0.5,500.0,5.0,1.9634954084936207e-05,0.19634954084936207,1.5707963267948965e-08,15.707963267948966,0.015707963267948967,7.853981633974482e-06,0.007853981633974482,7.853981633974482,500,10.0,5.0,5.0,1.0,1.0,5.0,3.9269908169872414e-05,0.039269908169872414,39.269908169872416,39.269908169872416
B,0.8,0.0008,0.08,0.5,0.5,500.0,5.0,1.9634954084936207e-05,0.19634954084936207,1.5707963267948965e-08,15.707963267948966,0.015707963267948967,7.853981633974482e-06,0.007853981633974482,7.853981633974482,500,10.0,5.0,5.0,2.0,0.5,2.5,1.9634954084936207e-05,0.019634954084936207,19.634954084936208,19.634954084936208
B,0.8,0.0008,0.08,0.5,0.5,500.0,5.0,1.9634954084936207e-05,0.19634954084936207,1.5707963267948965e-08,15.707963267948966,0.015707963267948967,7.853981633974482e-06,0.007853981633974482,7.853981633974482,500,10.0,5.0,5.0,3.0,0.3333333333333333,1.6666666666666667,1.308996938995747e-05,0.01308996938995747,13.08996938995747,13.08996938995747
B,0.8,0.0008,0.08,0.5,0.5,500.0,5.0,1.9634954084936207e-05,0.19634954084936207,1.5707963267948965e-08,15.707963267948966,0.015707963267948967,7.853981633974482e-06,0.007853981633974482,7.853981633974482,500,10.0,5.0,5.0,4.0,0.25,1.25,9.817477042468103e-06,0.009817477042468103,9.817477042468104,9.817477042468104
B,0.8,0.0008,0.08,0.5,0.5,500.0,5.0,1.9634954084936207e-05,0.19634954084936207,1.5707963267948965e-08,15.707963267948966,0.015707963267948967,7.853981633974482e-06,0.007853981633974482,7.853981633974482,500,10.0,5.0,5.0,5.0,0.2,1.0,7.853981633974482e-06,0.007853981633974482,7.853981633974482,7.853981633974482
B,0.8,0.0008,0.08,0.6,0.6,600.0,5.0,1.9634954084936207e-05,0.19634954084936207,1.5707963267948965e-08,15.707963267948966,0.015707963267948967,9.424777960769379e-06,0.00942477796076938,9.42477796076938,500,10.0,5.0,5.0,1.0,1.0,5.0,4.71238898038469e-05,0.0471238898038469,47.1238898038469,47.1238898038469
B,0.8,0.0008,0.08,0.6,0.6,600.0,5.0,1.9634954084936207e-05,0.19634954084936207,1.5707963267948965e-08,15.707963267948966,0.015707963267948967,9.424777960769379e-06,0.00942477796076938,9.42477796076938,500,10.0,5.0,5.0,2.0,0.5,2.5,2.356194490192345e-05,0.02356194490192345,23.56194490192345,23.56194490192345
B,0.8,0.0008,0.08,0.6,0.6,600.0,5.0,1.9634954084936207e-05,0.19634954084936207,1.5707963267948965e-08,15.707963267948966,0.015707963267948967,9.424777960769379e-06,0.00942477796076938,9.42477796076938,500,10.0,5.0,5.0,3.0,0.3333333333333333,1.6666666666666667,1.5707963267948967e-05,0.015707963267948967,15.707963267948967,15.707963267948967
B,0.8,0.0008,0.08,0.6,0.6,600.0,5.0,1.9634954084936207e-05,0.19634954084936207,1.5707963267948965e-08,15.707963267948966,0.015707963267948967,9.424777960769379e-06,0.00942477796076938,9.42477796076938,500,10.0,5.0,5.0,4.0,0.25,1.25,1.1780972450961725e-05,0.011780972450961725,11.780972450961725,11.780972450961725
B,0.8,0.0008,0.08,0.6,0.6,600.0,5.0,1.9634954084936207e-05,0.19634954084936207,1.5707963267948965e-08,15.707963267948966,0.015707963267948967,9.424777960769379e-06,0.00942477796076938,9.42477796076938,500,10.0,5.0,5.0,5.0,0.2,1.0,9.424777960769379e-06,0.00942477796076938,9.42477796076938,9.42477796076938
B,0.9,0.0009,0.09,0.4,0.4,400.0,5.0,1.9634954084936207e-05,0.19634954084936207,1.7671458676442587e-08,17.671458676442587,0.017671458676442587,7.068583470577034e-06,0.007068583470577035,7.0685834705770345,500,10.0,5.0,5.0,1.0,1.0,5.0,3.534291735288517e-05,0.035342917352885174,35.34291735288517,35.34291735288517
B,0.9,0.0009,0.09,0.4,0.4,400.0,5.0,1.9634954084936207e-05,0.19634954084936207,1.7671458676442587e-08,17.671458676442587,0.017671458676442587,7.068583470577034e-06,0.007068583470577035,7.0685834705770345,500,10.0,5.0,5.0,2.0,0.5,2.5,1.7671458676442585e-05,0.017671458676442587,17.671458676442587,17.671458676442587
B,0.9,0.0009,0.09,0.4,0.4,400.0,5.0,1.9634954084936207e-05,0.19634954084936207,1.7671458676442587e-08,17.671458676442587,0.017671458676442587,7.068583470577034e-06,0.007068583470577035,7.0685834705770345,500,10.0,5.0,5.0,3.0,0.3333333333333333,1.6666666666666667,1.1780972450961725e-05,0.011780972450961725,11.780972450961725,11.780972450961725
B,0.9,0.0009,0.09,0.4,0.4,400.0,5.0,1.9634954084936207e-05,0.19634954084936207,1.7671458676442587e-08,17.671458676442587,0.017671458676442587,7.068583470577034e-06,0.007068583470577035,7.0685834705770345,500,10.0,5.0,5.0,4.0,0.25,1.25,8.835729338221293e-06,0.008835729338221293,8.835729338221293,8.835729338221293
B,0.9,0.0009,0.09,0.4,0.4,400.0,5.0,1.9634954084936207e-05,0.19634954084936207,1.7671458676442587e-08,17.671458676442587,0.017671458676442587,7.068583470577034e-06,0.007068583470577035,7.0685834705770345,500,10.0,5.0,5.0,5.0,0.2,1.0,7.068583470577034e-06,0.007068583470577035,7.0685834705770345,7.0685834705770345
B,0.9,0.0009,0.09,0.5,0.5,500.0,5.0,1.9634954084936207e-05,0.19634954084936207,1.7671458676442587e-08,17.671458676442587,0.017671458676442587,8.835729338221293e-06,0.008835729338221293,8.835729338221293,500,10.0,5.0,5.0,1.0,1.0,5.0,4.4178646691106464e-05,0.044178646691106466,44.178646691106465,44.178646691106465
B,0.9,0.0009,0.09,0.5,0.5,500.0,5.0,1.9634954084936207e-05,0.19634954084936207,1.7671458676442587e-08,17.671458676442587,0.017671458676442587,8.835729338221293e-06,0.008835729338221293,8.835729338221293,500,10.0,5.0,5.0,2.0,0.5,2.5,2.2089323345553232e-05,0.022089323345553233,22.089323345553233,22.089323345553233
B,0.9,0.0009,0.09,0.5,0.5,500.0,5.0,1.9634954084936207e-05,0.19634954084936207,1.7671458676442587e-08,17.671458676442587,0.017671458676442587,8.835729338221293e-06,0.008835729338221293,8.835729338221293,500,10.0,5.0,5.0,3.0,0.3333333333333333,1.6666666666666667,1.4726215563702155e-05,0.014726215563702155,14.726215563702155,14.726215563702155
B,0.9,0.0009,0.09,0.5,0.5,500.0,5.0,1.9634954084936207e-05,0.19634954084936207,1.7671458676442587e-08,17.671458676442587,0.017671458676442587,8.835729338221293e-06,0.008835729338221293,8.835729338221293,500,10.0,5.0,5.0,4.0,0.25,1.25,1.1044661672776616e-05,0.011044661672776616,11.044661672776616,11.044661672776616
B,0.9,0.0009,0.09,0.5,0.5,500.0,5.0,1.9634954084936207e-05,0.19634954084936207,1.7671458676442587e-08,17.671458676442587,0.017671458676442587,8.835729338221293e-06,0.008835729338221293,8.835729338221293,500,10.0,5.0,5.0,5.0,0.2,1.0,8.835729338221293e-06,0.008835729338221293,8.835729338221293,8.835729338221293
B,0.9,0.0009,0.09,0.6,0.6,600.0,5.0,1.9634954084936207e-05,0.19634954084936207,1.7671458676442587e-08,17.671458676442587,0.017671458676442587,1.0602875205865552e-05,0.010602875205865551,10.602875205865551,500,10.0,5.0,5.0,1.0,1.0,5.0,5.3014376029327756e-05,0.05301437602932776,53.01437602932776,53.01437602932776
B,0.9,0.0009,0.09,0.6,0.6,600.0,5.0,1.9634954084936207e-05,0.19634954084936207,1.7671458676442587e-08,17.671458676442587,0.017671458676442587,1.0602875205865552e-05,0.010602875205865551,10.602875205865551,500,10.0,5.0,5.0,2.0,0.5,2.5,2.6507188014663878e-05,0.02650718801466388,26.50718801466388,26.50718801466388
B,0.9,0.0009,0.09,0.6,0.6,600.0,5.0,1.9634954084936207e-05,0.19634954084936207,1.7671458676442587e-08,17.671458676442587,0.017671458676442587,1.0602875205865552e-05,0.010602875205865551,10.602875205865551,500,10.0,5.0,5.0,3.0,0.3333333333333333,1.6666666666666667,1.767145867644259e-05,0.01767145867644259,17.67145867644259,17.67145867644259
B,0.9,0.0009,0.09,0.6,0.6,600.0,5.0,1.9634954084936207e-05,0.19634954084936207,1.7671458676442587e-08,17.671458676442587,0.017671458676442587,1.0602875205865552e-05,0.010602875205865551,10.602875205865551,500,10.0,5.0,5.0,4.0,0.25,1.25,1.3253594007331939e-05,0.01325359400733194,13.25359400733194,13.25359400733194
B,0.9,0.0009,0.09,0.6,0.6,600.0,5.0,1.9634954084936207e-05,0.19634954084936207,1.7671458676442587e-08,17.671458676442587,0.017671458676442587,1.0602875205865552e-05,0.010602875205865551,10.602875205865551,500,10.0,5.0,5.0,5.0,0.2,1.0,1.0602875205865552e-05,0.010602875205865551,10.602875205865551,10.602875205865551
B,1.0,0.001,0.1,0.4,0.4,400.0,5.0,1.9634954084936207e-05,0.19634954084936207,1.9634954084936208e-08,19.634954084936208,0.019634954084936207,7.853981633974484e-06,0.007853981633974483,7.853981633974484,500,10.0,5.0,5.0,1.0,1.0,5.0,3.926990816987242e-05,0.03926990816987242,39.26990816987242,39.26990816987242
B,1.0,0.001,0.1,0.4,0.4,400.0,5.0,1.9634954084936207e-05,0.19634954084936207,1.9634954084936208e-08,19.634954084936208,0.019634954084936207,7.853981633974484e-06,0.007853981633974483,7.853981633974484,500,10.0,5.0,5.0,2.0,0.5,2.5,1.963495408493621e-05,0.01963495408493621,19.63495408493621,19.63495408493621
B,1.0,0.001,0.1,0.4,0.4,400.0,5.0,1.9634954084936207e-05,0.19634954084936207,1.9634954084936208e-08,19.634954084936208,0.019634954084936207,7.853981633974484e-06,0.007853981633974483,7.853981633974484,500,10.0,5.0,5.0,3.0,0.3333333333333333,1.6666666666666667,1.3089969389957474e-05,0.013089969389957474,13.089969389957474,13.089969389957474
B,1.0,0.001,0.1,0.4,0.4,400.0,5.0,1.9634954084936207e-05,0.19634954084936207,1.9634954084936208e-08,19.634954084936208,0.019634954084936207,7.853981633974484e-06,0.007853981633974483,7.853981633974484,500,10.0,5.0,5.0,4.0,0.25,1.25,9.817477042468105e-06,0.009817477042468105,9.817477042468106,9.817477042468106
B,1.0,0.001,0.1,0.4,0.4,400.0,5.0,1.9634954084936207e-05,0.19634954084936207,1.9634954084936208e-08,19.634954084936208,0.019634954084936207,7.853981633974484e-06,0.007853981633974483,7.853981633974484,500,10.0,5.0,5.0,5.0,0.2,1.0,7.853981633974484e-06,0.007853981633974483,7.853981633974484,7.853981633974484
B,1.0,0.001,0.1,0.5,0.5,500.0,5.0,1.9634954084936207e-05,0.19634954084936207,1.9634954084936208e-08,19.634954084936208,0.019634954084936207,9.817477042468103e-06,0.009817477042468103,9.817477042468104,500,10.0,5.0,5.0,1.0,1.0,5.0,4.9087385212340514e-05,0.04908738521234051,49.08738521234051,49.08738521234051
B,1.0,0.001,0.1,0.5,0.5,500.0,5.0,1.9634954084936207e-05,0.19634954084936207,1.9634954084936208e-08,19.634954084936208,0.019634954084936207,9.817477042468103e-06,0.009817477042468103,9.817477042468104,500,10.0,5.0,5.0,2.0,0.5,2.5,2.4543692606170257e-05,0.024543692606170255,24.543692606170254,24.543692606170254
B,1.0,0.001,0.1,0.5,0.5,500.0,5.0,1.9634954084936207e-05,0.19634954084936207,1.9634954084936208e-08,19.634954084936208,0.019634954084936207,9.817477042468103e-06,0.009817477042468103,9.817477042468104,500,10.0,5.0,5.0,3.0,0.3333333333333333,1.6666666666666667,1.636246173744684e-05,0.01636246173744684,16.362461737446843,16.362461737446843
B,1.0,0.001,0.1,0.5,0.5,500.0,5.0,1.9634954084936207e-05,0.19634954084936207,1.9634954084936208e-08,19.634954084936208,0.019634954084936207,9.817477042468103e-06,0.009817477042468103,9.817477042468104,500,10.0,5.0,5.0,4.0,0.25,1.25,1.2271846303085128e-05,0.012271846303085128,12.271846303085127,12.271846303085127
B,1.0,0.001,0.1,0.5,0.5,500.0,5.0,1.9634954084936207e-05,0.19634954084936207,1.9634954084936208e-08,19.634954084936208,0.019634954084936207,9.817477042468103e-06,0.009817477042468103,9.817477042468104,500,10.0,5.0,5.0,5.0,0.2,1.0,9.817477042468103e-06,0.009817477042468103,9.817477042468104,9.817477042468104
B,1.0,0.001,0.1,0.6,0.6,600.0,5.0,1.9634954084936207e-05,0.19634954084936207,1.9634954084936208e-08,19.634954084936208,0.019634954084936207,1.1780972450961725e-05,0.011780972450961725,11.780972450961725,500,10.0,5.0,5.0,1.0,1.0,5.0,5.890486225480863e-05,0.05890486225480863,58.90486225480863,58.90486225480863
B,1.0,0.001,0.1,0.6,0.6,600.0,5.0,1.9634954084936207e-05,0.19634954084936207,1.9634954084936208e-08,19.634954084936208,0.019634954084936207,1.1780972450961725e-05,0.011780972450961725,11.780972450961725,500,10.0,5.0,5.0,2.0,0.5,2.5,2.9452431127404314e-05,0.029452431127404314,29.452431127404314,29.452431127404314
B,1.0,0.001,0.1,0.6,0.6,600.0,5.0,1.9634954084936207e-05,0.19634954084936207,1.9634954084936208e-08,19.634954084936208,0.019634954084936207,1.1780972450961725e-05,0.011780972450961725,11.780972450961725,500,10.0,5.0,5.0,3.0,0.3333333333333333,1.6666666666666667,1.963495408493621e-05,0.01963495408493621,19.63495408493621,19.63495408493621
B,1.0,0.001,0.1,0.6,0.6,600.0,5.0,1.9634954084936207e-05,0.19634954084936207,1.9634954084936208e-08,19.634954084936208,0.019634954084936207,1.1780972450961725e-05,0.011780972450961725,11.780972450961725,500,10.0,5.0,5.0,4.0,0.25,1.25,1.4726215563702157e-05,0.014726215563702157,14.726215563702157,14.726215563702157
B,1.0,0.001,0.1,0.6,0.6,600.0,5.0,1.9634954084936207e-05,0.19634954084936207,1.9634954084936208e-08,19.634954084936208,0.019634954084936207,1.1780972450961725e-05,0.011780972450961725,11.780972450961725,500,10.0,5.0,5.0,5.0,0.2,1.0,1.1780972450961725e-05,0.011780972450961725,11.780972450961725,11.780972450961725
B,1.1,0.0011,0.11000000000000001,0.4,0.4,400.0,5.0,1.9634954084936207e-05,0.19634954084936207,2.159844949342983e-08,21.59844949342983,0.02159844949342983,8.639379797371932e-06,0.008639379797371931,8.639379797371932,500,10.0,5.0,5.0,1.0,1.0,5.0,4.319689898685966e-05,0.04319689898685966,43.19689898685966,43.19689898685966
B,1.1,0.0011,0.11000000000000001,0.4,0.4,400.0,5.0,1.9634954084936207e-05,0.19634954084936207,2.159844949342983e-08,21.59844949342983,0.02159844949342983,8.639379797371932e-06,0.008639379797371931,8.639379797371932,500,10.0,5.0,5.0,2.0,0.5,2.5,2.159844949342983e-05,0.02159844949342983,21.59844949342983,21.59844949342983
B,1.1,0.0011,0.11000000000000001,0.4,0.4,400.0,5.0,1.9634954084936207e-05,0.19634954084936207,2.159844949342983e-08,21.59844949342983,0.02159844949342983,8.639379797371932e-06,0.008639379797371931,8.639379797371932,500,10.0,5.0,5.0,3.0,0.3333333333333333,1.6666666666666667,1.4398966328953222e-05,0.014398966328953221,14.398966328953222,14.398966328953222
B,1.1,0.0011,0.11000000000000001,0.4,0.4,400.0,5.0,1.9634954084936207e-05,0.19634954084936207,2.159844949342983e-08,21.59844949342983,0.02159844949342983,8.639379797371932e-06,0.008639379797371931,8.639379797371932,500,10.0,5.0,5.0,4.0,0.25,1.25,1.0799224746714916e-05,0.010799224746714915,10.799224746714915,10.799224746714915
B,1.1,0.0011,0.11000000000000001,0.4,0.4,400.0,5.0,1.9634954084936207e-05,0.19634954084936207,2.159844949342983e-08,21.59844949342983,0.02159844949342983,8.639379797371932e-06,0.008639379797371931,8.639379797371932,500,10.0,5.0,5.0,5.0,0.2,1.0,8.639379797371932e-06,0.008639379797371931,8.639379797371932,8.639379797371932
B,1.1,0.0011,0.11000000000000001,0.5,0.5,500.0,5.0,1.9634954084936207e-05,0.19634954084936207,2.159844949342983e-08,21.59844949342983,0.02159844949342983,1.0799224746714914e-05,0.010799224746714913,10.799224746714913,500,10.0,5.0,5.0,1.0,1.0,5.0,5.399612373357457e-05,0.05399612373357457,53.99612373357457,53.99612373357457
B,1.1,0.0011,0.11000000000000001,0.5,0.5,500.0,5.0,1.9634954084936207e-05,0.19634954084936207,2.159844949342983e-08,21.59844949342983,0.02159844949342983,1.0799224746714914e-05,0.010799224746714913,10.799224746714913,500,10.0,5.0,5.0,2.0,0.5,2.5,2.6998061866787285e-05,0.026998061866787285,26.998061866787285,26.998061866787285
B,1.1,0.0011,0.11000000000000001,0.5,0.5,500.0,5.0,1.9634954084936207e-05,0.19634954084936207,2.159844949342983e-08,21.59844949342983,0.02159844949342983,1.0799224746714914e-05,0.010799224746714913,10.799224746714913,500,10.0,5.0,5.0,3.0,0.3333333333333333,1.6666666666666667,1.7998707911191526e-05,0.017998707911191524,17.998707911191524,17.998707911191524
B,1.1,0.0011,0.11000000000000001,0.5,0.5,500.0,5.0,1.9634954084936207e-05,0.19634954084936207,2.159844949342983e-08,21.59844949342983,0.02159844949342983,1.0799224746714914e-05,0.010799224746714913,10.799224746714913,500,10.0,5.0,5.0,4.0,0.25,1.25,1.3499030933393643e-05,0.013499030933393642,13.499030933393643,13.499030933393643
B,1.1,0.0011,0.11000000000000001,0.5,0.5,500.0,5.0,1.9634954084936207e-05,0.19634954084936207,2.159844949342983e-08,21.59844949342983,0.02159844949342983,1.0799224746714914e-05,0.010799224746714913,10.799224746714913,500,10.0,5.0,5.0,5.0,0.2,1.0,1.0799224746714914e-05,0.010799224746714913,10.799224746714913,10.799224746714913
B,1.1,0.0011,0.11000000000000001,0.6,0.6,600.0,5.0,1.9634954084936207e-05,0.19634954084936207,2.159844949342983e-08,21.59844949342983,0.02159844949342983,1.2959069696057898e-05,0.012959069696057897,12.959069696057897,500,10.0,5.0,5.0,1.0,1.0,5.0,6.479534848028948e-05,0.06479534848028949,64.79534848028949,64.79534848028949
B,1.1,0.0011,0.11000000000000001,0.6,0.6,600.0,5.0,1.9634954084936207e-05,0.19634954084936207,2.159844949342983e-08,21.59844949342983,0.02159844949342983,1.2959069696057898e-05,0.012959069696057897,12.959069696057897,500,10.0,5.0,5.0,2.0,0.5,2.5,3.239767424014474e-05,0.032397674240144746,32.397674240144745,32.397674240144745
B,1.1,0.0011,0.11000000000000001,0.6,0.6,600.0,5.0,1.9634954084936207e-05,0.19634954084936207,2.159844949342983e-08,21.59844949342983,0.02159844949342983,1.2959069696057898e-05,0.012959069696057897,12.959069696057897,500,10.0,5.0,5.0,3.0,0.3333333333333333,1.6666666666666667,2.159844949342983e-05,0.02159844949342983,21.59844949342983,21.59844949342983
B,1.1,0.0011,0.11000000000000001,0.6,0.6,600.0,5.0,1.9634954084936207e-05,0.19634954084936207,2.159844949342983e-08,21.59844949342983,0.02159844949342983,1.2959069696057898e-05,0.012959069696057897,12.959069696057897,500,10.0,5.0,5.0,4.0,0.25,1.25,1.619883712007237e-05,0.016198837120072373,16.198837120072373,16.198837120072373
B,1.1,0.0011,0.11000000000000001,0.6,0.6,600.0,5.0,1.9634954084936207e-05,0.19634954084936207,2.159844949342983e-08,21.59844949342983,0.02159844949342983,1.2959069696057898e-05,0.012959069696057897,12.959069696057897,500,10.0,5.0,5.0,5.0,0.2,1.0,1.2959069696057898e-05,0.012959069696057897,12.959069696057897,12.959069696057897
B,1.2000000000000002,0.0012000000000000001,0.12000000000000002,0.4,0.4,400.0,5.0,1.9634954084936207e-05,0.19634954084936207,2.356194490192345e-08,23.56194490192345,0.023561944901923454,9.424777960769379e-06,0.00942477796076938,9.42477796076938,500,10.0,5.0,5.0,1.0,1.0,5.0,4.71238898038469e-05,0.0471238898038469,47.1238898038469,47.1238898038469
B,1.2000000000000002,0.0012000000000000001,0.12000000000000002,0.4,0.4,400.0,5.0,1.9634954084936207e-05,0.19634954084936207,2.356194490192345e-08,23.56194490192345,0.023561944901923454,9.424777960769379e-06,0.00942477796076938,9.42477796076938,500,10.0,5.0,5.0,2.0,0.5,2.5,2.356194490192345e-05,0.02356194490192345,23.56194490192345,23.56194490192345
B,1.2000000000000002,0.0012000000000000001,0.12000000000000002,0.4,0.4,400.0,5.0,1.9634954084936207e-05,0.19634954084936207,2.356194490192345e-08,23.56194490192345,0.023561944901923454,9.424777960769379e-06,0.00942477796076938,9.42477796076938,500,10.0,5.0,5.0,3.0,0.3333333333333333,1.6666666666666667,1.5707963267948967e-05,0.015707963267948967,15.707963267948967,15.707963267948967
B,1.2000000000000002,0.0012000000000000001,0.12000000000000002,0.4,0.4,400.0,5.0,1.9634954084936207e-05,0.19634954084936207,2.356194490192345e-08,23.56194490192345,0.023561944901923454,9.424777960769379e-06,0.00942477796076938,9.42477796076938,500,10.0,5.0,5.0,4.0,0.25,1.25,1.1780972450961725e-05,0.011780972450961725,11.780972450961725,11.780972450961725
B,1.2000000000000002,0.0012000000000000001,0.12000000000000002,0.4,0.4,400.0,5.0,1.9634954084936207e-05,0.19634954084936207,2.356194490192345e-08,23.56194490192345,0.023561944901923454,9.424777960769379e-06,0.00942477796076938,9.42477796076938,500,10.0,5.0,5.0,5.0,0.2,1.0,9.424777960769379e-06,0.00942477796076938,9.42477796076938,9.42477796076938
B,1.2000000000000002,0.0012000000000000001,0.12000000000000002,0.5,0.5,500.0,5.0,1.9634954084936207e-05,0.19634954084936207,2.356194490192345e-08,23.56194490192345,0.023561944901923454,1.1780972450961725e-05,0.011780972450961725,11.780972450961725,500,10.0,5.0,5.0,1.0,1.0,5.0,5.890486225480863e-05,0.05890486225480863,58.90486225480863,58.90486225480863
B,1.2000000000000002,0.0012000000000000001,0.12000000000000002,0.5,0.5,500.0,5.0,1.9634954084936207e-05,0.19634954084936207,2.356194490192345e-08,23.56194490192345,0.023561944901923454,1.1780972450961725e-05,0.011780972450961725,11.780972450961725,500,10.0,5.0,5.0,2.0,0.5,2.5,2.9452431127404314e-05,0.029452431127404314,29.452431127404314,29.452431127404314
B,1.2000000000000002,0.0012000000000000001,0.12000000000000002,0.5,0.5,500.0,5.0,1.9634954084936207e-05,0.19634954084936207,2.356194490192345e-08,23.56194490192345,0.023561944901923454,1.1780972450961725e-05,0.011780972450961725,11.780972450961725,500,10.0,5.0,5.0,3.0,0.3333333333333333,1.6666666666666667,1.963495408493621e-05,0.01963495408493621,19.63495408493621,19.63495408493621
B,1.2000000000000002,0.0012000000000000001,0.12000000000000002,0.5,0.5,500.0,5.0,1.9634954084936207e-05,0.19634954084936207,2.356194490192345e-08,23.56194490192345,0.023561944901923454,1.1780972450961725e-05,0.011780972450961725,11.780972450961725,500,10.0,5.0,5.0,4.0,0.25,1.25,1.4726215563702157e-05,0.014726215563702157,14.726215563702157,14.726215563702157
B,1.2000000000000002,0.0012000000000000001,0.12000000000000002,0.5,0.5,500.0,5.0,1.9634954084936207e-05,0.19634954084936207,2.356194490192345e-08,23.56194490192345,0.023561944901923454,1.1780972450961725e-05,0.011780972450961725,11.780972450961725,500,10.0,5.0,5.0,5.0,0.2,1.0,1.1780972450961725e-05,0.011780972450961725,11.780972450961725,11.780972450961725
B,1.2000000000000002,0.0012000000000000001,0.12000000000000002,0.6,0.6,600.0,5.0,1.9634954084936207e-05,0.19634954084936207,2.356194490192345e-08,23.56194490192345,0.023561944901923454,1.413716694115407e-05,0.014137166941154071,14.13716694115407,500,10.0,5.0,5.0,1.0,1.0,5.0,7.068583470577036e-05,0.07068583470577036,70.68583470577036,70.68583470577036
B,1.2000000000000002,0.0012000000000000001,0.12000000000000002,0.6,0.6,600.0,5.0,1.9634954084936207e-05,0.19634954084936207,2.356194490192345e-08,23.56194490192345,0.023561944901923454,1.413716694115407e-05,0.014137166941154071,14.13716694115407,500,10.0,5.0,5.0,2.0,0.5,2.5,3.534291735288518e-05,0.03534291735288518,35.34291735288518,35.34291735288518
B,1.2000000000000002,0.0012000000000000001,0.12000000000000002,0.6,0.6,600.0,5.0,1.9634954084936207e-05,0.19634954084936207,2.356194490192345e-08,23.56194490192345,0.023561944901923454,1.413716694115407e-05,0.014137166941154071,14.13716694115407,500,10.0,5.0,5.0,3.0,0.3333333333333333,1.6666666666666667,2.3561944901923453e-05,0.023561944901923454,23.561944901923454,23.561944901923454
B,1.2000000000000002,0.0012000000000000001,0.12000000000000002,0.6,0.6,600.0,5.0,1.9634954084936207e-05,0.19634954084936207,2.356194490192345e-08,23.56194490192345,0.023561944901923454,1.413716694115407e-05,0.014137166941154071,14.13716694115407,500,10.0,5.0,5.0,4.0,0.25,1.25,1.767145867644259e-05,0.01767145867644259,17.67145867644259,17.67145867644259
B,1.2000000000000002,0.0012000000000000001,0.12000000000000002,0.6,0.6,600.0,5.0,1.9634954084936207e-05,0.19634954084936207,2.356194490192345e-08,23.56194490192345,0.023561944901923454,1.413716694115407e-05,0.014137166941154071,14.13716694115407,500,10.0,5.0,5.0,5.0,0.2,1.0,1.413716694115407e-05,0.014137166941154071,14.13716694115407,14.13716694115407
B,1.3000000000000003,0.0013000000000000004,0.13000000000000003,0.4,0.4,400.0,5.0,1.9634954084936207e-05,0.19634954084936207,2.5525440310417078e-08,25.52544031041708,0.025525440310417074,1.0210176124166831e-05,0.010210176124166831,10.21017612416683,500,10.0,5.0,5.0,1.0,1.0,5.0,5.1050880620834155e-05,0.051050880620834155,51.05088062083416,51.05088062083416
B,1.3000000000000003,0.0013000000000000004,0.13000000000000003,0.4,0.4,400.0,5.0,1.9634954084936207e-05,0.19634954084936207,2.5525440310417078e-08,25.52544031041708,0.025525440310417074,1.0210176124166831e-05,0.010210176124166831,10.21017612416683,500,10.0,5.0,5.0,2.0,0.5,2.5,2.5525440310417078e-05,0.025525440310417077,25.52544031041708,25.52544031041708
B,1.3000000000000003,0.0013000000000000004,0.13000000000000003,0.4,0.4,400.0,5.0,1.9634954084936207e-05,0.19634954084936207,2.5525440310417078e-08,25.52544031041708,0.025525440310417074,1.0210176124166831e-05,0.010210176124166831,10.21017612416683,500,10.0,5.0,5.0,3.0,0.3333333333333333,1.6666666666666667,1.701696020694472e-05,0.01701696020694472,17.01696020694472,17.01696020694472
B,1.3000000000000003,0.0013000000000000004,0.13000000000000003,0.4,0.4,400.0,5.0,1.9634954084936207e-05,0.19634954084936207,2.5525440310417078e-08,25.52544031041708,0.025525440310417074,1.0210176124166831e-05,0.010210176124166831,10.21017612416683,500,10.0,5.0,5.0,4.0,0.25,1.25,1.2762720155208539e-05,0.012762720155208539,12.76272015520854,12.76272015520854
B,1.3000000000000003,0.0013000000000000004,0.13000000000000003,0.4,0.4,400.0,5.0,1.9634954084936207e-05,0.19634954084936207,2.5525440310417078e-08,25.52544031041708,0.025525440310417074,1.0210176124166831e-05,0.010210176124166831,10.21017612416683,500,10.0,5.0,5.0,5.0,0.2,1.0,1.0210176124166831e-05,0.010210176124166831,10.21017612416683,10.21017612416683
B,1.3000000000000003,0.0013000000000000004,0.13000000000000003,0.5,0.5,500.0,5.0,1.9634954084936207e-05,0.19634954084936207,2.5525440310417078e-08,25.52544031041708,0.025525440310417074,1.2762720155208539e-05,0.012762720155208539,12.76272015520854,500,10.0,5.0,5.0,1.0,1.0,5.0,6.381360077604269e-05,0.06381360077604269,63.81360077604268,63.81360077604268
B,1.3000000000000003,0.0013000000000000004,0.13000000000000003,0.5,0.5,500.0,5.0,1.9634954084936207e-05,0.19634954084936207,2.5525440310417078e-08,25.52544031041708,0.025525440310417074,1.2762720155208539e-05,0.012762720155208539,12.76272015520854,500,10.0,5.0,5.0,2.0,0.5,2.5,3.1906800388021345e-05,0.03190680038802134,31.90680038802134,31.90680038802134
B,1.3000000000000003,0.0013000000000000004,0.13000000000000003,0.5,0.5,500.0,5.0,1.9634954084936207e-05,0.19634954084936207,2.5525440310417078e-08,25.52544031041708,0.025525440310417074,1.2762720155208539e-05,0.012762720155208539,12.76272015520854,500,10.0,5.0,5.0,3.0,0.3333333333333333,1.6666666666666667,2.1271200258680898e-05,0.021271200258680897,21.271200258680896,21.271200258680896
B,1.3000000000000003,0.0013000000000000004,0.13000000000000003,0.5,0.5,500.0,5.0,1.9634954084936207e-05,0.19634954084936207,2.5525440310417078e-08,25.52544031041708,0.025525440310417074,1.2762720155208539e-05,0.012762720155208539,12.76272015520854,500,10.0,5.0,5.0,4.0,0.25,1.25,1.5953400194010673e-05,0.01595340019401067,15.95340019401067,15.95340019401067
B,1.3000000000000003,0.0013000000000000004,0.13000000000000003,0.5,0.5,500.0,5.0,1.9634954084936207e-05,0.19634954084936207,2.5525440310417078e-08,25.52544031041708,0.025525440310417074,1.2762720155208539e-05,0.012762720155208539,12.76272015520854,500,10.0,5.0,5.0,5.0,0.2,1.0,1.2762720155208539e-05,0.012762720155208539,12.76272015520854,12.76272015520854
B,1.3000000000000003,0.0013000000000000004,0.13000000000000003,0.6,0.6,600.0,5.0,1.9634954084936207e-05,0.19634954084936207,2.5525440310417078e-08,25.52544031041708,0.025525440310417074,1.5315264186250247e-05,0.015315264186250246,15.315264186250246,500,10.0,5.0,5.0,1.0,1.0,5.0,7.657632093125124e-05,0.07657632093125125,76.57632093125125,76.57632093125125
B,1.3000000000000003,0.0013000000000000004,0.13000000000000003,0.6,0.6,600.0,5.0,1.9634954084936207e-05,0.19634954084936207,2.5525440310417078e-08,25.52544031041708,0.025525440310417074,1.5315264186250247e-05,0.015315264186250246,15.315264186250246,500,10.0,5.0,5.0,2.0,0.5,2.5,3.828816046562562e-05,0.03828816046562562,38.28816046562562,38.28816046562562
B,1.3000000000000003,0.0013000000000000004,0.13000000000000003,0.6,0.6,600.0,5.0,1.9634954084936207e-05,0.19634954084936207,2.5525440310417078e-08,25.52544031041708,0.025525440310417074,1.5315264186250247e-05,0.015315264186250246,15.315264186250246,500,10.0,5.0,5.0,3.0,0.3333333333333333,1.6666666666666667,2.5525440310417078e-05,0.025525440310417077,25.52544031041708,25.52544031041708
B,1.3000000000000003,0.0013000000000000004,0.13000000000000003,0.6,0.6,600.0,5.0,1.9634954084936207e-05,0.19634954084936207,2.5525440310417078e-08,25.52544031041708,0.025525440310417074,1.5315264186250247e-05,0.015315264186250246,15.315264186250246,500,10.0,5.0,5.0,4.0,0.25,1.25,1.914408023281281e-05,0.01914408023281281,19.14408023281281,19.14408023281281
B,1.3000000000000003,0.0013000000000000004,0.13000000000000003,0.6,0.6,600.0,5.0,1.9634954084936207e-05,0.19634954084936207,2.5525440310417078e-08,25.52544031041708,0.025525440310417074,1.5315264186250247e-05,0.015315264186250246,15.315264186250246,500,10.0,5.0,5.0,5.0,0.2,1.0,1.5315264186250247e-05,0.015315264186250246,15.315264186250246,15.315264186250246
B,1.4000000000000001,0.0014000000000000002,0.14,0.4,0.4,400.0,5.0,1.9634954084936207e-05,0.19634954084936207,2.7488935718910692e-08,27.488935718910692,0.027488935718910694,1.0995574287564276e-05,0.010995574287564275,10.995574287564276,500,10.0,5.0,5.0,1.0,1.0,5.0,5.4977871437821384e-05,0.05497787143782139,54.977871437821385,54.977871437821385
B,1.4000000000000001,0.0014000000000000002,0.14,0.4,0.4,400.0,5.0,1.9634954084936207e-05,0.19634954084936207,2.7488935718910692e-08,27.488935718910692,0.027488935718910694,1.0995574287564276e-05,0.010995574287564275,10.995574287564276,500,10.0,5.0,5.0,2.0,0.5,2.5,2.7488935718910692e-05,0.027488935718910694,27.488935718910692,27.488935718910692
B,1.4000000000000001,0.0014000000000000002,0.14,0.4,0.4,400.0,5.0,1.9634954084936207e-05,0.19634954084936207,2.7488935718910692e-08,27.488935718910692,0.027488935718910694,1.0995574287564276e-05,0.010995574287564275,10.995574287564276,500,10.0,5.0,5.0,3.0,0.3333333333333333,1.6666666666666667,1.8325957145940463e-05,0.01832595714594046,18.32595714594046,18.32595714594046
B,1.4000000000000001,0.0014000000000000002,0.14,0.4,0.4,400.0,5.0,1.9634954084936207e-05,0.19634954084936207,2.7488935718910692e-08,27.488935718910692,0.027488935718910694,1.0995574287564276e-05,0.010995574287564275,10.995574287564276,500,10.0,5.0,5.0,4.0,0.25,1.25,1.3744467859455346e-05,0.013744467859455347,13.744467859455346,13.744467859455346
B,1.4000000000000001,0.0014000000000000002,0.14,0.4,0.4,400.0,5.0,1.9634954084936207e-05,0.19634954084936207,2.7488935718910692e-08,27.488935718910692,0.027488935718910694,1.0995574287564276e-05,0.010995574287564275,10.995574287564276,500,10.0,5.0,5.0,5.0,0.2,1.0,1.0995574287564276e-05,0.010995574287564275,10.995574287564276,10.995574287564276
B,1.4000000000000001,0.0014000000000000002,0.14,0.5,0.5,500.0,5.0,1.9634954084936207e-05,0.19634954084936207,2.7488935718910692e-08,27.488935718910692,0.027488935718910694,1.3744467859455346e-05,0.013744467859455347,13.744467859455346,500,10.0,5.0,5.0,1.0,1.0,5.0,6.872233929727673e-05,0.06872233929727672,68.72233929727672,68.72233929727672
B,1.4000000000000001,0.0014000000000000002,0.14,0.5,0.5,500.0,5.0,1.9634954084936207e-05,0.19634954084936207,2.7488935718910692e-08,27.488935718910692,0.027488935718910694,1.3744467859455346e-05,0.013744467859455347,13.744467859455346,500,10.0,5.0,5.0,2.0,0.5,2.5,3.4361169648638364e-05,0.03436116964863836,34.36116964863836,34.36116964863836
B,1.4000000000000001,0.0014000000000000002,0.14,0.5,0.5,500.0,5.0,1.9634954084936207e-05,0.19634954084936207,2.7488935718910692e-08,27.488935718910692,0.027488935718910694,1.3744467859455346e-05,0.013744467859455347,13.744467859455346,500,10.0,5.0,5.0,3.0,0.3333333333333333,1.6666666666666667,2.290744643242558e-05,0.02290744643242558,22.90744643242558,22.90744643242558
B,1.4000000000000001,0.0014000000000000002,0.14,0.5,0.5,500.0,5.0,1.9634954084936207e-05,0.19634954084936207,2.7488935718910692e-08,27.488935718910692,0.027488935718910694,1.3744467859455346e-05,0.013744467859455347,13.744467859455346,500,10.0,5.0,5.0,4.0,0.25,1.25,1.7180584824319182e-05,0.01718058482431918,17.18058482431918,17.18058482431918
B,1.4000000000000001,0.0014000000000000002,0.14,0.5,0.5,500.0,5.0,1.9634954084936207e-05,0.19634954084936207,2.7488935718910692e-08,27.488935718910692,0.027488935718910694,1.3744467859455346e-05,0.013744467859455347,13.744467859455346,500,10.0,5.0,5.0,5.0,0.2,1.0,1.3744467859455346e-05,0.013744467859455347,13.744467859455346,13.744467859455346
B,1.4000000000000001,0.0014000000000000002,0.14,0.6,0.6,600.0,5.0,1.9634954084936207e-05,0.19634954084936207,2.7488935718910692e-08,27.488935718910692,0.027488935718910694,1.6493361431346416e-05,0.016493361431346415,16.493361431346415,500,10.0,5.0,5.0,1.0,1.0,5.0,8.246680715673208e-05,0.08246680715673209,82.46680715673209,82.46680715673209
B,1.4000000000000001,0.0014000000000000002,0.14,0.6,0.6,600.0,5.0,1.9634954084936207e-05,0.19634954084936207,2.7488935718910692e-08,27.488935718910692,0.027488935718910694,1.6493361431346416e-05,0.016493361431346415,16.493361431346415,500,10.0,5.0,5.0,2.0,0.5,2.5,4.123340357836604e-05,0.041233403578366044,41.233403578366044,41.233403578366044
B,1.4000000000000001,0.0014000000000000002,0.14,0.6,0.6,600.0,5.0,1.9634954084936207e-05,0.19634954084936207,2.7488935718910692e-08,27.488935718910692,0.027488935718910694,1.6493361431346416e-05,0.016493361431346415,16.493361431346415,500,10.0,5.0,5.0,3.0,0.3333333333333333,1.6666666666666667,2.7488935718910696e-05,0.027488935718910694,27.488935718910692,27.488935718910692
B,1.4000000000000001,0.0014000000000000002,0.14,0.6,0.6,600.0,5.0,1.9634954084936207e-05,0.19634954084936207,2.7488935718910692e-08,27.488935718910692,0.027488935718910694,1.6493361431346416e-05,0.016493361431346415,16.493361431346415,500,10.0,5.0,5.0,4.0,0.25,1.25,2.061670178918302e-05,0.020616701789183022,20.616701789183022,20.616701789183022
B,1.4000000000000001,0.0014000000000000002,0.14,0.6,0.6,600.0,5.0,1.9634954084936207e-05,0.19634954084936207,2.7488935718910692e-08,27.488935718910692,0.027488935718910694,1.6493361431346416e-05,0.016493361431346415,16.493361431346415,500,10.0,5.0,5.0,5.0,0.2,1.0,1.6493361431346416e-05,0.016493361431346415,16.493361431346415,16.493361431346415
B,1.5000000000000002,0.0015000000000000002,0.15000000000000002,0.4,0.4,400.0,5.0,1.9634954084936207e-05,0.19634954084936207,2.9452431127404316e-08,29.452431127404317,0.029452431127404314,1.1780972450961726e-05,0.011780972450961727,11.780972450961727,500,10.0,5.0,5.0,1.0,1.0,5.0,5.8904862254808634e-05,0.058904862254808635,58.904862254808634,58.904862254808634
B,1.5000000000000002,0.0015000000000000002,0.15000000000000002,0.4,0.4,400.0,5.0,1.9634954084936207e-05,0.19634954084936207,2.9452431127404316e-08,29.452431127404317,0.029452431127404314,1.1780972450961726e-05,0.011780972450961727,11.780972450961727,500,10.0,5.0,5.0,2.0,0.5,2.5,2.9452431127404317e-05,0.029452431127404317,29.452431127404317,29.452431127404317
B,1.5000000000000002,0.0015000000000000002,0.15000000000000002,0.4,0.4,400.0,5.0,1.9634954084936207e-05,0.19634954084936207,2.9452431127404316e-08,29.452431127404317,0.029452431127404314,1.1780972450961726e-05,0.011780972450961727,11.780972450961727,500,10.0,5.0,5.0,3.0,0.3333333333333333,1.6666666666666667,1.963495408493621e-05,0.01963495408493621,19.63495408493621,19.63495408493621
B,1.5000000000000002,0.0015000000000000002,0.15000000000000002,0.4,0.4,400.0,5.0,1.9634954084936207e-05,0.19634954084936207,2.9452431127404316e-08,29.452431127404317,0.029452431127404314,1.1780972450961726e-05,0.011780972450961727,11.780972450961727,500,10.0,5.0,5.0,4.0,0.25,1.25,1.4726215563702158e-05,0.014726215563702159,14.726215563702159,14.726215563702159
B,1.5000000000000002,0.0015000000000000002,0.15000000000000002,0.4,0.4,400.0,5.0,1.9634954084936207e-05,0.19634954084936207,2.9452431127404316e-08,29.452431127404317,0.029452431127404314,1.1780972450961726e-05,0.011780972450961727,11.780972450961727,500,10.0,5.0,5.0,5.0,0.2,1.0,1.1780972450961726e-05,0.011780972450961727,11.780972450961727,11.780972450961727
B,1.5000000000000002,0.0015000000000000002,0.15000000000000002,0.5,0.5,500.0,5.0,1.9634954084936207e-05,0.19634954084936207,2.9452431127404316e-08,29.452431127404317,0.029452431127404314,1.4726215563702158e-05,0.014726215563702159,14.726215563702159,500,10.0,5.0,5.0,1.0,1.0,5.0,7.363107781851079e-05,0.07363107781851079,73.63107781851079,73.63107781851079
B,1.5000000000000002,0.0015000000000000002,0.15000000000000002,0.5,0.5,500.0,5.0,1.9634954084936207e-05,0.19634954084936207,2.9452431127404316e-08,29.452431127404317,0.029452431127404314,1.4726215563702158e-05,0.014726215563702159,14.726215563702159,500,10.0,5.0,5.0,2.0,0.5,2.5,3.6815538909255395e-05,0.036815538909255395,36.815538909255395,36.815538909255395
B,1.5000000000000002,0.0015000000000000002,0.15000000000000002,0.5,0.5,500.0,5.0,1.9634954084936207e-05,0.19634954084936207,2.9452431127404316e-08,29.452431127404317,0.029452431127404314,1.4726215563702158e-05,0.014726215563702159,14.726215563702159,500,10.0,5.0,5.0,3.0,0.3333333333333333,1.6666666666666667,2.4543692606170264e-05,0.024543692606170262,24.54369260617026,24.54369260617026
B,1.5000000000000002,0.0015000000000000002,0.15000000000000002,0.5,0.5,500.0,5.0,1.9634954084936207e-05,0.19634954084936207,2.9452431127404316e-08,29.452431127404317,0.029452431127404314,1.4726215563702158e-05,0.014726215563702159,14.726215563702159,500,10.0,5.0,5.0,4.0,0.25,1.25,1.8407769454627698e-05,0.018407769454627698,18.407769454627697,18.407769454627697
B,1.5000000000000002,0.0015000000000000002,0.15000000000000002,0.5,0.5,500.0,5.0,1.9634954084936207e-05,0.19634954084936207,2.9452431127404316e-08,29.452431127404317,0.029452431127404314,1.4726215563702158e-05,0.014726215563702159,14.726215563702159,500,10.0,5.0,5.0,5.0,0.2,1.0,1.4726215563702158e-05,0.014726215563702159,14.726215563702159,14.726215563702159
B,1.5000000000000002,0.0015000000000000002,0.15000000000000002,0.6,0.6,600.0,5.0,1.9634954084936207e-05,0.19634954084936207,2.9452431127404316e-08,29.452431127404317,0.029452431127404314,1.767145867644259e-05,0.01767145867644259,17.67145867644259,500,10.0,5.0,5.0,1.0,1.0,5.0,8.835729338221294e-05,0.08835729338221295,88.35729338221294,88.35729338221294
B,1.5000000000000002,0.0015000000000000002,0.15000000000000002,0.6,0.6,600.0,5.0,1.9634954084936207e-05,0.19634954084936207,2.9452431127404316e-08,29.452431127404317,0.029452431127404314,1.767145867644259e-05,0.01767145867644259,17.67145867644259,500,10.0,5.0,5.0,2.0,0.5,2.5,4.417864669110647e-05,0.04417864669110647,44.17864669110647,44.17864669110647
B,1.5000000000000002,0.0015000000000000002,0.15000000000000002,0.6,0.6,600.0,5.0,1.9634954084936207e-05,0.19634954084936207,2.9452431127404316e-08,29.452431127404317,0.029452431127404314,1.767145867644259e-05,0.01767145867644259,17.67145867644259,500,10.0,5.0,5.0,3.0,0.3333333333333333,1.6666666666666667,2.9452431127404317e-05,0.029452431127404317,29.452431127404317,29.452431127404317
B,1.5000000000000002,0.0015000000000000002,0.15000000000000002,0.6,0.6,600.0,5.0,1.9634954084936207e-05,0.19634954084936207,2.9452431127404316e-08,29.452431127404317,0.029452431127404314,1.767145867644259e-05,0.01767145867644259,17.67145867644259,500,10.0,5.0,5.0,4.0,0.25,1.25,2.2089323345553235e-05,0.022089323345553236,22.089323345553236,22.089323345553236
B,1.5000000000000002,0.0015000000000000002,0.15000000000000002,0.6,0.6,600.0,5.0,1.9634954084936207e-05,0.19634954084936207,2.9452431127404316e-08,29.452431127404317,0.029452431127404314,1.767145867644259e-05,0.01767145867644259,17.67145867644259,500,10.0,5.0,5.0,5.0,0.2,1.0,1.767145867644259e-05,0.01767145867644259,17.67145867644259,17.67145867644259
B,1.6,0.0016,0.16,0.4,0.4,400.0,5.0,1.9634954084936207e-05,0.19634954084936207,3.141592653589793e-08,31.41592653589793,0.031415926535897934,1.2566370614359172e-05,0.012566370614359171,12.56637061435917,500,10.0,5.0,5.0,1.0,1.0,5.0,6.283185307179586e-05,0.06283185307179585,62.831853071795855,62.831853071795855
B,1.6,0.0016,0.16,0.4,0.4,400.0,5.0,1.9634954084936207e-05,0.19634954084936207,3.141592653589793e-08,31.41592653589793,0.031415926535897934,1.2566370614359172e-05,0.012566370614359171,12.56637061435917,500,10.0,5.0,5.0,2.0,0.5,2.5,3.141592653589793e-05,0.03141592653589793,31.415926535897928,31.415926535897928
B,1.6,0.0016,0.16,0.4,0.4,400.0,5.0,1.9634954084936207e-05,0.19634954084936207,3.141592653589793e-08,31.41592653589793,0.031415926535897934,1.2566370614359172e-05,0.012566370614359171,12.56637061435917,500,10.0,5.0,5.0,3.0,0.3333333333333333,1.6666666666666667,2.0943951023931954e-05,0.020943951023931956,20.943951023931955,20.943951023931955
B,1.6,0.0016,0.16,0.4,0.4,400.0,5.0,1.9634954084936207e-05,0.19634954084936207,3.141592653589793e-08,31.41592653589793,0.031415926535897934,1.2566370614359172e-05,0.012566370614359171,12.56637061435917,500,10.0,5.0,5.0,4.0,0.25,1.25,1.5707963267948964e-05,0.015707963267948963,15.707963267948964,15.707963267948964
B,1.6,0.0016,0.16,0.4,0.4,400.0,5.0,1.9634954084936207e-05,0.19634954084936207,3.141592653589793e-08,31.41592653589793,0.031415926535897934,1.2566370614359172e-05,0.012566370614359171,12.56637061435917,500,10.0,5.0,5.0,5.0,0.2,1.0,1.2566370614359172e-05,0.012566370614359171,12.56637061435917,12.56637061435917
B,1.6,0.0016,0.16,0.5,0.5,500.0,5.0,1.9634954084936207e-05,0.19634954084936207,3.141592653589793e-08,31.41592653589793,0.031415926535897934,1.5707963267948964e-05,0.015707963267948963,15.707963267948964,500,10.0,5.0,5.0,1.0,1.0,5.0,7.853981633974483e-05,0.07853981633974483,78.53981633974483,78.53981633974483
B,1.6,0.0016,0.16,0.5,0.5,500.0,5.0,1.9634954084936207e-05,0.19634954084936207,3.141592653589793e-08,31.41592653589793,0.031415926535897934,1.5707963267948964e-05,0.015707963267948963,15.707963267948964,500,10.0,5.0,5.0,2.0,0.5,2.5,3.9269908169872414e-05,0.039269908169872414,39.269908169872416,39.269908169872416
B,1.6,0.0016,0.16,0.5,0.5,500.0,5.0,1.9634954084936207e-05,0.19634954084936207,3.141592653589793e-08,31.41592653589793,0.031415926535897934,1.5707963267948964e-05,0.015707963267948963,15.707963267948964,500,10.0,5.0,5.0,3.0,0.3333333333333333,1.6666666666666667,2.617993877991494e-05,0.02617993877991494,26.17993877991494,26.17993877991494
B,1.6,0.0016,0.16,0.5,0.5,500.0,5.0,1.9634954084936207e-05,0.19634954084936207,3.141592653589793e-08,31.41592653589793,0.031415926535897934,1.5707963267948964e-05,0.015707963267948963,15.707963267948964,500,10.0,5.0,5.0,4.0,0.25,1.25,1.9634954084936207e-05,0.019634954084936207,19.634954084936208,19.634954084936208
B,1.6,0.0016,0.16,0.5,0.5,500.0,5.0,1.9634954084936207e-05,0.19634954084936207,3.141592653589793e-08,31.41592653589793,0.031415926535897934,1.5707963267948964e-05,0.015707963267948963,15.707963267948964,500,10.0,5.0,5.0,5.0,0.2,1.0,1.5707963267948964e-05,0.015707963267948963,15.707963267948964,15.707963267948964
B,1.6,0.0016,0.16,0.6,0.6,600.0,5.0,1.9634954084936207e-05,0.19634954084936207,3.141592653589793e-08,31.41592653589793,0.031415926535897934,1.8849555921538758e-05,0.01884955592153876,18.84955592153876,500,10.0,5.0,5.0,1.0,1.0,5.0,9.42477796076938e-05,0.0942477796076938,94.2477796076938,94.2477796076938
B,1.6,0.0016,0.16,0.6,0.6,600.0,5.0,1.9634954084936207e-05,0.19634954084936207,3.141592653589793e-08,31.41592653589793,0.031415926535897934,1.8849555921538758e-05,0.01884955592153876,18.84955592153876,500,10.0,5.0,5.0,2.0,0.5,2.5,4.71238898038469e-05,0.0471238898038469,47.1238898038469,47.1238898038469
B,1.6,0.0016,0.16,0.6,0.6,600.0,5.0,1.9634954084936207e-05,0.19634954084936207,3.141592653589793e-08,31.41592653589793,0.031415926535897934,1.8849555921538758e-05,0.01884955592153876,18.84955592153876,500,10.0,5.0,5.0,3.0,0.3333333333333333,1.6666666666666667,3.1415926535897935e-05,0.031415926535897934,31.415926535897935,31.415926535897935
B,1.6,0.0016,0.16,0.6,0.6,600.0,5.0,1.9634954084936207e-05,0.19634954084936207,3.141592653589793e-08,31.41592653589793,0.031415926535897934,1.8849555921538758e-05,0.01884955592153876,18.84955592153876,500,10.0,5.0,5.0,4.0,0.25,1.25,2.356194490192345e-05,0.02356194490192345,23.56194490192345,23.56194490192345
B,1.6,0.0016,0.16,0.6,0.6,600.0,5.0,1.9634954084936207e-05,0.19634954084936207,3.141592653589793e-08,31.41592653589793,0.031415926535897934,1.8849555921538758e-05,0.01884955592153876,18.84955592153876,500,10.0,5.0,5.0,5.0,0.2,1.0,1.8849555921538758e-05,0.01884955592153876,18.84955592153876,18.84955592153876
B,1.7000000000000002,0.0017000000000000001,0.17,0.4,0.4,400.0,5.0,1.9634954084936207e-05,0.19634954084936207,3.337942194439155e-08,33.37942194439155,0.03337942194439156,1.335176877775662e-05,0.01335176877775662,13.35176877775662,500,10.0,5.0,5.0,1.0,1.0,5.0,6.67588438887831e-05,0.0667588438887831,66.7588438887831,66.7588438887831
B,1.7000000000000002,0.0017000000000000001,0.17,0.4,0.4,400.0,5.0,1.9634954084936207e-05,0.19634954084936207,3.337942194439155e-08,33.37942194439155,0.03337942194439156,1.335176877775662e-05,0.01335176877775662,13.35176877775662,500,10.0,5.0,5.0,2.0,0.5,2.5,3.337942194439155e-05,0.03337942194439155,33.37942194439155,33.37942194439155
B,1.7000000000000002,0.0017000000000000001,0.17,0.4,0.4,400.0,5.0,1.9634954084936207e-05,0.19634954084936207,3.337942194439155e-08,33.37942194439155,0.03337942194439156,1.335176877775662e-05,0.01335176877775662,13.35176877775662,500,10.0,5.0,5.0,3.0,0.3333333333333333,1.6666666666666667,2.2252947962927702e-05,0.0222529479629277,22.252947962927703,22.252947962927703
B,1.7000000000000002,0.0017000000000000001,0.17,0.4,0.4,400.0,5.0,1.9634954084936207e-05,0.19634954084936207,3.337942194439155e-08,33.37942194439155,0.03337942194439156,1.335176877775662e-05,0.01335176877775662,13.35176877775662,500,10.0,5.0,5.0,4.0,0.25,1.25,1.6689710972195775e-05,0.016689710972195775,16.689710972195776,16.689710972195776
B,1.7000000000000002,0.0017000000000000001,0.17,0.4,0.4,400.0,5.0,1.9634954084936207e-05,0.19634954084936207,3.337942194439155e-08,33.37942194439155,0.03337942194439156,1.335176877775662e-05,0.01335176877775662,13.35176877775662,500,10.0,5.0,5.0,5.0,0.2,1.0,1.335176877775662e-05,0.01335176877775662,13.35176877775662,13.35176877775662
B,1.7000000000000002,0.0017000000000000001,0.17,0.5,0.5,500.0,5.0,1.9634954084936207e-05,0.19634954084936207,3.337942194439155e-08,33.37942194439155,0.03337942194439156,1.6689710972195775e-05,0.016689710972195775,16.689710972195776,500,10.0,5.0,5.0,1.0,1.0,5.0,8.344855486097888e-05,0.08344855486097888,83.44855486097887,83.44855486097887
B,1.7000000000000002,0.0017000000000000001,0.17,0.5,0.5,500.0,5.0,1.9634954084936207e-05,0.19634954084936207,3.337942194439155e-08,33.37942194439155,0.03337942194439156,1.6689710972195775e-05,0.016689710972195775,16.689710972195776,500,10.0,5.0,5.0,2.0,0.5,2.5,4.172427743048944e-05,0.04172427743048944,41.72427743048944,41.72427743048944
B,1.7000000000000002,0.0017000000000000001,0.17,0.5,0.5,500.0,5.0,1.9634954084936207e-05,0.19634954084936207,3.337942194439155e-08,33.37942194439155,0.03337942194439156,1.6689710972195775e-05,0.016689710972195775,16.689710972195776,500,10.0,5.0,5.0,3.0,0.3333333333333333,1.6666666666666667,2.7816184953659626e-05,0.027816184953659624,27.816184953659626,27.816184953659626
B,1.7000000000000002,0.0017000000000000001,0.17,0.5,0.5,500.0,5.0,1.9634954084936207e-05,0.19634954084936207,3.337942194439155e-08,33.37942194439155,0.03337942194439156,1.6689710972195775e-05,0.016689710972195775,16.689710972195776,500,10.0,5.0,5.0,4.0,0.25,1.25,2.086213871524472e-05,0.02086213871524472,20.86213871524472,20.86213871524472
B,1.7000000000000002,0.0017000000000000001,0.17,0.5,0.5,500.0,5.0,1.9634954084936207e-05,0.19634954084936207,3.337942194439155e-08,33.37942194439155,0.03337942194439156,1.6689710972195775e-05,0.016689710972195775,16.689710972195776,500,10.0,5.0,5.0,5.0,0.2,1.0,1.6689710972195775e-05,0.016689710972195775,16.689710972195776,16.689710972195776
B,1.7000000000000002,0.0017000000000000001,0.17,0.6,0.6,600.0,5.0,1.9634954084936207e-05,0.19634954084936207,3.337942194439155e-08,33.37942194439155,0.03337942194439156,2.002765316663493e-05,0.02002765316663493,20.02765316663493,500,10.0,5.0,5.0,1.0,1.0,5.0,0.00010013826583317466,0.10013826583317466,100.13826583317466,100.13826583317466
B,1.7000000000000002,0.0017000000000000001,0.17,0.6,0.6,600.0,5.0,1.9634954084936207e-05,0.19634954084936207,3.337942194439155e-08,33.37942194439155,0.03337942194439156,2.002765316663493e-05,0.02002765316663493,20.02765316663493,500,10.0,5.0,5.0,2.0,0.5,2.5,5.006913291658733e-05,0.05006913291658733,50.06913291658733,50.06913291658733
B,1.7000000000000002,0.0017000000000000001,0.17,0.6,0.6,600.0,5.0,1.9634954084936207e-05,0.19634954084936207,3.337942194439155e-08,33.37942194439155,0.03337942194439156,2.002765316663493e-05,0.02002765316663493,20.02765316663493,500,10.0,5.0,5.0,3.0,0.3333333333333333,1.6666666666666667,3.3379421944391556e-05,0.03337942194439156,33.37942194439156,33.37942194439156
B,1.7000000000000002,0.0017000000000000001,0.17,0.6,0.6,600.0,5.0,1.9634954084936207e-05,0.19634954084936207,3.337942194439155e-08,33.37942194439155,0.03337942194439156,2.002765316663493e-05,0.02002765316663493,20.02765316663493,500,10.0,5.0,5.0,4.0,0.25,1.25,2.5034566458293664e-05,0.025034566458293665,25.034566458293664,25.034566458293664
B,1.7000000000000002,0.0017000000000000001,0.17,0.6,0.6,600.0,5.0,1.9634954084936207e-05,0.19634954084936207,3.337942194439155e-08,33.37942194439155,0.03337942194439156,2.002765316663493e-05,0.02002765316663493,20.02765316663493,500,10.0,5.0,5.0,5.0,0.2,1.0,2.002765316663493e-05,0.02002765316663493,20.02765316663493,20.02765316663493
B,1.8000000000000003,0.0018000000000000002,0.18000000000000002,0.4,0.4,400.0,5.0,1.9634954084936207e-05,0.19634954084936207,3.534291735288517e-08,35.34291735288517,0.035342917352885174,1.4137166941154069e-05,0.01413716694115407,14.137166941154069,500,10.0,5.0,5.0,1.0,1.0,5.0,7.068583470577034e-05,0.07068583470577035,70.68583470577035,70.68583470577035
B,1.8000000000000003,0.0018000000000000002,0.18000000000000002,0.4,0.4,400.0,5.0,1.9634954084936207e-05,0.19634954084936207,3.534291735288517e-08,35.34291735288517,0.035342917352885174,1.4137166941154069e-05,0.01413716694115407,14.137166941154069,500,10.0,5.0,5.0,2.0,0.5,2.5,3.534291735288517e-05,0.035342917352885174,35.34291735288517,35.34291735288517
B,1.8000000000000003,0.0018000000000000002,0.18000000000000002,0.4,0.4,400.0,5.0,1.9634954084936207e-05,0.19634954084936207,3.534291735288517e-08,35.34291735288517,0.035342917352885174,1.4137166941154069e-05,0.01413716694115407,14.137166941154069,500,10.0,5.0,5.0,3.0,0.3333333333333333,1.6666666666666667,2.356194490192345e-05,0.02356194490192345,23.56194490192345,23.56194490192345
B,1.8000000000000003,0.0018000000000000002,0.18000000000000002,0.4,0.4,400.0,5.0,1.9634954084936207e-05,0.19634954084936207,3.534291735288517e-08,35.34291735288517,0.035342917352885174,1.4137166941154069e-05,0.01413716694115407,14.137166941154069,500,10.0,5.0,5.0,4.0,0.25,1.25,1.7671458676442585e-05,0.017671458676442587,17.671458676442587,17.671458676442587
B,1.8000000000000003,0.0018000000000000002,0.18000000000000002,0.4,0.4,400.0,5.0,1.9634954084936207e-05,0.19634954084936207,3.534291735288517e-08,35.34291735288517,0.035342917352885174,1.4137166941154069e-05,0.01413716694115407,14.137166941154069,500,10.0,5.0,5.0,5.0,0.2,1.0,1.4137166941154069e-05,0.01413716694115407,14.137166941154069,14.137166941154069
B,1.8000000000000003,0.0018000000000000002,0.18000000000000002,0.5,0.5,500.0,5.0,1.9634954084936207e-05,0.19634954084936207,3.534291735288517e-08,35.34291735288517,0.035342917352885174,1.7671458676442585e-05,0.017671458676442587,17.671458676442587,500,10.0,5.0,5.0,1.0,1.0,5.0,8.835729338221293e-05,0.08835729338221293,88.35729338221293,88.35729338221293
B,1.8000000000000003,0.0018000000000000002,0.18000000000000002,0.5,0.5,500.0,5.0,1.9634954084936207e-05,0.19634954084936207,3.534291735288517e-08,35.34291735288517,0.035342917352885174,1.7671458676442585e-05,0.017671458676442587,17.671458676442587,500,10.0,5.0,5.0,2.0,0.5,2.5,4.4178646691106464e-05,0.044178646691106466,44.178646691106465,44.178646691106465
B,1.8000000000000003,0.0018000000000000002,0.18000000000000002,0.5,0.5,500.0,5.0,1.9634954084936207e-05,0.19634954084936207,3.534291735288517e-08,35.34291735288517,0.035342917352885174,1.7671458676442585e-05,0.017671458676442587,17.671458676442587,500,10.0,5.0,5.0,3.0,0.3333333333333333,1.6666666666666667,2.945243112740431e-05,0.02945243112740431,29.45243112740431,29.45243112740431
B,1.8000000000000003,0.0018000000000000002,0.18000000000000002,0.5,0.5,500.0,5.0,1.9634954084936207e-05,0.19634954084936207,3.534291735288517e-08,35.34291735288517,0.035342917352885174,1.7671458676442585e-05,0.017671458676442587,17.671458676442587,500,10.0,5.0,5.0,4.0,0.25,1.25,2.2089323345553232e-05,0.022089323345553233,22.089323345553233,22.089323345553233
B,1.8000000000000003,0.0018000000000000002,0.18000000000000002,0.5,0.5,500.0,5.0,1.9634954084936207e-05,0.19634954084936207,3.534291735288517e-08,35.34291735288517,0.035342917352885174,1.7671458676442585e-05,0.017671458676442587,17.671458676442587,500,10.0,5.0,5.0,5.0,0.2,1.0,1.7671458676442585e-05,0.017671458676442587,17.671458676442587,17.671458676442587
B,1.8000000000000003,0.0018000000000000002,0.18000000000000002,0.6,0.6,600.0,5.0,1.9634954084936207e-05,0.19634954084936207,3.534291735288517e-08,35.34291735288517,0.035342917352885174,2.1205750411731104e-05,0.021205750411731103,21.205750411731103,500,10.0,5.0,5.0,1.0,1.0,5.0,0.00010602875205865551,0.10602875205865551,106.02875205865551,106.02875205865551
B,1.8000000000000003,0.0018000000000000002,0.18000000000000002,0.6,0.6,600.0,5.0,1.9634954084936207e-05,0.19634954084936207,3.534291735288517e-08,35.34291735288517,0.035342917352885174,2.1205750411731104e-05,0.021205750411731103,21.205750411731103,500,10.0,5.0,5.0,2.0,0.5,2.5,5.3014376029327756e-05,0.05301437602932776,53.01437602932776,53.01437602932776
B,1.8000000000000003,0.0018000000000000002,0.18000000000000002,0.6,0.6,600.0,5.0,1.9634954084936207e-05,0.19634954084936207,3.534291735288517e-08,35.34291735288517,0.035342917352885174,2.1205750411731104e-05,0.021205750411731103,21.205750411731103,500,10.0,5.0,5.0,3.0,0.3333333333333333,1.6666666666666667,3.534291735288518e-05,0.03534291735288518,35.34291735288518,35.34291735288518
B,1.8000000000000003,0.0018000000000000002,0.18000000000000002,0.6,0.6,600.0,5.0,1.9634954084936207e-05,0.19634954084936207,3.534291735288517e-08,35.34291735288517,0.035342917352885174,2.1205750411731104e-05,0.021205750411731103,21.205750411731103,500,10.0,5.0,5.0,4.0,0.25,1.25,2.6507188014663878e-05,0.02650718801466388,26.50718801466388,26.50718801466388
B,1.8000000000000003,0.0018000000000000002,0.18000000000000002,0.6,0.6,600.0,5.0,1.9634954084936207e-05,0.19634954084936207,3.534291735288517e-08,35.34291735288517,0.035342917352885174,2.1205750411731104e-05,0.021205750411731103,21.205750411731103,500,10.0,5.0,5.0,5.0,0.2,1.0,2.1205750411731104e-05,0.021205750411731103,21.205750411731103,21.205750411731103
B,1.9000000000000001,0.0019000000000000002,0.19,0.4,0.4,400.0,5.0,1.9634954084936207e-05,0.19634954084936207,3.7306412761378794e-08,37.306412761378795,0.03730641276137879,1.4922565104551517e-05,0.014922565104551517,14.922565104551516,500,10.0,5.0,5.0,1.0,1.0,5.0,7.461282552275758e-05,0.07461282552275758,74.61282552275757,74.61282552275757
B,1.9000000000000001,0.0019000000000000002,0.19,0.4,0.4,400.0,5.0,1.9634954084936207e-05,0.19634954084936207,3.7306412761378794e-08,37.306412761378795,0.03730641276137879,1.4922565104551517e-05,0.014922565104551517,14.922565104551516,500,10.0,5.0,5.0,2.0,0.5,2.5,3.730641276137879e-05,0.03730641276137879,37.30641276137879,37.30641276137879
B,1.9000000000000001,0.0019000000000000002,0.19,0.4,0.4,400.0,5.0,1.9634954084936207e-05,0.19634954084936207,3.7306412761378794e-08,37.306412761378795,0.03730641276137879,1.4922565104551517e-05,0.014922565104551517,14.922565104551516,500,10.0,5.0,5.0,3.0,0.3333333333333333,1.6666666666666667,2.4870941840919197e-05,0.024870941840919196,24.870941840919198,24.870941840919198
B,1.9000000000000001,0.0019000000000000002,0.19,0.4,0.4,400.0,5.0,1.9634954084936207e-05,0.19634954084936207,3.7306412761378794e-08,37.306412761378795,0.03730641276137879,1.4922565104551517e-05,0.014922565104551517,14.922565104551516,500,10.0,5.0,5.0,4.0,0.25,1.25,1.8653206380689396e-05,0.018653206380689395,18.653206380689394,18.653206380689394
B,1.9000000000000001,0.0019000000000000002,0.19,0.4,0.4,400.0,5.0,1.9634954084936207e-05,0.19634954084936207,3.7306412761378794e-08,37.306412761378795,0.03730641276137879,1.4922565104551517e-05,0.014922565104551517,14.922565104551516,500,10.0,5.0,5.0,5.0,0.2,1.0,1.4922565104551517e-05,0.014922565104551517,14.922565104551516,14.922565104551516
B,1.9000000000000001,0.0019000000000000002,0.19,0.5,0.5,500.0,5.0,1.9634954084936207e-05,0.19634954084936207,3.7306412761378794e-08,37.306412761378795,0.03730641276137879,1.8653206380689396e-05,0.018653206380689395,18.653206380689394,500,10.0,5.0,5.0,1.0,1.0,5.0,9.326603190344698e-05,0.09326603190344698,93.26603190344699,93.26603190344699
B,1.9000000000000001,0.0019000000000000002,0.19,0.5,0.5,500.0,5.0,1.9634954084936207e-05,0.19634954084936207,3.7306412761378794e-08,37.306412761378795,0.03730641276137879,1.8653206380689396e-05,0.018653206380689395,18.653206380689394,500,10.0,5.0,5.0,2.0,0.5,2.5,4.663301595172349e-05,0.04663301595172349,46.63301595172349,46.63301595172349
B,1.9000000000000001,0.0019000000000000002,0.19,0.5,0.5,500.0,5.0,1.9634954084936207e-05,0.19634954084936207,3.7306412761378794e-08,37.306412761378795,0.03730641276137879,1.8653206380689396e-05,0.018653206380689395,18.653206380689394,500,10.0,5.0,5.0,3.0,0.3333333333333333,1.6666666666666667,3.1088677301148995e-05,0.031088677301148993,31.088677301148994,31.088677301148994
B,1.9000000000000001,0.0019000000000000002,0.19,0.5,0.5,500.0,5.0,1.9634954084936207e-05,0.19634954084936207,3.7306412761378794e-08,37.306412761378795,0.03730641276137879,1.8653206380689396e-05,0.018653206380689395,18.653206380689394,500,10.0,5.0,5.0,4.0,0.25,1.25,2.3316507975861744e-05,0.023316507975861746,23.316507975861747,23.316507975861747
B,1.9000000000000001,0.0019000000000000002,0.19,0.5,0.5,500.0,5.0,1.9634954084936207e-05,0.19634954084936207,3.7306412761378794e-08,37.306412761378795,0.03730641276137879,1.8653206380689396e-05,0.018653206380689395,18.653206380689394,500,10.0,5.0,5.0,5.0,0.2,1.0,1.8653206380689396e-05,0.018653206380689395,18.653206380689394,18.653206380689394
B,1.9000000000000001,0.0019000000000000002,0.19,0.6,0.6,600.0,5.0,1.9634954084936207e-05,0.19634954084936207,3.7306412761378794e-08,37.306412761378795,0.03730641276137879,2.2383847656827277e-05,0.02238384765682728,22.383847656827278,500,10.0,5.0,5.0,1.0,1.0,5.0,0.00011191923828413638,0.11191923828413639,111.91923828413638,111.91923828413638
B,1.9000000000000001,0.0019000000000000002,0.19,0.6,0.6,600.0,5.0,1.9634954084936207e-05,0.19634954084936207,3.7306412761378794e-08,37.306412761378795,0.03730641276137879,2.2383847656827277e-05,0.02238384765682728,22.383847656827278,500,10.0,5.0,5.0,2.0,0.5,2.5,5.595961914206819e-05,0.05595961914206819,55.95961914206819,55.95961914206819
B,1.9000000000000001,0.0019000000000000002,0.19,0.6,0.6,600.0,5.0,1.9634954084936207e-05,0.19634954084936207,3.7306412761378794e-08,37.306412761378795,0.03730641276137879,2.2383847656827277e-05,0.02238384765682728,22.383847656827278,500,10.0,5.0,5.0,3.0,0.3333333333333333,1.6666666666666667,3.73064127613788e-05,0.0373064127613788,37.306412761378795,37.306412761378795
B,1.9000000000000001,0.0019000000000000002,0.19,0.6,0.6,600.0,5.0,1.9634954084936207e-05,0.19634954084936207,3.7306412761378794e-08,37.306412761378795,0.03730641276137879,2.2383847656827277e-05,0.02238384765682728,22.383847656827278,500,10.0,5.0,5.0,4.0,0.25,1.25,2.7979809571034096e-05,0.027979809571034096,27.979809571034096,27.979809571034096
B,1.9000000000000001,0.0019000000000000002,0.19,0.6,0.6,600.0,5.0,1.9634954084936207e-05,0.19634954084936207,3.7306412761378794e-08,37.306412761378795,0.03730641276137879,2.2383847656827277e-05,0.02238384765682728,22.383847656827278,500,10.0,5.0,5.0,5.0,0.2,1.0,2.2383847656827277e-05,0.02238384765682728,22.383847656827278,22.383847656827278
B,2.0,0.002,0.2,0.4,0.4,400.0,5.0,1.9634954084936207e-05,0.19634954084936207,3.9269908169872415e-08,39.269908169872416,0.039269908169872414,1.5707963267948967e-05,0.015707963267948967,15.707963267948967,500,10.0,5.0,5.0,1.0,1.0,5.0,7.853981633974484e-05,0.07853981633974484,78.53981633974485,78.53981633974485
B,2.0,0.002,0.2,0.4,0.4,400.0,5.0,1.9634954084936207e-05,0.19634954084936207,3.9269908169872415e-08,39.269908169872416,0.039269908169872414,1.5707963267948967e-05,0.015707963267948967,15.707963267948967,500,10.0,5.0,5.0,2.0,0.5,2.5,3.926990816987242e-05,0.03926990816987242,39.26990816987242,39.26990816987242
B,2.0,0.002,0.2,0.4,0.4,400.0,5.0,1.9634954084936207e-05,0.19634954084936207,3.9269908169872415e-08,39.269908169872416,0.039269908169872414,1.5707963267948967e-05,0.015707963267948967,15.707963267948967,500,10.0,5.0,5.0,3.0,0.3333333333333333,1.6666666666666667,2.6179938779914948e-05,0.02617993877991495,26.17993877991495,26.17993877991495
B,2.0,0.002,0.2,0.4,0.4,400.0,5.0,1.9634954084936207e-05,0.19634954084936207,3.9269908169872415e-08,39.269908169872416,0.039269908169872414,1.5707963267948967e-05,0.015707963267948967,15.707963267948967,500,10.0,5.0,5.0,4.0,0.25,1.25,1.963495408493621e-05,0.01963495408493621,19.63495408493621,19.63495408493621
B,2.0,0.002,0.2,0.4,0.4,400.0,5.0,1.9634954084936207e-05,0.19634954084936207,3.9269908169872415e-08,39.269908169872416,0.039269908169872414,1.5707963267948967e-05,0.015707963267948967,15.707963267948967,500,10.0,5.0,5.0,5.0,0.2,1.0,1.5707963267948967e-05,0.015707963267948967,15.707963267948967,15.707963267948967
B,2.0,0.002,0.2,0.5,0.5,500.0,5.0,1.9634954084936207e-05,0.19634954084936207,3.9269908169872415e-08,39.269908169872416,0.039269908169872414,1.9634954084936207e-05,0.019634954084936207,19.634954084936208,500,10.0,5.0,5.0,1.0,1.0,5.0,9.817477042468103e-05,0.09817477042468102,98.17477042468101,98.17477042468101
B,2.0,0.002,0.2,0.5,0.5,500.0,5.0,1.9634954084936207e-05,0.19634954084936207,3.9269908169872415e-08,39.269908169872416,0.039269908169872414,1.9634954084936207e-05,0.019634954084936207,19.634954084936208,500,10.0,5.0,5.0,2.0,0.5,2.5,4.9087385212340514e-05,0.04908738521234051,49.08738521234051,49.08738521234051
B,2.0,0.002,0.2,0.5,0.5,500.0,5.0,1.9634954084936207e-05,0.19634954084936207,3.9269908169872415e-08,39.269908169872416,0.039269908169872414,1.9634954084936207e-05,0.019634954084936207,19.634954084936208,500,10.0,5.0,5.0,3.0,0.3333333333333333,1.6666666666666667,3.272492347489368e-05,0.03272492347489368,32.724923474893686,32.724923474893686
B,2.0,0.002,0.2,0.5,0.5,500.0,5.0,1.9634954084936207e-05,0.19634954084936207,3.9269908169872415e-08,39.269908169872416,0.039269908169872414,1.9634954084936207e-05,0.019634954084936207,19.634954084936208,500,10.0,5.0,5.0,4.0,0.25,1.25,2.4543692606170257e-05,0.024543692606170255,24.543692606170254,24.543692606170254
B,2.0,0.002,0.2,0.5,0.5,500.0,5.0,1.9634954084936207e-05,0.19634954084936207,3.9269908169872415e-08,39.269908169872416,0.039269908169872414,1.9634954084936207e-05,0.019634954084936207,19.634954084936208,500,10.0,5.0,5.0,5.0,0.2,1.0,1.9634954084936207e-05,0.019634954084936207,19.634954084936208,19.634954084936208
B,2.0,0.002,0.2,0.6,0.6,600.0,5.0,1.9634954084936207e-05,0.19634954084936207,3.9269908169872415e-08,39.269908169872416,0.039269908169872414,2.356194490192345e-05,0.02356194490192345,23.56194490192345,500,10.0,5.0,5.0,1.0,1.0,5.0,0.00011780972450961725,0.11780972450961726,117.80972450961725,117.80972450961725
B,2.0,0.002,0.2,0.6,0.6,600.0,5.0,1.9634954084936207e-05,0.19634954084936207,3.9269908169872415e-08,39.269908169872416,0.039269908169872414,2.356194490192345e-05,0.02356194490192345,23.56194490192345,500,10.0,5.0,5.0,2.0,0.5,2.5,5.890486225480863e-05,0.05890486225480863,58.90486225480863,58.90486225480863
B,2.0,0.002,0.2,0.6,0.6,600.0,5.0,1.9634954084936207e-05,0.19634954084936207,3.9269908169872415e-08,39.269908169872416,0.039269908169872414,2.356194490192345e-05,0.02356194490192345,23.56194490192345,500,10.0,5.0,5.0,3.0,0.3333333333333333,1.6666666666666667,3.926990816987242e-05,0.03926990816987242,39.26990816987242,39.26990816987242
B,2.0,0.002,0.2,0.6,0.6,600.0,5.0,1.9634954084936207e-05,0.19634954084936207,3.9269908169872415e-08,39.269908169872416,0.039269908169872414,2.356194490192345e-05,0.02356194490192345,23.56194490192345,500,10.0,5.0,5.0,4.0,0.25,1.25,2.9452431127404314e-05,0.029452431127404314,29.452431127404314,29.452431127404314
B,2.0,0.002,0.2,0.6,0.6,600.0,5.0,1.9634954084936207e-05,0.19634954084936207,3.9269908169872415e-08,39.269908169872416,0.039269908169872414,2.356194490192345e-05,0.02356194490192345,23.56194490192345,500,10.0,5.0,5.0,5.0,0.2,1.0,2.356194490192345e-05,0.02356194490192345,23.56194490192345,23.56194490192345
