setup,pipe_diameter_cm,pipe_area_cm2,probe_window_diameter_cm,probe_window_area_cm2,measurement_depth_cm,bulk_density_g_per_cm3,throughput_kg,throughput_time_s,mass_flow_g_s,vol_flow_cm3_s,velocity_source,velocity_cm_s,velocity_mm_s,acquisition_time_s,axial_length_model,axial_sampling_length_cm,advance_dz_cm_per_acq,refresh_fraction_per_acq,probe_volume_cm3,probe_mass_g_instant,probe_mass_mg_instant,new_mass_g_per_acq,new_mass_mg_per_acq,mass_passed_g_per_acq,mass_passed_mg_per_acq,mass_time_exposure_g_s,mass_time_exposure_mg_s,effective_sample_size_mg
E,10.0,78.53981633974483,0.5,0.19634954084936207,0.1,0.3,95.0,3600.0,26.38888888888889,87.96296296296296,derived_from_throughput,1.1199792291651893,11.199792291651892,0.1,window_diameter,0.5,0.11199792291651894,0.2239958458330379,0.019634954084936207,0.005890486225480862,5.890486225480862,0.0013194444444444443,1.3194444444444442,0.006597222222222221,6.597222222222221,0.0005890486225480862,0.5890486225480862,1.3194444444444442
E,10.0,78.53981633974483,0.5,0.19634954084936207,0.1,0.3,95.0,3600.0,26.38888888888889,87.96296296296296,derived_from_throughput,1.1199792291651893,11.199792291651892,0.35789473684210527,window_diameter,0.5,0.40083467149069935,0.8016693429813987,0.019634954084936207,0.005890486225480862,5.890486225480862,0.004722222222222221,4.722222222222221,0.023611111111111107,23.611111111111107,0.002108174017540519,2.108174017540519,4.722222222222221
E,10.0,78.53981633974483,0.5,0.19634954084936207,0.1,0.3,95.0,3600.0,26.38888888888889,87.96296296296296,derived_from_throughput,1.1199792291651893,11.199792291651892,0.6157894736842106,window_diameter,0.5,0.6896714200648798,1.0,0.019634954084936207,0.005890486225480862,5.890486225480862,0.005890486225480862,5.890486225480862,0.040624999999999994,40.62499999999999,0.003627299412532952,3.627299412532952,5.890486225480862
E,10.0,78.53981633974483,0.5,0.19634954084936207,0.1,0.3,95.0,3600.0,26.38888888888889,87.96296296296296,derived_from_throughput,1.1199792291651893,11.199792291651892,0.8736842105263158,window_diameter,0.5,0.9785081686390602,1.0,0.019634954084936207,0.005890486225480862,5.890486225480862,0.005890486225480862,5.890486225480862,0.05763888888888888,57.63888888888888,0.005146424807525384,5.146424807525384,5.890486225480862
E,10.0,78.53981633974483,0.5,0.19634954084936207,0.1,0.3,95.0,3600.0,26.38888888888889,87.96296296296296,derived_from_throughput,1.1199792291651893,11.199792291651892,1.1315789473684212,window_diameter,0.5,1.2673449172132407,1.0,0.019634954084936207,0.005890486225480862,5.890486225480862,0.005890486225480862,5.890486225480862,0.07465277777777778,74.65277777777777,0.006665550202517819,6.665550202517819,5.890486225480862
E,10.0,78.53981633974483,0.5,0.19634954084936207,0.1,0.3,95.0,3600.0,26.38888888888889,87.96296296296296,derived_from_throughput,1.1199792291651893,11.199792291651892,1.3894736842105266,window_diameter,0.5,1.5561816657874212,1.0,0.019634954084936207,0.005890486225480862,5.890486225480862,0.005890486225480862,5.890486225480862,0.09166666666666667,91.66666666666667,0.008184675597510252,8.184675597510251,5.890486225480862
E,10.0,78.53981633974483,0.5,0.19634954084936207,0.1,0.3,95.0,3600.0,26.38888888888889,87.96296296296296,derived_from_throughput,1.1199792291651893,11.199792291651892,1.6473684210526318,window_diameter,0.5,1.8450184143616015,1.0,0.019634954084936207,0.005890486225480862,5.890486225480862,0.005890486225480862,5.890486225480862,0.10868055555555554,108.68055555555554,0.009703800992502684,9.703800992502684,5.890486225480862
E,10.0,78.53981633974483,0.5,0.19634954084936207,0.1,0.3,95.0,3600.0,26.38888888888889,87.96296296296296,derived_from_throughput,1.1199792291651893,11.199792291651892,1.905263157894737,window_diameter,0.5,2.133855162935782,1.0,0.019634954084936207,0.005890486225480862,5.890486225480862,0.005890486225480862,5.890486225480862,0.12569444444444444,125.69444444444444,0.011222926387495117,11.222926387495116,5.890486225480862
E,10.0,78.53981633974483,0.5,0.19634954084936207,0.1,0.3,95.0,3600.0,26.38888888888889,87.96296296296296,derived_from_throughput,1.1199792291651893,11.199792291651892,2.1631578947368424,window_diameter,0.5,2.4226919115099625,1.0,0.019634954084936207,0.005890486225480862,5.890486225480862,0.005890486225480862,5.890486225480862,0.14270833333333333,142.70833333333331,0.01274205178248755,12.74205178248755,5.890486225480862
E,10.0,78.53981633974483,0.5,0.19634954084936207,0.1,0.3,95.0,3600.0,26.38888888888889,87.96296296296296,derived_from_throughput,1.1199792291651893,11.199792291651892,2.421052631578948,window_diameter,0.5,2.711528660084143,1.0,0.019634954084936207,0.005890486225480862,5.890486225480862,0.005890486225480862,5.890486225480862,0.1597222222222222,159.7222222222222,0.014261177177479984,14.261177177479984,5.890486225480862
E,10.0,78.53981633974483,0.5,0.19634954084936207,0.1,0.3,95.0,3600.0,26.38888888888889,87.96296296296296,derived_from_throughput,1.1199792291651893,11.199792291651892,2.678947368421053,window_diameter,0.5,3.0003654086583236,1.0,0.019634954084936207,0.005890486225480862,5.890486225480862,0.005890486225480862,5.890486225480862,0.17673611111111112,176.73611111111111,0.015780302572472416,15.780302572472417,5.890486225480862
E,10.0,78.53981633974483,0.5,0.19634954084936207,0.1,0.3,95.0,3600.0,26.38888888888889,87.96296296296296,derived_from_throughput,1.1199792291651893,11.199792291651892,2.936842105263158,window_diameter,0.5,3.289202157232504,1.0,0.019634954084936207,0.005890486225480862,5.890486225480862,0.005890486225480862,5.890486225480862,0.19374999999999998,193.74999999999997,0.017299427967464847,17.299427967464847,5.890486225480862
E,10.0,78.53981633974483,0.5,0.19634954084936207,0.1,0.3,95.0,3600.0,26.38888888888889,87.96296296296296,derived_from_throughput,1.1199792291651893,11.199792291651892,3.1947368421052635,window_diameter,0.5,3.578038905806684,1.0,0.019634954084936207,0.005890486225480862,5.890486225480862,0.005890486225480862,5.890486225480862,0.21076388888888886,210.76388888888886,0.01881855336245728,18.81855336245728,5.890486225480862
E,10.0,78.53981633974483,0.5,0.19634954084936207,0.1,0.3,95.0,3600.0,26.38888888888889,87.96296296296296,derived_from_throughput,1.1199792291651893,11.199792291651892,3.452631578947369,window_diameter,0.5,3.866875654380865,1.0,0.019634954084936207,0.005890486225480862,5.890486225480862,0.005890486225480862,5.890486225480862,0.22777777777777777,227.77777777777777,0.020337678757449715,20.337678757449716,5.890486225480862
E,10.0,78.53981633974483,0.5,0.19634954084936207,0.1,0.3,95.0,3600.0,26.38888888888889,87.96296296296296,derived_from_throughput,1.1199792291651893,11.199792291651892,3.710526315789474,window_diameter,0.5,4.155712402955045,1.0,0.019634954084936207,0.005890486225480862,5.890486225480862,0.005890486225480862,5.890486225480862,0.24479166666666663,244.79166666666663,0.021856804152442146,21.856804152442145,5.890486225480862
E,10.0,78.53981633974483,0.5,0.19634954084936207,0.1,0.3,95.0,3600.0,26.38888888888889,87.96296296296296,derived_from_throughput,1.1199792291651893,11.199792291651892,3.9684210526315793,window_diameter,0.5,4.444549151529225,1.0,0.019634954084936207,0.005890486225480862,5.890486225480862,0.005890486225480862,5.890486225480862,0.2618055555555555,261.8055555555555,0.02337592954743458,23.37592954743458,5.890486225480862
E,10.0,78.53981633974483,0.5,0.19634954084936207,0.1,0.3,95.0,3600.0,26.38888888888889,87.96296296296296,derived_from_throughput,1.1199792291651893,11.199792291651892,4.226315789473684,window_diameter,0.5,4.733385900103405,1.0,0.019634954084936207,0.005890486225480862,5.890486225480862,0.005890486225480862,5.890486225480862,0.2788194444444444,278.8194444444444,0.02489505494242701,24.895054942427013,5.890486225480862
E,10.0,78.53981633974483,0.5,0.19634954084936207,0.1,0.3,95.0,3600.0,26.38888888888889,87.96296296296296,derived_from_throughput,1.1199792291651893,11.199792291651892,4.484210526315789,window_diameter,0.5,5.022222648677586,1.0,0.019634954084936207,0.005890486225480862,5.890486225480862,0.005890486225480862,5.890486225480862,0.2958333333333333,295.83333333333326,0.026414180337419442,26.41418033741944,5.890486225480862
E,10.0,78.53981633974483,0.5,0.19634954084936207,0.1,0.3,95.0,3600.0,26.38888888888889,87.96296296296296,derived_from_throughput,1.1199792291651893,11.199792291651892,4.742105263157895,window_diameter,0.5,5.311059397251767,1.0,0.019634954084936207,0.005890486225480862,5.890486225480862,0.005890486225480862,5.890486225480862,0.31284722222222217,312.8472222222222,0.027933305732411876,27.933305732411878,5.890486225480862
E,10.0,78.53981633974483,0.5,0.19634954084936207,0.1,0.3,95.0,3600.0,26.38888888888889,87.96296296296296,derived_from_throughput,1.1199792291651893,11.199792291651892,5.0,window_diameter,0.5,5.599896145825946,1.0,0.019634954084936207,0.005890486225480862,5.890486225480862,0.005890486225480862,5.890486225480862,0.32986111111111105,329.86111111111103,0.02945243112740431,29.45243112740431,5.890486225480862
E,10.0,78.53981633974483,0.5,0.19634954084936207,0.1,0.3,10.0,3600.0,2.7777777777777777,9.25925925925926,derived_from_throughput,0.11789255043844099,1.1789255043844098,0.1,window_diameter,0.5,0.0117892550438441,0.0235785100876882,0.019634954084936207,0.005890486225480862,5.890486225480862,0.0001388888888888889,0.1388888888888889,0.0006944444444444445,0.6944444444444444,0.0005890486225480862,0.5890486225480862,0.1388888888888889
E,10.0,78.53981633974483,0.5,0.19634954084936207,0.1,0.3,10.0,3600.0,2.7777777777777777,9.25925925925926,derived_from_throughput,0.11789255043844099,1.1789255043844098,0.35789473684210527,window_diameter,0.5,0.04219312331481046,0.08438624662962092,0.019634954084936207,0.005890486225480862,5.890486225480862,0.0004970760233918128,0.49707602339181284,0.002485380116959064,2.485380116959064,0.002108174017540519,2.108174017540519,0.49707602339181284
E,10.0,78.53981633974483,0.5,0.19634954084936207,0.1,0.3,10.0,3600.0,2.7777777777777777,9.25925925925926,derived_from_throughput,0.11789255043844099,1.1789255043844098,0.6157894736842106,window_diameter,0.5,0.07259699158577683,0.14519398317155366,0.019634954084936207,0.005890486225480862,5.890486225480862,0.0008552631578947369,0.8552631578947368,0.0042763157894736845,4.276315789473684,0.003627299412532952,3.627299412532952,0.8552631578947368
E,10.0,78.53981633974483,0.5,0.19634954084936207,0.1,0.3,10.0,3600.0,2.7777777777777777,9.25925925925926,derived_from_throughput,0.11789255043844099,1.1789255043844098,0.8736842105263158,window_diameter,0.5,0.10300085985674319,0.20600171971348638,0.019634954084936207,0.005890486225480862,5.890486225480862,0.0012134502923976608,1.213450292397661,0.0060672514619883045,6.067251461988304,0.005146424807525384,5.146424807525384,1.213450292397661
E,10.0,78.53981633974483,0.5,0.19634954084936207,0.1,0.3,10.0,3600.0,2.7777777777777777,9.25925925925926,derived_from_throughput,0.11789255043844099,1.1789255043844098,1.1315789473684212,window_diameter,0.5,0.13340472812770957,0.26680945625541913,0.019634954084936207,0.005890486225480862,5.890486225480862,0.0015716374269005848,1.5716374269005848,0.007858187134502925,7.858187134502925,0.006665550202517819,6.665550202517819,1.5716374269005848
E,10.0,78.53981633974483,0.5,0.19634954084936207,0.1,0.3,10.0,3600.0,2.7777777777777777,9.25925925925926,derived_from_throughput,0.11789255043844099,1.1789255043844098,1.3894736842105266,window_diameter,0.5,0.16380859639867595,0.3276171927973519,0.019634954084936207,0.005890486225480862,5.890486225480862,0.0019298245614035093,1.9298245614035092,0.009649122807017546,9.649122807017546,0.008184675597510252,8.184675597510251,1.9298245614035092
E,10.0,78.53981633974483,0.5,0.19634954084936207,0.1,0.3,10.0,3600.0,2.7777777777777777,9.25925925925926,derived_from_throughput,0.11789255043844099,1.1789255043844098,1.6473684210526318,window_diameter,0.5,0.1942124646696423,0.3884249293392846,0.019634954084936207,0.005890486225480862,5.890486225480862,0.0022880116959064327,2.2880116959064325,0.011440058479532165,11.440058479532166,0.009703800992502684,9.703800992502684,2.2880116959064325
E,10.0,78.53981633974483,0.5,0.19634954084936207,0.1,0.3,10.0,3600.0,2.7777777777777777,9.25925925925926,derived_from_throughput,0.11789255043844099,1.1789255043844098,1.905263157894737,window_diameter,0.5,0.22461633294060865,0.4492326658812173,0.019634954084936207,0.005890486225480862,5.890486225480862,0.002646198830409357,2.646198830409357,0.013230994152046784,13.230994152046785,0.011222926387495117,11.222926387495116,2.646198830409357
E,10.0,78.53981633974483,0.5,0.19634954084936207,0.1,0.3,10.0,3600.0,2.7777777777777777,9.25925925925926,derived_from_throughput,0.11789255043844099,1.1789255043844098,2.1631578947368424,window_diameter,0.5,0.25502020121157504,0.5100404024231501,0.019634954084936207,0.005890486225480862,5.890486225480862,0.003004385964912281,3.0043859649122813,0.015021929824561405,15.021929824561406,0.01274205178248755,12.74205178248755,3.0043859649122813
E,10.0,78.53981633974483,0.5,0.19634954084936207,0.1,0.3,10.0,3600.0,2.7777777777777777,9.25925925925926,derived_from_throughput,0.11789255043844099,1.1789255043844098,2.421052631578948,window_diameter,0.5,0.2854240694825414,0.5708481389650828,0.019634954084936207,0.005890486225480862,5.890486225480862,0.003362573099415205,3.362573099415205,0.016812865497076026,16.812865497076025,0.014261177177479984,14.261177177479984,3.362573099415205
E,10.0,78.53981633974483,0.5,0.19634954084936207,0.1,0.3,10.0,3600.0,2.7777777777777777,9.25925925925926,derived_from_throughput,0.11789255043844099,1.1789255043844098,2.678947368421053,window_diameter,0.5,0.31582793775350776,0.6316558755070155,0.019634954084936207,0.005890486225480862,5.890486225480862,0.003720760233918129,3.7207602339181287,0.018603801169590647,18.603801169590646,0.015780302572472416,15.780302572472417,3.7207602339181287
E,10.0,78.53981633974483,0.5,0.19634954084936207,0.1,0.3,10.0,3600.0,2.7777777777777777,9.25925925925926,derived_from_throughput,0.11789255043844099,1.1789255043844098,2.936842105263158,window_diameter,0.5,0.3462318060244741,0.6924636120489482,0.019634954084936207,0.005890486225480862,5.890486225480862,0.004078947368421053,4.078947368421052,0.020394736842105264,20.394736842105264,0.017299427967464847,17.299427967464847,4.078947368421052
E,10.0,78.53981633974483,0.5,0.19634954084936207,0.1,0.3,10.0,3600.0,2.7777777777777777,9.25925925925926,derived_from_throughput,0.11789255043844099,1.1789255043844098,3.1947368421052635,window_diameter,0.5,0.3766356742954405,0.753271348590881,0.019634954084936207,0.005890486225480862,5.890486225480862,0.0044371345029239765,4.437134502923977,0.022185672514619885,22.185672514619885,0.01881855336245728,18.81855336245728,4.437134502923977
E,10.0,78.53981633974483,0.5,0.19634954084936207,0.1,0.3,10.0,3600.0,2.7777777777777777,9.25925925925926,derived_from_throughput,0.11789255043844099,1.1789255043844098,3.452631578947369,window_diameter,0.5,0.40703954256640684,0.8140790851328137,0.019634954084936207,0.005890486225480862,5.890486225480862,0.004795321637426901,4.795321637426901,0.023976608187134506,23.976608187134506,0.020337678757449715,20.337678757449716,4.795321637426901
E,10.0,78.53981633974483,0.5,0.19634954084936207,0.1,0.3,10.0,3600.0,2.7777777777777777,9.25925925925926,derived_from_throughput,0.11789255043844099,1.1789255043844098,3.710526315789474,window_diameter,0.5,0.43744341083737315,0.8748868216747463,0.019634954084936207,0.005890486225480862,5.890486225480862,0.005153508771929824,5.1535087719298245,0.025767543859649123,25.767543859649123,0.021856804152442146,21.856804152442145,5.1535087719298245
E,10.0,78.53981633974483,0.5,0.19634954084936207,0.1,0.3,10.0,3600.0,2.7777777777777777,9.25925925925926,derived_from_throughput,0.11789255043844099,1.1789255043844098,3.9684210526315793,window_diameter,0.5,0.46784727910833956,0.9356945582166791,0.019634954084936207,0.005890486225480862,5.890486225480862,0.005511695906432749,5.511695906432749,0.027558479532163744,27.558479532163744,0.02337592954743458,23.37592954743458,5.511695906432749
E,10.0,78.53981633974483,0.5,0.19634954084936207,0.1,0.3,10.0,3600.0,2.7777777777777777,9.25925925925926,derived_from_throughput,0.11789255043844099,1.1789255043844098,4.226315789473684,window_diameter,0.5,0.49825114737930587,0.9965022947586117,0.019634954084936207,0.005890486225480862,5.890486225480862,0.005869883040935672,5.8698830409356715,0.02934941520467836,29.349415204678362,0.02489505494242701,24.895054942427013,5.8698830409356715
E,10.0,78.53981633974483,0.5,0.19634954084936207,0.1,0.3,10.0,3600.0,2.7777777777777777,9.25925925925926,derived_from_throughput,0.11789255043844099,1.1789255043844098,4.484210526315789,window_diameter,0.5,0.5286550156502722,1.0,0.019634954084936207,0.005890486225480862,5.890486225480862,0.005890486225480862,5.890486225480862,0.03114035087719298,31.14035087719298,0.026414180337419442,26.41418033741944,5.890486225480862
E,10.0,78.53981633974483,0.5,0.19634954084936207,0.1,0.3,10.0,3600.0,2.7777777777777777,9.25925925925926,derived_from_throughput,0.11789255043844099,1.1789255043844098,4.742105263157895,window_diameter,0.5,0.5590588839212386,1.0,0.019634954084936207,0.005890486225480862,5.890486225480862,0.005890486225480862,5.890486225480862,0.0329312865497076,32.9312865497076,0.027933305732411876,27.933305732411878,5.890486225480862
E,10.0,78.53981633974483,0.5,0.19634954084936207,0.1,0.3,10.0,3600.0,2.7777777777777777,9.25925925925926,derived_from_throughput,0.11789255043844099,1.1789255043844098,5.0,window_diameter,0.5,0.5894627521922049,1.0,0.019634954084936207,0.005890486225480862,5.890486225480862,0.005890486225480862,5.890486225480862,0.034722222222222224,34.72222222222222,0.02945243112740431,29.45243112740431,5.890486225480862
E,10.0,78.53981633974483,0.5,0.19634954084936207,0.1,0.3,14.210526315789473,3600.0,3.9473684210526314,13.157894736842104,derived_from_throughput,0.16753151904410035,1.6753151904410035,0.1,window_diameter,0.5,0.016753151904410037,0.033506303808820075,0.019634954084936207,0.005890486225480862,5.890486225480862,0.00019736842105263157,0.19736842105263158,0.000986842105263158,0.986842105263158,0.0005890486225480862,0.5890486225480862,0.19736842105263158
E,10.0,78.53981633974483,0.5,0.19634954084936207,0.1,0.3,14.210526315789473,3600.0,3.9473684210526314,13.157894736842104,derived_from_throughput,0.16753151904410035,1.6753151904410035,0.35789473684210527,window_diameter,0.5,0.059958648921046444,0.11991729784209289,0.019634954084936207,0.005890486225480862,5.890486225480862,0.000706371191135734,0.706371191135734,0.0035318559556786703,3.53185595567867,0.002108174017540519,2.108174017540519,0.706371191135734
E,10.0,78.53981633974483,0.5,0.19634954084936207,0.1,0.3,14.210526315789473,3600.0,3.9473684210526314,13.157894736842104,derived_from_throughput,0.16753151904410035,1.6753151904410035,0.6157894736842106,window_diameter,0.5,0.10316414593768285,0.2063282918753657,0.019634954084936207,0.005890486225480862,5.890486225480862,0.0012153739612188364,1.2153739612188363,0.006076869806094183,6.076869806094183,0.003627299412532952,3.627299412532952,1.2153739612188363
E,10.0,78.53981633974483,0.5,0.19634954084936207,0.1,0.3,14.210526315789473,3600.0,3.9473684210526314,13.157894736842104,derived_from_throughput,0.16753151904410035,1.6753151904410035,0.8736842105263158,window_diameter,0.5,0.14636964295431926,0.2927392859086385,0.019634954084936207,0.005890486225480862,5.890486225480862,0.0017243767313019388,1.724376731301939,0.008621883656509696,8.621883656509695,0.005146424807525384,5.146424807525384,1.724376731301939
E,10.0,78.53981633974483,0.5,0.19634954084936207,0.1,0.3,14.210526315789473,3600.0,3.9473684210526314,13.157894736842104,derived_from_throughput,0.16753151904410035,1.6753151904410035,1.1315789473684212,window_diameter,0.5,0.18957513997095568,0.37915027994191136,0.019634954084936207,0.005890486225480862,5.890486225480862,0.0022333795013850417,2.2333795013850417,0.011166897506925209,11.166897506925208,0.006665550202517819,6.665550202517819,2.2333795013850417
E,10.0,78.53981633974483,0.5,0.19634954084936207,0.1,0.3,14.210526315789473,3600.0,3.9473684210526314,13.157894736842104,derived_from_throughput,0.16753151904410035,1.6753151904410035,1.3894736842105266,window_diameter,0.5,0.23278063698759213,0.46556127397518426,0.019634954084936207,0.005890486225480862,5.890486225480862,0.0027423822714681446,2.7423822714681445,0.013711911357340723,13.711911357340723,0.008184675597510252,8.184675597510251,2.7423822714681445
E,10.0,78.53981633974483,0.5,0.19634954084936207,0.1,0.3,14.210526315789473,3600.0,3.9473684210526314,13.157894736842104,derived_from_throughput,0.16753151904410035,1.6753151904410035,1.6473684210526318,window_diameter,0.5,0.2759861340042285,0.551972268008457,0.019634954084936207,0.005890486225480862,5.890486225480862,0.0032513850415512467,3.251385041551247,0.016256925207756234,16.256925207756233,0.009703800992502684,9.703800992502684,3.251385041551247
E,10.0,78.53981633974483,0.5,0.19634954084936207,0.1,0.3,14.210526315789473,3600.0,3.9473684210526314,13.157894736842104,derived_from_throughput,0.16753151904410035,1.6753151904410035,1.905263157894737,window_diameter,0.5,0.3191916310208649,0.6383832620417298,0.019634954084936207,0.005890486225480862,5.890486225480862,0.0037603878116343487,3.7603878116343488,0.018801939058171745,18.801939058171744,0.011222926387495117,11.222926387495116,3.7603878116343488
E,10.0,78.53981633974483,0.5,0.19634954084936207,0.1,0.3,14.210526315789473,3600.0,3.9473684210526314,13.157894736842104,derived_from_throughput,0.16753151904410035,1.6753151904410035,2.1631578947368424,window_diameter,0.5,0.36239712803750135,0.7247942560750027,0.019634954084936207,0.005890486225480862,5.890486225480862,0.004269390581717452,4.269390581717452,0.02134695290858726,21.34695290858726,0.01274205178248755,12.74205178248755,4.269390581717452
E,10.0,78.53981633974483,0.5,0.19634954084936207,0.1,0.3,14.210526315789473,3600.0,3.9473684210526314,13.157894736842104,derived_from_throughput,0.16753151904410035,1.6753151904410035,2.421052631578948,window_diameter,0.5,0.40560262505413774,0.8112052501082755,0.019634954084936207,0.005890486225480862,5.890486225480862,0.004778393351800554,4.7783933518005535,0.023891966759002774,23.891966759002774,0.014261177177479984,14.261177177479984,4.7783933518005535
E,10.0,78.53981633974483,0.5,0.19634954084936207,0.1,0.3,14.210526315789473,3600.0,3.9473684210526314,13.157894736842104,derived_from_throughput,0.16753151904410035,1.6753151904410035,2.678947368421053,window_diameter,0.5,0.4488081220707742,0.8976162441415484,0.019634954084936207,0.005890486225480862,5.890486225480862,0.0052873961218836574,5.287396121883657,0.026436980609418285,26.436980609418285,0.015780302572472416,15.780302572472417,5.287396121883657
E,10.0,78.53981633974483,0.5,0.19634954084936207,0.1,0.3,14.210526315789473,3600.0,3.9473684210526314,13.157894736842104,derived_from_throughput,0.16753151904410035,1.6753151904410035,2.936842105263158,window_diameter,0.5,0.49201361908741054,0.9840272381748211,0.019634954084936207,0.005890486225480862,5.890486225480862,0.005796398891966759,5.796398891966758,0.028981994459833797,28.981994459833796,0.017299427967464847,17.299427967464847,5.796398891966758
E,10.0,78.53981633974483,0.5,0.19634954084936207,0.1,0.3,14.210526315789473,3600.0,3.9473684210526314,13.157894736842104,derived_from_throughput,0.16753151904410035,1.6753151904410035,3.1947368421052635,window_diameter,0.5,0.5352191161040469,1.0,0.019634954084936207,0.005890486225480862,5.890486225480862,0.005890486225480862,5.890486225480862,0.03152700831024931,31.527008310249307,0.01881855336245728,18.81855336245728,5.890486225480862
E,10.0,78.53981633974483,0.5,0.19634954084936207,0.1,0.3,14.210526315789473,3600.0,3.9473684210526314,13.157894736842104,derived_from_throughput,0.16753151904410035,1.6753151904410035,3.452631578947369,window_diameter,0.5,0.5784246131206834,1.0,0.019634954084936207,0.005890486225480862,5.890486225480862,0.005890486225480862,5.890486225480862,0.03407202216066482,34.07202216066482,0.020337678757449715,20.337678757449716,5.890486225480862
E,10.0,78.53981633974483,0.5,0.19634954084936207,0.1,0.3,14.210526315789473,3600.0,3.9473684210526314,13.157894736842104,derived_from_throughput,0.16753151904410035,1.6753151904410035,3.710526315789474,window_diameter,0.5,0.6216301101373197,1.0,0.019634954084936207,0.005890486225480862,5.890486225480862,0.005890486225480862,5.890486225480862,0.03661703601108033,36.61703601108033,0.021856804152442146,21.856804152442145,5.890486225480862
E,10.0,78.53981633974483,0.5,0.19634954084936207,0.1,0.3,14.210526315789473,3600.0,3.9473684210526314,13.157894736842104,derived_from_throughput,0.16753151904410035,1.6753151904410035,3.9684210526315793,window_diameter,0.5,0.6648356071539562,1.0,0.019634954084936207,0.005890486225480862,5.890486225480862,0.005890486225480862,5.890486225480862,0.039162049861495844,39.162049861495845,0.02337592954743458,23.37592954743458,5.890486225480862
E,10.0,78.53981633974483,0.5,0.19634954084936207,0.1,0.3,14.210526315789473,3600.0,3.9473684210526314,13.157894736842104,derived_from_throughput,0.16753151904410035,1.6753151904410035,4.226315789473684,window_diameter,0.5,0.7080411041705925,1.0,0.019634954084936207,0.005890486225480862,5.890486225480862,0.005890486225480862,5.890486225480862,0.04170706371191136,41.70706371191136,0.02489505494242701,24.895054942427013,5.890486225480862
E,10.0,78.53981633974483,0.5,0.19634954084936207,0.1,0.3,14.210526315789473,3600.0,3.9473684210526314,13.157894736842104,derived_from_throughput,0.16753151904410035,1.6753151904410035,4.484210526315789,window_diameter,0.5,0.7512466011872289,1.0,0.019634954084936207,0.005890486225480862,5.890486225480862,0.005890486225480862,5.890486225480862,0.044252077562326866,44.25207756232687,0.026414180337419442,26.41418033741944,5.890486225480862
E,10.0,78.53981633974483,0.5,0.19634954084936207,0.1,0.3,14.210526315789473,3600.0,3.9473684210526314,13.157894736842104,derived_from_throughput,0.16753151904410035,1.6753151904410035,4.742105263157895,window_diameter,0.5,0.7944520982038654,1.0,0.019634954084936207,0.005890486225480862,5.890486225480862,0.005890486225480862,5.890486225480862,0.04679709141274238,46.79709141274238,0.027933305732411876,27.933305732411878,5.890486225480862
E,10.0,78.53981633974483,0.5,0.19634954084936207,0.1,0.3,14.210526315789473,3600.0,3.9473684210526314,13.157894736842104,derived_from_throughput,0.16753151904410035,1.6753151904410035,5.0,window_diameter,0.5,0.8376575952205018,1.0,0.019634954084936207,0.005890486225480862,5.890486225480862,0.005890486225480862,5.890486225480862,0.049342105263157895,49.3421052631579,0.02945243112740431,29.45243112740431,5.890486225480862
E,10.0,78.53981633974483,0.5,0.19634954084936207,0.1,0.3,18.421052631578945,3600.0,5.116959064327485,17.056530214424953,derived_from_throughput,0.21717048764975974,2.1717048764975972,0.1,window_diameter,0.5,0.021717048764975974,0.04343409752995195,0.019634954084936207,0.005890486225480862,5.890486225480862,0.0002558479532163743,0.25584795321637427,0.0012792397660818715,1.2792397660818715,0.0005890486225480862,0.5890486225480862,0.25584795321637427
E,10.0,78.53981633974483,0.5,0.19634954084936207,0.1,0.3,18.421052631578945,3600.0,5.116959064327485,17.056530214424953,derived_from_throughput,0.21717048764975974,2.1717048764975972,0.35789473684210527,window_diameter,0.5,0.07772417452728243,0.15544834905456487,0.019634954084936207,0.005890486225480862,5.890486225480862,0.0009156663588796553,0.9156663588796553,0.004578331794398277,4.578331794398277,0.002108174017540519,2.108174017540519,0.9156663588796553
E,10.0,78.53981633974483,0.5,0.19634954084936207,0.1,0.3,18.421052631578945,3600.0,5.116959064327485,17.056530214424953,derived_from_throughput,0.21717048764975974,2.1717048764975972,0.6157894736842106,window_diameter,0.5,0.1337313002895889,0.2674626005791778,0.019634954084936207,0.005890486225480862,5.890486225480862,0.0015754847645429364,1.5754847645429364,0.007877423822714683,7.8774238227146824,0.003627299412532952,3.627299412532952,1.5754847645429364
E,10.0,78.53981633974483,0.5,0.19634954084936207,0.1,0.3,18.421052631578945,3600.0,5.116959064327485,17.056530214424953,derived_from_throughput,0.21717048764975974,2.1717048764975972,0.8736842105263158,window_diameter,0.5,0.18973842605189536,0.37947685210379073,0.019634954084936207,0.005890486225480862,5.890486225480862,0.0022353031702062173,2.235303170206217,0.011176515851031087,11.176515851031088,0.005146424807525384,5.146424807525384,2.235303170206217
E,10.0,78.53981633974483,0.5,0.19634954084936207,0.1,0.3,18.421052631578945,3600.0,5.116959064327485,17.056530214424953,derived_from_throughput,0.21717048764975974,2.1717048764975972,1.1315789473684212,window_diameter,0.5,0.24574555181420185,0.4914911036284037,0.019634954084936207,0.005890486225480862,5.890486225480862,0.002895121575869499,2.895121575869499,0.014475607879347496,14.475607879347496,0.006665550202517819,6.665550202517819,2.895121575869499
E,10.0,78.53981633974483,0.5,0.19634954084936207,0.1,0.3,18.421052631578945,3600.0,5.116959064327485,17.056530214424953,derived_from_throughput,0.21717048764975974,2.1717048764975972,1.3894736842105266,window_diameter,0.5,0.30175267757650837,0.6035053551530167,0.019634954084936207,0.005890486225480862,5.890486225480862,0.0035549399815327804,3.5549399815327805,0.017774699907663904,17.774699907663905,0.008184675597510252,8.184675597510251,3.5549399815327805
E,10.0,78.53981633974483,0.5,0.19634954084936207,0.1,0.3,18.421052631578945,3600.0,5.116959064327485,17.056530214424953,derived_from_throughput,0.21717048764975974,2.1717048764975972,1.6473684210526318,window_diameter,0.5,0.3577598033388148,0.7155196066776296,0.019634954084936207,0.005890486225480862,5.890486225480862,0.0042147583871960615,4.214758387196062,0.021073791935980305,21.073791935980307,0.009703800992502684,9.703800992502684,4.214758387196062
E,10.0,78.53981633974483,0.5,0.19634954084936207,0.1,0.3,18.421052631578945,3600.0,5.116959064327485,17.056530214424953,derived_from_throughput,0.21717048764975974,2.1717048764975972,1.905263157894737,window_diameter,0.5,0.41376692910112123,0.8275338582022425,0.019634954084936207,0.005890486225480862,5.890486225480862,0.004874576792859342,4.874576792859342,0.02437288396429671,24.37288396429671,0.011222926387495117,11.222926387495116,4.874576792859342
E,10.0,78.53981633974483,0.5,0.19634954084936207,0.1,0.3,18.421052631578945,3600.0,5.116959064327485,17.056530214424953,derived_from_throughput,0.21717048764975974,2.1717048764975972,2.1631578947368424,window_diameter,0.5,0.4697740548634277,0.9395481097268554,0.019634954084936207,0.005890486225480862,5.890486225480862,0.005534395198522623,5.534395198522623,0.027671975992613118,27.671975992613117,0.01274205178248755,12.74205178248755,5.534395198522623
E,10.0,78.53981633974483,0.5,0.19634954084936207,0.1,0.3,18.421052631578945,3600.0,5.116959064327485,17.056530214424953,derived_from_throughput,0.21717048764975974,2.1717048764975972,2.421052631578948,window_diameter,0.5,0.5257811806257342,1.0,0.019634954084936207,0.005890486225480862,5.890486225480862,0.005890486225480862,5.890486225480862,0.030971068020929523,30.971068020929522,0.014261177177479984,14.261177177479984,5.890486225480862
E,10.0,78.53981633974483,0.5,0.19634954084936207,0.1,0.3,18.421052631578945,3600.0,5.116959064327485,17.056530214424953,derived_from_throughput,0.21717048764975974,2.1717048764975972,2.678947368421053,window_diameter,0.5,0.5817883063880407,1.0,0.019634954084936207,0.005890486225480862,5.890486225480862,0.005890486225480862,5.890486225480862,0.034270160049245935,34.27016004924594,0.015780302572472416,15.780302572472417,5.890486225480862
E,10.0,78.53981633974483,0.5,0.19634954084936207,0.1,0.3,18.421052631578945,3600.0,5.116959064327485,17.056530214424953,derived_from_throughput,0.21717048764975974,2.1717048764975972,2.936842105263158,window_diameter,0.5,0.6377954321503471,1.0,0.019634954084936207,0.005890486225480862,5.890486225480862,0.005890486225480862,5.890486225480862,0.037569252077562336,37.56925207756234,0.017299427967464847,17.299427967464847,5.890486225480862
E,10.0,78.53981633974483,0.5,0.19634954084936207,0.1,0.3,18.421052631578945,3600.0,5.116959064327485,17.056530214424953,derived_from_throughput,0.21717048764975974,2.1717048764975972,3.1947368421052635,window_diameter,0.5,0.6938025579126536,1.0,0.019634954084936207,0.005890486225480862,5.890486225480862,0.005890486225480862,5.890486225480862,0.04086834410587874,40.868344105878734,0.01881855336245728,18.81855336245728,5.890486225480862
E,10.0,78.53981633974483,0.5,0.19634954084936207,0.1,0.3,18.421052631578945,3600.0,5.116959064327485,17.056530214424953,derived_from_throughput,0.21717048764975974,2.1717048764975972,3.452631578947369,window_diameter,0.5,0.74980968367496,1.0,0.019634954084936207,0.005890486225480862,5.890486225480862,0.005890486225480862,5.890486225480862,0.044167436134195145,44.16743613419514,0.020337678757449715,20.337678757449716,5.890486225480862
E,10.0,78.53981633974483,0.5,0.19634954084936207,0.1,0.3,18.421052631578945,3600.0,5.116959064327485,17.056530214424953,derived_from_throughput,0.21717048764975974,2.1717048764975972,3.710526315789474,window_diameter,0.5,0.8058168094372664,1.0,0.019634954084936207,0.005890486225480862,5.890486225480862,0.005890486225480862,5.890486225480862,0.04746652816251155,47.466528162511544,0.021856804152442146,21.856804152442145,5.890486225480862
E,10.0,78.53981633974483,0.5,0.19634954084936207,0.1,0.3,18.421052631578945,3600.0,5.116959064327485,17.056530214424953,derived_from_throughput,0.21717048764975974,2.1717048764975972,3.9684210526315793,window_diameter,0.5,0.8618239351995729,1.0,0.019634954084936207,0.005890486225480862,5.890486225480862,0.005890486225480862,5.890486225480862,0.050765620190827955,50.76562019082795,0.02337592954743458,23.37592954743458,5.890486225480862
E,10.0,78.53981633974483,0.5,0.19634954084936207,0.1,0.3,18.421052631578945,3600.0,5.116959064327485,17.056530214424953,derived_from_throughput,0.21717048764975974,2.1717048764975972,4.226315789473684,window_diameter,0.5,0.9178310609618794,1.0,0.019634954084936207,0.005890486225480862,5.890486225480862,0.005890486225480862,5.890486225480862,0.054064712219144356,54.064712219144354,0.02489505494242701,24.895054942427013,5.890486225480862
E,10.0,78.53981633974483,0.5,0.19634954084936207,0.1,0.3,18.421052631578945,3600.0,5.116959064327485,17.056530214424953,derived_from_throughput,0.21717048764975974,2.1717048764975972,4.484210526315789,window_diameter,0.5,0.9738381867241858,1.0,0.019634954084936207,0.005890486225480862,5.890486225480862,0.005890486225480862,5.890486225480862,0.05736380424746076,57.363804247460756,0.026414180337419442,26.41418033741944,5.890486225480862
E,10.0,78.53981633974483,0.5,0.19634954084936207,0.1,0.3,18.421052631578945,3600.0,5.116959064327485,17.056530214424953,derived_from_throughput,0.21717048764975974,2.1717048764975972,4.742105263157895,window_diameter,0.5,1.0298453124864924,1.0,0.019634954084936207,0.005890486225480862,5.890486225480862,0.005890486225480862,5.890486225480862,0.06066289627577717,60.66289627577717,0.027933305732411876,27.933305732411878,5.890486225480862
E,10.0,78.53981633974483,0.5,0.19634954084936207,0.1,0.3,18.421052631578945,3600.0,5.116959064327485,17.056530214424953,derived_from_throughput,0.21717048764975974,2.1717048764975972,5.0,window_diameter,0.5,1.0858524382487986,1.0,0.019634954084936207,0.005890486225480862,5.890486225480862,0.005890486225480862,5.890486225480862,0.06396198830409357,63.961988304093566,0.02945243112740431,29.45243112740431,5.890486225480862
E,10.0,78.53981633974483,0.5,0.19634954084936207,0.1,0.3,22.63157894736842,3600.0,6.286549707602338,20.955165692007796,derived_from_throughput,0.2668094562554191,2.6680945625541908,0.1,window_diameter,0.5,0.026680945625541908,0.053361891251083815,0.019634954084936207,0.005890486225480862,5.890486225480862,0.00031432748538011695,0.31432748538011696,0.0015716374269005848,1.5716374269005848,0.0005890486225480862,0.5890486225480862,0.31432748538011696
E,10.0,78.53981633974483,0.5,0.19634954084936207,0.1,0.3,22.63157894736842,3600.0,6.286549707602338,20.955165692007796,derived_from_throughput,0.2668094562554191,2.6680945625541908,0.35789473684210527,window_diameter,0.5,0.0954897001335184,0.1909794002670368,0.019634954084936207,0.005890486225480862,5.890486225480862,0.0011249615266235764,1.1249615266235764,0.005624807633117882,5.624807633117882,0.002108174017540519,2.108174017540519,1.1249615266235764
E,10.0,78.53981633974483,0.5,0.19634954084936207,0.1,0.3,22.63157894736842,3600.0,6.286549707602338,20.955165692007796,derived_from_throughput,0.2668094562554191,2.6680945625541908,0.6157894736842106,window_diameter,0.5,0.16429845464149492,0.32859690928298985,0.019634954084936207,0.005890486225480862,5.890486225480862,0.001935595567867036,1.935595567867036,0.00967797783933518,9.67797783933518,0.003627299412532952,3.627299412532952,1.935595567867036
E,10.0,78.53981633974483,0.5,0.19634954084936207,0.1,0.3,22.63157894736842,3600.0,6.286549707602338,20.955165692007796,derived_from_throughput,0.2668094562554191,2.6680945625541908,0.8736842105263158,window_diameter,0.5,0.23310720914947142,0.46621441829894283,0.019634954084936207,0.005890486225480862,5.890486225480862,0.0027462296091104953,2.7462296091104954,0.013731148045552477,13.731148045552477,0.005146424807525384,5.146424807525384,2.7462296091104954
E,10.0,78.53981633974483,0.5,0.19634954084936207,0.1,0.3,22.63157894736842,3600.0,6.286549707602338,20.955165692007796,derived_from_throughput,0.2668094562554191,2.6680945625541908,1.1315789473684212,window_diameter,0.5,0.30191596365744794,0.6038319273148959,0.019634954084936207,0.005890486225480862,5.890486225480862,0.003556863650353955,3.556863650353955,0.01778431825176978,17.78431825176978,0.006665550202517819,6.665550202517819,3.556863650353955
E,10.0,78.53981633974483,0.5,0.19634954084936207,0.1,0.3,22.63157894736842,3600.0,6.286549707602338,20.955165692007796,derived_from_throughput,0.2668094562554191,2.6680945625541908,1.3894736842105266,window_diameter,0.5,0.37072471816542446,0.7414494363308489,0.019634954084936207,0.005890486225480862,5.890486225480862,0.0043674976915974145,4.367497691597414,0.021837488457987077,21.837488457987078,0.008184675597510252,8.184675597510251,4.367497691597414
E,10.0,78.53981633974483,0.5,0.19634954084936207,0.1,0.3,22.63157894736842,3600.0,6.286549707602338,20.955165692007796,derived_from_throughput,0.2668094562554191,2.6680945625541908,1.6473684210526318,window_diameter,0.5,0.439533472673401,0.879066945346802,0.019634954084936207,0.005890486225480862,5.890486225480862,0.005178131732840875,5.178131732840875,0.025890658664204372,25.890658664204373,0.009703800992502684,9.703800992502684,5.178131732840875
E,10.0,78.53981633974483,0.5,0.19634954084936207,0.1,0.3,22.63157894736842,3600.0,6.286549707602338,20.955165692007796,derived_from_throughput,0.2668094562554191,2.6680945625541908,1.905263157894737,window_diameter,0.5,0.5083422271813774,1.0,0.019634954084936207,0.005890486225480862,5.890486225480862,0.005890486225480862,5.890486225480862,0.029943828870421667,29.94382887042167,0.011222926387495117,11.222926387495116,5.890486225480862
E,10.0,78.53981633974483,0.5,0.19634954084936207,0.1,0.3,22.63157894736842,3600.0,6.286549707602338,20.955165692007796,derived_from_throughput,0.2668094562554191,2.6680945625541908,2.1631578947368424,window_diameter,0.5,0.577150981689354,1.0,0.019634954084936207,0.005890486225480862,5.890486225480862,0.005890486225480862,5.890486225480862,0.033996999076638966,33.996999076638964,0.01274205178248755,12.74205178248755,5.890486225480862
E,10.0,78.53981633974483,0.5,0.19634954084936207,0.1,0.3,22.63157894736842,3600.0,6.286549707602338,20.955165692007796,derived_from_throughput,0.2668094562554191,2.6680945625541908,2.421052631578948,window_diameter,0.5,0.6459597361973305,1.0,0.019634954084936207,0.005890486225480862,5.890486225480862,0.005890486225480862,5.890486225480862,0.03805016928285627,38.05016928285627,0.014261177177479984,14.261177177479984,5.890486225480862
E,10.0,78.53981633974483,0.5,0.19634954084936207,0.1,0.3,22.63157894736842,3600.0,6.286549707602338,20.955165692007796,derived_from_throughput,0.2668094562554191,2.6680945625541908,2.678947368421053,window_diameter,0.5,0.714768490705307,1.0,0.019634954084936207,0.005890486225480862,5.890486225480862,0.005890486225480862,5.890486225480862,0.04210333948907357,42.10333948907357,0.015780302572472416,15.780302572472417,5.890486225480862
E,10.0,78.53981633974483,0.5,0.19634954084936207,0.1,0.3,22.63157894736842,3600.0,6.286549707602338,20.955165692007796,derived_from_throughput,0.2668094562554191,2.6680945625541908,2.936842105263158,window_diameter,0.5,0.7835772452132834,1.0,0.019634954084936207,0.005890486225480862,5.890486225480862,0.005890486225480862,5.890486225480862,0.04615650969529086,46.15650969529086,0.017299427967464847,17.299427967464847,5.890486225480862
E,10.0,78.53981633974483,0.5,0.19634954084936207,0.1,0.3,22.63157894736842,3600.0,6.286549707602338,20.955165692007796,derived_from_throughput,0.2668094562554191,2.6680945625541908,3.1947368421052635,window_diameter,0.5,0.85238599972126,1.0,0.019634954084936207,0.005890486225480862,5.890486225480862,0.005890486225480862,5.890486225480862,0.05020967990150816,50.20967990150816,0.01881855336245728,18.81855336245728,5.890486225480862
E,10.0,78.53981633974483,0.5,0.19634954084936207,0.1,0.3,22.63157894736842,3600.0,6.286549707602338,20.955165692007796,derived_from_throughput,0.2668094562554191,2.6680945625541908,3.452631578947369,window_diameter,0.5,0.9211947542292366,1.0,0.019634954084936207,0.005890486225480862,5.890486225480862,0.005890486225480862,5.890486225480862,0.05426285010772546,54.26285010772546,0.020337678757449715,20.337678757449716,5.890486225480862
E,10.0,78.53981633974483,0.5,0.19634954084936207,0.1,0.3,22.63157894736842,3600.0,6.286549707602338,20.955165692007796,derived_from_throughput,0.2668094562554191,2.6680945625541908,3.710526315789474,window_diameter,0.5,0.990003508737213,1.0,0.019634954084936207,0.005890486225480862,5.890486225480862,0.005890486225480862,5.890486225480862,0.05831602031394275,58.31602031394275,0.021856804152442146,21.856804152442145,5.890486225480862
E,10.0,78.53981633974483,0.5,0.19634954084936207,0.1,0.3,22.63157894736842,3600.0,6.286549707602338,20.955165692007796,derived_from_throughput,0.2668094562554191,2.6680945625541908,3.9684210526315793,window_diameter,0.5,1.0588122632451895,1.0,0.019634954084936207,0.005890486225480862,5.890486225480862,0.005890486225480862,5.890486225480862,0.06236919052016005,62.36919052016005,0.02337592954743458,23.37592954743458,5.890486225480862
E,10.0,78.53981633974483,0.5,0.19634954084936207,0.1,0.3,22.63157894736842,3600.0,6.286549707602338,20.955165692007796,derived_from_throughput,0.2668094562554191,2.6680945625541908,4.226315789473684,window_diameter,0.5,1.1276210177531658,1.0,0.019634954084936207,0.005890486225480862,5.890486225480862,0.005890486225480862,5.890486225480862,0.06642236072637735,66.42236072637735,0.02489505494242701,24.895054942427013,5.890486225480862
E,10.0,78.53981633974483,0.5,0.19634954084936207,0.1,0.3,22.63157894736842,3600.0,6.286549707602338,20.955165692007796,derived_from_throughput,0.2668094562554191,2.6680945625541908,4.484210526315789,window_diameter,0.5,1.1964297722611423,1.0,0.019634954084936207,0.005890486225480862,5.890486225480862,0.005890486225480862,5.890486225480862,0.07047553093259463,70.47553093259464,0.026414180337419442,26.41418033741944,5.890486225480862
E,10.0,78.53981633974483,0.5,0.19634954084936207,0.1,0.3,22.63157894736842,3600.0,6.286549707602338,20.955165692007796,derived_from_throughput,0.2668094562554191,2.6680945625541908,4.742105263157895,window_diameter,0.5,1.2652385267691189,1.0,0.019634954084936207,0.005890486225480862,5.890486225480862,0.005890486225480862,5.890486225480862,0.07452870113881194,74.52870113881194,0.027933305732411876,27.933305732411878,5.890486225480862
E,10.0,78.53981633974483,0.5,0.19634954084936207,0.1,0.3,22.63157894736842,3600.0,6.286549707602338,20.955165692007796,derived_from_throughput,0.2668094562554191,2.6680945625541908,5.0,window_diameter,0.5,1.3340472812770954,1.0,0.019634954084936207,0.005890486225480862,5.890486225480862,0.005890486225480862,5.890486225480862,0.07858187134502924,78.58187134502924,0.02945243112740431,29.45243112740431,5.890486225480862
E,10.0,78.53981633974483,0.5,0.19634954084936207,0.1,0.3,26.842105263157894,3600.0,7.456140350877193,24.853801169590643,derived_from_throughput,0.31644842486107844,3.1644842486107843,0.1,window_diameter,0.5,0.03164484248610785,0.0632896849722157,0.019634954084936207,0.005890486225480862,5.890486225480862,0.00037280701754385966,0.37280701754385964,0.0018640350877192982,1.8640350877192982,0.0005890486225480862,0.5890486225480862,0.37280701754385964
E,10.0,78.53981633974483,0.5,0.19634954084936207,0.1,0.3,26.842105263157894,3600.0,7.456140350877193,24.853801169590643,derived_from_throughput,0.31644842486107844,3.1644842486107843,0.35789473684210527,window_diameter,0.5,0.11325522573975438,0.22651045147950877,0.019634954084936207,0.005890486225480862,5.890486225480862,0.0013342566943674976,1.3342566943674976,0.006671283471837488,6.671283471837488,0.002108174017540519,2.108174017540519,1.3342566943674976
E,10.0,78.53981633974483,0.5,0.19634954084936207,0.1,0.3,26.842105263157894,3600.0,7.456140350877193,24.853801169590643,derived_from_throughput,0.31644842486107844,3.1644842486107843,0.6157894736842106,window_diameter,0.5,0.19486560899340094,0.3897312179868019,0.019634954084936207,0.005890486225480862,5.890486225480862,0.0022957063711911353,2.295706371191135,0.011478531855955678,11.478531855955678,0.003627299412532952,3.627299412532952,2.295706371191135
E,10.0,78.53981633974483,0.5,0.19634954084936207,0.1,0.3,26.842105263157894,3600.0,7.456140350877193,24.853801169590643,derived_from_throughput,0.31644842486107844,3.1644842486107843,0.8736842105263158,window_diameter,0.5,0.2764759922470475,0.552951984494095,0.019634954084936207,0.005890486225480862,5.890486225480862,0.0032571560480147738,3.2571560480147737,0.01628578024007387,16.28578024007387,0.005146424807525384,5.146424807525384,3.2571560480147737
E,10.0,78.53981633974483,0.5,0.19634954084936207,0.1,0.3,26.842105263157894,3600.0,7.456140350877193,24.853801169590643,derived_from_throughput,0.31644842486107844,3.1644842486107843,1.1315789473684212,window_diameter,0.5,0.35808637550069405,0.7161727510013881,0.019634954084936207,0.005890486225480862,5.890486225480862,0.004218605724838412,4.218605724838412,0.021093028624192062,21.093028624192062,0.006665550202517819,6.665550202517819,4.218605724838412
E,10.0,78.53981633974483,0.5,0.19634954084936207,0.1,0.3,26.842105263157894,3600.0,7.456140350877193,24.853801169590643,derived_from_throughput,0.31644842486107844,3.1644842486107843,1.3894736842105266,window_diameter,0.5,0.43969675875434067,0.8793935175086813,0.019634954084936207,0.005890486225480862,5.890486225480862,0.00518005540166205,5.180055401662051,0.025900277008310255,25.900277008310255,0.008184675597510252,8.184675597510251,5.180055401662051
E,10.0,78.53981633974483,0.5,0.19634954084936207,0.1,0.3,26.842105263157894,3600.0,7.456140350877193,24.853801169590643,derived_from_throughput,0.31644842486107844,3.1644842486107843,1.6473684210526318,window_diameter,0.5,0.5213071420079872,1.0,0.019634954084936207,0.005890486225480862,5.890486225480862,0.005890486225480862,5.890486225480862,0.030707525392428443,30.707525392428444,0.009703800992502684,9.703800992502684,5.890486225480862
E,10.0,78.53981633974483,0.5,0.19634954084936207,0.1,0.3,26.842105263157894,3600.0,7.456140350877193,24.853801169590643,derived_from_throughput,0.31644842486107844,3.1644842486107843,1.905263157894737,window_diameter,0.5,0.6029175252616337,1.0,0.019634954084936207,0.005890486225480862,5.890486225480862,0.005890486225480862,5.890486225480862,0.03551477377654663,35.51477377654663,0.011222926387495117,11.222926387495116,5.890486225480862
E,10.0,78.53981633974483,0.5,0.19634954084936207,0.1,0.3,26.842105263157894,3600.0,7.456140350877193,24.853801169590643,derived_from_throughput,0.31644842486107844,3.1644842486107843,2.1631578947368424,window_diameter,0.5,0.6845279085152803,1.0,0.019634954084936207,0.005890486225480862,5.890486225480862,0.005890486225480862,5.890486225480862,0.04032202216066482,40.32202216066482,0.01274205178248755,12.74205178248755,5.890486225480862
E,10.0,78.53981633974483,0.5,0.19634954084936207,0.1,0.3,26.842105263157894,3600.0,7.456140350877193,24.853801169590643,derived_from_throughput,0.31644842486107844,3.1644842486107843,2.421052631578948,window_diameter,0.5,0.7661382917689269,1.0,0.019634954084936207,0.005890486225480862,5.890486225480862,0.005890486225480862,5.890486225480862,0.045129270544783016,45.12927054478302,0.014261177177479984,14.261177177479984,5.890486225480862
E,10.0,78.53981633974483,0.5,0.19634954084936207,0.1,0.3,26.842105263157894,3600.0,7.456140350877193,24.853801169590643,derived_from_throughput,0.31644842486107844,3.1644842486107843,2.678947368421053,window_diameter,0.5,0.8477486750225735,1.0,0.019634954084936207,0.005890486225480862,5.890486225480862,0.005890486225480862,5.890486225480862,0.049936518928901205,49.93651892890121,0.015780302572472416,15.780302572472417,5.890486225480862
E,10.0,78.53981633974483,0.5,0.19634954084936207,0.1,0.3,26.842105263157894,3600.0,7.456140350877193,24.853801169590643,derived_from_throughput,0.31644842486107844,3.1644842486107843,2.936842105263158,window_diameter,0.5,0.9293590582762199,1.0,0.019634954084936207,0.005890486225480862,5.890486225480862,0.005890486225480862,5.890486225480862,0.054743767313019394,54.7437673130194,0.017299427967464847,17.299427967464847,5.890486225480862
E,10.0,78.53981633974483,0.5,0.19634954084936207,0.1,0.3,26.842105263157894,3600.0,7.456140350877193,24.853801169590643,derived_from_throughput,0.31644842486107844,3.1644842486107843,3.1947368421052635,window_diameter,0.5,1.0109694415298665,1.0,0.019634954084936207,0.005890486225480862,5.890486225480862,0.005890486225480862,5.890486225480862,0.05955101569713758,59.55101569713758,0.01881855336245728,18.81855336245728,5.890486225480862
E,10.0,78.53981633974483,0.5,0.19634954084936207,0.1,0.3,26.842105263157894,3600.0,7.456140350877193,24.853801169590643,derived_from_throughput,0.31644842486107844,3.1644842486107843,3.452631578947369,window_diameter,0.5,1.092579824783513,1.0,0.019634954084936207,0.005890486225480862,5.890486225480862,0.005890486225480862,5.890486225480862,0.06435826408125578,64.35826408125578,0.020337678757449715,20.337678757449716,5.890486225480862
E,10.0,78.53981633974483,0.5,0.19634954084936207,0.1,0.3,26.842105263157894,3600.0,7.456140350877193,24.853801169590643,derived_from_throughput,0.31644842486107844,3.1644842486107843,3.710526315789474,window_diameter,0.5,1.1741902080371596,1.0,0.019634954084936207,0.005890486225480862,5.890486225480862,0.005890486225480862,5.890486225480862,0.06916551246537396,69.16551246537396,0.021856804152442146,21.856804152442145,5.890486225480862
E,10.0,78.53981633974483,0.5,0.19634954084936207,0.1,0.3,26.842105263157894,3600.0,7.456140350877193,24.853801169590643,derived_from_throughput,0.31644842486107844,3.1644842486107843,3.9684210526315793,window_diameter,0.5,1.2558005912908061,1.0,0.019634954084936207,0.005890486225480862,5.890486225480862,0.005890486225480862,5.890486225480862,0.07397276084949216,73.97276084949216,0.02337592954743458,23.37592954743458,5.890486225480862
E,10.0,78.53981633974483,0.5,0.19634954084936207,0.1,0.3,26.842105263157894,3600.0,7.456140350877193,24.853801169590643,derived_from_throughput,0.31644842486107844,3.1644842486107843,4.226315789473684,window_diameter,0.5,1.3374109745444525,1.0,0.019634954084936207,0.005890486225480862,5.890486225480862,0.005890486225480862,5.890486225480862,0.07878000923361034,78.78000923361034,0.02489505494242701,24.895054942427013,5.890486225480862
E,10.0,78.53981633974483,0.5,0.19634954084936207,0.1,0.3,26.842105263157894,3600.0,7.456140350877193,24.853801169590643,derived_from_throughput,0.31644842486107844,3.1644842486107843,4.484210526315789,window_diameter,0.5,1.419021357798099,1.0,0.019634954084936207,0.005890486225480862,5.890486225480862,0.005890486225480862,5.890486225480862,0.08358725761772852,83.58725761772853,0.026414180337419442,26.41418033741944,5.890486225480862
E,10.0,78.53981633974483,0.5,0.19634954084936207,0.1,0.3,26.842105263157894,3600.0,7.456140350877193,24.853801169590643,derived_from_throughput,0.31644842486107844,3.1644842486107843,4.742105263157895,window_diameter,0.5,1.5006317410517458,1.0,0.019634954084936207,0.005890486225480862,5.890486225480862,0.005890486225480862,5.890486225480862,0.08839450600184673,88.39450600184674,0.027933305732411876,27.933305732411878,5.890486225480862
E,10.0,78.53981633974483,0.5,0.19634954084936207,0.1,0.3,26.842105263157894,3600.0,7.456140350877193,24.853801169590643,derived_from_throughput,0.31644842486107844,3.1644842486107843,5.0,window_diameter,0.5,1.5822421243053921,1.0,0.019634954084936207,0.005890486225480862,5.890486225480862,0.005890486225480862,5.890486225480862,0.09320175438596491,93.2017543859649,0.02945243112740431,29.45243112740431,5.890486225480862
E,10.0,78.53981633974483,0.5,0.19634954084936207,0.1,0.3,31.052631578947366,3600.0,8.625730994152047,28.75243664717349,derived_from_throughput,0.3660873934667378,3.6608739346673778,0.1,window_diameter,0.5,0.03660873934667378,0.07321747869334756,0.019634954084936207,0.005890486225480862,5.890486225480862,0.0004312865497076023,0.43128654970760233,0.0021564327485380117,2.1564327485380117,0.0005890486225480862,0.5890486225480862,0.43128654970760233
E,10.0,78.53981633974483,0.5,0.19634954084936207,0.1,0.3,31.052631578947366,3600.0,8.625730994152047,28.75243664717349,derived_from_throughput,0.3660873934667378,3.6608739346673778,0.35789473684210527,window_diameter,0.5,0.13102075134599037,0.26204150269198073,0.019634954084936207,0.005890486225480862,5.890486225480862,0.0015435518621114187,1.5435518621114188,0.007717759310557094,7.717759310557094,0.002108174017540519,2.108174017540519,1.5435518621114188
E,10.0,78.53981633974483,0.5,0.19634954084936207,0.1,0.3,31.052631578947366,3600.0,8.625730994152047,28.75243664717349,derived_from_throughput,0.3660873934667378,3.6608739346673778,0.6157894736842106,window_diameter,0.5,0.22543276334530696,0.4508655266906139,0.019634954084936207,0.005890486225480862,5.890486225480862,0.002655817174515235,2.655817174515235,0.013279085872576177,13.279085872576177,0.003627299412532952,3.627299412532952,2.655817174515235
E,10.0,78.53981633974483,0.5,0.19634954084936207,0.1,0.3,31.052631578947366,3600.0,8.625730994152047,28.75243664717349,derived_from_throughput,0.3660873934667378,3.6608739346673778,0.8736842105263158,window_diameter,0.5,0.3198447753446236,0.6396895506892472,0.019634954084936207,0.005890486225480862,5.890486225480862,0.003768082486919052,3.768082486919052,0.01884041243459526,18.840412434595258,0.005146424807525384,5.146424807525384,3.768082486919052
E,10.0,78.53981633974483,0.5,0.19634954084936207,0.1,0.3,31.052631578947366,3600.0,8.625730994152047,28.75243664717349,derived_from_throughput,0.3660873934667378,3.6608739346673778,1.1315789473684212,window_diameter,0.5,0.4142567873439402,0.8285135746878804,0.019634954084936207,0.005890486225480862,5.890486225480862,0.004880347799322869,4.88034779932287,0.024401738996614346,24.401738996614345,0.006665550202517819,6.665550202517819,4.88034779932287
E,10.0,78.53981633974483,0.5,0.19634954084936207,0.1,0.3,31.052631578947366,3600.0,8.625730994152047,28.75243664717349,derived_from_throughput,0.3660873934667378,3.6608739346673778,1.3894736842105266,window_diameter,0.5,0.5086687993432568,1.0,0.019634954084936207,0.005890486225480862,5.890486225480862,0.005890486225480862,5.890486225480862,0.02996306555863343,29.96306555863343,0.008184675597510252,8.184675597510251,5.890486225480862
E,10.0,78.53981633974483,0.5,0.19634954084936207,0.1,0.3,31.052631578947366,3600.0,8.625730994152047,28.75243664717349,derived_from_throughput,0.3660873934667378,3.6608739346673778,1.6473684210526318,window_diameter,0.5,0.6030808113425734,1.0,0.019634954084936207,0.005890486225480862,5.890486225480862,0.005890486225480862,5.890486225480862,0.03552439212065251,35.52439212065251,0.009703800992502684,9.703800992502684,5.890486225480862
E,10.0,78.53981633974483,0.5,0.19634954084936207,0.1,0.3,31.052631578947366,3600.0,8.625730994152047,28.75243664717349,derived_from_throughput,0.3660873934667378,3.6608739346673778,1.905263157894737,window_diameter,0.5,0.69749282334189,1.0,0.019634954084936207,0.005890486225480862,5.890486225480862,0.005890486225480862,5.890486225480862,0.04108571868267159,41.08571868267159,0.011222926387495117,11.222926387495116,5.890486225480862
E,10.0,78.53981633974483,0.5,0.19634954084936207,0.1,0.3,31.052631578947366,3600.0,8.625730994152047,28.75243664717349,derived_from_throughput,0.3660873934667378,3.6608739346673778,2.1631578947368424,window_diameter,0.5,0.7919048353412066,1.0,0.019634954084936207,0.005890486225480862,5.890486225480862,0.005890486225480862,5.890486225480862,0.046647045244690676,46.64704524469067,0.01274205178248755,12.74205178248755,5.890486225480862
E,10.0,78.53981633974483,0.5,0.19634954084936207,0.1,0.3,31.052631578947366,3600.0,8.625730994152047,28.75243664717349,derived_from_throughput,0.3660873934667378,3.6608739346673778,2.421052631578948,window_diameter,0.5,0.8863168473405233,1.0,0.019634954084936207,0.005890486225480862,5.890486225480862,0.005890486225480862,5.890486225480862,0.052208371806709765,52.20837180670976,0.014261177177479984,14.261177177479984,5.890486225480862
E,10.0,78.53981633974483,0.5,0.19634954084936207,0.1,0.3,31.052631578947366,3600.0,8.625730994152047,28.75243664717349,derived_from_throughput,0.3660873934667378,3.6608739346673778,2.678947368421053,window_diameter,0.5,0.9807288593398399,1.0,0.019634954084936207,0.005890486225480862,5.890486225480862,0.005890486225480862,5.890486225480862,0.05776969836872885,57.76969836872885,0.015780302572472416,15.780302572472417,5.890486225480862
E,10.0,78.53981633974483,0.5,0.19634954084936207,0.1,0.3,31.052631578947366,3600.0,8.625730994152047,28.75243664717349,derived_from_throughput,0.3660873934667378,3.6608739346673778,2.936842105263158,window_diameter,0.5,1.0751408713391564,1.0,0.019634954084936207,0.005890486225480862,5.890486225480862,0.005890486225480862,5.890486225480862,0.06333102493074792,63.33102493074792,0.017299427967464847,17.299427967464847,5.890486225480862
E,10.0,78.53981633974483,0.5,0.19634954084936207,0.1,0.3,31.052631578947366,3600.0,8.625730994152047,28.75243664717349,derived_from_throughput,0.3660873934667378,3.6608739346673778,3.1947368421052635,window_diameter,0.5,1.169552883338473,1.0,0.019634954084936207,0.005890486225480862,5.890486225480862,0.005890486225480862,5.890486225480862,0.06889235149276701,68.892351492767,0.01881855336245728,18.81855336245728,5.890486225480862
E,10.0,78.53981633974483,0.5,0.19634954084936207,0.1,0.3,31.052631578947366,3600.0,8.625730994152047,28.75243664717349,derived_from_throughput,0.3660873934667378,3.6608739346673778,3.452631578947369,window_diameter,0.5,1.2639648953377896,1.0,0.019634954084936207,0.005890486225480862,5.890486225480862,0.005890486225480862,5.890486225480862,0.0744536780547861,74.4536780547861,0.020337678757449715,20.337678757449716,5.890486225480862
E,10.0,78.53981633974483,0.5,0.19634954084936207,0.1,0.3,31.052631578947366,3600.0,8.625730994152047,28.75243664717349,derived_from_throughput,0.3660873934667378,3.6608739346673778,3.710526315789474,window_diameter,0.5,1.3583769073371061,1.0,0.019634954084936207,0.005890486225480862,5.890486225480862,0.005890486225480862,5.890486225480862,0.08001500461680518,80.01500461680517,0.021856804152442146,21.856804152442145,5.890486225480862
E,10.0,78.53981633974483,0.5,0.19634954084936207,0.1,0.3,31.052631578947366,3600.0,8.625730994152047,28.75243664717349,derived_from_throughput,0.3660873934667378,3.6608739346673778,3.9684210526315793,window_diameter,0.5,1.4527889193364227,1.0,0.019634954084936207,0.005890486225480862,5.890486225480862,0.005890486225480862,5.890486225480862,0.08557633117882425,85.57633117882425,0.02337592954743458,23.37592954743458,5.890486225480862
E,10.0,78.53981633974483,0.5,0.19634954084936207,0.1,0.3,31.052631578947366,3600.0,8.625730994152047,28.75243664717349,derived_from_throughput,0.3660873934667378,3.6608739346673778,4.226315789473684,window_diameter,0.5,1.5472009313357393,1.0,0.019634954084936207,0.005890486225480862,5.890486225480862,0.005890486225480862,5.890486225480862,0.09113765774084333,91.13765774084332,0.02489505494242701,24.895054942427013,5.890486225480862
E,10.0,78.53981633974483,0.5,0.19634954084936207,0.1,0.3,31.052631578947366,3600.0,8.625730994152047,28.75243664717349,derived_from_throughput,0.3660873934667378,3.6608739346673778,4.484210526315789,window_diameter,0.5,1.6416129433350557,1.0,0.019634954084936207,0.005890486225480862,5.890486225480862,0.005890486225480862,5.890486225480862,0.0966989843028624,96.6989843028624,0.026414180337419442,26.41418033741944,5.890486225480862
E,10.0,78.53981633974483,0.5,0.19634954084936207,0.1,0.3,31.052631578947366,3600.0,8.625730994152047,28.75243664717349,derived_from_throughput,0.3660873934667378,3.6608739346673778,4.742105263157895,window_diameter,0.5,1.7360249553343725,1.0,0.019634954084936207,0.005890486225480862,5.890486225480862,0.005890486225480862,5.890486225480862,0.1022603108648815,102.2603108648815,0.027933305732411876,27.933305732411878,5.890486225480862
E,10.0,78.53981633974483,0.5,0.19634954084936207,0.1,0.3,31.052631578947366,3600.0,8.625730994152047,28.75243664717349,derived_from_throughput,0.3660873934667378,3.6608739346673778,5.0,window_diameter,0.5,1.8304369673336889,1.0,0.019634954084936207,0.005890486225480862,5.890486225480862,0.005890486225480862,5.890486225480862,0.10782163742690058,107.82163742690058,0.02945243112740431,29.45243112740431,5.890486225480862
E,10.0,78.53981633974483,0.5,0.19634954084936207,0.1,0.3,35.26315789473684,3600.0,9.7953216374269,32.65107212475633,derived_from_throughput,0.41572636207239716,4.157263620723971,0.1,window_diameter,0.5,0.04157263620723972,0.08314527241447944,0.019634954084936207,0.005890486225480862,5.890486225480862,0.0004897660818713451,0.48976608187134507,0.002448830409356725,2.448830409356725,0.0005890486225480862,0.5890486225480862,0.48976608187134507
E,10.0,78.53981633974483,0.5,0.19634954084936207,0.1,0.3,35.26315789473684,3600.0,9.7953216374269,32.65107212475633,derived_from_throughput,0.41572636207239716,4.157263620723971,0.35789473684210527,window_diameter,0.5,0.14878627695222635,0.2975725539044527,0.019634954084936207,0.005890486225480862,5.890486225480862,0.0017528470298553399,1.7528470298553398,0.0087642351492767,8.7642351492767,0.002108174017540519,2.108174017540519,1.7528470298553398
E,10.0,78.53981633974483,0.5,0.19634954084936207,0.1,0.3,35.26315789473684,3600.0,9.7953216374269,32.65107212475633,derived_from_throughput,0.41572636207239716,4.157263620723971,0.6157894736842106,window_diameter,0.5,0.255999917697213,0.511999835394426,0.019634954084936207,0.005890486225480862,5.890486225480862,0.0030159279778393345,3.0159279778393344,0.015079639889196675,15.079639889196676,0.003627299412532952,3.627299412532952,3.0159279778393344
E,10.0,78.53981633974483,0.5,0.19634954084936207,0.1,0.3,35.26315789473684,3600.0,9.7953216374269,32.65107212475633,derived_from_throughput,0.41572636207239716,4.157263620723971,0.8736842105263158,window_diameter,0.5,0.36321355844219966,0.7264271168843993,0.019634954084936207,0.005890486225480862,5.890486225480862,0.00427900892582333,4.27900892582333,0.02139504462911665,21.39504462911665,0.005146424807525384,5.146424807525384,4.27900892582333
E,10.0,78.53981633974483,0.5,0.19634954084936207,0.1,0.3,35.26315789473684,3600.0,9.7953216374269,32.65107212475633,derived_from_throughput,0.41572636207239716,4.157263620723971,1.1315789473684212,window_diameter,0.5,0.47042719918718634,0.9408543983743727,0.019634954084936207,0.005890486225480862,5.890486225480862,0.005542089873807325,5.542089873807325,0.02771044936903663,27.710449369036628,0.006665550202517819,6.665550202517819,5.542089873807325
E,10.0,78.53981633974483,0.5,0.19634954084936207,0.1,0.3,35.26315789473684,3600.0,9.7953216374269,32.65107212475633,derived_from_throughput,0.41572636207239716,4.157263620723971,1.3894736842105266,window_diameter,0.5,0.5776408399321731,1.0,0.019634954084936207,0.005890486225480862,5.890486225480862,0.005890486225480862,5.890486225480862,0.03402585410895661,34.02585410895661,0.008184675597510252,8.184675597510251,5.890486225480862
E,10.0,78.53981633974483,0.5,0.19634954084936207,0.1,0.3,35.26315789473684,3600.0,9.7953216374269,32.65107212475633,derived_from_throughput,0.41572636207239716,4.157263620723971,1.6473684210526318,window_diameter,0.5,0.6848544806771596,1.0,0.019634954084936207,0.005890486225480862,5.890486225480862,0.005890486225480862,5.890486225480862,0.04034125884887658,40.34125884887658,0.009703800992502684,9.703800992502684,5.890486225480862
E,10.0,78.53981633974483,0.5,0.19634954084936207,0.1,0.3,35.26315789473684,3600.0,9.7953216374269,32.65107212475633,derived_from_throughput,0.41572636207239716,4.157263620723971,1.905263157894737,window_diameter,0.5,0.7920681214221462,1.0,0.019634954084936207,0.005890486225480862,5.890486225480862,0.005890486225480862,5.890486225480862,0.046656663588796554,46.656663588796555,0.011222926387495117,11.222926387495116,5.890486225480862
E,10.0,78.53981633974483,0.5,0.19634954084936207,0.1,0.3,35.26315789473684,3600.0,9.7953216374269,32.65107212475633,derived_from_throughput,0.41572636207239716,4.157263620723971,2.1631578947368424,window_diameter,0.5,0.899281762167133,1.0,0.019634954084936207,0.005890486225480862,5.890486225480862,0.005890486225480862,5.890486225480862,0.05297206832871653,52.97206832871653,0.01274205178248755,12.74205178248755,5.890486225480862
E,10.0,78.53981633974483,0.5,0.19634954084936207,0.1,0.3,35.26315789473684,3600.0,9.7953216374269,32.65107212475633,derived_from_throughput,0.41572636207239716,4.157263620723971,2.421052631578948,window_diameter,0.5,1.0064954029121196,1.0,0.019634954084936207,0.005890486225480862,5.890486225480862,0.005890486225480862,5.890486225480862,0.05928747306863651,59.287473068636515,0.014261177177479984,14.261177177479984,5.890486225480862
E,10.0,78.53981633974483,0.5,0.19634954084936207,0.1,0.3,35.26315789473684,3600.0,9.7953216374269,32.65107212475633,derived_from_throughput,0.41572636207239716,4.157263620723971,2.678947368421053,window_diameter,0.5,1.1137090436571062,1.0,0.019634954084936207,0.005890486225480862,5.890486225480862,0.005890486225480862,5.890486225480862,0.06560287780855649,65.60287780855649,0.015780302572472416,15.780302572472417,5.890486225480862
E,10.0,78.53981633974483,0.5,0.19634954084936207,0.1,0.3,35.26315789473684,3600.0,9.7953216374269,32.65107212475633,derived_from_throughput,0.41572636207239716,4.157263620723971,2.936842105263158,window_diameter,0.5,1.2209226844020928,1.0,0.019634954084936207,0.005890486225480862,5.890486225480862,0.005890486225480862,5.890486225480862,0.07191828254847646,71.91828254847645,0.017299427967464847,17.299427967464847,5.890486225480862
E,10.0,78.53981633974483,0.5,0.19634954084936207,0.1,0.3,35.26315789473684,3600.0,9.7953216374269,32.65107212475633,derived_from_throughput,0.41572636207239716,4.157263620723971,3.1947368421052635,window_diameter,0.5,1.3281363251470795,1.0,0.019634954084936207,0.005890486225480862,5.890486225480862,0.005890486225480862,5.890486225480862,0.07823368728839643,78.23368728839642,0.01881855336245728,18.81855336245728,5.890486225480862
E,10.0,78.53981633974483,0.5,0.19634954084936207,0.1,0.3,35.26315789473684,3600.0,9.7953216374269,32.65107212475633,derived_from_throughput,0.41572636207239716,4.157263620723971,3.452631578947369,window_diameter,0.5,1.435349965892066,1.0,0.019634954084936207,0.005890486225480862,5.890486225480862,0.005890486225480862,5.890486225480862,0.08454909202831641,84.54909202831641,0.020337678757449715,20.337678757449716,5.890486225480862
E,10.0,78.53981633974483,0.5,0.19634954084936207,0.1,0.3,35.26315789473684,3600.0,9.7953216374269,32.65107212475633,derived_from_throughput,0.41572636207239716,4.157263620723971,3.710526315789474,window_diameter,0.5,1.5425636066370527,1.0,0.019634954084936207,0.005890486225480862,5.890486225480862,0.005890486225480862,5.890486225480862,0.09086449676823638,90.86449676823638,0.021856804152442146,21.856804152442145,5.890486225480862
E,10.0,78.53981633974483,0.5,0.19634954084936207,0.1,0.3,35.26315789473684,3600.0,9.7953216374269,32.65107212475633,derived_from_throughput,0.41572636207239716,4.157263620723971,3.9684210526315793,window_diameter,0.5,1.6497772473820393,1.0,0.019634954084936207,0.005890486225480862,5.890486225480862,0.005890486225480862,5.890486225480862,0.09717990150815636,97.17990150815636,0.02337592954743458,23.37592954743458,5.890486225480862
E,10.0,78.53981633974483,0.5,0.19634954084936207,0.1,0.3,35.26315789473684,3600.0,9.7953216374269,32.65107212475633,derived_from_throughput,0.41572636207239716,4.157263620723971,4.226315789473684,window_diameter,0.5,1.756990888127026,1.0,0.019634954084936207,0.005890486225480862,5.890486225480862,0.005890486225480862,5.890486225480862,0.10349530624807633,103.49530624807633,0.02489505494242701,24.895054942427013,5.890486225480862
E,10.0,78.53981633974483,0.5,0.19634954084936207,0.1,0.3,35.26315789473684,3600.0,9.7953216374269,32.65107212475633,derived_from_throughput,0.41572636207239716,4.157263620723971,4.484210526315789,window_diameter,0.5,1.8642045288720124,1.0,0.019634954084936207,0.005890486225480862,5.890486225480862,0.005890486225480862,5.890486225480862,0.10981071098799629,109.81071098799629,0.026414180337419442,26.41418033741944,5.890486225480862
E,10.0,78.53981633974483,0.5,0.19634954084936207,0.1,0.3,35.26315789473684,3600.0,9.7953216374269,32.65107212475633,derived_from_throughput,0.41572636207239716,4.157263620723971,4.742105263157895,window_diameter,0.5,1.9714181696169992,1.0,0.019634954084936207,0.005890486225480862,5.890486225480862,0.005890486225480862,5.890486225480862,0.11612611572791628,116.12611572791629,0.027933305732411876,27.933305732411878,5.890486225480862
E,10.0,78.53981633974483,0.5,0.19634954084936207,0.1,0.3,35.26315789473684,3600.0,9.7953216374269,32.65107212475633,derived_from_throughput,0.41572636207239716,4.157263620723971,5.0,window_diameter,0.5,2.0786318103619856,1.0,0.019634954084936207,0.005890486225480862,5.890486225480862,0.005890486225480862,5.890486225480862,0.12244152046783625,122.44152046783626,0.02945243112740431,29.45243112740431,5.890486225480862
E,10.0,78.53981633974483,0.5,0.19634954084936207,0.1,0.3,39.473684210526315,3600.0,10.964912280701753,36.54970760233918,derived_from_throughput,0.4653653306780566,4.653653306780566,0.1,window_diameter,0.5,0.04653653306780566,0.09307306613561132,0.019634954084936207,0.005890486225480862,5.890486225480862,0.0005482456140350878,0.5482456140350878,0.002741228070175439,2.741228070175439,0.0005890486225480862,0.5890486225480862,0.5482456140350878
E,10.0,78.53981633974483,0.5,0.19634954084936207,0.1,0.3,39.473684210526315,3600.0,10.964912280701753,36.54970760233918,derived_from_throughput,0.4653653306780566,4.653653306780566,0.35789473684210527,window_diameter,0.5,0.16655180255846236,0.3331036051169247,0.019634954084936207,0.005890486225480862,5.890486225480862,0.0019621421975992612,1.9621421975992612,0.009810710987996307,9.810710987996307,0.002108174017540519,2.108174017540519,1.9621421975992612
E,10.0,78.53981633974483,0.5,0.19634954084936207,0.1,0.3,39.473684210526315,3600.0,10.964912280701753,36.54970760233918,derived_from_throughput,0.4653653306780566,4.653653306780566,0.6157894736842106,window_diameter,0.5,0.2865670720491191,0.5731341440982382,0.019634954084936207,0.005890486225480862,5.890486225480862,0.003376038781163435,3.376038781163435,0.016880193905817176,16.880193905817176,0.003627299412532952,3.627299412532952,3.376038781163435
E,10.0,78.53981633974483,0.5,0.19634954084936207,0.1,0.3,39.473684210526315,3600.0,10.964912280701753,36.54970760233918,derived_from_throughput,0.4653653306780566,4.653653306780566,0.8736842105263158,window_diameter,0.5,0.4065823415397758,0.8131646830795516,0.019634954084936207,0.005890486225480862,5.890486225480862,0.004789935364727609,4.789935364727609,0.023949676823638046,23.949676823638047,0.005146424807525384,5.146424807525384,4.789935364727609
E,10.0,78.53981633974483,0.5,0.19634954084936207,0.1,0.3,39.473684210526315,3600.0,10.964912280701753,36.54970760233918,derived_from_throughput,0.4653653306780566,4.653653306780566,1.1315789473684212,window_diameter,0.5,0.5265976110304326,1.0,0.019634954084936207,0.005890486225480862,5.890486225480862,0.005890486225480862,5.890486225480862,0.031019159741458916,31.019159741458918,0.006665550202517819,6.665550202517819,5.890486225480862
E,10.0,78.53981633974483,0.5,0.19634954084936207,0.1,0.3,39.473684210526315,3600.0,10.964912280701753,36.54970760233918,derived_from_throughput,0.4653653306780566,4.653653306780566,1.3894736842105266,window_diameter,0.5,0.6466128805210893,1.0,0.019634954084936207,0.005890486225480862,5.890486225480862,0.005890486225480862,5.890486225480862,0.03808864265927979,38.08864265927979,0.008184675597510252,8.184675597510251,5.890486225480862
E,10.0,78.53981633974483,0.5,0.19634954084936207,0.1,0.3,39.473684210526315,3600.0,10.964912280701753,36.54970760233918,derived_from_throughput,0.4653653306780566,4.653653306780566,1.6473684210526318,window_diameter,0.5,0.7666281500117459,1.0,0.019634954084936207,0.005890486225480862,5.890486225480862,0.005890486225480862,5.890486225480862,0.04515812557710066,45.15812557710066,0.009703800992502684,9.703800992502684,5.890486225480862
E,10.0,78.53981633974483,0.5,0.19634954084936207,0.1,0.3,39.473684210526315,3600.0,10.964912280701753,36.54970760233918,derived_from_throughput,0.4653653306780566,4.653653306780566,1.905263157894737,window_diameter,0.5,0.8866434195024026,1.0,0.019634954084936207,0.005890486225480862,5.890486225480862,0.005890486225480862,5.890486225480862,0.05222760849492152,52.22760849492152,0.011222926387495117,11.222926387495116,5.890486225480862
E,10.0,78.53981633974483,0.5,0.19634954084936207,0.1,0.3,39.473684210526315,3600.0,10.964912280701753,36.54970760233918,derived_from_throughput,0.4653653306780566,4.653653306780566,2.1631578947368424,window_diameter,0.5,1.0066586889930593,1.0,0.019634954084936207,0.005890486225480862,5.890486225480862,0.005890486225480862,5.890486225480862,0.05929709141274239,59.29709141274239,0.01274205178248755,12.74205178248755,5.890486225480862
E,10.0,78.53981633974483,0.5,0.19634954084936207,0.1,0.3,39.473684210526315,3600.0,10.964912280701753,36.54970760233918,derived_from_throughput,0.4653653306780566,4.653653306780566,2.421052631578948,window_diameter,0.5,1.1266739584837162,1.0,0.019634954084936207,0.005890486225480862,5.890486225480862,0.005890486225480862,5.890486225480862,0.06636657433056327,66.36657433056327,0.014261177177479984,14.261177177479984,5.890486225480862
E,10.0,78.53981633974483,0.5,0.19634954084936207,0.1,0.3,39.473684210526315,3600.0,10.964912280701753,36.54970760233918,derived_from_throughput,0.4653653306780566,4.653653306780566,2.678947368421053,window_diameter,0.5,1.2466892279743729,1.0,0.019634954084936207,0.005890486225480862,5.890486225480862,0.005890486225480862,5.890486225480862,0.07343605724838413,73.43605724838413,0.015780302572472416,15.780302572472417,5.890486225480862
E,10.0,78.53981633974483,0.5,0.19634954084936207,0.1,0.3,39.473684210526315,3600.0,10.964912280701753,36.54970760233918,derived_from_throughput,0.4653653306780566,4.653653306780566,2.936842105263158,window_diameter,0.5,1.3667044974650295,1.0,0.019634954084936207,0.005890486225480862,5.890486225480862,0.005890486225480862,5.890486225480862,0.080505540166205,80.505540166205,0.017299427967464847,17.299427967464847,5.890486225480862
E,10.0,78.53981633974483,0.5,0.19634954084936207,0.1,0.3,39.473684210526315,3600.0,10.964912280701753,36.54970760233918,derived_from_throughput,0.4653653306780566,4.653653306780566,3.1947368421052635,window_diameter,0.5,1.4867197669556862,1.0,0.019634954084936207,0.005890486225480862,5.890486225480862,0.005890486225480862,5.890486225480862,0.08757502308402587,87.57502308402587,0.01881855336245728,18.81855336245728,5.890486225480862
E,10.0,78.53981633974483,0.5,0.19634954084936207,0.1,0.3,39.473684210526315,3600.0,10.964912280701753,36.54970760233918,derived_from_throughput,0.4653653306780566,4.653653306780566,3.452631578947369,window_diameter,0.5,1.6067350364463429,1.0,0.019634954084936207,0.005890486225480862,5.890486225480862,0.005890486225480862,5.890486225480862,0.09464450600184675,94.64450600184675,0.020337678757449715,20.337678757449716,5.890486225480862
E,10.0,78.53981633974483,0.5,0.19634954084936207,0.1,0.3,39.473684210526315,3600.0,10.964912280701753,36.54970760233918,derived_from_throughput,0.4653653306780566,4.653653306780566,3.710526315789474,window_diameter,0.5,1.7267503059369995,1.0,0.019634954084936207,0.005890486225480862,5.890486225480862,0.005890486225480862,5.890486225480862,0.1017139889196676,101.7139889196676,0.021856804152442146,21.856804152442145,5.890486225480862
E,10.0,78.53981633974483,0.5,0.19634954084936207,0.1,0.3,39.473684210526315,3600.0,10.964912280701753,36.54970760233918,derived_from_throughput,0.4653653306780566,4.653653306780566,3.9684210526315793,window_diameter,0.5,1.8467655754276562,1.0,0.019634954084936207,0.005890486225480862,5.890486225480862,0.005890486225480862,5.890486225480862,0.10878347183748847,108.78347183748848,0.02337592954743458,23.37592954743458,5.890486225480862
E,10.0,78.53981633974483,0.5,0.19634954084936207,0.1,0.3,39.473684210526315,3600.0,10.964912280701753,36.54970760233918,derived_from_throughput,0.4653653306780566,4.653653306780566,4.226315789473684,window_diameter,0.5,1.9667808449183128,1.0,0.019634954084936207,0.005890486225480862,5.890486225480862,0.005890486225480862,5.890486225480862,0.11585295475530934,115.85295475530934,0.02489505494242701,24.895054942427013,5.890486225480862
E,10.0,78.53981633974483,0.5,0.19634954084936207,0.1,0.3,39.473684210526315,3600.0,10.964912280701753,36.54970760233918,derived_from_throughput,0.4653653306780566,4.653653306780566,4.484210526315789,window_diameter,0.5,2.0867961144089695,1.0,0.019634954084936207,0.005890486225480862,5.890486225480862,0.005890486225480862,5.890486225480862,0.1229224376731302,122.9224376731302,0.026414180337419442,26.41418033741944,5.890486225480862
E,10.0,78.53981633974483,0.5,0.19634954084936207,0.1,0.3,39.473684210526315,3600.0,10.964912280701753,36.54970760233918,derived_from_throughput,0.4653653306780566,4.653653306780566,4.742105263157895,window_diameter,0.5,2.2068113838996264,1.0,0.019634954084936207,0.005890486225480862,5.890486225480862,0.005890486225480862,5.890486225480862,0.12999192059095108,129.99192059095108,0.027933305732411876,27.933305732411878,5.890486225480862
E,10.0,78.53981633974483,0.5,0.19634954084936207,0.1,0.3,39.473684210526315,3600.0,10.964912280701753,36.54970760233918,derived_from_throughput,0.4653653306780566,4.653653306780566,5.0,window_diameter,0.5,2.326826653390283,1.0,0.019634954084936207,0.005890486225480862,5.890486225480862,0.005890486225480862,5.890486225480862,0.13706140350877194,137.06140350877195,0.02945243112740431,29.45243112740431,5.890486225480862
E,10.0,78.53981633974483,0.5,0.19634954084936207,0.1,0.3,43.68421052631579,3600.0,12.134502923976607,40.448343079922026,derived_from_throughput,0.5150042992837158,5.150042992837158,0.1,window_diameter,0.5,0.05150042992837159,0.10300085985674318,0.019634954084936207,0.005890486225480862,5.890486225480862,0.0006067251461988303,0.6067251461988303,0.003033625730994152,3.0336257309941517,0.0005890486225480862,0.5890486225480862,0.6067251461988303
E,10.0,78.53981633974483,0.5,0.19634954084936207,0.1,0.3,43.68421052631579,3600.0,12.134502923976607,40.448343079922026,derived_from_throughput,0.5150042992837158,5.150042992837158,0.35789473684210527,window_diameter,0.5,0.18431732816469829,0.36863465632939657,0.019634954084936207,0.005890486225480862,5.890486225480862,0.002171437365343182,2.171437365343182,0.01085718682671591,10.85718682671591,0.002108174017540519,2.108174017540519,2.171437365343182
E,10.0,78.53981633974483,0.5,0.19634954084936207,0.1,0.3,43.68421052631579,3600.0,12.134502923976607,40.448343079922026,derived_from_throughput,0.5150042992837158,5.150042992837158,0.6157894736842106,window_diameter,0.5,0.317134226401025,0.63426845280205,0.019634954084936207,0.005890486225480862,5.890486225480862,0.0037361495844875337,3.7361495844875336,0.018680747922437672,18.68074792243767,0.003627299412532952,3.627299412532952,3.7361495844875336
E,10.0,78.53981633974483,0.5,0.19634954084936207,0.1,0.3,43.68421052631579,3600.0,12.134502923976607,40.448343079922026,derived_from_throughput,0.5150042992837158,5.150042992837158,0.8736842105263158,window_diameter,0.5,0.44995112463735176,0.8999022492747035,0.019634954084936207,0.005890486225480862,5.890486225480862,0.005300861803631886,5.300861803631887,0.02650430901815943,26.50430901815943,0.005146424807525384,5.146424807525384,5.300861803631887
E,10.0,78.53981633974483,0.5,0.19634954084936207,0.1,0.3,43.68421052631579,3600.0,12.134502923976607,40.448343079922026,derived_from_throughput,0.5150042992837158,5.150042992837158,1.1315789473684212,window_diameter,0.5,0.5827680228736786,1.0,0.019634954084936207,0.005890486225480862,5.890486225480862,0.005890486225480862,5.890486225480862,0.03432787011388119,34.32787011388119,0.006665550202517819,6.665550202517819,5.890486225480862
E,10.0,78.53981633974483,0.5,0.19634954084936207,0.1,0.3,43.68421052631579,3600.0,12.134502923976607,40.448343079922026,derived_from_throughput,0.5150042992837158,5.150042992837158,1.3894736842105266,window_diameter,0.5,0.7155849211100053,1.0,0.019634954084936207,0.005890486225480862,5.890486225480862,0.005890486225480862,5.890486225480862,0.042151431209602956,42.151431209602954,0.008184675597510252,8.184675597510251,5.890486225480862
E,10.0,78.53981633974483,0.5,0.19634954084936207,0.1,0.3,43.68421052631579,3600.0,12.134502923976607,40.448343079922026,derived_from_throughput,0.5150042992837158,5.150042992837158,1.6473684210526318,window_diameter,0.5,0.848401819346332,1.0,0.019634954084936207,0.005890486225480862,5.890486225480862,0.005890486225480862,5.890486225480862,0.04997499230532471,49.97499230532471,0.009703800992502684,9.703800992502684,5.890486225480862
E,10.0,78.53981633974483,0.5,0.19634954084936207,0.1,0.3,43.68421052631579,3600.0,12.134502923976607,40.448343079922026,derived_from_throughput,0.5150042992837158,5.150042992837158,1.905263157894737,window_diameter,0.5,0.9812187175826587,1.0,0.019634954084936207,0.005890486225480862,5.890486225480862,0.005890486225480862,5.890486225480862,0.05779855340104647,57.79855340104647,0.011222926387495117,11.222926387495116,5.890486225480862
E,10.0,78.53981633974483,0.5,0.19634954084936207,0.1,0.3,43.68421052631579,3600.0,12.134502923976607,40.448343079922026,derived_from_throughput,0.5150042992837158,5.150042992837158,2.1631578947368424,window_diameter,0.5,1.1140356158189855,1.0,0.019634954084936207,0.005890486225480862,5.890486225480862,0.005890486225480862,5.890486225480862,0.06562211449676823,65.62211449676823,0.01274205178248755,12.74205178248755,5.890486225480862
E,10.0,78.53981633974483,0.5,0.19634954084936207,0.1,0.3,43.68421052631579,3600.0,12.134502923976607,40.448343079922026,derived_from_throughput,0.5150042992837158,5.150042992837158,2.421052631578948,window_diameter,0.5,1.2468525140553122,1.0,0.019634954084936207,0.005890486225480862,5.890486225480862,0.005890486225480862,5.890486225480862,0.07344567559249,73.44567559249,0.014261177177479984,14.261177177479984,5.890486225480862
E,10.0,78.53981633974483,0.5,0.19634954084936207,0.1,0.3,43.68421052631579,3600.0,12.134502923976607,40.448343079922026,derived_from_throughput,0.5150042992837158,5.150042992837158,2.678947368421053,window_diameter,0.5,1.379669412291639,1.0,0.019634954084936207,0.005890486225480862,5.890486225480862,0.005890486225480862,5.890486225480862,0.08126923668821176,81.26923668821176,0.015780302572472416,15.780302572472417,5.890486225480862
E,10.0,78.53981633974483,0.5,0.19634954084936207,0.1,0.3,43.68421052631579,3600.0,12.134502923976607,40.448343079922026,derived_from_throughput,0.5150042992837158,5.150042992837158,2.936842105263158,window_diameter,0.5,1.5124863105279656,1.0,0.019634954084936207,0.005890486225480862,5.890486225480862,0.005890486225480862,5.890486225480862,0.08909279778393352,89.09279778393352,0.017299427967464847,17.299427967464847,5.890486225480862
E,10.0,78.53981633974483,0.5,0.19634954084936207,0.1,0.3,43.68421052631579,3600.0,12.134502923976607,40.448343079922026,derived_from_throughput,0.5150042992837158,5.150042992837158,3.1947368421052635,window_diameter,0.5,1.6453032087642923,1.0,0.019634954084936207,0.005890486225480862,5.890486225480862,0.005890486225480862,5.890486225480862,0.09691635887965527,96.91635887965528,0.01881855336245728,18.81855336245728,5.890486225480862
E,10.0,78.53981633974483,0.5,0.19634954084936207,0.1,0.3,43.68421052631579,3600.0,12.134502923976607,40.448343079922026,derived_from_throughput,0.5150042992837158,5.150042992837158,3.452631578947369,window_diameter,0.5,1.7781201070006192,1.0,0.019634954084936207,0.005890486225480862,5.890486225480862,0.005890486225480862,5.890486225480862,0.10473991997537704,104.73991997537705,0.020337678757449715,20.337678757449716,5.890486225480862
E,10.0,78.53981633974483,0.5,0.19634954084936207,0.1,0.3,43.68421052631579,3600.0,12.134502923976607,40.448343079922026,derived_from_throughput,0.5150042992837158,5.150042992837158,3.710526315789474,window_diameter,0.5,1.9109370052369457,1.0,0.019634954084936207,0.005890486225480862,5.890486225480862,0.005890486225480862,5.890486225480862,0.11256348107109879,112.56348107109879,0.021856804152442146,21.856804152442145,5.890486225480862
E,10.0,78.53981633974483,0.5,0.19634954084936207,0.1,0.3,43.68421052631579,3600.0,12.134502923976607,40.448343079922026,derived_from_throughput,0.5150042992837158,5.150042992837158,3.9684210526315793,window_diameter,0.5,2.0437539034732723,1.0,0.019634954084936207,0.005890486225480862,5.890486225480862,0.005890486225480862,5.890486225480862,0.12038704216682056,120.38704216682056,0.02337592954743458,23.37592954743458,5.890486225480862
E,10.0,78.53981633974483,0.5,0.19634954084936207,0.1,0.3,43.68421052631579,3600.0,12.134502923976607,40.448343079922026,derived_from_throughput,0.5150042992837158,5.150042992837158,4.226315789473684,window_diameter,0.5,2.176570801709599,1.0,0.019634954084936207,0.005890486225480862,5.890486225480862,0.005890486225480862,5.890486225480862,0.1282106032625423,128.2106032625423,0.02489505494242701,24.895054942427013,5.890486225480862
E,10.0,78.53981633974483,0.5,0.19634954084936207,0.1,0.3,43.68421052631579,3600.0,12.134502923976607,40.448343079922026,derived_from_throughput,0.5150042992837158,5.150042992837158,4.484210526315789,window_diameter,0.5,2.3093876999459257,1.0,0.019634954084936207,0.005890486225480862,5.890486225480862,0.005890486225480862,5.890486225480862,0.13603416435826404,136.03416435826404,0.026414180337419442,26.41418033741944,5.890486225480862
E,10.0,78.53981633974483,0.5,0.19634954084936207,0.1,0.3,43.68421052631579,3600.0,12.134502923976607,40.448343079922026,derived_from_throughput,0.5150042992837158,5.150042992837158,4.742105263157895,window_diameter,0.5,2.4422045981822524,1.0,0.019634954084936207,0.005890486225480862,5.890486225480862,0.005890486225480862,5.890486225480862,0.1438577254539858,143.8577254539858,0.027933305732411876,27.933305732411878,5.890486225480862
E,10.0,78.53981633974483,0.5,0.19634954084936207,0.1,0.3,43.68421052631579,3600.0,12.134502923976607,40.448343079922026,derived_from_throughput,0.5150042992837158,5.150042992837158,5.0,window_diameter,0.5,2.575021496418579,1.0,0.019634954084936207,0.005890486225480862,5.890486225480862,0.005890486225480862,5.890486225480862,0.15168128654970758,151.68128654970758,0.02945243112740431,29.45243112740431,5.890486225480862
E,10.0,78.53981633974483,0.5,0.19634954084936207,0.1,0.3,47.89473684210526,3600.0,13.304093567251462,44.346978557504876,derived_from_throughput,0.5646432678893752,5.646432678893753,0.1,window_diameter,0.5,0.05646432678893753,0.11292865357787506,0.019634954084936207,0.005890486225480862,5.890486225480862,0.000665204678362573,0.665204678362573,0.003326023391812865,3.326023391812865,0.0005890486225480862,0.5890486225480862,0.665204678362573
E,10.0,78.53981633974483,0.5,0.19634954084936207,0.1,0.3,47.89473684210526,3600.0,13.304093567251462,44.346978557504876,derived_from_throughput,0.5646432678893752,5.646432678893753,0.35789473684210527,window_diameter,0.5,0.2020828537709343,0.4041657075418686,0.019634954084936207,0.005890486225480862,5.890486225480862,0.0023807325330871035,2.3807325330871034,0.011903662665435516,11.903662665435517,0.002108174017540519,2.108174017540519,2.3807325330871034
E,10.0,78.53981633974483,0.5,0.19634954084936207,0.1,0.3,47.89473684210526,3600.0,13.304093567251462,44.346978557504876,derived_from_throughput,0.5646432678893752,5.646432678893753,0.6157894736842106,window_diameter,0.5,0.3477013807529311,0.6954027615058622,0.019634954084936207,0.005890486225480862,5.890486225480862,0.004096260387811634,4.096260387811634,0.02048130193905817,20.48130193905817,0.003627299412532952,3.627299412532952,4.096260387811634
E,10.0,78.53981633974483,0.5,0.19634954084936207,0.1,0.3,47.89473684210526,3600.0,13.304093567251462,44.346978557504876,derived_from_throughput,0.5646432678893752,5.646432678893753,0.8736842105263158,window_diameter,0.5,0.4933199077349279,0.9866398154698558,0.019634954084936207,0.005890486225480862,5.890486225480862,0.005811788242536165,5.811788242536164,0.029058941212680822,29.05894121268082,0.005146424807525384,5.146424807525384,5.811788242536164
E,10.0,78.53981633974483,0.5,0.19634954084936207,0.1,0.3,47.89473684210526,3600.0,13.304093567251462,44.346978557504876,derived_from_throughput,0.5646432678893752,5.646432678893753,1.1315789473684212,window_diameter,0.5,0.6389384347169247,1.0,0.019634954084936207,0.005890486225480862,5.890486225480862,0.005890486225480862,5.890486225480862,0.03763658048630348,37.63658048630348,0.006665550202517819,6.665550202517819,5.890486225480862
E,10.0,78.53981633974483,0.5,0.19634954084936207,0.1,0.3,47.89473684210526,3600.0,13.304093567251462,44.346978557504876,derived_from_throughput,0.5646432678893752,5.646432678893753,1.3894736842105266,window_diameter,0.5,0.7845569616989215,1.0,0.019634954084936207,0.005890486225480862,5.890486225480862,0.005890486225480862,5.890486225480862,0.04621421975992614,46.21421975992614,0.008184675597510252,8.184675597510251,5.890486225480862
E,10.0,78.53981633974483,0.5,0.19634954084936207,0.1,0.3,47.89473684210526,3600.0,13.304093567251462,44.346978557504876,derived_from_throughput,0.5646432678893752,5.646432678893753,1.6473684210526318,window_diameter,0.5,0.9301754886809183,1.0,0.019634954084936207,0.005890486225480862,5.890486225480862,0.005890486225480862,5.890486225480862,0.05479185903354878,54.79185903354878,0.009703800992502684,9.703800992502684,5.890486225480862
E,10.0,78.53981633974483,0.5,0.19634954084936207,0.1,0.3,47.89473684210526,3600.0,13.304093567251462,44.346978557504876,derived_from_throughput,0.5646432678893752,5.646432678893753,1.905263157894737,window_diameter,0.5,1.075794015662915,1.0,0.019634954084936207,0.005890486225480862,5.890486225480862,0.005890486225480862,5.890486225480862,0.06336949830717144,63.36949830717144,0.011222926387495117,11.222926387495116,5.890486225480862
E,10.0,78.53981633974483,0.5,0.19634954084936207,0.1,0.3,47.89473684210526,3600.0,13.304093567251462,44.346978557504876,derived_from_throughput,0.5646432678893752,5.646432678893753,2.1631578947368424,window_diameter,0.5,1.2214125426449118,1.0,0.019634954084936207,0.005890486225480862,5.890486225480862,0.005890486225480862,5.890486225480862,0.07194713758079409,71.94713758079409,0.01274205178248755,12.74205178248755,5.890486225480862
E,10.0,78.53981633974483,0.5,0.19634954084936207,0.1,0.3,47.89473684210526,3600.0,13.304093567251462,44.346978557504876,derived_from_throughput,0.5646432678893752,5.646432678893753,2.421052631578948,window_diameter,0.5,1.3670310696269088,1.0,0.019634954084936207,0.005890486225480862,5.890486225480862,0.005890486225480862,5.890486225480862,0.08052477685441674,80.52477685441674,0.014261177177479984,14.261177177479984,5.890486225480862
E,10.0,78.53981633974483,0.5,0.19634954084936207,0.1,0.3,47.89473684210526,3600.0,13.304093567251462,44.346978557504876,derived_from_throughput,0.5646432678893752,5.646432678893753,2.678947368421053,window_diameter,0.5,1.5126495966089055,1.0,0.019634954084936207,0.005890486225480862,5.890486225480862,0.005890486225480862,5.890486225480862,0.0891024161280394,89.10241612803941,0.015780302572472416,15.780302572472417,5.890486225480862
E,10.0,78.53981633974483,0.5,0.19634954084936207,0.1,0.3,47.89473684210526,3600.0,13.304093567251462,44.346978557504876,derived_from_throughput,0.5646432678893752,5.646432678893753,2.936842105263158,window_diameter,0.5,1.6582681235909023,1.0,0.019634954084936207,0.005890486225480862,5.890486225480862,0.005890486225480862,5.890486225480862,0.09768005540166204,97.68005540166205,0.017299427967464847,17.299427967464847,5.890486225480862
E,10.0,78.53981633974483,0.5,0.19634954084936207,0.1,0.3,47.89473684210526,3600.0,13.304093567251462,44.346978557504876,derived_from_throughput,0.5646432678893752,5.646432678893753,3.1947368421052635,window_diameter,0.5,1.803886650572899,1.0,0.019634954084936207,0.005890486225480862,5.890486225480862,0.005890486225480862,5.890486225480862,0.1062576946752847,106.2576946752847,0.01881855336245728,18.81855336245728,5.890486225480862
E,10.0,78.53981633974483,0.5,0.19634954084936207,0.1,0.3,47.89473684210526,3600.0,13.304093567251462,44.346978557504876,derived_from_throughput,0.5646432678893752,5.646432678893753,3.452631578947369,window_diameter,0.5,1.949505177554896,1.0,0.019634954084936207,0.005890486225480862,5.890486225480862,0.005890486225480862,5.890486225480862,0.11483533394890735,114.83533394890735,0.020337678757449715,20.337678757449716,5.890486225480862
E,10.0,78.53981633974483,0.5,0.19634954084936207,0.1,0.3,47.89473684210526,3600.0,13.304093567251462,44.346978557504876,derived_from_throughput,0.5646432678893752,5.646432678893753,3.710526315789474,window_diameter,0.5,2.0951237045368925,1.0,0.019634954084936207,0.005890486225480862,5.890486225480862,0.005890486225480862,5.890486225480862,0.12341297322252999,123.41297322252998,0.021856804152442146,21.856804152442145,5.890486225480862
E,10.0,78.53981633974483,0.5,0.19634954084936207,0.1,0.3,47.89473684210526,3600.0,13.304093567251462,44.346978557504876,derived_from_throughput,0.5646432678893752,5.646432678893753,3.9684210526315793,window_diameter,0.5,2.2407422315188894,1.0,0.019634954084936207,0.005890486225480862,5.890486225480862,0.005890486225480862,5.890486225480862,0.13199061249615265,131.99061249615266,0.02337592954743458,23.37592954743458,5.890486225480862
E,10.0,78.53981633974483,0.5,0.19634954084936207,0.1,0.3,47.89473684210526,3600.0,13.304093567251462,44.346978557504876,derived_from_throughput,0.5646432678893752,5.646432678893753,4.226315789473684,window_diameter,0.5,2.386360758500886,1.0,0.019634954084936207,0.005890486225480862,5.890486225480862,0.005890486225480862,5.890486225480862,0.1405682517697753,140.56825176977532,0.02489505494242701,24.895054942427013,5.890486225480862
E,10.0,78.53981633974483,0.5,0.19634954084936207,0.1,0.3,47.89473684210526,3600.0,13.304093567251462,44.346978557504876,derived_from_throughput,0.5646432678893752,5.646432678893753,4.484210526315789,window_diameter,0.5,2.5319792854828824,1.0,0.019634954084936207,0.005890486225480862,5.890486225480862,0.005890486225480862,5.890486225480862,0.14914589104339793,149.14589104339794,0.026414180337419442,26.41418033741944,5.890486225480862
E,10.0,78.53981633974483,0.5,0.19634954084936207,0.1,0.3,47.89473684210526,3600.0,13.304093567251462,44.346978557504876,derived_from_throughput,0.5646432678893752,5.646432678893753,4.742105263157895,window_diameter,0.5,2.67759781246488,1.0,0.019634954084936207,0.005890486225480862,5.890486225480862,0.005890486225480862,5.890486225480862,0.1577235303170206,157.72353031702062,0.027933305732411876,27.933305732411878,5.890486225480862
E,10.0,78.53981633974483,0.5,0.19634954084936207,0.1,0.3,47.89473684210526,3600.0,13.304093567251462,44.346978557504876,derived_from_throughput,0.5646432678893752,5.646432678893753,5.0,window_diameter,0.5,2.8232163394468763,1.0,0.019634954084936207,0.005890486225480862,5.890486225480862,0.005890486225480862,5.890486225480862,0.16630116959064326,166.30116959064327,0.02945243112740431,29.45243112740431,5.890486225480862
E,10.0,78.53981633974483,0.5,0.19634954084936207,0.1,0.3,52.10526315789473,3600.0,14.473684210526315,48.24561403508772,derived_from_throughput,0.6142822364950347,6.142822364950346,0.1,window_diameter,0.5,0.06142822364950347,0.12285644729900694,0.019634954084936207,0.005890486225480862,5.890486225480862,0.0007236842105263158,0.7236842105263158,0.0036184210526315794,3.618421052631579,0.0005890486225480862,0.5890486225480862,0.7236842105263158
E,10.0,78.53981633974483,0.5,0.19634954084936207,0.1,0.3,52.10526315789473,3600.0,14.473684210526315,48.24561403508772,derived_from_throughput,0.6142822364950347,6.142822364950346,0.35789473684210527,window_diameter,0.5,0.2198483793771703,0.4396967587543406,0.019634954084936207,0.005890486225480862,5.890486225480862,0.0025900277008310247,2.590027700831025,0.012950138504155126,12.950138504155126,0.002108174017540519,2.108174017540519,2.590027700831025
E,10.0,78.53981633974483,0.5,0.19634954084936207,0.1,0.3,52.10526315789473,3600.0,14.473684210526315,48.24561403508772,derived_from_throughput,0.6142822364950347,6.142822364950346,0.6157894736842106,window_diameter,0.5,0.37826853510483716,0.7565370702096743,0.019634954084936207,0.005890486225480862,5.890486225480862,0.004456371191135734,4.456371191135734,0.02228185595567867,22.281855955678672,0.003627299412532952,3.627299412532952,4.456371191135734
E,10.0,78.53981633974483,0.5,0.19634954084936207,0.1,0.3,52.10526315789473,3600.0,14.473684210526315,48.24561403508772,derived_from_throughput,0.6142822364950347,6.142822364950346,0.8736842105263158,window_diameter,0.5,0.536688690832504,1.0,0.019634954084936207,0.005890486225480862,5.890486225480862,0.005890486225480862,5.890486225480862,0.03161357340720222,31.61357340720222,0.005146424807525384,5.146424807525384,5.890486225480862
E,10.0,78.53981633974483,0.5,0.19634954084936207,0.1,0.3,52.10526315789473,3600.0,14.473684210526315,48.24561403508772,derived_from_throughput,0.6142822364950347,6.142822364950346,1.1315789473684212,window_diameter,0.5,0.6951088465601709,1.0,0.019634954084936207,0.005890486225480862,5.890486225480862,0.005890486225480862,5.890486225480862,0.04094529085872577,40.94529085872578,0.006665550202517819,6.665550202517819,5.890486225480862
E,10.0,78.53981633974483,0.5,0.19634954084936207,0.1,0.3,52.10526315789473,3600.0,14.473684210526315,48.24561403508772,derived_from_throughput,0.6142822364950347,6.142822364950346,1.3894736842105266,window_diameter,0.5,0.8535290022878378,1.0,0.019634954084936207,0.005890486225480862,5.890486225480862,0.005890486225480862,5.890486225480862,0.050277008310249324,50.27700831024932,0.008184675597510252,8.184675597510251,5.890486225480862
E,10.0,78.53981633974483,0.5,0.19634954084936207,0.1,0.3,52.10526315789473,3600.0,14.473684210526315,48.24561403508772,derived_from_throughput,0.6142822364950347,6.142822364950346,1.6473684210526318,window_diameter,0.5,1.0119491580155047,1.0,0.019634954084936207,0.005890486225480862,5.890486225480862,0.005890486225480862,5.890486225480862,0.05960872576177286,59.60872576177286,0.009703800992502684,9.703800992502684,5.890486225480862
E,10.0,78.53981633974483,0.5,0.19634954084936207,0.1,0.3,52.10526315789473,3600.0,14.473684210526315,48.24561403508772,derived_from_throughput,0.6142822364950347,6.142822364950346,1.905263157894737,window_diameter,0.5,1.1703693137431714,1.0,0.019634954084936207,0.005890486225480862,5.890486225480862,0.005890486225480862,5.890486225480862,0.06894044321329641,68.94044321329642,0.011222926387495117,11.222926387495116,5.890486225480862
E,10.0,78.53981633974483,0.5,0.19634954084936207,0.1,0.3,52.10526315789473,3600.0,14.473684210526315,48.24561403508772,derived_from_throughput,0.6142822364950347,6.142822364950346,2.1631578947368424,window_diameter,0.5,1.3287894694708382,1.0,0.019634954084936207,0.005890486225480862,5.890486225480862,0.005890486225480862,5.890486225480862,0.07827216066481996,78.27216066481995,0.01274205178248755,12.74205178248755,5.890486225480862
E,10.0,78.53981633974483,0.5,0.19634954084936207,0.1,0.3,52.10526315789473,3600.0,14.473684210526315,48.24561403508772,derived_from_throughput,0.6142822364950347,6.142822364950346,2.421052631578948,window_diameter,0.5,1.4872096251985052,1.0,0.019634954084936207,0.005890486225480862,5.890486225480862,0.005890486225480862,5.890486225480862,0.08760387811634351,87.60387811634351,0.014261177177479984,14.261177177479984,5.890486225480862
E,10.0,78.53981633974483,0.5,0.19634954084936207,0.1,0.3,52.10526315789473,3600.0,14.473684210526315,48.24561403508772,derived_from_throughput,0.6142822364950347,6.142822364950346,2.678947368421053,window_diameter,0.5,1.6456297809261722,1.0,0.019634954084936207,0.005890486225480862,5.890486225480862,0.005890486225480862,5.890486225480862,0.09693559556786706,96.93559556786705,0.015780302572472416,15.780302572472417,5.890486225480862
E,10.0,78.53981633974483,0.5,0.19634954084936207,0.1,0.3,52.10526315789473,3600.0,14.473684210526315,48.24561403508772,derived_from_throughput,0.6142822364950347,6.142822364950346,2.936842105263158,window_diameter,0.5,1.8040499366538387,1.0,0.019634954084936207,0.005890486225480862,5.890486225480862,0.005890486225480862,5.890486225480862,0.10626731301939059,106.26731301939058,0.017299427967464847,17.299427967464847,5.890486225480862
E,10.0,78.53981633974483,0.5,0.19634954084936207,0.1,0.3,52.10526315789473,3600.0,14.473684210526315,48.24561403508772,derived_from_throughput,0.6142822364950347,6.142822364950346,3.1947368421052635,window_diameter,0.5,1.9624700923815057,1.0,0.019634954084936207,0.005890486225480862,5.890486225480862,0.005890486225480862,5.890486225480862,0.11559903047091415,115.59903047091414,0.01881855336245728,18.81855336245728,5.890486225480862
E,10.0,78.53981633974483,0.5,0.19634954084936207,0.1,0.3,52.10526315789473,3600.0,14.473684210526315,48.24561403508772,derived_from_throughput,0.6142822364950347,6.142822364950346,3.452631578947369,window_diameter,0.5,2.1208902481091725,1.0,0.019634954084936207,0.005890486225480862,5.890486225480862,0.005890486225480862,5.890486225480862,0.12493074792243769,124.93074792243769,0.020337678757449715,20.337678757449716,5.890486225480862
E,10.0,78.53981633974483,0.5,0.19634954084936207,0.1,0.3,52.10526315789473,3600.0,14.473684210526315,48.24561403508772,derived_from_throughput,0.6142822364950347,6.142822364950346,3.710526315789474,window_diameter,0.5,2.2793104038368392,1.0,0.019634954084936207,0.005890486225480862,5.890486225480862,0.005890486225480862,5.890486225480862,0.13426246537396122,134.26246537396122,0.021856804152442146,21.856804152442145,5.890486225480862
E,10.0,78.53981633974483,0.5,0.19634954084936207,0.1,0.3,52.10526315789473,3600.0,14.473684210526315,48.24561403508772,derived_from_throughput,0.6142822364950347,6.142822364950346,3.9684210526315793,window_diameter,0.5,2.437730559564506,1.0,0.019634954084936207,0.005890486225480862,5.890486225480862,0.005890486225480862,5.890486225480862,0.14359418282548478,143.59418282548478,0.02337592954743458,23.37592954743458,5.890486225480862
E,10.0,78.53981633974483,0.5,0.19634954084936207,0.1,0.3,52.10526315789473,3600.0,14.473684210526315,48.24561403508772,derived_from_throughput,0.6142822364950347,6.142822364950346,4.226315789473684,window_diameter,0.5,2.596150715292173,1.0,0.019634954084936207,0.005890486225480862,5.890486225480862,0.005890486225480862,5.890486225480862,0.1529259002770083,152.9259002770083,0.02489505494242701,24.895054942427013,5.890486225480862
E,10.0,78.53981633974483,0.5,0.19634954084936207,0.1,0.3,52.10526315789473,3600.0,14.473684210526315,48.24561403508772,derived_from_throughput,0.6142822364950347,6.142822364950346,4.484210526315789,window_diameter,0.5,2.7545708710198396,1.0,0.019634954084936207,0.005890486225480862,5.890486225480862,0.005890486225480862,5.890486225480862,0.16225761772853184,162.25761772853184,0.026414180337419442,26.41418033741944,5.890486225480862
E,10.0,78.53981633974483,0.5,0.19634954084936207,0.1,0.3,52.10526315789473,3600.0,14.473684210526315,48.24561403508772,derived_from_throughput,0.6142822364950347,6.142822364950346,4.742105263157895,window_diameter,0.5,2.9129910267475068,1.0,0.019634954084936207,0.005890486225480862,5.890486225480862,0.005890486225480862,5.890486225480862,0.17158933518005542,171.58933518005543,0.027933305732411876,27.933305732411878,5.890486225480862
E,10.0,78.53981633974483,0.5,0.19634954084936207,0.1,0.3,52.10526315789473,3600.0,14.473684210526315,48.24561403508772,derived_from_throughput,0.6142822364950347,6.142822364950346,5.0,window_diameter,0.5,3.071411182475173,1.0,0.019634954084936207,0.005890486225480862,5.890486225480862,0.005890486225480862,5.890486225480862,0.18092105263157895,180.92105263157896,0.02945243112740431,29.45243112740431,5.890486225480862
E,10.0,78.53981633974483,0.5,0.19634954084936207,0.1,0.3,56.315789473684205,3600.0,15.643274853801168,52.14424951267056,derived_from_throughput,0.663921205100694,6.63921205100694,0.1,window_diameter,0.5,0.0663921205100694,0.1327842410201388,0.019634954084936207,0.005890486225480862,5.890486225480862,0.0007821637426900584,0.7821637426900584,0.003910818713450292,3.9108187134502916,0.0005890486225480862,0.5890486225480862,0.7821637426900584
E,10.0,78.53981633974483,0.5,0.19634954084936207,0.1,0.3,56.315789473684205,3600.0,15.643274853801168,52.14424951267056,derived_from_throughput,0.663921205100694,6.63921205100694,0.35789473684210527,window_diameter,0.5,0.23761390498340626,0.4752278099668125,0.019634954084936207,0.005890486225480862,5.890486225480862,0.002799322868574946,2.799322868574946,0.01399661434287473,13.996614342874729,0.002108174017540519,2.108174017540519,2.799322868574946
E,10.0,78.53981633974483,0.5,0.19634954084936207,0.1,0.3,56.315789473684205,3600.0,15.643274853801168,52.14424951267056,derived_from_throughput,0.663921205100694,6.63921205100694,0.6157894736842106,window_diameter,0.5,0.40883568945674315,0.8176713789134863,0.019634954084936207,0.005890486225480862,5.890486225480862,0.004816481994459833,4.816481994459833,0.024082409972299167,24.082409972299168,0.003627299412532952,3.627299412532952,4.816481994459833
E,10.0,78.53981633974483,0.5,0.19634954084936207,0.1,0.3,56.315789473684205,3600.0,15.643274853801168,52.14424951267056,derived_from_throughput,0.663921205100694,6.63921205100694,0.8736842105263158,window_diameter,0.5,0.58005747393008,1.0,0.019634954084936207,0.005890486225480862,5.890486225480862,0.005890486225480862,5.890486225480862,0.0341682056017236,34.1682056017236,0.005146424807525384,5.146424807525384,5.890486225480862
E,10.0,78.53981633974483,0.5,0.19634954084936207,0.1,0.3,56.315789473684205,3600.0,15.643274853801168,52.14424951267056,derived_from_throughput,0.663921205100694,6.63921205100694,1.1315789473684212,window_diameter,0.5,0.751279258403417,1.0,0.019634954084936207,0.005890486225480862,5.890486225480862,0.005890486225480862,5.890486225480862,0.044254001231148046,44.254001231148045,0.006665550202517819,6.665550202517819,5.890486225480862
E,10.0,78.53981633974483,0.5,0.19634954084936207,0.1,0.3,56.315789473684205,3600.0,15.643274853801168,52.14424951267056,derived_from_throughput,0.663921205100694,6.63921205100694,1.3894736842105266,window_diameter,0.5,0.9225010428767539,1.0,0.019634954084936207,0.005890486225480862,5.890486225480862,0.005890486225480862,5.890486225480862,0.05433979686057249,54.33979686057249,0.008184675597510252,8.184675597510251,5.890486225480862
E,10.0,78.53981633974483,0.5,0.19634954084936207,0.1,0.3,56.315789473684205,3600.0,15.643274853801168,52.14424951267056,derived_from_throughput,0.663921205100694,6.63921205100694,1.6473684210526318,window_diameter,0.5,1.0937228273500907,1.0,0.019634954084936207,0.005890486225480862,5.890486225480862,0.005890486225480862,5.890486225480862,0.06442559248999692,64.42559248999692,0.009703800992502684,9.703800992502684,5.890486225480862
E,10.0,78.53981633974483,0.5,0.19634954084936207,0.1,0.3,56.315789473684205,3600.0,15.643274853801168,52.14424951267056,derived_from_throughput,0.663921205100694,6.63921205100694,1.905263157894737,window_diameter,0.5,1.2649446118234275,1.0,0.019634954084936207,0.005890486225480862,5.890486225480862,0.005890486225480862,5.890486225480862,0.07451138811942136,74.51138811942135,0.011222926387495117,11.222926387495116,5.890486225480862
E,10.0,78.53981633974483,0.5,0.19634954084936207,0.1,0.3,56.315789473684205,3600.0,15.643274853801168,52.14424951267056,derived_from_throughput,0.663921205100694,6.63921205100694,2.1631578947368424,window_diameter,0.5,1.4361663962967646,1.0,0.019634954084936207,0.005890486225480862,5.890486225480862,0.005890486225480862,5.890486225480862,0.0845971837488458,84.5971837488458,0.01274205178248755,12.74205178248755,5.890486225480862
E,10.0,78.53981633974483,0.5,0.19634954084936207,0.1,0.3,56.315789473684205,3600.0,15.643274853801168,52.14424951267056,derived_from_throughput,0.663921205100694,6.63921205100694,2.421052631578948,window_diameter,0.5,1.6073881807701014,1.0,0.019634954084936207,0.005890486225480862,5.890486225480862,0.005890486225480862,5.890486225480862,0.09468297937827024,94.68297937827023,0.014261177177479984,14.261177177479984,5.890486225480862
E,10.0,78.53981633974483,0.5,0.19634954084936207,0.1,0.3,56.315789473684205,3600.0,15.643274853801168,52.14424951267056,derived_from_throughput,0.663921205100694,6.63921205100694,2.678947368421053,window_diameter,0.5,1.7786099652434384,1.0,0.019634954084936207,0.005890486225480862,5.890486225480862,0.005890486225480862,5.890486225480862,0.10476877500769469,104.76877500769469,0.015780302572472416,15.780302572472417,5.890486225480862
E,10.0,78.53981633974483,0.5,0.19634954084936207,0.1,0.3,56.315789473684205,3600.0,15.643274853801168,52.14424951267056,derived_from_throughput,0.663921205100694,6.63921205100694,2.936842105263158,window_diameter,0.5,1.949831749716775,1.0,0.019634954084936207,0.005890486225480862,5.890486225480862,0.005890486225480862,5.890486225480862,0.11485457063711911,114.85457063711911,0.017299427967464847,17.299427967464847,5.890486225480862
E,10.0,78.53981633974483,0.5,0.19634954084936207,0.1,0.3,56.315789473684205,3600.0,15.643274853801168,52.14424951267056,derived_from_throughput,0.663921205100694,6.63921205100694,3.1947368421052635,window_diameter,0.5,2.121053534190112,1.0,0.019634954084936207,0.005890486225480862,5.890486225480862,0.005890486225480862,5.890486225480862,0.12494036626654355,124.94036626654355,0.01881855336245728,18.81855336245728,5.890486225480862
E,10.0,78.53981633974483,0.5,0.19634954084936207,0.1,0.3,56.315789473684205,3600.0,15.643274853801168,52.14424951267056,derived_from_throughput,0.663921205100694,6.63921205100694,3.452631578947369,window_diameter,0.5,2.292275318663449,1.0,0.019634954084936207,0.005890486225480862,5.890486225480862,0.005890486225480862,5.890486225480862,0.135026161895968,135.026161895968,0.020337678757449715,20.337678757449716,5.890486225480862
E,10.0,78.53981633974483,0.5,0.19634954084936207,0.1,0.3,56.315789473684205,3600.0,15.643274853801168,52.14424951267056,derived_from_throughput,0.663921205100694,6.63921205100694,3.710526315789474,window_diameter,0.5,2.4634971031367856,1.0,0.019634954084936207,0.005890486225480862,5.890486225480862,0.005890486225480862,5.890486225480862,0.1451119575253924,145.1119575253924,0.021856804152442146,21.856804152442145,5.890486225480862
E,10.0,78.53981633974483,0.5,0.19634954084936207,0.1,0.3,56.315789473684205,3600.0,15.643274853801168,52.14424951267056,derived_from_throughput,0.663921205100694,6.63921205100694,3.9684210526315793,window_diameter,0.5,2.6347188876101226,1.0,0.019634954084936207,0.005890486225480862,5.890486225480862,0.005890486225480862,5.890486225480862,0.15519775315481685,155.19775315481684,0.02337592954743458,23.37592954743458,5.890486225480862
E,10.0,78.53981633974483,0.5,0.19634954084936207,0.1,0.3,56.315789473684205,3600.0,15.643274853801168,52.14424951267056,derived_from_throughput,0.663921205100694,6.63921205100694,4.226315789473684,window_diameter,0.5,2.805940672083459,1.0,0.019634954084936207,0.005890486225480862,5.890486225480862,0.005890486225480862,5.890486225480862,0.16528354878424129,165.28354878424128,0.02489505494242701,24.895054942427013,5.890486225480862
E,10.0,78.53981633974483,0.5,0.19634954084936207,0.1,0.3,56.315789473684205,3600.0,15.643274853801168,52.14424951267056,derived_from_throughput,0.663921205100694,6.63921205100694,4.484210526315789,window_diameter,0.5,2.977162456556796,1.0,0.019634954084936207,0.005890486225480862,5.890486225480862,0.005890486225480862,5.890486225480862,0.1753693444136657,175.3693444136657,0.026414180337419442,26.41418033741944,5.890486225480862
E,10.0,78.53981633974483,0.5,0.19634954084936207,0.1,0.3,56.315789473684205,3600.0,15.643274853801168,52.14424951267056,derived_from_throughput,0.663921205100694,6.63921205100694,4.742105263157895,window_diameter,0.5,3.1483842410301333,1.0,0.019634954084936207,0.005890486225480862,5.890486225480862,0.005890486225480862,5.890486225480862,0.18545514004309016,185.45514004309015,0.027933305732411876,27.933305732411878,5.890486225480862
E,10.0,78.53981633974483,0.5,0.19634954084936207,0.1,0.3,56.315789473684205,3600.0,15.643274853801168,52.14424951267056,derived_from_throughput,0.663921205100694,6.63921205100694,5.0,window_diameter,0.5,3.31960602550347,1.0,0.019634954084936207,0.005890486225480862,5.890486225480862,0.005890486225480862,5.890486225480862,0.1955409356725146,195.5409356725146,0.02945243112740431,29.45243112740431,5.890486225480862
E,10.0,78.53981633974483,0.5,0.19634954084936207,0.1,0.3,60.526315789473685,3600.0,16.812865497076025,56.04288499025342,derived_from_throughput,0.7135601737063535,7.135601737063535,0.1,window_diameter,0.5,0.07135601737063535,0.1427120347412707,0.019634954084936207,0.005890486225480862,5.890486225480862,0.0008406432748538013,0.8406432748538013,0.0042032163742690065,4.203216374269006,0.0005890486225480862,0.5890486225480862,0.8406432748538013
E,10.0,78.53981633974483,0.5,0.19634954084936207,0.1,0.3,60.526315789473685,3600.0,16.812865497076025,56.04288499025342,derived_from_throughput,0.7135601737063535,7.135601737063535,0.35789473684210527,window_diameter,0.5,0.2553794305896423,0.5107588611792846,0.019634954084936207,0.005890486225480862,5.890486225480862,0.0030086180363188674,3.0086180363188673,0.01504309018159434,15.04309018159434,0.002108174017540519,2.108174017540519,3.0086180363188673
E,10.0,78.53981633974483,0.5,0.19634954084936207,0.1,0.3,60.526315789473685,3600.0,16.812865497076025,56.04288499025342,derived_from_throughput,0.7135601737063535,7.135601737063535,0.6157894736842106,window_diameter,0.5,0.4394028438086493,0.8788056876172986,0.019634954084936207,0.005890486225480862,5.890486225480862,0.005176592797783934,5.176592797783934,0.025882963988919674,25.882963988919673,0.003627299412532952,3.627299412532952,5.176592797783934
E,10.0,78.53981633974483,0.5,0.19634954084936207,0.1,0.3,60.526315789473685,3600.0,16.812865497076025,56.04288499025342,derived_from_throughput,0.7135601737063535,7.135601737063535,0.8736842105263158,window_diameter,0.5,0.6234262570276562,1.0,0.019634954084936207,0.005890486225480862,5.890486225480862,0.005890486225480862,5.890486225480862,0.03672283779624501,36.72283779624501,0.005146424807525384,5.146424807525384,5.890486225480862
E,10.0,78.53981633974483,0.5,0.19634954084936207,0.1,0.3,60.526315789473685,3600.0,16.812865497076025,56.04288499025342,derived_from_throughput,0.7135601737063535,7.135601737063535,1.1315789473684212,window_diameter,0.5,0.8074496702466633,1.0,0.019634954084936207,0.005890486225480862,5.890486225480862,0.005890486225480862,5.890486225480862,0.04756271160357035,47.56271160357035,0.006665550202517819,6.665550202517819,5.890486225480862
E,10.0,78.53981633974483,0.5,0.19634954084936207,0.1,0.3,60.526315789473685,3600.0,16.812865497076025,56.04288499025342,derived_from_throughput,0.7135601737063535,7.135601737063535,1.3894736842105266,window_diameter,0.5,0.9914730834656703,1.0,0.019634954084936207,0.005890486225480862,5.890486225480862,0.005890486225480862,5.890486225480862,0.058402585410895685,58.40258541089568,0.008184675597510252,8.184675597510251,5.890486225480862
E,10.0,78.53981633974483,0.5,0.19634954084936207,0.1,0.3,60.526315789473685,3600.0,16.812865497076025,56.04288499025342,derived_from_throughput,0.7135601737063535,7.135601737063535,1.6473684210526318,window_diameter,0.5,1.1754964966846773,1.0,0.019634954084936207,0.005890486225480862,5.890486225480862,0.005890486225480862,5.890486225480862,0.06924245921822102,69.24245921822101,0.009703800992502684,9.703800992502684,5.890486225480862
E,10.0,78.53981633974483,0.5,0.19634954084936207,0.1,0.3,60.526315789473685,3600.0,16.812865497076025,56.04288499025342,derived_from_throughput,0.7135601737063535,7.135601737063535,1.905263157894737,window_diameter,0.5,1.359519909903684,1.0,0.019634954084936207,0.005890486225480862,5.890486225480862,0.005890486225480862,5.890486225480862,0.08008233302554635,80.08233302554635,0.011222926387495117,11.222926387495116,5.890486225480862
E,10.0,78.53981633974483,0.5,0.19634954084936207,0.1,0.3,60.526315789473685,3600.0,16.812865497076025,56.04288499025342,derived_from_throughput,0.7135601737063535,7.135601737063535,2.1631578947368424,window_diameter,0.5,1.5435433231226912,1.0,0.019634954084936207,0.005890486225480862,5.890486225480862,0.005890486225480862,5.890486225480862,0.09092220683287168,90.92220683287168,0.01274205178248755,12.74205178248755,5.890486225480862
E,10.0,78.53981633974483,0.5,0.19634954084936207,0.1,0.3,60.526315789473685,3600.0,16.812865497076025,56.04288499025342,derived_from_throughput,0.7135601737063535,7.135601737063535,2.421052631578948,window_diameter,0.5,1.7275667363416982,1.0,0.019634954084936207,0.005890486225480862,5.890486225480862,0.005890486225480862,5.890486225480862,0.10176208064019703,101.76208064019703,0.014261177177479984,14.261177177479984,5.890486225480862
E,10.0,78.53981633974483,0.5,0.19634954084936207,0.1,0.3,60.526315789473685,3600.0,16.812865497076025,56.04288499025342,derived_from_throughput,0.7135601737063535,7.135601737063535,2.678947368421053,window_diameter,0.5,1.9115901495607053,1.0,0.019634954084936207,0.005890486225480862,5.890486225480862,0.005890486225480862,5.890486225480862,0.11260195444752236,112.60195444752236,0.015780302572472416,15.780302572472417,5.890486225480862
E,10.0,78.53981633974483,0.5,0.19634954084936207,0.1,0.3,60.526315789473685,3600.0,16.812865497076025,56.04288499025342,derived_from_throughput,0.7135601737063535,7.135601737063535,2.936842105263158,window_diameter,0.5,2.095613562779712,1.0,0.019634954084936207,0.005890486225480862,5.890486225480862,0.005890486225480862,5.890486225480862,0.12344182825484767,123.44182825484768,0.017299427967464847,17.299427967464847,5.890486225480862
E,10.0,78.53981633974483,0.5,0.19634954084936207,0.1,0.3,60.526315789473685,3600.0,16.812865497076025,56.04288499025342,derived_from_throughput,0.7135601737063535,7.135601737063535,3.1947368421052635,window_diameter,0.5,2.279636975998719,1.0,0.019634954084936207,0.005890486225480862,5.890486225480862,0.005890486225480862,5.890486225480862,0.13428170206217302,134.28170206217303,0.01881855336245728,18.81855336245728,5.890486225480862
E,10.0,78.53981633974483,0.5,0.19634954084936207,0.1,0.3,60.526315789473685,3600.0,16.812865497076025,56.04288499025342,derived_from_throughput,0.7135601737063535,7.135601737063535,3.452631578947369,window_diameter,0.5,2.463660389217726,1.0,0.019634954084936207,0.005890486225480862,5.890486225480862,0.005890486225480862,5.890486225480862,0.14512157586949836,145.12157586949837,0.020337678757449715,20.337678757449716,5.890486225480862
E,10.0,78.53981633974483,0.5,0.19634954084936207,0.1,0.3,60.526315789473685,3600.0,16.812865497076025,56.04288499025342,derived_from_throughput,0.7135601737063535,7.135601737063535,3.710526315789474,window_diameter,0.5,2.647683802436733,1.0,0.019634954084936207,0.005890486225480862,5.890486225480862,0.005890486225480862,5.890486225480862,0.15596144967682368,155.9614496768237,0.021856804152442146,21.856804152442145,5.890486225480862
E,10.0,78.53981633974483,0.5,0.19634954084936207,0.1,0.3,60.526315789473685,3600.0,16.812865497076025,56.04288499025342,derived_from_throughput,0.7135601737063535,7.135601737063535,3.9684210526315793,window_diameter,0.5,2.83170721565574,1.0,0.019634954084936207,0.005890486225480862,5.890486225480862,0.005890486225480862,5.890486225480862,0.16680132348414903,166.80132348414904,0.02337592954743458,23.37592954743458,5.890486225480862
E,10.0,78.53981633974483,0.5,0.19634954084936207,0.1,0.3,60.526315789473685,3600.0,16.812865497076025,56.04288499025342,derived_from_throughput,0.7135601737063535,7.135601737063535,4.226315789473684,window_diameter,0.5,3.0157306288747465,1.0,0.019634954084936207,0.005890486225480862,5.890486225480862,0.005890486225480862,5.890486225480862,0.17764119729147435,177.64119729147436,0.02489505494242701,24.895054942427013,5.890486225480862
E,10.0,78.53981633974483,0.5,0.19634954084936207,0.1,0.3,60.526315789473685,3600.0,16.812865497076025,56.04288499025342,derived_from_throughput,0.7135601737063535,7.135601737063535,4.484210526315789,window_diameter,0.5,3.1997540420937534,1.0,0.019634954084936207,0.005890486225480862,5.890486225480862,0.005890486225480862,5.890486225480862,0.18848107109879966,188.48107109879967,0.026414180337419442,26.41418033741944,5.890486225480862
E,10.0,78.53981633974483,0.5,0.19634954084936207,0.1,0.3,60.526315789473685,3600.0,16.812865497076025,56.04288499025342,derived_from_throughput,0.7135601737063535,7.135601737063535,4.742105263157895,window_diameter,0.5,3.3837774553127606,1.0,0.019634954084936207,0.005890486225480862,5.890486225480862,0.005890486225480862,5.890486225480862,0.199320944906125,199.32094490612502,0.027933305732411876,27.933305732411878,5.890486225480862
E,10.0,78.53981633974483,0.5,0.19634954084936207,0.1,0.3,60.526315789473685,3600.0,16.812865497076025,56.04288499025342,derived_from_throughput,0.7135601737063535,7.135601737063535,5.0,window_diameter,0.5,3.5678008685317675,1.0,0.019634954084936207,0.005890486225480862,5.890486225480862,0.005890486225480862,5.890486225480862,0.21016081871345033,210.16081871345034,0.02945243112740431,29.45243112740431,5.890486225480862
E,10.0,78.53981633974483,0.5,0.19634954084936207,0.1,0.3,64.73684210526315,3600.0,17.982456140350877,59.941520467836256,derived_from_throughput,0.7631991423120127,7.631991423120127,0.1,window_diameter,0.5,0.07631991423120127,0.15263982846240254,0.019634954084936207,0.005890486225480862,5.890486225480862,0.0008991228070175437,0.8991228070175438,0.0044956140350877185,4.495614035087718,0.0005890486225480862,0.5890486225480862,0.8991228070175438
E,10.0,78.53981633974483,0.5,0.19634954084936207,0.1,0.3,64.73684210526315,3600.0,17.982456140350877,59.941520467836256,derived_from_throughput,0.7631991423120127,7.631991423120127,0.35789473684210527,window_diameter,0.5,0.27314495619587825,0.5462899123917565,0.019634954084936207,0.005890486225480862,5.890486225480862,0.0032179132040627886,3.2179132040627887,0.01608956602031394,16.089566020313942,0.002108174017540519,2.108174017540519,3.2179132040627887
E,10.0,78.53981633974483,0.5,0.19634954084936207,0.1,0.3,64.73684210526315,3600.0,17.982456140350877,59.941520467836256,derived_from_throughput,0.7631991423120127,7.631991423120127,0.6157894736842106,window_diameter,0.5,0.4699699981605552,0.9399399963211104,0.019634954084936207,0.005890486225480862,5.890486225480862,0.005536703601108033,5.536703601108033,0.027683518005540163,27.68351800554016,0.003627299412532952,3.627299412532952,5.536703601108033
E,10.0,78.53981633974483,0.5,0.19634954084936207,0.1,0.3,64.73684210526315,3600.0,17.982456140350877,59.941520467836256,derived_from_throughput,0.7631991423120127,7.631991423120127,0.8736842105263158,window_diameter,0.5,0.6667950401252322,1.0,0.019634954084936207,0.005890486225480862,5.890486225480862,0.005890486225480862,5.890486225480862,0.03927746999076639,39.277469990766384,0.005146424807525384,5.146424807525384,5.890486225480862
E,10.0,78.53981633974483,0.5,0.19634954084936207,0.1,0.3,64.73684210526315,3600.0,17.982456140350877,59.941520467836256,derived_from_throughput,0.7631991423120127,7.631991423120127,1.1315789473684212,window_diameter,0.5,0.8636200820899093,1.0,0.019634954084936207,0.005890486225480862,5.890486225480862,0.005890486225480862,5.890486225480862,0.05087142197599261,50.87142197599261,0.006665550202517819,6.665550202517819,5.890486225480862
E,10.0,78.53981633974483,0.5,0.19634954084936207,0.1,0.3,64.73684210526315,3600.0,17.982456140350877,59.941520467836256,derived_from_throughput,0.7631991423120127,7.631991423120127,1.3894736842105266,window_diameter,0.5,1.0604451240545862,1.0,0.019634954084936207,0.005890486225480862,5.890486225480862,0.005890486225480862,5.890486225480862,0.062465373961218845,62.465373961218845,0.008184675597510252,8.184675597510251,5.890486225480862
E,10.0,78.53981633974483,0.5,0.19634954084936207,0.1,0.3,64.73684210526315,3600.0,17.982456140350877,59.941520467836256,derived_from_throughput,0.7631991423120127,7.631991423120127,1.6473684210526318,window_diameter,0.5,1.2572701660192631,1.0,0.019634954084936207,0.005890486225480862,5.890486225480862,0.005890486225480862,5.890486225480862,0.07405932594644506,74.05932594644506,0.009703800992502684,9.703800992502684,5.890486225480862
E,10.0,78.53981633974483,0.5,0.19634954084936207,0.1,0.3,64.73684210526315,3600.0,17.982456140350877,59.941520467836256,derived_from_throughput,0.7631991423120127,7.631991423120127,1.905263157894737,window_diameter,0.5,1.45409520798394,1.0,0.019634954084936207,0.005890486225480862,5.890486225480862,0.005890486225480862,5.890486225480862,0.08565327793167128,85.65327793167128,0.011222926387495117,11.222926387495116,5.890486225480862
E,10.0,78.53981633974483,0.5,0.19634954084936207,0.1,0.3,64.73684210526315,3600.0,17.982456140350877,59.941520467836256,derived_from_throughput,0.7631991423120127,7.631991423120127,2.1631578947368424,window_diameter,0.5,1.650920249948617,1.0,0.019634954084936207,0.005890486225480862,5.890486225480862,0.005890486225480862,5.890486225480862,0.0972472299168975,97.24722991689751,0.01274205178248755,12.74205178248755,5.890486225480862
E,10.0,78.53981633974483,0.5,0.19634954084936207,0.1,0.3,64.73684210526315,3600.0,17.982456140350877,59.941520467836256,derived_from_throughput,0.7631991423120127,7.631991423120127,2.421052631578948,window_diameter,0.5,1.8477452919132942,1.0,0.019634954084936207,0.005890486225480862,5.890486225480862,0.005890486225480862,5.890486225480862,0.10884118190212373,108.84118190212374,0.014261177177479984,14.261177177479984,5.890486225480862
E,10.0,78.53981633974483,0.5,0.19634954084936207,0.1,0.3,64.73684210526315,3600.0,17.982456140350877,59.941520467836256,derived_from_throughput,0.7631991423120127,7.631991423120127,2.678947368421053,window_diameter,0.5,2.0445703338779713,1.0,0.019634954084936207,0.005890486225480862,5.890486225480862,0.005890486225480862,5.890486225480862,0.12043513388734996,120.43513388734996,0.015780302572472416,15.780302572472417,5.890486225480862
E,10.0,78.53981633974483,0.5,0.19634954084936207,0.1,0.3,64.73684210526315,3600.0,17.982456140350877,59.941520467836256,derived_from_throughput,0.7631991423120127,7.631991423120127,2.936842105263158,window_diameter,0.5,2.241395375842648,1.0,0.019634954084936207,0.005890486225480862,5.890486225480862,0.005890486225480862,5.890486225480862,0.13202908587257617,132.02908587257616,0.017299427967464847,17.299427967464847,5.890486225480862
E,10.0,78.53981633974483,0.5,0.19634954084936207,0.1,0.3,64.73684210526315,3600.0,17.982456140350877,59.941520467836256,derived_from_throughput,0.7631991423120127,7.631991423120127,3.1947368421052635,window_diameter,0.5,2.438220417807325,1.0,0.019634954084936207,0.005890486225480862,5.890486225480862,0.005890486225480862,5.890486225480862,0.1436230378578024,143.6230378578024,0.01881855336245728,18.81855336245728,5.890486225480862
E,10.0,78.53981633974483,0.5,0.19634954084936207,0.1,0.3,64.73684210526315,3600.0,17.982456140350877,59.941520467836256,derived_from_throughput,0.7631991423120127,7.631991423120127,3.452631578947369,window_diameter,0.5,2.635045459772002,1.0,0.019634954084936207,0.005890486225480862,5.890486225480862,0.005890486225480862,5.890486225480862,0.15521698984302862,155.2169898430286,0.020337678757449715,20.337678757449716,5.890486225480862
E,10.0,78.53981633974483,0.5,0.19634954084936207,0.1,0.3,64.73684210526315,3600.0,17.982456140350877,59.941520467836256,derived_from_throughput,0.7631991423120127,7.631991423120127,3.710526315789474,window_diameter,0.5,2.8318705017366788,1.0,0.019634954084936207,0.005890486225480862,5.890486225480862,0.005890486225480862,5.890486225480862,0.16681094182825484,166.81094182825484,0.021856804152442146,21.856804152442145,5.890486225480862
E,10.0,78.53981633974483,0.5,0.19634954084936207,0.1,0.3,64.73684210526315,3600.0,17.982456140350877,59.941520467836256,derived_from_throughput,0.7631991423120127,7.631991423120127,3.9684210526315793,window_diameter,0.5,3.028695543701356,1.0,0.019634954084936207,0.005890486225480862,5.890486225480862,0.005890486225480862,5.890486225480862,0.17840489381348107,178.40489381348107,0.02337592954743458,23.37592954743458,5.890486225480862
E,10.0,78.53981633974483,0.5,0.19634954084936207,0.1,0.3,64.73684210526315,3600.0,17.982456140350877,59.941520467836256,derived_from_throughput,0.7631991423120127,7.631991423120127,4.226315789473684,window_diameter,0.5,3.2255205856660325,1.0,0.019634954084936207,0.005890486225480862,5.890486225480862,0.005890486225480862,5.890486225480862,0.18999884579870727,189.99884579870726,0.02489505494242701,24.895054942427013,5.890486225480862
E,10.0,78.53981633974483,0.5,0.19634954084936207,0.1,0.3,64.73684210526315,3600.0,17.982456140350877,59.941520467836256,derived_from_throughput,0.7631991423120127,7.631991423120127,4.484210526315789,window_diameter,0.5,3.422345627630709,1.0,0.019634954084936207,0.005890486225480862,5.890486225480862,0.005890486225480862,5.890486225480862,0.2015927977839335,201.5927977839335,0.026414180337419442,26.41418033741944,5.890486225480862
E,10.0,78.53981633974483,0.5,0.19634954084936207,0.1,0.3,64.73684210526315,3600.0,17.982456140350877,59.941520467836256,derived_from_throughput,0.7631991423120127,7.631991423120127,4.742105263157895,window_diameter,0.5,3.6191706695953867,1.0,0.019634954084936207,0.005890486225480862,5.890486225480862,0.005890486225480862,5.890486225480862,0.21318674976915972,213.18674976915972,0.027933305732411876,27.933305732411878,5.890486225480862
E,10.0,78.53981633974483,0.5,0.19634954084936207,0.1,0.3,64.73684210526315,3600.0,17.982456140350877,59.941520467836256,derived_from_throughput,0.7631991423120127,7.631991423120127,5.0,window_diameter,0.5,3.8159957115600633,1.0,0.019634954084936207,0.005890486225480862,5.890486225480862,0.005890486225480862,5.890486225480862,0.22478070175438594,224.78070175438594,0.02945243112740431,29.45243112740431,5.890486225480862
E,10.0,78.53981633974483,0.5,0.19634954084936207,0.1,0.3,68.94736842105263,3600.0,19.152046783625728,63.8401559454191,derived_from_throughput,0.812838110917672,8.12838110917672,0.1,window_diameter,0.5,0.0812838110917672,0.1625676221835344,0.019634954084936207,0.005890486225480862,5.890486225480862,0.0009576023391812864,0.9576023391812863,0.004788011695906432,4.788011695906432,0.0005890486225480862,0.5890486225480862,0.9576023391812863
E,10.0,78.53981633974483,0.5,0.19634954084936207,0.1,0.3,68.94736842105263,3600.0,19.152046783625728,63.8401559454191,derived_from_throughput,0.812838110917672,8.12838110917672,0.35789473684210527,window_diameter,0.5,0.2909104818021142,0.5818209636042284,0.019634954084936207,0.005890486225480862,5.890486225480862,0.0034272083718067093,3.4272083718067092,0.017136041859033547,17.136041859033547,0.002108174017540519,2.108174017540519,3.4272083718067092
E,10.0,78.53981633974483,0.5,0.19634954084936207,0.1,0.3,68.94736842105263,3600.0,19.152046783625728,63.8401559454191,derived_from_throughput,0.812838110917672,8.12838110917672,0.6157894736842106,window_diameter,0.5,0.5005371525124612,1.0,0.019634954084936207,0.005890486225480862,5.890486225480862,0.005890486225480862,5.890486225480862,0.029484072022160662,29.484072022160664,0.003627299412532952,3.627299412532952,5.890486225480862
E,10.0,78.53981633974483,0.5,0.19634954084936207,0.1,0.3,68.94736842105263,3600.0,19.152046783625728,63.8401559454191,derived_from_throughput,0.812838110917672,8.12838110917672,0.8736842105263158,window_diameter,0.5,0.7101638232228082,1.0,0.019634954084936207,0.005890486225480862,5.890486225480862,0.005890486225480862,5.890486225480862,0.04183210218528778,41.83210218528778,0.005146424807525384,5.146424807525384,5.890486225480862
E,10.0,78.53981633974483,0.5,0.19634954084936207,0.1,0.3,68.94736842105263,3600.0,19.152046783625728,63.8401559454191,derived_from_throughput,0.812838110917672,8.12838110917672,1.1315789473684212,window_diameter,0.5,0.9197904939331553,1.0,0.019634954084936207,0.005890486225480862,5.890486225480862,0.005890486225480862,5.890486225480862,0.0541801323484149,54.1801323484149,0.006665550202517819,6.665550202517819,5.890486225480862
E,10.0,78.53981633974483,0.5,0.19634954084936207,0.1,0.3,68.94736842105263,3600.0,19.152046783625728,63.8401559454191,derived_from_throughput,0.812838110917672,8.12838110917672,1.3894736842105266,window_diameter,0.5,1.1294171646435025,1.0,0.019634954084936207,0.005890486225480862,5.890486225480862,0.005890486225480862,5.890486225480862,0.06652816251154202,66.52816251154202,0.008184675597510252,8.184675597510251,5.890486225480862
E,10.0,78.53981633974483,0.5,0.19634954084936207,0.1,0.3,68.94736842105263,3600.0,19.152046783625728,63.8401559454191,derived_from_throughput,0.812838110917672,8.12838110917672,1.6473684210526318,window_diameter,0.5,1.3390438353538494,1.0,0.019634954084936207,0.005890486225480862,5.890486225480862,0.005890486225480862,5.890486225480862,0.07887619267466912,78.87619267466913,0.009703800992502684,9.703800992502684,5.890486225480862
E,10.0,78.53981633974483,0.5,0.19634954084936207,0.1,0.3,68.94736842105263,3600.0,19.152046783625728,63.8401559454191,derived_from_throughput,0.812838110917672,8.12838110917672,1.905263157894737,window_diameter,0.5,1.5486705060641963,1.0,0.019634954084936207,0.005890486225480862,5.890486225480862,0.005890486225480862,5.890486225480862,0.09122422283779624,91.22422283779625,0.011222926387495117,11.222926387495116,5.890486225480862
E,10.0,78.53981633974483,0.5,0.19634954084936207,0.1,0.3,68.94736842105263,3600.0,19.152046783625728,63.8401559454191,derived_from_throughput,0.812838110917672,8.12838110917672,2.1631578947368424,window_diameter,0.5,1.7582971767745434,1.0,0.019634954084936207,0.005890486225480862,5.890486225480862,0.005890486225480862,5.890486225480862,0.10357225300092336,103.57225300092337,0.01274205178248755,12.74205178248755,5.890486225480862
E,10.0,78.53981633974483,0.5,0.19634954084936207,0.1,0.3,68.94736842105263,3600.0,19.152046783625728,63.8401559454191,derived_from_throughput,0.812838110917672,8.12838110917672,2.421052631578948,window_diameter,0.5,1.9679238474848904,1.0,0.019634954084936207,0.005890486225480862,5.890486225480862,0.005890486225480862,5.890486225480862,0.11592028316405048,115.92028316405047,0.014261177177479984,14.261177177479984,5.890486225480862
E,10.0,78.53981633974483,0.5,0.19634954084936207,0.1,0.3,68.94736842105263,3600.0,19.152046783625728,63.8401559454191,derived_from_throughput,0.812838110917672,8.12838110917672,2.678947368421053,window_diameter,0.5,2.1775505181952375,1.0,0.019634954084936207,0.005890486225480862,5.890486225480862,0.005890486225480862,5.890486225480862,0.1282683133271776,128.26831332717762,0.015780302572472416,15.780302572472417,5.890486225480862
E,10.0,78.53981633974483,0.5,0.19634954084936207,0.1,0.3,68.94736842105263,3600.0,19.152046783625728,63.8401559454191,derived_from_throughput,0.812838110917672,8.12838110917672,2.936842105263158,window_diameter,0.5,2.3871771889055844,1.0,0.019634954084936207,0.005890486225480862,5.890486225480862,0.005890486225480862,5.890486225480862,0.1406163434903047,140.6163434903047,0.017299427967464847,17.299427967464847,5.890486225480862
E,10.0,78.53981633974483,0.5,0.19634954084936207,0.1,0.3,68.94736842105263,3600.0,19.152046783625728,63.8401559454191,derived_from_throughput,0.812838110917672,8.12838110917672,3.1947368421052635,window_diameter,0.5,2.5968038596159313,1.0,0.019634954084936207,0.005890486225480862,5.890486225480862,0.005890486225480862,5.890486225480862,0.15296437365343182,152.96437365343184,0.01881855336245728,18.81855336245728,5.890486225480862
E,10.0,78.53981633974483,0.5,0.19634954084936207,0.1,0.3,68.94736842105263,3600.0,19.152046783625728,63.8401559454191,derived_from_throughput,0.812838110917672,8.12838110917672,3.452631578947369,window_diameter,0.5,2.8064305303262786,1.0,0.019634954084936207,0.005890486225480862,5.890486225480862,0.005890486225480862,5.890486225480862,0.16531240381655896,165.31240381655897,0.020337678757449715,20.337678757449716,5.890486225480862
E,10.0,78.53981633974483,0.5,0.19634954084936207,0.1,0.3,68.94736842105263,3600.0,19.152046783625728,63.8401559454191,derived_from_throughput,0.812838110917672,8.12838110917672,3.710526315789474,window_diameter,0.5,3.016057201036625,1.0,0.019634954084936207,0.005890486225480862,5.890486225480862,0.005890486225480862,5.890486225480862,0.17766043397968603,177.66043397968605,0.021856804152442146,21.856804152442145,5.890486225480862
E,10.0,78.53981633974483,0.5,0.19634954084936207,0.1,0.3,68.94736842105263,3600.0,19.152046783625728,63.8401559454191,derived_from_throughput,0.812838110917672,8.12838110917672,3.9684210526315793,window_diameter,0.5,3.2256838717469725,1.0,0.019634954084936207,0.005890486225480862,5.890486225480862,0.005890486225480862,5.890486225480862,0.19000846414281317,190.00846414281315,0.02337592954743458,23.37592954743458,5.890486225480862
E,10.0,78.53981633974483,0.5,0.19634954084936207,0.1,0.3,68.94736842105263,3600.0,19.152046783625728,63.8401559454191,derived_from_throughput,0.812838110917672,8.12838110917672,4.226315789473684,window_diameter,0.5,3.435310542457319,1.0,0.019634954084936207,0.005890486225480862,5.890486225480862,0.005890486225480862,5.890486225480862,0.20235649430594027,202.35649430594026,0.02489505494242701,24.895054942427013,5.890486225480862
E,10.0,78.53981633974483,0.5,0.19634954084936207,0.1,0.3,68.94736842105263,3600.0,19.152046783625728,63.8401559454191,derived_from_throughput,0.812838110917672,8.12838110917672,4.484210526315789,window_diameter,0.5,3.644937213167666,1.0,0.019634954084936207,0.005890486225480862,5.890486225480862,0.005890486225480862,5.890486225480862,0.21470452446906738,214.70452446906737,0.026414180337419442,26.41418033741944,5.890486225480862
E,10.0,78.53981633974483,0.5,0.19634954084936207,0.1,0.3,68.94736842105263,3600.0,19.152046783625728,63.8401559454191,derived_from_throughput,0.812838110917672,8.12838110917672,4.742105263157895,window_diameter,0.5,3.854563883878013,1.0,0.019634954084936207,0.005890486225480862,5.890486225480862,0.005890486225480862,5.890486225480862,0.2270525546321945,227.0525546321945,0.027933305732411876,27.933305732411878,5.890486225480862
E,10.0,78.53981633974483,0.5,0.19634954084936207,0.1,0.3,68.94736842105263,3600.0,19.152046783625728,63.8401559454191,derived_from_throughput,0.812838110917672,8.12838110917672,5.0,window_diameter,0.5,4.06419055458836,1.0,0.019634954084936207,0.005890486225480862,5.890486225480862,0.005890486225480862,5.890486225480862,0.2394005847953216,239.4005847953216,0.02945243112740431,29.45243112740431,5.890486225480862
E,10.0,78.53981633974483,0.5,0.19634954084936207,0.1,0.3,73.15789473684211,3600.0,20.321637426900587,67.73879142300196,derived_from_throughput,0.8624770795233315,8.624770795233315,0.1,window_diameter,0.5,0.08624770795233316,0.17249541590466633,0.019634954084936207,0.005890486225480862,5.890486225480862,0.0010160818713450294,1.0160818713450295,0.005080409356725147,5.080409356725147,0.0005890486225480862,0.5890486225480862,1.0160818713450295
E,10.0,78.53981633974483,0.5,0.19634954084936207,0.1,0.3,73.15789473684211,3600.0,20.321637426900587,67.73879142300196,derived_from_throughput,0.8624770795233315,8.624770795233315,0.35789473684210527,window_diameter,0.5,0.3086760074083502,0.6173520148167004,0.019634954084936207,0.005890486225480862,5.890486225480862,0.003636503539550631,3.6365035395506307,0.018182517697753156,18.182517697753156,0.002108174017540519,2.108174017540519,3.6365035395506307
E,10.0,78.53981633974483,0.5,0.19634954084936207,0.1,0.3,73.15789473684211,3600.0,20.321637426900587,67.73879142300196,derived_from_throughput,0.8624770795233315,8.624770795233315,0.6157894736842106,window_diameter,0.5,0.5311043068643674,1.0,0.019634954084936207,0.005890486225480862,5.890486225480862,0.005890486225480862,5.890486225480862,0.03128462603878117,31.28462603878117,0.003627299412532952,3.627299412532952,5.890486225480862
E,10.0,78.53981633974483,0.5,0.19634954084936207,0.1,0.3,73.15789473684211,3600.0,20.321637426900587,67.73879142300196,derived_from_throughput,0.8624770795233315,8.624770795233315,0.8736842105263158,window_diameter,0.5,0.7535326063203844,1.0,0.019634954084936207,0.005890486225480862,5.890486225480862,0.005890486225480862,5.890486225480862,0.044386734379809174,44.38673437980918,0.005146424807525384,5.146424807525384,5.890486225480862
E,10.0,78.53981633974483,0.5,0.19634954084936207,0.1,0.3,73.15789473684211,3600.0,20.321637426900587,67.73879142300196,derived_from_throughput,0.8624770795233315,8.624770795233315,1.1315789473684212,window_diameter,0.5,0.9759609057764016,1.0,0.019634954084936207,0.005890486225480862,5.890486225480862,0.005890486225480862,5.890486225480862,0.057488842720837194,57.48884272083719,0.006665550202517819,6.665550202517819,5.890486225480862
E,10.0,78.53981633974483,0.5,0.19634954084936207,0.1,0.3,73.15789473684211,3600.0,20.321637426900587,67.73879142300196,derived_from_throughput,0.8624770795233315,8.624770795233315,1.3894736842105266,window_diameter,0.5,1.1983892052324188,1.0,0.019634954084936207,0.005890486225480862,5.890486225480862,0.005890486225480862,5.890486225480862,0.0705909510618652,70.59095106186521,0.008184675597510252,8.184675597510251,5.890486225480862
E,10.0,78.53981633974483,0.5,0.19634954084936207,0.1,0.3,73.15789473684211,3600.0,20.321637426900587,67.73879142300196,derived_from_throughput,0.8624770795233315,8.624770795233315,1.6473684210526318,window_diameter,0.5,1.420817504688436,1.0,0.019634954084936207,0.005890486225480862,5.890486225480862,0.005890486225480862,5.890486225480862,0.0836930594028932,83.69305940289321,0.009703800992502684,9.703800992502684,5.890486225480862
E,10.0,78.53981633974483,0.5,0.19634954084936207,0.1,0.3,73.15789473684211,3600.0,20.321637426900587,67.73879142300196,derived_from_throughput,0.8624770795233315,8.624770795233315,1.905263157894737,window_diameter,0.5,1.6432458041444529,1.0,0.019634954084936207,0.005890486225480862,5.890486225480862,0.005890486225480862,5.890486225480862,0.09679516774392122,96.79516774392121,0.011222926387495117,11.222926387495116,5.890486225480862
E,10.0,78.53981633974483,0.5,0.19634954084936207,0.1,0.3,73.15789473684211,3600.0,20.321637426900587,67.73879142300196,derived_from_throughput,0.8624770795233315,8.624770795233315,2.1631578947368424,window_diameter,0.5,1.86567410360047,1.0,0.019634954084936207,0.005890486225480862,5.890486225480862,0.005890486225480862,5.890486225480862,0.10989727608494923,109.89727608494923,0.01274205178248755,12.74205178248755,5.890486225480862
E,10.0,78.53981633974483,0.5,0.19634954084936207,0.1,0.3,73.15789473684211,3600.0,20.321637426900587,67.73879142300196,derived_from_throughput,0.8624770795233315,8.624770795233315,2.421052631578948,window_diameter,0.5,2.0881024030564874,1.0,0.019634954084936207,0.005890486225480862,5.890486225480862,0.005890486225480862,5.890486225480862,0.12299938442597724,122.99938442597724,0.014261177177479984,14.261177177479984,5.890486225480862
E,10.0,78.53981633974483,0.5,0.19634954084936207,0.1,0.3,73.15789473684211,3600.0,20.321637426900587,67.73879142300196,derived_from_throughput,0.8624770795233315,8.624770795233315,2.678947368421053,window_diameter,0.5,2.3105307025125046,1.0,0.019634954084936207,0.005890486225480862,5.890486225480862,0.005890486225480862,5.890486225480862,0.13610149276700526,136.10149276700525,0.015780302572472416,15.780302572472417,5.890486225480862
E,10.0,78.53981633974483,0.5,0.19634954084936207,0.1,0.3,73.15789473684211,3600.0,20.321637426900587,67.73879142300196,derived_from_throughput,0.8624770795233315,8.624770795233315,2.936842105263158,window_diameter,0.5,2.5329590019685213,1.0,0.019634954084936207,0.005890486225480862,5.890486225480862,0.005890486225480862,5.890486225480862,0.14920360110803327,149.20360110803327,0.017299427967464847,17.299427967464847,5.890486225480862
E,10.0,78.53981633974483,0.5,0.19634954084936207,0.1,0.3,73.15789473684211,3600.0,20.321637426900587,67.73879142300196,derived_from_throughput,0.8624770795233315,8.624770795233315,3.1947368421052635,window_diameter,0.5,2.7553873014245385,1.0,0.019634954084936207,0.005890486225480862,5.890486225480862,0.005890486225480862,5.890486225480862,0.16230570944906128,162.30570944906128,0.01881855336245728,18.81855336245728,5.890486225480862
E,10.0,78.53981633974483,0.5,0.19634954084936207,0.1,0.3,73.15789473684211,3600.0,20.321637426900587,67.73879142300196,derived_from_throughput,0.8624770795233315,8.624770795233315,3.452631578947369,window_diameter,0.5,2.9778156008805556,1.0,0.019634954084936207,0.005890486225480862,5.890486225480862,0.005890486225480862,5.890486225480862,0.1754078177900893,175.4078177900893,0.020337678757449715,20.337678757449716,5.890486225480862
E,10.0,78.53981633974483,0.5,0.19634954084936207,0.1,0.3,73.15789473684211,3600.0,20.321637426900587,67.73879142300196,derived_from_throughput,0.8624770795233315,8.624770795233315,3.710526315789474,window_diameter,0.5,3.2002439003365724,1.0,0.019634954084936207,0.005890486225480862,5.890486225480862,0.005890486225480862,5.890486225480862,0.18850992613111728,188.50992613111728,0.021856804152442146,21.856804152442145,5.890486225480862
E,10.0,78.53981633974483,0.5,0.19634954084936207,0.1,0.3,73.15789473684211,3600.0,20.321637426900587,67.73879142300196,derived_from_throughput,0.8624770795233315,8.624770795233315,3.9684210526315793,window_diameter,0.5,3.4226721997925895,1.0,0.019634954084936207,0.005890486225480862,5.890486225480862,0.005890486225480862,5.890486225480862,0.2016120344721453,201.6120344721453,0.02337592954743458,23.37592954743458,5.890486225480862
E,10.0,78.53981633974483,0.5,0.19634954084936207,0.1,0.3,73.15789473684211,3600.0,20.321637426900587,67.73879142300196,derived_from_throughput,0.8624770795233315,8.624770795233315,4.226315789473684,window_diameter,0.5,3.6451004992486062,1.0,0.019634954084936207,0.005890486225480862,5.890486225480862,0.005890486225480862,5.890486225480862,0.21471414281317328,214.71414281317328,0.02489505494242701,24.895054942427013,5.890486225480862
E,10.0,78.53981633974483,0.5,0.19634954084936207,0.1,0.3,73.15789473684211,3600.0,20.321637426900587,67.73879142300196,derived_from_throughput,0.8624770795233315,8.624770795233315,4.484210526315789,window_diameter,0.5,3.8675287987046234,1.0,0.019634954084936207,0.005890486225480862,5.890486225480862,0.005890486225480862,5.890486225480862,0.2278162511542013,227.8162511542013,0.026414180337419442,26.41418033741944,5.890486225480862
E,10.0,78.53981633974483,0.5,0.19634954084936207,0.1,0.3,73.15789473684211,3600.0,20.321637426900587,67.73879142300196,derived_from_throughput,0.8624770795233315,8.624770795233315,4.742105263157895,window_diameter,0.5,4.089957098160641,1.0,0.019634954084936207,0.005890486225480862,5.890486225480862,0.005890486225480862,5.890486225480862,0.24091835949522933,240.91835949522934,0.027933305732411876,27.933305732411878,5.890486225480862
E,10.0,78.53981633974483,0.5,0.19634954084936207,0.1,0.3,73.15789473684211,3600.0,20.321637426900587,67.73879142300196,derived_from_throughput,0.8624770795233315,8.624770795233315,5.0,window_diameter,0.5,4.312385397616658,1.0,0.019634954084936207,0.005890486225480862,5.890486225480862,0.005890486225480862,5.890486225480862,0.2540204678362573,254.02046783625732,0.02945243112740431,29.45243112740431,5.890486225480862
E,10.0,78.53981633974483,0.5,0.19634954084936207,0.1,0.3,77.36842105263158,3600.0,21.49122807017544,71.6374269005848,derived_from_throughput,0.9121160481289908,9.121160481289909,0.1,window_diameter,0.5,0.09121160481289908,0.18242320962579817,0.019634954084936207,0.005890486225480862,5.890486225480862,0.0010745614035087719,1.0745614035087718,0.00537280701754386,5.37280701754386,0.0005890486225480862,0.5890486225480862,1.0745614035087718
E,10.0,78.53981633974483,0.5,0.19634954084936207,0.1,0.3,77.36842105263158,3600.0,21.49122807017544,71.6374269005848,derived_from_throughput,0.9121160481289908,9.121160481289909,0.35789473684210527,window_diameter,0.5,0.32644153301458617,0.6528830660291723,0.019634954084936207,0.005890486225480862,5.890486225480862,0.0038457987072945516,3.8457987072945516,0.019228993536472762,19.22899353647276,0.002108174017540519,2.108174017540519,3.8457987072945516
E,10.0,78.53981633974483,0.5,0.19634954084936207,0.1,0.3,77.36842105263158,3600.0,21.49122807017544,71.6374269005848,derived_from_throughput,0.9121160481289908,9.121160481289909,0.6157894736842106,window_diameter,0.5,0.5616714612162733,1.0,0.019634954084936207,0.005890486225480862,5.890486225480862,0.005890486225480862,5.890486225480862,0.03308518005540166,33.08518005540166,0.003627299412532952,3.627299412532952,5.890486225480862
E,10.0,78.53981633974483,0.5,0.19634954084936207,0.1,0.3,77.36842105263158,3600.0,21.49122807017544,71.6374269005848,derived_from_throughput,0.9121160481289908,9.121160481289909,0.8736842105263158,window_diameter,0.5,0.7969013894179604,1.0,0.019634954084936207,0.005890486225480862,5.890486225480862,0.005890486225480862,5.890486225480862,0.04694136657433057,46.941366574330566,0.005146424807525384,5.146424807525384,5.890486225480862
E,10.0,78.53981633974483,0.5,0.19634954084936207,0.1,0.3,77.36842105263158,3600.0,21.49122807017544,71.6374269005848,derived_from_throughput,0.9121160481289908,9.121160481289909,1.1315789473684212,window_diameter,0.5,1.0321313176196476,1.0,0.019634954084936207,0.005890486225480862,5.890486225480862,0.005890486225480862,5.890486225480862,0.060797553093259474,60.797553093259474,0.006665550202517819,6.665550202517819,5.890486225480862
E,10.0,78.53981633974483,0.5,0.19634954084936207,0.1,0.3,77.36842105263158,3600.0,21.49122807017544,71.6374269005848,derived_from_throughput,0.9121160481289908,9.121160481289909,1.3894736842105266,window_diameter,0.5,1.267361245821335,1.0,0.019634954084936207,0.005890486225480862,5.890486225480862,0.005890486225480862,5.890486225480862,0.07465373961218838,74.65373961218837,0.008184675597510252,8.184675597510251,5.890486225480862
E,10.0,78.53981633974483,0.5,0.19634954084936207,0.1,0.3,77.36842105263158,3600.0,21.49122807017544,71.6374269005848,derived_from_throughput,0.9121160481289908,9.121160481289909,1.6473684210526318,window_diameter,0.5,1.502591174023022,1.0,0.019634954084936207,0.005890486225480862,5.890486225480862,0.005890486225480862,5.890486225480862,0.08850992613111729,88.50992613111728,0.009703800992502684,9.703800992502684,5.890486225480862
E,10.0,78.53981633974483,0.5,0.19634954084936207,0.1,0.3,77.36842105263158,3600.0,21.49122807017544,71.6374269005848,derived_from_throughput,0.9121160481289908,9.121160481289909,1.905263157894737,window_diameter,0.5,1.737821102224709,1.0,0.019634954084936207,0.005890486225480862,5.890486225480862,0.005890486225480862,5.890486225480862,0.10236611265004618,102.36611265004618,0.011222926387495117,11.222926387495116,5.890486225480862
E,10.0,78.53981633974483,0.5,0.19634954084936207,0.1,0.3,77.36842105263158,3600.0,21.49122807017544,71.6374269005848,derived_from_throughput,0.9121160481289908,9.121160481289909,2.1631578947368424,window_diameter,0.5,1.9730510304263962,1.0,0.019634954084936207,0.005890486225480862,5.890486225480862,0.005890486225480862,5.890486225480862,0.11622229916897509,116.22229916897508,0.01274205178248755,12.74205178248755,5.890486225480862
E,10.0,78.53981633974483,0.5,0.19634954084936207,0.1,0.3,77.36842105263158,3600.0,21.49122807017544,71.6374269005848,derived_from_throughput,0.9121160481289908,9.121160481289909,2.421052631578948,window_diameter,0.5,2.2082809586280834,1.0,0.019634954084936207,0.005890486225480862,5.890486225480862,0.005890486225480862,5.890486225480862,0.130078485687904,130.078485687904,0.014261177177479984,14.261177177479984,5.890486225480862
E,10.0,78.53981633974483,0.5,0.19634954084936207,0.1,0.3,77.36842105263158,3600.0,21.49122807017544,71.6374269005848,derived_from_throughput,0.9121160481289908,9.121160481289909,2.678947368421053,window_diameter,0.5,2.443510886829771,1.0,0.019634954084936207,0.005890486225480862,5.890486225480862,0.005890486225480862,5.890486225480862,0.1439346722068329,143.9346722068329,0.015780302572472416,15.780302572472417,5.890486225480862
E,10.0,78.53981633974483,0.5,0.19634954084936207,0.1,0.3,77.36842105263158,3600.0,21.49122807017544,71.6374269005848,derived_from_throughput,0.9121160481289908,9.121160481289909,2.936842105263158,window_diameter,0.5,2.6787408150314573,1.0,0.019634954084936207,0.005890486225480862,5.890486225480862,0.005890486225480862,5.890486225480862,0.1577908587257618,157.79085872576178,0.017299427967464847,17.299427967464847,5.890486225480862
E,10.0,78.53981633974483,0.5,0.19634954084936207,0.1,0.3,77.36842105263158,3600.0,21.49122807017544,71.6374269005848,derived_from_throughput,0.9121160481289908,9.121160481289909,3.1947368421052635,window_diameter,0.5,2.9139707432331448,1.0,0.019634954084936207,0.005890486225480862,5.890486225480862,0.005890486225480862,5.890486225480862,0.17164704524469068,171.64704524469067,0.01881855336245728,18.81855336245728,5.890486225480862
E,10.0,78.53981633974483,0.5,0.19634954084936207,0.1,0.3,77.36842105263158,3600.0,21.49122807017544,71.6374269005848,derived_from_throughput,0.9121160481289908,9.121160481289909,3.452631578947369,window_diameter,0.5,3.149200671434832,1.0,0.019634954084936207,0.005890486225480862,5.890486225480862,0.005890486225480862,5.890486225480862,0.1855032317636196,185.5032317636196,0.020337678757449715,20.337678757449716,5.890486225480862
E,10.0,78.53981633974483,0.5,0.19634954084936207,0.1,0.3,77.36842105263158,3600.0,21.49122807017544,71.6374269005848,derived_from_throughput,0.9121160481289908,9.121160481289909,3.710526315789474,window_diameter,0.5,3.3844305996365187,1.0,0.019634954084936207,0.005890486225480862,5.890486225480862,0.005890486225480862,5.890486225480862,0.1993594182825485,199.3594182825485,0.021856804152442146,21.856804152442145,5.890486225480862
E,10.0,78.53981633974483,0.5,0.19634954084936207,0.1,0.3,77.36842105263158,3600.0,21.49122807017544,71.6374269005848,derived_from_throughput,0.9121160481289908,9.121160481289909,3.9684210526315793,window_diameter,0.5,3.619660527838206,1.0,0.019634954084936207,0.005890486225480862,5.890486225480862,0.005890486225480862,5.890486225480862,0.2132156048014774,213.21560480147738,0.02337592954743458,23.37592954743458,5.890486225480862
E,10.0,78.53981633974483,0.5,0.19634954084936207,0.1,0.3,77.36842105263158,3600.0,21.49122807017544,71.6374269005848,derived_from_throughput,0.9121160481289908,9.121160481289909,4.226315789473684,window_diameter,0.5,3.8548904560398927,1.0,0.019634954084936207,0.005890486225480862,5.890486225480862,0.005890486225480862,5.890486225480862,0.22707179132040628,227.07179132040628,0.02489505494242701,24.895054942427013,5.890486225480862
E,10.0,78.53981633974483,0.5,0.19634954084936207,0.1,0.3,77.36842105263158,3600.0,21.49122807017544,71.6374269005848,derived_from_throughput,0.9121160481289908,9.121160481289909,4.484210526315789,window_diameter,0.5,4.09012038424158,1.0,0.019634954084936207,0.005890486225480862,5.890486225480862,0.005890486225480862,5.890486225480862,0.24092797783933517,240.92797783933517,0.026414180337419442,26.41418033741944,5.890486225480862
E,10.0,78.53981633974483,0.5,0.19634954084936207,0.1,0.3,77.36842105263158,3600.0,21.49122807017544,71.6374269005848,derived_from_throughput,0.9121160481289908,9.121160481289909,4.742105263157895,window_diameter,0.5,4.325350312443267,1.0,0.019634954084936207,0.005890486225480862,5.890486225480862,0.005890486225480862,5.890486225480862,0.2547841643582641,254.78416435826412,0.027933305732411876,27.933305732411878,5.890486225480862
E,10.0,78.53981633974483,0.5,0.19634954084936207,0.1,0.3,77.36842105263158,3600.0,21.49122807017544,71.6374269005848,derived_from_throughput,0.9121160481289908,9.121160481289909,5.0,window_diameter,0.5,4.5605802406449545,1.0,0.019634954084936207,0.005890486225480862,5.890486225480862,0.005890486225480862,5.890486225480862,0.26864035087719296,268.64035087719293,0.02945243112740431,29.45243112740431,5.890486225480862
E,10.0,78.53981633974483,0.5,0.19634954084936207,0.1,0.3,81.57894736842105,3600.0,22.660818713450293,75.53606237816764,derived_from_throughput,0.9617550167346501,9.6175501673465,0.1,window_diameter,0.5,0.09617550167346502,0.19235100334693003,0.019634954084936207,0.005890486225480862,5.890486225480862,0.0011330409356725146,1.1330409356725146,0.005665204678362573,5.6652046783625725,0.0005890486225480862,0.5890486225480862,1.1330409356725146
E,10.0,78.53981633974483,0.5,0.19634954084936207,0.1,0.3,81.57894736842105,3600.0,22.660818713450293,75.53606237816764,derived_from_throughput,0.9617550167346501,9.6175501673465,0.35789473684210527,window_diameter,0.5,0.3442070586208222,0.6884141172416444,0.019634954084936207,0.005890486225480862,5.890486225480862,0.004055093875038473,4.055093875038473,0.020275469375192364,20.275469375192365,0.002108174017540519,2.108174017540519,4.055093875038473
E,10.0,78.53981633974483,0.5,0.19634954084936207,0.1,0.3,81.57894736842105,3600.0,22.660818713450293,75.53606237816764,derived_from_throughput,0.9617550167346501,9.6175501673465,0.6157894736842106,window_diameter,0.5,0.5922386155681794,1.0,0.019634954084936207,0.005890486225480862,5.890486225480862,0.005890486225480862,5.890486225480862,0.03488573407202216,34.88573407202216,0.003627299412532952,3.627299412532952,5.890486225480862
E,10.0,78.53981633974483,0.5,0.19634954084936207,0.1,0.3,81.57894736842105,3600.0,22.660818713450293,75.53606237816764,derived_from_throughput,0.9617550167346501,9.6175501673465,0.8736842105263158,window_diameter,0.5,0.8402701725155365,1.0,0.019634954084936207,0.005890486225480862,5.890486225480862,0.005890486225480862,5.890486225480862,0.049495998768851954,49.495998768851955,0.005146424807525384,5.146424807525384,5.890486225480862
E,10.0,78.53981633974483,0.5,0.19634954084936207,0.1,0.3,81.57894736842105,3600.0,22.660818713450293,75.53606237816764,derived_from_throughput,0.9617550167346501,9.6175501673465,1.1315789473684212,window_diameter,0.5,1.0883017294628938,1.0,0.019634954084936207,0.005890486225480862,5.890486225480862,0.005890486225480862,5.890486225480862,0.06410626346568175,64.10626346568175,0.006665550202517819,6.665550202517819,5.890486225480862
E,10.0,78.53981633974483,0.5,0.19634954084936207,0.1,0.3,81.57894736842105,3600.0,22.660818713450293,75.53606237816764,derived_from_throughput,0.9617550167346501,9.6175501673465,1.3894736842105266,window_diameter,0.5,1.336333286410251,1.0,0.019634954084936207,0.005890486225480862,5.890486225480862,0.005890486225480862,5.890486225480862,0.07871652816251155,78.71652816251155,0.008184675597510252,8.184675597510251,5.890486225480862
E,10.0,78.53981633974483,0.5,0.19634954084936207,0.1,0.3,81.57894736842105,3600.0,22.660818713450293,75.53606237816764,derived_from_throughput,0.9617550167346501,9.6175501673465,1.6473684210526318,window_diameter,0.5,1.584364843357608,1.0,0.019634954084936207,0.005890486225480862,5.890486225480862,0.005890486225480862,5.890486225480862,0.09332679285934134,93.32679285934134,0.009703800992502684,9.703800992502684,5.890486225480862
E,10.0,78.53981633974483,0.5,0.19634954084936207,0.1,0.3,81.57894736842105,3600.0,22.660818713450293,75.53606237816764,derived_from_throughput,0.9617550167346501,9.6175501673465,1.905263157894737,window_diameter,0.5,1.832396400304965,1.0,0.019634954084936207,0.005890486225480862,5.890486225480862,0.005890486225480862,5.890486225480862,0.10793705755617113,107.93705755617113,0.011222926387495117,11.222926387495116,5.890486225480862
E,10.0,78.53981633974483,0.5,0.19634954084936207,0.1,0.3,81.57894736842105,3600.0,22.660818713450293,75.53606237816764,derived_from_throughput,0.9617550167346501,9.6175501673465,2.1631578947368424,window_diameter,0.5,2.0804279572523225,1.0,0.019634954084936207,0.005890486225480862,5.890486225480862,0.005890486225480862,5.890486225480862,0.12254732225300093,122.54732225300093,0.01274205178248755,12.74205178248755,5.890486225480862
E,10.0,78.53981633974483,0.5,0.19634954084936207,0.1,0.3,81.57894736842105,3600.0,22.660818713450293,75.53606237816764,derived_from_throughput,0.9617550167346501,9.6175501673465,2.421052631578948,window_diameter,0.5,2.32845951419968,1.0,0.019634954084936207,0.005890486225480862,5.890486225480862,0.005890486225480862,5.890486225480862,0.1371575869498307,137.15758694983072,0.014261177177479984,14.261177177479984,5.890486225480862
E,10.0,78.53981633974483,0.5,0.19634954084936207,0.1,0.3,81.57894736842105,3600.0,22.660818713450293,75.53606237816764,derived_from_throughput,0.9617550167346501,9.6175501673465,2.678947368421053,window_diameter,0.5,2.576491071147037,1.0,0.019634954084936207,0.005890486225480862,5.890486225480862,0.005890486225480862,5.890486225480862,0.1517678516466605,151.76785164666052,0.015780302572472416,15.780302572472417,5.890486225480862
E,10.0,78.53981633974483,0.5,0.19634954084936207,0.1,0.3,81.57894736842105,3600.0,22.660818713450293,75.53606237816764,derived_from_throughput,0.9617550167346501,9.6175501673465,2.936842105263158,window_diameter,0.5,2.824522628094394,1.0,0.019634954084936207,0.005890486225480862,5.890486225480862,0.005890486225480862,5.890486225480862,0.1663781163434903,166.37811634349032,0.017299427967464847,17.299427967464847,5.890486225480862
E,10.0,78.53981633974483,0.5,0.19634954084936207,0.1,0.3,81.57894736842105,3600.0,22.660818713450293,75.53606237816764,derived_from_throughput,0.9617550167346501,9.6175501673465,3.1947368421052635,window_diameter,0.5,3.072554185041751,1.0,0.019634954084936207,0.005890486225480862,5.890486225480862,0.005890486225480862,5.890486225480862,0.1809883810403201,180.98838104032012,0.01881855336245728,18.81855336245728,5.890486225480862
E,10.0,78.53981633974483,0.5,0.19634954084936207,0.1,0.3,81.57894736842105,3600.0,22.660818713450293,75.53606237816764,derived_from_throughput,0.9617550167346501,9.6175501673465,3.452631578947369,window_diameter,0.5,3.3205857419891083,1.0,0.019634954084936207,0.005890486225480862,5.890486225480862,0.005890486225480862,5.890486225480862,0.1955986457371499,195.59864573714992,0.020337678757449715,20.337678757449716,5.890486225480862
E,10.0,78.53981633974483,0.5,0.19634954084936207,0.1,0.3,81.57894736842105,3600.0,22.660818713450293,75.53606237816764,derived_from_throughput,0.9617550167346501,9.6175501673465,3.710526315789474,window_diameter,0.5,3.568617298936465,1.0,0.019634954084936207,0.005890486225480862,5.890486225480862,0.005890486225480862,5.890486225480862,0.21020891043397968,210.2089104339797,0.021856804152442146,21.856804152442145,5.890486225480862
E,10.0,78.53981633974483,0.5,0.19634954084936207,0.1,0.3,81.57894736842105,3600.0,22.660818713450293,75.53606237816764,derived_from_throughput,0.9617550167346501,9.6175501673465,3.9684210526315793,window_diameter,0.5,3.8166488558838223,1.0,0.019634954084936207,0.005890486225480862,5.890486225480862,0.005890486225480862,5.890486225480862,0.22481917513080948,224.8191751308095,0.02337592954743458,23.37592954743458,5.890486225480862
E,10.0,78.53981633974483,0.5,0.19634954084936207,0.1,0.3,81.57894736842105,3600.0,22.660818713450293,75.53606237816764,derived_from_throughput,0.9617550167346501,9.6175501673465,4.226315789473684,window_diameter,0.5,4.064680412831179,1.0,0.019634954084936207,0.005890486225480862,5.890486225480862,0.005890486225480862,5.890486225480862,0.23942943982763926,239.42943982763924,0.02489505494242701,24.895054942427013,5.890486225480862
E,10.0,78.53981633974483,0.5,0.19634954084936207,0.1,0.3,81.57894736842105,3600.0,22.660818713450293,75.53606237816764,derived_from_throughput,0.9617550167346501,9.6175501673465,4.484210526315789,window_diameter,0.5,4.312711969778536,1.0,0.019634954084936207,0.005890486225480862,5.890486225480862,0.005890486225480862,5.890486225480862,0.254039704524469,254.039704524469,0.026414180337419442,26.41418033741944,5.890486225480862
E,10.0,78.53981633974483,0.5,0.19634954084936207,0.1,0.3,81.57894736842105,3600.0,22.660818713450293,75.53606237816764,derived_from_throughput,0.9617550167346501,9.6175501673465,4.742105263157895,window_diameter,0.5,4.560743526725894,1.0,0.019634954084936207,0.005890486225480862,5.890486225480862,0.005890486225480862,5.890486225480862,0.26864996922129886,268.6499692212989,0.027933305732411876,27.933305732411878,5.890486225480862
E,10.0,78.53981633974483,0.5,0.19634954084936207,0.1,0.3,81.57894736842105,3600.0,22.660818713450293,75.53606237816764,derived_from_throughput,0.9617550167346501,9.6175501673465,5.0,window_diameter,0.5,4.80877508367325,1.0,0.019634954084936207,0.005890486225480862,5.890486225480862,0.005890486225480862,5.890486225480862,0.2832602339181286,283.2602339181286,0.02945243112740431,29.45243112740431,5.890486225480862
E,10.0,78.53981633974483,0.5,0.19634954084936207,0.1,0.3,85.78947368421052,3600.0,23.830409356725145,79.43469785575049,derived_from_throughput,1.0113939853403096,10.113939853403096,0.1,window_diameter,0.5,0.10113939853403096,0.20227879706806193,0.019634954084936207,0.005890486225480862,5.890486225480862,0.0011915204678362573,1.1915204678362574,0.0059576023391812866,5.957602339181286,0.0005890486225480862,0.5890486225480862,1.1915204678362574
E,10.0,78.53981633974483,0.5,0.19634954084936207,0.1,0.3,85.78947368421052,3600.0,23.830409356725145,79.43469785575049,derived_from_throughput,1.0113939853403096,10.113939853403096,0.35789473684210527,window_diameter,0.5,0.36197258422705814,0.7239451684541163,0.019634954084936207,0.005890486225480862,5.890486225480862,0.004264389042782394,4.264389042782394,0.021321945213911973,21.321945213911974,0.002108174017540519,2.108174017540519,4.264389042782394
E,10.0,78.53981633974483,0.5,0.19634954084936207,0.1,0.3,85.78947368421052,3600.0,23.830409356725145,79.43469785575049,derived_from_throughput,1.0113939853403096,10.113939853403096,0.6157894736842106,window_diameter,0.5,0.6228057699200854,1.0,0.019634954084936207,0.005890486225480862,5.890486225480862,0.005890486225480862,5.890486225480862,0.03668628808864266,36.68628808864266,0.003627299412532952,3.627299412532952,5.890486225480862
E,10.0,78.53981633974483,0.5,0.19634954084936207,0.1,0.3,85.78947368421052,3600.0,23.830409356725145,79.43469785575049,derived_from_throughput,1.0113939853403096,10.113939853403096,0.8736842105263158,window_diameter,0.5,0.8836389556131126,1.0,0.019634954084936207,0.005890486225480862,5.890486225480862,0.005890486225480862,5.890486225480862,0.05205063096337335,52.050630963373344,0.005146424807525384,5.146424807525384,5.890486225480862
E,10.0,78.53981633974483,0.5,0.19634954084936207,0.1,0.3,85.78947368421052,3600.0,23.830409356725145,79.43469785575049,derived_from_throughput,1.0113939853403096,10.113939853403096,1.1315789473684212,window_diameter,0.5,1.14447214130614,1.0,0.019634954084936207,0.005890486225480862,5.890486225480862,0.005890486225480862,5.890486225480862,0.06741497383810405,67.41497383810405,0.006665550202517819,6.665550202517819,5.890486225480862
E,10.0,78.53981633974483,0.5,0.19634954084936207,0.1,0.3,85.78947368421052,3600.0,23.830409356725145,79.43469785575049,derived_from_throughput,1.0113939853403096,10.113939853403096,1.3894736842105266,window_diameter,0.5,1.4053053269991673,1.0,0.019634954084936207,0.005890486225480862,5.890486225480862,0.005890486225480862,5.890486225480862,0.08277931671283474,82.77931671283474,0.008184675597510252,8.184675597510251,5.890486225480862
E,10.0,78.53981633974483,0.5,0.19634954084936207,0.1,0.3,85.78947368421052,3600.0,23.830409356725145,79.43469785575049,derived_from_throughput,1.0113939853403096,10.113939853403096,1.6473684210526318,window_diameter,0.5,1.6661385126921944,1.0,0.019634954084936207,0.005890486225480862,5.890486225480862,0.005890486225480862,5.890486225480862,0.09814365958756542,98.14365958756542,0.009703800992502684,9.703800992502684,5.890486225480862
E,10.0,78.53981633974483,0.5,0.19634954084936207,0.1,0.3,85.78947368421052,3600.0,23.830409356725145,79.43469785575049,derived_from_throughput,1.0113939853403096,10.113939853403096,1.905263157894737,window_diameter,0.5,1.9269716983852214,1.0,0.019634954084936207,0.005890486225480862,5.890486225480862,0.005890486225480862,5.890486225480862,0.1135080024622961,113.5080024622961,0.011222926387495117,11.222926387495116,5.890486225480862
E,10.0,78.53981633974483,0.5,0.19634954084936207,0.1,0.3,85.78947368421052,3600.0,23.830409356725145,79.43469785575049,derived_from_throughput,1.0113939853403096,10.113939853403096,2.1631578947368424,window_diameter,0.5,2.1878048840782487,1.0,0.019634954084936207,0.005890486225480862,5.890486225480862,0.005890486225480862,5.890486225480862,0.1288723453370268,128.8723453370268,0.01274205178248755,12.74205178248755,5.890486225480862
E,10.0,78.53981633974483,0.5,0.19634954084936207,0.1,0.3,85.78947368421052,3600.0,23.830409356725145,79.43469785575049,derived_from_throughput,1.0113939853403096,10.113939853403096,2.421052631578948,window_diameter,0.5,2.448638069771276,1.0,0.019634954084936207,0.005890486225480862,5.890486225480862,0.005890486225480862,5.890486225480862,0.1442366882117575,144.2366882117575,0.014261177177479984,14.261177177479984,5.890486225480862
E,10.0,78.53981633974483,0.5,0.19634954084936207,0.1,0.3,85.78947368421052,3600.0,23.830409356725145,79.43469785575049,derived_from_throughput,1.0113939853403096,10.113939853403096,2.678947368421053,window_diameter,0.5,2.7094712554643037,1.0,0.019634954084936207,0.005890486225480862,5.890486225480862,0.005890486225480862,5.890486225480862,0.15960103108648818,159.60103108648818,0.015780302572472416,15.780302572472417,5.890486225480862
E,10.0,78.53981633974483,0.5,0.19634954084936207,0.1,0.3,85.78947368421052,3600.0,23.830409356725145,79.43469785575049,derived_from_throughput,1.0113939853403096,10.113939853403096,2.936842105263158,window_diameter,0.5,2.9703044411573303,1.0,0.019634954084936207,0.005890486225480862,5.890486225480862,0.005890486225480862,5.890486225480862,0.17496537396121886,174.96537396121886,0.017299427967464847,17.299427967464847,5.890486225480862
E,10.0,78.53981633974483,0.5,0.19634954084936207,0.1,0.3,85.78947368421052,3600.0,23.830409356725145,79.43469785575049,derived_from_throughput,1.0113939853403096,10.113939853403096,3.1947368421052635,window_diameter,0.5,3.2311376268503578,1.0,0.019634954084936207,0.005890486225480862,5.890486225480862,0.005890486225480862,5.890486225480862,0.19032971683594954,190.32971683594954,0.01881855336245728,18.81855336245728,5.890486225480862
E,10.0,78.53981633974483,0.5,0.19634954084936207,0.1,0.3,85.78947368421052,3600.0,23.830409356725145,79.43469785575049,derived_from_throughput,1.0113939853403096,10.113939853403096,3.452631578947369,window_diameter,0.5,3.4919708125433853,1.0,0.019634954084936207,0.005890486225480862,5.890486225480862,0.005890486225480862,5.890486225480862,0.20569405971068025,205.69405971068025,0.020337678757449715,20.337678757449716,5.890486225480862
E,10.0,78.53981633974483,0.5,0.19634954084936207,0.1,0.3,85.78947368421052,3600.0,23.830409356725145,79.43469785575049,derived_from_throughput,1.0113939853403096,10.113939853403096,3.710526315789474,window_diameter,0.5,3.752803998236412,1.0,0.019634954084936207,0.005890486225480862,5.890486225480862,0.005890486225480862,5.890486225480862,0.2210584025854109,221.0584025854109,0.021856804152442146,21.856804152442145,5.890486225480862
E,10.0,78.53981633974483,0.5,0.19634954084936207,0.1,0.3,85.78947368421052,3600.0,23.830409356725145,79.43469785575049,derived_from_throughput,1.0113939853403096,10.113939853403096,3.9684210526315793,window_diameter,0.5,4.013637183929439,1.0,0.019634954084936207,0.005890486225480862,5.890486225480862,0.005890486225480862,5.890486225480862,0.2364227454601416,236.4227454601416,0.02337592954743458,23.37592954743458,5.890486225480862
E,10.0,78.53981633974483,0.5,0.19634954084936207,0.1,0.3,85.78947368421052,3600.0,23.830409356725145,79.43469785575049,derived_from_throughput,1.0113939853403096,10.113939853403096,4.226315789473684,window_diameter,0.5,4.274470369622466,1.0,0.019634954084936207,0.005890486225480862,5.890486225480862,0.005890486225480862,5.890486225480862,0.2517870883348723,251.7870883348723,0.02489505494242701,24.895054942427013,5.890486225480862
E,10.0,78.53981633974483,0.5,0.19634954084936207,0.1,0.3,85.78947368421052,3600.0,23.830409356725145,79.43469785575049,derived_from_throughput,1.0113939853403096,10.113939853403096,4.484210526315789,window_diameter,0.5,4.535303555315493,1.0,0.019634954084936207,0.005890486225480862,5.890486225480862,0.005890486225480862,5.890486225480862,0.26715143120960294,267.15143120960295,0.026414180337419442,26.41418033741944,5.890486225480862
E,10.0,78.53981633974483,0.5,0.19634954084936207,0.1,0.3,85.78947368421052,3600.0,23.830409356725145,79.43469785575049,derived_from_throughput,1.0113939853403096,10.113939853403096,4.742105263157895,window_diameter,0.5,4.796136741008521,1.0,0.019634954084936207,0.005890486225480862,5.890486225480862,0.005890486225480862,5.890486225480862,0.28251577408433365,282.51577408433366,0.027933305732411876,27.933305732411878,5.890486225480862
E,10.0,78.53981633974483,0.5,0.19634954084936207,0.1,0.3,85.78947368421052,3600.0,23.830409356725145,79.43469785575049,derived_from_throughput,1.0113939853403096,10.113939853403096,5.0,window_diameter,0.5,5.056969926701548,1.0,0.019634954084936207,0.005890486225480862,5.890486225480862,0.005890486225480862,5.890486225480862,0.29788011695906436,297.88011695906437,0.02945243112740431,29.45243112740431,5.890486225480862
E,10.0,78.53981633974483,0.5,0.19634954084936207,0.1,0.3,90.0,3600.0,25.0,83.33333333333334,derived_from_throughput,1.061032953945969,10.610329539459691,0.1,window_diameter,0.5,0.10610329539459691,0.21220659078919382,0.019634954084936207,0.005890486225480862,5.890486225480862,0.00125,1.25,0.006250000000000002,6.250000000000002,0.0005890486225480862,0.5890486225480862,1.25
E,10.0,78.53981633974483,0.5,0.19634954084936207,0.1,0.3,90.0,3600.0,25.0,83.33333333333334,derived_from_throughput,1.061032953945969,10.610329539459691,0.35789473684210527,window_diameter,0.5,0.3797381098332942,0.7594762196665884,0.019634954084936207,0.005890486225480862,5.890486225480862,0.004473684210526316,4.473684210526316,0.022368421052631583,22.368421052631582,0.002108174017540519,2.108174017540519,4.473684210526316
E,10.0,78.53981633974483,0.5,0.19634954084936207,0.1,0.3,90.0,3600.0,25.0,83.33333333333334,derived_from_throughput,1.061032953945969,10.610329539459691,0.6157894736842106,window_diameter,0.5,0.6533729242719916,1.0,0.019634954084936207,0.005890486225480862,5.890486225480862,0.005890486225480862,5.890486225480862,0.038486842105263167,38.486842105263165,0.003627299412532952,3.627299412532952,5.890486225480862
E,10.0,78.53981633974483,0.5,0.19634954084936207,0.1,0.3,90.0,3600.0,25.0,83.33333333333334,derived_from_throughput,1.061032953945969,10.610329539459691,0.8736842105263158,window_diameter,0.5,0.9270077387106889,1.0,0.019634954084936207,0.005890486225480862,5.890486225480862,0.005890486225480862,5.890486225480862,0.054605263157894754,54.605263157894754,0.005146424807525384,5.146424807525384,5.890486225480862
E,10.0,78.53981633974483,0.5,0.19634954084936207,0.1,0.3,90.0,3600.0,25.0,83.33333333333334,derived_from_throughput,1.061032953945969,10.610329539459691,1.1315789473684212,window_diameter,0.5,1.2006425531493863,1.0,0.019634954084936207,0.005890486225480862,5.890486225480862,0.005890486225480862,5.890486225480862,0.07072368421052634,70.72368421052634,0.006665550202517819,6.665550202517819,5.890486225480862
E,10.0,78.53981633974483,0.5,0.19634954084936207,0.1,0.3,90.0,3600.0,25.0,83.33333333333334,derived_from_throughput,1.061032953945969,10.610329539459691,1.3894736842105266,window_diameter,0.5,1.4742773675880836,1.0,0.019634954084936207,0.005890486225480862,5.890486225480862,0.005890486225480862,5.890486225480862,0.08684210526315793,86.84210526315793,0.008184675597510252,8.184675597510251,5.890486225480862
E,10.0,78.53981633974483,0.5,0.19634954084936207,0.1,0.3,90.0,3600.0,25.0,83.33333333333334,derived_from_throughput,1.061032953945969,10.610329539459691,1.6473684210526318,window_diameter,0.5,1.747912182026781,1.0,0.019634954084936207,0.005890486225480862,5.890486225480862,0.005890486225480862,5.890486225480862,0.10296052631578952,102.96052631578952,0.009703800992502684,9.703800992502684,5.890486225480862
E,10.0,78.53981633974483,0.5,0.19634954084936207,0.1,0.3,90.0,3600.0,25.0,83.33333333333334,derived_from_throughput,1.061032953945969,10.610329539459691,1.905263157894737,window_diameter,0.5,2.021546996465478,1.0,0.019634954084936207,0.005890486225480862,5.890486225480862,0.005890486225480862,5.890486225480862,0.11907894736842109,119.07894736842108,0.011222926387495117,11.222926387495116,5.890486225480862
E,10.0,78.53981633974483,0.5,0.19634954084936207,0.1,0.3,90.0,3600.0,25.0,83.33333333333334,derived_from_throughput,1.061032953945969,10.610329539459691,2.1631578947368424,window_diameter,0.5,2.2951818109041757,1.0,0.019634954084936207,0.005890486225480862,5.890486225480862,0.005890486225480862,5.890486225480862,0.13519736842105268,135.1973684210527,0.01274205178248755,12.74205178248755,5.890486225480862
E,10.0,78.53981633974483,0.5,0.19634954084936207,0.1,0.3,90.0,3600.0,25.0,83.33333333333334,derived_from_throughput,1.061032953945969,10.610329539459691,2.421052631578948,window_diameter,0.5,2.568816625342873,1.0,0.019634954084936207,0.005890486225480862,5.890486225480862,0.005890486225480862,5.890486225480862,0.15131578947368426,151.31578947368428,0.014261177177479984,14.261177177479984,5.890486225480862
E,10.0,78.53981633974483,0.5,0.19634954084936207,0.1,0.3,90.0,3600.0,25.0,83.33333333333334,derived_from_throughput,1.061032953945969,10.610329539459691,2.678947368421053,window_diameter,0.5,2.8424514397815703,1.0,0.019634954084936207,0.005890486225480862,5.890486225480862,0.005890486225480862,5.890486225480862,0.16743421052631585,167.43421052631587,0.015780302572472416,15.780302572472417,5.890486225480862
E,10.0,78.53981633974483,0.5,0.19634954084936207,0.1,0.3,90.0,3600.0,25.0,83.33333333333334,derived_from_throughput,1.061032953945969,10.610329539459691,2.936842105263158,window_diameter,0.5,3.116086254220267,1.0,0.019634954084936207,0.005890486225480862,5.890486225480862,0.005890486225480862,5.890486225480862,0.1835526315789474,183.5526315789474,0.017299427967464847,17.299427967464847,5.890486225480862
E,10.0,78.53981633974483,0.5,0.19634954084936207,0.1,0.3,90.0,3600.0,25.0,83.33333333333334,derived_from_throughput,1.061032953945969,10.610329539459691,3.1947368421052635,window_diameter,0.5,3.389721068658965,1.0,0.019634954084936207,0.005890486225480862,5.890486225480862,0.005890486225480862,5.890486225480862,0.19967105263157903,199.67105263157902,0.01881855336245728,18.81855336245728,5.890486225480862
E,10.0,78.53981633974483,0.5,0.19634954084936207,0.1,0.3,90.0,3600.0,25.0,83.33333333333334,derived_from_throughput,1.061032953945969,10.610329539459691,3.452631578947369,window_diameter,0.5,3.6633558830976622,1.0,0.019634954084936207,0.005890486225480862,5.890486225480862,0.005890486225480862,5.890486225480862,0.21578947368421061,215.7894736842106,0.020337678757449715,20.337678757449716,5.890486225480862
E,10.0,78.53981633974483,0.5,0.19634954084936207,0.1,0.3,90.0,3600.0,25.0,83.33333333333334,derived_from_throughput,1.061032953945969,10.610329539459691,3.710526315789474,window_diameter,0.5,3.936990697536359,1.0,0.019634954084936207,0.005890486225480862,5.890486225480862,0.005890486225480862,5.890486225480862,0.23190789473684217,231.90789473684217,0.021856804152442146,21.856804152442145,5.890486225480862
E,10.0,78.53981633974483,0.5,0.19634954084936207,0.1,0.3,90.0,3600.0,25.0,83.33333333333334,derived_from_throughput,1.061032953945969,10.610329539459691,3.9684210526315793,window_diameter,0.5,4.210625511975056,1.0,0.019634954084936207,0.005890486225480862,5.890486225480862,0.005890486225480862,5.890486225480862,0.24802631578947376,248.02631578947376,0.02337592954743458,23.37592954743458,5.890486225480862
E,10.0,78.53981633974483,0.5,0.19634954084936207,0.1,0.3,90.0,3600.0,25.0,83.33333333333334,derived_from_throughput,1.061032953945969,10.610329539459691,4.226315789473684,window_diameter,0.5,4.484260326413754,1.0,0.019634954084936207,0.005890486225480862,5.890486225480862,0.005890486225480862,5.890486225480862,0.2641447368421053,264.1447368421053,0.02489505494242701,24.895054942427013,5.890486225480862
E,10.0,78.53981633974483,0.5,0.19634954084936207,0.1,0.3,90.0,3600.0,25.0,83.33333333333334,derived_from_throughput,1.061032953945969,10.610329539459691,4.484210526315789,window_diameter,0.5,4.75789514085245,1.0,0.019634954084936207,0.005890486225480862,5.890486225480862,0.005890486225480862,5.890486225480862,0.2802631578947369,280.2631578947369,0.026414180337419442,26.41418033741944,5.890486225480862
E,10.0,78.53981633974483,0.5,0.19634954084936207,0.1,0.3,90.0,3600.0,25.0,83.33333333333334,derived_from_throughput,1.061032953945969,10.610329539459691,4.742105263157895,window_diameter,0.5,5.031529955291148,1.0,0.019634954084936207,0.005890486225480862,5.890486225480862,0.005890486225480862,5.890486225480862,0.2963815789473685,296.3815789473685,0.027933305732411876,27.933305732411878,5.890486225480862
E,10.0,78.53981633974483,0.5,0.19634954084936207,0.1,0.3,90.0,3600.0,25.0,83.33333333333334,derived_from_throughput,1.061032953945969,10.610329539459691,5.0,window_diameter,0.5,5.305164769729846,1.0,0.019634954084936207,0.005890486225480862,5.890486225480862,0.005890486225480862,5.890486225480862,0.31250000000000006,312.50000000000006,0.02945243112740431,29.45243112740431,5.890486225480862
