setup,pipe_diameter_cm,pipe_area_cm2,nir_spot_diameter_cm,nir_spot_area_cm2,spot_area_cm2,measurement_depth_cm,measurement_depth_mm,bulk_density_g_per_cm3,bulk_density_label,throughput_kg,throughput_time_s,mass_flow_g_s,vol_flow_cm3_s,velocity_source,velocity_cm_s,velocity_mm_s,acquisition_time_s,advance_dz_cm_per_acq,advance_dz_mm_per_acq,advance_to_spot_diameter_ratio,swept_increment_area_cm2,unique_exposed_area_cm2,probe_volume_cm3,probe_volume_cm3_instant,swept_increment_volume_cm3,unique_exposed_volume_cm3,probe_mass_g_instant,probe_mass_mg_instant,swept_increment_mass_g,swept_increment_mass_mg,unique_exposed_mass_g,unique_exposed_mass_mg,effective_sample_size_mg,mass_passed_g_per_acq,mass_passed_mg_per_acq,mass_time_exposure_g_s,mass_time_exposure_mg_s,time_weighted_contribution_proxy_g_s,time_weighted_contribution_proxy_mg_s,effective_sample_size_basis,sweep_type
E,10.0,78.53981633974483,2.5,4.908738521234052,4.908738521234052,0.1,1.0,0.4,0.4 g/cm^3,95.0,3600.0,26.38888888888889,65.97222222222221,derived_from_throughput,0.839984421873892,8.39984421873892,1.0,0.839984421873892,8.39984421873892,0.3359937687495568,2.09996105468473,7.008699575918782,0.49087385212340523,0.49087385212340523,0.20999610546847303,0.7008699575918782,0.1963495408493621,196.34954084936209,0.08399844218738922,83.99844218738922,0.2803479830367513,280.3479830367513,280.3479830367513,1.6493055555555556,1649.3055555555557,0.1963495408493621,196.34954084936209,0.1963495408493621,196.34954084936209,unique_exposed_swept_capsule_mass,density
E,10.0,78.53981633974483,2.5,4.908738521234052,4.908738521234052,0.1,1.0,0.5,0.5 g/cm^3,95.0,3600.0,26.38888888888889,52.77777777777778,derived_from_throughput,0.6719875374991137,6.719875374991137,1.0,0.6719875374991137,6.719875374991137,0.2687950149996455,1.6799688437477842,6.588707364981836,0.49087385212340523,0.49087385212340523,0.16799688437477844,0.6588707364981836,0.24543692606170261,245.43692606170262,0.08399844218738922,83.99844218738922,0.3294353682490918,329.4353682490918,329.4353682490918,1.6493055555555556,1649.3055555555557,0.24543692606170261,245.43692606170262,0.24543692606170261,245.43692606170262,unique_exposed_swept_capsule_mass,density
E,10.0,78.53981633974483,2.5,4.908738521234052,4.908738521234052,0.1,1.0,0.6,0.6 g/cm^3,95.0,3600.0,26.38888888888889,43.98148148148148,derived_from_throughput,0.5599896145825947,5.599896145825946,1.0,0.5599896145825947,5.599896145825946,0.22399584583303786,1.3999740364564865,6.308712557690539,0.49087385212340523,0.49087385212340523,0.13999740364564867,0.6308712557690539,0.2945243112740431,294.5243112740431,0.0839984421873892,83.99844218738919,0.3785227534614323,378.52275346143233,378.52275346143233,1.6493055555555556,1649.3055555555557,0.2945243112740431,294.5243112740431,0.2945243112740431,294.5243112740431,unique_exposed_swept_capsule_mass,density
E,10.0,78.53981633974483,2.5,4.908738521234052,4.908738521234052,0.01,0.1,0.4,0.4 g/cm^3,95.0,3600.0,26.38888888888889,65.97222222222221,derived_from_throughput,0.839984421873892,8.39984421873892,1.0,0.839984421873892,8.39984421873892,0.3359937687495568,2.09996105468473,7.008699575918782,0.04908738521234052,0.04908738521234052,0.020999610546847302,0.07008699575918782,0.019634954084936207,19.634954084936208,0.008399844218738921,8.399844218738922,0.02803479830367513,28.03479830367513,28.03479830367513,1.6493055555555556,1649.3055555555557,0.019634954084936207,19.634954084936208,0.019634954084936207,19.634954084936208,unique_exposed_swept_capsule_mass,penetration_depth_density
E,10.0,78.53981633974483,2.5,4.908738521234052,4.908738521234052,0.02,0.2,0.4,0.4 g/cm^3,95.0,3600.0,26.38888888888889,65.97222222222221,derived_from_throughput,0.839984421873892,8.39984421873892,1.0,0.839984421873892,8.39984421873892,0.3359937687495568,2.09996105468473,7.008699575918782,0.09817477042468103,0.09817477042468103,0.041999221093694604,0.14017399151837565,0.039269908169872414,39.269908169872416,0.016799688437477842,16.799688437477844,0.05606959660735026,56.06959660735026,56.06959660735026,1.6493055555555556,1649.3055555555557,0.039269908169872414,39.269908169872416,0.039269908169872414,39.269908169872416,unique_exposed_swept_capsule_mass,penetration_depth_density
E,10.0,78.53981633974483,2.5,4.908738521234052,4.908738521234052,0.03,0.3,0.4,0.4 g/cm^3,95.0,3600.0,26.38888888888889,65.97222222222221,derived_from_throughput,0.839984421873892,8.39984421873892,1.0,0.839984421873892,8.39984421873892,0.3359937687495568,2.09996105468473,7.008699575918782,0.14726215563702155,0.14726215563702155,0.0629988316405419,0.21026098727756345,0.05890486225480862,58.90486225480862,0.02519953265621676,25.19953265621676,0.08410439491102539,84.1043949110254,84.1043949110254,1.6493055555555556,1649.3055555555557,0.05890486225480862,58.90486225480862,0.05890486225480862,58.90486225480862,unique_exposed_swept_capsule_mass,penetration_depth_density
E,10.0,78.53981633974483,2.5,4.908738521234052,4.908738521234052,0.04,0.4,0.4,0.4 g/cm^3,95.0,3600.0,26.38888888888889,65.97222222222221,derived_from_throughput,0.839984421873892,8.39984421873892,1.0,0.839984421873892,8.39984421873892,0.3359937687495568,2.09996105468473,7.008699575918782,0.19634954084936207,0.19634954084936207,0.08399844218738921,0.2803479830367513,0.07853981633974483,78.53981633974483,0.033599376874955685,33.59937687495569,0.11213919321470052,112.13919321470053,112.13919321470053,1.6493055555555556,1649.3055555555557,0.07853981633974483,78.53981633974483,0.07853981633974483,78.53981633974483,unique_exposed_swept_capsule_mass,penetration_depth_density
E,10.0,78.53981633974483,2.5,4.908738521234052,4.908738521234052,0.05,0.5,0.4,0.4 g/cm^3,95.0,3600.0,26.38888888888889,65.97222222222221,derived_from_throughput,0.839984421873892,8.39984421873892,1.0,0.839984421873892,8.39984421873892,0.3359937687495568,2.09996105468473,7.008699575918782,0.24543692606170261,0.24543692606170261,0.10499805273423651,0.3504349787959391,0.09817477042468105,98.17477042468104,0.04199922109369461,41.99922109369461,0.14017399151837565,140.17399151837566,140.17399151837566,1.6493055555555556,1649.3055555555557,0.09817477042468105,98.17477042468104,0.09817477042468105,98.17477042468104,unique_exposed_swept_capsule_mass,penetration_depth_density
E,10.0,78.53981633974483,2.5,4.908738521234052,4.908738521234052,0.06,0.6,0.4,0.4 g/cm^3,95.0,3600.0,26.38888888888889,65.97222222222221,derived_from_throughput,0.839984421873892,8.39984421873892,1.0,0.839984421873892,8.39984421873892,0.3359937687495568,2.09996105468473,7.008699575918782,0.2945243112740431,0.2945243112740431,0.1259976632810838,0.4205219745551269,0.11780972450961724,117.80972450961724,0.05039906531243352,50.39906531243352,0.16820878982205079,168.2087898220508,168.2087898220508,1.6493055555555556,1649.3055555555557,0.11780972450961724,117.80972450961724,0.11780972450961724,117.80972450961724,unique_exposed_swept_capsule_mass,penetration_depth_density
E,10.0,78.53981633974483,2.5,4.908738521234052,4.908738521234052,0.07,0.7000000000000001,0.4,0.4 g/cm^3,95.0,3600.0,26.38888888888889,65.97222222222221,derived_from_throughput,0.839984421873892,8.39984421873892,1.0,0.839984421873892,8.39984421873892,0.3359937687495568,2.09996105468473,7.008699575918782,0.3436116964863837,0.3436116964863837,0.14699727382793112,0.4906089703143148,0.13744467859455348,137.44467859455347,0.05879890953117245,58.79890953117245,0.19624358812572593,196.24358812572592,196.24358812572592,1.6493055555555556,1649.3055555555557,0.13744467859455348,137.44467859455347,0.13744467859455348,137.44467859455347,unique_exposed_swept_capsule_mass,penetration_depth_density
E,10.0,78.53981633974483,2.5,4.908738521234052,4.908738521234052,0.08,0.8,0.4,0.4 g/cm^3,95.0,3600.0,26.38888888888889,65.97222222222221,derived_from_throughput,0.839984421873892,8.39984421873892,1.0,0.839984421873892,8.39984421873892,0.3359937687495568,2.09996105468473,7.008699575918782,0.39269908169872414,0.39269908169872414,0.16799688437477842,0.5606959660735026,0.15707963267948966,157.07963267948966,0.06719875374991137,67.19875374991138,0.22427838642940104,224.27838642940105,224.27838642940105,1.6493055555555556,1649.3055555555557,0.15707963267948966,157.07963267948966,0.15707963267948966,157.07963267948966,unique_exposed_swept_capsule_mass,penetration_depth_density
E,10.0,78.53981633974483,2.5,4.908738521234052,4.908738521234052,0.09,0.8999999999999999,0.4,0.4 g/cm^3,95.0,3600.0,26.38888888888889,65.97222222222221,derived_from_throughput,0.839984421873892,8.39984421873892,1.0,0.839984421873892,8.39984421873892,0.3359937687495568,2.09996105468473,7.008699575918782,0.44178646691106466,0.44178646691106466,0.1889964949216257,0.6307829618326903,0.17671458676442586,176.71458676442586,0.07559859796865029,75.59859796865028,0.2523131847330761,252.31318473307613,252.31318473307613,1.6493055555555556,1649.3055555555557,0.17671458676442586,176.71458676442586,0.17671458676442586,176.71458676442586,unique_exposed_swept_capsule_mass,penetration_depth_density
E,10.0,78.53981633974483,2.5,4.908738521234052,4.908738521234052,0.1,1.0,0.4,0.4 g/cm^3,95.0,3600.0,26.38888888888889,65.97222222222221,derived_from_throughput,0.839984421873892,8.39984421873892,1.0,0.839984421873892,8.39984421873892,0.3359937687495568,2.09996105468473,7.008699575918782,0.49087385212340523,0.49087385212340523,0.20999610546847303,0.7008699575918782,0.1963495408493621,196.34954084936209,0.08399844218738922,83.99844218738922,0.2803479830367513,280.3479830367513,280.3479830367513,1.6493055555555556,1649.3055555555557,0.1963495408493621,196.34954084936209,0.1963495408493621,196.34954084936209,unique_exposed_swept_capsule_mass,penetration_depth_density
E,10.0,78.53981633974483,2.5,4.908738521234052,4.908738521234052,0.11,1.1,0.4,0.4 g/cm^3,95.0,3600.0,26.38888888888889,65.97222222222221,derived_from_throughput,0.839984421873892,8.39984421873892,1.0,0.839984421873892,8.39984421873892,0.3359937687495568,2.09996105468473,7.008699575918782,0.5399612373357457,0.5399612373357457,0.23099571601532032,0.7709569533510661,0.2159844949342983,215.9844949342983,0.09239828640612813,92.39828640612812,0.30838278134042646,308.38278134042645,308.38278134042645,1.6493055555555556,1649.3055555555557,0.2159844949342983,215.9844949342983,0.2159844949342983,215.9844949342983,unique_exposed_swept_capsule_mass,penetration_depth_density
E,10.0,78.53981633974483,2.5,4.908738521234052,4.908738521234052,0.12,1.2,0.4,0.4 g/cm^3,95.0,3600.0,26.38888888888889,65.97222222222221,derived_from_throughput,0.839984421873892,8.39984421873892,1.0,0.839984421873892,8.39984421873892,0.3359937687495568,2.09996105468473,7.008699575918782,0.5890486225480862,0.5890486225480862,0.2519953265621676,0.8410439491102538,0.23561944901923448,235.61944901923448,0.10079813062486705,100.79813062486704,0.33641757964410157,336.4175796441016,336.4175796441016,1.6493055555555556,1649.3055555555557,0.23561944901923448,235.61944901923448,0.23561944901923448,235.61944901923448,unique_exposed_swept_capsule_mass,penetration_depth_density
E,10.0,78.53981633974483,2.5,4.908738521234052,4.908738521234052,0.13,1.3,0.4,0.4 g/cm^3,95.0,3600.0,26.38888888888889,65.97222222222221,derived_from_throughput,0.839984421873892,8.39984421873892,1.0,0.839984421873892,8.39984421873892,0.3359937687495568,2.09996105468473,7.008699575918782,0.6381360077604268,0.6381360077604268,0.2729949371090149,0.9111309448694417,0.25525440310417075,255.25440310417073,0.10919797484360597,109.19797484360596,0.3644523779477767,364.4523779477767,364.4523779477767,1.6493055555555556,1649.3055555555557,0.25525440310417075,255.25440310417073,0.25525440310417075,255.25440310417073,unique_exposed_swept_capsule_mass,penetration_depth_density
E,10.0,78.53981633974483,2.5,4.908738521234052,4.908738521234052,0.14,1.4000000000000001,0.4,0.4 g/cm^3,95.0,3600.0,26.38888888888889,65.97222222222221,derived_from_throughput,0.839984421873892,8.39984421873892,1.0,0.839984421873892,8.39984421873892,0.3359937687495568,2.09996105468473,7.008699575918782,0.6872233929727674,0.6872233929727674,0.29399454765586225,0.9812179406286295,0.27488935718910695,274.88935718910693,0.1175978190623449,117.5978190623449,0.39248717625145185,392.48717625145184,392.48717625145184,1.6493055555555556,1649.3055555555557,0.27488935718910695,274.88935718910693,0.27488935718910695,274.88935718910693,unique_exposed_swept_capsule_mass,penetration_depth_density
E,10.0,78.53981633974483,2.5,4.908738521234052,4.908738521234052,0.15,1.5,0.4,0.4 g/cm^3,95.0,3600.0,26.38888888888889,65.97222222222221,derived_from_throughput,0.839984421873892,8.39984421873892,1.0,0.839984421873892,8.39984421873892,0.3359937687495568,2.09996105468473,7.008699575918782,0.7363107781851078,0.7363107781851078,0.3149941582027095,1.0513049363878173,0.29452431127404316,294.52431127404316,0.1259976632810838,125.9976632810838,0.42052197455512697,420.521974555127,420.521974555127,1.6493055555555556,1649.3055555555557,0.29452431127404316,294.52431127404316,0.29452431127404316,294.52431127404316,unique_exposed_swept_capsule_mass,penetration_depth_density
E,10.0,78.53981633974483,2.5,4.908738521234052,4.908738521234052,0.16,1.6,0.4,0.4 g/cm^3,95.0,3600.0,26.38888888888889,65.97222222222221,derived_from_throughput,0.839984421873892,8.39984421873892,1.0,0.839984421873892,8.39984421873892,0.3359937687495568,2.09996105468473,7.008699575918782,0.7853981633974483,0.7853981633974483,0.33599376874955683,1.1213919321470052,0.3141592653589793,314.1592653589793,0.13439750749982274,134.39750749982275,0.4485567728588021,448.5567728588021,448.5567728588021,1.6493055555555556,1649.3055555555557,0.3141592653589793,314.1592653589793,0.3141592653589793,314.1592653589793,unique_exposed_swept_capsule_mass,penetration_depth_density
E,10.0,78.53981633974483,2.5,4.908738521234052,4.908738521234052,0.17,1.7000000000000002,0.4,0.4 g/cm^3,95.0,3600.0,26.38888888888889,65.97222222222221,derived_from_throughput,0.839984421873892,8.39984421873892,1.0,0.839984421873892,8.39984421873892,0.3359937687495568,2.09996105468473,7.008699575918782,0.8344855486097889,0.8344855486097889,0.3569933792964041,1.191478927906193,0.3337942194439156,333.79421944391555,0.14279735171856164,142.79735171856166,0.47659157116247725,476.59157116247724,476.59157116247724,1.6493055555555556,1649.3055555555557,0.3337942194439156,333.79421944391555,0.3337942194439156,333.79421944391555,unique_exposed_swept_capsule_mass,penetration_depth_density
E,10.0,78.53981633974483,2.5,4.908738521234052,4.908738521234052,0.18,1.7999999999999998,0.4,0.4 g/cm^3,95.0,3600.0,26.38888888888889,65.97222222222221,derived_from_throughput,0.839984421873892,8.39984421873892,1.0,0.839984421873892,8.39984421873892,0.3359937687495568,2.09996105468473,7.008699575918782,0.8835729338221293,0.8835729338221293,0.3779929898432514,1.2615659236653807,0.3534291735288517,353.4291735288517,0.15119719593730058,151.19719593730056,0.5046263694661522,504.62636946615225,504.62636946615225,1.6493055555555556,1649.3055555555557,0.3534291735288517,353.4291735288517,0.3534291735288517,353.4291735288517,unique_exposed_swept_capsule_mass,penetration_depth_density
E,10.0,78.53981633974483,2.5,4.908738521234052,4.908738521234052,0.19,1.9,0.4,0.4 g/cm^3,95.0,3600.0,26.38888888888889,65.97222222222221,derived_from_throughput,0.839984421873892,8.39984421873892,1.0,0.839984421873892,8.39984421873892,0.3359937687495568,2.09996105468473,7.008699575918782,0.9326603190344699,0.9326603190344699,0.3989926003900987,1.3316529194245685,0.373064127613788,373.064127613788,0.15959704015603948,159.59704015603947,0.5326611677698274,532.6611677698274,532.6611677698274,1.6493055555555556,1649.3055555555557,0.373064127613788,373.064127613788,0.373064127613788,373.064127613788,unique_exposed_swept_capsule_mass,penetration_depth_density
E,10.0,78.53981633974483,2.5,4.908738521234052,4.908738521234052,0.2,2.0,0.4,0.4 g/cm^3,95.0,3600.0,26.38888888888889,65.97222222222221,derived_from_throughput,0.839984421873892,8.39984421873892,1.0,0.839984421873892,8.39984421873892,0.3359937687495568,2.09996105468473,7.008699575918782,0.9817477042468105,0.9817477042468105,0.41999221093694605,1.4017399151837564,0.3926990816987242,392.69908169872417,0.16799688437477844,167.99688437477843,0.5606959660735026,560.6959660735026,560.6959660735026,1.6493055555555556,1649.3055555555557,0.3926990816987242,392.69908169872417,0.3926990816987242,392.69908169872417,unique_exposed_swept_capsule_mass,penetration_depth_density
E,10.0,78.53981633974483,2.5,4.908738521234052,4.908738521234052,0.01,0.1,0.5,0.5 g/cm^3,95.0,3600.0,26.38888888888889,52.77777777777778,derived_from_throughput,0.6719875374991137,6.719875374991137,1.0,0.6719875374991137,6.719875374991137,0.2687950149996455,1.6799688437477842,6.588707364981836,0.04908738521234052,0.04908738521234052,0.016799688437477842,0.06588707364981836,0.02454369260617026,24.543692606170257,0.008399844218738921,8.399844218738922,0.03294353682490918,32.94353682490918,32.94353682490918,1.6493055555555556,1649.3055555555557,0.02454369260617026,24.543692606170257,0.02454369260617026,24.543692606170257,unique_exposed_swept_capsule_mass,penetration_depth_density
E,10.0,78.53981633974483,2.5,4.908738521234052,4.908738521234052,0.02,0.2,0.5,0.5 g/cm^3,95.0,3600.0,26.38888888888889,52.77777777777778,derived_from_throughput,0.6719875374991137,6.719875374991137,1.0,0.6719875374991137,6.719875374991137,0.2687950149996455,1.6799688437477842,6.588707364981836,0.09817477042468103,0.09817477042468103,0.033599376874955685,0.1317741472996367,0.04908738521234052,49.087385212340514,0.016799688437477842,16.799688437477844,0.06588707364981836,65.88707364981836,65.88707364981836,1.6493055555555556,1649.3055555555557,0.04908738521234052,49.087385212340514,0.04908738521234052,49.087385212340514,unique_exposed_swept_capsule_mass,penetration_depth_density
E,10.0,78.53981633974483,2.5,4.908738521234052,4.908738521234052,0.03,0.3,0.5,0.5 g/cm^3,95.0,3600.0,26.38888888888889,52.77777777777778,derived_from_throughput,0.6719875374991137,6.719875374991137,1.0,0.6719875374991137,6.719875374991137,0.2687950149996455,1.6799688437477842,6.588707364981836,0.14726215563702155,0.14726215563702155,0.05039906531243352,0.19766122094945507,0.07363107781851078,73.63107781851078,0.02519953265621676,25.19953265621676,0.09883061047472753,98.83061047472754,98.83061047472754,1.6493055555555556,1649.3055555555557,0.07363107781851078,73.63107781851078,0.07363107781851078,73.63107781851078,unique_exposed_swept_capsule_mass,penetration_depth_density
E,10.0,78.53981633974483,2.5,4.908738521234052,4.908738521234052,0.04,0.4,0.5,0.5 g/cm^3,95.0,3600.0,26.38888888888889,52.77777777777778,derived_from_throughput,0.6719875374991137,6.719875374991137,1.0,0.6719875374991137,6.719875374991137,0.2687950149996455,1.6799688437477842,6.588707364981836,0.19634954084936207,0.19634954084936207,0.06719875374991137,0.2635482945992734,0.09817477042468103,98.17477042468103,0.033599376874955685,33.59937687495569,0.1317741472996367,131.77414729963672,131.77414729963672,1.6493055555555556,1649.3055555555557,0.09817477042468103,98.17477042468103,0.09817477042468103,98.17477042468103,unique_exposed_swept_capsule_mass,penetration_depth_density
E,10.0,78.53981633974483,2.5,4.908738521234052,4.908738521234052,0.05,0.5,0.5,0.5 g/cm^3,95.0,3600.0,26.38888888888889,52.77777777777778,derived_from_throughput,0.6719875374991137,6.719875374991137,1.0,0.6719875374991137,6.719875374991137,0.2687950149996455,1.6799688437477842,6.588707364981836,0.24543692606170261,0.24543692606170261,0.08399844218738922,0.3294353682490918,0.12271846303085131,122.71846303085131,0.04199922109369461,41.99922109369461,0.1647176841245459,164.7176841245459,164.7176841245459,1.6493055555555556,1649.3055555555557,0.12271846303085131,122.71846303085131,0.12271846303085131,122.71846303085131,unique_exposed_swept_capsule_mass,penetration_depth_density
E,10.0,78.53981633974483,2.5,4.908738521234052,4.908738521234052,0.06,0.6,0.5,0.5 g/cm^3,95.0,3600.0,26.38888888888889,52.77777777777778,derived_from_throughput,0.6719875374991137,6.719875374991137,1.0,0.6719875374991137,6.719875374991137,0.2687950149996455,1.6799688437477842,6.588707364981836,0.2945243112740431,0.2945243112740431,0.10079813062486705,0.39532244189891014,0.14726215563702155,147.26215563702155,0.05039906531243352,50.39906531243352,0.19766122094945507,197.66122094945507,197.66122094945507,1.6493055555555556,1649.3055555555557,0.14726215563702155,147.26215563702155,0.14726215563702155,147.26215563702155,unique_exposed_swept_capsule_mass,penetration_depth_density
E,10.0,78.53981633974483,2.5,4.908738521234052,4.908738521234052,0.07,0.7000000000000001,0.5,0.5 g/cm^3,95.0,3600.0,26.38888888888889,52.77777777777778,derived_from_throughput,0.6719875374991137,6.719875374991137,1.0,0.6719875374991137,6.719875374991137,0.2687950149996455,1.6799688437477842,6.588707364981836,0.3436116964863837,0.3436116964863837,0.1175978190623449,0.4612095155487286,0.17180584824319184,171.80584824319183,0.05879890953117245,58.79890953117245,0.2306047577743643,230.6047577743643,230.6047577743643,1.6493055555555556,1649.3055555555557,0.17180584824319184,171.80584824319183,0.17180584824319184,171.80584824319183,unique_exposed_swept_capsule_mass,penetration_depth_density
E,10.0,78.53981633974483,2.5,4.908738521234052,4.908738521234052,0.08,0.8,0.5,0.5 g/cm^3,95.0,3600.0,26.38888888888889,52.77777777777778,derived_from_throughput,0.6719875374991137,6.719875374991137,1.0,0.6719875374991137,6.719875374991137,0.2687950149996455,1.6799688437477842,6.588707364981836,0.39269908169872414,0.39269908169872414,0.13439750749982274,0.5270965891985468,0.19634954084936207,196.34954084936206,0.06719875374991137,67.19875374991138,0.2635482945992734,263.54829459927345,263.54829459927345,1.6493055555555556,1649.3055555555557,0.19634954084936207,196.34954084936206,0.19634954084936207,196.34954084936206,unique_exposed_swept_capsule_mass,penetration_depth_density
E,10.0,78.53981633974483,2.5,4.908738521234052,4.908738521234052,0.09,0.8999999999999999,0.5,0.5 g/cm^3,95.0,3600.0,26.38888888888889,52.77777777777778,derived_from_throughput,0.6719875374991137,6.719875374991137,1.0,0.6719875374991137,6.719875374991137,0.2687950149996455,1.6799688437477842,6.588707364981836,0.44178646691106466,0.44178646691106466,0.15119719593730058,0.5929836628483652,0.22089323345553233,220.89323345553234,0.07559859796865029,75.59859796865028,0.2964918314241826,296.49183142418264,296.49183142418264,1.6493055555555556,1649.3055555555557,0.22089323345553233,220.89323345553234,0.22089323345553233,220.89323345553234,unique_exposed_swept_capsule_mass,penetration_depth_density
E,10.0,78.53981633974483,2.5,4.908738521234052,4.908738521234052,0.1,1.0,0.5,0.5 g/cm^3,95.0,3600.0,26.38888888888889,52.77777777777778,derived_from_throughput,0.6719875374991137,6.719875374991137,1.0,0.6719875374991137,6.719875374991137,0.2687950149996455,1.6799688437477842,6.588707364981836,0.49087385212340523,0.49087385212340523,0.16799688437477844,0.6588707364981836,0.24543692606170261,245.43692606170262,0.08399844218738922,83.99844218738922,0.3294353682490918,329.4353682490918,329.4353682490918,1.6493055555555556,1649.3055555555557,0.24543692606170261,245.43692606170262,0.24543692606170261,245.43692606170262,unique_exposed_swept_capsule_mass,penetration_depth_density
E,10.0,78.53981633974483,2.5,4.908738521234052,4.908738521234052,0.11,1.1,0.5,0.5 g/cm^3,95.0,3600.0,26.38888888888889,52.77777777777778,derived_from_throughput,0.6719875374991137,6.719875374991137,1.0,0.6719875374991137,6.719875374991137,0.2687950149996455,1.6799688437477842,6.588707364981836,0.5399612373357457,0.5399612373357457,0.18479657281225625,0.724757810148002,0.2699806186678729,269.9806186678729,0.09239828640612813,92.39828640612812,0.362378905074001,362.378905074001,362.378905074001,1.6493055555555556,1649.3055555555557,0.2699806186678729,269.9806186678729,0.2699806186678729,269.9806186678729,unique_exposed_swept_capsule_mass,penetration_depth_density
E,10.0,78.53981633974483,2.5,4.908738521234052,4.908738521234052,0.12,1.2,0.5,0.5 g/cm^3,95.0,3600.0,26.38888888888889,52.77777777777778,derived_from_throughput,0.6719875374991137,6.719875374991137,1.0,0.6719875374991137,6.719875374991137,0.2687950149996455,1.6799688437477842,6.588707364981836,0.5890486225480862,0.5890486225480862,0.2015962612497341,0.7906448837978203,0.2945243112740431,294.5243112740431,0.10079813062486705,100.79813062486704,0.39532244189891014,395.32244189891014,395.32244189891014,1.6493055555555556,1649.3055555555557,0.2945243112740431,294.5243112740431,0.2945243112740431,294.5243112740431,unique_exposed_swept_capsule_mass,penetration_depth_density
E,10.0,78.53981633974483,2.5,4.908738521234052,4.908738521234052,0.13,1.3,0.5,0.5 g/cm^3,95.0,3600.0,26.38888888888889,52.77777777777778,derived_from_throughput,0.6719875374991137,6.719875374991137,1.0,0.6719875374991137,6.719875374991137,0.2687950149996455,1.6799688437477842,6.588707364981836,0.6381360077604268,0.6381360077604268,0.21839594968721196,0.8565319574476388,0.3190680038802134,319.0680038802134,0.10919797484360598,109.19797484360598,0.4282659787238194,428.2659787238194,428.2659787238194,1.6493055555555556,1649.3055555555557,0.3190680038802134,319.0680038802134,0.3190680038802134,319.0680038802134,unique_exposed_swept_capsule_mass,penetration_depth_density
E,10.0,78.53981633974483,2.5,4.908738521234052,4.908738521234052,0.14,1.4000000000000001,0.5,0.5 g/cm^3,95.0,3600.0,26.38888888888889,52.77777777777778,derived_from_throughput,0.6719875374991137,6.719875374991137,1.0,0.6719875374991137,6.719875374991137,0.2687950149996455,1.6799688437477842,6.588707364981836,0.6872233929727674,0.6872233929727674,0.2351956381246898,0.9224190310974572,0.3436116964863837,343.61169648638366,0.1175978190623449,117.5978190623449,0.4612095155487286,461.2095155487286,461.2095155487286,1.6493055555555556,1649.3055555555557,0.3436116964863837,343.61169648638366,0.3436116964863837,343.61169648638366,unique_exposed_swept_capsule_mass,penetration_depth_density
E,10.0,78.53981633974483,2.5,4.908738521234052,4.908738521234052,0.15,1.5,0.5,0.5 g/cm^3,95.0,3600.0,26.38888888888889,52.77777777777778,derived_from_throughput,0.6719875374991137,6.719875374991137,1.0,0.6719875374991137,6.719875374991137,0.2687950149996455,1.6799688437477842,6.588707364981836,0.7363107781851078,0.7363107781851078,0.2519953265621676,0.9883061047472754,0.3681553890925539,368.1553890925539,0.1259976632810838,125.9976632810838,0.4941530523736377,494.1530523736377,494.1530523736377,1.6493055555555556,1649.3055555555557,0.3681553890925539,368.1553890925539,0.3681553890925539,368.1553890925539,unique_exposed_swept_capsule_mass,penetration_depth_density
E,10.0,78.53981633974483,2.5,4.908738521234052,4.908738521234052,0.16,1.6,0.5,0.5 g/cm^3,95.0,3600.0,26.38888888888889,52.77777777777778,derived_from_throughput,0.6719875374991137,6.719875374991137,1.0,0.6719875374991137,6.719875374991137,0.2687950149996455,1.6799688437477842,6.588707364981836,0.7853981633974483,0.7853981633974483,0.2687950149996455,1.0541931783970937,0.39269908169872414,392.6990816987241,0.13439750749982274,134.39750749982275,0.5270965891985468,527.0965891985469,527.0965891985469,1.6493055555555556,1649.3055555555557,0.39269908169872414,392.6990816987241,0.39269908169872414,392.6990816987241,unique_exposed_swept_capsule_mass,penetration_depth_density
E,10.0,78.53981633974483,2.5,4.908738521234052,4.908738521234052,0.17,1.7000000000000002,0.5,0.5 g/cm^3,95.0,3600.0,26.38888888888889,52.77777777777778,derived_from_throughput,0.6719875374991137,6.719875374991137,1.0,0.6719875374991137,6.719875374991137,0.2687950149996455,1.6799688437477842,6.588707364981836,0.8344855486097889,0.8344855486097889,0.28559470343712334,1.1200802520469122,0.4172427743048944,417.24277430489445,0.14279735171856167,142.79735171856169,0.5600401260234561,560.0401260234561,560.0401260234561,1.6493055555555556,1649.3055555555557,0.4172427743048944,417.24277430489445,0.4172427743048944,417.24277430489445,unique_exposed_swept_capsule_mass,penetration_depth_density
E,10.0,78.53981633974483,2.5,4.908738521234052,4.908738521234052,0.18,1.7999999999999998,0.5,0.5 g/cm^3,95.0,3600.0,26.38888888888889,52.77777777777778,derived_from_throughput,0.6719875374991137,6.719875374991137,1.0,0.6719875374991137,6.719875374991137,0.2687950149996455,1.6799688437477842,6.588707364981836,0.8835729338221293,0.8835729338221293,0.30239439187460115,1.1859673256967305,0.44178646691106466,441.7864669110647,0.15119719593730058,151.19719593730056,0.5929836628483652,592.9836628483653,592.9836628483653,1.6493055555555556,1649.3055555555557,0.44178646691106466,441.7864669110647,0.44178646691106466,441.7864669110647,unique_exposed_swept_capsule_mass,penetration_depth_density
E,10.0,78.53981633974483,2.5,4.908738521234052,4.908738521234052,0.19,1.9,0.5,0.5 g/cm^3,95.0,3600.0,26.38888888888889,52.77777777777778,derived_from_throughput,0.6719875374991137,6.719875374991137,1.0,0.6719875374991137,6.719875374991137,0.2687950149996455,1.6799688437477842,6.588707364981836,0.9326603190344699,0.9326603190344699,0.319194080312079,1.251854399346549,0.46633015951723494,466.33015951723496,0.1595970401560395,159.5970401560395,0.6259271996732745,625.9271996732745,625.9271996732745,1.6493055555555556,1649.3055555555557,0.46633015951723494,466.33015951723496,0.46633015951723494,466.33015951723496,unique_exposed_swept_capsule_mass,penetration_depth_density
E,10.0,78.53981633974483,2.5,4.908738521234052,4.908738521234052,0.2,2.0,0.5,0.5 g/cm^3,95.0,3600.0,26.38888888888889,52.77777777777778,derived_from_throughput,0.6719875374991137,6.719875374991137,1.0,0.6719875374991137,6.719875374991137,0.2687950149996455,1.6799688437477842,6.588707364981836,0.9817477042468105,0.9817477042468105,0.3359937687495569,1.3177414729963672,0.49087385212340523,490.87385212340524,0.16799688437477844,167.99688437477843,0.6588707364981836,658.8707364981836,658.8707364981836,1.6493055555555556,1649.3055555555557,0.49087385212340523,490.87385212340524,0.49087385212340523,490.87385212340524,unique_exposed_swept_capsule_mass,penetration_depth_density
E,10.0,78.53981633974483,2.5,4.908738521234052,4.908738521234052,0.01,0.1,0.6,0.6 g/cm^3,95.0,3600.0,26.38888888888889,43.98148148148148,derived_from_throughput,0.5599896145825947,5.599896145825946,1.0,0.5599896145825947,5.599896145825946,0.22399584583303786,1.3999740364564865,6.308712557690539,0.04908738521234052,0.04908738521234052,0.013999740364564866,0.06308712557690539,0.02945243112740431,29.45243112740431,0.00839984421873892,8.39984421873892,0.03785227534614324,37.85227534614324,37.85227534614324,1.6493055555555556,1649.3055555555557,0.02945243112740431,29.45243112740431,0.02945243112740431,29.45243112740431,unique_exposed_swept_capsule_mass,penetration_depth_density
E,10.0,78.53981633974483,2.5,4.908738521234052,4.908738521234052,0.02,0.2,0.6,0.6 g/cm^3,95.0,3600.0,26.38888888888889,43.98148148148148,derived_from_throughput,0.5599896145825947,5.599896145825946,1.0,0.5599896145825947,5.599896145825946,0.22399584583303786,1.3999740364564865,6.308712557690539,0.09817477042468103,0.09817477042468103,0.027999480729129732,0.12617425115381078,0.05890486225480862,58.90486225480862,0.01679968843747784,16.79968843747784,0.07570455069228647,75.70455069228647,75.70455069228647,1.6493055555555556,1649.3055555555557,0.05890486225480862,58.90486225480862,0.05890486225480862,58.90486225480862,unique_exposed_swept_capsule_mass,penetration_depth_density
E,10.0,78.53981633974483,2.5,4.908738521234052,4.908738521234052,0.03,0.3,0.6,0.6 g/cm^3,95.0,3600.0,26.38888888888889,43.98148148148148,derived_from_throughput,0.5599896145825947,5.599896145825946,1.0,0.5599896145825947,5.599896145825946,0.22399584583303786,1.3999740364564865,6.308712557690539,0.14726215563702155,0.14726215563702155,0.0419992210936946,0.18926137673071616,0.08835729338221293,88.35729338221293,0.025199532656216758,25.199532656216757,0.11355682603842969,113.55682603842969,113.55682603842969,1.6493055555555556,1649.3055555555557,0.08835729338221293,88.35729338221293,0.08835729338221293,88.35729338221293,unique_exposed_swept_capsule_mass,penetration_depth_density
E,10.0,78.53981633974483,2.5,4.908738521234052,4.908738521234052,0.04,0.4,0.6,0.6 g/cm^3,95.0,3600.0,26.38888888888889,43.98148148148148,derived_from_throughput,0.5599896145825947,5.599896145825946,1.0,0.5599896145825947,5.599896145825946,0.22399584583303786,1.3999740364564865,6.308712557690539,0.19634954084936207,0.19634954084936207,0.055998961458259465,0.25234850230762157,0.11780972450961724,117.80972450961724,0.03359937687495568,33.59937687495568,0.15140910138457295,151.40910138457295,151.40910138457295,1.6493055555555556,1649.3055555555557,0.11780972450961724,117.80972450961724,0.11780972450961724,117.80972450961724,unique_exposed_swept_capsule_mass,penetration_depth_density
E,10.0,78.53981633974483,2.5,4.908738521234052,4.908738521234052,0.05,0.5,0.6,0.6 g/cm^3,95.0,3600.0,26.38888888888889,43.98148148148148,derived_from_throughput,0.5599896145825947,5.599896145825946,1.0,0.5599896145825947,5.599896145825946,0.22399584583303786,1.3999740364564865,6.308712557690539,0.24543692606170261,0.24543692606170261,0.06999870182282433,0.31543562788452695,0.14726215563702155,147.26215563702155,0.0419992210936946,41.999221093694594,0.18926137673071616,189.26137673071617,189.26137673071617,1.6493055555555556,1649.3055555555557,0.14726215563702155,147.26215563702155,0.14726215563702155,147.26215563702155,unique_exposed_swept_capsule_mass,penetration_depth_density
E,10.0,78.53981633974483,2.5,4.908738521234052,4.908738521234052,0.06,0.6,0.6,0.6 g/cm^3,95.0,3600.0,26.38888888888889,43.98148148148148,derived_from_throughput,0.5599896145825947,5.599896145825946,1.0,0.5599896145825947,5.599896145825946,0.22399584583303786,1.3999740364564865,6.308712557690539,0.2945243112740431,0.2945243112740431,0.0839984421873892,0.3785227534614323,0.17671458676442586,176.71458676442586,0.050399065312433516,50.399065312433514,0.22711365207685938,227.11365207685938,227.11365207685938,1.6493055555555556,1649.3055555555557,0.17671458676442586,176.71458676442586,0.17671458676442586,176.71458676442586,unique_exposed_swept_capsule_mass,penetration_depth_density
E,10.0,78.53981633974483,2.5,4.908738521234052,4.908738521234052,0.07,0.7000000000000001,0.6,0.6 g/cm^3,95.0,3600.0,26.38888888888889,43.98148148148148,derived_from_throughput,0.5599896145825947,5.599896145825946,1.0,0.5599896145825947,5.599896145825946,0.22399584583303786,1.3999740364564865,6.308712557690539,0.3436116964863837,0.3436116964863837,0.09799818255195407,0.44160987903833776,0.2061670178918302,206.1670178918302,0.058798909531172436,58.798909531172434,0.2649659274230026,264.9659274230026,264.9659274230026,1.6493055555555556,1649.3055555555557,0.2061670178918302,206.1670178918302,0.2061670178918302,206.1670178918302,unique_exposed_swept_capsule_mass,penetration_depth_density
E,10.0,78.53981633974483,2.5,4.908738521234052,4.908738521234052,0.08,0.8,0.6,0.6 g/cm^3,95.0,3600.0,26.38888888888889,43.98148148148148,derived_from_throughput,0.5599896145825947,5.599896145825946,1.0,0.5599896145825947,5.599896145825946,0.22399584583303786,1.3999740364564865,6.308712557690539,0.39269908169872414,0.39269908169872414,0.11199792291651893,0.5046970046152431,0.23561944901923448,235.61944901923448,0.06719875374991136,67.19875374991136,0.3028182027691459,302.8182027691459,302.8182027691459,1.6493055555555556,1649.3055555555557,0.23561944901923448,235.61944901923448,0.23561944901923448,235.61944901923448,unique_exposed_swept_capsule_mass,penetration_depth_density
E,10.0,78.53981633974483,2.5,4.908738521234052,4.908738521234052,0.09,0.8999999999999999,0.6,0.6 g/cm^3,95.0,3600.0,26.38888888888889,43.98148148148148,derived_from_throughput,0.5599896145825947,5.599896145825946,1.0,0.5599896145825947,5.599896145825946,0.22399584583303786,1.3999740364564865,6.308712557690539,0.44178646691106466,0.44178646691106466,0.12599766328108378,0.5677841301921485,0.2650718801466388,265.0718801466388,0.07559859796865026,75.59859796865027,0.34067047811528905,340.67047811528903,340.67047811528903,1.6493055555555556,1649.3055555555557,0.2650718801466388,265.0718801466388,0.2650718801466388,265.0718801466388,unique_exposed_swept_capsule_mass,penetration_depth_density
E,10.0,78.53981633974483,2.5,4.908738521234052,4.908738521234052,0.1,1.0,0.6,0.6 g/cm^3,95.0,3600.0,26.38888888888889,43.98148148148148,derived_from_throughput,0.5599896145825947,5.599896145825946,1.0,0.5599896145825947,5.599896145825946,0.22399584583303786,1.3999740364564865,6.308712557690539,0.49087385212340523,0.49087385212340523,0.13999740364564867,0.6308712557690539,0.2945243112740431,294.5243112740431,0.0839984421873892,83.99844218738919,0.3785227534614323,378.52275346143233,378.52275346143233,1.6493055555555556,1649.3055555555557,0.2945243112740431,294.5243112740431,0.2945243112740431,294.5243112740431,unique_exposed_swept_capsule_mass,penetration_depth_density
E,10.0,78.53981633974483,2.5,4.908738521234052,4.908738521234052,0.11,1.1,0.6,0.6 g/cm^3,95.0,3600.0,26.38888888888889,43.98148148148148,derived_from_throughput,0.5599896145825947,5.599896145825946,1.0,0.5599896145825947,5.599896145825946,0.22399584583303786,1.3999740364564865,6.308712557690539,0.5399612373357457,0.5399612373357457,0.15399714401021353,0.6939583813459593,0.3239767424014474,323.97674240144744,0.09239828640612811,92.39828640612811,0.4163750288075756,416.3750288075756,416.3750288075756,1.6493055555555556,1649.3055555555557,0.3239767424014474,323.97674240144744,0.3239767424014474,323.97674240144744,unique_exposed_swept_capsule_mass,penetration_depth_density
E,10.0,78.53981633974483,2.5,4.908738521234052,4.908738521234052,0.12,1.2,0.6,0.6 g/cm^3,95.0,3600.0,26.38888888888889,43.98148148148148,derived_from_throughput,0.5599896145825947,5.599896145825946,1.0,0.5599896145825947,5.599896145825946,0.22399584583303786,1.3999740364564865,6.308712557690539,0.5890486225480862,0.5890486225480862,0.1679968843747784,0.7570455069228647,0.3534291735288517,353.4291735288517,0.10079813062486703,100.79813062486703,0.45422730415371876,454.22730415371876,454.22730415371876,1.6493055555555556,1649.3055555555557,0.3534291735288517,353.4291735288517,0.3534291735288517,353.4291735288517,unique_exposed_swept_capsule_mass,penetration_depth_density
E,10.0,78.53981633974483,2.5,4.908738521234052,4.908738521234052,0.13,1.3,0.6,0.6 g/cm^3,95.0,3600.0,26.38888888888889,43.98148148148148,derived_from_throughput,0.5599896145825947,5.599896145825946,1.0,0.5599896145825947,5.599896145825946,0.22399584583303786,1.3999740364564865,6.308712557690539,0.6381360077604268,0.6381360077604268,0.18199662473934325,0.8201326324997701,0.38288160465625604,382.88160465625606,0.10919797484360595,109.19797484360595,0.49207957949986203,492.079579499862,492.079579499862,1.6493055555555556,1649.3055555555557,0.38288160465625604,382.88160465625606,0.38288160465625604,382.88160465625606,unique_exposed_swept_capsule_mass,penetration_depth_density
E,10.0,78.53981633974483,2.5,4.908738521234052,4.908738521234052,0.14,1.4000000000000001,0.6,0.6 g/cm^3,95.0,3600.0,26.38888888888889,43.98148148148148,derived_from_throughput,0.5599896145825947,5.599896145825946,1.0,0.5599896145825947,5.599896145825946,0.22399584583303786,1.3999740364564865,6.308712557690539,0.6872233929727674,0.6872233929727674,0.19599636510390814,0.8832197580766755,0.4123340357836604,412.3340357836604,0.11759781906234487,117.59781906234487,0.5299318548460052,529.9318548460052,529.9318548460052,1.6493055555555556,1649.3055555555557,0.4123340357836604,412.3340357836604,0.4123340357836604,412.3340357836604,unique_exposed_swept_capsule_mass,penetration_depth_density
E,10.0,78.53981633974483,2.5,4.908738521234052,4.908738521234052,0.15,1.5,0.6,0.6 g/cm^3,95.0,3600.0,26.38888888888889,43.98148148148148,derived_from_throughput,0.5599896145825947,5.599896145825946,1.0,0.5599896145825947,5.599896145825946,0.22399584583303786,1.3999740364564865,6.308712557690539,0.7363107781851078,0.7363107781851078,0.20999610546847297,0.9463068836535808,0.44178646691106466,441.7864669110647,0.12599766328108378,125.99766328108377,0.5677841301921485,567.7841301921485,567.7841301921485,1.6493055555555556,1649.3055555555557,0.44178646691106466,441.7864669110647,0.44178646691106466,441.7864669110647,unique_exposed_swept_capsule_mass,penetration_depth_density
E,10.0,78.53981633974483,2.5,4.908738521234052,4.908738521234052,0.16,1.6,0.6,0.6 g/cm^3,95.0,3600.0,26.38888888888889,43.98148148148148,derived_from_throughput,0.5599896145825947,5.599896145825946,1.0,0.5599896145825947,5.599896145825946,0.22399584583303786,1.3999740364564865,6.308712557690539,0.7853981633974483,0.7853981633974483,0.22399584583303786,1.0093940092304863,0.47123889803846897,471.23889803846896,0.1343975074998227,134.39750749982272,0.6056364055382918,605.6364055382918,605.6364055382918,1.6493055555555556,1649.3055555555557,0.47123889803846897,471.23889803846896,0.47123889803846897,471.23889803846896,unique_exposed_swept_capsule_mass,penetration_depth_density
E,10.0,78.53981633974483,2.5,4.908738521234052,4.908738521234052,0.17,1.7000000000000002,0.6,0.6 g/cm^3,95.0,3600.0,26.38888888888889,43.98148148148148,derived_from_throughput,0.5599896145825947,5.599896145825946,1.0,0.5599896145825947,5.599896145825946,0.22399584583303786,1.3999740364564865,6.308712557690539,0.8344855486097889,0.8344855486097889,0.23799558619760272,1.0724811348073917,0.5006913291658733,500.69132916587336,0.14279735171856162,142.79735171856163,0.643488680884435,643.488680884435,643.488680884435,1.6493055555555556,1649.3055555555557,0.5006913291658733,500.69132916587336,0.5006913291658733,500.69132916587336,unique_exposed_swept_capsule_mass,penetration_depth_density
E,10.0,78.53981633974483,2.5,4.908738521234052,4.908738521234052,0.18,1.7999999999999998,0.6,0.6 g/cm^3,95.0,3600.0,26.38888888888889,43.98148148148148,derived_from_throughput,0.5599896145825947,5.599896145825946,1.0,0.5599896145825947,5.599896145825946,0.22399584583303786,1.3999740364564865,6.308712557690539,0.8835729338221293,0.8835729338221293,0.25199532656216755,1.135568260384297,0.5301437602932776,530.1437602932776,0.15119719593730052,151.19719593730053,0.6813409562305781,681.3409562305781,681.3409562305781,1.6493055555555556,1649.3055555555557,0.5301437602932776,530.1437602932776,0.5301437602932776,530.1437602932776,unique_exposed_swept_capsule_mass,penetration_depth_density
E,10.0,78.53981633974483,2.5,4.908738521234052,4.908738521234052,0.19,1.9,0.6,0.6 g/cm^3,95.0,3600.0,26.38888888888889,43.98148148148148,derived_from_throughput,0.5599896145825947,5.599896145825946,1.0,0.5599896145825947,5.599896145825946,0.22399584583303786,1.3999740364564865,6.308712557690539,0.9326603190344699,0.9326603190344699,0.26599506692673247,1.1986553859612024,0.559596191420682,559.596191420682,0.15959704015603948,159.59704015603947,0.7191932315767214,719.1932315767215,719.1932315767215,1.6493055555555556,1649.3055555555557,0.559596191420682,559.596191420682,0.559596191420682,559.596191420682,unique_exposed_swept_capsule_mass,penetration_depth_density
E,10.0,78.53981633974483,2.5,4.908738521234052,4.908738521234052,0.2,2.0,0.6,0.6 g/cm^3,95.0,3600.0,26.38888888888889,43.98148148148148,derived_from_throughput,0.5599896145825947,5.599896145825946,1.0,0.5599896145825947,5.599896145825946,0.22399584583303786,1.3999740364564865,6.308712557690539,0.9817477042468105,0.9817477042468105,0.27999480729129733,1.2617425115381078,0.5890486225480862,589.0486225480862,0.1679968843747784,167.99688437477838,0.7570455069228647,757.0455069228647,757.0455069228647,1.6493055555555556,1649.3055555555557,0.5890486225480862,589.0486225480862,0.5890486225480862,589.0486225480862,unique_exposed_swept_capsule_mass,penetration_depth_density
E,10.0,78.53981633974483,2.5,4.908738521234052,4.908738521234052,0.1,1.0,0.4,0.4 g/cm^3,95.0,3600.0,26.38888888888889,65.97222222222221,derived_from_throughput,0.839984421873892,8.39984421873892,1.0,0.839984421873892,8.39984421873892,0.3359937687495568,2.09996105468473,7.008699575918782,0.49087385212340523,0.49087385212340523,0.20999610546847303,0.7008699575918782,0.1963495408493621,196.34954084936209,0.08399844218738922,83.99844218738922,0.2803479830367513,280.3479830367513,280.3479830367513,1.6493055555555556,1649.3055555555557,0.1963495408493621,196.34954084936209,0.1963495408493621,196.34954084936209,unique_exposed_swept_capsule_mass,acquisition_time_density
E,10.0,78.53981633974483,2.5,4.908738521234052,4.908738521234052,0.1,1.0,0.4,0.4 g/cm^3,95.0,3600.0,26.38888888888889,65.97222222222221,derived_from_throughput,0.839984421873892,8.39984421873892,1.2105263157894737,1.0168232475315535,10.168232475315534,0.4067292990126214,2.5420581188288836,7.4507966400629355,0.49087385212340523,0.49087385212340523,0.2542058118828884,0.7450796640062936,0.1963495408493621,196.34954084936209,0.10168232475315536,101.68232475315536,0.29803186560251743,298.0318656025174,298.0318656025174,1.9965277777777777,1996.5277777777776,0.23768628629133307,237.68628629133306,0.23768628629133307,237.68628629133306,unique_exposed_swept_capsule_mass,acquisition_time_density
E,10.0,78.53981633974483,2.5,4.908738521234052,4.908738521234052,0.1,1.0,0.4,0.4 g/cm^3,95.0,3600.0,26.38888888888889,65.97222222222221,derived_from_throughput,0.839984421873892,8.39984421873892,1.4210526315789473,1.193662073189215,11.936620731892148,0.47746482927568595,2.984155182973037,7.892893704207089,0.49087385212340523,0.49087385212340523,0.29841551829730373,0.7892893704207089,0.1963495408493621,196.34954084936209,0.1193662073189215,119.3662073189215,0.31571574816828357,315.7157481682836,315.7157481682836,2.34375,2343.75,0.279023031733304,279.023031733304,0.279023031733304,279.023031733304,unique_exposed_swept_capsule_mass,acquisition_time_density
E,10.0,78.53981633974483,2.5,4.908738521234052,4.908738521234052,0.1,1.0,0.4,0.4 g/cm^3,95.0,3600.0,26.38888888888889,65.97222222222221,derived_from_throughput,0.839984421873892,8.39984421873892,1.631578947368421,1.3705008988468763,13.705008988468762,0.5482003595387506,3.4262522471171906,8.334990768351243,0.49087385212340523,0.49087385212340523,0.3426252247117191,0.8334990768351244,0.1963495408493621,196.34954084936209,0.13705008988468764,137.05008988468765,0.33339963073404977,333.39963073404977,333.39963073404977,2.6909722222222223,2690.972222222222,0.320359777175275,320.359777175275,0.320359777175275,320.359777175275,unique_exposed_swept_capsule_mass,acquisition_time_density
E,10.0,78.53981633974483,2.5,4.908738521234052,4.908738521234052,0.1,1.0,0.4,0.4 g/cm^3,95.0,3600.0,26.38888888888889,65.97222222222221,derived_from_throughput,0.839984421873892,8.39984421873892,1.8421052631578947,1.547339724504538,15.47339724504538,0.6189358898018151,3.868349311261345,8.777087832495397,0.49087385212340523,0.49087385212340523,0.38683493112613454,0.8777087832495397,0.1963495408493621,196.34954084936209,0.15473397245045384,154.73397245045385,0.3510835132998159,351.08351329981593,351.08351329981593,3.038194444444444,3038.1944444444443,0.36169652261724594,361.69652261724593,0.36169652261724594,361.69652261724593,unique_exposed_swept_capsule_mass,acquisition_time_density
E,10.0,78.53981633974483,2.5,4.908738521234052,4.908738521234052,0.1,1.0,0.4,0.4 g/cm^3,95.0,3600.0,26.38888888888889,65.97222222222221,derived_from_throughput,0.839984421873892,8.39984421873892,2.052631578947368,1.7241785501621991,17.24178550162199,0.6896714200648797,4.310446375405498,9.21918489663955,0.49087385212340523,0.49087385212340523,0.4310446375405498,0.9219184896639551,0.1963495408493621,196.34954084936209,0.17241785501621992,172.41785501621993,0.36876739586558205,368.76739586558205,368.76739586558205,3.385416666666666,3385.416666666666,0.4030332680592169,403.03326805921694,0.4030332680592169,403.03326805921694,unique_exposed_swept_capsule_mass,acquisition_time_density
E,10.0,78.53981633974483,2.5,4.908738521234052,4.908738521234052,0.1,1.0,0.4,0.4 g/cm^3,95.0,3600.0,26.38888888888889,65.97222222222221,derived_from_throughput,0.839984421873892,8.39984421873892,2.263157894736842,1.9010173758198607,19.010173758198608,0.7604069503279443,4.752543439549652,9.661281960783704,0.49087385212340523,0.49087385212340523,0.47525434395496524,0.9661281960783704,0.1963495408493621,196.34954084936209,0.19010173758198612,190.10173758198613,0.3864512784313482,386.4512784313482,386.4512784313482,3.732638888888889,3732.6388888888887,0.4443700135011879,444.3700135011879,0.4443700135011879,444.3700135011879,unique_exposed_swept_capsule_mass,acquisition_time_density
E,10.0,78.53981633974483,2.5,4.908738521234052,4.908738521234052,0.1,1.0,0.4,0.4 g/cm^3,95.0,3600.0,26.38888888888889,65.97222222222221,derived_from_throughput,0.839984421873892,8.39984421873892,2.473684210526316,2.0778562014775224,20.778562014775225,0.8311424805910089,5.194640503693806,10.103379024927857,0.49087385212340523,0.49087385212340523,0.5194640503693807,1.0103379024927859,0.1963495408493621,196.34954084936209,0.2077856201477523,207.7856201477523,0.4041351609971144,404.1351609971144,404.1351609971144,4.079861111111112,4079.8611111111118,0.4857067589431589,485.7067589431589,0.4857067589431589,485.7067589431589,unique_exposed_swept_capsule_mass,acquisition_time_density
E,10.0,78.53981633974483,2.5,4.908738521234052,4.908738521234052,0.1,1.0,0.4,0.4 g/cm^3,95.0,3600.0,26.38888888888889,65.97222222222221,derived_from_throughput,0.839984421873892,8.39984421873892,2.6842105263157894,2.2546950271351838,22.54695027135184,0.9018780108540735,5.63673756783796,10.545476089072011,0.49087385212340523,0.49087385212340523,0.563673756783796,1.0545476089072012,0.1963495408493621,196.34954084936209,0.22546950271351843,225.46950271351844,0.4218190435628805,421.81904356288055,421.81904356288055,4.427083333333333,4427.083333333333,0.5270435043851298,527.0435043851298,0.5270435043851298,527.0435043851298,unique_exposed_swept_capsule_mass,acquisition_time_density
E,10.0,78.53981633974483,2.5,4.908738521234052,4.908738521234052,0.1,1.0,0.4,0.4 g/cm^3,95.0,3600.0,26.38888888888889,65.97222222222221,derived_from_throughput,0.839984421873892,8.39984421873892,2.894736842105263,2.431533852792845,24.315338527928454,0.972613541117138,6.078834631982113,10.987573153216164,0.49087385212340523,0.49087385212340523,0.6078834631982114,1.0987573153216166,0.1963495408493621,196.34954084936209,0.24315338527928457,243.15338527928458,0.43950292612864666,439.50292612864666,439.50292612864666,4.774305555555555,4774.305555555556,0.5683802498271008,568.3802498271008,0.5683802498271008,568.3802498271008,unique_exposed_swept_capsule_mass,acquisition_time_density
E,10.0,78.53981633974483,2.5,4.908738521234052,4.908738521234052,0.1,1.0,0.4,0.4 g/cm^3,95.0,3600.0,26.38888888888889,65.97222222222221,derived_from_throughput,0.839984421873892,8.39984421873892,3.1052631578947367,2.6083726784505066,26.083726784505068,1.0433490713802027,6.520931696126267,11.429670217360318,0.49087385212340523,0.49087385212340523,0.6520931696126268,1.142967021736032,0.1963495408493621,196.34954084936209,0.26083726784505074,260.83726784505075,0.4571868086944128,457.18680869441283,457.18680869441283,5.121527777777778,5121.527777777777,0.6097169952690717,609.7169952690717,0.6097169952690717,609.7169952690717,unique_exposed_swept_capsule_mass,acquisition_time_density
E,10.0,78.53981633974483,2.5,4.908738521234052,4.908738521234052,0.1,1.0,0.4,0.4 g/cm^3,95.0,3600.0,26.38888888888889,65.97222222222221,derived_from_throughput,0.839984421873892,8.39984421873892,3.3157894736842106,2.7852115041081684,27.852115041081685,1.1140846016432673,6.963028760270421,11.871767281504473,0.49087385212340523,0.49087385212340523,0.6963028760270422,1.1871767281504473,0.1963495408493621,196.34954084936209,0.2785211504108169,278.52115041081686,0.47487069126017895,474.87069126017894,474.87069126017894,5.46875,5468.75,0.6510537407110427,651.0537407110427,0.6510537407110427,651.0537407110427,unique_exposed_swept_capsule_mass,acquisition_time_density
E,10.0,78.53981633974483,2.5,4.908738521234052,4.908738521234052,0.1,1.0,0.4,0.4 g/cm^3,95.0,3600.0,26.38888888888889,65.97222222222221,derived_from_throughput,0.839984421873892,8.39984421873892,3.526315789473684,2.9620503297658294,29.620503297658296,1.1848201319063318,7.405125824414574,12.313864345648625,0.49087385212340523,0.49087385212340523,0.7405125824414575,1.2313864345648626,0.1963495408493621,196.34954084936209,0.296205032976583,296.205032976583,0.4925545738259451,492.5545738259451,492.5545738259451,5.815972222222222,5815.972222222223,0.6923904861530137,692.3904861530137,0.6923904861530137,692.3904861530137,unique_exposed_swept_capsule_mass,acquisition_time_density
E,10.0,78.53981633974483,2.5,4.908738521234052,4.908738521234052,0.1,1.0,0.4,0.4 g/cm^3,95.0,3600.0,26.38888888888889,65.97222222222221,derived_from_throughput,0.839984421873892,8.39984421873892,3.7368421052631575,3.138889155423491,31.38889155423491,1.2555556621693964,7.847222888558727,12.755961409792778,0.49087385212340523,0.49087385212340523,0.7847222888558728,1.275596140979278,0.1963495408493621,196.34954084936209,0.31388891554234916,313.88891554234914,0.5102384563917112,510.23845639171117,510.23845639171117,6.163194444444444,6163.194444444443,0.7337272315949847,733.7272315949847,0.7337272315949847,733.7272315949847,unique_exposed_swept_capsule_mass,acquisition_time_density
E,10.0,78.53981633974483,2.5,4.908738521234052,4.908738521234052,0.1,1.0,0.4,0.4 g/cm^3,95.0,3600.0,26.38888888888889,65.97222222222221,derived_from_throughput,0.839984421873892,8.39984421873892,3.9473684210526314,3.3157279810811526,33.157279810811524,1.326291192432461,8.289319952702881,13.198058473936932,0.49087385212340523,0.49087385212340523,0.8289319952702882,1.3198058473936933,0.1963495408493621,196.34954084936209,0.3315727981081153,331.5727981081153,0.5279223389574773,527.9223389574773,527.9223389574773,6.510416666666666,6510.416666666666,0.7750639770369556,775.0639770369556,0.7750639770369556,775.0639770369556,unique_exposed_swept_capsule_mass,acquisition_time_density
E,10.0,78.53981633974483,2.5,4.908738521234052,4.908738521234052,0.1,1.0,0.4,0.4 g/cm^3,95.0,3600.0,26.38888888888889,65.97222222222221,derived_from_throughput,0.839984421873892,8.39984421873892,4.157894736842105,3.492566806738814,34.92566806738814,1.3970267226955255,8.731417016847034,13.640155538081085,0.49087385212340523,0.49087385212340523,0.8731417016847035,1.3640155538081087,0.1963495408493621,196.34954084936209,0.34925668067388144,349.2566806738814,0.5456062215232435,545.6062215232434,545.6062215232434,6.857638888888889,6857.63888888889,0.8164007224789266,816.4007224789266,0.8164007224789266,816.4007224789266,unique_exposed_swept_capsule_mass,acquisition_time_density
E,10.0,78.53981633974483,2.5,4.908738521234052,4.908738521234052,0.1,1.0,0.4,0.4 g/cm^3,95.0,3600.0,26.38888888888889,65.97222222222221,derived_from_throughput,0.839984421873892,8.39984421873892,4.368421052631579,3.6694056323964754,36.69405632396475,1.46776225295859,9.173514080991188,14.082252602225239,0.49087385212340523,0.49087385212340523,0.9173514080991189,1.408225260222524,0.1963495408493621,196.34954084936209,0.3669405632396476,366.9405632396476,0.5632901040890096,563.2901040890096,563.2901040890096,7.204861111111111,7204.86111111111,0.8577374679208976,857.7374679208975,0.8577374679208976,857.7374679208975,unique_exposed_swept_capsule_mass,acquisition_time_density
E,10.0,78.53981633974483,2.5,4.908738521234052,4.908738521234052,0.1,1.0,0.4,0.4 g/cm^3,95.0,3600.0,26.38888888888889,65.97222222222221,derived_from_throughput,0.839984421873892,8.39984421873892,4.578947368421052,3.846244458054137,38.462444580541366,1.5384977832216546,9.615611145135341,14.524349666369393,0.49087385212340523,0.49087385212340523,0.9615611145135342,1.4524349666369394,0.1963495408493621,196.34954084936209,0.3846244458054137,384.6244458054137,0.5809739866547757,580.9739866547758,580.9739866547758,7.552083333333333,7552.083333333333,0.8990742133628685,899.0742133628685,0.8990742133628685,899.0742133628685,unique_exposed_swept_capsule_mass,acquisition_time_density
E,10.0,78.53981633974483,2.5,4.908738521234052,4.908738521234052,0.1,1.0,0.4,0.4 g/cm^3,95.0,3600.0,26.38888888888889,65.97222222222221,derived_from_throughput,0.839984421873892,8.39984421873892,4.789473684210526,4.023083283711798,40.23083283711798,1.6092333134847192,10.057708209279495,14.966446730513546,0.49087385212340523,0.49087385212340523,1.0057708209279494,1.4966446730513547,0.1963495408493621,196.34954084936209,0.4023083283711798,402.3083283711798,0.5986578692205419,598.6578692205419,598.6578692205419,7.8993055555555545,7899.305555555555,0.9404109588048394,940.4109588048394,0.9404109588048394,940.4109588048394,unique_exposed_swept_capsule_mass,acquisition_time_density
E,10.0,78.53981633974483,2.5,4.908738521234052,4.908738521234052,0.1,1.0,0.4,0.4 g/cm^3,95.0,3600.0,26.38888888888889,65.97222222222221,derived_from_throughput,0.839984421873892,8.39984421873892,5.0,4.19992210936946,41.9992210936946,1.679968843747784,10.49980527342365,15.408543794657703,0.49087385212340523,0.49087385212340523,1.049980527342365,1.5408543794657703,0.1963495408493621,196.34954084936209,0.41999221093694605,419.99221093694604,0.6163417517863081,616.3417517863081,616.3417517863081,8.246527777777779,8246.52777777778,0.9817477042468105,981.7477042468105,0.9817477042468105,981.7477042468105,unique_exposed_swept_capsule_mass,acquisition_time_density
E,10.0,78.53981633974483,2.5,4.908738521234052,4.908738521234052,0.1,1.0,0.5,0.5 g/cm^3,95.0,3600.0,26.38888888888889,52.77777777777778,derived_from_throughput,0.6719875374991137,6.719875374991137,1.0,0.6719875374991137,6.719875374991137,0.2687950149996455,1.6799688437477842,6.588707364981836,0.49087385212340523,0.49087385212340523,0.16799688437477844,0.6588707364981836,0.24543692606170261,245.43692606170262,0.08399844218738922,83.99844218738922,0.3294353682490918,329.4353682490918,329.4353682490918,1.6493055555555556,1649.3055555555557,0.24543692606170261,245.43692606170262,0.24543692606170261,245.43692606170262,unique_exposed_swept_capsule_mass,acquisition_time_density
E,10.0,78.53981633974483,2.5,4.908738521234052,4.908738521234052,0.1,1.0,0.5,0.5 g/cm^3,95.0,3600.0,26.38888888888889,52.77777777777778,derived_from_throughput,0.6719875374991137,6.719875374991137,1.2105263157894737,0.8134585980252429,8.134585980252428,0.32538343921009716,2.033646495063107,6.942385016297159,0.49087385212340523,0.49087385212340523,0.20336464950631072,0.6942385016297159,0.24543692606170261,245.43692606170262,0.10168232475315536,101.68232475315536,0.34711925081485795,347.11925081485793,347.11925081485793,1.9965277777777777,1996.5277777777776,0.2971078578641663,297.1078578641663,0.2971078578641663,297.1078578641663,unique_exposed_swept_capsule_mass,acquisition_time_density
E,10.0,78.53981633974483,2.5,4.908738521234052,4.908738521234052,0.1,1.0,0.5,0.5 g/cm^3,95.0,3600.0,26.38888888888889,52.77777777777778,derived_from_throughput,0.6719875374991137,6.719875374991137,1.4210526315789473,0.954929658551372,9.54929658551372,0.3819718634205488,2.38732414637843,7.296062667612482,0.49087385212340523,0.49087385212340523,0.238732414637843,0.7296062667612482,0.24543692606170261,245.43692606170262,0.1193662073189215,119.3662073189215,0.3648031333806241,364.8031333806241,364.8031333806241,2.34375,2343.75,0.34877878966663,348.77878966663,0.34877878966663,348.77878966663,unique_exposed_swept_capsule_mass,acquisition_time_density
E,10.0,78.53981633974483,2.5,4.908738521234052,4.908738521234052,0.1,1.0,0.5,0.5 g/cm^3,95.0,3600.0,26.38888888888889,52.77777777777778,derived_from_throughput,0.6719875374991137,6.719875374991137,1.631578947368421,1.0964007190775011,10.96400719077501,0.43856028763100047,2.7410017976937526,7.649740318927805,0.49087385212340523,0.49087385212340523,0.2741001797693753,0.7649740318927805,0.24543692606170261,245.43692606170262,0.13705008988468764,137.05008988468765,0.38248701594639023,382.4870159463902,382.4870159463902,2.6909722222222223,2690.972222222222,0.40044972146909374,400.44972146909373,0.40044972146909374,400.44972146909373,unique_exposed_swept_capsule_mass,acquisition_time_density
E,10.0,78.53981633974483,2.5,4.908738521234052,4.908738521234052,0.1,1.0,0.5,0.5 g/cm^3,95.0,3600.0,26.38888888888889,52.77777777777778,derived_from_throughput,0.6719875374991137,6.719875374991137,1.8421052631578947,1.2378717796036305,12.378717796036305,0.4951487118414522,3.0946794490090763,8.003417970243127,0.49087385212340523,0.49087385212340523,0.3094679449009077,0.8003417970243127,0.24543692606170261,245.43692606170262,0.15473397245045384,154.73397245045385,0.40017089851215637,400.1708985121564,400.1708985121564,3.038194444444444,3038.1944444444443,0.4521206532715574,452.12065327155744,0.4521206532715574,452.12065327155744,unique_exposed_swept_capsule_mass,acquisition_time_density
E,10.0,78.53981633974483,2.5,4.908738521234052,4.908738521234052,0.1,1.0,0.5,0.5 g/cm^3,95.0,3600.0,26.38888888888889,52.77777777777778,derived_from_throughput,0.6719875374991137,6.719875374991137,2.052631578947368,1.3793428401297594,13.793428401297593,0.5517371360519038,3.4483571003243982,8.35709562155845,0.49087385212340523,0.49087385212340523,0.34483571003243985,0.835709562155845,0.24543692606170261,245.43692606170262,0.17241785501621992,172.41785501621993,0.4178547810779225,417.8547810779225,417.8547810779225,3.385416666666666,3385.416666666666,0.5037915850740211,503.7915850740211,0.5037915850740211,503.7915850740211,unique_exposed_swept_capsule_mass,acquisition_time_density
E,10.0,78.53981633974483,2.5,4.908738521234052,4.908738521234052,0.1,1.0,0.5,0.5 g/cm^3,95.0,3600.0,26.38888888888889,52.77777777777778,derived_from_throughput,0.6719875374991137,6.719875374991137,2.263157894736842,1.5208139006558887,15.208139006558888,0.6083255602623555,3.802034751639722,8.710773272873773,0.49087385212340523,0.49087385212340523,0.38020347516397224,0.8710773272873773,0.24543692606170261,245.43692606170262,0.19010173758198612,190.10173758198613,0.43553866364368865,435.53866364368866,435.53866364368866,3.732638888888889,3732.6388888888887,0.5554625168764848,555.4625168764849,0.5554625168764848,555.4625168764849,unique_exposed_swept_capsule_mass,acquisition_time_density
E,10.0,78.53981633974483,2.5,4.908738521234052,4.908738521234052,0.1,1.0,0.5,0.5 g/cm^3,95.0,3600.0,26.38888888888889,52.77777777777778,derived_from_throughput,0.6719875374991137,6.719875374991137,2.473684210526316,1.662284961182018,16.62284961182018,0.6649139844728073,4.155712402955045,9.064450924189096,0.49087385212340523,0.49087385212340523,0.4155712402955045,0.9064450924189096,0.24543692606170261,245.43692606170262,0.20778562014775226,207.78562014775227,0.4532225462094548,453.2225462094548,453.2225462094548,4.079861111111112,4079.8611111111118,0.6071334486789486,607.1334486789486,0.6071334486789486,607.1334486789486,unique_exposed_swept_capsule_mass,acquisition_time_density
E,10.0,78.53981633974483,2.5,4.908738521234052,4.908738521234052,0.1,1.0,0.5,0.5 g/cm^3,95.0,3600.0,26.38888888888889,52.77777777777778,derived_from_throughput,0.6719875374991137,6.719875374991137,2.6842105263157894,1.8037560217081472,18.03756021708147,0.7215024086832589,4.5093900542703675,9.418128575504419,0.49087385212340523,0.49087385212340523,0.4509390054270368,0.9418128575504419,0.24543692606170261,245.43692606170262,0.2254695027135184,225.4695027135184,0.47090642877522093,470.90642877522095,470.90642877522095,4.427083333333333,4427.083333333333,0.6588043804814122,658.8043804814122,0.6588043804814122,658.8043804814122,unique_exposed_swept_capsule_mass,acquisition_time_density
E,10.0,78.53981633974483,2.5,4.908738521234052,4.908738521234052,0.1,1.0,0.5,0.5 g/cm^3,95.0,3600.0,26.38888888888889,52.77777777777778,derived_from_throughput,0.6719875374991137,6.719875374991137,2.894736842105263,1.945227082234276,19.45227082234276,0.7780908328937104,4.86306770558569,9.771806226819741,0.49087385212340523,0.49087385212340523,0.4863067705585691,0.9771806226819741,0.24543692606170261,245.43692606170262,0.24315338527928454,243.15338527928455,0.48859031134098707,488.59031134098706,488.59031134098706,4.774305555555555,4774.305555555556,0.710475312283876,710.475312283876,0.710475312283876,710.475312283876,unique_exposed_swept_capsule_mass,acquisition_time_density
E,10.0,78.53981633974483,2.5,4.908738521234052,4.908738521234052,0.1,1.0,0.5,0.5 g/cm^3,95.0,3600.0,26.38888888888889,52.77777777777778,derived_from_throughput,0.6719875374991137,6.719875374991137,3.1052631578947367,2.0866981427604054,20.866981427604053,0.8346792571041621,5.216745356901013,10.125483878135064,0.49087385212340523,0.49087385212340523,0.5216745356901014,1.0125483878135064,0.24543692606170261,245.43692606170262,0.2608372678450507,260.8372678450507,0.5062741939067532,506.2741939067532,506.2741939067532,5.121527777777778,5121.527777777777,0.7621462440863397,762.1462440863397,0.7621462440863397,762.1462440863397,unique_exposed_swept_capsule_mass,acquisition_time_density
E,10.0,78.53981633974483,2.5,4.908738521234052,4.908738521234052,0.1,1.0,0.5,0.5 g/cm^3,95.0,3600.0,26.38888888888889,52.77777777777778,derived_from_throughput,0.6719875374991137,6.719875374991137,3.3157894736842106,2.228169203286535,22.28169203286535,0.891267681314614,5.570423008216338,10.47916152945039,0.49087385212340523,0.49087385212340523,0.5570423008216338,1.0479161529450391,0.24543692606170261,245.43692606170262,0.2785211504108169,278.52115041081686,0.5239580764725196,523.9580764725196,523.9580764725196,5.46875,5468.75,0.8138171758888034,813.8171758888034,0.8138171758888034,813.8171758888034,unique_exposed_swept_capsule_mass,acquisition_time_density
E,10.0,78.53981633974483,2.5,4.908738521234052,4.908738521234052,0.1,1.0,0.5,0.5 g/cm^3,95.0,3600.0,26.38888888888889,52.77777777777778,derived_from_throughput,0.6719875374991137,6.719875374991137,3.526315789473684,2.3696402638126637,23.696402638126635,0.9478561055250655,5.924100659531659,10.83283918076571,0.49087385212340523,0.49087385212340523,0.5924100659531659,1.083283918076571,0.24543692606170261,245.43692606170262,0.29620503297658296,296.20503297658297,0.5416419590382855,541.6419590382854,541.6419590382854,5.815972222222222,5815.972222222223,0.865488107691267,865.488107691267,0.865488107691267,865.488107691267,unique_exposed_swept_capsule_mass,acquisition_time_density
E,10.0,78.53981633974483,2.5,4.908738521234052,4.908738521234052,0.1,1.0,0.5,0.5 g/cm^3,95.0,3600.0,26.38888888888889,52.77777777777778,derived_from_throughput,0.6719875374991137,6.719875374991137,3.7368421052631575,2.511111324338793,25.111113243387926,1.0044445297355171,6.277778310846982,11.186516832081033,0.49087385212340523,0.49087385212340523,0.6277778310846982,1.1186516832081033,0.24543692606170261,245.43692606170262,0.3138889155423491,313.8889155423491,0.5593258416040516,559.3258416040517,559.3258416040517,6.163194444444444,6163.194444444443,0.9171590394937308,917.1590394937308,0.9171590394937308,917.1590394937308,unique_exposed_swept_capsule_mass,acquisition_time_density
E,10.0,78.53981633974483,2.5,4.908738521234052,4.908738521234052,0.1,1.0,0.5,0.5 g/cm^3,95.0,3600.0,26.38888888888889,52.77777777777778,derived_from_throughput,0.6719875374991137,6.719875374991137,3.9473684210526314,2.6525823848649224,26.525823848649225,1.0610329539459689,6.631455962162306,11.540194483396359,0.49087385212340523,0.49087385212340523,0.6631455962162307,1.154019448339636,0.24543692606170261,245.43692606170262,0.33157279810811535,331.57279810811536,0.577009724169818,577.009724169818,577.009724169818,6.510416666666666,6510.416666666666,0.9688299712961945,968.8299712961946,0.9688299712961945,968.8299712961946,unique_exposed_swept_capsule_mass,acquisition_time_density
E,10.0,78.53981633974483,2.5,4.908738521234052,4.908738521234052,0.1,1.0,0.5,0.5 g/cm^3,95.0,3600.0,26.38888888888889,52.77777777777778,derived_from_throughput,0.6719875374991137,6.719875374991137,4.157894736842105,2.7940534453910515,27.940534453910516,1.1176213781564206,6.985133613477629,11.893872134711682,0.49087385212340523,0.49087385212340523,0.698513361347763,1.1893872134711683,0.24543692606170261,245.43692606170262,0.3492566806738815,349.2566806738815,0.5946936067355841,594.6936067355841,594.6936067355841,6.857638888888889,6857.63888888889,1.0205009030986583,1020.5009030986582,1.0205009030986583,1020.5009030986582,unique_exposed_swept_capsule_mass,acquisition_time_density
E,10.0,78.53981633974483,2.5,4.908738521234052,4.908738521234052,0.1,1.0,0.5,0.5 g/cm^3,95.0,3600.0,26.38888888888889,52.77777777777778,derived_from_throughput,0.6719875374991137,6.719875374991137,4.368421052631579,2.9355245059171806,29.355245059171807,1.1742098023668723,7.338811264792952,12.247549786027005,0.49087385212340523,0.49087385212340523,0.7338811264792953,1.2247549786027006,0.24543692606170261,245.43692606170262,0.36694056323964763,366.94056323964764,0.6123774893013503,612.3774893013502,612.3774893013502,7.204861111111111,7204.86111111111,1.072171834901122,1072.171834901122,1.072171834901122,1072.171834901122,unique_exposed_swept_capsule_mass,acquisition_time_density
E,10.0,78.53981633974483,2.5,4.908738521234052,4.908738521234052,0.1,1.0,0.5,0.5 g/cm^3,95.0,3600.0,26.38888888888889,52.77777777777778,derived_from_throughput,0.6719875374991137,6.719875374991137,4.578947368421052,3.0769955664433097,30.7699556644331,1.2307982265773239,7.692488916108275,12.601227437342327,0.49087385212340523,0.49087385212340523,0.7692488916108275,1.2601227437342328,0.24543692606170261,245.43692606170262,0.3846244458054138,384.62444580541376,0.6300613718671164,630.0613718671165,630.0613718671165,7.552083333333333,7552.083333333333,1.1238427667035855,1123.8427667035855,1.1238427667035855,1123.8427667035855,unique_exposed_swept_capsule_mass,acquisition_time_density
E,10.0,78.53981633974483,2.5,4.908738521234052,4.908738521234052,0.1,1.0,0.5,0.5 g/cm^3,95.0,3600.0,26.38888888888889,52.77777777777778,derived_from_throughput,0.6719875374991137,6.719875374991137,4.789473684210526,3.218466626969439,32.18466626969439,1.2873866507877756,8.046166567423597,12.95490508865765,0.49087385212340523,0.49087385212340523,0.8046166567423598,1.2954905088657651,0.24543692606170261,245.43692606170262,0.4023083283711799,402.3083283711799,0.6477452544328826,647.7452544328826,647.7452544328826,7.8993055555555545,7899.305555555555,1.1755136985060493,1175.5136985060492,1.1755136985060493,1175.5136985060492,unique_exposed_swept_capsule_mass,acquisition_time_density
E,10.0,78.53981633974483,2.5,4.908738521234052,4.908738521234052,0.1,1.0,0.5,0.5 g/cm^3,95.0,3600.0,26.38888888888889,52.77777777777778,derived_from_throughput,0.6719875374991137,6.719875374991137,5.0,3.3599376874955684,33.59937687495568,1.3439750749982273,8.39984421873892,13.308582739972973,0.49087385212340523,0.49087385212340523,0.8399844218738921,1.3308582739972974,0.24543692606170261,245.43692606170262,0.41999221093694605,419.99221093694604,0.6654291369986487,665.4291369986487,665.4291369986487,8.246527777777779,8246.52777777778,1.227184630308513,1227.184630308513,1.227184630308513,1227.184630308513,unique_exposed_swept_capsule_mass,acquisition_time_density
E,10.0,78.53981633974483,2.5,4.908738521234052,4.908738521234052,0.1,1.0,0.6,0.6 g/cm^3,95.0,3600.0,26.38888888888889,43.98148148148148,derived_from_throughput,0.5599896145825947,5.599896145825946,1.0,0.5599896145825947,5.599896145825946,0.22399584583303786,1.3999740364564865,6.308712557690539,0.49087385212340523,0.49087385212340523,0.13999740364564867,0.6308712557690539,0.2945243112740431,294.5243112740431,0.0839984421873892,83.99844218738919,0.3785227534614323,378.52275346143233,378.52275346143233,1.6493055555555556,1649.3055555555557,0.2945243112740431,294.5243112740431,0.2945243112740431,294.5243112740431,unique_exposed_swept_capsule_mass,acquisition_time_density
E,10.0,78.53981633974483,2.5,4.908738521234052,4.908738521234052,0.1,1.0,0.6,0.6 g/cm^3,95.0,3600.0,26.38888888888889,43.98148148148148,derived_from_throughput,0.5599896145825947,5.599896145825946,1.2105263157894737,0.6778821650210356,6.7788216502103555,0.27115286600841426,1.6947054125525889,6.603443933786641,0.49087385212340523,0.49087385212340523,0.1694705412552589,0.6603443933786641,0.2945243112740431,294.5243112740431,0.10168232475315533,101.68232475315533,0.39620663602719847,396.20663602719844,396.20663602719844,1.9965277777777777,1996.5277777777776,0.35652942943699956,356.5294294369996,0.35652942943699956,356.5294294369996,unique_exposed_swept_capsule_mass,acquisition_time_density
E,10.0,78.53981633974483,2.5,4.908738521234052,4.908738521234052,0.1,1.0,0.6,0.6 g/cm^3,95.0,3600.0,26.38888888888889,43.98148148148148,derived_from_throughput,0.5599896145825947,5.599896145825946,1.4210526315789473,0.7957747154594766,7.957747154594767,0.31830988618379064,1.9894367886486917,6.898175309882744,0.49087385212340523,0.49087385212340523,0.1989436788648692,0.6898175309882744,0.2945243112740431,294.5243112740431,0.1193662073189215,119.3662073189215,0.4138905185929646,413.8905185929646,413.8905185929646,2.34375,2343.75,0.418534547599956,418.534547599956,0.418534547599956,418.534547599956,unique_exposed_swept_capsule_mass,acquisition_time_density
E,10.0,78.53981633974483,2.5,4.908738521234052,4.908738521234052,0.1,1.0,0.6,0.6 g/cm^3,95.0,3600.0,26.38888888888889,43.98148148148148,derived_from_throughput,0.5599896145825947,5.599896145825946,1.631578947368421,0.9136672658979176,9.136672658979176,0.365466906359167,2.284168164744794,7.192906685978846,0.49087385212340523,0.49087385212340523,0.22841681647447942,0.7192906685978846,0.2945243112740431,294.5243112740431,0.13705008988468764,137.05008988468765,0.43157440115873075,431.5744011587307,431.5744011587307,2.6909722222222223,2690.972222222222,0.4805396657629124,480.5396657629124,0.4805396657629124,480.5396657629124,unique_exposed_swept_capsule_mass,acquisition_time_density
E,10.0,78.53981633974483,2.5,4.908738521234052,4.908738521234052,0.1,1.0,0.6,0.6 g/cm^3,95.0,3600.0,26.38888888888889,43.98148148148148,derived_from_throughput,0.5599896145825947,5.599896145825946,1.8421052631578947,1.0315598163363586,10.315598163363585,0.41262392653454344,2.5788995408408963,7.487638062074948,0.49087385212340523,0.49087385212340523,0.25788995408408966,0.7487638062074948,0.2945243112740431,294.5243112740431,0.15473397245045378,154.7339724504538,0.4492582837244969,449.2582837244969,449.2582837244969,3.038194444444444,3038.1944444444443,0.5425447839258689,542.544783925869,0.5425447839258689,542.544783925869,unique_exposed_swept_capsule_mass,acquisition_time_density
E,10.0,78.53981633974483,2.5,4.908738521234052,4.908738521234052,0.1,1.0,0.6,0.6 g/cm^3,95.0,3600.0,26.38888888888889,43.98148148148148,derived_from_throughput,0.5599896145825947,5.599896145825946,2.052631578947368,1.1494523667747993,11.494523667747993,0.45978094670991976,2.8736309169369982,7.782369438171051,0.49087385212340523,0.49087385212340523,0.28736309169369983,0.7782369438171051,0.2945243112740431,294.5243112740431,0.1724178550162199,172.4178550162199,0.466942166290263,466.942166290263,466.942166290263,3.385416666666666,3385.416666666666,0.6045499020888252,604.5499020888252,0.6045499020888252,604.5499020888252,unique_exposed_swept_capsule_mass,acquisition_time_density
E,10.0,78.53981633974483,2.5,4.908738521234052,4.908738521234052,0.1,1.0,0.6,0.6 g/cm^3,95.0,3600.0,26.38888888888889,43.98148148148148,derived_from_throughput,0.5599896145825947,5.599896145825946,2.263157894736842,1.2673449172132405,12.673449172132404,0.5069379668852962,3.168362293033101,8.077100814267153,0.49087385212340523,0.49087385212340523,0.3168362293033101,0.8077100814267153,0.2945243112740431,294.5243112740431,0.19010173758198606,190.10173758198607,0.48462604885602917,484.6260488560292,484.6260488560292,3.732638888888889,3732.6388888888887,0.6665550202517817,666.5550202517817,0.6665550202517817,666.5550202517817,unique_exposed_swept_capsule_mass,acquisition_time_density
E,10.0,78.53981633974483,2.5,4.908738521234052,4.908738521234052,0.1,1.0,0.6,0.6 g/cm^3,95.0,3600.0,26.38888888888889,43.98148148148148,derived_from_throughput,0.5599896145825947,5.599896145825946,2.473684210526316,1.3852374676516817,13.852374676516817,0.5540949870606726,3.4630936691292042,8.371832190363257,0.49087385212340523,0.49087385212340523,0.34630936691292047,0.8371832190363258,0.2945243112740431,294.5243112740431,0.2077856201477523,207.7856201477523,0.5023099314217955,502.30993142179545,502.30993142179545,4.079861111111112,4079.8611111111118,0.7285601384147382,728.5601384147382,0.7285601384147382,728.5601384147382,unique_exposed_swept_capsule_mass,acquisition_time_density
E,10.0,78.53981633974483,2.5,4.908738521234052,4.908738521234052,0.1,1.0,0.6,0.6 g/cm^3,95.0,3600.0,26.38888888888889,43.98148148148148,derived_from_throughput,0.5599896145825947,5.599896145825946,2.6842105263157894,1.5031300180901224,15.031300180901223,0.601252007236049,3.7578250452253057,8.666563566459358,0.49087385212340523,0.49087385212340523,0.3757825045225306,0.8666563566459358,0.2945243112740431,294.5243112740431,0.22546950271351834,225.46950271351835,0.5199938139875614,519.9938139875613,519.9938139875613,4.427083333333333,4427.083333333333,0.7905652565776946,790.5652565776946,0.7905652565776946,790.5652565776946,unique_exposed_swept_capsule_mass,acquisition_time_density
E,10.0,78.53981633974483,2.5,4.908738521234052,4.908738521234052,0.1,1.0,0.6,0.6 g/cm^3,95.0,3600.0,26.38888888888889,43.98148148148148,derived_from_throughput,0.5599896145825947,5.599896145825946,2.894736842105263,1.6210225685285633,16.210225685285632,0.6484090274114254,4.052556421321408,8.96129494255546,0.49087385212340523,0.49087385212340523,0.4052556421321408,0.896129494255546,0.2945243112740431,294.5243112740431,0.24315338527928448,243.1533852792845,0.5376776965533275,537.6776965533276,537.6776965533276,4.774305555555555,4774.305555555556,0.852570374740651,852.570374740651,0.852570374740651,852.570374740651,unique_exposed_swept_capsule_mass,acquisition_time_density
E,10.0,78.53981633974483,2.5,4.908738521234052,4.908738521234052,0.1,1.0,0.6,0.6 g/cm^3,95.0,3600.0,26.38888888888889,43.98148148148148,derived_from_throughput,0.5599896145825947,5.599896145825946,3.1052631578947367,1.7389151189670045,17.389151189670045,0.6955660475868017,4.347287797417511,9.256026318651564,0.49087385212340523,0.49087385212340523,0.43472877974175117,0.9256026318651565,0.2945243112740431,294.5243112740431,0.2608372678450507,260.8372678450507,0.5553615791190939,555.3615791190939,555.3615791190939,5.121527777777778,5121.527777777777,0.9145754929036075,914.5754929036075,0.9145754929036075,914.5754929036075,unique_exposed_swept_capsule_mass,acquisition_time_density
E,10.0,78.53981633974483,2.5,4.908738521234052,4.908738521234052,0.1,1.0,0.6,0.6 g/cm^3,95.0,3600.0,26.38888888888889,43.98148148148148,derived_from_throughput,0.5599896145825947,5.599896145825946,3.3157894736842106,1.8568076694054456,18.568076694054454,0.7427230677621782,4.642019173513614,9.550757694747666,0.49087385212340523,0.49087385212340523,0.4642019173513614,0.9550757694747667,0.2945243112740431,294.5243112740431,0.2785211504108168,278.5211504108168,0.57304546168486,573.04546168486,573.04546168486,5.46875,5468.75,0.976580611066564,976.5806110665641,0.976580611066564,976.5806110665641,unique_exposed_swept_capsule_mass,acquisition_time_density
E,10.0,78.53981633974483,2.5,4.908738521234052,4.908738521234052,0.1,1.0,0.6,0.6 g/cm^3,95.0,3600.0,26.38888888888889,43.98148148148148,derived_from_throughput,0.5599896145825947,5.599896145825946,3.526315789473684,1.9747002198438863,19.747002198438864,0.7898800879375545,4.936750549609716,9.845489070843769,0.49087385212340523,0.49087385212340523,0.49367505496097164,0.9845489070843769,0.2945243112740431,294.5243112740431,0.29620503297658296,296.20503297658297,0.5907293442506262,590.7293442506261,590.7293442506261,5.815972222222222,5815.972222222223,1.0385857292295204,1038.5857292295204,1.0385857292295204,1038.5857292295204,unique_exposed_swept_capsule_mass,acquisition_time_density
E,10.0,78.53981633974483,2.5,4.908738521234052,4.908738521234052,0.1,1.0,0.6,0.6 g/cm^3,95.0,3600.0,26.38888888888889,43.98148148148148,derived_from_throughput,0.5599896145825947,5.599896145825946,3.7368421052631575,2.092592770282327,20.92592770282327,0.8370371081129309,5.231481925705817,10.14022044693987,0.49087385212340523,0.49087385212340523,0.5231481925705818,1.014022044693987,0.2945243112740431,294.5243112740431,0.31388891554234905,313.888915542349,0.6084132268163921,608.4132268163921,608.4132268163921,6.163194444444444,6163.194444444443,1.1005908473924768,1100.590847392477,1.1005908473924768,1100.590847392477,unique_exposed_swept_capsule_mass,acquisition_time_density
E,10.0,78.53981633974483,2.5,4.908738521234052,4.908738521234052,0.1,1.0,0.6,0.6 g/cm^3,95.0,3600.0,26.38888888888889,43.98148148148148,derived_from_throughput,0.5599896145825947,5.599896145825946,3.9473684210526314,2.2104853207207684,22.104853207207682,0.8841941282883073,5.526213301801921,10.434951823035973,0.49087385212340523,0.49087385212340523,0.5526213301801921,1.0434951823035974,0.2945243112740431,294.5243112740431,0.33157279810811524,331.57279810811525,0.6260971093821585,626.0971093821585,626.0971093821585,6.510416666666666,6510.416666666666,1.1625959655554332,1162.5959655554332,1.1625959655554332,1162.5959655554332,unique_exposed_swept_capsule_mass,acquisition_time_density
E,10.0,78.53981633974483,2.5,4.908738521234052,4.908738521234052,0.1,1.0,0.6,0.6 g/cm^3,95.0,3600.0,26.38888888888889,43.98148148148148,derived_from_throughput,0.5599896145825947,5.599896145825946,4.157894736842105,2.3283778711592094,23.283778711592092,0.9313511484636837,5.820944677898023,10.729683199132076,0.49087385212340523,0.49087385212340523,0.5820944677898023,1.0729683199132076,0.2945243112740431,294.5243112740431,0.3492566806738814,349.25668067388136,0.6437809919479246,643.7809919479246,643.7809919479246,6.857638888888889,6857.63888888889,1.2246010837183898,1224.6010837183899,1.2246010837183898,1224.6010837183899,unique_exposed_swept_capsule_mass,acquisition_time_density
E,10.0,78.53981633974483,2.5,4.908738521234052,4.908738521234052,0.1,1.0,0.6,0.6 g/cm^3,95.0,3600.0,26.38888888888889,43.98148148148148,derived_from_throughput,0.5599896145825947,5.599896145825946,4.368421052631579,2.4462704215976503,24.4627042159765,0.9785081686390601,6.115676053994125,11.024414575228178,0.49087385212340523,0.49087385212340523,0.6115676053994126,1.1024414575228179,0.2945243112740431,294.5243112740431,0.3669405632396475,366.94056323964753,0.6614648745136907,661.4648745136907,661.4648745136907,7.204861111111111,7204.86111111111,1.2866062018813462,1286.6062018813461,1.2866062018813462,1286.6062018813461,unique_exposed_swept_capsule_mass,acquisition_time_density
E,10.0,78.53981633974483,2.5,4.908738521234052,4.908738521234052,0.1,1.0,0.6,0.6 g/cm^3,95.0,3600.0,26.38888888888889,43.98148148148148,derived_from_throughput,0.5599896145825947,5.599896145825946,4.578947368421052,2.5641629720360912,25.64162972036091,1.0256651888144366,6.410407430090228,11.31914595132428,0.49087385212340523,0.49087385212340523,0.6410407430090228,1.131914595132428,0.2945243112740431,294.5243112740431,0.38462444580541366,384.62444580541364,0.6791487570794569,679.1487570794569,679.1487570794569,7.552083333333333,7552.083333333333,1.3486113200443026,1348.6113200443026,1.3486113200443026,1348.6113200443026,unique_exposed_swept_capsule_mass,acquisition_time_density
E,10.0,78.53981633974483,2.5,4.908738521234052,4.908738521234052,0.1,1.0,0.6,0.6 g/cm^3,95.0,3600.0,26.38888888888889,43.98148148148148,derived_from_throughput,0.5599896145825947,5.599896145825946,4.789473684210526,2.682055522474532,26.82055522474532,1.072822208989813,6.70513880618633,11.613877327420383,0.49087385212340523,0.49087385212340523,0.670513880618633,1.1613877327420383,0.2945243112740431,294.5243112740431,0.4023083283711798,402.3083283711798,0.696832639645223,696.832639645223,696.832639645223,7.8993055555555545,7899.305555555555,1.4106164382072588,1410.6164382072589,1.4106164382072588,1410.6164382072589,unique_exposed_swept_capsule_mass,acquisition_time_density
E,10.0,78.53981633974483,2.5,4.908738521234052,4.908738521234052,0.1,1.0,0.6,0.6 g/cm^3,95.0,3600.0,26.38888888888889,43.98148148148148,derived_from_throughput,0.5599896145825947,5.599896145825946,5.0,2.799948072912973,27.99948072912973,1.1199792291651893,6.999870182282432,11.908608703516485,0.49087385212340523,0.49087385212340523,0.6999870182282433,1.1908608703516486,0.2945243112740431,294.5243112740431,0.41999221093694594,419.9922109369459,0.7145165222109892,714.5165222109891,714.5165222109891,8.246527777777779,8246.52777777778,1.4726215563702154,1472.6215563702153,1.4726215563702154,1472.6215563702153,unique_exposed_swept_capsule_mass,acquisition_time_density
E,10.0,78.53981633974483,2.5,4.908738521234052,4.908738521234052,0.1,1.0,0.4,0.4 g/cm^3,10.0,3600.0,2.7777777777777777,6.944444444444444,derived_from_throughput,0.08841941282883073,0.8841941282883072,1.0,0.08841941282883073,0.8841941282883072,0.035367765131532294,0.2210485320720768,5.129787053306129,0.49087385212340523,0.49087385212340523,0.022104853207207682,0.5129787053306128,0.1963495408493621,196.34954084936209,0.008841941282883074,8.841941282883074,0.20519148213224514,205.19148213224514,205.19148213224514,0.1736111111111111,173.61111111111111,0.1963495408493621,196.34954084936209,0.1963495408493621,196.34954084936209,unique_exposed_swept_capsule_mass,throughput_acquisition_density
E,10.0,78.53981633974483,2.5,4.908738521234052,4.908738521234052,0.1,1.0,0.4,0.4 g/cm^3,10.0,3600.0,2.7777777777777777,6.944444444444444,derived_from_throughput,0.08841941282883073,0.8841941282883072,1.2105263157894737,0.10703402605595298,1.0703402605595298,0.042813610422381194,0.26758506513988245,5.176323586373934,0.49087385212340523,0.49087385212340523,0.026758506513988246,0.5176323586373934,0.1963495408493621,196.34954084936209,0.010703402605595299,10.703402605595299,0.2070529434549574,207.0529434549574,207.0529434549574,0.21016081871345027,210.16081871345028,0.23768628629133307,237.68628629133306,0.23768628629133307,237.68628629133306,unique_exposed_swept_capsule_mass,throughput_acquisition_density
E,10.0,78.53981633974483,2.5,4.908738521234052,4.908738521234052,0.1,1.0,0.4,0.4 g/cm^3,10.0,3600.0,2.7777777777777777,6.944444444444444,derived_from_throughput,0.08841941282883073,0.8841941282883072,1.4210526315789473,0.12564863928307524,1.2564863928307524,0.050259455713230095,0.3141215982076881,5.22286011944174,0.49087385212340523,0.49087385212340523,0.03141215982076881,0.522286011944174,0.1963495408493621,196.34954084936209,0.012564863928307524,12.564863928307524,0.20891440477766962,208.91440477766963,208.91440477766963,0.24671052631578946,246.71052631578945,0.279023031733304,279.023031733304,0.279023031733304,279.023031733304,unique_exposed_swept_capsule_mass,throughput_acquisition_density
E,10.0,78.53981633974483,2.5,4.908738521234052,4.908738521234052,0.1,1.0,0.4,0.4 g/cm^3,10.0,3600.0,2.7777777777777777,6.944444444444444,derived_from_throughput,0.08841941282883073,0.8841941282883072,1.631578947368421,0.1442632525101975,1.442632525101975,0.057705301004079,0.36065813127549373,5.2693966525095455,0.49087385212340523,0.49087385212340523,0.036065813127549376,0.5269396652509546,0.1963495408493621,196.34954084936209,0.01442632525101975,14.426325251019751,0.21077586610038185,210.77586610038185,210.77586610038185,0.28326023391812866,283.2602339181287,0.320359777175275,320.359777175275,0.320359777175275,320.359777175275,unique_exposed_swept_capsule_mass,throughput_acquisition_density
E,10.0,78.53981633974483,2.5,4.908738521234052,4.908738521234052,0.1,1.0,0.4,0.4 g/cm^3,10.0,3600.0,2.7777777777777777,6.944444444444444,derived_from_throughput,0.08841941282883073,0.8841941282883072,1.8421052631578947,0.16287786573731977,1.6287786573731977,0.06515114629492791,0.40719466434329943,5.315933185577351,0.49087385212340523,0.49087385212340523,0.04071946643432994,0.5315933185577352,0.1963495408493621,196.34954084936209,0.016287786573731977,16.287786573731978,0.21263732742309407,212.63732742309406,212.63732742309406,0.3198099415204678,319.8099415204678,0.36169652261724594,361.69652261724593,0.36169652261724594,361.69652261724593,unique_exposed_swept_capsule_mass,throughput_acquisition_density
E,10.0,78.53981633974483,2.5,4.908738521234052,4.908738521234052,0.1,1.0,0.4,0.4 g/cm^3,10.0,3600.0,2.7777777777777777,6.944444444444444,derived_from_throughput,0.08841941282883073,0.8841941282883072,2.052631578947368,0.181492478964442,1.81492478964442,0.0725969915857768,0.453731197411105,5.362469718645157,0.49087385212340523,0.49087385212340523,0.0453731197411105,0.5362469718645156,0.1963495408493621,196.34954084936209,0.0181492478964442,18.1492478964442,0.21449878874580627,214.49878874580628,214.49878874580628,0.35635964912280693,356.35964912280696,0.4030332680592169,403.03326805921694,0.4030332680592169,403.03326805921694,unique_exposed_swept_capsule_mass,throughput_acquisition_density
E,10.0,78.53981633974483,2.5,4.908738521234052,4.908738521234052,0.1,1.0,0.4,0.4 g/cm^3,10.0,3600.0,2.7777777777777777,6.944444444444444,derived_from_throughput,0.08841941282883073,0.8841941282883072,2.263157894736842,0.20010709219156428,2.001070921915643,0.08004283687662571,0.5002677304789107,5.409006251712963,0.49087385212340523,0.49087385212340523,0.05002677304789108,0.5409006251712963,0.1963495408493621,196.34954084936209,0.02001070921915643,20.010709219156432,0.21636025006851856,216.36025006851855,216.36025006851855,0.39290935672514615,392.90935672514615,0.4443700135011879,444.3700135011879,0.4443700135011879,444.3700135011879,unique_exposed_swept_capsule_mass,throughput_acquisition_density
E,10.0,78.53981633974483,2.5,4.908738521234052,4.908738521234052,0.1,1.0,0.4,0.4 g/cm^3,10.0,3600.0,2.7777777777777777,6.944444444444444,derived_from_throughput,0.08841941282883073,0.8841941282883072,2.473684210526316,0.21872170541868655,2.1872170541868656,0.08748868216747462,0.5468042635467164,5.455542784780769,0.49087385212340523,0.49087385212340523,0.054680426354671643,0.5455542784780769,0.1963495408493621,196.34954084936209,0.021872170541868657,21.87217054186866,0.21822171139123078,218.22171139123077,218.22171139123077,0.4294590643274854,429.45906432748535,0.4857067589431589,485.7067589431589,0.4857067589431589,485.7067589431589,unique_exposed_swept_capsule_mass,throughput_acquisition_density
E,10.0,78.53981633974483,2.5,4.908738521234052,4.908738521234052,0.1,1.0,0.4,0.4 g/cm^3,10.0,3600.0,2.7777777777777777,6.944444444444444,derived_from_throughput,0.08841941282883073,0.8841941282883072,2.6842105263157894,0.23733631864580879,2.373363186458088,0.09493452745832351,0.593340796614522,5.502079317848574,0.49087385212340523,0.49087385212340523,0.0593340796614522,0.5502079317848575,0.1963495408493621,196.34954084936209,0.023733631864580884,23.733631864580886,0.220083172713943,220.08317271394301,220.08317271394301,0.46600877192982454,466.00877192982455,0.5270435043851298,527.0435043851298,0.5270435043851298,527.0435043851298,unique_exposed_swept_capsule_mass,throughput_acquisition_density
E,10.0,78.53981633974483,2.5,4.908738521234052,4.908738521234052,0.1,1.0,0.4,0.4 g/cm^3,10.0,3600.0,2.7777777777777777,6.944444444444444,derived_from_throughput,0.08841941282883073,0.8841941282883072,2.894736842105263,0.25595093187293105,2.5595093187293108,0.10238037274917242,0.6398773296823277,5.54861585091638,0.49087385212340523,0.49087385212340523,0.06398773296823278,0.554861585091638,0.1963495408493621,196.34954084936209,0.02559509318729311,25.59509318729311,0.2219446340366552,221.9446340366552,221.9446340366552,0.5025584795321637,502.5584795321637,0.5683802498271008,568.3802498271008,0.5683802498271008,568.3802498271008,unique_exposed_swept_capsule_mass,throughput_acquisition_density
E,10.0,78.53981633974483,2.5,4.908738521234052,4.908738521234052,0.1,1.0,0.4,0.4 g/cm^3,10.0,3600.0,2.7777777777777777,6.944444444444444,derived_from_throughput,0.08841941282883073,0.8841941282883072,3.1052631578947367,0.2745655451000533,2.745655451000533,0.10982621804002132,0.6864138627501333,5.5951523839841855,0.49087385212340523,0.49087385212340523,0.06864138627501333,0.5595152383984185,0.1963495408493621,196.34954084936209,0.027456554510005334,27.456554510005333,0.22380609535936744,223.80609535936745,223.80609535936745,0.5391081871345029,539.1081871345029,0.6097169952690717,609.7169952690717,0.6097169952690717,609.7169952690717,unique_exposed_swept_capsule_mass,throughput_acquisition_density
E,10.0,78.53981633974483,2.5,4.908738521234052,4.908738521234052,0.1,1.0,0.4,0.4 g/cm^3,10.0,3600.0,2.7777777777777777,6.944444444444444,derived_from_throughput,0.08841941282883073,0.8841941282883072,3.3157894736842106,0.2931801583271756,2.931801583271756,0.11727206333087023,0.732950395817939,5.641688917051991,0.49087385212340523,0.49087385212340523,0.0732950395817939,0.5641688917051991,0.1963495408493621,196.34954084936209,0.02931801583271756,29.31801583271756,0.22566755668207966,225.66755668207966,225.66755668207966,0.5756578947368421,575.6578947368422,0.6510537407110427,651.0537407110427,0.6510537407110427,651.0537407110427,unique_exposed_swept_capsule_mass,throughput_acquisition_density
E,10.0,78.53981633974483,2.5,4.908738521234052,4.908738521234052,0.1,1.0,0.4,0.4 g/cm^3,10.0,3600.0,2.7777777777777777,6.944444444444444,derived_from_throughput,0.08841941282883073,0.8841941282883072,3.526315789473684,0.3117947715542978,3.117947715542978,0.12471790862171912,0.7794869288857444,5.688225450119797,0.49087385212340523,0.49087385212340523,0.07794869288857445,0.5688225450119797,0.1963495408493621,196.34954084936209,0.03117947715542978,31.17947715542978,0.2275290180047919,227.52901800479188,227.52901800479188,0.6122076023391813,612.2076023391812,0.6923904861530137,692.3904861530137,0.6923904861530137,692.3904861530137,unique_exposed_swept_capsule_mass,throughput_acquisition_density
E,10.0,78.53981633974483,2.5,4.908738521234052,4.908738521234052,0.1,1.0,0.4,0.4 g/cm^3,10.0,3600.0,2.7777777777777777,6.944444444444444,derived_from_throughput,0.08841941282883073,0.8841941282883072,3.7368421052631575,0.33040938478142007,3.3040938478142006,0.13216375391256802,0.8260234619535501,5.734761983187602,0.49087385212340523,0.49087385212340523,0.08260234619535502,0.5734761983187603,0.1963495408493621,196.34954084936209,0.03304093847814201,33.04093847814201,0.22939047932750412,229.39047932750412,229.39047932750412,0.6487573099415204,648.7573099415204,0.7337272315949847,733.7272315949847,0.7337272315949847,733.7272315949847,unique_exposed_swept_capsule_mass,throughput_acquisition_density
E,10.0,78.53981633974483,2.5,4.908738521234052,4.908738521234052,0.1,1.0,0.4,0.4 g/cm^3,10.0,3600.0,2.7777777777777777,6.944444444444444,derived_from_throughput,0.08841941282883073,0.8841941282883072,3.9473684210526314,0.34902399800854234,3.4902399800854234,0.13960959920341692,0.8725599950213558,5.781298516255408,0.49087385212340523,0.49087385212340523,0.08725599950213558,0.5781298516255408,0.1963495408493621,196.34954084936209,0.03490239980085424,34.90239980085424,0.23125194065021631,231.2519406502163,231.2519406502163,0.6853070175438596,685.3070175438596,0.7750639770369556,775.0639770369556,0.7750639770369556,775.0639770369556,unique_exposed_swept_capsule_mass,throughput_acquisition_density
E,10.0,78.53981633974483,2.5,4.908738521234052,4.908738521234052,0.1,1.0,0.4,0.4 g/cm^3,10.0,3600.0,2.7777777777777777,6.944444444444444,derived_from_throughput,0.08841941282883073,0.8841941282883072,4.157894736842105,0.3676386112356646,3.676386112356646,0.14705544449426583,0.9190965280891615,5.827835049323213,0.49087385212340523,0.49087385212340523,0.09190965280891616,0.5827835049323213,0.1963495408493621,196.34954084936209,0.036763861123566464,36.763861123566464,0.23311340197292854,233.11340197292853,233.11340197292853,0.7218567251461988,721.8567251461988,0.8164007224789266,816.4007224789266,0.8164007224789266,816.4007224789266,unique_exposed_swept_capsule_mass,throughput_acquisition_density
E,10.0,78.53981633974483,2.5,4.908738521234052,4.908738521234052,0.1,1.0,0.4,0.4 g/cm^3,10.0,3600.0,2.7777777777777777,6.944444444444444,derived_from_throughput,0.08841941282883073,0.8841941282883072,4.368421052631579,0.38625322446278687,3.862532244627869,0.15450128978511474,0.9656330611569672,5.874371582391019,0.49087385212340523,0.49087385212340523,0.09656330611569673,0.5874371582391019,0.1963495408493621,196.34954084936209,0.0386253224462787,38.6253224462787,0.23497486329564077,234.97486329564077,234.97486329564077,0.7584064327485379,758.4064327485379,0.8577374679208976,857.7374679208975,0.8577374679208976,857.7374679208975,unique_exposed_swept_capsule_mass,throughput_acquisition_density
E,10.0,78.53981633974483,2.5,4.908738521234052,4.908738521234052,0.1,1.0,0.4,0.4 g/cm^3,10.0,3600.0,2.7777777777777777,6.944444444444444,derived_from_throughput,0.08841941282883073,0.8841941282883072,4.578947368421052,0.4048678376899091,4.04867837689909,0.16194713507596364,1.0121695942247726,5.920908115458825,0.49087385212340523,0.49087385212340523,0.10121695942247727,0.5920908115458825,0.1963495408493621,196.34954084936209,0.04048678376899091,40.48678376899091,0.23683632461835302,236.83632461835302,236.83632461835302,0.7949561403508771,794.9561403508771,0.8990742133628685,899.0742133628685,0.8990742133628685,899.0742133628685,unique_exposed_swept_capsule_mass,throughput_acquisition_density
E,10.0,78.53981633974483,2.5,4.908738521234052,4.908738521234052,0.1,1.0,0.4,0.4 g/cm^3,10.0,3600.0,2.7777777777777777,6.944444444444444,derived_from_throughput,0.08841941282883073,0.8841941282883072,4.789473684210526,0.42348245091703135,4.234824509170314,0.16939298036681255,1.0587061272925784,5.96744464852663,0.49087385212340523,0.49087385212340523,0.10587061272925785,0.5967444648526631,0.1963495408493621,196.34954084936209,0.042348245091703145,42.34824509170314,0.23869778594106525,238.69778594106526,238.69778594106526,0.8315058479532162,831.5058479532163,0.9404109588048394,940.4109588048394,0.9404109588048394,940.4109588048394,unique_exposed_swept_capsule_mass,throughput_acquisition_density
E,10.0,78.53981633974483,2.5,4.908738521234052,4.908738521234052,0.1,1.0,0.4,0.4 g/cm^3,10.0,3600.0,2.7777777777777777,6.944444444444444,derived_from_throughput,0.08841941282883073,0.8841941282883072,5.0,0.4420970641441536,4.420970641441536,0.17683882565766146,1.105242660360384,6.013981181594436,0.49087385212340523,0.49087385212340523,0.1105242660360384,0.6013981181594437,0.1963495408493621,196.34954084936209,0.044209706414415365,44.209706414415365,0.24055924726377748,240.55924726377748,240.55924726377748,0.8680555555555556,868.0555555555555,0.9817477042468105,981.7477042468105,0.9817477042468105,981.7477042468105,unique_exposed_swept_capsule_mass,throughput_acquisition_density
E,10.0,78.53981633974483,2.5,4.908738521234052,4.908738521234052,0.1,1.0,0.4,0.4 g/cm^3,14.736842105263158,3600.0,4.093567251461988,10.23391812865497,derived_from_throughput,0.13030229258985582,1.3030229258985582,1.0,0.13030229258985582,1.3030229258985582,0.05212091703594233,0.32575573147463954,5.234494252708691,0.49087385212340523,0.49087385212340523,0.032575573147463954,0.5234494252708691,0.1963495408493621,196.34954084936209,0.013030229258985582,13.030229258985582,0.20937977010834766,209.37977010834766,209.37977010834766,0.25584795321637427,255.84795321637426,0.1963495408493621,196.34954084936209,0.1963495408493621,196.34954084936209,unique_exposed_swept_capsule_mass,throughput_acquisition_density
E,10.0,78.53981633974483,2.5,4.908738521234052,4.908738521234052,0.1,1.0,0.4,0.4 g/cm^3,14.736842105263158,3600.0,4.093567251461988,10.23391812865497,derived_from_throughput,0.13030229258985582,1.3030229258985582,1.2105263157894737,0.1577343541877202,1.577343541877202,0.06309374167508808,0.3943358854693005,5.303074406703352,0.49087385212340523,0.49087385212340523,0.03943358854693005,0.5303074406703353,0.1963495408493621,196.34954084936209,0.01577343541877202,15.773435418772019,0.21212297626813414,212.12297626813415,212.12297626813415,0.30971068020929515,309.71068020929516,0.23768628629133307,237.68628629133306,0.23768628629133307,237.68628629133306,unique_exposed_swept_capsule_mass,throughput_acquisition_density
E,10.0,78.53981633974483,2.5,4.908738521234052,4.908738521234052,0.1,1.0,0.4,0.4 g/cm^3,14.736842105263158,3600.0,4.093567251461988,10.23391812865497,derived_from_throughput,0.13030229258985582,1.3030229258985582,1.4210526315789473,0.18516641578558457,1.8516641578558457,0.07406656631423383,0.4629160394639614,5.371654560698014,0.49087385212340523,0.49087385212340523,0.04629160394639614,0.5371654560698014,0.1963495408493621,196.34954084936209,0.01851664157855846,18.51664157855846,0.21486618242792055,214.86618242792053,214.86618242792053,0.36357340720221604,363.57340720221606,0.279023031733304,279.023031733304,0.279023031733304,279.023031733304,unique_exposed_swept_capsule_mass,throughput_acquisition_density
E,10.0,78.53981633974483,2.5,4.908738521234052,4.908738521234052,0.1,1.0,0.4,0.4 g/cm^3,14.736842105263158,3600.0,4.093567251461988,10.23391812865497,derived_from_throughput,0.13030229258985582,1.3030229258985582,1.631578947368421,0.21259847738344895,2.1259847738344897,0.08503939095337958,0.5314961934586224,5.440234714692674,0.49087385212340523,0.49087385212340523,0.053149619345862244,0.5440234714692674,0.1963495408493621,196.34954084936209,0.021259847738344897,21.2598477383449,0.21760938858770698,217.60938858770697,217.60938858770697,0.417436134195137,417.43613419513696,0.320359777175275,320.359777175275,0.320359777175275,320.359777175275,unique_exposed_swept_capsule_mass,throughput_acquisition_density
E,10.0,78.53981633974483,2.5,4.908738521234052,4.908738521234052,0.1,1.0,0.4,0.4 g/cm^3,14.736842105263158,3600.0,4.093567251461988,10.23391812865497,derived_from_throughput,0.13030229258985582,1.3030229258985582,1.8421052631578947,0.24003053898131335,2.4003053898131337,0.09601221559252535,0.6000763474532834,5.5088148686873355,0.49087385212340523,0.49087385212340523,0.060007634745328345,0.5508814868687336,0.1963495408493621,196.34954084936209,0.02400305389813134,24.00305389813134,0.22035259474749347,220.35259474749347,220.35259474749347,0.47129886118805786,471.29886118805786,0.36169652261724594,361.69652261724593,0.36169652261724594,361.69652261724593,unique_exposed_swept_capsule_mass,throughput_acquisition_density
E,10.0,78.53981633974483,2.5,4.908738521234052,4.908738521234052,0.1,1.0,0.4,0.4 g/cm^3,14.736842105263158,3600.0,4.093567251461988,10.23391812865497,derived_from_throughput,0.13030229258985582,1.3030229258985582,2.052631578947368,0.2674626005791777,2.674626005791777,0.10698504023167107,0.6686565014479442,5.577395022681996,0.49087385212340523,0.49087385212340523,0.06686565014479443,0.5577395022681996,0.1963495408493621,196.34954084936209,0.026746260057917772,26.746260057917773,0.22309580090727985,223.09580090727985,223.09580090727985,0.5251615881809787,525.1615881809787,0.4030332680592169,403.03326805921694,0.4030332680592169,403.03326805921694,unique_exposed_swept_capsule_mass,throughput_acquisition_density
E,10.0,78.53981633974483,2.5,4.908738521234052,4.908738521234052,0.1,1.0,0.4,0.4 g/cm^3,14.736842105263158,3600.0,4.093567251461988,10.23391812865497,derived_from_throughput,0.13030229258985582,1.3030229258985582,2.263157894736842,0.2948946621770421,2.9489466217704208,0.11795786487081683,0.7372366554426052,5.645975176676657,0.49087385212340523,0.49087385212340523,0.07372366554426052,0.5645975176676657,0.1963495408493621,196.34954084936209,0.029489466217704208,29.48946621770421,0.2258390070670663,225.83900706706632,225.83900706706632,0.5790243151738996,579.0243151738996,0.4443700135011879,444.3700135011879,0.4443700135011879,444.3700135011879,unique_exposed_swept_capsule_mass,throughput_acquisition_density
E,10.0,78.53981633974483,2.5,4.908738521234052,4.908738521234052,0.1,1.0,0.4,0.4 g/cm^3,14.736842105263158,3600.0,4.093567251461988,10.23391812865497,derived_from_throughput,0.13030229258985582,1.3030229258985582,2.473684210526316,0.3223267237749065,3.223267237749065,0.12893068950996261,0.8058168094372663,5.714555330671319,0.49087385212340523,0.49087385212340523,0.08058168094372664,0.5714555330671319,0.1963495408493621,196.34954084936209,0.03223267237749066,32.23267237749066,0.2285822132268528,228.5822132268528,228.5822132268528,0.6328870421668206,632.8870421668206,0.4857067589431589,485.7067589431589,0.4857067589431589,485.7067589431589,unique_exposed_swept_capsule_mass,throughput_acquisition_density
E,10.0,78.53981633974483,2.5,4.908738521234052,4.908738521234052,0.1,1.0,0.4,0.4 g/cm^3,14.736842105263158,3600.0,4.093567251461988,10.23391812865497,derived_from_throughput,0.13030229258985582,1.3030229258985582,2.6842105263157894,0.3497587853727709,3.4975878537277088,0.13990351414910834,0.8743969634319272,5.783135484665979,0.49087385212340523,0.49087385212340523,0.08743969634319272,0.5783135484665979,0.1963495408493621,196.34954084936209,0.03497587853727709,34.97587853727709,0.23132541938663917,231.32541938663917,231.32541938663917,0.6867497691597414,686.7497691597414,0.5270435043851298,527.0435043851298,0.5270435043851298,527.0435043851298,unique_exposed_swept_capsule_mass,throughput_acquisition_density
E,10.0,78.53981633974483,2.5,4.908738521234052,4.908738521234052,0.1,1.0,0.4,0.4 g/cm^3,14.736842105263158,3600.0,4.093567251461988,10.23391812865497,derived_from_throughput,0.13030229258985582,1.3030229258985582,2.894736842105263,0.3771908469706352,3.771908469706352,0.15087633878825407,0.942977117426588,5.8517156386606395,0.49087385212340523,0.49087385212340523,0.0942977117426588,0.585171563866064,0.1963495408493621,196.34954084936209,0.037719084697063525,37.71908469706352,0.2340686255464256,234.0686255464256,234.0686255464256,0.7406124961526622,740.6124961526622,0.5683802498271008,568.3802498271008,0.5683802498271008,568.3802498271008,unique_exposed_swept_capsule_mass,throughput_acquisition_density
E,10.0,78.53981633974483,2.5,4.908738521234052,4.908738521234052,0.1,1.0,0.4,0.4 g/cm^3,14.736842105263158,3600.0,4.093567251461988,10.23391812865497,derived_from_throughput,0.13030229258985582,1.3030229258985582,3.1052631578947367,0.40462290856849964,4.046229085684996,0.16184916342739986,1.011557271421249,5.920295792655301,0.49087385212340523,0.49087385212340523,0.10115572714212491,0.5920295792655301,0.1963495408493621,196.34954084936209,0.040462290856849964,40.46229085684996,0.23681183170621206,236.81183170621208,236.81183170621208,0.7944752231455833,794.4752231455833,0.6097169952690717,609.7169952690717,0.6097169952690717,609.7169952690717,unique_exposed_swept_capsule_mass,throughput_acquisition_density
E,10.0,78.53981633974483,2.5,4.908738521234052,4.908738521234052,0.1,1.0,0.4,0.4 g/cm^3,14.736842105263158,3600.0,4.093567251461988,10.23391812865497,derived_from_throughput,0.13030229258985582,1.3030229258985582,3.3157894736842106,0.432054970166364,4.32054970166364,0.1728219880665456,1.08013742541591,5.988875946649962,0.49087385212340523,0.49087385212340523,0.108013742541591,0.5988875946649962,0.1963495408493621,196.34954084936209,0.0432054970166364,43.2054970166364,0.2395550378659985,239.5550378659985,239.5550378659985,0.8483379501385042,848.3379501385042,0.6510537407110427,651.0537407110427,0.6510537407110427,651.0537407110427,unique_exposed_swept_capsule_mass,throughput_acquisition_density
E,10.0,78.53981633974483,2.5,4.908738521234052,4.908738521234052,0.1,1.0,0.4,0.4 g/cm^3,14.736842105263158,3600.0,4.093567251461988,10.23391812865497,derived_from_throughput,0.13030229258985582,1.3030229258985582,3.526315789473684,0.4594870317642284,4.594870317642284,0.18379481270569137,1.148717579410571,6.0574561006446235,0.49087385212340523,0.49087385212340523,0.11487175794105711,0.6057456100644624,0.1963495408493621,196.34954084936209,0.04594870317642285,45.948703176422846,0.24229824402578495,242.29824402578495,242.29824402578495,0.902200677131425,902.2006771314251,0.6923904861530137,692.3904861530137,0.6923904861530137,692.3904861530137,unique_exposed_swept_capsule_mass,throughput_acquisition_density
E,10.0,78.53981633974483,2.5,4.908738521234052,4.908738521234052,0.1,1.0,0.4,0.4 g/cm^3,14.736842105263158,3600.0,4.093567251461988,10.23391812865497,derived_from_throughput,0.13030229258985582,1.3030229258985582,3.7368421052631575,0.4869190933620927,4.869190933620927,0.1947676373448371,1.2172977334052317,6.126036254639284,0.49087385212340523,0.49087385212340523,0.12172977334052318,0.6126036254639284,0.1963495408493621,196.34954084936209,0.048691909336209274,48.69190933620927,0.24504145018557139,245.0414501855714,245.0414501855714,0.9560634041243459,956.0634041243459,0.7337272315949847,733.7272315949847,0.7337272315949847,733.7272315949847,unique_exposed_swept_capsule_mass,throughput_acquisition_density
E,10.0,78.53981633974483,2.5,4.908738521234052,4.908738521234052,0.1,1.0,0.4,0.4 g/cm^3,14.736842105263158,3600.0,4.093567251461988,10.23391812865497,derived_from_throughput,0.13030229258985582,1.3030229258985582,3.9473684210526314,0.5143511549599572,5.143511549599572,0.20574046198398288,1.285877887399893,6.194616408633945,0.49087385212340523,0.49087385212340523,0.1285877887399893,0.6194616408633946,0.1963495408493621,196.34954084936209,0.05143511549599572,51.43511549599572,0.24778465634535785,247.78465634535786,247.78465634535786,1.0099261311172667,1009.9261311172667,0.7750639770369556,775.0639770369556,0.7750639770369556,775.0639770369556,unique_exposed_swept_capsule_mass,throughput_acquisition_density
E,10.0,78.53981633974483,2.5,4.908738521234052,4.908738521234052,0.1,1.0,0.4,0.4 g/cm^3,14.736842105263158,3600.0,4.093567251461988,10.23391812865497,derived_from_throughput,0.13030229258985582,1.3030229258985582,4.157894736842105,0.5417832165578216,5.417832165578216,0.21671328662312864,1.354458041394554,6.263196562628606,0.49087385212340523,0.49087385212340523,0.1354458041394554,0.6263196562628606,0.1963495408493621,196.34954084936209,0.05417832165578216,54.178321655782156,0.25052786250514425,250.52786250514424,250.52786250514424,1.0637888581101878,1063.7888581101877,0.8164007224789266,816.4007224789266,0.8164007224789266,816.4007224789266,unique_exposed_swept_capsule_mass,throughput_acquisition_density
E,10.0,78.53981633974483,2.5,4.908738521234052,4.908738521234052,0.1,1.0,0.4,0.4 g/cm^3,14.736842105263158,3600.0,4.093567251461988,10.23391812865497,derived_from_throughput,0.13030229258985582,1.3030229258985582,4.368421052631579,0.569215278155686,5.692152781556859,0.2276861112622744,1.4230381953892148,6.331776716623267,0.49087385212340523,0.49087385212340523,0.1423038195389215,0.6331776716623267,0.1963495408493621,196.34954084936209,0.0569215278155686,56.921527815568595,0.2532710686649307,253.2710686649307,253.2710686649307,1.1176515851031086,1117.6515851031086,0.8577374679208976,857.7374679208975,0.8577374679208976,857.7374679208975,unique_exposed_swept_capsule_mass,throughput_acquisition_density
E,10.0,78.53981633974483,2.5,4.908738521234052,4.908738521234052,0.1,1.0,0.4,0.4 g/cm^3,14.736842105263158,3600.0,4.093567251461988,10.23391812865497,derived_from_throughput,0.13030229258985582,1.3030229258985582,4.578947368421052,0.5966473397535502,5.966473397535502,0.2386589359014201,1.4916183493838755,6.4003568706179275,0.49087385212340523,0.49087385212340523,0.14916183493838756,0.6400356870617928,0.1963495408493621,196.34954084936209,0.059664733975355023,59.66473397535503,0.2560142748247171,256.0142748247171,256.0142748247171,1.1715143120960294,1171.5143120960295,0.8990742133628685,899.0742133628685,0.8990742133628685,899.0742133628685,unique_exposed_swept_capsule_mass,throughput_acquisition_density
E,10.0,78.53981633974483,2.5,4.908738521234052,4.908738521234052,0.1,1.0,0.4,0.4 g/cm^3,14.736842105263158,3600.0,4.093567251461988,10.23391812865497,derived_from_throughput,0.13030229258985582,1.3030229258985582,4.789473684210526,0.6240794013514146,6.2407940135141455,0.24963176054056585,1.5601985033785364,6.468937024612588,0.49087385212340523,0.49087385212340523,0.15601985033785365,0.6468937024612589,0.1963495408493621,196.34954084936209,0.06240794013514146,62.407940135141466,0.2587574809845036,258.75748098450356,258.75748098450356,1.2253770390889502,1225.3770390889501,0.9404109588048394,940.4109588048394,0.9404109588048394,940.4109588048394,unique_exposed_swept_capsule_mass,throughput_acquisition_density
E,10.0,78.53981633974483,2.5,4.908738521234052,4.908738521234052,0.1,1.0,0.4,0.4 g/cm^3,14.736842105263158,3600.0,4.093567251461988,10.23391812865497,derived_from_throughput,0.13030229258985582,1.3030229258985582,5.0,0.6515114629492791,6.515114629492791,0.26060458517971163,1.6287786573731977,6.537517178607249,0.49087385212340523,0.49087385212340523,0.16287786573731977,0.653751717860725,0.1963495408493621,196.34954084936209,0.06515114629492791,65.15114629492791,0.26150068714429,261.50068714429,261.50068714429,1.2792397660818713,1279.2397660818713,0.9817477042468105,981.7477042468105,0.9817477042468105,981.7477042468105,unique_exposed_swept_capsule_mass,throughput_acquisition_density
E,10.0,78.53981633974483,2.5,4.908738521234052,4.908738521234052,0.1,1.0,0.4,0.4 g/cm^3,19.473684210526315,3600.0,5.409356725146199,13.523391812865496,derived_from_throughput,0.1721851723508809,1.721851723508809,1.0,0.1721851723508809,1.721851723508809,0.06887406894035236,0.4304629308772023,5.339201452111254,0.49087385212340523,0.49087385212340523,0.04304629308772023,0.5339201452111254,0.1963495408493621,196.34954084936209,0.017218517235088094,17.218517235088093,0.21356805808445017,213.56805808445017,213.56805808445017,0.33808479532163743,338.08479532163744,0.1963495408493621,196.34954084936209,0.1963495408493621,196.34954084936209,unique_exposed_swept_capsule_mass,throughput_acquisition_density
E,10.0,78.53981633974483,2.5,4.908738521234052,4.908738521234052,0.1,1.0,0.4,0.4 g/cm^3,19.473684210526315,3600.0,5.409356725146199,13.523391812865496,derived_from_throughput,0.1721851723508809,1.721851723508809,1.2105263157894737,0.20843468231948742,2.084346823194874,0.08337387292779497,0.5210867057987185,5.4298252270327705,0.49087385212340523,0.49087385212340523,0.052108670579871855,0.5429825227032771,0.1963495408493621,196.34954084936209,0.020843468231948742,20.84346823194874,0.21719300908131084,217.19300908131083,217.19300908131083,0.40926054170514004,409.26054170514004,0.23768628629133307,237.68628629133306,0.23768628629133307,237.68628629133306,unique_exposed_swept_capsule_mass,throughput_acquisition_density
E,10.0,78.53981633974483,2.5,4.908738521234052,4.908738521234052,0.1,1.0,0.4,0.4 g/cm^3,19.473684210526315,3600.0,5.409356725146199,13.523391812865496,derived_from_throughput,0.1721851723508809,1.721851723508809,1.4210526315789473,0.2446841922880939,2.446841922880939,0.09787367691523756,0.6117104807202347,5.520449001954287,0.49087385212340523,0.49087385212340523,0.061171048072023476,0.5520449001954287,0.1963495408493621,196.34954084936209,0.024468419228809393,24.468419228809392,0.2208179600781715,220.8179600781715,220.8179600781715,0.48043628808864264,480.43628808864264,0.279023031733304,279.023031733304,0.279023031733304,279.023031733304,unique_exposed_swept_capsule_mass,throughput_acquisition_density
E,10.0,78.53981633974483,2.5,4.908738521234052,4.908738521234052,0.1,1.0,0.4,0.4 g/cm^3,19.473684210526315,3600.0,5.409356725146199,13.523391812865496,derived_from_throughput,0.1721851723508809,1.721851723508809,1.631578947368421,0.2809337022567004,2.809337022567004,0.11237348090268015,0.702334255641751,5.611072776875803,0.49087385212340523,0.49087385212340523,0.0702334255641751,0.5611072776875803,0.1963495408493621,196.34954084936209,0.02809337022567004,28.093370225670043,0.22444291107503211,224.4429110750321,224.4429110750321,0.5516120344721452,551.6120344721453,0.320359777175275,320.359777175275,0.320359777175275,320.359777175275,unique_exposed_swept_capsule_mass,throughput_acquisition_density
E,10.0,78.53981633974483,2.5,4.908738521234052,4.908738521234052,0.1,1.0,0.4,0.4 g/cm^3,19.473684210526315,3600.0,5.409356725146199,13.523391812865496,derived_from_throughput,0.1721851723508809,1.721851723508809,1.8421052631578947,0.31718321222530693,3.171832122253069,0.12687328489012278,0.7929580305632673,5.701696551797319,0.49087385212340523,0.49087385212340523,0.07929580305632673,0.570169655179732,0.1963495408493621,196.34954084936209,0.031718321222530696,31.718321222530697,0.22806786207189278,228.0678620718928,228.0678620718928,0.6227877808556479,622.787780855648,0.36169652261724594,361.69652261724593,0.36169652261724594,361.69652261724593,unique_exposed_swept_capsule_mass,throughput_acquisition_density
E,10.0,78.53981633974483,2.5,4.908738521234052,4.908738521234052,0.1,1.0,0.4,0.4 g/cm^3,19.473684210526315,3600.0,5.409356725146199,13.523391812865496,derived_from_throughput,0.1721851723508809,1.721851723508809,2.052631578947368,0.35343272219391336,3.5343272219391335,0.14137308887756533,0.8835818054847834,5.792320326718835,0.49087385212340523,0.49087385212340523,0.08835818054847834,0.5792320326718835,0.1963495408493621,196.34954084936209,0.03534327221939134,35.34327221939134,0.23169281306875342,231.69281306875342,231.69281306875342,0.6939635272391504,693.9635272391505,0.4030332680592169,403.03326805921694,0.4030332680592169,403.03326805921694,unique_exposed_swept_capsule_mass,throughput_acquisition_density
E,10.0,78.53981633974483,2.5,4.908738521234052,4.908738521234052,0.1,1.0,0.4,0.4 g/cm^3,19.473684210526315,3600.0,5.409356725146199,13.523391812865496,derived_from_throughput,0.1721851723508809,1.721851723508809,2.263157894736842,0.3896822321625199,3.896822321625199,0.15587289286500797,0.9742055804062998,5.882944101640351,0.49087385212340523,0.49087385212340523,0.09742055804062999,0.5882944101640352,0.1963495408493621,196.34954084936209,0.038968223216252,38.968223216252,0.23531776406561408,235.31776406561409,235.31776406561409,0.7651392736226531,765.1392736226531,0.4443700135011879,444.3700135011879,0.4443700135011879,444.3700135011879,unique_exposed_swept_capsule_mass,throughput_acquisition_density
E,10.0,78.53981633974483,2.5,4.908738521234052,4.908738521234052,0.1,1.0,0.4,0.4 g/cm^3,19.473684210526315,3600.0,5.409356725146199,13.523391812865496,derived_from_throughput,0.1721851723508809,1.721851723508809,2.473684210526316,0.4259317421311265,4.259317421311265,0.1703726968524506,1.0648293553278163,5.9735678765618685,0.49087385212340523,0.49087385212340523,0.10648293553278164,0.5973567876561868,0.1963495408493621,196.34954084936209,0.04259317421311266,42.593174213112654,0.23894271506247475,238.94271506247475,238.94271506247475,0.8363150200061558,836.3150200061558,0.4857067589431589,485.7067589431589,0.4857067589431589,485.7067589431589,unique_exposed_swept_capsule_mass,throughput_acquisition_density
E,10.0,78.53981633974483,2.5,4.908738521234052,4.908738521234052,0.1,1.0,0.4,0.4 g/cm^3,19.473684210526315,3600.0,5.409356725146199,13.523391812865496,derived_from_throughput,0.1721851723508809,1.721851723508809,2.6842105263157894,0.46218125209973293,4.621812520997329,0.18487250083989318,1.1554531302493323,6.064191651483384,0.49087385212340523,0.49087385212340523,0.11554531302493323,0.6064191651483384,0.1963495408493621,196.34954084936209,0.046218125209973294,46.218125209973294,0.24256766605933536,242.56766605933535,242.56766605933535,0.9074907663896583,907.4907663896583,0.5270435043851298,527.0435043851298,0.5270435043851298,527.0435043851298,unique_exposed_swept_capsule_mass,throughput_acquisition_density
E,10.0,78.53981633974483,2.5,4.908738521234052,4.908738521234052,0.1,1.0,0.4,0.4 g/cm^3,19.473684210526315,3600.0,5.409356725146199,13.523391812865496,derived_from_throughput,0.1721851723508809,1.721851723508809,2.894736842105263,0.4984307620683394,4.984307620683394,0.19937230482733576,1.2460769051708485,6.1548154264049,0.49087385212340523,0.49087385212340523,0.12460769051708485,0.61548154264049,0.1963495408493621,196.34954084936209,0.049843076206833946,49.84307620683395,0.24619261705619602,246.192617056196,246.192617056196,0.9786665127731609,978.6665127731609,0.5683802498271008,568.3802498271008,0.5683802498271008,568.3802498271008,unique_exposed_swept_capsule_mass,throughput_acquisition_density
E,10.0,78.53981633974483,2.5,4.908738521234052,4.908738521234052,0.1,1.0,0.4,0.4 g/cm^3,19.473684210526315,3600.0,5.409356725146199,13.523391812865496,derived_from_throughput,0.1721851723508809,1.721851723508809,3.1052631578947367,0.5346802720369459,5.346802720369459,0.21387210881477836,1.3367006800923646,6.245439201326416,0.49087385212340523,0.49087385212340523,0.13367006800923648,0.6245439201326417,0.1963495408493621,196.34954084936209,0.05346802720369459,53.46802720369459,0.2498175680530567,249.81756805305668,249.81756805305668,1.0498422591566636,1049.8422591566637,0.6097169952690717,609.7169952690717,0.6097169952690717,609.7169952690717,unique_exposed_swept_capsule_mass,throughput_acquisition_density
E,10.0,78.53981633974483,2.5,4.908738521234052,4.908738521234052,0.1,1.0,0.4,0.4 g/cm^3,19.473684210526315,3600.0,5.409356725146199,13.523391812865496,derived_from_throughput,0.1721851723508809,1.721851723508809,3.3157894736842106,0.5709297820055524,5.709297820055524,0.22837191280222097,1.427324455013881,6.336062976247933,0.49087385212340523,0.49087385212340523,0.1427324455013881,0.6336062976247934,0.1963495408493621,196.34954084936209,0.05709297820055525,57.09297820055525,0.2534425190499174,253.4425190499174,253.4425190499174,1.1210180055401662,1121.018005540166,0.6510537407110427,651.0537407110427,0.6510537407110427,651.0537407110427,unique_exposed_swept_capsule_mass,throughput_acquisition_density
E,10.0,78.53981633974483,2.5,4.908738521234052,4.908738521234052,0.1,1.0,0.4,0.4 g/cm^3,19.473684210526315,3600.0,5.409356725146199,13.523391812865496,derived_from_throughput,0.1721851723508809,1.721851723508809,3.526315789473684,0.607179291974159,6.07179291974159,0.2428717167896636,1.5179482299353975,6.426686751169449,0.49087385212340523,0.49087385212340523,0.15179482299353975,0.642668675116945,0.1963495408493621,196.34954084936209,0.0607179291974159,60.7179291974159,0.25706747004677805,257.06747004677806,257.06747004677806,1.1921937519236687,1192.1937519236687,0.6923904861530137,692.3904861530137,0.6923904861530137,692.3904861530137,unique_exposed_swept_capsule_mass,throughput_acquisition_density
E,10.0,78.53981633974483,2.5,4.908738521234052,4.908738521234052,0.1,1.0,0.4,0.4 g/cm^3,19.473684210526315,3600.0,5.409356725146199,13.523391812865496,derived_from_throughput,0.1721851723508809,1.721851723508809,3.7368421052631575,0.6434288019427654,6.434288019427655,0.2573715207771062,1.6085720048569137,6.517310526090966,0.49087385212340523,0.49087385212340523,0.16085720048569138,0.6517310526090966,0.1963495408493621,196.34954084936209,0.06434288019427656,64.34288019427656,0.26069242104363866,260.69242104363866,260.69242104363866,1.2633694983071713,1263.3694983071712,0.7337272315949847,733.7272315949847,0.7337272315949847,733.7272315949847,unique_exposed_swept_capsule_mass,throughput_acquisition_density
E,10.0,78.53981633974483,2.5,4.908738521234052,4.908738521234052,0.1,1.0,0.4,0.4 g/cm^3,19.473684210526315,3600.0,5.409356725146199,13.523391812865496,derived_from_throughput,0.1721851723508809,1.721851723508809,3.9473684210526314,0.679678311911372,6.796783119113719,0.2718713247645488,1.6991957797784298,6.607934301012482,0.49087385212340523,0.49087385212340523,0.169919577977843,0.6607934301012482,0.1963495408493621,196.34954084936209,0.0679678311911372,67.9678311911372,0.2643173720404993,264.3173720404993,264.3173720404993,1.334545244690674,1334.545244690674,0.7750639770369556,775.0639770369556,0.7750639770369556,775.0639770369556,unique_exposed_swept_capsule_mass,throughput_acquisition_density
E,10.0,78.53981633974483,2.5,4.908738521234052,4.908738521234052,0.1,1.0,0.4,0.4 g/cm^3,19.473684210526315,3600.0,5.409356725146199,13.523391812865496,derived_from_throughput,0.1721851723508809,1.721851723508809,4.157894736842105,0.7159278218799785,7.159278218799785,0.2863711287519914,1.7898195546999462,6.698558075933998,0.49087385212340523,0.49087385212340523,0.17898195546999462,0.6698558075933998,0.1963495408493621,196.34954084936209,0.07159278218799785,71.59278218799784,0.26794232303735993,267.9423230373599,267.9423230373599,1.4057209910741768,1405.7209910741767,0.8164007224789266,816.4007224789266,0.8164007224789266,816.4007224789266,unique_exposed_swept_capsule_mass,throughput_acquisition_density
E,10.0,78.53981633974483,2.5,4.908738521234052,4.908738521234052,0.1,1.0,0.4,0.4 g/cm^3,19.473684210526315,3600.0,5.409356725146199,13.523391812865496,derived_from_throughput,0.1721851723508809,1.721851723508809,4.368421052631579,0.7521773318485849,7.521773318485849,0.300870932739434,1.8804433296214622,6.789181850855514,0.49087385212340523,0.49087385212340523,0.18804433296214623,0.6789181850855515,0.1963495408493621,196.34954084936209,0.0752177331848585,75.2177331848585,0.2715672740342206,271.5672740342206,271.5672740342206,1.4768967374576794,1476.8967374576794,0.8577374679208976,857.7374679208975,0.8577374679208976,857.7374679208975,unique_exposed_swept_capsule_mass,throughput_acquisition_density
E,10.0,78.53981633974483,2.5,4.908738521234052,4.908738521234052,0.1,1.0,0.4,0.4 g/cm^3,19.473684210526315,3600.0,5.409356725146199,13.523391812865496,derived_from_throughput,0.1721851723508809,1.721851723508809,4.578947368421052,0.7884268418171915,7.8842684181719145,0.3153707367268766,1.9710671045429786,6.87980562577703,0.49087385212340523,0.49087385212340523,0.19710671045429787,0.6879805625777031,0.1963495408493621,196.34954084936209,0.07884268418171915,78.84268418171915,0.27519222503108126,275.19222503108125,275.19222503108125,1.5480724838411817,1548.0724838411816,0.8990742133628685,899.0742133628685,0.8990742133628685,899.0742133628685,unique_exposed_swept_capsule_mass,throughput_acquisition_density
E,10.0,78.53981633974483,2.5,4.908738521234052,4.908738521234052,0.1,1.0,0.4,0.4 g/cm^3,19.473684210526315,3600.0,5.409356725146199,13.523391812865496,derived_from_throughput,0.1721851723508809,1.721851723508809,4.789473684210526,0.8246763517857979,8.246763517857978,0.32987054071431915,2.0616908794644946,6.9704294006985466,0.49087385212340523,0.49087385212340523,0.20616908794644948,0.6970429400698547,0.1963495408493621,196.34954084936209,0.0824676351785798,82.4676351785798,0.27881717602794187,278.81717602794185,278.81717602794185,1.6192482302246842,1619.2482302246842,0.9404109588048394,940.4109588048394,0.9404109588048394,940.4109588048394,unique_exposed_swept_capsule_mass,throughput_acquisition_density
E,10.0,78.53981633974483,2.5,4.908738521234052,4.908738521234052,0.1,1.0,0.4,0.4 g/cm^3,19.473684210526315,3600.0,5.409356725146199,13.523391812865496,derived_from_throughput,0.1721851723508809,1.721851723508809,5.0,0.8609258617544046,8.609258617544045,0.3443703447017618,2.152314654386011,7.061053175620064,0.49087385212340523,0.49087385212340523,0.21523146543860114,0.7061053175620065,0.1963495408493621,196.34954084936209,0.08609258617544047,86.09258617544046,0.2824421270248026,282.4421270248026,282.4421270248026,1.6904239766081872,1690.4239766081873,0.9817477042468105,981.7477042468105,0.9817477042468105,981.7477042468105,unique_exposed_swept_capsule_mass,throughput_acquisition_density
E,10.0,78.53981633974483,2.5,4.908738521234052,4.908738521234052,0.1,1.0,0.4,0.4 g/cm^3,24.210526315789473,3600.0,6.7251461988304095,16.81286549707602,derived_from_throughput,0.214068052111906,2.14068052111906,1.0,0.214068052111906,2.14068052111906,0.0856272208447624,0.535170130279765,5.443908651513817,0.49087385212340523,0.49087385212340523,0.053517013027976505,0.5443908651513817,0.1963495408493621,196.34954084936209,0.021406805211190604,21.406805211190605,0.2177563460605527,217.7563460605527,217.7563460605527,0.4203216374269006,420.3216374269006,0.1963495408493621,196.34954084936209,0.1963495408493621,196.34954084936209,unique_exposed_swept_capsule_mass,throughput_acquisition_density
E,10.0,78.53981633974483,2.5,4.908738521234052,4.908738521234052,0.1,1.0,0.4,0.4 g/cm^3,24.210526315789473,3600.0,6.7251461988304095,16.81286549707602,derived_from_throughput,0.214068052111906,2.14068052111906,1.2105263157894737,0.25913501045125464,2.5913501045125464,0.10365400418050186,0.6478375261281366,5.556576047362189,0.49087385212340523,0.49087385212340523,0.06478375261281366,0.5556576047362188,0.1963495408493621,196.34954084936209,0.025913501045125464,25.913501045125464,0.22226304189448753,222.26304189448754,222.26304189448754,0.5088104032009849,508.8104032009849,0.23768628629133307,237.68628629133306,0.23768628629133307,237.68628629133306,unique_exposed_swept_capsule_mass,throughput_acquisition_density
E,10.0,78.53981633974483,2.5,4.908738521234052,4.908738521234052,0.1,1.0,0.4,0.4 g/cm^3,24.210526315789473,3600.0,6.7251461988304095,16.81286549707602,derived_from_throughput,0.214068052111906,2.14068052111906,1.4210526315789473,0.30420196879060324,3.0420196879060324,0.1216807875162413,0.7605049219765081,5.66924344321056,0.49087385212340523,0.49087385212340523,0.07605049219765081,0.566924344321056,0.1963495408493621,196.34954084936209,0.030420196879060325,30.420196879060324,0.2267697377284224,226.7697377284224,226.7697377284224,0.5972991689750693,597.2991689750693,0.279023031733304,279.023031733304,0.279023031733304,279.023031733304,unique_exposed_swept_capsule_mass,throughput_acquisition_density
E,10.0,78.53981633974483,2.5,4.908738521234052,4.908738521234052,0.1,1.0,0.4,0.4 g/cm^3,24.210526315789473,3600.0,6.7251461988304095,16.81286549707602,derived_from_throughput,0.214068052111906,2.14068052111906,1.631578947368421,0.3492689271299519,3.492689271299519,0.13970757085198077,0.8731723178248797,5.7819108390589316,0.49087385212340523,0.49087385212340523,0.08731723178248797,0.5781910839058931,0.1963495408493621,196.34954084936209,0.03492689271299519,34.92689271299519,0.23127643356235728,231.27643356235728,231.27643356235728,0.6857879347491536,685.7879347491536,0.320359777175275,320.359777175275,0.320359777175275,320.359777175275,unique_exposed_swept_capsule_mass,throughput_acquisition_density
E,10.0,78.53981633974483,2.5,4.908738521234052,4.908738521234052,0.1,1.0,0.4,0.4 g/cm^3,24.210526315789473,3600.0,6.7251461988304095,16.81286549707602,derived_from_throughput,0.214068052111906,2.14068052111906,1.8421052631578947,0.3943358854693005,3.9433588546930047,0.1577343541877202,0.9858397136732512,5.8945782349073035,0.49087385212340523,0.49087385212340523,0.09858397136732512,0.5894578234907304,0.1963495408493621,196.34954084936209,0.03943358854693005,39.43358854693005,0.23578312939629217,235.78312939629217,235.78312939629217,0.7742767005232379,774.276700523238,0.36169652261724594,361.69652261724593,0.36169652261724594,361.69652261724593,unique_exposed_swept_capsule_mass,throughput_acquisition_density
E,10.0,78.53981633974483,2.5,4.908738521234052,4.908738521234052,0.1,1.0,0.4,0.4 g/cm^3,24.210526315789473,3600.0,6.7251461988304095,16.81286549707602,derived_from_throughput,0.214068052111906,2.14068052111906,2.052631578947368,0.4394028438086491,4.394028438086491,0.17576113752345962,1.0985071095216228,6.0072456307556745,0.49087385212340523,0.49087385212340523,0.10985071095216228,0.6007245630755675,0.1963495408493621,196.34954084936209,0.04394028438086492,43.94028438086492,0.24028982523022702,240.28982523022702,240.28982523022702,0.8627654662973222,862.7654662973222,0.4030332680592169,403.03326805921694,0.4030332680592169,403.03326805921694,unique_exposed_swept_capsule_mass,throughput_acquisition_density
E,10.0,78.53981633974483,2.5,4.908738521234052,4.908738521234052,0.1,1.0,0.4,0.4 g/cm^3,24.210526315789473,3600.0,6.7251461988304095,16.81286549707602,derived_from_throughput,0.214068052111906,2.14068052111906,2.263157894736842,0.4844698021479978,4.844698021479978,0.1937879208591991,1.2111745053699945,6.1199130266040465,0.49087385212340523,0.49087385212340523,0.12111745053699946,0.6119913026604047,0.1963495408493621,196.34954084936209,0.04844698021479979,48.44698021479979,0.2447965210641619,244.79652106416188,244.79652106416188,0.9512542320714066,951.2542320714066,0.4443700135011879,444.3700135011879,0.4443700135011879,444.3700135011879,unique_exposed_swept_capsule_mass,throughput_acquisition_density
E,10.0,78.53981633974483,2.5,4.908738521234052,4.908738521234052,0.1,1.0,0.4,0.4 g/cm^3,24.210526315789473,3600.0,6.7251461988304095,16.81286549707602,derived_from_throughput,0.214068052111906,2.14068052111906,2.473684210526316,0.5295367604873464,5.295367604873464,0.21181470419493859,1.323841901218366,6.232580422452418,0.49087385212340523,0.49087385212340523,0.1323841901218366,0.6232580422452418,0.1963495408493621,196.34954084936209,0.052953676048734646,52.95367604873465,0.24930321689809676,249.30321689809676,249.30321689809676,1.039742997845491,1039.7429978454911,0.4857067589431589,485.7067589431589,0.4857067589431589,485.7067589431589,unique_exposed_swept_capsule_mass,throughput_acquisition_density
E,10.0,78.53981633974483,2.5,4.908738521234052,4.908738521234052,0.1,1.0,0.4,0.4 g/cm^3,24.210526315789473,3600.0,6.7251461988304095,16.81286549707602,derived_from_throughput,0.214068052111906,2.14068052111906,2.6842105263157894,0.574603718826695,5.74603718826695,0.229841487530678,1.4365092970667375,6.345247818300789,0.49087385212340523,0.49087385212340523,0.14365092970667376,0.634524781830079,0.1963495408493621,196.34954084936209,0.0574603718826695,57.460371882669506,0.25380991273203163,253.80991273203162,253.80991273203162,1.1282317636195753,1128.2317636195753,0.5270435043851298,527.0435043851298,0.5270435043851298,527.0435043851298,unique_exposed_swept_capsule_mass,throughput_acquisition_density
E,10.0,78.53981633974483,2.5,4.908738521234052,4.908738521234052,0.1,1.0,0.4,0.4 g/cm^3,24.210526315789473,3600.0,6.7251461988304095,16.81286549707602,derived_from_throughput,0.214068052111906,2.14068052111906,2.894736842105263,0.6196706771660436,6.196706771660436,0.24786827086641744,1.549176692915109,6.4579152141491605,0.49087385212340523,0.49087385212340523,0.1549176692915109,0.6457915214149161,0.1963495408493621,196.34954084936209,0.06196706771660437,61.96706771660437,0.25831660856596644,258.3166085659664,258.3166085659664,1.2167205293936594,1216.7205293936595,0.5683802498271008,568.3802498271008,0.5683802498271008,568.3802498271008,unique_exposed_swept_capsule_mass,throughput_acquisition_density
E,10.0,78.53981633974483,2.5,4.908738521234052,4.908738521234052,0.1,1.0,0.4,0.4 g/cm^3,24.210526315789473,3600.0,6.7251461988304095,16.81286549707602,derived_from_throughput,0.214068052111906,2.14068052111906,3.1052631578947367,0.6647376355053922,6.647376355053922,0.26589505420215687,1.6618440887634804,6.570582609997532,0.49087385212340523,0.49087385212340523,0.16618440887634806,0.6570582609997533,0.1963495408493621,196.34954084936209,0.06647376355053923,66.47376355053923,0.2628233043999013,262.8233043999013,262.8233043999013,1.3052092951677439,1305.209295167744,0.6097169952690717,609.7169952690717,0.6097169952690717,609.7169952690717,unique_exposed_swept_capsule_mass,throughput_acquisition_density
E,10.0,78.53981633974483,2.5,4.908738521234052,4.908738521234052,0.1,1.0,0.4,0.4 g/cm^3,24.210526315789473,3600.0,6.7251461988304095,16.81286549707602,derived_from_throughput,0.214068052111906,2.14068052111906,3.3157894736842106,0.7098045938447409,7.0980459384474095,0.28392183753789635,1.7745114846118524,6.683250005845904,0.49087385212340523,0.49087385212340523,0.17745114846118526,0.6683250005845904,0.1963495408493621,196.34954084936209,0.0709804593844741,70.9804593844741,0.2673300002338362,267.3300002338362,267.3300002338362,1.3936980609418284,1393.6980609418283,0.6510537407110427,651.0537407110427,0.6510537407110427,651.0537407110427,unique_exposed_swept_capsule_mass,throughput_acquisition_density
E,10.0,78.53981633974483,2.5,4.908738521234052,4.908738521234052,0.1,1.0,0.4,0.4 g/cm^3,24.210526315789473,3600.0,6.7251461988304095,16.81286549707602,derived_from_throughput,0.214068052111906,2.14068052111906,3.526315789473684,0.7548715521840895,7.5487155218408954,0.30194862087363583,1.8871788804602239,6.795917401694275,0.49087385212340523,0.49087385212340523,0.1887178880460224,0.6795917401694276,0.1963495408493621,196.34954084936209,0.07548715521840897,75.48715521840897,0.27183669606777106,271.8366960677711,271.8366960677711,1.4821868267159126,1482.1868267159127,0.6923904861530137,692.3904861530137,0.6923904861530137,692.3904861530137,unique_exposed_swept_capsule_mass,throughput_acquisition_density
E,10.0,78.53981633974483,2.5,4.908738521234052,4.908738521234052,0.1,1.0,0.4,0.4 g/cm^3,24.210526315789473,3600.0,6.7251461988304095,16.81286549707602,derived_from_throughput,0.214068052111906,2.14068052111906,3.7368421052631575,0.7999385105234381,7.999385105234381,0.31997540420937526,1.9998462763085953,6.908584797542647,0.49087385212340523,0.49087385212340523,0.19998462763085956,0.6908584797542647,0.1963495408493621,196.34954084936209,0.07999385105234383,79.99385105234383,0.2763433919017059,276.3433919017059,276.3433919017059,1.5706755924899969,1570.675592489997,0.7337272315949847,733.7272315949847,0.7337272315949847,733.7272315949847,unique_exposed_swept_capsule_mass,throughput_acquisition_density
E,10.0,78.53981633974483,2.5,4.908738521234052,4.908738521234052,0.1,1.0,0.4,0.4 g/cm^3,24.210526315789473,3600.0,6.7251461988304095,16.81286549707602,derived_from_throughput,0.214068052111906,2.14068052111906,3.9473684210526314,0.8450054688627868,8.45005468862787,0.33800218754511474,2.1125136721569673,7.021252193391019,0.49087385212340523,0.49087385212340523,0.21125136721569673,0.702125219339102,0.1963495408493621,196.34954084936209,0.0845005468862787,84.5005468862787,0.2808500877356408,280.8500877356408,280.8500877356408,1.6591643582640812,1659.164358264081,0.7750639770369556,775.0639770369556,0.7750639770369556,775.0639770369556,unique_exposed_swept_capsule_mass,throughput_acquisition_density
E,10.0,78.53981633974483,2.5,4.908738521234052,4.908738521234052,0.1,1.0,0.4,0.4 g/cm^3,24.210526315789473,3600.0,6.7251461988304095,16.81286549707602,derived_from_throughput,0.214068052111906,2.14068052111906,4.157894736842105,0.8900724272021354,8.900724272021353,0.35602897088085417,2.2251810680053383,7.13391958923939,0.49087385212340523,0.49087385212340523,0.22251810680053385,0.713391958923939,0.1963495408493621,196.34954084936209,0.08900724272021354,89.00724272021354,0.2853567835695756,285.3567835695756,285.3567835695756,1.7476531240381656,1747.6531240381657,0.8164007224789266,816.4007224789266,0.8164007224789266,816.4007224789266,unique_exposed_swept_capsule_mass,throughput_acquisition_density
E,10.0,78.53981633974483,2.5,4.908738521234052,4.908738521234052,0.1,1.0,0.4,0.4 g/cm^3,24.210526315789473,3600.0,6.7251461988304095,16.81286549707602,derived_from_throughput,0.214068052111906,2.14068052111906,4.368421052631579,0.935139385541484,9.351393855414841,0.3740557542165936,2.3378484638537103,7.246586985087762,0.49087385212340523,0.49087385212340523,0.23378484638537103,0.7246586985087763,0.1963495408493621,196.34954084936209,0.09351393855414841,93.51393855414841,0.28986347940351054,289.86347940351055,289.86347940351055,1.83614188981225,1836.14188981225,0.8577374679208976,857.7374679208975,0.8577374679208976,857.7374679208975,unique_exposed_swept_capsule_mass,throughput_acquisition_density
E,10.0,78.53981633974483,2.5,4.908738521234052,4.908738521234052,0.1,1.0,0.4,0.4 g/cm^3,24.210526315789473,3600.0,6.7251461988304095,16.81286549707602,derived_from_throughput,0.214068052111906,2.14068052111906,4.578947368421052,0.9802063438808326,9.802063438808325,0.392082537552333,2.4505158597020813,7.359254380936133,0.49087385212340523,0.49087385212340523,0.24505158597020815,0.7359254380936133,0.1963495408493621,196.34954084936209,0.09802063438808327,98.02063438808327,0.29437017523744535,294.3701752374454,294.3701752374454,1.9246306555863342,1924.6306555863341,0.8990742133628685,899.0742133628685,0.8990742133628685,899.0742133628685,unique_exposed_swept_capsule_mass,throughput_acquisition_density
E,10.0,78.53981633974483,2.5,4.908738521234052,4.908738521234052,0.1,1.0,0.4,0.4 g/cm^3,24.210526315789473,3600.0,6.7251461988304095,16.81286549707602,derived_from_throughput,0.214068052111906,2.14068052111906,4.789473684210526,1.0252733022201812,10.252733022201813,0.4101093208880725,2.5631832555504532,7.471921776784505,0.49087385212340523,0.49087385212340523,0.25631832555504536,0.7471921776784506,0.1963495408493621,196.34954084936209,0.10252733022201815,102.52733022201815,0.2988768710713802,298.8768710713802,298.8768710713802,2.013119421360418,2013.1194213604183,0.9404109588048394,940.4109588048394,0.9404109588048394,940.4109588048394,unique_exposed_swept_capsule_mass,throughput_acquisition_density
E,10.0,78.53981633974483,2.5,4.908738521234052,4.908738521234052,0.1,1.0,0.4,0.4 g/cm^3,24.210526315789473,3600.0,6.7251461988304095,16.81286549707602,derived_from_throughput,0.214068052111906,2.14068052111906,5.0,1.07034026055953,10.7034026055953,0.428136104223812,2.675850651398825,7.584589172632877,0.49087385212340523,0.49087385212340523,0.2675850651398825,0.7584589172632877,0.1963495408493621,196.34954084936209,0.10703402605595301,107.034026055953,0.3033835669053151,303.3835669053151,303.3835669053151,2.101608187134503,2101.608187134503,0.9817477042468105,981.7477042468105,0.9817477042468105,981.7477042468105,unique_exposed_swept_capsule_mass,throughput_acquisition_density
E,10.0,78.53981633974483,2.5,4.908738521234052,4.908738521234052,0.1,1.0,0.4,0.4 g/cm^3,28.94736842105263,3600.0,8.04093567251462,20.102339181286546,derived_from_throughput,0.25595093187293105,2.5595093187293108,1.0,0.25595093187293105,2.5595093187293108,0.10238037274917242,0.6398773296823277,5.54861585091638,0.49087385212340523,0.49087385212340523,0.06398773296823278,0.554861585091638,0.1963495408493621,196.34954084936209,0.02559509318729311,25.59509318729311,0.2219446340366552,221.9446340366552,221.9446340366552,0.5025584795321637,502.5584795321637,0.1963495408493621,196.34954084936209,0.1963495408493621,196.34954084936209,unique_exposed_swept_capsule_mass,throughput_acquisition_density
E,10.0,78.53981633974483,2.5,4.908738521234052,4.908738521234052,0.1,1.0,0.4,0.4 g/cm^3,28.94736842105263,3600.0,8.04093567251462,20.102339181286546,derived_from_throughput,0.25595093187293105,2.5595093187293108,1.2105263157894737,0.3098353385830218,3.098353385830218,0.12393413543320872,0.7745883464575545,5.683326867691607,0.49087385212340523,0.49087385212340523,0.07745883464575545,0.5683326867691607,0.1963495408493621,196.34954084936209,0.030983533858302183,30.983533858302184,0.22733307470766428,227.33307470766428,227.33307470766428,0.6083602646968297,608.3602646968297,0.23768628629133307,237.68628629133306,0.23768628629133307,237.68628629133306,unique_exposed_swept_capsule_mass,throughput_acquisition_density
E,10.0,78.53981633974483,2.5,4.908738521234052,4.908738521234052,0.1,1.0,0.4,0.4 g/cm^3,28.94736842105263,3600.0,8.04093567251462,20.102339181286546,derived_from_throughput,0.25595093187293105,2.5595093187293108,1.4210526315789473,0.3637197452931125,3.637197452931125,0.145487898117245,0.9092993632327813,5.8180378844668335,0.49087385212340523,0.49087385212340523,0.09092993632327813,0.5818037884466833,0.1963495408493621,196.34954084936209,0.036371974529311256,36.37197452931125,0.23272151537867336,232.72151537867336,232.72151537867336,0.7141620498614958,714.1620498614958,0.279023031733304,279.023031733304,0.279023031733304,279.023031733304,unique_exposed_swept_capsule_mass,throughput_acquisition_density
E,10.0,78.53981633974483,2.5,4.908738521234052,4.908738521234052,0.1,1.0,0.4,0.4 g/cm^3,28.94736842105263,3600.0,8.04093567251462,20.102339181286546,derived_from_throughput,0.25595093187293105,2.5595093187293108,1.631578947368421,0.4176041520032033,4.176041520032033,0.1670416608012813,1.0440103800080083,5.95274890124206,0.49087385212340523,0.49087385212340523,0.10440103800080083,0.5952748901242061,0.1963495408493621,196.34954084936209,0.04176041520032034,41.76041520032034,0.23810995604968244,238.10995604968244,238.10995604968244,0.8199638350261618,819.9638350261617,0.320359777175275,320.359777175275,0.320359777175275,320.359777175275,unique_exposed_swept_capsule_mass,throughput_acquisition_density
E,10.0,78.53981633974483,2.5,4.908738521234052,4.908738521234052,0.1,1.0,0.4,0.4 g/cm^3,28.94736842105263,3600.0,8.04093567251462,20.102339181286546,derived_from_throughput,0.25595093187293105,2.5595093187293108,1.8421052631578947,0.47148855871329404,4.71488558713294,0.1885954234853176,1.178721396783235,6.087459918017287,0.49087385212340523,0.49087385212340523,0.11787213967832351,0.6087459918017287,0.1963495408493621,196.34954084936209,0.04714885587132941,47.14885587132941,0.2434983967206915,243.49839672069152,243.49839672069152,0.9257656201908279,925.7656201908279,0.36169652261724594,361.69652261724593,0.36169652261724594,361.69652261724593,unique_exposed_swept_capsule_mass,throughput_acquisition_density
E,10.0,78.53981633974483,2.5,4.908738521234052,4.908738521234052,0.1,1.0,0.4,0.4 g/cm^3,28.94736842105263,3600.0,8.04093567251462,20.102339181286546,derived_from_throughput,0.25595093187293105,2.5595093187293108,2.052631578947368,0.5253729654233847,5.253729654233847,0.2101491861693539,1.3134324135584619,6.222170934792514,0.49087385212340523,0.49087385212340523,0.13134324135584619,0.6222170934792515,0.1963495408493621,196.34954084936209,0.05253729654233848,52.537296542338474,0.2488868373917006,248.8868373917006,248.8868373917006,1.0315674053554937,1031.5674053554937,0.4030332680592169,403.03326805921694,0.4030332680592169,403.03326805921694,unique_exposed_swept_capsule_mass,throughput_acquisition_density
E,10.0,78.53981633974483,2.5,4.908738521234052,4.908738521234052,0.1,1.0,0.4,0.4 g/cm^3,28.94736842105263,3600.0,8.04093567251462,20.102339181286546,derived_from_throughput,0.25595093187293105,2.5595093187293108,2.263157894736842,0.5792573721334755,5.792573721334755,0.2317029488533902,1.4481434303336886,6.356881951567741,0.49087385212340523,0.49087385212340523,0.14481434303336888,0.6356881951567741,0.1963495408493621,196.34954084936209,0.05792573721334755,57.92573721334755,0.25427527806270966,254.27527806270967,254.27527806270967,1.13736919052016,1137.36919052016,0.4443700135011879,444.3700135011879,0.4443700135011879,444.3700135011879,unique_exposed_swept_capsule_mass,throughput_acquisition_density
E,10.0,78.53981633974483,2.5,4.908738521234052,4.908738521234052,0.1,1.0,0.4,0.4 g/cm^3,28.94736842105263,3600.0,8.04093567251462,20.102339181286546,derived_from_throughput,0.25595093187293105,2.5595093187293108,2.473684210526316,0.6331417788435664,6.3314177884356635,0.25325671153742657,1.5828544471089159,6.491592968342967,0.49087385212340523,0.49087385212340523,0.1582854447108916,0.6491592968342967,0.1963495408493621,196.34954084936209,0.06331417788435664,63.314177884356646,0.2596637187337187,259.66371873371867,259.66371873371867,1.2431709756848262,1243.170975684826,0.4857067589431589,485.7067589431589,0.4857067589431589,485.7067589431589,unique_exposed_swept_capsule_mass,throughput_acquisition_density
E,10.0,78.53981633974483,2.5,4.908738521234052,4.908738521234052,0.1,1.0,0.4,0.4 g/cm^3,28.94736842105263,3600.0,8.04093567251462,20.102339181286546,derived_from_throughput,0.25595093187293105,2.5595093187293108,2.6842105263157894,0.687026185553657,6.870261855536571,0.2748104742214628,1.7175654638841427,6.626303985118195,0.49087385212340523,0.49087385212340523,0.17175654638841428,0.6626303985118196,0.1963495408493621,196.34954084936209,0.06870261855536572,68.70261855536572,0.26505215940472787,265.0521594047279,265.0521594047279,1.348972760849492,1348.9727608494918,0.5270435043851298,527.0435043851298,0.5270435043851298,527.0435043851298,unique_exposed_swept_capsule_mass,throughput_acquisition_density
E,10.0,78.53981633974483,2.5,4.908738521234052,4.908738521234052,0.1,1.0,0.4,0.4 g/cm^3,28.94736842105263,3600.0,8.04093567251462,20.102339181286546,derived_from_throughput,0.25595093187293105,2.5595093187293108,2.894736842105263,0.7409105922637477,7.409105922637477,0.29636423690549907,1.8522764806593692,6.761015001893421,0.49087385212340523,0.49087385212340523,0.18522764806593695,0.6761015001893421,0.1963495408493621,196.34954084936209,0.07409105922637478,74.09105922637478,0.27044060007573684,270.4406000757368,270.4406000757368,1.454774546014158,1454.774546014158,0.5683802498271008,568.3802498271008,0.5683802498271008,568.3802498271008,unique_exposed_swept_capsule_mass,throughput_acquisition_density
E,10.0,78.53981633974483,2.5,4.908738521234052,4.908738521234052,0.1,1.0,0.4,0.4 g/cm^3,28.94736842105263,3600.0,8.04093567251462,20.102339181286546,derived_from_throughput,0.25595093187293105,2.5595093187293108,3.1052631578947367,0.7947949989738385,7.947949989738385,0.3179179995895354,1.9869874974345962,6.895726018668649,0.49087385212340523,0.49087385212340523,0.19869874974345964,0.6895726018668649,0.1963495408493621,196.34954084936209,0.07947949989738386,79.47949989738386,0.27582904074674597,275.829040746746,275.829040746746,1.560576331178824,1560.5763311788241,0.6097169952690717,609.7169952690717,0.6097169952690717,609.7169952690717,unique_exposed_swept_capsule_mass,throughput_acquisition_density
E,10.0,78.53981633974483,2.5,4.908738521234052,4.908738521234052,0.1,1.0,0.4,0.4 g/cm^3,28.94736842105263,3600.0,8.04093567251462,20.102339181286546,derived_from_throughput,0.25595093187293105,2.5595093187293108,3.3157894736842106,0.8486794056839293,8.486794056839294,0.33947176227357173,2.1216985142098235,7.030437035443875,0.49087385212340523,0.49087385212340523,0.21216985142098235,0.7030437035443876,0.1963495408493621,196.34954084936209,0.08486794056839295,84.86794056839295,0.28121748141775504,281.21748141775504,281.21748141775504,1.6663781163434903,1666.3781163434903,0.6510537407110427,651.0537407110427,0.6510537407110427,651.0537407110427,unique_exposed_swept_capsule_mass,throughput_acquisition_density
E,10.0,78.53981633974483,2.5,4.908738521234052,4.908738521234052,0.1,1.0,0.4,0.4 g/cm^3,28.94736842105263,3600.0,8.04093567251462,20.102339181286546,derived_from_throughput,0.25595093187293105,2.5595093187293108,3.526315789473684,0.90256381239402,9.0256381239402,0.361025524957608,2.25640953098505,7.165148052219102,0.49087385212340523,0.49087385212340523,0.225640953098505,0.7165148052219102,0.1963495408493621,196.34954084936209,0.090256381239402,90.25638123940199,0.2866059220887641,286.60592208876415,286.60592208876415,1.772179901508156,1772.179901508156,0.6923904861530137,692.3904861530137,0.6923904861530137,692.3904861530137,unique_exposed_swept_capsule_mass,throughput_acquisition_density
E,10.0,78.53981633974483,2.5,4.908738521234052,4.908738521234052,0.1,1.0,0.4,0.4 g/cm^3,28.94736842105263,3600.0,8.04093567251462,20.102339181286546,derived_from_throughput,0.25595093187293105,2.5595093187293108,3.7368421052631575,0.9564482191041107,9.564482191041106,0.3825792876416443,2.3911205477602766,7.299859068994328,0.49087385212340523,0.49087385212340523,0.23911205477602768,0.7299859068994329,0.1963495408493621,196.34954084936209,0.09564482191041107,95.64482191041107,0.29199436275977314,291.99436275977314,291.99436275977314,1.877981686672822,1877.981686672822,0.7337272315949847,733.7272315949847,0.7337272315949847,733.7272315949847,unique_exposed_swept_capsule_mass,throughput_acquisition_density
E,10.0,78.53981633974483,2.5,4.908738521234052,4.908738521234052,0.1,1.0,0.4,0.4 g/cm^3,28.94736842105263,3600.0,8.04093567251462,20.102339181286546,derived_from_throughput,0.25595093187293105,2.5595093187293108,3.9473684210526314,1.0103326258142016,10.103326258142015,0.40413305032568064,2.525831564535504,7.434570085769556,0.49087385212340523,0.49087385212340523,0.2525831564535504,0.7434570085769556,0.1963495408493621,196.34954084936209,0.10103326258142016,101.03326258142016,0.29738280343078227,297.38280343078225,297.38280343078225,1.9837834718374883,1983.7834718374884,0.7750639770369556,775.0639770369556,0.7750639770369556,775.0639770369556,unique_exposed_swept_capsule_mass,throughput_acquisition_density
E,10.0,78.53981633974483,2.5,4.908738521234052,4.908738521234052,0.1,1.0,0.4,0.4 g/cm^3,28.94736842105263,3600.0,8.04093567251462,20.102339181286546,derived_from_throughput,0.25595093187293105,2.5595093187293108,4.157894736842105,1.0642170325242923,10.642170325242923,0.42568681300971695,2.6605425813107306,7.569281102544783,0.49087385212340523,0.49087385212340523,0.2660542581310731,0.7569281102544783,0.1963495408493621,196.34954084936209,0.10642170325242924,106.42170325242924,0.30277124410179135,302.77124410179135,302.77124410179135,2.0895852570021543,2089.5852570021543,0.8164007224789266,816.4007224789266,0.8164007224789266,816.4007224789266,unique_exposed_swept_capsule_mass,throughput_acquisition_density
E,10.0,78.53981633974483,2.5,4.908738521234052,4.908738521234052,0.1,1.0,0.4,0.4 g/cm^3,28.94736842105263,3600.0,8.04093567251462,20.102339181286546,derived_from_throughput,0.25595093187293105,2.5595093187293108,4.368421052631579,1.1181014392343829,11.18101439234383,0.44724057569375314,2.7952535980859574,7.703992119320009,0.49087385212340523,0.49087385212340523,0.2795253598085958,0.770399211932001,0.1963495408493621,196.34954084936209,0.11181014392343831,111.81014392343832,0.3081596847728004,308.1596847728004,308.1596847728004,2.1953870421668205,2195.3870421668203,0.8577374679208976,857.7374679208975,0.8577374679208976,857.7374679208975,unique_exposed_swept_capsule_mass,throughput_acquisition_density
E,10.0,78.53981633974483,2.5,4.908738521234052,4.908738521234052,0.1,1.0,0.4,0.4 g/cm^3,28.94736842105263,3600.0,8.04093567251462,20.102339181286546,derived_from_throughput,0.25595093187293105,2.5595093187293108,4.578947368421052,1.1719858459444736,11.719858459444737,0.46879433837778944,2.929964614861184,7.838703136095236,0.49087385212340523,0.49087385212340523,0.2929964614861184,0.7838703136095236,0.1963495408493621,196.34954084936209,0.11719858459444737,117.19858459444737,0.3135481254438095,313.5481254438095,313.5481254438095,2.301188827331486,2301.188827331486,0.8990742133628685,899.0742133628685,0.8990742133628685,899.0742133628685,unique_exposed_swept_capsule_mass,throughput_acquisition_density
E,10.0,78.53981633974483,2.5,4.908738521234052,4.908738521234052,0.1,1.0,0.4,0.4 g/cm^3,28.94736842105263,3600.0,8.04093567251462,20.102339181286546,derived_from_throughput,0.25595093187293105,2.5595093187293108,4.789473684210526,1.2258702526545644,12.258702526545644,0.49034810106182575,3.064675631636411,7.973414152870463,0.49087385212340523,0.49087385212340523,0.3064675631636411,0.7973414152870464,0.1963495408493621,196.34954084936209,0.12258702526545645,122.58702526545645,0.3189365661148186,318.93656611481856,318.93656611481856,2.406990612496152,2406.990612496152,0.9404109588048394,940.4109588048394,0.9404109588048394,940.4109588048394,unique_exposed_swept_capsule_mass,throughput_acquisition_density
E,10.0,78.53981633974483,2.5,4.908738521234052,4.908738521234052,0.1,1.0,0.4,0.4 g/cm^3,28.94736842105263,3600.0,8.04093567251462,20.102339181286546,derived_from_throughput,0.25595093187293105,2.5595093187293108,5.0,1.2797546593646554,12.797546593646555,0.5119018637458621,3.1993866484116387,8.10812516964569,0.49087385212340523,0.49087385212340523,0.3199386648411639,0.8108125169645691,0.1963495408493621,196.34954084936209,0.12797546593646555,127.97546593646555,0.32432500678582765,324.32500678582767,324.32500678582767,2.5127923976608186,2512.7923976608186,0.9817477042468105,981.7477042468105,0.9817477042468105,981.7477042468105,unique_exposed_swept_capsule_mass,throughput_acquisition_density
E,10.0,78.53981633974483,2.5,4.908738521234052,4.908738521234052,0.1,1.0,0.4,0.4 g/cm^3,33.68421052631579,3600.0,9.35672514619883,23.391812865497073,derived_from_throughput,0.29783381163395617,2.978338116339562,1.0,0.29783381163395617,2.978338116339562,0.11913352465358247,0.7445845290848905,5.653323050318942,0.49087385212340523,0.49087385212340523,0.07445845290848906,0.5653323050318942,0.1963495408493621,196.34954084936209,0.029783381163395625,29.783381163395624,0.2261329220127577,226.1329220127577,226.1329220127577,0.5847953216374269,584.7953216374269,0.1963495408493621,196.34954084936209,0.1963495408493621,196.34954084936209,unique_exposed_swept_capsule_mass,throughput_acquisition_density
E,10.0,78.53981633974483,2.5,4.908738521234052,4.908738521234052,0.1,1.0,0.4,0.4 g/cm^3,33.68421052631579,3600.0,9.35672514619883,23.391812865497073,derived_from_throughput,0.29783381163395617,2.978338116339562,1.2105263157894737,0.36053566671478904,3.6053566671478903,0.1442142666859156,0.9013391667869726,5.810077688021025,0.49087385212340523,0.49087385212340523,0.09013391667869726,0.5810077688021025,0.1963495408493621,196.34954084936209,0.0360535666714789,36.053566671478904,0.232403107520841,232.40310752084102,232.40310752084102,0.7079101261926746,707.9101261926746,0.23768628629133307,237.68628629133306,0.23768628629133307,237.68628629133306,unique_exposed_swept_capsule_mass,throughput_acquisition_density
E,10.0,78.53981633974483,2.5,4.908738521234052,4.908738521234052,0.1,1.0,0.4,0.4 g/cm^3,33.68421052631579,3600.0,9.35672514619883,23.391812865497073,derived_from_throughput,0.29783381163395617,2.978338116339562,1.4210526315789473,0.4232375217956219,4.2323752179562195,0.16929500871824876,1.0580938044890549,5.966832325723107,0.49087385212340523,0.49087385212340523,0.10580938044890549,0.5966832325723107,0.1963495408493621,196.34954084936209,0.0423237521795622,42.3237521795622,0.2386732930289243,238.6732930289243,238.6732930289243,0.8310249307479224,831.0249307479224,0.279023031733304,279.023031733304,0.279023031733304,279.023031733304,unique_exposed_swept_capsule_mass,throughput_acquisition_density
E,10.0,78.53981633974483,2.5,4.908738521234052,4.908738521234052,0.1,1.0,0.4,0.4 g/cm^3,33.68421052631579,3600.0,9.35672514619883,23.391812865497073,derived_from_throughput,0.29783381163395617,2.978338116339562,1.631578947368421,0.4859393768764548,4.859393768764548,0.19437575075058192,1.214848442191137,6.123586963425189,0.49087385212340523,0.49087385212340523,0.12148484421911371,0.6123586963425189,0.1963495408493621,196.34954084936209,0.048593937687645486,48.593937687645486,0.2449434785370076,244.9434785370076,244.9434785370076,0.9541397353031701,954.1397353031701,0.320359777175275,320.359777175275,0.320359777175275,320.359777175275,unique_exposed_swept_capsule_mass,throughput_acquisition_density
E,10.0,78.53981633974483,2.5,4.908738521234052,4.908738521234052,0.1,1.0,0.4,0.4 g/cm^3,33.68421052631579,3600.0,9.35672514619883,23.391812865497073,derived_from_throughput,0.29783381163395617,2.978338116339562,1.8421052631578947,0.5486412319572876,5.486412319572876,0.21945649278291507,1.371603079893219,6.280341601127271,0.49087385212340523,0.49087385212340523,0.1371603079893219,0.6280341601127271,0.1963495408493621,196.34954084936209,0.05486412319572877,54.864123195728766,0.2512136640450908,251.2136640450908,251.2136640450908,1.077254539858418,1077.254539858418,0.36169652261724594,361.69652261724593,0.36169652261724594,361.69652261724593,unique_exposed_swept_capsule_mass,throughput_acquisition_density
E,10.0,78.53981633974483,2.5,4.908738521234052,4.908738521234052,0.1,1.0,0.4,0.4 g/cm^3,33.68421052631579,3600.0,9.35672514619883,23.391812865497073,derived_from_throughput,0.29783381163395617,2.978338116339562,2.052631578947368,0.6113430870381205,6.113430870381205,0.2445372348152482,1.5283577175953011,6.437096238829353,0.49087385212340523,0.49087385212340523,0.15283577175953011,0.6437096238829354,0.1963495408493621,196.34954084936209,0.06113430870381205,61.134308703812046,0.25748384955317416,257.48384955317414,257.48384955317414,1.2003693444136656,1200.3693444136657,0.4030332680592169,403.03326805921694,0.4030332680592169,403.03326805921694,unique_exposed_swept_capsule_mass,throughput_acquisition_density
E,10.0,78.53981633974483,2.5,4.908738521234052,4.908738521234052,0.1,1.0,0.4,0.4 g/cm^3,33.68421052631579,3600.0,9.35672514619883,23.391812865497073,derived_from_throughput,0.29783381163395617,2.978338116339562,2.263157894736842,0.6740449421189534,6.740449421189534,0.2696179768475814,1.6851123552973835,6.593850876531436,0.49087385212340523,0.49087385212340523,0.16851123552973835,0.6593850876531436,0.1963495408493621,196.34954084936209,0.06740449421189534,67.40449421189534,0.26375403506125744,263.75403506125747,263.75403506125747,1.3234841489689133,1323.4841489689134,0.4443700135011879,444.3700135011879,0.4443700135011879,444.3700135011879,unique_exposed_swept_capsule_mass,throughput_acquisition_density
E,10.0,78.53981633974483,2.5,4.908738521234052,4.908738521234052,0.1,1.0,0.4,0.4 g/cm^3,33.68421052631579,3600.0,9.35672514619883,23.391812865497073,derived_from_throughput,0.29783381163395617,2.978338116339562,2.473684210526316,0.7367467971997863,7.367467971997863,0.2946987188799145,1.8418669929994658,6.750605514233518,0.49087385212340523,0.49087385212340523,0.18418669929994658,0.6750605514233519,0.1963495408493621,196.34954084936209,0.07367467971997864,73.67467971997864,0.2700242205693408,270.0242205693408,270.0242205693408,1.4465989535241612,1446.5989535241613,0.4857067589431589,485.7067589431589,0.4857067589431589,485.7067589431589,unique_exposed_swept_capsule_mass,throughput_acquisition_density
E,10.0,78.53981633974483,2.5,4.908738521234052,4.908738521234052,0.1,1.0,0.4,0.4 g/cm^3,33.68421052631579,3600.0,9.35672514619883,23.391812865497073,derived_from_throughput,0.29783381163395617,2.978338116339562,2.6842105263157894,0.7994486522806191,7.994486522806191,0.3197794609122476,1.9986216307015479,6.9073601519356,0.49087385212340523,0.49087385212340523,0.1998621630701548,0.69073601519356,0.1963495408493621,196.34954084936209,0.07994486522806193,79.94486522806193,0.276294406077424,276.294406077424,276.294406077424,1.569713758079409,1569.713758079409,0.5270435043851298,527.0435043851298,0.5270435043851298,527.0435043851298,unique_exposed_swept_capsule_mass,throughput_acquisition_density
E,10.0,78.53981633974483,2.5,4.908738521234052,4.908738521234052,0.1,1.0,0.4,0.4 g/cm^3,33.68421052631579,3600.0,9.35672514619883,23.391812865497073,derived_from_throughput,0.29783381163395617,2.978338116339562,2.894736842105263,0.8621505073614519,8.62150507361452,0.34486020294458075,2.15537626840363,7.0641147896376815,0.49087385212340523,0.49087385212340523,0.215537626840363,0.7064114789637682,0.1963495408493621,196.34954084936209,0.08621505073614522,86.21505073614522,0.2825645915855073,282.5645915855073,282.5645915855073,1.6928285626346566,1692.8285626346567,0.5683802498271008,568.3802498271008,0.5683802498271008,568.3802498271008,unique_exposed_swept_capsule_mass,throughput_acquisition_density
E,10.0,78.53981633974483,2.5,4.908738521234052,4.908738521234052,0.1,1.0,0.4,0.4 g/cm^3,33.68421052631579,3600.0,9.35672514619883,23.391812865497073,derived_from_throughput,0.29783381163395617,2.978338116339562,3.1052631578947367,0.9248523624422849,9.248523624422848,0.36994094497691393,2.312130906105712,7.220869427339764,0.49087385212340523,0.49087385212340523,0.23121309061057121,0.7220869427339764,0.1963495408493621,196.34954084936209,0.0924852362442285,92.4852362442285,0.28883477709359057,288.83477709359056,288.83477709359056,1.8159433671899043,1815.9433671899044,0.6097169952690717,609.7169952690717,0.6097169952690717,609.7169952690717,unique_exposed_swept_capsule_mass,throughput_acquisition_density
E,10.0,78.53981633974483,2.5,4.908738521234052,4.908738521234052,0.1,1.0,0.4,0.4 g/cm^3,33.68421052631579,3600.0,9.35672514619883,23.391812865497073,derived_from_throughput,0.29783381163395617,2.978338116339562,3.3157894736842106,0.9875542175231179,9.875542175231178,0.39502168700924717,2.4688855438077946,7.3776240650418465,0.49087385212340523,0.49087385212340523,0.24688855438077947,0.7377624065041847,0.1963495408493621,196.34954084936209,0.09875542175231179,98.75542175231179,0.2951049626016739,295.1049626016739,295.1049626016739,1.9390581717451523,1939.0581717451523,0.6510537407110427,651.0537407110427,0.6510537407110427,651.0537407110427,unique_exposed_swept_capsule_mass,throughput_acquisition_density
E,10.0,78.53981633974483,2.5,4.908738521234052,4.908738521234052,0.1,1.0,0.4,0.4 g/cm^3,33.68421052631579,3600.0,9.35672514619883,23.391812865497073,derived_from_throughput,0.29783381163395617,2.978338116339562,3.526315789473684,1.0502560726039507,10.502560726039507,0.4201024290415803,2.6256401815098767,7.534378702743929,0.49087385212340523,0.49087385212340523,0.2625640181509877,0.7534378702743929,0.1963495408493621,196.34954084936209,0.10502560726039507,105.02560726039508,0.3013751481097572,301.37514810975716,301.37514810975716,2.0621729763004,2062.1729763004,0.6923904861530137,692.3904861530137,0.6923904861530137,692.3904861530137,unique_exposed_swept_capsule_mass,throughput_acquisition_density
E,10.0,78.53981633974483,2.5,4.908738521234052,4.908738521234052,0.1,1.0,0.4,0.4 g/cm^3,33.68421052631579,3600.0,9.35672514619883,23.391812865497073,derived_from_throughput,0.29783381163395617,2.978338116339562,3.7368421052631575,1.1129579276847834,11.129579276847835,0.44518317107391336,2.7823948192119587,7.691133340446011,0.49087385212340523,0.49087385212340523,0.2782394819211959,0.7691133340446011,0.1963495408493621,196.34954084936209,0.11129579276847837,111.29579276847836,0.30764533361784047,307.6453336178405,307.6453336178405,2.1852877808556475,2185.2877808556473,0.7337272315949847,733.7272315949847,0.7337272315949847,733.7272315949847,unique_exposed_swept_capsule_mass,throughput_acquisition_density
E,10.0,78.53981633974483,2.5,4.908738521234052,4.908738521234052,0.1,1.0,0.4,0.4 g/cm^3,33.68421052631579,3600.0,9.35672514619883,23.391812865497073,derived_from_throughput,0.29783381163395617,2.978338116339562,3.9473684210526314,1.1756597827656163,11.756597827656163,0.47026391310624654,2.939149456914041,7.847887978148092,0.49087385212340523,0.49087385212340523,0.2939149456914041,0.7847887978148093,0.1963495408493621,196.34954084936209,0.11756597827656164,117.56597827656164,0.31391551912592375,313.91551912592377,313.91551912592377,2.3084025854108954,2308.4025854108954,0.7750639770369556,775.0639770369556,0.7750639770369556,775.0639770369556,unique_exposed_swept_capsule_mass,throughput_acquisition_density
E,10.0,78.53981633974483,2.5,4.908738521234052,4.908738521234052,0.1,1.0,0.4,0.4 g/cm^3,33.68421052631579,3600.0,9.35672514619883,23.391812865497073,derived_from_throughput,0.29783381163395617,2.978338116339562,4.157894736842105,1.2383616378464493,12.383616378464492,0.4953446551385797,3.095904094616123,8.004642615850175,0.49087385212340523,0.49087385212340523,0.3095904094616123,0.8004642615850175,0.1963495408493621,196.34954084936209,0.12383616378464493,123.83616378464494,0.32018570463400703,320.18570463400704,320.18570463400704,2.4315173899661433,2431.517389966143,0.8164007224789266,816.4007224789266,0.8164007224789266,816.4007224789266,unique_exposed_swept_capsule_mass,throughput_acquisition_density
E,10.0,78.53981633974483,2.5,4.908738521234052,4.908738521234052,0.1,1.0,0.4,0.4 g/cm^3,33.68421052631579,3600.0,9.35672514619883,23.391812865497073,derived_from_throughput,0.29783381163395617,2.978338116339562,4.368421052631579,1.3010634929272822,13.010634929272822,0.5204253971709129,3.2526587323182055,8.161397253552257,0.49087385212340523,0.49087385212340523,0.32526587323182055,0.8161397253552258,0.1963495408493621,196.34954084936209,0.1301063492927282,130.10634929272823,0.32645589014209037,326.45589014209037,326.45589014209037,2.554632194521391,2554.632194521391,0.8577374679208976,857.7374679208975,0.8577374679208976,857.7374679208975,unique_exposed_swept_capsule_mass,throughput_acquisition_density
E,10.0,78.53981633974483,2.5,4.908738521234052,4.908738521234052,0.1,1.0,0.4,0.4 g/cm^3,33.68421052631579,3600.0,9.35672514619883,23.391812865497073,derived_from_throughput,0.29783381163395617,2.978338116339562,4.578947368421052,1.3637653480081149,13.637653480081148,0.545506139203246,3.409413370020287,8.318151891254338,0.49087385212340523,0.49087385212340523,0.3409413370020287,0.8318151891254338,0.1963495408493621,196.34954084936209,0.1363765348008115,136.3765348008115,0.33272607565017354,332.7260756501735,332.7260756501735,2.6777469990766387,2677.7469990766385,0.8990742133628685,899.0742133628685,0.8990742133628685,899.0742133628685,unique_exposed_swept_capsule_mass,throughput_acquisition_density
E,10.0,78.53981633974483,2.5,4.908738521234052,4.908738521234052,0.1,1.0,0.4,0.4 g/cm^3,33.68421052631579,3600.0,9.35672514619883,23.391812865497073,derived_from_throughput,0.29783381163395617,2.978338116339562,4.789473684210526,1.4264672030889478,14.264672030889479,0.5705868812355791,3.5661680077223696,8.47490652895642,0.49087385212340523,0.49087385212340523,0.356616800772237,0.8474906528956421,0.1963495408493621,196.34954084936209,0.1426467203088948,142.6467203088948,0.3389962611582569,338.99626115825686,338.99626115825686,2.800861803631886,2800.8618036318862,0.9404109588048394,940.4109588048394,0.9404109588048394,940.4109588048394,unique_exposed_swept_capsule_mass,throughput_acquisition_density
E,10.0,78.53981633974483,2.5,4.908738521234052,4.908738521234052,0.1,1.0,0.4,0.4 g/cm^3,33.68421052631579,3600.0,9.35672514619883,23.391812865497073,derived_from_throughput,0.29783381163395617,2.978338116339562,5.0,1.489169058169781,14.891690581697809,0.5956676232679123,3.722922645424452,8.631661166658503,0.49087385212340523,0.49087385212340523,0.37229226454244524,0.8631661166658504,0.1963495408493621,196.34954084936209,0.1489169058169781,148.9169058169781,0.3452664466663402,345.2664466663402,345.2664466663402,2.923976608187134,2923.976608187134,0.9817477042468105,981.7477042468105,0.9817477042468105,981.7477042468105,unique_exposed_swept_capsule_mass,throughput_acquisition_density
E,10.0,78.53981633974483,2.5,4.908738521234052,4.908738521234052,0.1,1.0,0.4,0.4 g/cm^3,38.421052631578945,3600.0,10.67251461988304,26.6812865497076,derived_from_throughput,0.33971669139498123,3.397166913949812,1.0,0.33971669139498123,3.397166913949812,0.1358866765579925,0.849291728487453,5.7580302497215055,0.49087385212340523,0.49087385212340523,0.08492917284874531,0.5758030249721505,0.1963495408493621,196.34954084936209,0.033971669139498124,33.971669139498125,0.23032120998886021,230.3212099888602,230.3212099888602,0.66703216374269,667.03216374269,0.1963495408493621,196.34954084936209,0.1963495408493621,196.34954084936209,unique_exposed_swept_capsule_mass,throughput_acquisition_density
E,10.0,78.53981633974483,2.5,4.908738521234052,4.908738521234052,0.1,1.0,0.4,0.4 g/cm^3,38.421052631578945,3600.0,10.67251461988304,26.6812865497076,derived_from_throughput,0.33971669139498123,3.397166913949812,1.2105263157894737,0.4112359948465562,4.112359948465562,0.16449439793862247,1.0280899871163904,5.936828508350443,0.49087385212340523,0.49087385212340523,0.10280899871163905,0.5936828508350444,0.1963495408493621,196.34954084936209,0.041123599484655625,41.12359948465563,0.23747314033401776,237.47314033401776,237.47314033401776,0.8074599876885195,807.4599876885195,0.23768628629133307,237.68628629133306,0.23768628629133307,237.68628629133306,unique_exposed_swept_capsule_mass,throughput_acquisition_density
E,10.0,78.53981633974483,2.5,4.908738521234052,4.908738521234052,0.1,1.0,0.4,0.4 g/cm^3,38.421052631578945,3600.0,10.67251461988304,26.6812865497076,derived_from_throughput,0.33971669139498123,3.397166913949812,1.4210526315789473,0.4827552982981312,4.827552982981312,0.19310211931925247,1.206888245745328,6.11562676697938,0.49087385212340523,0.49087385212340523,0.12068882457453281,0.6115626766979381,0.1963495408493621,196.34954084936209,0.048275529829813126,48.275529829813124,0.24462507067917524,244.62507067917525,244.62507067917525,0.947887811634349,947.887811634349,0.279023031733304,279.023031733304,0.279023031733304,279.023031733304,unique_exposed_swept_capsule_mass,throughput_acquisition_density
E,10.0,78.53981633974483,2.5,4.908738521234052,4.908738521234052,0.1,1.0,0.4,0.4 g/cm^3,38.421052631578945,3600.0,10.67251461988304,26.6812865497076,derived_from_throughput,0.33971669139498123,3.397166913949812,1.631578947368421,0.5542746017497062,5.542746017497063,0.22170984069988248,1.3856865043742657,6.294425025608318,0.49087385212340523,0.49087385212340523,0.13856865043742658,0.6294425025608318,0.1963495408493621,196.34954084936209,0.05542746017497063,55.42746017497063,0.2517770010243327,251.7770010243327,251.7770010243327,1.0883156355801784,1088.3156355801784,0.320359777175275,320.359777175275,0.320359777175275,320.359777175275,unique_exposed_swept_capsule_mass,throughput_acquisition_density
E,10.0,78.53981633974483,2.5,4.908738521234052,4.908738521234052,0.1,1.0,0.4,0.4 g/cm^3,38.421052631578945,3600.0,10.67251461988304,26.6812865497076,derived_from_throughput,0.33971669139498123,3.397166913949812,1.8421052631578947,0.6257939052012812,6.257939052012812,0.2503175620805125,1.564484763003203,6.473223284237255,0.49087385212340523,0.49087385212340523,0.15644847630032033,0.6473223284237255,0.1963495408493621,196.34954084936209,0.06257939052012813,62.579390520128136,0.2589289313694902,258.9289313694902,258.9289313694902,1.2287434595260078,1228.7434595260079,0.36169652261724594,361.69652261724593,0.36169652261724594,361.69652261724593,unique_exposed_swept_capsule_mass,throughput_acquisition_density
E,10.0,78.53981633974483,2.5,4.908738521234052,4.908738521234052,0.1,1.0,0.4,0.4 g/cm^3,38.421052631578945,3600.0,10.67251461988304,26.6812865497076,derived_from_throughput,0.33971669139498123,3.397166913949812,2.052631578947368,0.6973132086528561,6.973132086528561,0.2789252834611424,1.7432830216321402,6.652021542866192,0.49087385212340523,0.49087385212340523,0.17432830216321404,0.6652021542866193,0.1963495408493621,196.34954084936209,0.06973132086528562,69.73132086528562,0.26608086171464773,266.0808617146477,266.0808617146477,1.3691712834718373,1369.1712834718373,0.4030332680592169,403.03326805921694,0.4030332680592169,403.03326805921694,unique_exposed_swept_capsule_mass,throughput_acquisition_density
E,10.0,78.53981633974483,2.5,4.908738521234052,4.908738521234052,0.1,1.0,0.4,0.4 g/cm^3,38.421052631578945,3600.0,10.67251461988304,26.6812865497076,derived_from_throughput,0.33971669139498123,3.397166913949812,2.263157894736842,0.7688325121044312,7.688325121044311,0.3075330048417725,1.9220812802610778,6.83081980149513,0.49087385212340523,0.49087385212340523,0.1922081280261078,0.683081980149513,0.1963495408493621,196.34954084936209,0.07688325121044312,76.88325121044312,0.2732327920598052,273.2327920598052,273.2327920598052,1.509599107417667,1509.5991074176668,0.4443700135011879,444.3700135011879,0.4443700135011879,444.3700135011879,unique_exposed_swept_capsule_mass,throughput_acquisition_density
E,10.0,78.53981633974483,2.5,4.908738521234052,4.908738521234052,0.1,1.0,0.4,0.4 g/cm^3,38.421052631578945,3600.0,10.67251461988304,26.6812865497076,derived_from_throughput,0.33971669139498123,3.397166913949812,2.473684210526316,0.8403518155560062,8.403518155560063,0.3361407262224025,2.1008795388900157,7.009618060124067,0.49087385212340523,0.49087385212340523,0.2100879538890016,0.7009618060124068,0.1963495408493621,196.34954084936209,0.08403518155560064,84.03518155560063,0.2803847224049627,280.3847224049627,280.3847224049627,1.6500269313634965,1650.0269313634965,0.4857067589431589,485.7067589431589,0.4857067589431589,485.7067589431589,unique_exposed_swept_capsule_mass,throughput_acquisition_density
E,10.0,78.53981633974483,2.5,4.908738521234052,4.908738521234052,0.1,1.0,0.4,0.4 g/cm^3,38.421052631578945,3600.0,10.67251461988304,26.6812865497076,derived_from_throughput,0.33971669139498123,3.397166913949812,2.6842105263157894,0.9118711190075811,9.11871119007581,0.36474844760303243,2.2796777975189526,7.188416318753005,0.49087385212340523,0.49087385212340523,0.22796777975189528,0.7188416318753005,0.1963495408493621,196.34954084936209,0.09118711190075812,91.18711190075813,0.2875366527501202,287.5366527501202,287.5366527501202,1.7904547553093257,1790.4547553093257,0.5270435043851298,527.0435043851298,0.5270435043851298,527.0435043851298,unique_exposed_swept_capsule_mass,throughput_acquisition_density
E,10.0,78.53981633974483,2.5,4.908738521234052,4.908738521234052,0.1,1.0,0.4,0.4 g/cm^3,38.421052631578945,3600.0,10.67251461988304,26.6812865497076,derived_from_throughput,0.33971669139498123,3.397166913949812,2.894736842105263,0.9833904224591561,9.83390422459156,0.39335616898366244,2.45847605614789,7.367214577381942,0.49087385212340523,0.49087385212340523,0.24584760561478902,0.7367214577381942,0.1963495408493621,196.34954084936209,0.09833904224591561,98.3390422459156,0.2946885830952777,294.6885830952777,294.6885830952777,1.9308825792551552,1930.8825792551552,0.5683802498271008,568.3802498271008,0.5683802498271008,568.3802498271008,unique_exposed_swept_capsule_mass,throughput_acquisition_density
E,10.0,78.53981633974483,2.5,4.908738521234052,4.908738521234052,0.1,1.0,0.4,0.4 g/cm^3,38.421052631578945,3600.0,10.67251461988304,26.6812865497076,derived_from_throughput,0.33971669139498123,3.397166913949812,3.1052631578947367,1.0549097259107312,10.549097259107311,0.4219638903642925,2.637274314776828,7.546012836010879,0.49087385212340523,0.49087385212340523,0.2637274314776828,0.754601283601088,0.1963495408493621,196.34954084936209,0.10549097259107312,105.49097259107312,0.3018405134404352,301.84051344043525,301.84051344043525,2.0713104032009846,2071.3104032009846,0.6097169952690717,609.7169952690717,0.6097169952690717,609.7169952690717,unique_exposed_swept_capsule_mass,throughput_acquisition_density
E,10.0,78.53981633974483,2.5,4.908738521234052,4.908738521234052,0.1,1.0,0.4,0.4 g/cm^3,38.421052631578945,3600.0,10.67251461988304,26.6812865497076,derived_from_throughput,0.33971669139498123,3.397166913949812,3.3157894736842106,1.1264290293623063,11.264290293623063,0.4505716117449225,2.8160725734057657,7.724811094639818,0.49087385212340523,0.49087385212340523,0.28160725734057657,0.7724811094639819,0.1963495408493621,196.34954084936209,0.11264290293623064,112.64290293623064,0.30899244378559276,308.99244378559274,308.99244378559274,2.2117382271468142,2211.738227146814,0.6510537407110427,651.0537407110427,0.6510537407110427,651.0537407110427,unique_exposed_swept_capsule_mass,throughput_acquisition_density
E,10.0,78.53981633974483,2.5,4.908738521234052,4.908738521234052,0.1,1.0,0.4,0.4 g/cm^3,38.421052631578945,3600.0,10.67251461988304,26.6812865497076,derived_from_throughput,0.33971669139498123,3.397166913949812,3.526315789473684,1.1979483328138811,11.979483328138812,0.47917933312555244,2.994870832034703,7.903609353268755,0.49087385212340523,0.49087385212340523,0.29948708320347034,0.7903609353268756,0.1963495408493621,196.34954084936209,0.11979483328138814,119.79483328138814,0.31614437413075025,316.14437413075024,316.14437413075024,2.352166051092644,2352.166051092644,0.6923904861530137,692.3904861530137,0.6923904861530137,692.3904861530137,unique_exposed_swept_capsule_mass,throughput_acquisition_density
E,10.0,78.53981633974483,2.5,4.908738521234052,4.908738521234052,0.1,1.0,0.4,0.4 g/cm^3,38.421052631578945,3600.0,10.67251461988304,26.6812865497076,derived_from_throughput,0.33971669139498123,3.397166913949812,3.7368421052631575,1.269467636265456,12.69467636265456,0.5077870545061824,3.17366909066364,8.082407611897692,0.49087385212340523,0.49087385212340523,0.317366909066364,0.8082407611897692,0.1963495408493621,196.34954084936209,0.1269467636265456,126.94676362654562,0.3232963044759077,323.2963044759077,323.2963044759077,2.492593875038473,2492.593875038473,0.7337272315949847,733.7272315949847,0.7337272315949847,733.7272315949847,unique_exposed_swept_capsule_mass,throughput_acquisition_density
E,10.0,78.53981633974483,2.5,4.908738521234052,4.908738521234052,0.1,1.0,0.4,0.4 g/cm^3,38.421052631578945,3600.0,10.67251461988304,26.6812865497076,derived_from_throughput,0.33971669139498123,3.397166913949812,3.9473684210526314,1.340986939717031,13.409869397170311,0.5363947758868124,3.352467349292578,8.26120587052663,0.49087385212340523,0.49087385212340523,0.33524673492925783,0.8261205870526631,0.1963495408493621,196.34954084936209,0.13409869397170313,134.0986939717031,0.3304482348210653,330.4482348210653,330.4482348210653,2.6330216989843027,2633.021698984303,0.7750639770369556,775.0639770369556,0.7750639770369556,775.0639770369556,unique_exposed_swept_capsule_mass,throughput_acquisition_density
E,10.0,78.53981633974483,2.5,4.908738521234052,4.908738521234052,0.1,1.0,0.4,0.4 g/cm^3,38.421052631578945,3600.0,10.67251461988304,26.6812865497076,derived_from_throughput,0.33971669139498123,3.397166913949812,4.157894736842105,1.4125062431686062,14.125062431686061,0.5650024972674424,3.5312656079215152,8.440004129155568,0.49087385212340523,0.49087385212340523,0.35312656079215154,0.8440004129155568,0.1963495408493621,196.34954084936209,0.1412506243168606,141.2506243168606,0.33760016516622277,337.6001651662228,337.6001651662228,2.7734495229301324,2773.4495229301324,0.8164007224789266,816.4007224789266,0.8164007224789266,816.4007224789266,unique_exposed_swept_capsule_mass,throughput_acquisition_density
E,10.0,78.53981633974483,2.5,4.908738521234052,4.908738521234052,0.1,1.0,0.4,0.4 g/cm^3,38.421052631578945,3600.0,10.67251461988304,26.6812865497076,derived_from_throughput,0.33971669139498123,3.397166913949812,4.368421052631579,1.484025546620181,14.84025546620181,0.5936102186480724,3.7100638665504526,8.618802387784505,0.49087385212340523,0.49087385212340523,0.37100638665504526,0.8618802387784505,0.1963495408493621,196.34954084936209,0.1484025546620181,148.4025546620181,0.34475209551138025,344.7520955113803,344.7520955113803,2.9138773468759616,2913.8773468759614,0.8577374679208976,857.7374679208975,0.8577374679208976,857.7374679208975,unique_exposed_swept_capsule_mass,throughput_acquisition_density
E,10.0,78.53981633974483,2.5,4.908738521234052,4.908738521234052,0.1,1.0,0.4,0.4 g/cm^3,38.421052631578945,3600.0,10.67251461988304,26.6812865497076,derived_from_throughput,0.33971669139498123,3.397166913949812,4.578947368421052,1.555544850071756,15.55544850071756,0.6222179400287023,3.88886212517939,8.797600646413443,0.49087385212340523,0.49087385212340523,0.38888621251793903,0.8797600646413444,0.1963495408493621,196.34954084936209,0.1555544850071756,155.5544850071756,0.3519040258565378,351.90402585653777,351.90402585653777,3.0543051708217908,3054.305170821791,0.8990742133628685,899.0742133628685,0.8990742133628685,899.0742133628685,unique_exposed_swept_capsule_mass,throughput_acquisition_density
E,10.0,78.53981633974483,2.5,4.908738521234052,4.908738521234052,0.1,1.0,0.4,0.4 g/cm^3,38.421052631578945,3600.0,10.67251461988304,26.6812865497076,derived_from_throughput,0.33971669139498123,3.397166913949812,4.789473684210526,1.627064153523331,16.27064153523331,0.6508256614093324,4.067660383808327,8.97639890504238,0.49087385212340523,0.49087385212340523,0.40676603838083275,0.8976398905042381,0.1963495408493621,196.34954084936209,0.1627064153523331,162.7064153523331,0.3590559562016953,359.05595620169527,359.05595620169527,3.1947329947676204,3194.7329947676203,0.9404109588048394,940.4109588048394,0.9404109588048394,940.4109588048394,unique_exposed_swept_capsule_mass,throughput_acquisition_density
E,10.0,78.53981633974483,2.5,4.908738521234052,4.908738521234052,0.1,1.0,0.4,0.4 g/cm^3,38.421052631578945,3600.0,10.67251461988304,26.6812865497076,derived_from_throughput,0.33971669139498123,3.397166913949812,5.0,1.698583456974906,16.98583456974906,0.6794333827899625,4.246458642437265,9.155197163671318,0.49087385212340523,0.49087385212340523,0.4246458642437265,0.9155197163671318,0.1963495408493621,196.34954084936209,0.16985834569749061,169.85834569749062,0.36620788654685277,366.20788654685276,366.20788654685276,3.33516081871345,3335.16081871345,0.9817477042468105,981.7477042468105,0.9817477042468105,981.7477042468105,unique_exposed_swept_capsule_mass,throughput_acquisition_density
E,10.0,78.53981633974483,2.5,4.908738521234052,4.908738521234052,0.1,1.0,0.4,0.4 g/cm^3,43.1578947368421,3600.0,11.98830409356725,29.97076023391812,derived_from_throughput,0.38159957115600623,3.8159957115600625,1.0,0.38159957115600623,3.8159957115600625,0.15263982846240248,0.9539989278900156,5.862737449124068,0.49087385212340523,0.49087385212340523,0.09539989278900157,0.5862737449124068,0.1963495408493621,196.34954084936209,0.038159957115600635,38.15995711560063,0.23450949796496273,234.50949796496272,234.50949796496272,0.749269005847953,749.2690058479529,0.1963495408493621,196.34954084936209,0.1963495408493621,196.34954084936209,unique_exposed_swept_capsule_mass,throughput_acquisition_density
E,10.0,78.53981633974483,2.5,4.908738521234052,4.908738521234052,0.1,1.0,0.4,0.4 g/cm^3,43.1578947368421,3600.0,11.98830409356725,29.97076023391812,derived_from_throughput,0.38159957115600623,3.8159957115600625,1.2105263157894737,0.4619363229783233,4.619363229783233,0.18477452919132933,1.1548408074458083,6.06357932867986,0.49087385212340523,0.49087385212340523,0.11548408074458083,0.606357932867986,0.1963495408493621,196.34954084936209,0.046193632297832334,46.19363229783233,0.24254317314719442,242.54317314719444,242.54317314719444,0.9070098491843641,907.0098491843642,0.23768628629133307,237.68628629133306,0.23768628629133307,237.68628629133306,unique_exposed_swept_capsule_mass,throughput_acquisition_density
E,10.0,78.53981633974483,2.5,4.908738521234052,4.908738521234052,0.1,1.0,0.4,0.4 g/cm^3,43.1578947368421,3600.0,11.98830409356725,29.97076023391812,derived_from_throughput,0.38159957115600623,3.8159957115600625,1.4210526315789473,0.5422730748006405,5.422730748006405,0.21690922992025619,1.3556826870016012,6.264421208235653,0.49087385212340523,0.49087385212340523,0.13556826870016012,0.6264421208235653,0.1963495408493621,196.34954084936209,0.054227307480064046,54.22730748006405,0.2505768483294261,250.57684832942613,250.57684832942613,1.0647506925207753,1064.7506925207751,0.279023031733304,279.023031733304,0.279023031733304,279.023031733304,unique_exposed_swept_capsule_mass,throughput_acquisition_density
E,10.0,78.53981633974483,2.5,4.908738521234052,4.908738521234052,0.1,1.0,0.4,0.4 g/cm^3,43.1578947368421,3600.0,11.98830409356725,29.97076023391812,derived_from_throughput,0.38159957115600623,3.8159957115600625,1.631578947368421,0.6226098266229575,6.226098266229575,0.249043930649183,1.5565245665573937,6.465263087791445,0.49087385212340523,0.49087385212340523,0.15565245665573937,0.6465263087791446,0.1963495408493621,196.34954084936209,0.06226098266229575,62.26098266229575,0.25861052351165786,258.61052351165785,258.61052351165785,1.2224915358571864,1222.4915358571864,0.320359777175275,320.359777175275,0.320359777175275,320.359777175275,unique_exposed_swept_capsule_mass,throughput_acquisition_density
E,10.0,78.53981633974483,2.5,4.908738521234052,4.908738521234052,0.1,1.0,0.4,0.4 g/cm^3,43.1578947368421,3600.0,11.98830409356725,29.97076023391812,derived_from_throughput,0.38159957115600623,3.8159957115600625,1.8421052631578947,0.7029465784452746,7.029465784452746,0.28117863137810983,1.7573664461131866,6.666104967347239,0.49087385212340523,0.49087385212340523,0.17573664461131866,0.666610496734724,0.1963495408493621,196.34954084936209,0.07029465784452747,70.29465784452748,0.2666441986938896,266.6441986938896,266.6441986938896,1.3802323791935975,1380.2323791935976,0.36169652261724594,361.69652261724593,0.36169652261724594,361.69652261724593,unique_exposed_swept_capsule_mass,throughput_acquisition_density
E,10.0,78.53981633974483,2.5,4.908738521234052,4.908738521234052,0.1,1.0,0.4,0.4 g/cm^3,43.1578947368421,3600.0,11.98830409356725,29.97076023391812,derived_from_throughput,0.38159957115600623,3.8159957115600625,2.052631578947368,0.7832833302675917,7.832833302675917,0.31331333210703666,1.9582083256689793,6.866946846903032,0.49087385212340523,0.49087385212340523,0.19582083256689795,0.6866946846903033,0.1963495408493621,196.34954084936209,0.07832833302675918,78.32833302675918,0.2746778738761213,274.6778738761213,274.6778738761213,1.5379732225300085,1537.9732225300083,0.4030332680592169,403.03326805921694,0.4030332680592169,403.03326805921694,unique_exposed_swept_capsule_mass,throughput_acquisition_density
E,10.0,78.53981633974483,2.5,4.908738521234052,4.908738521234052,0.1,1.0,0.4,0.4 g/cm^3,43.1578947368421,3600.0,11.98830409356725,29.97076023391812,derived_from_throughput,0.38159957115600623,3.8159957115600625,2.263157894736842,0.8636200820899088,8.636200820899088,0.34544803283596354,2.159050205224772,7.067788726458824,0.49087385212340523,0.49087385212340523,0.2159050205224772,0.7067788726458825,0.1963495408493621,196.34954084936209,0.08636200820899088,86.36200820899089,0.282711549058353,282.711549058353,282.711549058353,1.6957140658664198,1695.7140658664198,0.4443700135011879,444.3700135011879,0.4443700135011879,444.3700135011879,unique_exposed_swept_capsule_mass,throughput_acquisition_density
E,10.0,78.53981633974483,2.5,4.908738521234052,4.908738521234052,0.1,1.0,0.4,0.4 g/cm^3,43.1578947368421,3600.0,11.98830409356725,29.97076023391812,derived_from_throughput,0.38159957115600623,3.8159957115600625,2.473684210526316,0.943956833912226,9.43956833912226,0.37758273356489036,2.359892084780565,7.268630606014617,0.49087385212340523,0.49087385212340523,0.23598920847805652,0.7268630606014618,0.1963495408493621,196.34954084936209,0.09439568339122262,94.39568339122262,0.29074522424058474,290.7452242405847,290.7452242405847,1.8534549092028312,1853.4549092028312,0.4857067589431589,485.7067589431589,0.4857067589431589,485.7067589431589,unique_exposed_swept_capsule_mass,throughput_acquisition_density
E,10.0,78.53981633974483,2.5,4.908738521234052,4.908738521234052,0.1,1.0,0.4,0.4 g/cm^3,43.1578947368421,3600.0,11.98830409356725,29.97076023391812,derived_from_throughput,0.38159957115600623,3.8159957115600625,2.6842105263157894,1.024293585734543,10.24293585734543,0.4097174342938172,2.5607339643363574,7.469472485570409,0.49087385212340523,0.49087385212340523,0.25607339643363575,0.746947248557041,0.1963495408493621,196.34954084936209,0.10242935857345431,102.42935857345431,0.2987788994228164,298.7788994228164,298.7788994228164,2.0111957525392423,2011.1957525392422,0.5270435043851298,527.0435043851298,0.5270435043851298,527.0435043851298,unique_exposed_swept_capsule_mass,throughput_acquisition_density
E,10.0,78.53981633974483,2.5,4.908738521234052,4.908738521234052,0.1,1.0,0.4,0.4 g/cm^3,43.1578947368421,3600.0,11.98830409356725,29.97076023391812,derived_from_throughput,0.38159957115600623,3.8159957115600625,2.894736842105263,1.10463033755686,11.0463033755686,0.441852135022744,2.76157584389215,7.6703143651262025,0.49087385212340523,0.49087385212340523,0.276157584389215,0.7670314365126203,0.1963495408493621,196.34954084936209,0.110463033755686,110.463033755686,0.3068125746050481,306.81257460504816,306.81257460504816,2.1689365958756532,2168.9365958756534,0.5683802498271008,568.3802498271008,0.5683802498271008,568.3802498271008,unique_exposed_swept_capsule_mass,throughput_acquisition_density
E,10.0,78.53981633974483,2.5,4.908738521234052,4.908738521234052,0.1,1.0,0.4,0.4 g/cm^3,43.1578947368421,3600.0,11.98830409356725,29.97076023391812,derived_from_throughput,0.38159957115600623,3.8159957115600625,3.1052631578947367,1.1849670893791773,11.849670893791773,0.4739868357516709,2.962417723447943,7.871156244681995,0.49087385212340523,0.49087385212340523,0.2962417723447943,0.7871156244681995,0.1963495408493621,196.34954084936209,0.11849670893791774,118.49670893791773,0.3148462497872798,314.8462497872798,314.8462497872798,2.3266774392120646,2326.6774392120647,0.6097169952690717,609.7169952690717,0.6097169952690717,609.7169952690717,unique_exposed_swept_capsule_mass,throughput_acquisition_density
E,10.0,78.53981633974483,2.5,4.908738521234052,4.908738521234052,0.1,1.0,0.4,0.4 g/cm^3,43.1578947368421,3600.0,11.98830409356725,29.97076023391812,derived_from_throughput,0.38159957115600623,3.8159957115600625,3.3157894736842106,1.2653038412014943,12.653038412014944,0.5061215364805978,3.163259603003736,8.071998124237787,0.49087385212340523,0.49087385212340523,0.31632596030037363,0.8071998124237787,0.1963495408493621,196.34954084936209,0.12653038412014947,126.53038412014946,0.3228799249695115,322.87992496951153,322.87992496951153,2.4844182825484755,2484.4182825484754,0.6510537407110427,651.0537407110427,0.6510537407110427,651.0537407110427,unique_exposed_swept_capsule_mass,throughput_acquisition_density
E,10.0,78.53981633974483,2.5,4.908738521234052,4.908738521234052,0.1,1.0,0.4,0.4 g/cm^3,43.1578947368421,3600.0,11.98830409356725,29.97076023391812,derived_from_throughput,0.38159957115600623,3.8159957115600625,3.526315789473684,1.3456405930238113,13.456405930238112,0.5382562372095245,3.364101482559528,8.27284000379358,0.49087385212340523,0.49087385212340523,0.33641014825595283,0.827284000379358,0.1963495408493621,196.34954084936209,0.13456405930238113,134.56405930238114,0.3309136001517432,330.9136001517432,330.9136001517432,2.642159125884887,2642.159125884887,0.6923904861530137,692.3904861530137,0.6923904861530137,692.3904861530137,unique_exposed_swept_capsule_mass,throughput_acquisition_density
E,10.0,78.53981633974483,2.5,4.908738521234052,4.908738521234052,0.1,1.0,0.4,0.4 g/cm^3,43.1578947368421,3600.0,11.98830409356725,29.97076023391812,derived_from_throughput,0.38159957115600623,3.8159957115600625,3.7368421052631575,1.4259773448461284,14.259773448461283,0.5703909379384513,3.564943362115321,8.473681883349373,0.49087385212340523,0.49087385212340523,0.3564943362115321,0.8473681883349373,0.1963495408493621,196.34954084936209,0.14259773448461285,142.59773448461286,0.33894727533397495,338.94727533397497,338.94727533397497,2.799899969221298,2799.899969221298,0.7337272315949847,733.7272315949847,0.7337272315949847,733.7272315949847,unique_exposed_swept_capsule_mass,throughput_acquisition_density
E,10.0,78.53981633974483,2.5,4.908738521234052,4.908738521234052,0.1,1.0,0.4,0.4 g/cm^3,43.1578947368421,3600.0,11.98830409356725,29.97076023391812,derived_from_throughput,0.38159957115600623,3.8159957115600625,3.9473684210526314,1.5063140966684456,15.063140966684456,0.6025256386673783,3.765785241671114,8.674523762905165,0.49087385212340523,0.49087385212340523,0.3765785241671114,0.8674523762905166,0.1963495408493621,196.34954084936209,0.15063140966684457,150.63140966684458,0.3469809505162067,346.9809505162067,346.9809505162067,2.957640812557709,2957.640812557709,0.7750639770369556,775.0639770369556,0.7750639770369556,775.0639770369556,unique_exposed_swept_capsule_mass,throughput_acquisition_density
E,10.0,78.53981633974483,2.5,4.908738521234052,4.908738521234052,0.1,1.0,0.4,0.4 g/cm^3,43.1578947368421,3600.0,11.98830409356725,29.97076023391812,derived_from_throughput,0.38159957115600623,3.8159957115600625,4.157894736842105,1.5866508484907629,15.866508484907628,0.6346603393963052,3.966627121226907,8.87536564246096,0.49087385212340523,0.49087385212340523,0.3966627121226907,0.887536564246096,0.1963495408493621,196.34954084936209,0.1586650848490763,158.6650848490763,0.3550146256984384,355.0146256984384,355.0146256984384,3.11538165589412,3115.3816558941203,0.8164007224789266,816.4007224789266,0.8164007224789266,816.4007224789266,unique_exposed_swept_capsule_mass,throughput_acquisition_density
E,10.0,78.53981633974483,2.5,4.908738521234052,4.908738521234052,0.1,1.0,0.4,0.4 g/cm^3,43.1578947368421,3600.0,11.98830409356725,29.97076023391812,derived_from_throughput,0.38159957115600623,3.8159957115600625,4.368421052631579,1.6669876003130797,16.669876003130796,0.6667950401252318,4.167469000782699,9.076207522016752,0.49087385212340523,0.49087385212340523,0.4167469000782699,0.9076207522016753,0.1963495408493621,196.34954084936209,0.16669876003130799,166.69876003130798,0.36304830088067014,363.0483008806701,363.0483008806701,3.2731224992305314,3273.1224992305315,0.8577374679208976,857.7374679208975,0.8577374679208976,857.7374679208975,unique_exposed_swept_capsule_mass,throughput_acquisition_density
E,10.0,78.53981633974483,2.5,4.908738521234052,4.908738521234052,0.1,1.0,0.4,0.4 g/cm^3,43.1578947368421,3600.0,11.98830409356725,29.97076023391812,derived_from_throughput,0.38159957115600623,3.8159957115600625,4.578947368421052,1.7473243521353967,17.473243521353968,0.6989297408541587,4.368310880338492,9.277049401572544,0.49087385212340523,0.49087385212340523,0.43683108803384924,0.9277049401572545,0.1963495408493621,196.34954084936209,0.1747324352135397,174.7324352135397,0.37108197606290183,371.08197606290184,371.08197606290184,3.4308633425669424,3430.8633425669423,0.8990742133628685,899.0742133628685,0.8990742133628685,899.0742133628685,unique_exposed_swept_capsule_mass,throughput_acquisition_density
E,10.0,78.53981633974483,2.5,4.908738521234052,4.908738521234052,0.1,1.0,0.4,0.4 g/cm^3,43.1578947368421,3600.0,11.98830409356725,29.97076023391812,derived_from_throughput,0.38159957115600623,3.8159957115600625,4.789473684210526,1.8276611039577138,18.276611039577137,0.7310644415830855,4.569152759894284,9.477891281128336,0.49087385212340523,0.49087385212340523,0.45691527598942844,0.9477891281128337,0.1963495408493621,196.34954084936209,0.1827661103957714,182.7661103957714,0.37911565124513347,379.11565124513345,379.11565124513345,3.5886041859033533,3588.6041859033535,0.9404109588048394,940.4109588048394,0.9404109588048394,940.4109588048394,unique_exposed_swept_capsule_mass,throughput_acquisition_density
E,10.0,78.53981633974483,2.5,4.908738521234052,4.908738521234052,0.1,1.0,0.4,0.4 g/cm^3,43.1578947368421,3600.0,11.98830409356725,29.97076023391812,derived_from_throughput,0.38159957115600623,3.8159957115600625,5.0,1.9079978557800312,19.079978557800313,0.7631991423120125,4.769994639450078,9.67873316068413,0.49087385212340523,0.49087385212340523,0.47699946394500786,0.9678733160684131,0.1963495408493621,196.34954084936209,0.19079978557800314,190.79978557800314,0.38714932642736527,387.1493264273653,387.1493264273653,3.746345029239765,3746.345029239765,0.9817477042468105,981.7477042468105,0.9817477042468105,981.7477042468105,unique_exposed_swept_capsule_mass,throughput_acquisition_density
E,10.0,78.53981633974483,2.5,4.908738521234052,4.908738521234052,0.1,1.0,0.4,0.4 g/cm^3,47.89473684210526,3600.0,13.304093567251462,33.260233918128655,derived_from_throughput,0.42348245091703146,4.2348245091703145,1.0,0.42348245091703146,4.2348245091703145,0.16939298036681258,1.0587061272925786,5.96744464852663,0.49087385212340523,0.49087385212340523,0.10587061272925787,0.5967444648526631,0.1963495408493621,196.34954084936209,0.04234824509170315,42.34824509170315,0.23869778594106525,238.69778594106526,238.69778594106526,0.8315058479532165,831.5058479532165,0.1963495408493621,196.34954084936209,0.1963495408493621,196.34954084936209,unique_exposed_swept_capsule_mass,throughput_acquisition_density
E,10.0,78.53981633974483,2.5,4.908738521234052,4.908738521234052,0.1,1.0,0.4,0.4 g/cm^3,47.89473684210526,3600.0,13.304093567251462,33.260233918128655,derived_from_throughput,0.42348245091703146,4.2348245091703145,1.2105263157894737,0.5126366511100907,5.126366511100907,0.20505466044403628,1.2815916277752268,6.190330149009279,0.49087385212340523,0.49087385212340523,0.12815916277752268,0.619033014900928,0.1963495408493621,196.34954084936209,0.05126366511100908,51.263665111009075,0.2476132059603712,247.6132059603712,247.6132059603712,1.0065597106802093,1006.5597106802094,0.23768628629133307,237.68628629133306,0.23768628629133307,237.68628629133306,unique_exposed_swept_capsule_mass,throughput_acquisition_density
E,10.0,78.53981633974483,2.5,4.908738521234052,4.908738521234052,0.1,1.0,0.4,0.4 g/cm^3,47.89473684210526,3600.0,13.304093567251462,33.260233918128655,derived_from_throughput,0.42348245091703146,4.2348245091703145,1.4210526315789473,0.6017908513031499,6.017908513031499,0.24071634052125995,1.5044771282578748,6.413215649491927,0.49087385212340523,0.49087385212340523,0.1504477128257875,0.6413215649491928,0.1963495408493621,196.34954084936209,0.060179085130315,60.179085130315,0.2565286259796771,256.52862597967714,256.52862597967714,1.1816135734072024,1181.6135734072025,0.279023031733304,279.023031733304,0.279023031733304,279.023031733304,unique_exposed_swept_capsule_mass,throughput_acquisition_density
E,10.0,78.53981633974483,2.5,4.908738521234052,4.908738521234052,0.1,1.0,0.4,0.4 g/cm^3,47.89473684210526,3600.0,13.304093567251462,33.260233918128655,derived_from_throughput,0.42348245091703146,4.2348245091703145,1.631578947368421,0.6909450514962092,6.909450514962092,0.2763780205984837,1.727362628740523,6.636101149974575,0.49087385212340523,0.49087385212340523,0.1727362628740523,0.6636101149974576,0.1963495408493621,196.34954084936209,0.06909450514962093,69.09450514962093,0.265444045998983,265.44404599898303,265.44404599898303,1.3566674361341953,1356.6674361341952,0.320359777175275,320.359777175275,0.320359777175275,320.359777175275,unique_exposed_swept_capsule_mass,throughput_acquisition_density
E,10.0,78.53981633974483,2.5,4.908738521234052,4.908738521234052,0.1,1.0,0.4,0.4 g/cm^3,47.89473684210526,3600.0,13.304093567251462,33.260233918128655,derived_from_throughput,0.42348245091703146,4.2348245091703145,1.8421052631578947,0.7800992516892684,7.800992516892684,0.31203970067570735,1.950248129223171,6.858986650457223,0.49087385212340523,0.49087385212340523,0.1950248129223171,0.6858986650457224,0.1963495408493621,196.34954084936209,0.07800992516892685,78.00992516892686,0.274359466018289,274.35946601828897,274.35946601828897,1.5317212988611881,1531.7212988611882,0.36169652261724594,361.69652261724593,0.36169652261724594,361.69652261724593,unique_exposed_swept_capsule_mass,throughput_acquisition_density
E,10.0,78.53981633974483,2.5,4.908738521234052,4.908738521234052,0.1,1.0,0.4,0.4 g/cm^3,47.89473684210526,3600.0,13.304093567251462,33.260233918128655,derived_from_throughput,0.42348245091703146,4.2348245091703145,2.052631578947368,0.8692534518823276,8.692534518823276,0.34770138075293106,2.173133629705819,7.081872150939871,0.49087385212340523,0.49087385212340523,0.2173133629705819,0.7081872150939872,0.1963495408493621,196.34954084936209,0.08692534518823276,86.92534518823277,0.2832748860375949,283.27488603759485,283.27488603759485,1.706775161588181,1706.775161588181,0.4030332680592169,403.03326805921694,0.4030332680592169,403.03326805921694,unique_exposed_swept_capsule_mass,throughput_acquisition_density
E,10.0,78.53981633974483,2.5,4.908738521234052,4.908738521234052,0.1,1.0,0.4,0.4 g/cm^3,47.89473684210526,3600.0,13.304093567251462,33.260233918128655,derived_from_throughput,0.42348245091703146,4.2348245091703145,2.263157894736842,0.9584076520753869,9.58407652075387,0.38336306083015476,2.3960191301884675,7.30475765142252,0.49087385212340523,0.49087385212340523,0.23960191301884676,0.730475765142252,0.1963495408493621,196.34954084936209,0.0958407652075387,95.84076520753871,0.29219030605690083,292.19030605690085,292.19030605690085,1.881829024315174,1881.8290243151741,0.4443700135011879,444.3700135011879,0.4443700135011879,444.3700135011879,unique_exposed_swept_capsule_mass,throughput_acquisition_density
E,10.0,78.53981633974483,2.5,4.908738521234052,4.908738521234052,0.1,1.0,0.4,0.4 g/cm^3,47.89473684210526,3600.0,13.304093567251462,33.260233918128655,derived_from_throughput,0.42348245091703146,4.2348245091703145,2.473684210526316,1.0475618522684462,10.475618522684462,0.4190247409073785,2.6189046306711155,7.527643151905167,0.49087385212340523,0.49087385212340523,0.26189046306711156,0.7527643151905168,0.1963495408493621,196.34954084936209,0.10475618522684463,104.75618522684462,0.3011057260762067,301.10572607620674,301.10572607620674,2.056882887042167,2056.882887042167,0.4857067589431589,485.7067589431589,0.4857067589431589,485.7067589431589,unique_exposed_swept_capsule_mass,throughput_acquisition_density
E,10.0,78.53981633974483,2.5,4.908738521234052,4.908738521234052,0.1,1.0,0.4,0.4 g/cm^3,47.89473684210526,3600.0,13.304093567251462,33.260233918128655,derived_from_throughput,0.42348245091703146,4.2348245091703145,2.6842105263157894,1.1367160524615054,11.367160524615054,0.45468642098460216,2.8417901311537634,7.750528652387816,0.49087385212340523,0.49087385212340523,0.28417901311537636,0.7750528652387816,0.1963495408493621,196.34954084936209,0.11367160524615055,113.67160524615055,0.3100211460955127,310.0211460955127,310.0211460955127,2.23193674976916,2231.9367497691596,0.5270435043851298,527.0435043851298,0.5270435043851298,527.0435043851298,unique_exposed_swept_capsule_mass,throughput_acquisition_density
E,10.0,78.53981633974483,2.5,4.908738521234052,4.908738521234052,0.1,1.0,0.4,0.4 g/cm^3,47.89473684210526,3600.0,13.304093567251462,33.260233918128655,derived_from_throughput,0.42348245091703146,4.2348245091703145,2.894736842105263,1.2258702526545646,12.258702526545646,0.49034810106182586,3.0646756316364114,7.973414152870463,0.49087385212340523,0.49087385212340523,0.30646756316364115,0.7973414152870464,0.1963495408493621,196.34954084936209,0.12258702526545646,122.58702526545646,0.3189365661148186,318.93656611481856,318.93656611481856,2.406990612496153,2406.990612496153,0.5683802498271008,568.3802498271008,0.5683802498271008,568.3802498271008,unique_exposed_swept_capsule_mass,throughput_acquisition_density
E,10.0,78.53981633974483,2.5,4.908738521234052,4.908738521234052,0.1,1.0,0.4,0.4 g/cm^3,47.89473684210526,3600.0,13.304093567251462,33.260233918128655,derived_from_throughput,0.42348245091703146,4.2348245091703145,3.1052631578947367,1.315024452847624,13.15024452847624,0.5260097811390496,3.28756113211906,8.196299653353112,0.49087385212340523,0.49087385212340523,0.328756113211906,0.8196299653353112,0.1963495408493621,196.34954084936209,0.1315024452847624,131.50244528476242,0.3278519861341245,327.85198613412445,327.85198613412445,2.582044475223146,2582.044475223146,0.6097169952690717,609.7169952690717,0.6097169952690717,609.7169952690717,unique_exposed_swept_capsule_mass,throughput_acquisition_density
E,10.0,78.53981633974483,2.5,4.908738521234052,4.908738521234052,0.1,1.0,0.4,0.4 g/cm^3,47.89473684210526,3600.0,13.304093567251462,33.260233918128655,derived_from_throughput,0.42348245091703146,4.2348245091703145,3.3157894736842106,1.4041786530406832,14.041786530406831,0.5616714612162733,3.510446632601708,8.419185153835759,0.49087385212340523,0.49087385212340523,0.3510446632601708,0.841918515383576,0.1963495408493621,196.34954084936209,0.14041786530406833,140.41786530406833,0.3367674061534304,336.76740615343044,336.76740615343044,2.757098337950139,2757.098337950139,0.6510537407110427,651.0537407110427,0.6510537407110427,651.0537407110427,unique_exposed_swept_capsule_mass,throughput_acquisition_density
E,10.0,78.53981633974483,2.5,4.908738521234052,4.908738521234052,0.1,1.0,0.4,0.4 g/cm^3,47.89473684210526,3600.0,13.304093567251462,33.260233918128655,derived_from_throughput,0.42348245091703146,4.2348245091703145,3.526315789473684,1.4933328532337424,14.933328532337423,0.597333141293497,3.733332133084356,8.642070654318408,0.49087385212340523,0.49087385212340523,0.3733332133084356,0.8642070654318408,0.1963495408493621,196.34954084936209,0.14933328532337425,149.33328532337424,0.3456828261727363,345.6828261727363,345.6828261727363,2.9321522006771317,2932.1522006771315,0.6923904861530137,692.3904861530137,0.6923904861530137,692.3904861530137,unique_exposed_swept_capsule_mass,throughput_acquisition_density
E,10.0,78.53981633974483,2.5,4.908738521234052,4.908738521234052,0.1,1.0,0.4,0.4 g/cm^3,47.89473684210526,3600.0,13.304093567251462,33.260233918128655,derived_from_throughput,0.42348245091703146,4.2348245091703145,3.7368421052631575,1.5824870534268016,15.824870534268015,0.6329948213707206,3.956217633567004,8.864956154801057,0.49087385212340523,0.49087385212340523,0.3956217633567004,0.8864956154801057,0.1963495408493621,196.34954084936209,0.15824870534268018,158.24870534268018,0.3545982461920423,354.59824619204227,354.59824619204227,3.1072060634041243,3107.2060634041245,0.7337272315949847,733.7272315949847,0.7337272315949847,733.7272315949847,unique_exposed_swept_capsule_mass,throughput_acquisition_density
E,10.0,78.53981633974483,2.5,4.908738521234052,4.908738521234052,0.1,1.0,0.4,0.4 g/cm^3,47.89473684210526,3600.0,13.304093567251462,33.260233918128655,derived_from_throughput,0.42348245091703146,4.2348245091703145,3.9473684210526314,1.671641253619861,16.71641253619861,0.6686565014479444,4.179103134049653,9.087841655283704,0.49087385212340523,0.49087385212340523,0.4179103134049653,0.9087841655283704,0.1963495408493621,196.34954084936209,0.16716412536198613,167.16412536198612,0.3635136662113482,363.51366621134815,363.51366621134815,3.2822599261311174,3282.2599261311175,0.7750639770369556,775.0639770369556,0.7750639770369556,775.0639770369556,unique_exposed_swept_capsule_mass,throughput_acquisition_density
E,10.0,78.53981633974483,2.5,4.908738521234052,4.908738521234052,0.1,1.0,0.4,0.4 g/cm^3,47.89473684210526,3600.0,13.304093567251462,33.260233918128655,derived_from_throughput,0.42348245091703146,4.2348245091703145,4.157894736842105,1.7607954538129202,17.607954538129203,0.7043181815251681,4.401988634532301,9.310727155766353,0.49087385212340523,0.49087385212340523,0.4401988634532301,0.9310727155766353,0.1963495408493621,196.34954084936209,0.17607954538129206,176.07954538129206,0.3724290862306541,372.42908623065415,372.42908623065415,3.4573137888581105,3457.3137888581105,0.8164007224789266,816.4007224789266,0.8164007224789266,816.4007224789266,unique_exposed_swept_capsule_mass,throughput_acquisition_density
E,10.0,78.53981633974483,2.5,4.908738521234052,4.908738521234052,0.1,1.0,0.4,0.4 g/cm^3,47.89473684210526,3600.0,13.304093567251462,33.260233918128655,derived_from_throughput,0.42348245091703146,4.2348245091703145,4.368421052631579,1.8499496540059794,18.499496540059795,0.7399798616023918,4.624874135014949,9.533612656249002,0.49087385212340523,0.49087385212340523,0.4624874135014949,0.9533612656249002,0.1963495408493621,196.34954084936209,0.18499496540059798,184.99496540059798,0.3813445062499601,381.3445062499601,381.3445062499601,3.6323676515851036,3632.3676515851034,0.8577374679208976,857.7374679208975,0.8577374679208976,857.7374679208975,unique_exposed_swept_capsule_mass,throughput_acquisition_density
E,10.0,78.53981633974483,2.5,4.908738521234052,4.908738521234052,0.1,1.0,0.4,0.4 g/cm^3,47.89473684210526,3600.0,13.304093567251462,33.260233918128655,derived_from_throughput,0.42348245091703146,4.2348245091703145,4.578947368421052,1.9391038541990386,19.391038541990387,0.7756415416796154,4.847759635497597,9.756498156731649,0.49087385212340523,0.49087385212340523,0.4847759635497597,0.9756498156731649,0.1963495408493621,196.34954084936209,0.1939103854199039,193.91038541990392,0.390259926269266,390.259926269266,390.259926269266,3.807421514312096,3807.4215143120964,0.8990742133628685,899.0742133628685,0.8990742133628685,899.0742133628685,unique_exposed_swept_capsule_mass,throughput_acquisition_density
E,10.0,78.53981633974483,2.5,4.908738521234052,4.908738521234052,0.1,1.0,0.4,0.4 g/cm^3,47.89473684210526,3600.0,13.304093567251462,33.260233918128655,derived_from_throughput,0.42348245091703146,4.2348245091703145,4.789473684210526,2.0282580543920976,20.282580543920975,0.811303221756839,5.070645135980244,9.979383657214296,0.49087385212340523,0.49087385212340523,0.5070645135980244,0.9979383657214296,0.1963495408493621,196.34954084936209,0.20282580543920978,202.82580543920977,0.3991753462885719,399.17534628857186,399.17534628857186,3.982475377039089,3982.475377039089,0.9404109588048394,940.4109588048394,0.9404109588048394,940.4109588048394,unique_exposed_swept_capsule_mass,throughput_acquisition_density
E,10.0,78.53981633974483,2.5,4.908738521234052,4.908738521234052,0.1,1.0,0.4,0.4 g/cm^3,47.89473684210526,3600.0,13.304093567251462,33.260233918128655,derived_from_throughput,0.42348245091703146,4.2348245091703145,5.0,2.1174122545851572,21.174122545851574,0.8469649018340629,5.293530636462894,10.202269157696946,0.49087385212340523,0.49087385212340523,0.5293530636462894,1.0202269157696946,0.1963495408493621,196.34954084936209,0.21174122545851579,211.7412254585158,0.4080907663078779,408.09076630787786,408.09076630787786,4.157529239766083,4157.529239766082,0.9817477042468105,981.7477042468105,0.9817477042468105,981.7477042468105,unique_exposed_swept_capsule_mass,throughput_acquisition_density
E,10.0,78.53981633974483,2.5,4.908738521234052,4.908738521234052,0.1,1.0,0.4,0.4 g/cm^3,52.63157894736842,3600.0,14.619883040935672,36.549707602339176,derived_from_throughput,0.46536533067805647,4.653653306780565,1.0,0.46536533067805647,4.653653306780565,0.1861461322712226,1.1634133266951412,6.072151847929193,0.49087385212340523,0.49087385212340523,0.11634133266951413,0.6072151847929194,0.1963495408493621,196.34954084936209,0.046536533067805655,46.53653306780566,0.24288607391716777,242.88607391716778,242.88607391716778,0.9137426900584794,913.7426900584794,0.1963495408493621,196.34954084936209,0.1963495408493621,196.34954084936209,unique_exposed_swept_capsule_mass,throughput_acquisition_density
E,10.0,78.53981633974483,2.5,4.908738521234052,4.908738521234052,0.1,1.0,0.4,0.4 g/cm^3,52.63157894736842,3600.0,14.619883040935672,36.549707602339176,derived_from_throughput,0.46536533067805647,4.653653306780565,1.2105263157894737,0.5633369792418578,5.633369792418578,0.22533479169674311,1.4083424481046445,6.317080969338696,0.49087385212340523,0.49087385212340523,0.14083424481046444,0.6317080969338696,0.1963495408493621,196.34954084936209,0.05633369792418578,56.33369792418578,0.25268323877354787,252.68323877354786,252.68323877354786,1.106109572176054,1106.1095721760541,0.23768628629133307,237.68628629133306,0.23768628629133307,237.68628629133306,unique_exposed_swept_capsule_mass,throughput_acquisition_density
E,10.0,78.53981633974483,2.5,4.908738521234052,4.908738521234052,0.1,1.0,0.4,0.4 g/cm^3,52.63157894736842,3600.0,14.619883040935672,36.549707602339176,derived_from_throughput,0.46536533067805647,4.653653306780565,1.4210526315789473,0.6613086278056591,6.613086278056591,0.26452345112226366,1.6532715695141478,6.5620100907482,0.49087385212340523,0.49087385212340523,0.16532715695141478,0.65620100907482,0.1963495408493621,196.34954084936209,0.06613086278056592,66.13086278056592,0.262480403629928,262.48040362992805,262.48040362992805,1.2984764542936287,1298.4764542936286,0.279023031733304,279.023031733304,0.279023031733304,279.023031733304,unique_exposed_swept_capsule_mass,throughput_acquisition_density
E,10.0,78.53981633974483,2.5,4.908738521234052,4.908738521234052,0.1,1.0,0.4,0.4 g/cm^3,52.63157894736842,3600.0,14.619883040935672,36.549707602339176,derived_from_throughput,0.46536533067805647,4.653653306780565,1.631578947368421,0.7592802763694605,7.592802763694605,0.3037121105477842,1.8982006909236513,6.806939212157703,0.49087385212340523,0.49087385212340523,0.18982006909236515,0.6806939212157703,0.1963495408493621,196.34954084936209,0.07592802763694606,75.92802763694606,0.27227756848630813,272.27756848630816,272.27756848630816,1.4908433364112033,1490.8433364112032,0.320359777175275,320.359777175275,0.320359777175275,320.359777175275,unique_exposed_swept_capsule_mass,throughput_acquisition_density
E,10.0,78.53981633974483,2.5,4.908738521234052,4.908738521234052,0.1,1.0,0.4,0.4 g/cm^3,52.63157894736842,3600.0,14.619883040935672,36.549707602339176,derived_from_throughput,0.46536533067805647,4.653653306780565,1.8421052631578947,0.8572519249332619,8.572519249332618,0.34290076997330476,2.1431298123331546,7.0518683335672065,0.49087385212340523,0.49087385212340523,0.21431298123331546,0.7051868333567207,0.1963495408493621,196.34954084936209,0.08572519249332619,85.72519249332619,0.2820747333426883,282.07473334268826,282.07473334268826,1.6832102185287778,1683.210218528778,0.36169652261724594,361.69652261724593,0.36169652261724594,361.69652261724593,unique_exposed_swept_capsule_mass,throughput_acquisition_density
E,10.0,78.53981633974483,2.5,4.908738521234052,4.908738521234052,0.1,1.0,0.4,0.4 g/cm^3,52.63157894736842,3600.0,14.619883040935672,36.549707602339176,derived_from_throughput,0.46536533067805647,4.653653306780565,2.052631578947368,0.9552235734970631,9.552235734970631,0.38208942939882523,2.388058933742658,7.29679745497671,0.49087385212340523,0.49087385212340523,0.2388058933742658,0.7296797454976711,0.1963495408493621,196.34954084936209,0.09552235734970632,95.52235734970633,0.29187189819906845,291.8718981990684,291.8718981990684,1.8755771006463522,1875.5771006463522,0.4030332680592169,403.03326805921694,0.4030332680592169,403.03326805921694,unique_exposed_swept_capsule_mass,throughput_acquisition_density
E,10.0,78.53981633974483,2.5,4.908738521234052,4.908738521234052,0.1,1.0,0.4,0.4 g/cm^3,52.63157894736842,3600.0,14.619883040935672,36.549707602339176,derived_from_throughput,0.46536533067805647,4.653653306780565,2.263157894736842,1.0531952220608647,10.531952220608646,0.42127808882434586,2.6329880551521616,7.541726576386214,0.49087385212340523,0.49087385212340523,0.26329880551521617,0.7541726576386214,0.1963495408493621,196.34954084936209,0.10531952220608648,105.31952220608648,0.3016690630554486,301.6690630554486,301.6690630554486,2.067943982763927,2067.943982763927,0.4443700135011879,444.3700135011879,0.4443700135011879,444.3700135011879,unique_exposed_swept_capsule_mass,throughput_acquisition_density
E,10.0,78.53981633974483,2.5,4.908738521234052,4.908738521234052,0.1,1.0,0.4,0.4 g/cm^3,52.63157894736842,3600.0,14.619883040935672,36.549707602339176,derived_from_throughput,0.46536533067805647,4.653653306780565,2.473684210526316,1.151166870624666,11.51166870624666,0.46046674824986644,2.877917176561665,7.786655697795717,0.49087385212340523,0.49087385212340523,0.2877917176561665,0.7786655697795717,0.1963495408493621,196.34954084936209,0.11511668706246661,115.11668706246661,0.3114662279118287,311.4662279118287,311.4662279118287,2.260310864881502,2260.310864881502,0.4857067589431589,485.7067589431589,0.4857067589431589,485.7067589431589,unique_exposed_swept_capsule_mass,throughput_acquisition_density
E,10.0,78.53981633974483,2.5,4.908738521234052,4.908738521234052,0.1,1.0,0.4,0.4 g/cm^3,52.63157894736842,3600.0,14.619883040935672,36.549707602339176,derived_from_throughput,0.46536533067805647,4.653653306780565,2.6842105263157894,1.2491385191884674,12.491385191884675,0.49965540767538696,3.1228462979711686,8.031584819205221,0.49087385212340523,0.49087385212340523,0.3122846297971169,0.8031584819205222,0.1963495408493621,196.34954084936209,0.12491385191884677,124.91385191884677,0.3212633927682089,321.2633927682089,321.2633927682089,2.4526777469990764,2452.6777469990766,0.5270435043851298,527.0435043851298,0.5270435043851298,527.0435043851298,unique_exposed_swept_capsule_mass,throughput_acquisition_density
E,10.0,78.53981633974483,2.5,4.908738521234052,4.908738521234052,0.1,1.0,0.4,0.4 g/cm^3,52.63157894736842,3600.0,14.619883040935672,36.549707602339176,derived_from_throughput,0.46536533067805647,4.653653306780565,2.894736842105263,1.3471101677522686,13.471101677522686,0.5388440671009074,3.3677754193806715,8.276513940614723,0.49087385212340523,0.49087385212340523,0.3367775419380672,0.8276513940614724,0.1963495408493621,196.34954084936209,0.13471101677522687,134.71101677522688,0.33106055762458897,331.06055762458897,331.06055762458897,2.6450446291166507,2645.044629116651,0.5683802498271008,568.3802498271008,0.5683802498271008,568.3802498271008,unique_exposed_swept_capsule_mass,throughput_acquisition_density
E,10.0,78.53981633974483,2.5,4.908738521234052,4.908738521234052,0.1,1.0,0.4,0.4 g/cm^3,52.63157894736842,3600.0,14.619883040935672,36.549707602339176,derived_from_throughput,0.46536533067805647,4.653653306780565,3.1052631578947367,1.4450818163160701,14.450818163160701,0.578032726526428,3.6127045407901752,8.521443062024227,0.49087385212340523,0.49087385212340523,0.36127045407901753,0.8521443062024228,0.1963495408493621,196.34954084936209,0.14450818163160703,144.50818163160702,0.3408577224809691,340.85772248096913,340.85772248096913,2.8374115112342255,2837.4115112342256,0.6097169952690717,609.7169952690717,0.6097169952690717,609.7169952690717,unique_exposed_swept_capsule_mass,throughput_acquisition_density
E,10.0,78.53981633974483,2.5,4.908738521234052,4.908738521234052,0.1,1.0,0.4,0.4 g/cm^3,52.63157894736842,3600.0,14.619883040935672,36.549707602339176,derived_from_throughput,0.46536533067805647,4.653653306780565,3.3157894736842106,1.5430534648798715,15.430534648798716,0.6172213859519486,3.857633662199679,8.766372183433731,0.49087385212340523,0.49087385212340523,0.38576336621996793,0.8766372183433732,0.1963495408493621,196.34954084936209,0.1543053464879872,154.30534648798718,0.3506548873373493,350.6548873373493,350.6548873373493,3.0297783933518003,3029.7783933518003,0.6510537407110427,651.0537407110427,0.6510537407110427,651.0537407110427,unique_exposed_swept_capsule_mass,throughput_acquisition_density
E,10.0,78.53981633974483,2.5,4.908738521234052,4.908738521234052,0.1,1.0,0.4,0.4 g/cm^3,52.63157894736842,3600.0,14.619883040935672,36.549707602339176,derived_from_throughput,0.46536533067805647,4.653653306780565,3.526315789473684,1.6410251134436726,16.410251134436727,0.656410045377469,4.102562783609182,9.011301304843233,0.49087385212340523,0.49087385212340523,0.4102562783609182,0.9011301304843233,0.1963495408493621,196.34954084936209,0.1641025113443673,164.1025113443673,0.36045205219372933,360.45205219372934,360.45205219372934,3.2221452754693747,3222.1452754693746,0.6923904861530137,692.3904861530137,0.6923904861530137,692.3904861530137,unique_exposed_swept_capsule_mass,throughput_acquisition_density
E,10.0,78.53981633974483,2.5,4.908738521234052,4.908738521234052,0.1,1.0,0.4,0.4 g/cm^3,52.63157894736842,3600.0,14.619883040935672,36.549707602339176,derived_from_throughput,0.46536533067805647,4.653653306780565,3.7368421052631575,1.738996762007474,17.38996762007474,0.6955987048029896,4.347491905018685,9.256230426252737,0.49087385212340523,0.49087385212340523,0.4347491905018685,0.9256230426252737,0.1963495408493621,196.34954084936209,0.17389967620074742,173.89967620074742,0.3702492170501095,370.2492170501095,370.2492170501095,3.414512157586949,3414.512157586949,0.7337272315949847,733.7272315949847,0.7337272315949847,733.7272315949847,unique_exposed_swept_capsule_mass,throughput_acquisition_density
E,10.0,78.53981633974483,2.5,4.908738521234052,4.908738521234052,0.1,1.0,0.4,0.4 g/cm^3,52.63157894736842,3600.0,14.619883040935672,36.549707602339176,derived_from_throughput,0.46536533067805647,4.653653306780565,3.9473684210526314,1.8369684105712754,18.369684105712754,0.7347873642285101,4.592421026428188,9.50115954766224,0.49087385212340523,0.49087385212340523,0.45924210264281884,0.9501159547662241,0.1963495408493621,196.34954084936209,0.18369684105712755,183.69684105712756,0.38004638190648965,380.04638190648967,380.04638190648967,3.606879039704524,3606.8790397045236,0.7750639770369556,775.0639770369556,0.7750639770369556,775.0639770369556,unique_exposed_swept_capsule_mass,throughput_acquisition_density
E,10.0,78.53981633974483,2.5,4.908738521234052,4.908738521234052,0.1,1.0,0.4,0.4 g/cm^3,52.63157894736842,3600.0,14.619883040935672,36.549707602339176,derived_from_throughput,0.46536533067805647,4.653653306780565,4.157894736842105,1.934940059135077,19.34940059135077,0.7739760236540307,4.837350147837692,9.746088669071744,0.49087385212340523,0.49087385212340523,0.48373501478376923,0.9746088669071744,0.1963495408493621,196.34954084936209,0.1934940059135077,193.49400591350772,0.3898435467628698,389.84354676286983,389.84354676286983,3.7992459218220986,3799.245921822099,0.8164007224789266,816.4007224789266,0.8164007224789266,816.4007224789266,unique_exposed_swept_capsule_mass,throughput_acquisition_density
E,10.0,78.53981633974483,2.5,4.908738521234052,4.908738521234052,0.1,1.0,0.4,0.4 g/cm^3,52.63157894736842,3600.0,14.619883040935672,36.549707602339176,derived_from_throughput,0.46536533067805647,4.653653306780565,4.368421052631579,2.032911707698878,20.32911707698878,0.8131646830795513,5.082279269247195,9.991017790481248,0.49087385212340523,0.49087385212340523,0.5082279269247195,0.9991017790481248,0.1963495408493621,196.34954084936209,0.2032911707698878,203.29117076988783,0.39964071161924997,399.64071161924994,399.64071161924994,3.991612803939673,3991.612803939673,0.8577374679208976,857.7374679208975,0.8577374679208976,857.7374679208975,unique_exposed_swept_capsule_mass,throughput_acquisition_density
E,10.0,78.53981633974483,2.5,4.908738521234052,4.908738521234052,0.1,1.0,0.4,0.4 g/cm^3,52.63157894736842,3600.0,14.619883040935672,36.549707602339176,derived_from_throughput,0.46536533067805647,4.653653306780565,4.578947368421052,2.130883356262679,21.30883356262679,0.8523533425050717,5.327208390656698,10.23594691189075,0.49087385212340523,0.49087385212340523,0.5327208390656698,1.023594691189075,0.1963495408493621,196.34954084936209,0.21308833562626794,213.08833562626793,0.40943787647563,409.43787647563,409.43787647563,4.183979686057247,4183.979686057247,0.8990742133628685,899.0742133628685,0.8990742133628685,899.0742133628685,unique_exposed_swept_capsule_mass,throughput_acquisition_density
E,10.0,78.53981633974483,2.5,4.908738521234052,4.908738521234052,0.1,1.0,0.4,0.4 g/cm^3,52.63157894736842,3600.0,14.619883040935672,36.549707602339176,derived_from_throughput,0.46536533067805647,4.653653306780565,4.789473684210526,2.228855004826481,22.28855004826481,0.8915420019305923,5.5721375120662024,10.480876033300255,0.49087385212340523,0.49087385212340523,0.5572137512066203,1.0480876033300255,0.1963495408493621,196.34954084936209,0.22288550048264813,222.88550048264813,0.4192350413320102,419.2350413320102,419.2350413320102,4.376346568174822,4376.346568174822,0.9404109588048394,940.4109588048394,0.9404109588048394,940.4109588048394,unique_exposed_swept_capsule_mass,throughput_acquisition_density
E,10.0,78.53981633974483,2.5,4.908738521234052,4.908738521234052,0.1,1.0,0.4,0.4 g/cm^3,52.63157894736842,3600.0,14.619883040935672,36.549707602339176,derived_from_throughput,0.46536533067805647,4.653653306780565,5.0,2.3268266533902824,23.268266533902825,0.9307306613561129,5.817066633475706,10.725805154709757,0.49087385212340523,0.49087385212340523,0.5817066633475706,1.0725805154709758,0.1963495408493621,196.34954084936209,0.23268266533902826,232.68266533902826,0.42903220618839033,429.0322061883903,429.0322061883903,4.568713450292397,4568.713450292397,0.9817477042468105,981.7477042468105,0.9817477042468105,981.7477042468105,unique_exposed_swept_capsule_mass,throughput_acquisition_density
E,10.0,78.53981633974483,2.5,4.908738521234052,4.908738521234052,0.1,1.0,0.4,0.4 g/cm^3,57.368421052631575,3600.0,15.935672514619881,39.8391812865497,derived_from_throughput,0.5072482104390815,5.072482104390815,1.0,0.5072482104390815,5.072482104390815,0.2028992841756326,1.2681205260977038,6.176859047331756,0.49087385212340523,0.49087385212340523,0.12681205260977038,0.6176859047331756,0.1963495408493621,196.34954084936209,0.05072482104390816,50.72482104390816,0.24707436189327026,247.07436189327026,247.07436189327026,0.9959795321637426,995.9795321637425,0.1963495408493621,196.34954084936209,0.1963495408493621,196.34954084936209,unique_exposed_swept_capsule_mass,throughput_acquisition_density
E,10.0,78.53981633974483,2.5,4.908738521234052,4.908738521234052,0.1,1.0,0.4,0.4 g/cm^3,57.368421052631575,3600.0,15.935672514619881,39.8391812865497,derived_from_throughput,0.5072482104390815,5.072482104390815,1.2105263157894737,0.614037307373625,6.14037307373625,0.24561492294945003,1.5350932684340626,6.443831789668114,0.49087385212340523,0.49087385212340523,0.15350932684340626,0.6443831789668115,0.1963495408493621,196.34954084936209,0.06140373073736251,61.40373073736251,0.2577532715867246,257.7532715867246,257.7532715867246,1.2056594336718989,1205.6594336718988,0.23768628629133307,237.68628629133306,0.23768628629133307,237.68628629133306,unique_exposed_swept_capsule_mass,throughput_acquisition_density
E,10.0,78.53981633974483,2.5,4.908738521234052,4.908738521234052,0.1,1.0,0.4,0.4 g/cm^3,57.368421052631575,3600.0,15.935672514619881,39.8391812865497,derived_from_throughput,0.5072482104390815,5.072482104390815,1.4210526315789473,0.7208264043081685,7.208264043081685,0.2883305617232674,1.8020660107704212,6.710804532004473,0.49087385212340523,0.49087385212340523,0.18020660107704212,0.6710804532004473,0.1963495408493621,196.34954084936209,0.07208264043081684,72.08264043081684,0.2684321812801789,268.43218128017895,268.43218128017895,1.4153393351800552,1415.339335180055,0.279023031733304,279.023031733304,0.279023031733304,279.023031733304,unique_exposed_swept_capsule_mass,throughput_acquisition_density
E,10.0,78.53981633974483,2.5,4.908738521234052,4.908738521234052,0.1,1.0,0.4,0.4 g/cm^3,57.368421052631575,3600.0,15.935672514619881,39.8391812865497,derived_from_throughput,0.5072482104390815,5.072482104390815,1.631578947368421,0.827615501242712,8.27615501242712,0.3310462004970848,2.06903875310678,6.977777274340832,0.49087385212340523,0.49087385212340523,0.206903875310678,0.6977777274340833,0.1963495408493621,196.34954084936209,0.08276155012427121,82.76155012427121,0.27911109097363335,279.11109097363334,279.11109097363334,1.6250192366882115,1625.0192366882115,0.320359777175275,320.359777175275,0.320359777175275,320.359777175275,unique_exposed_swept_capsule_mass,throughput_acquisition_density
E,10.0,78.53981633974483,2.5,4.908738521234052,4.908738521234052,0.1,1.0,0.4,0.4 g/cm^3,57.368421052631575,3600.0,15.935672514619881,39.8391812865497,derived_from_throughput,0.5072482104390815,5.072482104390815,1.8421052631578947,0.9344045981772554,9.344045981772554,0.3737618392709022,2.3360114954431386,7.244750016677191,0.49087385212340523,0.49087385212340523,0.23360114954431388,0.7244750016677192,0.1963495408493621,196.34954084936209,0.09344045981772556,93.44045981772555,0.28979000066708765,289.79000066708767,289.79000066708767,1.8346991381963678,1834.6991381963678,0.36169652261724594,361.69652261724593,0.36169652261724594,361.69652261724593,unique_exposed_swept_capsule_mass,throughput_acquisition_density
E,10.0,78.53981633974483,2.5,4.908738521234052,4.908738521234052,0.1,1.0,0.4,0.4 g/cm^3,57.368421052631575,3600.0,15.935672514619881,39.8391812865497,derived_from_throughput,0.5072482104390815,5.072482104390815,2.052631578947368,1.0411936951117988,10.411936951117989,0.4164774780447195,2.602984237779497,7.51172275901355,0.49087385212340523,0.49087385212340523,0.2602984237779497,0.751172275901355,0.1963495408493621,196.34954084936209,0.1041193695111799,104.1193695111799,0.300468910360542,300.468910360542,300.468910360542,2.044379039704524,2044.3790397045238,0.4030332680592169,403.03326805921694,0.4030332680592169,403.03326805921694,unique_exposed_swept_capsule_mass,throughput_acquisition_density
E,10.0,78.53981633974483,2.5,4.908738521234052,4.908738521234052,0.1,1.0,0.4,0.4 g/cm^3,57.368421052631575,3600.0,15.935672514619881,39.8391812865497,derived_from_throughput,0.5072482104390815,5.072482104390815,2.263157894736842,1.1479827920463423,11.479827920463423,0.4591931168185369,2.8699569801158558,7.778695501349908,0.49087385212340523,0.49087385212340523,0.2869956980115856,0.7778695501349908,0.1963495408493621,196.34954084936209,0.11479827920463424,114.79827920463424,0.3111478200539963,311.1478200539963,311.1478200539963,2.2540589412126804,2254.0589412126806,0.4443700135011879,444.3700135011879,0.4443700135011879,444.3700135011879,unique_exposed_swept_capsule_mass,throughput_acquisition_density
E,10.0,78.53981633974483,2.5,4.908738521234052,4.908738521234052,0.1,1.0,0.4,0.4 g/cm^3,57.368421052631575,3600.0,15.935672514619881,39.8391812865497,derived_from_throughput,0.5072482104390815,5.072482104390815,2.473684210526316,1.2547718889808859,12.54771888980886,0.5019087555923544,3.136929722452215,8.045668243686267,0.49087385212340523,0.49087385212340523,0.3136929722452215,0.8045668243686267,0.1963495408493621,196.34954084936209,0.12547718889808862,125.47718889808863,0.3218267297474507,321.8267297474507,321.8267297474507,2.463738842720837,2463.738842720837,0.4857067589431589,485.7067589431589,0.4857067589431589,485.7067589431589,unique_exposed_swept_capsule_mass,throughput_acquisition_density
E,10.0,78.53981633974483,2.5,4.908738521234052,4.908738521234052,0.1,1.0,0.4,0.4 g/cm^3,57.368421052631575,3600.0,15.935672514619881,39.8391812865497,derived_from_throughput,0.5072482104390815,5.072482104390815,2.6842105263157894,1.3615609859154294,13.615609859154294,0.5446243943661717,3.4039024647885734,8.312640986022625,0.49087385212340523,0.49087385212340523,0.34039024647885735,0.8312640986022626,0.1963495408493621,196.34954084936209,0.13615609859154296,136.15609859154296,0.33250563944090505,332.50563944090504,332.50563944090504,2.673418744228993,2673.418744228993,0.5270435043851298,527.0435043851298,0.5270435043851298,527.0435043851298,unique_exposed_swept_capsule_mass,throughput_acquisition_density
E,10.0,78.53981633974483,2.5,4.908738521234052,4.908738521234052,0.1,1.0,0.4,0.4 g/cm^3,57.368421052631575,3600.0,15.935672514619881,39.8391812865497,derived_from_throughput,0.5072482104390815,5.072482104390815,2.894736842105263,1.4683500828499727,14.683500828499728,0.5873400331399891,3.670875207124932,8.579613728358984,0.49087385212340523,0.49087385212340523,0.36708752071249323,0.8579613728358985,0.1963495408493621,196.34954084936209,0.1468350082849973,146.8350082849973,0.3431845491343594,343.18454913435943,343.18454913435943,2.883098645737149,2883.098645737149,0.5683802498271008,568.3802498271008,0.5683802498271008,568.3802498271008,unique_exposed_swept_capsule_mass,throughput_acquisition_density
E,10.0,78.53981633974483,2.5,4.908738521234052,4.908738521234052,0.1,1.0,0.4,0.4 g/cm^3,57.368421052631575,3600.0,15.935672514619881,39.8391812865497,derived_from_throughput,0.5072482104390815,5.072482104390815,3.1052631578947367,1.5751391797845162,15.751391797845162,0.6300556719138065,3.9378479494612906,8.846586470695343,0.49087385212340523,0.49087385212340523,0.39378479494612906,0.8846586470695343,0.1963495408493621,196.34954084936209,0.15751391797845163,157.51391797845162,0.3538634588278138,353.86345882781376,353.86345882781376,3.092778547245306,3092.778547245306,0.6097169952690717,609.7169952690717,0.6097169952690717,609.7169952690717,unique_exposed_swept_capsule_mass,throughput_acquisition_density
E,10.0,78.53981633974483,2.5,4.908738521234052,4.908738521234052,0.1,1.0,0.4,0.4 g/cm^3,57.368421052631575,3600.0,15.935672514619881,39.8391812865497,derived_from_throughput,0.5072482104390815,5.072482104390815,3.3157894736842106,1.6819282767190598,16.819282767190597,0.6727713106876239,4.204820691797649,9.113559213031701,0.49087385212340523,0.49087385212340523,0.42048206917976494,0.9113559213031701,0.1963495408493621,196.34954084936209,0.168192827671906,168.192827671906,0.3645423685212681,364.5423685212681,364.5423685212681,3.3024584487534625,3302.4584487534626,0.6510537407110427,651.0537407110427,0.6510537407110427,651.0537407110427,unique_exposed_swept_capsule_mass,throughput_acquisition_density
E,10.0,78.53981633974483,2.5,4.908738521234052,4.908738521234052,0.1,1.0,0.4,0.4 g/cm^3,57.368421052631575,3600.0,15.935672514619881,39.8391812865497,derived_from_throughput,0.5072482104390815,5.072482104390815,3.526315789473684,1.7887173736536033,17.887173736536035,0.7154869494614413,4.471793434134009,9.38053195536806,0.49087385212340523,0.49087385212340523,0.4471793434134009,0.938053195536806,0.1963495408493621,196.34954084936209,0.17887173736536036,178.87173736536036,0.3752212782147224,375.2212782147224,375.2212782147224,3.5121383502616186,3512.1383502616186,0.6923904861530137,692.3904861530137,0.6923904861530137,692.3904861530137,unique_exposed_swept_capsule_mass,throughput_acquisition_density
E,10.0,78.53981633974483,2.5,4.908738521234052,4.908738521234052,0.1,1.0,0.4,0.4 g/cm^3,57.368421052631575,3600.0,15.935672514619881,39.8391812865497,derived_from_throughput,0.5072482104390815,5.072482104390815,3.7368421052631575,1.8955064705881466,18.955064705881465,0.7582025882352587,4.738766176470366,9.647504697704418,0.49087385212340523,0.49087385212340523,0.47387661764703665,0.9647504697704419,0.1963495408493621,196.34954084936209,0.18955064705881466,189.55064705881466,0.38590018790817676,385.90018790817675,385.90018790817675,3.7218182517697747,3721.8182517697746,0.7337272315949847,733.7272315949847,0.7337272315949847,733.7272315949847,unique_exposed_swept_capsule_mass,throughput_acquisition_density
E,10.0,78.53981633974483,2.5,4.908738521234052,4.908738521234052,0.1,1.0,0.4,0.4 g/cm^3,57.368421052631575,3600.0,15.935672514619881,39.8391812865497,derived_from_throughput,0.5072482104390815,5.072482104390815,3.9473684210526314,2.0022955675226903,20.022955675226903,0.8009182270090761,5.005738918806726,9.914477440040777,0.49087385212340523,0.49087385212340523,0.5005738918806726,0.9914477440040778,0.1963495408493621,196.34954084936209,0.20022955675226906,200.22955675226905,0.3965790976016311,396.57909760163113,396.57909760163113,3.931498153277931,3931.498153277931,0.7750639770369556,775.0639770369556,0.7750639770369556,775.0639770369556,unique_exposed_swept_capsule_mass,throughput_acquisition_density
E,10.0,78.53981633974483,2.5,4.908738521234052,4.908738521234052,0.1,1.0,0.4,0.4 g/cm^3,57.368421052631575,3600.0,15.935672514619881,39.8391812865497,derived_from_throughput,0.5072482104390815,5.072482104390815,4.157894736842105,2.109084664457234,21.090846644572338,0.8436338657828936,5.272711661143084,10.181450182377137,0.49087385212340523,0.49087385212340523,0.5272711661143085,1.0181450182377139,0.1963495408493621,196.34954084936209,0.2109084664457234,210.9084664457234,0.40725800729508554,407.2580072950855,407.2580072950855,4.141178054786088,4141.178054786088,0.8164007224789266,816.4007224789266,0.8164007224789266,816.4007224789266,unique_exposed_swept_capsule_mass,throughput_acquisition_density
E,10.0,78.53981633974483,2.5,4.908738521234052,4.908738521234052,0.1,1.0,0.4,0.4 g/cm^3,57.368421052631575,3600.0,15.935672514619881,39.8391812865497,derived_from_throughput,0.5072482104390815,5.072482104390815,4.368421052631579,2.215873761391777,22.15873761391777,0.8863495045567108,5.539684403479442,10.448422924713494,0.49087385212340523,0.49087385212340523,0.5539684403479442,1.0448422924713494,0.1963495408493621,196.34954084936209,0.2215873761391777,221.5873761391777,0.4179369169885398,417.9369169885398,417.9369169885398,4.350857956294243,4350.857956294243,0.8577374679208976,857.7374679208975,0.8577374679208976,857.7374679208975,unique_exposed_swept_capsule_mass,throughput_acquisition_density
E,10.0,78.53981633974483,2.5,4.908738521234052,4.908738521234052,0.1,1.0,0.4,0.4 g/cm^3,57.368421052631575,3600.0,15.935672514619881,39.8391812865497,derived_from_throughput,0.5072482104390815,5.072482104390815,4.578947368421052,2.3226628583263205,23.226628583263206,0.9290651433305281,5.806657145815802,10.715395667049854,0.49087385212340523,0.49087385212340523,0.5806657145815802,1.0715395667049854,0.1963495408493621,196.34954084936209,0.2322662858326321,232.2662858326321,0.42861582668199416,428.6158266819942,428.6158266819942,4.5605378578024,4560.5378578024,0.8990742133628685,899.0742133628685,0.8990742133628685,899.0742133628685,unique_exposed_swept_capsule_mass,throughput_acquisition_density
E,10.0,78.53981633974483,2.5,4.908738521234052,4.908738521234052,0.1,1.0,0.4,0.4 g/cm^3,57.368421052631575,3600.0,15.935672514619881,39.8391812865497,derived_from_throughput,0.5072482104390815,5.072482104390815,4.789473684210526,2.429451955260864,24.29451955260864,0.9717807821043456,6.07362988815216,10.982368409386211,0.49087385212340523,0.49087385212340523,0.6073629888152161,1.0982368409386212,0.1963495408493621,196.34954084936209,0.24294519552608645,242.94519552608645,0.43929473637544847,439.29473637544845,439.29473637544845,4.7702177593105555,4770.217759310555,0.9404109588048394,940.4109588048394,0.9404109588048394,940.4109588048394,unique_exposed_swept_capsule_mass,throughput_acquisition_density
E,10.0,78.53981633974483,2.5,4.908738521234052,4.908738521234052,0.1,1.0,0.4,0.4 g/cm^3,57.368421052631575,3600.0,15.935672514619881,39.8391812865497,derived_from_throughput,0.5072482104390815,5.072482104390815,5.0,2.5362410521954075,25.362410521954075,1.014496420878163,6.340602630488519,11.249341151722572,0.49087385212340523,0.49087385212340523,0.6340602630488519,1.1249341151722572,0.1963495408493621,196.34954084936209,0.25362410521954076,253.62410521954075,0.4499736460689029,449.9736460689029,449.9736460689029,4.979897660818713,4979.897660818713,0.9817477042468105,981.7477042468105,0.9817477042468105,981.7477042468105,unique_exposed_swept_capsule_mass,throughput_acquisition_density
E,10.0,78.53981633974483,2.5,4.908738521234052,4.908738521234052,0.1,1.0,0.4,0.4 g/cm^3,62.10526315789473,3600.0,17.251461988304094,43.12865497076023,derived_from_throughput,0.5491310902001066,5.491310902001066,1.0,0.5491310902001066,5.491310902001066,0.21965243608004265,1.3728277255002665,6.281566246734318,0.49087385212340523,0.49087385212340523,0.13728277255002666,0.6281566246734318,0.1963495408493621,196.34954084936209,0.05491310902001067,54.913109020010666,0.25126264986937275,251.26264986937275,251.26264986937275,1.0782163742690059,1078.2163742690059,0.1963495408493621,196.34954084936209,0.1963495408493621,196.34954084936209,unique_exposed_swept_capsule_mass,throughput_acquisition_density
E,10.0,78.53981633974483,2.5,4.908738521234052,4.908738521234052,0.1,1.0,0.4,0.4 g/cm^3,62.10526315789473,3600.0,17.251461988304094,43.12865497076023,derived_from_throughput,0.5491310902001066,5.491310902001066,1.2105263157894737,0.6647376355053922,6.647376355053922,0.26589505420215687,1.6618440887634804,6.570582609997532,0.49087385212340523,0.49087385212340523,0.16618440887634806,0.6570582609997533,0.1963495408493621,196.34954084936209,0.06647376355053923,66.47376355053923,0.2628233043999013,262.8233043999013,262.8233043999013,1.3052092951677439,1305.209295167744,0.23768628629133307,237.68628629133306,0.23768628629133307,237.68628629133306,unique_exposed_swept_capsule_mass,throughput_acquisition_density
E,10.0,78.53981633974483,2.5,4.908738521234052,4.908738521234052,0.1,1.0,0.4,0.4 g/cm^3,62.10526315789473,3600.0,17.251461988304094,43.12865497076023,derived_from_throughput,0.5491310902001066,5.491310902001066,1.4210526315789473,0.7803441808106778,7.803441808106778,0.31213767232427114,1.9508604520266946,6.859598973260747,0.49087385212340523,0.49087385212340523,0.19508604520266948,0.6859598973260748,0.1963495408493621,196.34954084936209,0.0780344180810678,78.0344180810678,0.27438395893042994,274.3839589304299,274.3839589304299,1.5322022160664819,1532.202216066482,0.279023031733304,279.023031733304,0.279023031733304,279.023031733304,unique_exposed_swept_capsule_mass,throughput_acquisition_density
E,10.0,78.53981633974483,2.5,4.908738521234052,4.908738521234052,0.1,1.0,0.4,0.4 g/cm^3,62.10526315789473,3600.0,17.251461988304094,43.12865497076023,derived_from_throughput,0.5491310902001066,5.491310902001066,1.631578947368421,0.8959507261159635,8.959507261159635,0.3583802904463854,2.2398768152899087,7.14861533652396,0.49087385212340523,0.49087385212340523,0.22398768152899087,0.714861533652396,0.1963495408493621,196.34954084936209,0.08959507261159635,89.59507261159635,0.2859446134609584,285.9446134609584,285.9446134609584,1.7591951369652201,1759.1951369652202,0.320359777175275,320.359777175275,0.320359777175275,320.359777175275,unique_exposed_swept_capsule_mass,throughput_acquisition_density
E,10.0,78.53981633974483,2.5,4.908738521234052,4.908738521234052,0.1,1.0,0.4,0.4 g/cm^3,62.10526315789473,3600.0,17.251461988304094,43.12865497076023,derived_from_throughput,0.5491310902001066,5.491310902001066,1.8421052631578947,1.011557271421249,10.11557271421249,0.40462290856849964,2.5288931785531226,7.4376316997871745,0.49087385212340523,0.49087385212340523,0.25288931785531227,0.7437631699787175,0.1963495408493621,196.34954084936209,0.10115572714212491,101.15572714212492,0.297505267991487,297.505267991487,297.505267991487,1.9861880578639581,1986.1880578639582,0.36169652261724594,361.69652261724593,0.36169652261724594,361.69652261724593,unique_exposed_swept_capsule_mass,throughput_acquisition_density
E,10.0,78.53981633974483,2.5,4.908738521234052,4.908738521234052,0.1,1.0,0.4,0.4 g/cm^3,62.10526315789473,3600.0,17.251461988304094,43.12865497076023,derived_from_throughput,0.5491310902001066,5.491310902001066,2.052631578947368,1.1271638167265345,11.271638167265346,0.4508655266906138,2.8179095418163365,7.726648063050389,0.49087385212340523,0.49087385212340523,0.28179095418163363,0.772664806305039,0.1963495408493621,196.34954084936209,0.11271638167265347,112.71638167265347,0.3090659225220156,309.06592252201557,309.06592252201557,2.2131809787626957,2213.1809787626958,0.4030332680592169,403.03326805921694,0.4030332680592169,403.03326805921694,unique_exposed_swept_capsule_mass,throughput_acquisition_density
E,10.0,78.53981633974483,2.5,4.908738521234052,4.908738521234052,0.1,1.0,0.4,0.4 g/cm^3,62.10526315789473,3600.0,17.251461988304094,43.12865497076023,derived_from_throughput,0.5491310902001066,5.491310902001066,2.263157894736842,1.2427703620318202,12.427703620318201,0.4971081448127281,3.1069259050795504,8.015664426313602,0.49087385212340523,0.49087385212340523,0.31069259050795506,0.8015664426313602,0.1963495408493621,196.34954084936209,0.12427703620318203,124.27703620318204,0.3206265770525441,320.6265770525441,320.6265770525441,2.4401738996614344,2440.1738996614345,0.4443700135011879,444.3700135011879,0.4443700135011879,444.3700135011879,unique_exposed_swept_capsule_mass,throughput_acquisition_density
E,10.0,78.53981633974483,2.5,4.908738521234052,4.908738521234052,0.1,1.0,0.4,0.4 g/cm^3,62.10526315789473,3600.0,17.251461988304094,43.12865497076023,derived_from_throughput,0.5491310902001066,5.491310902001066,2.473684210526316,1.358376907337106,13.583769073371059,0.5433507629348424,3.3959422683427647,8.304680789576818,0.49087385212340523,0.49087385212340523,0.3395942268342765,0.8304680789576818,0.1963495408493621,196.34954084936209,0.1358376907337106,135.83769073371062,0.33218723158307273,332.18723158307273,332.18723158307273,2.6671668205601726,2667.1668205601727,0.4857067589431589,485.7067589431589,0.4857067589431589,485.7067589431589,unique_exposed_swept_capsule_mass,throughput_acquisition_density
E,10.0,78.53981633974483,2.5,4.908738521234052,4.908738521234052,0.1,1.0,0.4,0.4 g/cm^3,62.10526315789473,3600.0,17.251461988304094,43.12865497076023,derived_from_throughput,0.5491310902001066,5.491310902001066,2.6842105263157894,1.4739834526423914,14.739834526423914,0.5895933810569566,3.6849586316059786,8.593697152840031,0.49087385212340523,0.49087385212340523,0.3684958631605979,0.8593697152840032,0.1963495408493621,196.34954084936209,0.14739834526423917,147.39834526423917,0.3437478861136013,343.7478861136013,343.7478861136013,2.8941597414589104,2894.1597414589105,0.5270435043851298,527.0435043851298,0.5270435043851298,527.0435043851298,unique_exposed_swept_capsule_mass,throughput_acquisition_density
E,10.0,78.53981633974483,2.5,4.908738521234052,4.908738521234052,0.1,1.0,0.4,0.4 g/cm^3,62.10526315789473,3600.0,17.251461988304094,43.12865497076023,derived_from_throughput,0.5491310902001066,5.491310902001066,2.894736842105263,1.5895899979476769,15.895899979476768,0.6358359991790707,3.973974994869192,8.882713516103244,0.49087385212340523,0.49087385212340523,0.3973974994869192,0.8882713516103244,0.1963495408493621,196.34954084936209,0.15895899979476769,158.9589997947677,0.3553085406441298,355.30854064412983,355.30854064412983,3.121152662357648,3121.1526623576483,0.5683802498271008,568.3802498271008,0.5683802498271008,568.3802498271008,unique_exposed_swept_capsule_mass,throughput_acquisition_density
E,10.0,78.53981633974483,2.5,4.908738521234052,4.908738521234052,0.1,1.0,0.4,0.4 g/cm^3,62.10526315789473,3600.0,17.251461988304094,43.12865497076023,derived_from_throughput,0.5491310902001066,5.491310902001066,3.1052631578947367,1.7051965432529628,17.051965432529627,0.6820786173011851,4.262991358132407,9.17172987936646,0.49087385212340523,0.49087385212340523,0.4262991358132407,0.917172987936646,0.1963495408493621,196.34954084936209,0.17051965432529628,170.51965432529627,0.36686919517465844,366.86919517465844,366.86919517465844,3.3481455832563864,3348.1455832563865,0.6097169952690717,609.7169952690717,0.6097169952690717,609.7169952690717,unique_exposed_swept_capsule_mass,throughput_acquisition_density
E,10.0,78.53981633974483,2.5,4.908738521234052,4.908738521234052,0.1,1.0,0.4,0.4 g/cm^3,62.10526315789473,3600.0,17.251461988304094,43.12865497076023,derived_from_throughput,0.5491310902001066,5.491310902001066,3.3157894736842106,1.8208030885582485,18.208030885582485,0.7283212354232994,4.552007721395621,9.460746242629673,0.49087385212340523,0.49087385212340523,0.4552007721395621,0.9460746242629674,0.1963495408493621,196.34954084936209,0.18208030885582485,182.08030885582485,0.378429849705187,378.429849705187,378.429849705187,3.5751385041551247,3575.138504155125,0.6510537407110427,651.0537407110427,0.6510537407110427,651.0537407110427,unique_exposed_swept_capsule_mass,throughput_acquisition_density
E,10.0,78.53981633974483,2.5,4.908738521234052,4.908738521234052,0.1,1.0,0.4,0.4 g/cm^3,62.10526315789473,3600.0,17.251461988304094,43.12865497076023,derived_from_throughput,0.5491310902001066,5.491310902001066,3.526315789473684,1.936409633863534,19.36409633863534,0.7745638535454136,4.841024084658835,9.749762605892887,0.49087385212340523,0.49087385212340523,0.4841024084658835,0.9749762605892887,0.1963495408493621,196.34954084936209,0.1936409633863534,193.6409633863534,0.38999050423571546,389.99050423571543,389.99050423571543,3.8021314250538625,3802.1314250538626,0.6923904861530137,692.3904861530137,0.6923904861530137,692.3904861530137,unique_exposed_swept_capsule_mass,throughput_acquisition_density
E,10.0,78.53981633974483,2.5,4.908738521234052,4.908738521234052,0.1,1.0,0.4,0.4 g/cm^3,62.10526315789473,3600.0,17.251461988304094,43.12865497076023,derived_from_throughput,0.5491310902001066,5.491310902001066,3.7368421052631575,2.0520161791688194,20.520161791688196,0.8208064716675277,5.130040447922049,10.038778969156102,0.49087385212340523,0.49087385212340523,0.513004044792205,1.0038778969156101,0.1963495408493621,196.34954084936209,0.205201617916882,205.201617916882,0.4015511587662441,401.5511587662441,401.5511587662441,4.0291243459526,4029.1243459526004,0.7337272315949847,733.7272315949847,0.7337272315949847,733.7272315949847,unique_exposed_swept_capsule_mass,throughput_acquisition_density
E,10.0,78.53981633974483,2.5,4.908738521234052,4.908738521234052,0.1,1.0,0.4,0.4 g/cm^3,62.10526315789473,3600.0,17.251461988304094,43.12865497076023,derived_from_throughput,0.5491310902001066,5.491310902001066,3.9473684210526314,2.167622724474105,21.67622724474105,0.8670490897896419,5.419056811185262,10.327795332419313,0.49087385212340523,0.49087385212340523,0.5419056811185262,1.0327795332419314,0.1963495408493621,196.34954084936209,0.2167622724474105,216.7622724474105,0.4131118132967726,413.1118132967726,413.1118132967726,4.256117266851339,4256.117266851339,0.7750639770369556,775.0639770369556,0.7750639770369556,775.0639770369556,unique_exposed_swept_capsule_mass,throughput_acquisition_density
E,10.0,78.53981633974483,2.5,4.908738521234052,4.908738521234052,0.1,1.0,0.4,0.4 g/cm^3,62.10526315789473,3600.0,17.251461988304094,43.12865497076023,derived_from_throughput,0.5491310902001066,5.491310902001066,4.157894736842105,2.283229269779391,22.832292697793907,0.9132917079117563,5.708073174448477,10.616811695682529,0.49087385212340523,0.49087385212340523,0.5708073174448477,1.0616811695682529,0.1963495408493621,196.34954084936209,0.2283229269779391,228.3229269779391,0.42467246782730117,424.67246782730115,424.67246782730115,4.483110187750077,4483.110187750077,0.8164007224789266,816.4007224789266,0.8164007224789266,816.4007224789266,unique_exposed_swept_capsule_mass,throughput_acquisition_density
E,10.0,78.53981633974483,2.5,4.908738521234052,4.908738521234052,0.1,1.0,0.4,0.4 g/cm^3,62.10526315789473,3600.0,17.251461988304094,43.12865497076023,derived_from_throughput,0.5491310902001066,5.491310902001066,4.368421052631579,2.3988358150846762,23.988358150846764,0.9595343260338705,5.997089537711691,10.905828058945744,0.49087385212340523,0.49087385212340523,0.5997089537711692,1.0905828058945743,0.1963495408493621,196.34954084936209,0.23988358150846767,239.88358150846767,0.43623312235782974,436.23312235782976,436.23312235782976,4.7101031086488145,4710.103108648815,0.8577374679208976,857.7374679208975,0.8577374679208976,857.7374679208975,unique_exposed_swept_capsule_mass,throughput_acquisition_density
E,10.0,78.53981633974483,2.5,4.908738521234052,4.908738521234052,0.1,1.0,0.4,0.4 g/cm^3,62.10526315789473,3600.0,17.251461988304094,43.12865497076023,derived_from_throughput,0.5491310902001066,5.491310902001066,4.578947368421052,2.5144423603899617,25.144423603899618,1.0057769441559847,6.2861059009749045,11.194844422208956,0.49087385212340523,0.49087385212340523,0.6286105900974905,1.1194844422208956,0.1963495408493621,196.34954084936209,0.25144423603899624,251.44423603899625,0.44779377688835825,447.79377688835825,447.79377688835825,4.937096029547552,4937.0960295475525,0.8990742133628685,899.0742133628685,0.8990742133628685,899.0742133628685,unique_exposed_swept_capsule_mass,throughput_acquisition_density
E,10.0,78.53981633974483,2.5,4.908738521234052,4.908738521234052,0.1,1.0,0.4,0.4 g/cm^3,62.10526315789473,3600.0,17.251461988304094,43.12865497076023,derived_from_throughput,0.5491310902001066,5.491310902001066,4.789473684210526,2.630048905695247,26.300489056952472,1.0520195622780988,6.575122264238118,11.48386078547217,0.49087385212340523,0.49087385212340523,0.6575122264238118,1.148386078547217,0.1963495408493621,196.34954084936209,0.26300489056952475,263.0048905695248,0.4593544314188869,459.35443141888686,459.35443141888686,5.16408895044629,5164.08895044629,0.9404109588048394,940.4109588048394,0.9404109588048394,940.4109588048394,unique_exposed_swept_capsule_mass,throughput_acquisition_density
E,10.0,78.53981633974483,2.5,4.908738521234052,4.908738521234052,0.1,1.0,0.4,0.4 g/cm^3,62.10526315789473,3600.0,17.251461988304094,43.12865497076023,derived_from_throughput,0.5491310902001066,5.491310902001066,5.0,2.745655451000533,27.456554510005333,1.0982621804002133,6.864138627501333,11.772877148735386,0.49087385212340523,0.49087385212340523,0.6864138627501334,1.1772877148735386,0.1963495408493621,196.34954084936209,0.2745655451000534,274.5655451000534,0.47091508594941545,470.91508594941547,470.91508594941547,5.39108187134503,5391.08187134503,0.9817477042468105,981.7477042468105,0.9817477042468105,981.7477042468105,unique_exposed_swept_capsule_mass,throughput_acquisition_density
E,10.0,78.53981633974483,2.5,4.908738521234052,4.908738521234052,0.1,1.0,0.4,0.4 g/cm^3,66.84210526315789,3600.0,18.567251461988302,46.41812865497075,derived_from_throughput,0.5910139699611316,5.9101396996113165,1.0,0.5910139699611316,5.9101396996113165,0.23640558798445266,1.4775349249028291,6.386273446136881,0.49087385212340523,0.49087385212340523,0.1477534924902829,0.6386273446136882,0.1963495408493621,196.34954084936209,0.059101396996113165,59.101396996113166,0.2554509378454753,255.4509378454753,255.4509378454753,1.1604532163742687,1160.4532163742688,0.1963495408493621,196.34954084936209,0.1963495408493621,196.34954084936209,unique_exposed_swept_capsule_mass,throughput_acquisition_density
E,10.0,78.53981633974483,2.5,4.908738521234052,4.908738521234052,0.1,1.0,0.4,0.4 g/cm^3,66.84210526315789,3600.0,18.567251461988302,46.41812865497075,derived_from_throughput,0.5910139699611316,5.9101396996113165,1.2105263157894737,0.7154379636371594,7.154379636371594,0.28617518545486376,1.7885949090928985,6.6973334303269505,0.49087385212340523,0.49087385212340523,0.17885949090928988,0.669733343032695,0.1963495408493621,196.34954084936209,0.07154379636371595,71.54379636371596,0.267893337213078,267.893337213078,267.893337213078,1.4047591566635884,1404.7591566635883,0.23768628629133307,237.68628629133306,0.23768628629133307,237.68628629133306,unique_exposed_swept_capsule_mass,throughput_acquisition_density
E,10.0,78.53981633974483,2.5,4.908738521234052,4.908738521234052,0.1,1.0,0.4,0.4 g/cm^3,66.84210526315789,3600.0,18.567251461988302,46.41812865497075,derived_from_throughput,0.5910139699611316,5.9101396996113165,1.4210526315789473,0.839861957313187,8.398619573131871,0.3359447829252748,2.0996548932829677,7.00839341451702,0.49087385212340523,0.49087385212340523,0.20996548932829678,0.700839341451702,0.1963495408493621,196.34954084936209,0.08398619573131871,83.98619573131872,0.28033573658068084,280.3357365806808,280.3357365806808,1.6490650969529081,1649.065096952908,0.279023031733304,279.023031733304,0.279023031733304,279.023031733304,unique_exposed_swept_capsule_mass,throughput_acquisition_density
E,10.0,78.53981633974483,2.5,4.908738521234052,4.908738521234052,0.1,1.0,0.4,0.4 g/cm^3,66.84210526315789,3600.0,18.567251461988302,46.41812865497075,derived_from_throughput,0.5910139699611316,5.9101396996113165,1.631578947368421,0.9642859509892148,9.642859509892148,0.3857143803956859,2.410714877473037,7.319453398707089,0.49087385212340523,0.49087385212340523,0.2410714877473037,0.731945339870709,0.1963495408493621,196.34954084936209,0.09642859509892149,96.42859509892149,0.2927781359482836,292.7781359482836,292.7781359482836,1.8933710372422279,1893.3710372422279,0.320359777175275,320.359777175275,0.320359777175275,320.359777175275,unique_exposed_swept_capsule_mass,throughput_acquisition_density
E,10.0,78.53981633974483,2.5,4.908738521234052,4.908738521234052,0.1,1.0,0.4,0.4 g/cm^3,66.84210526315789,3600.0,18.567251461988302,46.41812865497075,derived_from_throughput,0.5910139699611316,5.9101396996113165,1.8421052631578947,1.0887099446652424,10.887099446652424,0.43548397786609694,2.721774861663106,7.630513382897158,0.49087385212340523,0.49087385212340523,0.2721774861663106,0.7630513382897158,0.1963495408493621,196.34954084936209,0.10887099446652425,108.87099446652425,0.30522053531588633,305.2205353158863,305.2205353158863,2.1376769775315476,2137.6769775315474,0.36169652261724594,361.69652261724593,0.36169652261724594,361.69652261724593,unique_exposed_swept_capsule_mass,throughput_acquisition_density
E,10.0,78.53981633974483,2.5,4.908738521234052,4.908738521234052,0.1,1.0,0.4,0.4 g/cm^3,66.84210526315789,3600.0,18.567251461988302,46.41812865497075,derived_from_throughput,0.5910139699611316,5.9101396996113165,2.052631578947368,1.21313393834127,12.131339383412701,0.48525357533650804,3.0328348458531753,7.941573367087227,0.49087385212340523,0.49087385212340523,0.30328348458531756,0.7941573367087228,0.1963495408493621,196.34954084936209,0.12131339383412704,121.31339383412704,0.31766293468348916,317.66293468348914,317.66293468348914,2.381982917820867,2381.982917820867,0.4030332680592169,403.03326805921694,0.4030332680592169,403.03326805921694,unique_exposed_swept_capsule_mass,throughput_acquisition_density
E,10.0,78.53981633974483,2.5,4.908738521234052,4.908738521234052,0.1,1.0,0.4,0.4 g/cm^3,66.84210526315789,3600.0,18.567251461988302,46.41812865497075,derived_from_throughput,0.5910139699611316,5.9101396996113165,2.263157894736842,1.337557932017298,13.375579320172978,0.5350231728069191,3.3438948300432445,8.252633351277296,0.49087385212340523,0.49087385212340523,0.3343894830043245,0.8252633351277296,0.1963495408493621,196.34954084936209,0.13375579320172978,133.75579320172977,0.3301053340510919,330.10533405109186,330.10533405109186,2.626288858110187,2626.288858110187,0.4443700135011879,444.3700135011879,0.4443700135011879,444.3700135011879,unique_exposed_swept_capsule_mass,throughput_acquisition_density
E,10.0,78.53981633974483,2.5,4.908738521234052,4.908738521234052,0.1,1.0,0.4,0.4 g/cm^3,66.84210526315789,3600.0,18.567251461988302,46.41812865497075,derived_from_throughput,0.5910139699611316,5.9101396996113165,2.473684210526316,1.4619819256933257,14.619819256933258,0.5847927702773303,3.6549548142333146,8.563693335467367,0.49087385212340523,0.49087385212340523,0.3654954814233315,0.8563693335467367,0.1963495408493621,196.34954084936209,0.1461981925693326,146.1981925693326,0.3425477334186947,342.5477334186947,342.5477334186947,2.870594798399507,2870.594798399507,0.4857067589431589,485.7067589431589,0.4857067589431589,485.7067589431589,unique_exposed_swept_capsule_mass,throughput_acquisition_density
E,10.0,78.53981633974483,2.5,4.908738521234052,4.908738521234052,0.1,1.0,0.4,0.4 g/cm^3,66.84210526315789,3600.0,18.567251461988302,46.41812865497075,derived_from_throughput,0.5910139699611316,5.9101396996113165,2.6842105263157894,1.5864059193693534,15.864059193693533,0.6345623677477413,3.9660147984233833,8.874753319657435,0.49087385212340523,0.49087385212340523,0.39660147984233834,0.8874753319657436,0.1963495408493621,196.34954084936209,0.15864059193693536,158.64059193693535,0.35499013278629743,354.9901327862974,354.9901327862974,3.1149007386888266,3114.9007386888266,0.5270435043851298,527.0435043851298,0.5270435043851298,527.0435043851298,unique_exposed_swept_capsule_mass,throughput_acquisition_density
E,10.0,78.53981633974483,2.5,4.908738521234052,4.908738521234052,0.1,1.0,0.4,0.4 g/cm^3,66.84210526315789,3600.0,18.567251461988302,46.41812865497075,derived_from_throughput,0.5910139699611316,5.9101396996113165,2.894736842105263,1.7108299130453808,17.10829913045381,0.6843319652181523,4.277074782613452,9.185813303847503,0.49087385212340523,0.49087385212340523,0.42770747826134525,0.9185813303847503,0.1963495408493621,196.34954084936209,0.1710829913045381,171.0829913045381,0.36743253215390015,367.4325321539001,367.4325321539001,3.3592066789781456,3359.2066789781456,0.5683802498271008,568.3802498271008,0.5683802498271008,568.3802498271008,unique_exposed_swept_capsule_mass,throughput_acquisition_density
E,10.0,78.53981633974483,2.5,4.908738521234052,4.908738521234052,0.1,1.0,0.4,0.4 g/cm^3,66.84210526315789,3600.0,18.567251461988302,46.41812865497075,derived_from_throughput,0.5910139699611316,5.9101396996113165,3.1052631578947367,1.8352539067214086,18.352539067214085,0.7341015626885634,4.588134766803521,9.496873288037573,0.49087385212340523,0.49087385212340523,0.45881347668035216,0.9496873288037574,0.1963495408493621,196.34954084936209,0.18352539067214088,183.52539067214087,0.379874931521503,379.87493152150296,379.87493152150296,3.6035126192674656,3603.5126192674657,0.6097169952690717,609.7169952690717,0.6097169952690717,609.7169952690717,unique_exposed_swept_capsule_mass,throughput_acquisition_density
E,10.0,78.53981633974483,2.5,4.908738521234052,4.908738521234052,0.1,1.0,0.4,0.4 g/cm^3,66.84210526315789,3600.0,18.567251461988302,46.41812865497075,derived_from_throughput,0.5910139699611316,5.9101396996113165,3.3157894736842106,1.9596779003974365,19.596779003974365,0.7838711601589746,4.899194750993591,9.807933272227643,0.49087385212340523,0.49087385212340523,0.4899194750993592,0.9807933272227644,0.1963495408493621,196.34954084936209,0.19596779003974368,195.96779003974368,0.39231733088910575,392.31733088910573,392.31733088910573,3.8478185595567855,3847.8185595567857,0.6510537407110427,651.0537407110427,0.6510537407110427,651.0537407110427,unique_exposed_swept_capsule_mass,throughput_acquisition_density
E,10.0,78.53981633974483,2.5,4.908738521234052,4.908738521234052,0.1,1.0,0.4,0.4 g/cm^3,66.84210526315789,3600.0,18.567251461988302,46.41812865497075,derived_from_throughput,0.5910139699611316,5.9101396996113165,3.526315789473684,2.084101894073464,20.841018940734642,0.8336407576293856,5.210254735183661,10.118993256417713,0.49087385212340523,0.49087385212340523,0.521025473518366,1.0118993256417714,0.1963495408493621,196.34954084936209,0.20841018940734643,208.41018940734642,0.4047597302567086,404.75973025670856,404.75973025670856,4.092124499846105,4092.124499846105,0.6923904861530137,692.3904861530137,0.6923904861530137,692.3904861530137,unique_exposed_swept_capsule_mass,throughput_acquisition_density
E,10.0,78.53981633974483,2.5,4.908738521234052,4.908738521234052,0.1,1.0,0.4,0.4 g/cm^3,66.84210526315789,3600.0,18.567251461988302,46.41812865497075,derived_from_throughput,0.5910139699611316,5.9101396996113165,3.7368421052631575,2.2085258877494915,22.085258877494915,0.8834103550997966,5.521314719373729,10.43005324060778,0.49087385212340523,0.49087385212340523,0.5521314719373729,1.043005324060778,0.1963495408493621,196.34954084936209,0.22085258877494918,220.85258877494917,0.4172021296243112,417.20212962431117,417.20212962431117,4.336430440135425,4336.430440135425,0.7337272315949847,733.7272315949847,0.7337272315949847,733.7272315949847,unique_exposed_swept_capsule_mass,throughput_acquisition_density
E,10.0,78.53981633974483,2.5,4.908738521234052,4.908738521234052,0.1,1.0,0.4,0.4 g/cm^3,66.84210526315789,3600.0,18.567251461988302,46.41812865497075,derived_from_throughput,0.5910139699611316,5.9101396996113165,3.9473684210526314,2.3329498814255194,23.329498814255196,0.9331799525702078,5.832374703563799,10.74111322479785,0.49087385212340523,0.49087385212340523,0.58323747035638,1.0741113224797851,0.1963495408493621,196.34954084936209,0.233294988142552,233.294988142552,0.4296445289919141,429.64452899191406,429.64452899191406,4.580736380424745,4580.736380424745,0.7750639770369556,775.0639770369556,0.7750639770369556,775.0639770369556,unique_exposed_swept_capsule_mass,throughput_acquisition_density
E,10.0,78.53981633974483,2.5,4.908738521234052,4.908738521234052,0.1,1.0,0.4,0.4 g/cm^3,66.84210526315789,3600.0,18.567251461988302,46.41812865497075,derived_from_throughput,0.5910139699611316,5.9101396996113165,4.157894736842105,2.4573738751015473,24.573738751015473,0.9829495500406189,6.143434687753868,11.05217320898792,0.49087385212340523,0.49087385212340523,0.6143434687753868,1.105217320898792,0.1963495408493621,196.34954084936209,0.24573738751015473,245.73738751015472,0.44208692835951685,442.08692835951683,442.08692835951683,4.825042320714065,4825.042320714065,0.8164007224789266,816.4007224789266,0.8164007224789266,816.4007224789266,unique_exposed_swept_capsule_mass,throughput_acquisition_density
E,10.0,78.53981633974483,2.5,4.908738521234052,4.908738521234052,0.1,1.0,0.4,0.4 g/cm^3,66.84210526315789,3600.0,18.567251461988302,46.41812865497075,derived_from_throughput,0.5910139699611316,5.9101396996113165,4.368421052631579,2.581797868777575,25.81797868777575,1.03271914751103,6.454494671943937,11.36323319317799,0.49087385212340523,0.49087385212340523,0.6454494671943938,1.136323319317799,0.1963495408493621,196.34954084936209,0.2581797868777575,258.1797868777575,0.4545293277271196,454.5293277271196,454.5293277271196,5.069348261003384,5069.348261003384,0.8577374679208976,857.7374679208975,0.8577374679208976,857.7374679208975,unique_exposed_swept_capsule_mass,throughput_acquisition_density
E,10.0,78.53981633974483,2.5,4.908738521234052,4.908738521234052,0.1,1.0,0.4,0.4 g/cm^3,66.84210526315789,3600.0,18.567251461988302,46.41812865497075,derived_from_throughput,0.5910139699611316,5.9101396996113165,4.578947368421052,2.7062218624536025,27.062218624536026,1.082488744981441,6.7655546561340065,11.674293177368058,0.49087385212340523,0.49087385212340523,0.6765554656134007,1.1674293177368058,0.1963495408493621,196.34954084936209,0.27062218624536033,270.62218624536035,0.46697172709472234,466.9717270947223,466.9717270947223,5.313654201292703,5313.654201292703,0.8990742133628685,899.0742133628685,0.8990742133628685,899.0742133628685,unique_exposed_swept_capsule_mass,throughput_acquisition_density
E,10.0,78.53981633974483,2.5,4.908738521234052,4.908738521234052,0.1,1.0,0.4,0.4 g/cm^3,66.84210526315789,3600.0,18.567251461988302,46.41812865497075,derived_from_throughput,0.5910139699611316,5.9101396996113165,4.789473684210526,2.83064585612963,28.3064585612963,1.132258342451852,7.076614640324075,11.985353161558127,0.49087385212340523,0.49087385212340523,0.7076614640324075,1.1985353161558128,0.1963495408493621,196.34954084936209,0.283064585612963,283.064585612963,0.4794141264623251,479.4141264623251,479.4141264623251,5.557960141582023,5557.960141582023,0.9404109588048394,940.4109588048394,0.9404109588048394,940.4109588048394,unique_exposed_swept_capsule_mass,throughput_acquisition_density
E,10.0,78.53981633974483,2.5,4.908738521234052,4.908738521234052,0.1,1.0,0.4,0.4 g/cm^3,66.84210526315789,3600.0,18.567251461988302,46.41812865497075,derived_from_throughput,0.5910139699611316,5.9101396996113165,5.0,2.9550698498056582,29.550698498056583,1.1820279399222633,7.387674624514146,12.296413145748197,0.49087385212340523,0.49087385212340523,0.7387674624514147,1.2296413145748197,0.1963495408493621,196.34954084936209,0.2955069849805659,295.5069849805659,0.4918565258299279,491.8565258299279,491.8565258299279,5.802266081871343,5802.266081871343,0.9817477042468105,981.7477042468105,0.9817477042468105,981.7477042468105,unique_exposed_swept_capsule_mass,throughput_acquisition_density
E,10.0,78.53981633974483,2.5,4.908738521234052,4.908738521234052,0.1,1.0,0.4,0.4 g/cm^3,71.57894736842104,3600.0,19.88304093567251,49.70760233918128,derived_from_throughput,0.6328968497221568,6.328968497221568,1.0,0.6328968497221568,6.328968497221568,0.2531587398888627,1.582242124305392,6.490980645539444,0.49087385212340523,0.49087385212340523,0.1582242124305392,0.6490980645539444,0.1963495408493621,196.34954084936209,0.06328968497221568,63.28968497221568,0.2596392258215778,259.6392258215778,259.6392258215778,1.242690058479532,1242.690058479532,0.1963495408493621,196.34954084936209,0.1963495408493621,196.34954084936209,unique_exposed_swept_capsule_mass,throughput_acquisition_density
E,10.0,78.53981633974483,2.5,4.908738521234052,4.908738521234052,0.1,1.0,0.4,0.4 g/cm^3,71.57894736842104,3600.0,19.88304093567251,49.70760233918128,derived_from_throughput,0.6328968497221568,6.328968497221568,1.2105263157894737,0.7661382917689266,7.661382917689266,0.30645531670757065,1.9153457294223164,6.824084250656369,0.49087385212340523,0.49087385212340523,0.19153457294223164,0.6824084250656369,0.1963495408493621,196.34954084936209,0.07661382917689266,76.61382917689266,0.27296337002625476,272.9633700262548,272.9633700262548,1.5043090181594334,1504.3090181594334,0.23768628629133307,237.68628629133306,0.23768628629133307,237.68628629133306,unique_exposed_swept_capsule_mass,throughput_acquisition_density
E,10.0,78.53981633974483,2.5,4.908738521234052,4.908738521234052,0.1,1.0,0.4,0.4 g/cm^3,71.57894736842104,3600.0,19.88304093567251,49.70760233918128,derived_from_throughput,0.6328968497221568,6.328968497221568,1.4210526315789473,0.8993797338156965,8.993797338156964,0.35975189352627857,2.248449334539241,7.157187855773293,0.49087385212340523,0.49087385212340523,0.22484493345392412,0.7157187855773293,0.1963495408493621,196.34954084936209,0.08993797338156966,89.93797338156965,0.28628751423093174,286.2875142309317,286.2875142309317,1.7659279778393349,1765.927977839335,0.279023031733304,279.023031733304,0.279023031733304,279.023031733304,unique_exposed_swept_capsule_mass,throughput_acquisition_density
E,10.0,78.53981633974483,2.5,4.908738521234052,4.908738521234052,0.1,1.0,0.4,0.4 g/cm^3,71.57894736842104,3600.0,19.88304093567251,49.70760233918128,derived_from_throughput,0.6328968497221568,6.328968497221568,1.631578947368421,1.0326211758624664,10.326211758624664,0.41304847034498654,2.581552939656166,7.490291460890218,0.49087385212340523,0.49087385212340523,0.2581552939656166,0.7490291460890218,0.1963495408493621,196.34954084936209,0.10326211758624665,103.26211758624665,0.2996116584356087,299.6116584356087,299.6116584356087,2.027546937519236,2027.546937519236,0.320359777175275,320.359777175275,0.320359777175275,320.359777175275,unique_exposed_swept_capsule_mass,throughput_acquisition_density
E,10.0,78.53981633974483,2.5,4.908738521234052,4.908738521234052,0.1,1.0,0.4,0.4 g/cm^3,71.57894736842104,3600.0,19.88304093567251,49.70760233918128,derived_from_throughput,0.6328968497221568,6.328968497221568,1.8421052631578947,1.1658626179092362,11.658626179092362,0.46634504716369446,2.9146565447730906,7.8233950660071425,0.49087385212340523,0.49087385212340523,0.29146565447730904,0.7823395066007143,0.1963495408493621,196.34954084936209,0.11658626179092363,116.58626179092363,0.31293580264028575,312.9358026402858,312.9358026402858,2.2891658971991378,2289.165897199138,0.36169652261724594,361.69652261724593,0.36169652261724594,361.69652261724593,unique_exposed_swept_capsule_mass,throughput_acquisition_density
E,10.0,78.53981633974483,2.5,4.908738521234052,4.908738521234052,0.1,1.0,0.4,0.4 g/cm^3,71.57894736842104,3600.0,19.88304093567251,49.70760233918128,derived_from_throughput,0.6328968497221568,6.328968497221568,2.052631578947368,1.2991040599560058,12.991040599560058,0.5196416239824023,3.2477601498900146,8.156498671124066,0.49087385212340523,0.49087385212340523,0.3247760149890015,0.8156498671124066,0.1963495408493621,196.34954084936209,0.1299104059956006,129.9104059956006,0.3262599468449627,326.25994684496266,326.25994684496266,2.550784856879039,2550.784856879039,0.4030332680592169,403.03326805921694,0.4030332680592169,403.03326805921694,unique_exposed_swept_capsule_mass,throughput_acquisition_density
E,10.0,78.53981633974483,2.5,4.908738521234052,4.908738521234052,0.1,1.0,0.4,0.4 g/cm^3,71.57894736842104,3600.0,19.88304093567251,49.70760233918128,derived_from_throughput,0.6328968497221568,6.328968497221568,2.263157894736842,1.4323455020027758,14.323455020027758,0.5729382008011104,3.5808637550069395,8.48960227624099,0.49087385212340523,0.49087385212340523,0.358086375500694,0.8489602276240991,0.1963495408493621,196.34954084936209,0.14323455020027762,143.23455020027762,0.33958409104963966,339.58409104963965,339.58409104963965,2.8124038165589407,2812.403816558941,0.4443700135011879,444.3700135011879,0.4443700135011879,444.3700135011879,unique_exposed_swept_capsule_mass,throughput_acquisition_density
E,10.0,78.53981633974483,2.5,4.908738521234052,4.908738521234052,0.1,1.0,0.4,0.4 g/cm^3,71.57894736842104,3600.0,19.88304093567251,49.70760233918128,derived_from_throughput,0.6328968497221568,6.328968497221568,2.473684210526316,1.5655869440495458,15.655869440495458,0.6262347776198183,3.9139673601238645,8.822705881357916,0.49087385212340523,0.49087385212340523,0.39139673601238645,0.8822705881357916,0.1963495408493621,196.34954084936209,0.1565586944049546,156.5586944049546,0.3529082352543167,352.9082352543167,352.9082352543167,3.0740227762388423,3074.022776238842,0.4857067589431589,485.7067589431589,0.4857067589431589,485.7067589431589,unique_exposed_swept_capsule_mass,throughput_acquisition_density
E,10.0,78.53981633974483,2.5,4.908738521234052,4.908738521234052,0.1,1.0,0.4,0.4 g/cm^3,71.57894736842104,3600.0,19.88304093567251,49.70760233918128,derived_from_throughput,0.6328968497221568,6.328968497221568,2.6842105263157894,1.6988283860963154,16.988283860963154,0.6795313544385262,4.2470709652407885,9.15580948647484,0.49087385212340523,0.49087385212340523,0.4247070965240789,0.9155809486474841,0.1963495408493621,196.34954084936209,0.16988283860963158,169.88283860963156,0.3662323794589937,366.23237945899365,366.23237945899365,3.3356417359187436,3335.6417359187435,0.5270435043851298,527.0435043851298,0.5270435043851298,527.0435043851298,unique_exposed_swept_capsule_mass,throughput_acquisition_density
E,10.0,78.53981633974483,2.5,4.908738521234052,4.908738521234052,0.1,1.0,0.4,0.4 g/cm^3,71.57894736842104,3600.0,19.88304093567251,49.70760233918128,derived_from_throughput,0.6328968497221568,6.328968497221568,2.894736842105263,1.8320698281430852,18.32069828143085,0.7328279312572341,4.580174570357713,9.488913091591765,0.49087385212340523,0.49087385212340523,0.4580174570357713,0.9488913091591766,0.1963495408493621,196.34954084936209,0.18320698281430853,183.20698281430853,0.37955652366367065,379.55652366367065,379.55652366367065,3.597260695598645,3597.260695598645,0.5683802498271008,568.3802498271008,0.5683802498271008,568.3802498271008,unique_exposed_swept_capsule_mass,throughput_acquisition_density
E,10.0,78.53981633974483,2.5,4.908738521234052,4.908738521234052,0.1,1.0,0.4,0.4 g/cm^3,71.57894736842104,3600.0,19.88304093567251,49.70760233918128,derived_from_throughput,0.6328968497221568,6.328968497221568,3.1052631578947367,1.9653112701898552,19.65311270189855,0.786124508075942,4.9132781754746375,9.82201669670869,0.49087385212340523,0.49087385212340523,0.4913278175474638,0.9822016696708691,0.1963495408493621,196.34954084936209,0.19653112701898554,196.53112701898553,0.39288066786834763,392.88066786834764,392.88066786834764,3.8588796552785465,3858.8796552785466,0.6097169952690717,609.7169952690717,0.6097169952690717,609.7169952690717,unique_exposed_swept_capsule_mass,throughput_acquisition_density
E,10.0,78.53981633974483,2.5,4.908738521234052,4.908738521234052,0.1,1.0,0.4,0.4 g/cm^3,71.57894736842104,3600.0,19.88304093567251,49.70760233918128,derived_from_throughput,0.6328968497221568,6.328968497221568,3.3157894736842106,2.098552712236625,20.98552712236625,0.83942108489465,5.2463817805915625,10.155120301825615,0.49087385212340523,0.49087385212340523,0.5246381780591562,1.0155120301825615,0.1963495408493621,196.34954084936209,0.20985527122366252,209.85527122366253,0.4062048120730246,406.20481207302464,406.20481207302464,4.120498614958448,4120.498614958448,0.6510537407110427,651.0537407110427,0.6510537407110427,651.0537407110427,unique_exposed_swept_capsule_mass,throughput_acquisition_density
E,10.0,78.53981633974483,2.5,4.908738521234052,4.908738521234052,0.1,1.0,0.4,0.4 g/cm^3,71.57894736842104,3600.0,19.88304093567251,49.70760233918128,derived_from_throughput,0.6328968497221568,6.328968497221568,3.526315789473684,2.231794154283395,22.31794154283395,0.8927176617133579,5.579485385708487,10.48822390694254,0.49087385212340523,0.49087385212340523,0.5579485385708488,1.048822390694254,0.1963495408493621,196.34954084936209,0.22317941542833952,223.17941542833952,0.4195289562777016,419.5289562777016,419.5289562777016,4.382117574638349,4382.11757463835,0.6923904861530137,692.3904861530137,0.6923904861530137,692.3904861530137,unique_exposed_swept_capsule_mass,throughput_acquisition_density
E,10.0,78.53981633974483,2.5,4.908738521234052,4.908738521234052,0.1,1.0,0.4,0.4 g/cm^3,71.57894736842104,3600.0,19.88304093567251,49.70760233918128,derived_from_throughput,0.6328968497221568,6.328968497221568,3.7368421052631575,2.3650355963301646,23.650355963301646,0.9460142385320658,5.9125889908254115,10.821327512059463,0.49087385212340523,0.49087385212340523,0.5912588990825411,1.0821327512059464,0.1963495408493621,196.34954084936209,0.23650355963301647,236.50355963301647,0.43285310048237857,432.8531004823786,432.8531004823786,4.643736534318251,4643.736534318251,0.7337272315949847,733.7272315949847,0.7337272315949847,733.7272315949847,unique_exposed_swept_capsule_mass,throughput_acquisition_density
E,10.0,78.53981633974483,2.5,4.908738521234052,4.908738521234052,0.1,1.0,0.4,0.4 g/cm^3,71.57894736842104,3600.0,19.88304093567251,49.70760233918128,derived_from_throughput,0.6328968497221568,6.328968497221568,3.9473684210526314,2.4982770383769344,24.982770383769342,0.9993108153507737,6.2456925959423355,11.154431117176387,0.49087385212340523,0.49087385212340523,0.6245692595942336,1.1154431117176387,0.1963495408493621,196.34954084936209,0.24982770383769345,249.82770383769346,0.4461772446870555,446.1772446870555,446.1772446870555,4.905355493998152,4905.355493998152,0.7750639770369556,775.0639770369556,0.7750639770369556,775.0639770369556,unique_exposed_swept_capsule_mass,throughput_acquisition_density
E,10.0,78.53981633974483,2.5,4.908738521234052,4.908738521234052,0.1,1.0,0.4,0.4 g/cm^3,71.57894736842104,3600.0,19.88304093567251,49.70760233918128,derived_from_throughput,0.6328968497221568,6.328968497221568,4.157894736842105,2.6315184804237046,26.315184804237045,1.0526073921694818,6.578796201059261,11.487534722293313,0.49087385212340523,0.49087385212340523,0.6578796201059262,1.1487534722293313,0.1963495408493621,196.34954084936209,0.26315184804237046,263.1518480423705,0.45950138889173253,459.5013888917325,459.5013888917325,5.166974453678054,5166.974453678054,0.8164007224789266,816.4007224789266,0.8164007224789266,816.4007224789266,unique_exposed_swept_capsule_mass,throughput_acquisition_density
E,10.0,78.53981633974483,2.5,4.908738521234052,4.908738521234052,0.1,1.0,0.4,0.4 g/cm^3,71.57894736842104,3600.0,19.88304093567251,49.70760233918128,derived_from_throughput,0.6328968497221568,6.328968497221568,4.368421052631579,2.764759922470474,27.64759922470474,1.1059039689881895,6.911899806176185,11.820638327410236,0.49087385212340523,0.49087385212340523,0.6911899806176186,1.1820638327410238,0.1963495408493621,196.34954084936209,0.27647599224704744,276.47599224704743,0.4728255330964095,472.8255330964095,472.8255330964095,5.428593413357955,5428.593413357955,0.8577374679208976,857.7374679208975,0.8577374679208976,857.7374679208975,unique_exposed_swept_capsule_mass,throughput_acquisition_density
E,10.0,78.53981633974483,2.5,4.908738521234052,4.908738521234052,0.1,1.0,0.4,0.4 g/cm^3,71.57894736842104,3600.0,19.88304093567251,49.70760233918128,derived_from_throughput,0.6328968497221568,6.328968497221568,4.578947368421052,2.8980013645172438,28.980013645172438,1.1592005458068975,7.245003411293109,12.153741932527161,0.49087385212340523,0.49087385212340523,0.7245003411293109,1.2153741932527162,0.1963495408493621,196.34954084936209,0.28980013645172437,289.80013645172437,0.4861496773010865,486.1496773010865,486.1496773010865,5.690212373037856,5690.212373037856,0.8990742133628685,899.0742133628685,0.8990742133628685,899.0742133628685,unique_exposed_swept_capsule_mass,throughput_acquisition_density
E,10.0,78.53981633974483,2.5,4.908738521234052,4.908738521234052,0.1,1.0,0.4,0.4 g/cm^3,71.57894736842104,3600.0,19.88304093567251,49.70760233918128,derived_from_throughput,0.6328968497221568,6.328968497221568,4.789473684210526,3.0312428065640136,30.312428065640134,1.2124971226256054,7.5781070164100335,12.486845537644086,0.49087385212340523,0.49087385212340523,0.7578107016410034,1.2486845537644087,0.1963495408493621,196.34954084936209,0.3031242806564014,303.1242806564014,0.49947382150576347,499.47382150576345,499.47382150576345,5.951831332717758,5951.8313327177575,0.9404109588048394,940.4109588048394,0.9404109588048394,940.4109588048394,unique_exposed_swept_capsule_mass,throughput_acquisition_density
E,10.0,78.53981633974483,2.5,4.908738521234052,4.908738521234052,0.1,1.0,0.4,0.4 g/cm^3,71.57894736842104,3600.0,19.88304093567251,49.70760233918128,derived_from_throughput,0.6328968497221568,6.328968497221568,5.0,3.164484248610784,31.644842486107837,1.2657936994443135,7.911210621526959,12.819949142761011,0.49087385212340523,0.49087385212340523,0.791121062152696,1.2819949142761011,0.1963495408493621,196.34954084936209,0.3164484248610784,316.44842486107837,0.5127979657104405,512.7979657104404,512.7979657104404,6.21345029239766,6213.45029239766,0.9817477042468105,981.7477042468105,0.9817477042468105,981.7477042468105,unique_exposed_swept_capsule_mass,throughput_acquisition_density
E,10.0,78.53981633974483,2.5,4.908738521234052,4.908738521234052,0.1,1.0,0.4,0.4 g/cm^3,76.3157894736842,3600.0,21.198830409356724,52.997076023391806,derived_from_throughput,0.6747797294831819,6.747797294831819,1.0,0.6747797294831819,6.747797294831819,0.26991189179327274,1.6869493237079547,6.595687844942007,0.49087385212340523,0.49087385212340523,0.16869493237079547,0.6595687844942008,0.1963495408493621,196.34954084936209,0.06747797294831819,67.47797294831818,0.2638275137976803,263.8275137976803,263.8275137976803,1.3249269005847952,1324.9269005847952,0.1963495408493621,196.34954084936209,0.1963495408493621,196.34954084936209,unique_exposed_swept_capsule_mass,throughput_acquisition_density
E,10.0,78.53981633974483,2.5,4.908738521234052,4.908738521234052,0.1,1.0,0.4,0.4 g/cm^3,76.3157894736842,3600.0,21.198830409356724,52.997076023391806,derived_from_throughput,0.6747797294831819,6.747797294831819,1.2105263157894737,0.8168386199006938,8.168386199006939,0.32673544796027754,2.0420965497517347,6.950835070985787,0.49087385212340523,0.49087385212340523,0.2042096549751735,0.6950835070985787,0.1963495408493621,196.34954084936209,0.0816838619900694,81.6838619900694,0.2780334028394315,278.0334028394315,278.0334028394315,1.6038588796552784,1603.8588796552783,0.23768628629133307,237.68628629133306,0.23768628629133307,237.68628629133306,unique_exposed_swept_capsule_mass,throughput_acquisition_density
E,10.0,78.53981633974483,2.5,4.908738521234052,4.908738521234052,0.1,1.0,0.4,0.4 g/cm^3,76.3157894736842,3600.0,21.198830409356724,52.997076023391806,derived_from_throughput,0.6747797294831819,6.747797294831819,1.4210526315789473,0.9588975103182058,9.588975103182058,0.38355900412728233,2.3972437757955145,7.3059822970295665,0.49087385212340523,0.49087385212340523,0.23972437757955145,0.7305982297029567,0.1963495408493621,196.34954084936209,0.09588975103182058,95.88975103182058,0.2922392918811827,292.2392918811827,292.2392918811827,1.8827908587257616,1882.7908587257616,0.279023031733304,279.023031733304,0.279023031733304,279.023031733304,unique_exposed_swept_capsule_mass,throughput_acquisition_density
E,10.0,78.53981633974483,2.5,4.908738521234052,4.908738521234052,0.1,1.0,0.4,0.4 g/cm^3,76.3157894736842,3600.0,21.198830409356724,52.997076023391806,derived_from_throughput,0.6747797294831819,6.747797294831819,1.631578947368421,1.1009564007357178,11.009564007357177,0.44038256029428713,2.7523910018392943,7.661129523073346,0.49087385212340523,0.49087385212340523,0.27523910018392944,0.7661129523073347,0.1963495408493621,196.34954084936209,0.11009564007357178,110.09564007357179,0.3064451809229339,306.4451809229339,306.4451809229339,2.161722837796245,2161.722837796245,0.320359777175275,320.359777175275,0.320359777175275,320.359777175275,unique_exposed_swept_capsule_mass,throughput_acquisition_density
E,10.0,78.53981633974483,2.5,4.908738521234052,4.908738521234052,0.1,1.0,0.4,0.4 g/cm^3,76.3157894736842,3600.0,21.198830409356724,52.997076023391806,derived_from_throughput,0.6747797294831819,6.747797294831819,1.8421052631578947,1.2430152911532297,12.430152911532296,0.49720611646129187,3.107538227883074,8.016276749117125,0.49087385212340523,0.49087385212340523,0.31075382278830743,0.8016276749117126,0.1963495408493621,196.34954084936209,0.12430152911532298,124.30152911532298,0.32065106996468506,320.65106996468506,320.65106996468506,2.440654816866728,2440.6548168667277,0.36169652261724594,361.69652261724593,0.36169652261724594,361.69652261724593,unique_exposed_swept_capsule_mass,throughput_acquisition_density
E,10.0,78.53981633974483,2.5,4.908738521234052,4.908738521234052,0.1,1.0,0.4,0.4 g/cm^3,76.3157894736842,3600.0,21.198830409356724,52.997076023391806,derived_from_throughput,0.6747797294831819,6.747797294831819,2.052631578947368,1.3850741815707415,13.850741815707416,0.5540296726282966,3.462685453926854,8.371423975160905,0.49087385212340523,0.49087385212340523,0.3462685453926854,0.8371423975160905,0.1963495408493621,196.34954084936209,0.13850741815707418,138.50741815707417,0.33485695900643625,334.8569590064362,334.8569590064362,2.719586795937211,2719.586795937211,0.4030332680592169,403.03326805921694,0.4030332680592169,403.03326805921694,unique_exposed_swept_capsule_mass,throughput_acquisition_density
E,10.0,78.53981633974483,2.5,4.908738521234052,4.908738521234052,0.1,1.0,0.4,0.4 g/cm^3,76.3157894736842,3600.0,21.198830409356724,52.997076023391806,derived_from_throughput,0.6747797294831819,6.747797294831819,2.263157894736842,1.5271330719882537,15.271330719882537,0.6108532287953015,3.817832679970634,8.726571201204687,0.49087385212340523,0.49087385212340523,0.3817832679970634,0.8726571201204687,0.1963495408493621,196.34954084936209,0.15271330719882537,152.71330719882536,0.3490628480481875,349.0628480481875,349.0628480481875,2.9985187750076943,2998.5187750076943,0.4443700135011879,444.3700135011879,0.4443700135011879,444.3700135011879,unique_exposed_swept_capsule_mass,throughput_acquisition_density
E,10.0,78.53981633974483,2.5,4.908738521234052,4.908738521234052,0.1,1.0,0.4,0.4 g/cm^3,76.3157894736842,3600.0,21.198830409356724,52.997076023391806,derived_from_throughput,0.6747797294831819,6.747797294831819,2.473684210526316,1.6691919624057658,16.691919624057658,0.6676767849623063,4.172979906014414,9.081718427248466,0.49087385212340523,0.49087385212340523,0.41729799060144146,0.9081718427248466,0.1963495408493621,196.34954084936209,0.1669191962405766,166.9191962405766,0.3632687370899387,363.26873708993867,363.26873708993867,3.2774507540781777,3277.450754078178,0.4857067589431589,485.7067589431589,0.4857067589431589,485.7067589431589,unique_exposed_swept_capsule_mass,throughput_acquisition_density
E,10.0,78.53981633974483,2.5,4.908738521234052,4.908738521234052,0.1,1.0,0.4,0.4 g/cm^3,76.3157894736842,3600.0,21.198830409356724,52.997076023391806,derived_from_throughput,0.6747797294831819,6.747797294831819,2.6842105263157894,1.8112508528232776,18.112508528232777,0.724500341129311,4.528127132058194,9.436865653292246,0.49087385212340523,0.49087385212340523,0.45281271320581945,0.9436865653292247,0.1963495408493621,196.34954084936209,0.1811250852823278,181.1250852823278,0.3774746261316899,377.4746261316899,377.4746261316899,3.5563827331486606,3556.3827331486605,0.5270435043851298,527.0435043851298,0.5270435043851298,527.0435043851298,unique_exposed_swept_capsule_mass,throughput_acquisition_density
E,10.0,78.53981633974483,2.5,4.908738521234052,4.908738521234052,0.1,1.0,0.4,0.4 g/cm^3,76.3157894736842,3600.0,21.198830409356724,52.997076023391806,derived_from_throughput,0.6747797294831819,6.747797294831819,2.894736842105263,1.9533097432407893,19.533097432407892,0.7813238972963157,4.883274358101973,9.792012879336024,0.49087385212340523,0.49087385212340523,0.48832743581019733,0.9792012879336025,0.1963495408493621,196.34954084936209,0.19533097432407895,195.33097432407894,0.39168051517344105,391.68051517344105,391.68051517344105,3.8353147122191436,3835.3147122191435,0.5683802498271008,568.3802498271008,0.5683802498271008,568.3802498271008,unique_exposed_swept_capsule_mass,throughput_acquisition_density
E,10.0,78.53981633974483,2.5,4.908738521234052,4.908738521234052,0.1,1.0,0.4,0.4 g/cm^3,76.3157894736842,3600.0,21.198830409356724,52.997076023391806,derived_from_throughput,0.6747797294831819,6.747797294831819,3.1052631578947367,2.0953686336583015,20.953686336583015,0.8381474534633206,5.238421584145754,10.147160105379806,0.49087385212340523,0.49087385212340523,0.5238421584145754,1.0147160105379807,0.1963495408493621,196.34954084936209,0.20953686336583016,209.53686336583016,0.4058864042151923,405.8864042151923,405.8864042151923,4.114246691289627,4114.246691289627,0.6097169952690717,609.7169952690717,0.6097169952690717,609.7169952690717,unique_exposed_swept_capsule_mass,throughput_acquisition_density
E,10.0,78.53981633974483,2.5,4.908738521234052,4.908738521234052,0.1,1.0,0.4,0.4 g/cm^3,76.3157894736842,3600.0,21.198830409356724,52.997076023391806,derived_from_throughput,0.6747797294831819,6.747797294831819,3.3157894736842106,2.2374275240758137,22.374275240758138,0.8949710096303255,5.5935688101895344,10.502307331423587,0.49087385212340523,0.49087385212340523,0.5593568810189534,1.0502307331423588,0.1963495408493621,196.34954084936209,0.22374275240758137,223.74275240758138,0.4200922932569435,420.09229325694355,420.09229325694355,4.39317867036011,4393.17867036011,0.6510537407110427,651.0537407110427,0.6510537407110427,651.0537407110427,unique_exposed_swept_capsule_mass,throughput_acquisition_density
E,10.0,78.53981633974483,2.5,4.908738521234052,4.908738521234052,0.1,1.0,0.4,0.4 g/cm^3,76.3157894736842,3600.0,21.198830409356724,52.997076023391806,derived_from_throughput,0.6747797294831819,6.747797294831819,3.526315789473684,2.3794864144933254,23.794864144933253,0.9517945657973301,5.948716036233313,10.857454557467365,0.49087385212340523,0.49087385212340523,0.5948716036233314,1.0857454557467365,0.1963495408493621,196.34954084936209,0.23794864144933256,237.94864144933257,0.43429818229869466,434.29818229869466,434.29818229869466,4.672110649430594,4672.110649430594,0.6923904861530137,692.3904861530137,0.6923904861530137,692.3904861530137,unique_exposed_swept_capsule_mass,throughput_acquisition_density
E,10.0,78.53981633974483,2.5,4.908738521234052,4.908738521234052,0.1,1.0,0.4,0.4 g/cm^3,76.3157894736842,3600.0,21.198830409356724,52.997076023391806,derived_from_throughput,0.6747797294831819,6.747797294831819,3.7368421052631575,2.521545304910837,25.215453049108373,1.0086181219643349,6.303863262277093,11.212601783511145,0.49087385212340523,0.49087385212340523,0.6303863262277094,1.1212601783511145,0.1963495408493621,196.34954084936209,0.2521545304910838,252.15453049108376,0.4485040713404458,448.50407134044576,448.50407134044576,4.951042628501076,4951.042628501076,0.7337272315949847,733.7272315949847,0.7337272315949847,733.7272315949847,unique_exposed_swept_capsule_mass,throughput_acquisition_density
E,10.0,78.53981633974483,2.5,4.908738521234052,4.908738521234052,0.1,1.0,0.4,0.4 g/cm^3,76.3157894736842,3600.0,21.198830409356724,52.997076023391806,derived_from_throughput,0.6747797294831819,6.747797294831819,3.9473684210526314,2.6636041953283494,26.636041953283495,1.0654416781313398,6.659010488320874,11.567749009554927,0.49087385212340523,0.49087385212340523,0.6659010488320874,1.1567749009554926,0.1963495408493621,196.34954084936209,0.266360419532835,266.360419532835,0.4627099603821971,462.7099603821971,462.7099603821971,5.22997460757156,5229.974607571559,0.7750639770369556,775.0639770369556,0.7750639770369556,775.0639770369556,unique_exposed_swept_capsule_mass,throughput_acquisition_density
E,10.0,78.53981633974483,2.5,4.908738521234052,4.908738521234052,0.1,1.0,0.4,0.4 g/cm^3,76.3157894736842,3600.0,21.198830409356724,52.997076023391806,derived_from_throughput,0.6747797294831819,6.747797294831819,4.157894736842105,2.8056630857458615,28.056630857458615,1.1222652342983446,7.014157714364654,11.922896235598706,0.49087385212340523,0.49087385212340523,0.7014157714364654,1.1922896235598708,0.1963495408493621,196.34954084936209,0.28056630857458614,280.5663085745861,0.4769158494239483,476.9158494239483,476.9158494239483,5.508906586642043,5508.906586642043,0.8164007224789266,816.4007224789266,0.8164007224789266,816.4007224789266,unique_exposed_swept_capsule_mass,throughput_acquisition_density
E,10.0,78.53981633974483,2.5,4.908738521234052,4.908738521234052,0.1,1.0,0.4,0.4 g/cm^3,76.3157894736842,3600.0,21.198830409356724,52.997076023391806,derived_from_throughput,0.6747797294831819,6.747797294831819,4.368421052631579,2.9477219761633733,29.477219761633734,1.1790887904653493,7.369304940408433,12.278043461642486,0.49087385212340523,0.49087385212340523,0.7369304940408434,1.2278043461642487,0.1963495408493621,196.34954084936209,0.2947721976163374,294.7721976163374,0.4911217384656995,491.12173846569954,491.12173846569954,5.787838565712526,5787.838565712526,0.8577374679208976,857.7374679208975,0.8577374679208976,857.7374679208975,unique_exposed_swept_capsule_mass,throughput_acquisition_density
E,10.0,78.53981633974483,2.5,4.908738521234052,4.908738521234052,0.1,1.0,0.4,0.4 g/cm^3,76.3157894736842,3600.0,21.198830409356724,52.997076023391806,derived_from_throughput,0.6747797294831819,6.747797294831819,4.578947368421052,3.089780866580885,30.89780866580885,1.235912346632354,7.724452166452212,12.633190687686264,0.49087385212340523,0.49087385212340523,0.7724452166452213,1.2633190687686264,0.1963495408493621,196.34954084936209,0.3089780866580885,308.9780866580885,0.5053276275074506,505.32762750745064,505.32762750745064,6.066770544783009,6066.7705447830085,0.8990742133628685,899.0742133628685,0.8990742133628685,899.0742133628685,unique_exposed_swept_capsule_mass,throughput_acquisition_density
E,10.0,78.53981633974483,2.5,4.908738521234052,4.908738521234052,0.1,1.0,0.4,0.4 g/cm^3,76.3157894736842,3600.0,21.198830409356724,52.997076023391806,derived_from_throughput,0.6747797294831819,6.747797294831819,4.789473684210526,3.2318397569983968,32.318397569983965,1.2927359027993588,8.079599392495991,12.988337913730042,0.49087385212340523,0.49087385212340523,0.8079599392495992,1.2988337913730044,0.1963495408493621,196.34954084936209,0.3231839756998397,323.1839756998397,0.5195335165492018,519.5335165492017,519.5335165492017,6.345702523853492,6345.7025238534925,0.9404109588048394,940.4109588048394,0.9404109588048394,940.4109588048394,unique_exposed_swept_capsule_mass,throughput_acquisition_density
E,10.0,78.53981633974483,2.5,4.908738521234052,4.908738521234052,0.1,1.0,0.4,0.4 g/cm^3,76.3157894736842,3600.0,21.198830409356724,52.997076023391806,derived_from_throughput,0.6747797294831819,6.747797294831819,5.0,3.3738986474159094,33.73898647415909,1.3495594589663638,8.434746618539773,13.343485139773826,0.49087385212340523,0.49087385212340523,0.8434746618539773,1.3343485139773827,0.1963495408493621,196.34954084936209,0.33738986474159094,337.38986474159094,0.5337394055909531,533.7394055909531,533.7394055909531,6.624634502923977,6624.6345029239765,0.9817477042468105,981.7477042468105,0.9817477042468105,981.7477042468105,unique_exposed_swept_capsule_mass,throughput_acquisition_density
E,10.0,78.53981633974483,2.5,4.908738521234052,4.908738521234052,0.1,1.0,0.4,0.4 g/cm^3,81.05263157894737,3600.0,22.514619883040936,56.28654970760234,derived_from_throughput,0.7166626092442071,7.166626092442071,1.0,0.7166626092442071,7.166626092442071,0.28666504369768286,1.7916565231105177,6.700395044344569,0.49087385212340523,0.49087385212340523,0.17916565231105178,0.6700395044344569,0.1963495408493621,196.34954084936209,0.07166626092442072,71.66626092442071,0.26801580177378276,268.01580177378275,268.01580177378275,1.4071637426900587,1407.1637426900588,0.1963495408493621,196.34954084936209,0.1963495408493621,196.34954084936209,unique_exposed_swept_capsule_mass,throughput_acquisition_density
E,10.0,78.53981633974483,2.5,4.908738521234052,4.908738521234052,0.1,1.0,0.4,0.4 g/cm^3,81.05263157894737,3600.0,22.514619883040936,56.28654970760234,derived_from_throughput,0.7166626092442071,7.166626092442071,1.2105263157894737,0.8675389480324612,8.675389480324613,0.3470155792129845,2.1688473700811532,7.077585891315206,0.49087385212340523,0.49087385212340523,0.21688473700811534,0.7077585891315206,0.1963495408493621,196.34954084936209,0.08675389480324613,86.75389480324614,0.28310343565260826,283.10343565260825,283.10343565260825,1.7034087411511236,1703.4087411511236,0.23768628629133307,237.68628629133306,0.23768628629133307,237.68628629133306,unique_exposed_swept_capsule_mass,throughput_acquisition_density
E,10.0,78.53981633974483,2.5,4.908738521234052,4.908738521234052,0.1,1.0,0.4,0.4 g/cm^3,81.05263157894737,3600.0,22.514619883040936,56.28654970760234,derived_from_throughput,0.7166626092442071,7.166626092442071,1.4210526315789473,1.0184152868207152,10.184152868207153,0.4073661147282861,2.5460382170517883,7.45477673828584,0.49087385212340523,0.49087385212340523,0.25460382170517887,0.7454776738285841,0.1963495408493621,196.34954084936209,0.10184152868207155,101.84152868207156,0.29819106953143365,298.19106953143364,298.19106953143364,1.9996537396121887,1999.6537396121887,0.279023031733304,279.023031733304,0.279023031733304,279.023031733304,unique_exposed_swept_capsule_mass,throughput_acquisition_density
E,10.0,78.53981633974483,2.5,4.908738521234052,4.908738521234052,0.1,1.0,0.4,0.4 g/cm^3,81.05263157894737,3600.0,22.514619883040936,56.28654970760234,derived_from_throughput,0.7166626092442071,7.166626092442071,1.631578947368421,1.1692916256089694,11.692916256089694,0.4677166502435878,2.9232290640224234,7.831967585256475,0.49087385212340523,0.49087385212340523,0.29232290640224234,0.7831967585256475,0.1963495408493621,196.34954084936209,0.11692916256089694,116.92916256089694,0.31327870341025904,313.278703410259,313.278703410259,2.295898738073254,2295.8987380732538,0.320359777175275,320.359777175275,0.320359777175275,320.359777175275,unique_exposed_swept_capsule_mass,throughput_acquisition_density
E,10.0,78.53981633974483,2.5,4.908738521234052,4.908738521234052,0.1,1.0,0.4,0.4 g/cm^3,81.05263157894737,3600.0,22.514619883040936,56.28654970760234,derived_from_throughput,0.7166626092442071,7.166626092442071,1.8421052631578947,1.3201679643972235,13.201679643972234,0.5280671857588894,3.3004199109930585,8.20915843222711,0.49087385212340523,0.49087385212340523,0.3300419910993059,0.820915843222711,0.1963495408493621,196.34954084936209,0.13201679643972236,132.01679643972236,0.32836633728908443,328.3663372890844,328.3663372890844,2.5921437365343185,2592.1437365343186,0.36169652261724594,361.69652261724593,0.36169652261724594,361.69652261724593,unique_exposed_swept_capsule_mass,throughput_acquisition_density
E,10.0,78.53981633974483,2.5,4.908738521234052,4.908738521234052,0.1,1.0,0.4,0.4 g/cm^3,81.05263157894737,3600.0,22.514619883040936,56.28654970760234,derived_from_throughput,0.7166626092442071,7.166626092442071,2.052631578947368,1.4710443031854776,14.710443031854776,0.588417721274191,3.677610757963694,8.586349279197746,0.49087385212340523,0.49087385212340523,0.3677610757963694,0.8586349279197747,0.1963495408493621,196.34954084936209,0.14710443031854778,147.10443031854777,0.3434539711679099,343.45397116790986,343.45397116790986,2.888388734995383,2888.3887349953834,0.4030332680592169,403.03326805921694,0.4030332680592169,403.03326805921694,unique_exposed_swept_capsule_mass,throughput_acquisition_density
E,10.0,78.53981633974483,2.5,4.908738521234052,4.908738521234052,0.1,1.0,0.4,0.4 g/cm^3,81.05263157894737,3600.0,22.514619883040936,56.28654970760234,derived_from_throughput,0.7166626092442071,7.166626092442071,2.263157894736842,1.6219206419737318,16.21920641973732,0.6487682567894927,4.05480160493433,8.963540126168382,0.49087385212340523,0.49087385212340523,0.405480160493433,0.8963540126168383,0.1963495408493621,196.34954084936209,0.1621920641973732,162.19206419737318,0.3585416050467354,358.54160504673536,358.54160504673536,3.1846337334564487,3184.6337334564487,0.4443700135011879,444.3700135011879,0.4443700135011879,444.3700135011879,unique_exposed_swept_capsule_mass,throughput_acquisition_density
E,10.0,78.53981633974483,2.5,4.908738521234052,4.908738521234052,0.1,1.0,0.4,0.4 g/cm^3,81.05263157894737,3600.0,22.514619883040936,56.28654970760234,derived_from_throughput,0.7166626092442071,7.166626092442071,2.473684210526316,1.772796980761986,17.72796980761986,0.7091187923047945,4.431992451904965,9.340730973139017,0.49087385212340523,0.49087385212340523,0.4431992451904965,0.9340730973139018,0.1963495408493621,196.34954084936209,0.17727969807619862,177.27969807619863,0.3736292389255607,373.62923892556074,373.62923892556074,3.480878731917514,3480.878731917514,0.4857067589431589,485.7067589431589,0.4857067589431589,485.7067589431589,unique_exposed_swept_capsule_mass,throughput_acquisition_density
E,10.0,78.53981633974483,2.5,4.908738521234052,4.908738521234052,0.1,1.0,0.4,0.4 g/cm^3,81.05263157894737,3600.0,22.514619883040936,56.28654970760234,derived_from_throughput,0.7166626092442071,7.166626092442071,2.6842105263157894,1.92367331955024,19.2367331955024,0.769469327820096,4.8091832988756,9.717921820109652,0.49087385212340523,0.49087385212340523,0.48091832988756,0.9717921820109652,0.1963495408493621,196.34954084936209,0.192367331955024,192.367331955024,0.3887168728043861,388.7168728043861,388.7168728043861,3.7771237303785785,3777.1237303785783,0.5270435043851298,527.0435043851298,0.5270435043851298,527.0435043851298,unique_exposed_swept_capsule_mass,throughput_acquisition_density
E,10.0,78.53981633974483,2.5,4.908738521234052,4.908738521234052,0.1,1.0,0.4,0.4 g/cm^3,81.05263157894737,3600.0,22.514619883040936,56.28654970760234,derived_from_throughput,0.7166626092442071,7.166626092442071,2.894736842105263,2.074549658338494,20.74549658338494,0.8298198633353977,5.186374145846235,10.095112667080286,0.49087385212340523,0.49087385212340523,0.5186374145846235,1.0095112667080286,0.1963495408493621,196.34954084936209,0.20745496583384943,207.45496583384943,0.40380450668321144,403.80450668321146,403.80450668321146,4.073368728839643,4073.368728839643,0.5683802498271008,568.3802498271008,0.5683802498271008,568.3802498271008,unique_exposed_swept_capsule_mass,throughput_acquisition_density
E,10.0,78.53981633974483,2.5,4.908738521234052,4.908738521234052,0.1,1.0,0.4,0.4 g/cm^3,81.05263157894737,3600.0,22.514619883040936,56.28654970760234,derived_from_throughput,0.7166626092442071,7.166626092442071,3.1052631578947367,2.2254259971267483,22.254259971267484,0.8901703988506993,5.563564992816871,10.472303514050923,0.49087385212340523,0.49087385212340523,0.5563564992816871,1.0472303514050922,0.1963495408493621,196.34954084936209,0.22254259971267484,222.54259971267484,0.41889214056203694,418.89214056203696,418.89214056203696,4.369613727300709,4369.613727300709,0.6097169952690717,609.7169952690717,0.6097169952690717,609.7169952690717,unique_exposed_swept_capsule_mass,throughput_acquisition_density
E,10.0,78.53981633974483,2.5,4.908738521234052,4.908738521234052,0.1,1.0,0.4,0.4 g/cm^3,81.05263157894737,3600.0,22.514619883040936,56.28654970760234,derived_from_throughput,0.7166626092442071,7.166626092442071,3.3157894736842106,2.3763023359150024,23.763023359150026,0.9505209343660009,5.940755839787506,10.84949436102156,0.49087385212340523,0.49087385212340523,0.5940755839787507,1.0849494361021559,0.1963495408493621,196.34954084936209,0.2376302335915003,237.63023359150029,0.4339797744408624,433.9797744408624,433.9797744408624,4.665858725761773,4665.858725761774,0.6510537407110427,651.0537407110427,0.6510537407110427,651.0537407110427,unique_exposed_swept_capsule_mass,throughput_acquisition_density
E,10.0,78.53981633974483,2.5,4.908738521234052,4.908738521234052,0.1,1.0,0.4,0.4 g/cm^3,81.05263157894737,3600.0,22.514619883040936,56.28654970760234,derived_from_throughput,0.7166626092442071,7.166626092442071,3.526315789473684,2.5271786747032565,25.271786747032564,1.0108714698813026,6.317946686758141,11.226685207992194,0.49087385212340523,0.49087385212340523,0.6317946686758141,1.1226685207992195,0.1963495408493621,196.34954084936209,0.25271786747032565,252.71786747032564,0.44906740831968783,449.06740831968784,449.06740831968784,4.962103724222838,4962.103724222838,0.6923904861530137,692.3904861530137,0.6923904861530137,692.3904861530137,unique_exposed_swept_capsule_mass,throughput_acquisition_density
E,10.0,78.53981633974483,2.5,4.908738521234052,4.908738521234052,0.1,1.0,0.4,0.4 g/cm^3,81.05263157894737,3600.0,22.514619883040936,56.28654970760234,derived_from_throughput,0.7166626092442071,7.166626092442071,3.7368421052631575,2.6780550134915106,26.780550134915106,1.0712220053966042,6.695137533728777,11.603876054962829,0.49087385212340523,0.49087385212340523,0.6695137533728777,1.160387605496283,0.1963495408493621,196.34954084936209,0.2678055013491511,267.8055013491511,0.4641550421985132,464.15504219851323,464.15504219851323,5.258348722683903,5258.348722683902,0.7337272315949847,733.7272315949847,0.7337272315949847,733.7272315949847,unique_exposed_swept_capsule_mass,throughput_acquisition_density
E,10.0,78.53981633974483,2.5,4.908738521234052,4.908738521234052,0.1,1.0,0.4,0.4 g/cm^3,81.05263157894737,3600.0,22.514619883040936,56.28654970760234,derived_from_throughput,0.7166626092442071,7.166626092442071,3.9473684210526314,2.8289313522797648,28.28931352279765,1.131572540911906,7.072328380699412,11.981066901933463,0.49087385212340523,0.49087385212340523,0.7072328380699413,1.1981066901933464,0.1963495408493621,196.34954084936209,0.28289313522797654,282.89313522797653,0.47924267607733856,479.24267607733856,479.24267607733856,5.554593721144968,5554.593721144968,0.7750639770369556,775.0639770369556,0.7750639770369556,775.0639770369556,unique_exposed_swept_capsule_mass,throughput_acquisition_density
E,10.0,78.53981633974483,2.5,4.908738521234052,4.908738521234052,0.1,1.0,0.4,0.4 g/cm^3,81.05263157894737,3600.0,22.514619883040936,56.28654970760234,derived_from_throughput,0.7166626092442071,7.166626092442071,4.157894736842105,2.979807691068019,29.798076910680187,1.1919230764272075,7.449519227670047,12.358257748904098,0.49087385212340523,0.49087385212340523,0.7449519227670047,1.2358257748904098,0.1963495408493621,196.34954084936209,0.2979807691068019,297.98076910680186,0.49433030995616395,494.33030995616394,494.33030995616394,5.850838719606034,5850.838719606034,0.8164007224789266,816.4007224789266,0.8164007224789266,816.4007224789266,unique_exposed_swept_capsule_mass,throughput_acquisition_density
E,10.0,78.53981633974483,2.5,4.908738521234052,4.908738521234052,0.1,1.0,0.4,0.4 g/cm^3,81.05263157894737,3600.0,22.514619883040936,56.28654970760234,derived_from_throughput,0.7166626092442071,7.166626092442071,4.368421052631579,3.130684029856273,31.30684029856273,1.2522736119425093,7.826710074640682,12.735448595874734,0.49087385212340523,0.49087385212340523,0.7826710074640683,1.2735448595874734,0.1963495408493621,196.34954084936209,0.3130684029856273,313.0684029856273,0.5094179438349894,509.4179438349894,509.4179438349894,6.1470837180670985,6147.083718067099,0.8577374679208976,857.7374679208975,0.8577374679208976,857.7374679208975,unique_exposed_swept_capsule_mass,throughput_acquisition_density
E,10.0,78.53981633974483,2.5,4.908738521234052,4.908738521234052,0.1,1.0,0.4,0.4 g/cm^3,81.05263157894737,3600.0,22.514619883040936,56.28654970760234,derived_from_throughput,0.7166626092442071,7.166626092442071,4.578947368421052,3.281560368644527,32.81560368644527,1.3126241474578109,8.203900921611318,13.11263944284537,0.49087385212340523,0.49087385212340523,0.8203900921611318,1.311263944284537,0.1963495408493621,196.34954084936209,0.3281560368644527,328.15603686445274,0.5245055777138149,524.5055777138149,524.5055777138149,6.443328716528163,6443.328716528164,0.8990742133628685,899.0742133628685,0.8990742133628685,899.0742133628685,unique_exposed_swept_capsule_mass,throughput_acquisition_density
E,10.0,78.53981633974483,2.5,4.908738521234052,4.908738521234052,0.1,1.0,0.4,0.4 g/cm^3,81.05263157894737,3600.0,22.514619883040936,56.28654970760234,derived_from_throughput,0.7166626092442071,7.166626092442071,4.789473684210526,3.432436707432781,34.32436707432781,1.3729746829731124,8.581091768581953,13.489830289816005,0.49087385212340523,0.49087385212340523,0.8581091768581953,1.3489830289816007,0.1963495408493621,196.34954084936209,0.34324367074327816,343.2436707432782,0.5395932115926403,539.5932115926403,539.5932115926403,6.739573714989228,6739.5737149892275,0.9404109588048394,940.4109588048394,0.9404109588048394,940.4109588048394,unique_exposed_swept_capsule_mass,throughput_acquisition_density
E,10.0,78.53981633974483,2.5,4.908738521234052,4.908738521234052,0.1,1.0,0.4,0.4 g/cm^3,81.05263157894737,3600.0,22.514619883040936,56.28654970760234,derived_from_throughput,0.7166626092442071,7.166626092442071,5.0,3.5833130462210354,35.833130462210356,1.4333252184884142,8.958282615552589,13.86702113678664,0.49087385212340523,0.49087385212340523,0.895828261555259,1.3867021136786641,0.1963495408493621,196.34954084936209,0.3583313046221036,358.33130462210363,0.5546808454714657,554.6808454714657,554.6808454714657,7.035818713450293,7035.818713450293,0.9817477042468105,981.7477042468105,0.9817477042468105,981.7477042468105,unique_exposed_swept_capsule_mass,throughput_acquisition_density
E,10.0,78.53981633974483,2.5,4.908738521234052,4.908738521234052,0.1,1.0,0.4,0.4 g/cm^3,85.78947368421052,3600.0,23.830409356725145,59.57602339181286,derived_from_throughput,0.7585454890052321,7.585454890052321,1.0,0.7585454890052321,7.585454890052321,0.3034181956020928,1.8963637225130803,6.8051022437471325,0.49087385212340523,0.49087385212340523,0.18963637225130803,0.6805102243747133,0.1963495408493621,196.34954084936209,0.07585454890052322,75.85454890052321,0.27220408974988536,272.2040897498854,272.2040897498854,1.4894005847953216,1489.4005847953215,0.1963495408493621,196.34954084936209,0.1963495408493621,196.34954084936209,unique_exposed_swept_capsule_mass,throughput_acquisition_density
E,10.0,78.53981633974483,2.5,4.908738521234052,4.908738521234052,0.1,1.0,0.4,0.4 g/cm^3,85.78947368421052,3600.0,23.830409356725145,59.57602339181286,derived_from_throughput,0.7585454890052321,7.585454890052321,1.2105263157894737,0.9182392761642283,9.182392761642284,0.3672957104656913,2.295598190410571,7.204336711644623,0.49087385212340523,0.49087385212340523,0.2295598190410571,0.7204336711644623,0.1963495408493621,196.34954084936209,0.09182392761642284,91.82392761642285,0.28817346846578495,288.17346846578494,288.17346846578494,1.8029586026469682,1802.958602646968,0.23768628629133307,237.68628629133306,0.23768628629133307,237.68628629133306,unique_exposed_swept_capsule_mass,throughput_acquisition_density
E,10.0,78.53981633974483,2.5,4.908738521234052,4.908738521234052,0.1,1.0,0.4,0.4 g/cm^3,85.78947368421052,3600.0,23.830409356725145,59.57602339181286,derived_from_throughput,0.7585454890052321,7.585454890052321,1.4210526315789473,1.0779330633232245,10.779330633232245,0.4311732253292898,2.6948326583080613,7.603571179542113,0.49087385212340523,0.49087385212340523,0.2694832658308061,0.7603571179542113,0.1963495408493621,196.34954084936209,0.10779330633232245,107.79330633232246,0.30414284718168455,304.14284718168454,304.14284718168454,2.116516620498615,2116.516620498615,0.279023031733304,279.023031733304,0.279023031733304,279.023031733304,unique_exposed_swept_capsule_mass,throughput_acquisition_density
E,10.0,78.53981633974483,2.5,4.908738521234052,4.908738521234052,0.1,1.0,0.4,0.4 g/cm^3,85.78947368421052,3600.0,23.830409356725145,59.57602339181286,derived_from_throughput,0.7585454890052321,7.585454890052321,1.631578947368421,1.2376268504822208,12.376268504822207,0.4950507401928883,3.0940671262055517,8.002805647439605,0.49087385212340523,0.49087385212340523,0.3094067126205552,0.8002805647439605,0.1963495408493621,196.34954084936209,0.12376268504822208,123.76268504822208,0.3201122258975842,320.1122258975842,320.1122258975842,2.4300746383502614,2430.0746383502615,0.320359777175275,320.359777175275,0.320359777175275,320.359777175275,unique_exposed_swept_capsule_mass,throughput_acquisition_density
E,10.0,78.53981633974483,2.5,4.908738521234052,4.908738521234052,0.1,1.0,0.4,0.4 g/cm^3,85.78947368421052,3600.0,23.830409356725145,59.57602339181286,derived_from_throughput,0.7585454890052321,7.585454890052321,1.8421052631578947,1.397320637641217,13.97320637641217,0.5589282550564868,3.4933015941030425,8.402040115337094,0.49087385212340523,0.49087385212340523,0.34933015941030426,0.8402040115337095,0.1963495408493621,196.34954084936209,0.1397320637641217,139.7320637641217,0.3360816046134838,336.0816046134838,336.0816046134838,2.743632656201908,2743.632656201908,0.36169652261724594,361.69652261724593,0.36169652261724594,361.69652261724593,unique_exposed_swept_capsule_mass,throughput_acquisition_density
E,10.0,78.53981633974483,2.5,4.908738521234052,4.908738521234052,0.1,1.0,0.4,0.4 g/cm^3,85.78947368421052,3600.0,23.830409356725145,59.57602339181286,derived_from_throughput,0.7585454890052321,7.585454890052321,2.052631578947368,1.5570144248002131,15.570144248002132,0.6228057699200853,3.892536062000533,8.801274583234585,0.49087385212340523,0.49087385212340523,0.38925360620005334,0.8801274583234586,0.1963495408493621,196.34954084936209,0.15570144248002135,155.70144248002134,0.35205098332938345,352.0509833293834,352.0509833293834,3.057190674053554,3057.190674053554,0.4030332680592169,403.03326805921694,0.4030332680592169,403.03326805921694,unique_exposed_swept_capsule_mass,throughput_acquisition_density
E,10.0,78.53981633974483,2.5,4.908738521234052,4.908738521234052,0.1,1.0,0.4,0.4 g/cm^3,85.78947368421052,3600.0,23.830409356725145,59.57602339181286,derived_from_throughput,0.7585454890052321,7.585454890052321,2.263157894736842,1.7167082119592094,17.167082119592095,0.6866832847836838,4.291770529898024,9.200509051132077,0.49087385212340523,0.49087385212340523,0.4291770529898024,0.9200509051132078,0.1963495408493621,196.34954084936209,0.17167082119592098,171.67082119592098,0.3680203620452831,368.0203620452831,368.0203620452831,3.3707486919052014,3370.748691905201,0.4443700135011879,444.3700135011879,0.4443700135011879,444.3700135011879,unique_exposed_swept_capsule_mass,throughput_acquisition_density
E,10.0,78.53981633974483,2.5,4.908738521234052,4.908738521234052,0.1,1.0,0.4,0.4 g/cm^3,85.78947368421052,3600.0,23.830409356725145,59.57602339181286,derived_from_throughput,0.7585454890052321,7.585454890052321,2.473684210526316,1.876401999118206,18.76401999118206,0.7505607996472824,4.691004997795515,9.599743519029566,0.49087385212340523,0.49087385212340523,0.46910049977955154,0.9599743519029567,0.1963495408493621,196.34954084936209,0.18764019991182063,187.64019991182062,0.3839897407611827,383.9897407611827,383.9897407611827,3.6843067097568483,3684.3067097568482,0.4857067589431589,485.7067589431589,0.4857067589431589,485.7067589431589,unique_exposed_swept_capsule_mass,throughput_acquisition_density
E,10.0,78.53981633974483,2.5,4.908738521234052,4.908738521234052,0.1,1.0,0.4,0.4 g/cm^3,85.78947368421052,3600.0,23.830409356725145,59.57602339181286,derived_from_throughput,0.7585454890052321,7.585454890052321,2.6842105263157894,2.036095786277202,20.36095786277202,0.8144383145108808,5.090239465693005,9.998977986927056,0.49087385212340523,0.49087385212340523,0.5090239465693005,0.9998977986927056,0.1963495408493621,196.34954084936209,0.20360957862772022,203.60957862772023,0.39995911947708224,399.95911947708225,399.95911947708225,3.9978647276084947,3997.864727608495,0.5270435043851298,527.0435043851298,0.5270435043851298,527.0435043851298,unique_exposed_swept_capsule_mass,throughput_acquisition_density
E,10.0,78.53981633974483,2.5,4.908738521234052,4.908738521234052,0.1,1.0,0.4,0.4 g/cm^3,85.78947368421052,3600.0,23.830409356725145,59.57602339181286,derived_from_throughput,0.7585454890052321,7.585454890052321,2.894736842105263,2.195789573436198,21.95789573436198,0.8783158293744793,5.489473933590495,10.398212454824547,0.49087385212340523,0.49087385212340523,0.5489473933590495,1.0398212454824547,0.1963495408493621,196.34954084936209,0.21957895734361982,219.5789573436198,0.4159284981929819,415.92849819298186,415.92849819298186,4.311422745460141,4311.422745460141,0.5683802498271008,568.3802498271008,0.5683802498271008,568.3802498271008,unique_exposed_swept_capsule_mass,throughput_acquisition_density
E,10.0,78.53981633974483,2.5,4.908738521234052,4.908738521234052,0.1,1.0,0.4,0.4 g/cm^3,85.78947368421052,3600.0,23.830409356725145,59.57602339181286,derived_from_throughput,0.7585454890052321,7.585454890052321,3.1052631578947367,2.355483360595194,23.55483360595194,0.9421933442380777,5.888708401487985,10.797446922722038,0.49087385212340523,0.49087385212340523,0.5888708401487985,1.0797446922722038,0.1963495408493621,196.34954084936209,0.23554833605951941,235.54833605951941,0.43189787690888154,431.8978769088815,431.8978769088815,4.624980763311788,4624.980763311788,0.6097169952690717,609.7169952690717,0.6097169952690717,609.7169952690717,unique_exposed_swept_capsule_mass,throughput_acquisition_density
E,10.0,78.53981633974483,2.5,4.908738521234052,4.908738521234052,0.1,1.0,0.4,0.4 g/cm^3,85.78947368421052,3600.0,23.830409356725145,59.57602339181286,derived_from_throughput,0.7585454890052321,7.585454890052321,3.3157894736842106,2.5151771477541907,25.151771477541907,1.0060708591016763,6.287942869385477,11.196681390619528,0.49087385212340523,0.49087385212340523,0.6287942869385477,1.1196681390619527,0.1963495408493621,196.34954084936209,0.25151771477541907,251.51771477541905,0.44786725562478114,447.86725562478114,447.86725562478114,4.938538781163435,4938.538781163435,0.6510537407110427,651.0537407110427,0.6510537407110427,651.0537407110427,unique_exposed_swept_capsule_mass,throughput_acquisition_density
E,10.0,78.53981633974483,2.5,4.908738521234052,4.908738521234052,0.1,1.0,0.4,0.4 g/cm^3,85.78947368421052,3600.0,23.830409356725145,59.57602339181286,derived_from_throughput,0.7585454890052321,7.585454890052321,3.526315789473684,2.6748709349131867,26.748709349131868,1.0699483739652746,6.687177337282967,11.595915858517019,0.49087385212340523,0.49087385212340523,0.6687177337282968,1.1595915858517019,0.1963495408493621,196.34954084936209,0.2674870934913187,267.4870934913187,0.4638366343406808,463.8366343406808,463.8366343406808,5.252096799015081,5252.09679901508,0.6923904861530137,692.3904861530137,0.6923904861530137,692.3904861530137,unique_exposed_swept_capsule_mass,throughput_acquisition_density
E,10.0,78.53981633974483,2.5,4.908738521234052,4.908738521234052,0.1,1.0,0.4,0.4 g/cm^3,85.78947368421052,3600.0,23.830409356725145,59.57602339181286,derived_from_throughput,0.7585454890052321,7.585454890052321,3.7368421052631575,2.834564722072183,28.34564722072183,1.133825888828873,7.086411805180457,11.99515032641451,0.49087385212340523,0.49087385212340523,0.7086411805180458,1.199515032641451,0.1963495408493621,196.34954084936209,0.2834564722072183,283.4564722072183,0.47980601305658044,479.8060130565804,479.8060130565804,5.5656548168667275,5565.654816866728,0.7337272315949847,733.7272315949847,0.7337272315949847,733.7272315949847,unique_exposed_swept_capsule_mass,throughput_acquisition_density
E,10.0,78.53981633974483,2.5,4.908738521234052,4.908738521234052,0.1,1.0,0.4,0.4 g/cm^3,85.78947368421052,3600.0,23.830409356725145,59.57602339181286,derived_from_throughput,0.7585454890052321,7.585454890052321,3.9473684210526314,2.9942585092311793,29.942585092311795,1.1977034036924716,7.485646273077949,12.394384794312,0.49087385212340523,0.49087385212340523,0.7485646273077949,1.2394384794312001,0.1963495408493621,196.34954084936209,0.29942585092311796,299.425850923118,0.4957753917724801,495.7753917724801,495.7753917724801,5.879212834718374,5879.212834718374,0.7750639770369556,775.0639770369556,0.7750639770369556,775.0639770369556,unique_exposed_swept_capsule_mass,throughput_acquisition_density
E,10.0,78.53981633974483,2.5,4.908738521234052,4.908738521234052,0.1,1.0,0.4,0.4 g/cm^3,85.78947368421052,3600.0,23.830409356725145,59.57602339181286,derived_from_throughput,0.7585454890052321,7.585454890052321,4.157894736842105,3.153952296390176,31.53952296390176,1.2615809185560702,7.88488074097544,12.793619262209493,0.49087385212340523,0.49087385212340523,0.7884880740975441,1.2793619262209495,0.1963495408493621,196.34954084936209,0.31539522963901767,315.39522963901766,0.5117447704883799,511.74477048837986,511.74477048837986,6.192770852570021,6192.770852570021,0.8164007224789266,816.4007224789266,0.8164007224789266,816.4007224789266,unique_exposed_swept_capsule_mass,throughput_acquisition_density
E,10.0,78.53981633974483,2.5,4.908738521234052,4.908738521234052,0.1,1.0,0.4,0.4 g/cm^3,85.78947368421052,3600.0,23.830409356725145,59.57602339181286,derived_from_throughput,0.7585454890052321,7.585454890052321,4.368421052631579,3.313646083549172,33.13646083549172,1.3254584334196688,8.28411520887293,13.192853730106982,0.49087385212340523,0.49087385212340523,0.828411520887293,1.3192853730106984,0.1963495408493621,196.34954084936209,0.3313646083549172,331.3646083549172,0.5277141492042794,527.7141492042794,527.7141492042794,6.506328870421668,6506.328870421668,0.8577374679208976,857.7374679208975,0.8577374679208976,857.7374679208975,unique_exposed_swept_capsule_mass,throughput_acquisition_density
E,10.0,78.53981633974483,2.5,4.908738521234052,4.908738521234052,0.1,1.0,0.4,0.4 g/cm^3,85.78947368421052,3600.0,23.830409356725145,59.57602339181286,derived_from_throughput,0.7585454890052321,7.585454890052321,4.578947368421052,3.473339870708168,34.733398707081676,1.3893359482832672,8.683349676770419,13.592088198004472,0.49087385212340523,0.49087385212340523,0.868334967677042,1.3592088198004473,0.1963495408493621,196.34954084936209,0.3473339870708168,347.3339870708168,0.5436835279201789,543.6835279201789,543.6835279201789,6.819886888273314,6819.886888273314,0.8990742133628685,899.0742133628685,0.8990742133628685,899.0742133628685,unique_exposed_swept_capsule_mass,throughput_acquisition_density
E,10.0,78.53981633974483,2.5,4.908738521234052,4.908738521234052,0.1,1.0,0.4,0.4 g/cm^3,85.78947368421052,3600.0,23.830409356725145,59.57602339181286,derived_from_throughput,0.7585454890052321,7.585454890052321,4.789473684210526,3.633033657867164,36.33033657867164,1.4532134631468656,9.08258414466791,13.991322665901961,0.49087385212340523,0.49087385212340523,0.9082584144667911,1.3991322665901962,0.1963495408493621,196.34954084936209,0.36330336578671646,363.3033657867165,0.5596529066360785,559.6529066360785,559.6529066360785,7.13344490612496,7133.44490612496,0.9404109588048394,940.4109588048394,0.9404109588048394,940.4109588048394,unique_exposed_swept_capsule_mass,throughput_acquisition_density
E,10.0,78.53981633974483,2.5,4.908738521234052,4.908738521234052,0.1,1.0,0.4,0.4 g/cm^3,85.78947368421052,3600.0,23.830409356725145,59.57602339181286,derived_from_throughput,0.7585454890052321,7.585454890052321,5.0,3.7927274450261605,37.927274450261606,1.5170909780104642,9.481818612565402,14.390557133799454,0.49087385212340523,0.49087385212340523,0.9481818612565402,1.4390557133799455,0.1963495408493621,196.34954084936209,0.3792727445026161,379.2727445026161,0.5756222853519782,575.6222853519782,575.6222853519782,7.447002923976608,7447.002923976607,0.9817477042468105,981.7477042468105,0.9817477042468105,981.7477042468105,unique_exposed_swept_capsule_mass,throughput_acquisition_density
E,10.0,78.53981633974483,2.5,4.908738521234052,4.908738521234052,0.1,1.0,0.4,0.4 g/cm^3,90.52631578947367,3600.0,25.14619883040935,62.865497076023374,derived_from_throughput,0.800428368766257,8.00428368766257,1.0,0.800428368766257,8.00428368766257,0.3201713475065028,2.0010709219156424,6.909809443149694,0.49087385212340523,0.49087385212340523,0.20010709219156425,0.6909809443149695,0.1963495408493621,196.34954084936209,0.08004283687662571,80.04283687662571,0.2763923777259878,276.3923777259878,276.3923777259878,1.5716374269005844,1571.6374269005844,0.1963495408493621,196.34954084936209,0.1963495408493621,196.34954084936209,unique_exposed_swept_capsule_mass,throughput_acquisition_density
E,10.0,78.53981633974483,2.5,4.908738521234052,4.908738521234052,0.1,1.0,0.4,0.4 g/cm^3,90.52631578947367,3600.0,25.14619883040935,62.865497076023374,derived_from_throughput,0.800428368766257,8.00428368766257,1.2105263157894737,0.9689396042959953,9.689396042959954,0.38757584171839815,2.4223490107399885,7.33108753197404,0.49087385212340523,0.49087385212340523,0.24223490107399887,0.7331087531974041,0.1963495408493621,196.34954084936209,0.09689396042959955,96.89396042959955,0.29324350127896165,293.2435012789617,293.2435012789617,1.9025084641428127,1902.5084641428127,0.23768628629133307,237.68628629133306,0.23768628629133307,237.68628629133306,unique_exposed_swept_capsule_mass,throughput_acquisition_density
E,10.0,78.53981633974483,2.5,4.908738521234052,4.908738521234052,0.1,1.0,0.4,0.4 g/cm^3,90.52631578947367,3600.0,25.14619883040935,62.865497076023374,derived_from_throughput,0.800428368766257,8.00428368766257,1.4210526315789473,1.1374508398257337,11.374508398257337,0.45498033593029347,2.8436270995643342,7.752365620798386,0.49087385212340523,0.49087385212340523,0.2843627099564334,0.7752365620798387,0.1963495408493621,196.34954084936209,0.11374508398257338,113.74508398257338,0.3100946248319355,310.0946248319355,310.0946248319355,2.233379501385041,2233.379501385041,0.279023031733304,279.023031733304,0.279023031733304,279.023031733304,unique_exposed_swept_capsule_mass,throughput_acquisition_density
E,10.0,78.53981633974483,2.5,4.908738521234052,4.908738521234052,0.1,1.0,0.4,0.4 g/cm^3,90.52631578947367,3600.0,25.14619883040935,62.865497076023374,derived_from_throughput,0.800428368766257,8.00428368766257,1.631578947368421,1.305962075355472,13.05962075355472,0.5223848301421887,3.26490518838868,8.173643709622732,0.49087385212340523,0.49087385212340523,0.32649051883886804,0.8173643709622733,0.1963495408493621,196.34954084936209,0.1305962075355472,130.59620753554722,0.32694574838490936,326.94574838490934,326.94574838490934,2.5642505386272694,2564.250538627269,0.320359777175275,320.359777175275,0.320359777175275,320.359777175275,unique_exposed_swept_capsule_mass,throughput_acquisition_density
E,10.0,78.53981633974483,2.5,4.908738521234052,4.908738521234052,0.1,1.0,0.4,0.4 g/cm^3,90.52631578947367,3600.0,25.14619883040935,62.865497076023374,derived_from_throughput,0.800428368766257,8.00428368766257,1.8421052631578947,1.4744733108852102,14.744733108852103,0.589789324354084,3.6861832772130256,8.594921798447078,0.49087385212340523,0.49087385212340523,0.3686183277213026,0.8594921798447079,0.1963495408493621,196.34954084936209,0.14744733108852104,147.44733108852103,0.3437968719378832,343.7968719378832,343.7968719378832,2.8951215758694975,2895.1215758694975,0.36169652261724594,361.69652261724593,0.36169652261724594,361.69652261724593,unique_exposed_swept_capsule_mass,throughput_acquisition_density
E,10.0,78.53981633974483,2.5,4.908738521234052,4.908738521234052,0.1,1.0,0.4,0.4 g/cm^3,90.52631578947367,3600.0,25.14619883040935,62.865497076023374,derived_from_throughput,0.800428368766257,8.00428368766257,2.052631578947368,1.6429845464149484,16.429845464149484,0.6571938185659794,4.107461366037371,9.016199887271423,0.49087385212340523,0.49087385212340523,0.4107461366037371,0.9016199887271423,0.1963495408493621,196.34954084936209,0.16429845464149484,164.29845464149483,0.36064799549085697,360.64799549085694,360.64799549085694,3.2259926131117256,3225.9926131117254,0.4030332680592169,403.03326805921694,0.4030332680592169,403.03326805921694,unique_exposed_swept_capsule_mass,throughput_acquisition_density
E,10.0,78.53981633974483,2.5,4.908738521234052,4.908738521234052,0.1,1.0,0.4,0.4 g/cm^3,90.52631578947367,3600.0,25.14619883040935,62.865497076023374,derived_from_throughput,0.800428368766257,8.00428368766257,2.263157894736842,1.8114957819446869,18.114957819446868,0.7245983127778748,4.528739454861717,9.437477976095769,0.49087385212340523,0.49087385212340523,0.4528739454861717,0.9437477976095769,0.1963495408493621,196.34954084936209,0.1811495781944687,181.1495781944687,0.3774991190438308,377.49911904383083,377.49911904383083,3.556863650353954,3556.863650353954,0.4443700135011879,444.3700135011879,0.4443700135011879,444.3700135011879,unique_exposed_swept_capsule_mass,throughput_acquisition_density
E,10.0,78.53981633974483,2.5,4.908738521234052,4.908738521234052,0.1,1.0,0.4,0.4 g/cm^3,90.52631578947367,3600.0,25.14619883040935,62.865497076023374,derived_from_throughput,0.800428368766257,8.00428368766257,2.473684210526316,1.9800070174744253,19.800070174744253,0.7920028069897701,4.950017543686063,9.858756064920115,0.49087385212340523,0.49087385212340523,0.49500175436860633,0.9858756064920116,0.1963495408493621,196.34954084936209,0.19800070174744255,198.00070174744255,0.3943502425968046,394.3502425968046,394.3502425968046,3.8877346875961827,3887.7346875961825,0.4857067589431589,485.7067589431589,0.4857067589431589,485.7067589431589,unique_exposed_swept_capsule_mass,throughput_acquisition_density
E,10.0,78.53981633974483,2.5,4.908738521234052,4.908738521234052,0.1,1.0,0.4,0.4 g/cm^3,90.52631578947367,3600.0,25.14619883040935,62.865497076023374,derived_from_throughput,0.800428368766257,8.00428368766257,2.6842105263157894,2.1485182530041635,21.485182530041634,0.8594073012016654,5.371295632510408,10.28003415374446,0.49087385212340523,0.49087385212340523,0.5371295632510409,1.028003415374446,0.1963495408493621,196.34954084936209,0.21485182530041635,214.85182530041635,0.4112013661497784,411.20136614977844,411.20136614977844,4.218605724838411,4218.60572483841,0.5270435043851298,527.0435043851298,0.5270435043851298,527.0435043851298,unique_exposed_swept_capsule_mass,throughput_acquisition_density
E,10.0,78.53981633974483,2.5,4.908738521234052,4.908738521234052,0.1,1.0,0.4,0.4 g/cm^3,90.52631578947367,3600.0,25.14619883040935,62.865497076023374,derived_from_throughput,0.800428368766257,8.00428368766257,2.894736842105263,2.3170294885339016,23.170294885339015,0.9268117954135606,5.792573721334754,10.701312242568806,0.49087385212340523,0.49087385212340523,0.5792573721334754,1.0701312242568806,0.1963495408493621,196.34954084936209,0.23170294885339016,231.70294885339015,0.4280524897027522,428.0524897027522,428.0524897027522,4.549476762080639,4549.476762080639,0.5683802498271008,568.3802498271008,0.5683802498271008,568.3802498271008,unique_exposed_swept_capsule_mass,throughput_acquisition_density
E,10.0,78.53981633974483,2.5,4.908738521234052,4.908738521234052,0.1,1.0,0.4,0.4 g/cm^3,90.52631578947367,3600.0,25.14619883040935,62.865497076023374,derived_from_throughput,0.800428368766257,8.00428368766257,3.1052631578947367,2.48554072406364,24.8554072406364,0.994216289625456,6.2138518101591,11.122590331393152,0.49087385212340523,0.49087385212340523,0.62138518101591,1.1122590331393152,0.1963495408493621,196.34954084936209,0.248554072406364,248.554072406364,0.4449036132557261,444.9036132557261,444.9036132557261,4.880347799322867,4880.347799322867,0.6097169952690717,609.7169952690717,0.6097169952690717,609.7169952690717,unique_exposed_swept_capsule_mass,throughput_acquisition_density
E,10.0,78.53981633974483,2.5,4.908738521234052,4.908738521234052,0.1,1.0,0.4,0.4 g/cm^3,90.52631578947367,3600.0,25.14619883040935,62.865497076023374,derived_from_throughput,0.800428368766257,8.00428368766257,3.3157894736842106,2.6540519595933785,26.540519595933784,1.0616207838373515,6.635129898983446,11.543868420217498,0.49087385212340523,0.49087385212340523,0.6635129898983446,1.1543868420217498,0.1963495408493621,196.34954084936209,0.26540519595933787,265.40519595933785,0.46175473680869994,461.75473680869993,461.75473680869993,5.211218836565096,5211.218836565096,0.6510537407110427,651.0537407110427,0.6510537407110427,651.0537407110427,unique_exposed_swept_capsule_mass,throughput_acquisition_density
E,10.0,78.53981633974483,2.5,4.908738521234052,4.908738521234052,0.1,1.0,0.4,0.4 g/cm^3,90.52631578947367,3600.0,25.14619883040935,62.865497076023374,derived_from_throughput,0.800428368766257,8.00428368766257,3.526315789473684,2.8225631951231165,28.225631951231165,1.1290252780492467,7.056407987807791,11.965146509041844,0.49087385212340523,0.49087385212340523,0.7056407987807791,1.1965146509041844,0.1963495408493621,196.34954084936209,0.28225631951231167,282.2563195123117,0.4786058603616738,478.6058603616738,478.6058603616738,5.542089873807324,5542.089873807324,0.6923904861530137,692.3904861530137,0.6923904861530137,692.3904861530137,unique_exposed_swept_capsule_mass,throughput_acquisition_density
E,10.0,78.53981633974483,2.5,4.908738521234052,4.908738521234052,0.1,1.0,0.4,0.4 g/cm^3,90.52631578947367,3600.0,25.14619883040935,62.865497076023374,derived_from_throughput,0.800428368766257,8.00428368766257,3.7368421052631575,2.991074430652855,29.91074430652855,1.1964297722611419,7.477686076632137,12.386424597866188,0.49087385212340523,0.49087385212340523,0.7477686076632137,1.238642459786619,0.1963495408493621,196.34954084936209,0.2991074430652855,299.1074430652855,0.49545698391464765,495.45698391464765,495.45698391464765,5.872960911049551,5872.960911049551,0.7337272315949847,733.7272315949847,0.7337272315949847,733.7272315949847,unique_exposed_swept_capsule_mass,throughput_acquisition_density
E,10.0,78.53981633974483,2.5,4.908738521234052,4.908738521234052,0.1,1.0,0.4,0.4 g/cm^3,90.52631578947367,3600.0,25.14619883040935,62.865497076023374,derived_from_throughput,0.800428368766257,8.00428368766257,3.9473684210526314,3.1595856661825934,31.595856661825934,1.2638342664730373,7.8989641654564835,12.807702686690536,0.49087385212340523,0.49087385212340523,0.7898964165456483,1.2807702686690536,0.1963495408493621,196.34954084936209,0.3159585666182594,315.9585666182594,0.5123081074676215,512.3081074676214,512.3081074676214,6.20383194829178,6203.8319482917805,0.7750639770369556,775.0639770369556,0.7750639770369556,775.0639770369556,unique_exposed_swept_capsule_mass,throughput_acquisition_density
E,10.0,78.53981633974483,2.5,4.908738521234052,4.908738521234052,0.1,1.0,0.4,0.4 g/cm^3,90.52631578947367,3600.0,25.14619883040935,62.865497076023374,derived_from_throughput,0.800428368766257,8.00428368766257,4.157894736842105,3.328096901712332,33.28096901712332,1.3312387606849327,8.32024225428083,13.22898077551488,0.49087385212340523,0.49087385212340523,0.832024225428083,1.3228980775514882,0.1963495408493621,196.34954084936209,0.3328096901712332,332.80969017123317,0.5291592310205954,529.1592310205954,529.1592310205954,6.534702985534008,6534.702985534009,0.8164007224789266,816.4007224789266,0.8164007224789266,816.4007224789266,unique_exposed_swept_capsule_mass,throughput_acquisition_density
E,10.0,78.53981633974483,2.5,4.908738521234052,4.908738521234052,0.1,1.0,0.4,0.4 g/cm^3,90.52631578947367,3600.0,25.14619883040935,62.865497076023374,derived_from_throughput,0.800428368766257,8.00428368766257,4.368421052631579,3.49660813724207,34.966081372420696,1.398643254896828,8.741520343105174,13.650258864339225,0.49087385212340523,0.49087385212340523,0.8741520343105175,1.3650258864339226,0.1963495408493621,196.34954084936209,0.349660813724207,349.660813724207,0.5460103545735691,546.0103545735691,546.0103545735691,6.8655740227762365,6865.574022776236,0.8577374679208976,857.7374679208975,0.8577374679208976,857.7374679208975,unique_exposed_swept_capsule_mass,throughput_acquisition_density
E,10.0,78.53981633974483,2.5,4.908738521234052,4.908738521234052,0.1,1.0,0.4,0.4 g/cm^3,90.52631578947367,3600.0,25.14619883040935,62.865497076023374,derived_from_throughput,0.800428368766257,8.00428368766257,4.578947368421052,3.665119372771808,36.65119372771808,1.4660477491087232,9.16279843192952,14.071536953163573,0.49087385212340523,0.49087385212340523,0.9162798431929521,1.4071536953163575,0.1963495408493621,196.34954084936209,0.36651193727718084,366.51193727718083,0.562861478126543,562.8614781265429,562.8614781265429,7.196445060018465,7196.445060018465,0.8990742133628685,899.0742133628685,0.8990742133628685,899.0742133628685,unique_exposed_swept_capsule_mass,throughput_acquisition_density
E,10.0,78.53981633974483,2.5,4.908738521234052,4.908738521234052,0.1,1.0,0.4,0.4 g/cm^3,90.52631578947367,3600.0,25.14619883040935,62.865497076023374,derived_from_throughput,0.800428368766257,8.00428368766257,4.789473684210526,3.8336306083015463,38.336306083015465,1.5334522433206186,9.584076520753866,14.492815041987917,0.49087385212340523,0.49087385212340523,0.9584076520753867,1.4492815041987919,0.1963495408493621,196.34954084936209,0.3833630608301547,383.3630608301547,0.5797126016795168,579.7126016795168,579.7126016795168,7.527316097260693,7527.316097260693,0.9404109588048394,940.4109588048394,0.9404109588048394,940.4109588048394,unique_exposed_swept_capsule_mass,throughput_acquisition_density
E,10.0,78.53981633974483,2.5,4.908738521234052,4.908738521234052,0.1,1.0,0.4,0.4 g/cm^3,90.52631578947367,3600.0,25.14619883040935,62.865497076023374,derived_from_throughput,0.800428368766257,8.00428368766257,5.0,4.002141843831285,40.02141843831285,1.600856737532514,10.005354609578212,14.914093130812265,0.49087385212340523,0.49087385212340523,1.0005354609578212,1.4914093130812267,0.1963495408493621,196.34954084936209,0.4002141843831285,400.2141843831285,0.5965637252324907,596.5637252324907,596.5637252324907,7.858187134502922,7858.187134502922,0.9817477042468105,981.7477042468105,0.9817477042468105,981.7477042468105,unique_exposed_swept_capsule_mass,throughput_acquisition_density
E,10.0,78.53981633974483,2.5,4.908738521234052,4.908738521234052,0.1,1.0,0.4,0.4 g/cm^3,95.26315789473684,3600.0,26.461988304093566,66.15497076023391,derived_from_throughput,0.8423112485272822,8.423112485272823,1.0,0.8423112485272822,8.423112485272823,0.3369244994109129,2.1057781213182056,7.014516642552257,0.49087385212340523,0.49087385212340523,0.21057781213182059,0.7014516642552258,0.1963495408493621,196.34954084936209,0.08423112485272824,84.23112485272824,0.28058066570209034,280.58066570209036,280.58066570209036,1.6538742690058479,1653.874269005848,0.1963495408493621,196.34954084936209,0.1963495408493621,196.34954084936209,unique_exposed_swept_capsule_mass,throughput_acquisition_density
E,10.0,78.53981633974483,2.5,4.908738521234052,4.908738521234052,0.1,1.0,0.4,0.4 g/cm^3,95.26315789473684,3600.0,26.461988304093566,66.15497076023391,derived_from_throughput,0.8423112485272822,8.423112485272823,1.2105263157894737,1.0196399324277627,10.196399324277628,0.4078559729711051,2.549099831069407,7.457838352303459,0.49087385212340523,0.49087385212340523,0.25490998310694074,0.745783835230346,0.1963495408493621,196.34954084936209,0.1019639932427763,101.9639932427763,0.2983135340921384,298.3135340921384,298.3135340921384,2.002058325638658,2002.058325638658,0.23768628629133307,237.68628629133306,0.23768628629133307,237.68628629133306,unique_exposed_swept_capsule_mass,throughput_acquisition_density
E,10.0,78.53981633974483,2.5,4.908738521234052,4.908738521234052,0.1,1.0,0.4,0.4 g/cm^3,95.26315789473684,3600.0,26.461988304093566,66.15497076023391,derived_from_throughput,0.8423112485272822,8.423112485272823,1.4210526315789473,1.1969686163282431,11.969686163282432,0.47878744653129723,2.992421540820608,7.90116006205466,0.49087385212340523,0.49087385212340523,0.29924215408206084,0.7901160062054661,0.1963495408493621,196.34954084936209,0.11969686163282434,119.69686163282434,0.31604640248218646,316.04640248218647,316.04640248218647,2.350242382271468,2350.242382271468,0.279023031733304,279.023031733304,0.279023031733304,279.023031733304,unique_exposed_swept_capsule_mass,throughput_acquisition_density
E,10.0,78.53981633974483,2.5,4.908738521234052,4.908738521234052,0.1,1.0,0.4,0.4 g/cm^3,95.26315789473684,3600.0,26.461988304093566,66.15497076023391,derived_from_throughput,0.8423112485272822,8.423112485272823,1.631578947368421,1.3742973002287235,13.742973002287236,0.5497189200914894,3.435743250571809,8.34448177180586,0.49087385212340523,0.49087385212340523,0.34357432505718094,0.8344481771805861,0.1963495408493621,196.34954084936209,0.13742973002287237,137.42973002287238,0.33377927087223447,333.77927087223446,333.77927087223446,2.6984264389042782,2698.4264389042783,0.320359777175275,320.359777175275,0.320359777175275,320.359777175275,unique_exposed_swept_capsule_mass,throughput_acquisition_density
E,10.0,78.53981633974483,2.5,4.908738521234052,4.908738521234052,0.1,1.0,0.4,0.4 g/cm^3,95.26315789473684,3600.0,26.461988304093566,66.15497076023391,derived_from_throughput,0.8423112485272822,8.423112485272823,1.8421052631578947,1.5516259841292042,15.516259841292042,0.6206503936516816,3.8790649603230105,8.787803481557063,0.49087385212340523,0.49087385212340523,0.3879064960323011,0.8787803481557064,0.1963495408493621,196.34954084936209,0.15516259841292046,155.16259841292046,0.3515121392622826,351.5121392622826,351.5121392622826,3.046610495537088,3046.610495537088,0.36169652261724594,361.69652261724593,0.36169652261724594,361.69652261724593,unique_exposed_swept_capsule_mass,throughput_acquisition_density
E,10.0,78.53981633974483,2.5,4.908738521234052,4.908738521234052,0.1,1.0,0.4,0.4 g/cm^3,95.26315789473684,3600.0,26.461988304093566,66.15497076023391,derived_from_throughput,0.8423112485272822,8.423112485272823,2.052631578947368,1.7289546680296843,17.289546680296844,0.6915818672118738,4.322386670074211,9.231125191308262,0.49087385212340523,0.49087385212340523,0.43223866700742114,0.9231125191308263,0.1963495408493621,196.34954084936209,0.17289546680296847,172.89546680296846,0.36924500765233054,369.2450076523305,369.2450076523305,3.394794552169898,3394.794552169898,0.4030332680592169,403.03326805921694,0.4030332680592169,403.03326805921694,unique_exposed_swept_capsule_mass,throughput_acquisition_density
E,10.0,78.53981633974483,2.5,4.908738521234052,4.908738521234052,0.1,1.0,0.4,0.4 g/cm^3,95.26315789473684,3600.0,26.461988304093566,66.15497076023391,derived_from_throughput,0.8423112485272822,8.423112485272823,2.263157894736842,1.906283351930165,19.06283351930165,0.762513340772066,4.765708379825412,9.674446901059465,0.49087385212340523,0.49087385212340523,0.47657083798254124,0.9674446901059466,0.1963495408493621,196.34954084936209,0.1906283351930165,190.6283351930165,0.38697787604237865,386.9778760423787,386.9778760423787,3.742978608802708,3742.978608802708,0.4443700135011879,444.3700135011879,0.4443700135011879,444.3700135011879,unique_exposed_swept_capsule_mass,throughput_acquisition_density
E,10.0,78.53981633974483,2.5,4.908738521234052,4.908738521234052,0.1,1.0,0.4,0.4 g/cm^3,95.26315789473684,3600.0,26.461988304093566,66.15497076023391,derived_from_throughput,0.8423112485272822,8.423112485272823,2.473684210526316,2.0836120358306456,20.836120358306456,0.8334448143322583,5.209030089576614,10.117768610810666,0.49087385212340523,0.49087385212340523,0.5209030089576614,1.0117768610810667,0.1963495408493621,196.34954084936209,0.20836120358306456,208.36120358306457,0.4047107444324267,404.71074443242674,404.71074443242674,4.091162665435519,4091.1626654355186,0.4857067589431589,485.7067589431589,0.4857067589431589,485.7067589431589,unique_exposed_swept_capsule_mass,throughput_acquisition_density
E,10.0,78.53981633974483,2.5,4.908738521234052,4.908738521234052,0.1,1.0,0.4,0.4 g/cm^3,95.26315789473684,3600.0,26.461988304093566,66.15497076023391,derived_from_throughput,0.8423112485272822,8.423112485272823,2.6842105263157894,2.260940719731126,22.60940719731126,0.9043762878924504,5.652351799327815,10.561090320561867,0.49087385212340523,0.49087385212340523,0.5652351799327815,1.0561090320561868,0.1963495408493621,196.34954084936209,0.2260940719731126,226.0940719731126,0.4224436128224747,422.44361282247473,422.44361282247473,4.439346722068328,4439.346722068328,0.5270435043851298,527.0435043851298,0.5270435043851298,527.0435043851298,unique_exposed_swept_capsule_mass,throughput_acquisition_density
E,10.0,78.53981633974483,2.5,4.908738521234052,4.908738521234052,0.1,1.0,0.4,0.4 g/cm^3,95.26315789473684,3600.0,26.461988304093566,66.15497076023391,derived_from_throughput,0.8423112485272822,8.423112485272823,2.894736842105263,2.4382694036316064,24.382694036316064,0.9753077614526425,6.095673509079016,11.004412030313068,0.49087385212340523,0.49087385212340523,0.6095673509079016,1.1004412030313069,0.1963495408493621,196.34954084936209,0.24382694036316066,243.82694036316067,0.4401764812125228,440.1764812125228,440.1764812125228,4.787530778701138,4787.530778701138,0.5683802498271008,568.3802498271008,0.5683802498271008,568.3802498271008,unique_exposed_swept_capsule_mass,throughput_acquisition_density
E,10.0,78.53981633974483,2.5,4.908738521234052,4.908738521234052,0.1,1.0,0.4,0.4 g/cm^3,95.26315789473684,3600.0,26.461988304093566,66.15497076023391,derived_from_throughput,0.8423112485272822,8.423112485272823,3.1052631578947367,2.615598087532087,26.155980875320868,1.0462392350128347,6.538995218830217,11.447733740064269,0.49087385212340523,0.49087385212340523,0.6538995218830217,1.144773374006427,0.1963495408493621,196.34954084936209,0.26155980875320867,261.55980875320864,0.4579093496025708,457.9093496025708,457.9093496025708,5.135714835333949,5135.714835333949,0.6097169952690717,609.7169952690717,0.6097169952690717,609.7169952690717,unique_exposed_swept_capsule_mass,throughput_acquisition_density
E,10.0,78.53981633974483,2.5,4.908738521234052,4.908738521234052,0.1,1.0,0.4,0.4 g/cm^3,95.26315789473684,3600.0,26.461988304093566,66.15497076023391,derived_from_throughput,0.8423112485272822,8.423112485272823,3.3157894736842106,2.7929267714325676,27.929267714325675,1.1171707085730271,6.982316928581419,11.891055449815472,0.49087385212340523,0.49087385212340523,0.6982316928581419,1.1891055449815473,0.1963495408493621,196.34954084936209,0.2792926771432568,279.2926771432568,0.47564221799261897,475.64221799261895,475.64221799261895,5.483898891966759,5483.898891966759,0.6510537407110427,651.0537407110427,0.6510537407110427,651.0537407110427,unique_exposed_swept_capsule_mass,throughput_acquisition_density
E,10.0,78.53981633974483,2.5,4.908738521234052,4.908738521234052,0.1,1.0,0.4,0.4 g/cm^3,95.26315789473684,3600.0,26.461988304093566,66.15497076023391,derived_from_throughput,0.8423112485272822,8.423112485272823,3.526315789473684,2.9702554553330476,29.702554553330476,1.188102182133219,7.425638638332619,12.334377159566671,0.49087385212340523,0.49087385212340523,0.7425638638332619,1.2334377159566672,0.1963495408493621,196.34954084936209,0.2970255455333048,297.0255455333048,0.4933750863826669,493.3750863826669,493.3750863826669,5.832082948599568,5832.082948599568,0.6923904861530137,692.3904861530137,0.6923904861530137,692.3904861530137,unique_exposed_swept_capsule_mass,throughput_acquisition_density
E,10.0,78.53981633974483,2.5,4.908738521234052,4.908738521234052,0.1,1.0,0.4,0.4 g/cm^3,95.26315789473684,3600.0,26.461988304093566,66.15497076023391,derived_from_throughput,0.8423112485272822,8.423112485272823,3.7368421052631575,3.147584139233528,31.47584139233528,1.2590336556934112,7.86896034808382,12.777698869317872,0.49087385212340523,0.49087385212340523,0.786896034808382,1.2777698869317873,0.1963495408493621,196.34954084936209,0.3147584139233528,314.7584139233528,0.511107954772715,511.107954772715,511.107954772715,6.180267005232379,6180.267005232378,0.7337272315949847,733.7272315949847,0.7337272315949847,733.7272315949847,unique_exposed_swept_capsule_mass,throughput_acquisition_density
E,10.0,78.53981633974483,2.5,4.908738521234052,4.908738521234052,0.1,1.0,0.4,0.4 g/cm^3,95.26315789473684,3600.0,26.461988304093566,66.15497076023391,derived_from_throughput,0.8423112485272822,8.423112485272823,3.9473684210526314,3.324912823134009,33.24912823134009,1.3299651292536034,8.312282057835022,13.221020579069073,0.49087385212340523,0.49087385212340523,0.8312282057835022,1.3221020579069074,0.1963495408493621,196.34954084936209,0.3324912823134009,332.4912823134009,0.5288408231627629,528.840823162763,528.840823162763,6.528451061865189,6528.451061865189,0.7750639770369556,775.0639770369556,0.7750639770369556,775.0639770369556,unique_exposed_swept_capsule_mass,throughput_acquisition_density
E,10.0,78.53981633974483,2.5,4.908738521234052,4.908738521234052,0.1,1.0,0.4,0.4 g/cm^3,95.26315789473684,3600.0,26.461988304093566,66.15497076023391,derived_from_throughput,0.8423112485272822,8.423112485272823,4.157894736842105,3.502241507034489,35.02241507034489,1.4008966028137957,8.755603767586223,13.664342288820276,0.49087385212340523,0.49087385212340523,0.8755603767586223,1.3664342288820277,0.1963495408493621,196.34954084936209,0.3502241507034489,350.2241507034489,0.5465736915528111,546.573691552811,546.573691552811,6.876635118497999,6876.635118497999,0.8164007224789266,816.4007224789266,0.8164007224789266,816.4007224789266,unique_exposed_swept_capsule_mass,throughput_acquisition_density
E,10.0,78.53981633974483,2.5,4.908738521234052,4.908738521234052,0.1,1.0,0.4,0.4 g/cm^3,95.26315789473684,3600.0,26.461988304093566,66.15497076023391,derived_from_throughput,0.8423112485272822,8.423112485272823,4.368421052631579,3.6795701909349696,36.795701909349695,1.471828076373988,9.198925477337424,14.107663998571475,0.49087385212340523,0.49087385212340523,0.9198925477337424,1.4107663998571476,0.1963495408493621,196.34954084936209,0.367957019093497,367.95701909349697,0.564306559942859,564.306559942859,564.306559942859,7.224819175130809,7224.819175130809,0.8577374679208976,857.7374679208975,0.8577374679208976,857.7374679208975,unique_exposed_swept_capsule_mass,throughput_acquisition_density
E,10.0,78.53981633974483,2.5,4.908738521234052,4.908738521234052,0.1,1.0,0.4,0.4 g/cm^3,95.26315789473684,3600.0,26.461988304093566,66.15497076023391,derived_from_throughput,0.8423112485272822,8.423112485272823,4.578947368421052,3.85689887483545,38.5689887483545,1.54275954993418,9.642247187088625,14.550985708322678,0.49087385212340523,0.49087385212340523,0.9642247187088625,1.455098570832268,0.1963495408493621,196.34954084936209,0.38568988748354505,385.689887483545,0.5820394283329072,582.0394283329073,582.0394283329073,7.573003231763619,7573.003231763619,0.8990742133628685,899.0742133628685,0.8990742133628685,899.0742133628685,unique_exposed_swept_capsule_mass,throughput_acquisition_density
E,10.0,78.53981633974483,2.5,4.908738521234052,4.908738521234052,0.1,1.0,0.4,0.4 g/cm^3,95.26315789473684,3600.0,26.461988304093566,66.15497076023391,derived_from_throughput,0.8423112485272822,8.423112485272823,4.789473684210526,4.03422755873593,40.342275587359296,1.613691023494372,10.085568896839824,14.994307418073877,0.49087385212340523,0.49087385212340523,1.0085568896839825,1.4994307418073878,0.1963495408493621,196.34954084936209,0.403422755873593,403.422755873593,0.5997722967229552,599.7722967229552,599.7722967229552,7.921187288396428,7921.187288396428,0.9404109588048394,940.4109588048394,0.9404109588048394,940.4109588048394,unique_exposed_swept_capsule_mass,throughput_acquisition_density
E,10.0,78.53981633974483,2.5,4.908738521234052,4.908738521234052,0.1,1.0,0.4,0.4 g/cm^3,95.26315789473684,3600.0,26.461988304093566,66.15497076023391,derived_from_throughput,0.8423112485272822,8.423112485272823,5.0,4.211556242636411,42.115562426364114,1.6846224970545645,10.528890606591029,15.43762912782508,0.49087385212340523,0.49087385212340523,1.0528890606591028,1.543762912782508,0.1963495408493621,196.34954084936209,0.42115562426364117,421.1556242636412,0.6175051651130032,617.5051651130033,617.5051651130033,8.269371345029239,8269.371345029238,0.9817477042468105,981.7477042468105,0.9817477042468105,981.7477042468105,unique_exposed_swept_capsule_mass,throughput_acquisition_density
E,10.0,78.53981633974483,2.5,4.908738521234052,4.908738521234052,0.1,1.0,0.4,0.4 g/cm^3,100.0,3600.0,27.77777777777778,69.44444444444444,derived_from_throughput,0.8841941282883073,8.841941282883074,1.0,0.8841941282883073,8.841941282883074,0.3536776513153229,2.2104853207207684,7.11922384195482,0.49087385212340523,0.49087385212340523,0.22104853207207686,0.711922384195482,0.1963495408493621,196.34954084936209,0.08841941282883076,88.41941282883076,0.2847689536781928,284.7689536781928,284.7689536781928,1.7361111111111112,1736.111111111111,0.1963495408493621,196.34954084936209,0.1963495408493621,196.34954084936209,unique_exposed_swept_capsule_mass,throughput_acquisition_density
E,10.0,78.53981633974483,2.5,4.908738521234052,4.908738521234052,0.1,1.0,0.4,0.4 g/cm^3,100.0,3600.0,27.77777777777778,69.44444444444444,derived_from_throughput,0.8841941282883073,8.841941282883074,1.2105263157894737,1.07034026055953,10.7034026055953,0.428136104223812,2.675850651398825,7.584589172632877,0.49087385212340523,0.49087385212340523,0.2675850651398825,0.7584589172632877,0.1963495408493621,196.34954084936209,0.10703402605595301,107.034026055953,0.3033835669053151,303.3835669053151,303.3835669053151,2.101608187134503,2101.608187134503,0.23768628629133307,237.68628629133306,0.23768628629133307,237.68628629133306,unique_exposed_swept_capsule_mass,throughput_acquisition_density
E,10.0,78.53981633974483,2.5,4.908738521234052,4.908738521234052,0.1,1.0,0.4,0.4 g/cm^3,100.0,3600.0,27.77777777777778,69.44444444444444,derived_from_throughput,0.8841941282883073,8.841941282883074,1.4210526315789473,1.2564863928307526,12.564863928307526,0.5025945571323011,3.1412159820768815,8.049954503310934,0.49087385212340523,0.49087385212340523,0.31412159820768815,0.8049954503310934,0.1963495408493621,196.34954084936209,0.12564863928307526,125.64863928307527,0.3219981801324374,321.9981801324374,321.9981801324374,2.4671052631578947,2467.1052631578946,0.279023031733304,279.023031733304,0.279023031733304,279.023031733304,unique_exposed_swept_capsule_mass,throughput_acquisition_density
E,10.0,78.53981633974483,2.5,4.908738521234052,4.908738521234052,0.1,1.0,0.4,0.4 g/cm^3,100.0,3600.0,27.77777777777778,69.44444444444444,derived_from_throughput,0.8841941282883073,8.841941282883074,1.631578947368421,1.4426325251019751,14.426325251019751,0.57705301004079,3.6065813127549378,8.51531983398899,0.49087385212340523,0.49087385212340523,0.3606581312754938,0.851531983398899,0.1963495408493621,196.34954084936209,0.14426325251019753,144.26325251019753,0.34061279335955963,340.61279335955965,340.61279335955965,2.8326023391812867,2832.602339181287,0.320359777175275,320.359777175275,0.320359777175275,320.359777175275,unique_exposed_swept_capsule_mass,throughput_acquisition_density
E,10.0,78.53981633974483,2.5,4.908738521234052,4.908738521234052,0.1,1.0,0.4,0.4 g/cm^3,100.0,3600.0,27.77777777777778,69.44444444444444,derived_from_throughput,0.8841941282883073,8.841941282883074,1.8421052631578947,1.6287786573731977,16.287786573731978,0.6515114629492791,4.0719466434329945,8.980685164667047,0.49087385212340523,0.49087385212340523,0.4071946643432995,0.8980685164667048,0.1963495408493621,196.34954084936209,0.1628778657373198,162.8778657373198,0.35922740658668195,359.227406586682,359.227406586682,3.198099415204678,3198.0994152046783,0.36169652261724594,361.69652261724593,0.36169652261724594,361.69652261724593,unique_exposed_swept_capsule_mass,throughput_acquisition_density
E,10.0,78.53981633974483,2.5,4.908738521234052,4.908738521234052,0.1,1.0,0.4,0.4 g/cm^3,100.0,3600.0,27.77777777777778,69.44444444444444,derived_from_throughput,0.8841941282883073,8.841941282883074,2.052631578947368,1.81492478964442,18.1492478964442,0.725969915857768,4.53731197411105,9.446050495345101,0.49087385212340523,0.49087385212340523,0.45373119741110507,0.9446050495345102,0.1963495408493621,196.34954084936209,0.18149247896444204,181.49247896444203,0.3778420198138041,377.8420198138041,377.8420198138041,3.5635964912280698,3563.5964912280697,0.4030332680592169,403.03326805921694,0.4030332680592169,403.03326805921694,unique_exposed_swept_capsule_mass,throughput_acquisition_density
E,10.0,78.53981633974483,2.5,4.908738521234052,4.908738521234052,0.1,1.0,0.4,0.4 g/cm^3,100.0,3600.0,27.77777777777778,69.44444444444444,derived_from_throughput,0.8841941282883073,8.841941282883074,2.263157894736842,2.001070921915643,20.01070921915643,0.8004283687662571,5.002677304789107,9.911415826023159,0.49087385212340523,0.49087385212340523,0.5002677304789107,0.991141582602316,0.1963495408493621,196.34954084936209,0.2001070921915643,200.1070921915643,0.39645663304092643,396.4566330409264,396.4566330409264,3.929093567251462,3929.093567251462,0.4443700135011879,444.3700135011879,0.4443700135011879,444.3700135011879,unique_exposed_swept_capsule_mass,throughput_acquisition_density
E,10.0,78.53981633974483,2.5,4.908738521234052,4.908738521234052,0.1,1.0,0.4,0.4 g/cm^3,100.0,3600.0,27.77777777777778,69.44444444444444,derived_from_throughput,0.8841941282883073,8.841941282883074,2.473684210526316,2.1872170541868656,21.872170541868655,0.8748868216747463,5.468042635467164,10.376781156701217,0.49087385212340523,0.49087385212340523,0.5468042635467164,1.0376781156701218,0.1963495408493621,196.34954084936209,0.21872170541868657,218.72170541868658,0.41507124626804875,415.07124626804875,415.07124626804875,4.294590643274854,4294.590643274854,0.4857067589431589,485.7067589431589,0.4857067589431589,485.7067589431589,unique_exposed_swept_capsule_mass,throughput_acquisition_density
E,10.0,78.53981633974483,2.5,4.908738521234052,4.908738521234052,0.1,1.0,0.4,0.4 g/cm^3,100.0,3600.0,27.77777777777778,69.44444444444444,derived_from_throughput,0.8841941282883073,8.841941282883074,2.6842105263157894,2.373363186458088,23.73363186458088,0.9493452745832351,5.93340796614522,10.84214648737927,0.49087385212340523,0.49087385212340523,0.593340796614522,1.0842146487379272,0.1963495408493621,196.34954084936209,0.2373363186458088,237.3363186458088,0.4336858594951709,433.6858594951709,433.6858594951709,4.660087719298246,4660.087719298246,0.5270435043851298,527.0435043851298,0.5270435043851298,527.0435043851298,unique_exposed_swept_capsule_mass,throughput_acquisition_density
E,10.0,78.53981633974483,2.5,4.908738521234052,4.908738521234052,0.1,1.0,0.4,0.4 g/cm^3,100.0,3600.0,27.77777777777778,69.44444444444444,derived_from_throughput,0.8841941282883073,8.841941282883074,2.894736842105263,2.5595093187293103,25.595093187293102,1.0238037274917242,6.398773296823276,11.307511818057328,0.49087385212340523,0.49087385212340523,0.6398773296823276,1.130751181805733,0.1963495408493621,196.34954084936209,0.25595093187293105,255.95093187293105,0.45230047272229323,452.30047272229325,452.30047272229325,5.025584795321637,5025.584795321637,0.5683802498271008,568.3802498271008,0.5683802498271008,568.3802498271008,unique_exposed_swept_capsule_mass,throughput_acquisition_density
E,10.0,78.53981633974483,2.5,4.908738521234052,4.908738521234052,0.1,1.0,0.4,0.4 g/cm^3,100.0,3600.0,27.77777777777778,69.44444444444444,derived_from_throughput,0.8841941282883073,8.841941282883074,3.1052631578947367,2.745655451000533,27.456554510005333,1.0982621804002133,6.864138627501333,11.772877148735386,0.49087385212340523,0.49087385212340523,0.6864138627501334,1.1772877148735386,0.1963495408493621,196.34954084936209,0.2745655451000534,274.5655451000534,0.47091508594941545,470.91508594941547,470.91508594941547,5.391081871345029,5391.081871345029,0.6097169952690717,609.7169952690717,0.6097169952690717,609.7169952690717,unique_exposed_swept_capsule_mass,throughput_acquisition_density
E,10.0,78.53981633974483,2.5,4.908738521234052,4.908738521234052,0.1,1.0,0.4,0.4 g/cm^3,100.0,3600.0,27.77777777777778,69.44444444444444,derived_from_throughput,0.8841941282883073,8.841941282883074,3.3157894736842106,2.931801583271756,29.31801583271756,1.1727206333087024,7.32950395817939,12.238242479413442,0.49087385212340523,0.49087385212340523,0.7329503958179391,1.2238242479413444,0.1963495408493621,196.34954084936209,0.29318015832717564,293.18015832717566,0.48952969917653777,489.52969917653775,489.52969917653775,5.756578947368421,5756.578947368421,0.6510537407110427,651.0537407110427,0.6510537407110427,651.0537407110427,unique_exposed_swept_capsule_mass,throughput_acquisition_density
E,10.0,78.53981633974483,2.5,4.908738521234052,4.908738521234052,0.1,1.0,0.4,0.4 g/cm^3,100.0,3600.0,27.77777777777778,69.44444444444444,derived_from_throughput,0.8841941282883073,8.841941282883074,3.526315789473684,3.1179477155429782,31.179477155429783,1.2471790862171912,7.794869288857446,12.703607810091498,0.49087385212340523,0.49087385212340523,0.7794869288857447,1.27036078100915,0.1963495408493621,196.34954084936209,0.3117947715542979,311.79477155429794,0.50814431240366,508.14431240365997,508.14431240365997,6.122076023391813,6122.076023391813,0.6923904861530137,692.3904861530137,0.6923904861530137,692.3904861530137,unique_exposed_swept_capsule_mass,throughput_acquisition_density
E,10.0,78.53981633974483,2.5,4.908738521234052,4.908738521234052,0.1,1.0,0.4,0.4 g/cm^3,100.0,3600.0,27.77777777777778,69.44444444444444,derived_from_throughput,0.8841941282883073,8.841941282883074,3.7368421052631575,3.304093847814201,33.04093847814201,1.3216375391256805,8.260234619535503,13.168973140769555,0.49087385212340523,0.49087385212340523,0.8260234619535503,1.3168973140769555,0.1963495408493621,196.34954084936209,0.3304093847814201,330.4093847814201,0.5267589256307822,526.7589256307822,526.7589256307822,6.487573099415204,6487.5730994152045,0.7337272315949847,733.7272315949847,0.7337272315949847,733.7272315949847,unique_exposed_swept_capsule_mass,throughput_acquisition_density
E,10.0,78.53981633974483,2.5,4.908738521234052,4.908738521234052,0.1,1.0,0.4,0.4 g/cm^3,100.0,3600.0,27.77777777777778,69.44444444444444,derived_from_throughput,0.8841941282883073,8.841941282883074,3.9473684210526314,3.490239980085424,34.90239980085424,1.3960959920341696,8.72559995021356,13.634338471447613,0.49087385212340523,0.49087385212340523,0.8725599950213561,1.3634338471447613,0.1963495408493621,196.34954084936209,0.34902399800854245,349.02399800854243,0.5453735388579045,545.3735388579045,545.3735388579045,6.853070175438597,6853.070175438596,0.7750639770369556,775.0639770369556,0.7750639770369556,775.0639770369556,unique_exposed_swept_capsule_mass,throughput_acquisition_density
E,10.0,78.53981633974483,2.5,4.908738521234052,4.908738521234052,0.1,1.0,0.4,0.4 g/cm^3,100.0,3600.0,27.77777777777778,69.44444444444444,derived_from_throughput,0.8841941282883073,8.841941282883074,4.157894736842105,3.6763861123566466,36.763861123566464,1.4705544449426586,9.190965280891616,14.099703802125667,0.49087385212340523,0.49087385212340523,0.9190965280891616,1.4099703802125667,0.1963495408493621,196.34954084936209,0.36763861123566466,367.63861123566465,0.5639881520850267,563.9881520850267,563.9881520850267,7.218567251461988,7218.567251461988,0.8164007224789266,816.4007224789266,0.8164007224789266,816.4007224789266,unique_exposed_swept_capsule_mass,throughput_acquisition_density
E,10.0,78.53981633974483,2.5,4.908738521234052,4.908738521234052,0.1,1.0,0.4,0.4 g/cm^3,100.0,3600.0,27.77777777777778,69.44444444444444,derived_from_throughput,0.8841941282883073,8.841941282883074,4.368421052631579,3.862532244627869,38.62532244627869,1.5450128978511475,9.656330611569672,14.565069132803725,0.49087385212340523,0.49087385212340523,0.9656330611569672,1.4565069132803725,0.1963495408493621,196.34954084936209,0.3862532244627869,386.25322446278693,0.582602765312149,582.602765312149,582.602765312149,7.58406432748538,7584.06432748538,0.8577374679208976,857.7374679208975,0.8577374679208976,857.7374679208975,unique_exposed_swept_capsule_mass,throughput_acquisition_density
E,10.0,78.53981633974483,2.5,4.908738521234052,4.908738521234052,0.1,1.0,0.4,0.4 g/cm^3,100.0,3600.0,27.77777777777778,69.44444444444444,derived_from_throughput,0.8841941282883073,8.841941282883074,4.578947368421052,4.048678376899091,40.48678376899091,1.6194713507596366,10.121695942247728,15.030434463481779,0.49087385212340523,0.49087385212340523,1.0121695942247728,1.5030434463481779,0.1963495408493621,196.34954084936209,0.40486783768990914,404.86783768990915,0.6012173785392712,601.2173785392712,601.2173785392712,7.949561403508771,7949.561403508771,0.8990742133628685,899.0742133628685,0.8990742133628685,899.0742133628685,unique_exposed_swept_capsule_mass,throughput_acquisition_density
E,10.0,78.53981633974483,2.5,4.908738521234052,4.908738521234052,0.1,1.0,0.4,0.4 g/cm^3,100.0,3600.0,27.77777777777778,69.44444444444444,derived_from_throughput,0.8841941282883073,8.841941282883074,4.789473684210526,4.234824509170314,42.348245091703134,1.6939298036681254,10.587061272925784,15.495799794159836,0.49087385212340523,0.49087385212340523,1.0587061272925784,1.5495799794159837,0.1963495408493621,196.34954084936209,0.4234824509170314,423.48245091703143,0.6198319917663935,619.8319917663935,619.8319917663935,8.315058479532162,8315.058479532163,0.9404109588048394,940.4109588048394,0.9404109588048394,940.4109588048394,unique_exposed_swept_capsule_mass,throughput_acquisition_density
E,10.0,78.53981633974483,2.5,4.908738521234052,4.908738521234052,0.1,1.0,0.4,0.4 g/cm^3,100.0,3600.0,27.77777777777778,69.44444444444444,derived_from_throughput,0.8841941282883073,8.841941282883074,5.0,4.420970641441537,44.209706414415365,1.7683882565766147,11.052426603603841,15.961165124837894,0.49087385212340523,0.49087385212340523,1.1052426603603842,1.5961165124837895,0.1963495408493621,196.34954084936209,0.44209706414415373,442.0970641441537,0.6384466049935158,638.4466049935158,638.4466049935158,8.680555555555555,8680.555555555555,0.9817477042468105,981.7477042468105,0.9817477042468105,981.7477042468105,unique_exposed_swept_capsule_mass,throughput_acquisition_density
E,10.0,78.53981633974483,2.5,4.908738521234052,4.908738521234052,0.1,1.0,0.5,0.5 g/cm^3,10.0,3600.0,2.7777777777777777,5.555555555555555,derived_from_throughput,0.07073553026306459,0.7073553026306458,1.0,0.07073553026306459,0.7073553026306458,0.028294212105225834,0.17683882565766146,5.085577346891713,0.49087385212340523,0.49087385212340523,0.017683882565766147,0.5085577346891713,0.24543692606170261,245.43692606170262,0.008841941282883074,8.841941282883074,0.25427886734458566,254.27886734458565,254.27886734458565,0.1736111111111111,173.61111111111111,0.24543692606170261,245.43692606170262,0.24543692606170261,245.43692606170262,unique_exposed_swept_capsule_mass,throughput_acquisition_density
E,10.0,78.53981633974483,2.5,4.908738521234052,4.908738521234052,0.1,1.0,0.5,0.5 g/cm^3,10.0,3600.0,2.7777777777777777,5.555555555555555,derived_from_throughput,0.07073553026306459,0.7073553026306458,1.2105263157894737,0.0856272208447624,0.856272208447624,0.03425088833790496,0.214068052111906,5.122806573345958,0.49087385212340523,0.49087385212340523,0.0214068052111906,0.5122806573345958,0.24543692606170261,245.43692606170262,0.0107034026055953,10.7034026055953,0.2561403286672979,256.1403286672979,256.1403286672979,0.21016081871345027,210.16081871345028,0.2971078578641663,297.1078578641663,0.2971078578641663,297.1078578641663,unique_exposed_swept_capsule_mass,throughput_acquisition_density
E,10.0,78.53981633974483,2.5,4.908738521234052,4.908738521234052,0.1,1.0,0.5,0.5 g/cm^3,10.0,3600.0,2.7777777777777777,5.555555555555555,derived_from_throughput,0.07073553026306459,0.7073553026306458,1.4210526315789473,0.1005189114264602,1.0051891142646021,0.04020756457058408,0.25129727856615053,5.160035799800203,0.49087385212340523,0.49087385212340523,0.025129727856615054,0.5160035799800203,0.24543692606170261,245.43692606170262,0.012564863928307527,12.564863928307528,0.25800178999001017,258.00178999001014,258.00178999001014,0.24671052631578946,246.71052631578945,0.34877878966663,348.77878966663,0.34877878966663,348.77878966663,unique_exposed_swept_capsule_mass,throughput_acquisition_density
E,10.0,78.53981633974483,2.5,4.908738521234052,4.908738521234052,0.1,1.0,0.5,0.5 g/cm^3,10.0,3600.0,2.7777777777777777,5.555555555555555,derived_from_throughput,0.07073553026306459,0.7073553026306458,1.631578947368421,0.11541060200815802,1.1541060200815803,0.04616424080326321,0.28852650502039506,5.197265026254447,0.49087385212340523,0.49087385212340523,0.028852650502039508,0.5197265026254447,0.24543692606170261,245.43692606170262,0.014426325251019754,14.426325251019755,0.25986325131272237,259.86325131272235,259.86325131272235,0.28326023391812866,283.2602339181287,0.40044972146909374,400.44972146909373,0.40044972146909374,400.44972146909373,unique_exposed_swept_capsule_mass,throughput_acquisition_density
E,10.0,78.53981633974483,2.5,4.908738521234052,4.908738521234052,0.1,1.0,0.5,0.5 g/cm^3,10.0,3600.0,2.7777777777777777,5.555555555555555,derived_from_throughput,0.07073553026306459,0.7073553026306458,1.8421052631578947,0.13030229258985582,1.3030229258985582,0.05212091703594233,0.32575573147463954,5.234494252708691,0.49087385212340523,0.49087385212340523,0.032575573147463954,0.5234494252708691,0.24543692606170261,245.43692606170262,0.016287786573731977,16.287786573731978,0.26172471263543456,261.72471263543457,261.72471263543457,0.3198099415204678,319.8099415204678,0.4521206532715574,452.12065327155744,0.4521206532715574,452.12065327155744,unique_exposed_swept_capsule_mass,throughput_acquisition_density
E,10.0,78.53981633974483,2.5,4.908738521234052,4.908738521234052,0.1,1.0,0.5,0.5 g/cm^3,10.0,3600.0,2.7777777777777777,5.555555555555555,derived_from_throughput,0.07073553026306459,0.7073553026306458,2.052631578947368,0.1451939831715536,1.451939831715536,0.05807759326862144,0.362984957928884,5.271723479162936,0.49087385212340523,0.49087385212340523,0.0362984957928884,0.5271723479162936,0.24543692606170261,245.43692606170262,0.0181492478964442,18.1492478964442,0.2635861739581468,263.58617395814684,263.58617395814684,0.35635964912280693,356.35964912280696,0.5037915850740211,503.7915850740211,0.5037915850740211,503.7915850740211,unique_exposed_swept_capsule_mass,throughput_acquisition_density
E,10.0,78.53981633974483,2.5,4.908738521234052,4.908738521234052,0.1,1.0,0.5,0.5 g/cm^3,10.0,3600.0,2.7777777777777777,5.555555555555555,derived_from_throughput,0.07073553026306459,0.7073553026306458,2.263157894736842,0.16008567375325145,1.6008567375325145,0.06403426950130058,0.4002141843831286,5.30895270561718,0.49087385212340523,0.49087385212340523,0.04002141843831286,0.530895270561718,0.24543692606170261,245.43692606170262,0.02001070921915643,20.010709219156432,0.265447635280859,265.447635280859,265.447635280859,0.39290935672514615,392.90935672514615,0.5554625168764848,555.4625168764849,0.5554625168764848,555.4625168764849,unique_exposed_swept_capsule_mass,throughput_acquisition_density
E,10.0,78.53981633974483,2.5,4.908738521234052,4.908738521234052,0.1,1.0,0.5,0.5 g/cm^3,10.0,3600.0,2.7777777777777777,5.555555555555555,derived_from_throughput,0.07073553026306459,0.7073553026306458,2.473684210526316,0.17497736433494926,1.7497736433494926,0.06999094573397971,0.43744341083737315,5.346181932071425,0.49087385212340523,0.49087385212340523,0.043744341083737315,0.5346181932071425,0.24543692606170261,245.43692606170262,0.021872170541868657,21.87217054186866,0.2673090966035713,267.3090966035713,267.3090966035713,0.4294590643274854,429.45906432748535,0.6071334486789486,607.1334486789486,0.6071334486789486,607.1334486789486,unique_exposed_swept_capsule_mass,throughput_acquisition_density
E,10.0,78.53981633974483,2.5,4.908738521234052,4.908738521234052,0.1,1.0,0.5,0.5 g/cm^3,10.0,3600.0,2.7777777777777777,5.555555555555555,derived_from_throughput,0.07073553026306459,0.7073553026306458,2.6842105263157894,0.18986905491664705,1.8986905491664705,0.07594762196665882,0.4746726372916176,5.38341115852567,0.49087385212340523,0.49087385212340523,0.04746726372916177,0.5383411158525669,0.24543692606170261,245.43692606170262,0.023733631864580884,23.733631864580886,0.26917055792628347,269.1705579262835,269.1705579262835,0.46600877192982454,466.00877192982455,0.6588043804814122,658.8043804814122,0.6588043804814122,658.8043804814122,unique_exposed_swept_capsule_mass,throughput_acquisition_density
E,10.0,78.53981633974483,2.5,4.908738521234052,4.908738521234052,0.1,1.0,0.5,0.5 g/cm^3,10.0,3600.0,2.7777777777777777,5.555555555555555,derived_from_throughput,0.07073553026306459,0.7073553026306458,2.894736842105263,0.20476074549834483,2.0476074549834484,0.08190429819933794,0.5119018637458621,5.420640384979914,0.49087385212340523,0.49087385212340523,0.051190186374586215,0.5420640384979915,0.24543692606170261,245.43692606170262,0.025595093187293107,25.595093187293106,0.2710320192489957,271.0320192489957,271.0320192489957,0.5025584795321637,502.5584795321637,0.710475312283876,710.475312283876,0.710475312283876,710.475312283876,unique_exposed_swept_capsule_mass,throughput_acquisition_density
E,10.0,78.53981633974483,2.5,4.908738521234052,4.908738521234052,0.1,1.0,0.5,0.5 g/cm^3,10.0,3600.0,2.7777777777777777,5.555555555555555,derived_from_throughput,0.07073553026306459,0.7073553026306458,3.1052631578947367,0.21965243608004267,2.1965243608004266,0.08786097443201707,0.5491310902001066,5.457869611434159,0.49087385212340523,0.49087385212340523,0.05491310902001067,0.545786961143416,0.24543692606170261,245.43692606170262,0.027456554510005334,27.456554510005333,0.272893480571708,272.893480571708,272.893480571708,0.5391081871345029,539.1081871345029,0.7621462440863397,762.1462440863397,0.7621462440863397,762.1462440863397,unique_exposed_swept_capsule_mass,throughput_acquisition_density
E,10.0,78.53981633974483,2.5,4.908738521234052,4.908738521234052,0.1,1.0,0.5,0.5 g/cm^3,10.0,3600.0,2.7777777777777777,5.555555555555555,derived_from_throughput,0.07073553026306459,0.7073553026306458,3.3157894736842106,0.2345441266617405,2.3454412666174047,0.09381765066469619,0.5863603166543512,5.495098837888403,0.49087385212340523,0.49087385212340523,0.05863603166543512,0.5495098837888402,0.24543692606170261,245.43692606170262,0.02931801583271756,29.31801583271756,0.2747549418944201,274.75494189442014,274.75494189442014,0.5756578947368421,575.6578947368422,0.8138171758888034,813.8171758888034,0.8138171758888034,813.8171758888034,unique_exposed_swept_capsule_mass,throughput_acquisition_density
E,10.0,78.53981633974483,2.5,4.908738521234052,4.908738521234052,0.1,1.0,0.5,0.5 g/cm^3,10.0,3600.0,2.7777777777777777,5.555555555555555,derived_from_throughput,0.07073553026306459,0.7073553026306458,3.526315789473684,0.24943581724343827,2.494358172434383,0.09977432689737531,0.6235895431085957,5.532328064342647,0.49087385212340523,0.49087385212340523,0.062358954310859575,0.5532328064342648,0.24543692606170261,245.43692606170262,0.031179477155429788,31.179477155429787,0.2766164032171324,276.61640321713236,276.61640321713236,0.6122076023391813,612.2076023391812,0.865488107691267,865.488107691267,0.865488107691267,865.488107691267,unique_exposed_swept_capsule_mass,throughput_acquisition_density
E,10.0,78.53981633974483,2.5,4.908738521234052,4.908738521234052,0.1,1.0,0.5,0.5 g/cm^3,10.0,3600.0,2.7777777777777777,5.555555555555555,derived_from_throughput,0.07073553026306459,0.7073553026306458,3.7368421052631575,0.2643275078251361,2.643275078251361,0.10573100313005443,0.6608187695628402,5.569557290796892,0.49087385212340523,0.49087385212340523,0.06608187695628402,0.5569557290796893,0.24543692606170261,245.43692606170262,0.03304093847814201,33.04093847814201,0.27847786453984463,278.47786453984463,278.47786453984463,0.6487573099415204,648.7573099415204,0.9171590394937308,917.1590394937308,0.9171590394937308,917.1590394937308,unique_exposed_swept_capsule_mass,throughput_acquisition_density
E,10.0,78.53981633974483,2.5,4.908738521234052,4.908738521234052,0.1,1.0,0.5,0.5 g/cm^3,10.0,3600.0,2.7777777777777777,5.555555555555555,derived_from_throughput,0.07073553026306459,0.7073553026306458,3.9473684210526314,0.2792191984068339,2.792191984068339,0.11168767936273356,0.6980479960170848,5.606786517251137,0.49087385212340523,0.49087385212340523,0.06980479960170848,0.5606786517251137,0.24543692606170261,245.43692606170262,0.03490239980085424,34.90239980085424,0.28033932586255683,280.33932586255685,280.33932586255685,0.6853070175438596,685.3070175438596,0.9688299712961945,968.8299712961946,0.9688299712961945,968.8299712961946,unique_exposed_swept_capsule_mass,throughput_acquisition_density
E,10.0,78.53981633974483,2.5,4.908738521234052,4.908738521234052,0.1,1.0,0.5,0.5 g/cm^3,10.0,3600.0,2.7777777777777777,5.555555555555555,derived_from_throughput,0.07073553026306459,0.7073553026306458,4.157894736842105,0.2941108889885317,2.9411088898853173,0.11764435559541268,0.7352772224713293,5.644015743705381,0.49087385212340523,0.49087385212340523,0.07352772224713293,0.5644015743705382,0.24543692606170261,245.43692606170262,0.036763861123566464,36.763861123566464,0.2822007871852691,282.20078718526906,282.20078718526906,0.7218567251461988,721.8567251461988,1.0205009030986583,1020.5009030986582,1.0205009030986583,1020.5009030986582,unique_exposed_swept_capsule_mass,throughput_acquisition_density
E,10.0,78.53981633974483,2.5,4.908738521234052,4.908738521234052,0.1,1.0,0.5,0.5 g/cm^3,10.0,3600.0,2.7777777777777777,5.555555555555555,derived_from_throughput,0.07073553026306459,0.7073553026306458,4.368421052631579,0.30900257957022953,3.0900257957022954,0.12360103182809182,0.7725064489255739,5.681244970159626,0.49087385212340523,0.49087385212340523,0.0772506448925574,0.5681244970159626,0.24543692606170261,245.43692606170262,0.0386253224462787,38.6253224462787,0.2840622485079813,284.0622485079813,284.0622485079813,0.7584064327485379,758.4064327485379,1.072171834901122,1072.171834901122,1.072171834901122,1072.171834901122,unique_exposed_swept_capsule_mass,throughput_acquisition_density
E,10.0,78.53981633974483,2.5,4.908738521234052,4.908738521234052,0.1,1.0,0.5,0.5 g/cm^3,10.0,3600.0,2.7777777777777777,5.555555555555555,derived_from_throughput,0.07073553026306459,0.7073553026306458,4.578947368421052,0.3238942701519273,3.2389427015192727,0.1295577080607709,0.8097356753798182,5.718474196613871,0.49087385212340523,0.49087385212340523,0.08097356753798182,0.5718474196613871,0.24543692606170261,245.43692606170262,0.04048678376899091,40.48678376899091,0.28592370983069354,285.92370983069355,285.92370983069355,0.7949561403508771,794.9561403508771,1.1238427667035855,1123.8427667035855,1.1238427667035855,1123.8427667035855,unique_exposed_swept_capsule_mass,throughput_acquisition_density
E,10.0,78.53981633974483,2.5,4.908738521234052,4.908738521234052,0.1,1.0,0.5,0.5 g/cm^3,10.0,3600.0,2.7777777777777777,5.555555555555555,derived_from_throughput,0.07073553026306459,0.7073553026306458,4.789473684210526,0.3387859607336251,3.3878596073362512,0.13551438429345003,0.8469649018340628,5.755703423068114,0.49087385212340523,0.49087385212340523,0.08469649018340629,0.5755703423068115,0.24543692606170261,245.43692606170262,0.042348245091703145,42.34824509170314,0.28778517115340574,287.7851711534057,287.7851711534057,0.8315058479532162,831.5058479532163,1.1755136985060493,1175.5136985060492,1.1755136985060493,1175.5136985060492,unique_exposed_swept_capsule_mass,throughput_acquisition_density
E,10.0,78.53981633974483,2.5,4.908738521234052,4.908738521234052,0.1,1.0,0.5,0.5 g/cm^3,10.0,3600.0,2.7777777777777777,5.555555555555555,derived_from_throughput,0.07073553026306459,0.7073553026306458,5.0,0.3536776513153229,3.536776513153229,0.14147106052612918,0.8841941282883072,5.792932649522359,0.49087385212340523,0.49087385212340523,0.08841941282883073,0.5792932649522359,0.24543692606170261,245.43692606170262,0.044209706414415365,44.209706414415365,0.28964663247611794,289.64663247611793,289.64663247611793,0.8680555555555556,868.0555555555555,1.227184630308513,1227.184630308513,1.227184630308513,1227.184630308513,unique_exposed_swept_capsule_mass,throughput_acquisition_density
E,10.0,78.53981633974483,2.5,4.908738521234052,4.908738521234052,0.1,1.0,0.5,0.5 g/cm^3,14.736842105263158,3600.0,4.093567251461988,8.187134502923977,derived_from_throughput,0.10424183407188467,1.0424183407188468,1.0,0.10424183407188467,1.0424183407188468,0.04169673362875387,0.2606045851797117,5.169343106413764,0.49087385212340523,0.49087385212340523,0.02606045851797117,0.5169343106413764,0.24543692606170261,245.43692606170262,0.013030229258985586,13.030229258985585,0.2584671553206882,258.4671553206882,258.4671553206882,0.25584795321637427,255.84795321637426,0.24543692606170261,245.43692606170262,0.24543692606170261,245.43692606170262,unique_exposed_swept_capsule_mass,throughput_acquisition_density
E,10.0,78.53981633974483,2.5,4.908738521234052,4.908738521234052,0.1,1.0,0.5,0.5 g/cm^3,14.736842105263158,3600.0,4.093567251461988,8.187134502923977,derived_from_throughput,0.10424183407188467,1.0424183407188468,1.2105263157894737,0.12618748335017618,1.2618748335017618,0.050474993340070475,0.31546870837544044,5.224207229609492,0.49087385212340523,0.49087385212340523,0.031546870837544046,0.5224207229609492,0.24543692606170261,245.43692606170262,0.015773435418772023,15.773435418772022,0.2612103614804746,261.2103614804746,261.2103614804746,0.30971068020929515,309.71068020929516,0.2971078578641663,297.1078578641663,0.2971078578641663,297.1078578641663,unique_exposed_swept_capsule_mass,throughput_acquisition_density
E,10.0,78.53981633974483,2.5,4.908738521234052,4.908738521234052,0.1,1.0,0.5,0.5 g/cm^3,14.736842105263158,3600.0,4.093567251461988,8.187134502923977,derived_from_throughput,0.10424183407188467,1.0424183407188468,1.4210526315789473,0.1481331326284677,1.481331326284677,0.05925325305138708,0.37033283157116925,5.2790713528052216,0.49087385212340523,0.49087385212340523,0.037033283157116924,0.5279071352805221,0.24543692606170261,245.43692606170262,0.018516641578558462,18.516641578558463,0.26395356764026107,263.95356764026104,263.95356764026104,0.36357340720221604,363.57340720221606,0.34877878966663,348.77878966663,0.34877878966663,348.77878966663,unique_exposed_swept_capsule_mass,throughput_acquisition_density
E,10.0,78.53981633974483,2.5,4.908738521234052,4.908738521234052,0.1,1.0,0.5,0.5 g/cm^3,14.736842105263158,3600.0,4.093567251461988,8.187134502923977,derived_from_throughput,0.10424183407188467,1.0424183407188468,1.631578947368421,0.1700787819067592,1.700787819067592,0.06803151276270368,0.425196954766898,5.33393547600095,0.49087385212340523,0.49087385212340523,0.0425196954766898,0.533393547600095,0.24543692606170261,245.43692606170262,0.0212598477383449,21.259847738344902,0.2666967738000475,266.69677380004754,266.69677380004754,0.417436134195137,417.43613419513696,0.40044972146909374,400.44972146909373,0.40044972146909374,400.44972146909373,unique_exposed_swept_capsule_mass,throughput_acquisition_density
E,10.0,78.53981633974483,2.5,4.908738521234052,4.908738521234052,0.1,1.0,0.5,0.5 g/cm^3,14.736842105263158,3600.0,4.093567251461988,8.187134502923977,derived_from_throughput,0.10424183407188467,1.0424183407188468,1.8421052631578947,0.1920244311850507,1.920244311850507,0.07680977247402028,0.48006107796262676,5.388799599196679,0.49087385212340523,0.49087385212340523,0.04800610779626268,0.5388799599196679,0.24543692606170261,245.43692606170262,0.02400305389813134,24.00305389813134,0.26943997995983393,269.4399799598339,269.4399799598339,0.47129886118805786,471.29886118805786,0.4521206532715574,452.12065327155744,0.4521206532715574,452.12065327155744,unique_exposed_swept_capsule_mass,throughput_acquisition_density
E,10.0,78.53981633974483,2.5,4.908738521234052,4.908738521234052,0.1,1.0,0.5,0.5 g/cm^3,14.736842105263158,3600.0,4.093567251461988,8.187134502923977,derived_from_throughput,0.10424183407188467,1.0424183407188468,2.052631578947368,0.21397008046334218,2.1397008046334216,0.08558803218533687,0.5349252011583554,5.443663722392407,0.49087385212340523,0.49087385212340523,0.053492520115835544,0.5443663722392408,0.24543692606170261,245.43692606170262,0.026746260057917772,26.746260057917773,0.2721831861196204,272.1831861196204,272.1831861196204,0.5251615881809787,525.1615881809787,0.5037915850740211,503.7915850740211,0.5037915850740211,503.7915850740211,unique_exposed_swept_capsule_mass,throughput_acquisition_density
E,10.0,78.53981633974483,2.5,4.908738521234052,4.908738521234052,0.1,1.0,0.5,0.5 g/cm^3,14.736842105263158,3600.0,4.093567251461988,8.187134502923977,derived_from_throughput,0.10424183407188467,1.0424183407188468,2.263157894736842,0.23591572974163372,2.359157297416337,0.09436629189665349,0.5897893243540843,5.498527845588137,0.49087385212340523,0.49087385212340523,0.05897893243540843,0.5498527845588137,0.24543692606170261,245.43692606170262,0.029489466217704215,29.489466217704216,0.27492639227940685,274.92639227940685,274.92639227940685,0.5790243151738996,579.0243151738996,0.5554625168764848,555.4625168764849,0.5554625168764848,555.4625168764849,unique_exposed_swept_capsule_mass,throughput_acquisition_density
E,10.0,78.53981633974483,2.5,4.908738521234052,4.908738521234052,0.1,1.0,0.5,0.5 g/cm^3,14.736842105263158,3600.0,4.093567251461988,8.187134502923977,derived_from_throughput,0.10424183407188467,1.0424183407188468,2.473684210526316,0.25786137901992523,2.5786137901992525,0.10314455160797009,0.6446534475498131,5.553391968783865,0.49087385212340523,0.49087385212340523,0.06446534475498132,0.5553391968783865,0.24543692606170261,245.43692606170262,0.03223267237749066,32.23267237749066,0.27766959843919325,277.66959843919324,277.66959843919324,0.6328870421668206,632.8870421668206,0.6071334486789486,607.1334486789486,0.6071334486789486,607.1334486789486,unique_exposed_swept_capsule_mass,throughput_acquisition_density
E,10.0,78.53981633974483,2.5,4.908738521234052,4.908738521234052,0.1,1.0,0.5,0.5 g/cm^3,14.736842105263158,3600.0,4.093567251461988,8.187134502923977,derived_from_throughput,0.10424183407188467,1.0424183407188468,2.6842105263157894,0.27980702829821674,2.7980702829821675,0.11192281131928669,0.6995175707455419,5.608256091979594,0.49087385212340523,0.49087385212340523,0.06995175707455419,0.5608256091979594,0.24543692606170261,245.43692606170262,0.03497587853727709,34.97587853727709,0.2804128045989797,280.41280459897973,280.41280459897973,0.6867497691597414,686.7497691597414,0.6588043804814122,658.8043804814122,0.6588043804814122,658.8043804814122,unique_exposed_swept_capsule_mass,throughput_acquisition_density
E,10.0,78.53981633974483,2.5,4.908738521234052,4.908738521234052,0.1,1.0,0.5,0.5 g/cm^3,14.736842105263158,3600.0,4.093567251461988,8.187134502923977,derived_from_throughput,0.10424183407188467,1.0424183407188468,2.894736842105263,0.3017526775765082,3.017526775765082,0.12070107103060328,0.7543816939412705,5.663120215175322,0.49087385212340523,0.49087385212340523,0.07543816939412706,0.5663120215175322,0.24543692606170261,245.43692606170262,0.03771908469706353,37.71908469706353,0.2831560107587661,283.1560107587661,283.1560107587661,0.7406124961526622,740.6124961526622,0.710475312283876,710.475312283876,0.710475312283876,710.475312283876,unique_exposed_swept_capsule_mass,throughput_acquisition_density
E,10.0,78.53981633974483,2.5,4.908738521234052,4.908738521234052,0.1,1.0,0.5,0.5 g/cm^3,14.736842105263158,3600.0,4.093567251461988,8.187134502923977,derived_from_throughput,0.10424183407188467,1.0424183407188468,3.1052631578947367,0.32369832685479977,3.2369832685479976,0.12947933074191992,0.8092458171369994,5.717984338371052,0.49087385212340523,0.49087385212340523,0.08092458171369994,0.5717984338371052,0.24543692606170261,245.43692606170262,0.04046229085684997,40.46229085684997,0.2858992169185526,285.89921691855255,285.89921691855255,0.7944752231455833,794.4752231455833,0.7621462440863397,762.1462440863397,0.7621462440863397,762.1462440863397,unique_exposed_swept_capsule_mass,throughput_acquisition_density
E,10.0,78.53981633974483,2.5,4.908738521234052,4.908738521234052,0.1,1.0,0.5,0.5 g/cm^3,14.736842105263158,3600.0,4.093567251461988,8.187134502923977,derived_from_throughput,0.10424183407188467,1.0424183407188468,3.3157894736842106,0.3456439761330913,3.4564397613309126,0.13825759045323652,0.8641099403327281,5.77284846156678,0.49087385212340523,0.49087385212340523,0.08641099403327282,0.5772848461566781,0.24543692606170261,245.43692606170262,0.04320549701663641,43.20549701663641,0.28864242307833904,288.64242307833905,288.64242307833905,0.8483379501385042,848.3379501385042,0.8138171758888034,813.8171758888034,0.8138171758888034,813.8171758888034,unique_exposed_swept_capsule_mass,throughput_acquisition_density
E,10.0,78.53981633974483,2.5,4.908738521234052,4.908738521234052,0.1,1.0,0.5,0.5 g/cm^3,14.736842105263158,3600.0,4.093567251461988,8.187134502923977,derived_from_throughput,0.10424183407188467,1.0424183407188468,3.526315789473684,0.3675896254113828,3.675896254113828,0.14703585016455312,0.918974063528457,5.827712584762509,0.49087385212340523,0.49087385212340523,0.09189740635284571,0.5827712584762509,0.24543692606170261,245.43692606170262,0.045948703176422856,45.94870317642285,0.29138562923812544,291.38562923812543,291.38562923812543,0.902200677131425,902.2006771314251,0.865488107691267,865.488107691267,0.865488107691267,865.488107691267,unique_exposed_swept_capsule_mass,throughput_acquisition_density
E,10.0,78.53981633974483,2.5,4.908738521234052,4.908738521234052,0.1,1.0,0.5,0.5 g/cm^3,14.736842105263158,3600.0,4.093567251461988,8.187134502923977,derived_from_throughput,0.10424183407188467,1.0424183407188468,3.7368421052631575,0.38953527468967425,3.8953527468967426,0.1558141098758697,0.9738381867241857,5.882576707958238,0.49087385212340523,0.49087385212340523,0.09738381867241858,0.5882576707958238,0.24543692606170261,245.43692606170262,0.04869190933620929,48.691909336209285,0.2941288353979119,294.1288353979119,294.1288353979119,0.9560634041243459,956.0634041243459,0.9171590394937308,917.1590394937308,0.9171590394937308,917.1590394937308,unique_exposed_swept_capsule_mass,throughput_acquisition_density
E,10.0,78.53981633974483,2.5,4.908738521234052,4.908738521234052,0.1,1.0,0.5,0.5 g/cm^3,14.736842105263158,3600.0,4.093567251461988,8.187134502923977,derived_from_throughput,0.10424183407188467,1.0424183407188468,3.9473684210526314,0.41148092396796576,4.114809239679658,0.16459236958718632,1.0287023099199144,5.937440831153967,0.49087385212340523,0.49087385212340523,0.10287023099199144,0.5937440831153967,0.24543692606170261,245.43692606170262,0.05143511549599572,51.43511549599572,0.29687204155769836,296.87204155769837,296.87204155769837,1.0099261311172667,1009.9261311172667,0.9688299712961945,968.8299712961946,0.9688299712961945,968.8299712961946,unique_exposed_swept_capsule_mass,throughput_acquisition_density
E,10.0,78.53981633974483,2.5,4.908738521234052,4.908738521234052,0.1,1.0,0.5,0.5 g/cm^3,14.736842105263158,3600.0,4.093567251461988,8.187134502923977,derived_from_throughput,0.10424183407188467,1.0424183407188468,4.157894736842105,0.43342657324625733,4.3342657324625735,0.17337062929850294,1.0835664331156434,5.992304954349695,0.49087385212340523,0.49087385212340523,0.10835664331156435,0.5992304954349695,0.24543692606170261,245.43692606170262,0.05417832165578217,54.17832165578217,0.29961524771748477,299.61524771748475,299.61524771748475,1.0637888581101878,1063.7888581101877,1.0205009030986583,1020.5009030986582,1.0205009030986583,1020.5009030986582,unique_exposed_swept_capsule_mass,throughput_acquisition_density
E,10.0,78.53981633974483,2.5,4.908738521234052,4.908738521234052,0.1,1.0,0.5,0.5 g/cm^3,14.736842105263158,3600.0,4.093567251461988,8.187134502923977,derived_from_throughput,0.10424183407188467,1.0424183407188468,4.368421052631579,0.4553722225245488,4.553722225245488,0.18214888900981951,1.138430556311372,6.047169077545424,0.49087385212340523,0.49087385212340523,0.1138430556311372,0.6047169077545425,0.24543692606170261,245.43692606170262,0.0569215278155686,56.921527815568595,0.3023584538772712,302.35845387727124,302.35845387727124,1.1176515851031086,1117.6515851031086,1.072171834901122,1072.171834901122,1.072171834901122,1072.171834901122,unique_exposed_swept_capsule_mass,throughput_acquisition_density
E,10.0,78.53981633974483,2.5,4.908738521234052,4.908738521234052,0.1,1.0,0.5,0.5 g/cm^3,14.736842105263158,3600.0,4.093567251461988,8.187134502923977,derived_from_throughput,0.10424183407188467,1.0424183407188468,4.578947368421052,0.4773178718028403,4.773178718028403,0.19092714872113611,1.1932946795071007,6.102033200741152,0.49087385212340523,0.49087385212340523,0.11932946795071007,0.6102033200741153,0.24543692606170261,245.43692606170262,0.05966473397535504,59.664733975355034,0.30510166003705763,305.1016600370576,305.1016600370576,1.1715143120960294,1171.5143120960295,1.1238427667035855,1123.8427667035855,1.1238427667035855,1123.8427667035855,unique_exposed_swept_capsule_mass,throughput_acquisition_density
E,10.0,78.53981633974483,2.5,4.908738521234052,4.908738521234052,0.1,1.0,0.5,0.5 g/cm^3,14.736842105263158,3600.0,4.093567251461988,8.187134502923977,derived_from_throughput,0.10424183407188467,1.0424183407188468,4.789473684210526,0.49926352108113176,4.992635210811318,0.1997054084324527,1.2481588027028294,6.156897323936882,0.49087385212340523,0.49087385212340523,0.12481588027028295,0.6156897323936882,0.24543692606170261,245.43692606170262,0.062407940135141476,62.40794013514147,0.3078448661968441,307.84486619684407,307.84486619684407,1.2253770390889502,1225.3770390889501,1.1755136985060493,1175.5136985060492,1.1755136985060493,1175.5136985060492,unique_exposed_swept_capsule_mass,throughput_acquisition_density
E,10.0,78.53981633974483,2.5,4.908738521234052,4.908738521234052,0.1,1.0,0.5,0.5 g/cm^3,14.736842105263158,3600.0,4.093567251461988,8.187134502923977,derived_from_throughput,0.10424183407188467,1.0424183407188468,5.0,0.5212091703594234,5.212091703594234,0.20848366814376934,1.3030229258985584,6.21176144713261,0.49087385212340523,0.49087385212340523,0.13030229258985584,0.6211761447132611,0.24543692606170261,245.43692606170262,0.06515114629492792,65.15114629492793,0.31058807235663055,310.58807235663056,310.58807235663056,1.2792397660818713,1279.2397660818713,1.227184630308513,1227.184630308513,1.227184630308513,1227.184630308513,unique_exposed_swept_capsule_mass,throughput_acquisition_density
E,10.0,78.53981633974483,2.5,4.908738521234052,4.908738521234052,0.1,1.0,0.5,0.5 g/cm^3,19.473684210526315,3600.0,5.409356725146199,10.818713450292398,derived_from_throughput,0.13774813788070472,1.3774813788070472,1.0,0.13774813788070472,1.3774813788070472,0.05509925515228189,0.3443703447017618,5.253108865935814,0.49087385212340523,0.49087385212340523,0.03443703447017618,0.5253108865935814,0.24543692606170261,245.43692606170262,0.01721851723508809,17.21851723508809,0.2626554432967907,262.6554432967907,262.6554432967907,0.3380847953216374,338.0847953216374,0.24543692606170261,245.43692606170262,0.24543692606170261,245.43692606170262,unique_exposed_swept_capsule_mass,throughput_acquisition_density
E,10.0,78.53981633974483,2.5,4.908738521234052,4.908738521234052,0.1,1.0,0.5,0.5 g/cm^3,19.473684210526315,3600.0,5.409356725146199,10.818713450292398,derived_from_throughput,0.13774813788070472,1.3774813788070472,1.2105263157894737,0.16674774585558994,1.6674774585558994,0.06669909834223597,0.41686936463897484,5.325607885873027,0.49087385212340523,0.49087385212340523,0.041686936463897484,0.5325607885873027,0.24543692606170261,245.43692606170262,0.020843468231948742,20.84346823194874,0.26628039429365136,266.28039429365134,266.28039429365134,0.40926054170514,409.26054170514,0.2971078578641663,297.1078578641663,0.2971078578641663,297.1078578641663,unique_exposed_swept_capsule_mass,throughput_acquisition_density
E,10.0,78.53981633974483,2.5,4.908738521234052,4.908738521234052,0.1,1.0,0.5,0.5 g/cm^3,19.473684210526315,3600.0,5.409356725146199,10.818713450292398,derived_from_throughput,0.13774813788070472,1.3774813788070472,1.4210526315789473,0.19574735383047512,1.9574735383047512,0.07829894153219005,0.4893683845761878,5.3981069058102396,0.49087385212340523,0.49087385212340523,0.048936838457618786,0.5398106905810239,0.24543692606170261,245.43692606170262,0.024468419228809393,24.468419228809392,0.26990534529051197,269.90534529051195,269.90534529051195,0.4804362880886426,480.4362880886426,0.34877878966663,348.77878966663,0.34877878966663,348.77878966663,unique_exposed_swept_capsule_mass,throughput_acquisition_density
E,10.0,78.53981633974483,2.5,4.908738521234052,4.908738521234052,0.1,1.0,0.5,0.5 g/cm^3,19.473684210526315,3600.0,5.409356725146199,10.818713450292398,derived_from_throughput,0.13774813788070472,1.3774813788070472,1.631578947368421,0.22474696180536033,2.247469618053603,0.08989878472214413,0.5618674045134008,5.470605925747453,0.49087385212340523,0.49087385212340523,0.05618674045134008,0.5470605925747453,0.24543692606170261,245.43692606170262,0.02809337022567004,28.093370225670043,0.27353029628737263,273.5302962873726,273.5302962873726,0.5516120344721451,551.6120344721452,0.40044972146909374,400.44972146909373,0.40044972146909374,400.44972146909373,unique_exposed_swept_capsule_mass,throughput_acquisition_density
E,10.0,78.53981633974483,2.5,4.908738521234052,4.908738521234052,0.1,1.0,0.5,0.5 g/cm^3,19.473684210526315,3600.0,5.409356725146199,10.818713450292398,derived_from_throughput,0.13774813788070472,1.3774813788070472,1.8421052631578947,0.2537465697802455,2.537465697802455,0.10149862791209821,0.6343664244506138,5.543104945684666,0.49087385212340523,0.49087385212340523,0.06343664244506138,0.5543104945684666,0.24543692606170261,245.43692606170262,0.03171832122253069,31.71832122253069,0.2771552472842333,277.15524728423327,277.15524728423327,0.6227877808556478,622.7877808556478,0.4521206532715574,452.12065327155744,0.4521206532715574,452.12065327155744,unique_exposed_swept_capsule_mass,throughput_acquisition_density
E,10.0,78.53981633974483,2.5,4.908738521234052,4.908738521234052,0.1,1.0,0.5,0.5 g/cm^3,19.473684210526315,3600.0,5.409356725146199,10.818713450292398,derived_from_throughput,0.13774813788070472,1.3774813788070472,2.052631578947368,0.2827461777551307,2.8274617775513073,0.11309847110205229,0.7068654443878268,5.615603965621879,0.49087385212340523,0.49087385212340523,0.07068654443878268,0.5615603965621879,0.24543692606170261,245.43692606170262,0.03534327221939134,35.34327221939134,0.28078019828109396,280.780198281094,280.780198281094,0.6939635272391503,693.9635272391504,0.5037915850740211,503.7915850740211,0.5037915850740211,503.7915850740211,unique_exposed_swept_capsule_mass,throughput_acquisition_density
E,10.0,78.53981633974483,2.5,4.908738521234052,4.908738521234052,0.1,1.0,0.5,0.5 g/cm^3,19.473684210526315,3600.0,5.409356725146199,10.818713450292398,derived_from_throughput,0.13774813788070472,1.3774813788070472,2.263157894736842,0.31174578573001593,3.1174578573001592,0.12469831429200637,0.7793644643250398,5.688102985559092,0.49087385212340523,0.49087385212340523,0.07793644643250398,0.5688102985559093,0.24543692606170261,245.43692606170262,0.03896822321625199,38.96822321625199,0.2844051492779546,284.40514927795465,284.40514927795465,0.765139273622653,765.139273622653,0.5554625168764848,555.4625168764849,0.5554625168764848,555.4625168764849,unique_exposed_swept_capsule_mass,throughput_acquisition_density
E,10.0,78.53981633974483,2.5,4.908738521234052,4.908738521234052,0.1,1.0,0.5,0.5 g/cm^3,19.473684210526315,3600.0,5.409356725146199,10.818713450292398,derived_from_throughput,0.13774813788070472,1.3774813788070472,2.473684210526316,0.3407453937049012,3.407453937049012,0.13629815748196047,0.851863484262253,5.760602005496305,0.49087385212340523,0.49087385212340523,0.0851863484262253,0.5760602005496306,0.24543692606170261,245.43692606170262,0.04259317421311265,42.59317421311265,0.2880301002748153,288.0301002748153,288.0301002748153,0.8363150200061557,836.3150200061557,0.6071334486789486,607.1334486789486,0.6071334486789486,607.1334486789486,unique_exposed_swept_capsule_mass,throughput_acquisition_density
E,10.0,78.53981633974483,2.5,4.908738521234052,4.908738521234052,0.1,1.0,0.5,0.5 g/cm^3,19.473684210526315,3600.0,5.409356725146199,10.818713450292398,derived_from_throughput,0.13774813788070472,1.3774813788070472,2.6842105263157894,0.36974500167978636,3.6974500167978634,0.14789800067191455,0.9243625041994659,5.833101025433518,0.49087385212340523,0.49087385212340523,0.09243625041994659,0.5833101025433518,0.24543692606170261,245.43692606170262,0.046218125209973294,46.218125209973294,0.2916550512716759,291.6550512716759,291.6550512716759,0.9074907663896582,907.4907663896582,0.6588043804814122,658.8043804814122,0.6588043804814122,658.8043804814122,unique_exposed_swept_capsule_mass,throughput_acquisition_density
E,10.0,78.53981633974483,2.5,4.908738521234052,4.908738521234052,0.1,1.0,0.5,0.5 g/cm^3,19.473684210526315,3600.0,5.409356725146199,10.818713450292398,derived_from_throughput,0.13774813788070472,1.3774813788070472,2.894736842105263,0.3987446096546715,3.987446096546715,0.1594978438618686,0.9968615241366787,5.905600045370731,0.49087385212340523,0.49087385212340523,0.09968615241366788,0.5905600045370731,0.24543692606170261,245.43692606170262,0.04984307620683394,49.84307620683394,0.29528000226853657,295.2800022685366,295.2800022685366,0.9786665127731607,978.6665127731608,0.710475312283876,710.475312283876,0.710475312283876,710.475312283876,unique_exposed_swept_capsule_mass,throughput_acquisition_density
E,10.0,78.53981633974483,2.5,4.908738521234052,4.908738521234052,0.1,1.0,0.5,0.5 g/cm^3,19.473684210526315,3600.0,5.409356725146199,10.818713450292398,derived_from_throughput,0.13774813788070472,1.3774813788070472,3.1052631578947367,0.4277442176295568,4.277442176295568,0.1710976870518227,1.069360544073892,5.978099065307944,0.49087385212340523,0.49087385212340523,0.10693605440738921,0.5978099065307945,0.24543692606170261,245.43692606170262,0.053468027203694604,53.468027203694604,0.29890495326539723,298.90495326539724,298.90495326539724,1.0498422591566634,1049.8422591566634,0.7621462440863397,762.1462440863397,0.7621462440863397,762.1462440863397,unique_exposed_swept_capsule_mass,throughput_acquisition_density
E,10.0,78.53981633974483,2.5,4.908738521234052,4.908738521234052,0.1,1.0,0.5,0.5 g/cm^3,19.473684210526315,3600.0,5.409356725146199,10.818713450292398,derived_from_throughput,0.13774813788070472,1.3774813788070472,3.3157894736842106,0.456743825604442,4.5674382560444196,0.1826975302417768,1.1418595640111049,6.050598085245157,0.49087385212340523,0.49087385212340523,0.1141859564011105,0.6050598085245157,0.24543692606170261,245.43692606170262,0.05709297820055525,57.09297820055525,0.30252990426225784,302.52990426225784,302.52990426225784,1.1210180055401662,1121.018005540166,0.8138171758888034,813.8171758888034,0.8138171758888034,813.8171758888034,unique_exposed_swept_capsule_mass,throughput_acquisition_density
E,10.0,78.53981633974483,2.5,4.908738521234052,4.908738521234052,0.1,1.0,0.5,0.5 g/cm^3,19.473684210526315,3600.0,5.409356725146199,10.818713450292398,derived_from_throughput,0.13774813788070472,1.3774813788070472,3.526315789473684,0.48574343357932714,4.857434335793272,0.19429737343173087,1.214358583948318,6.12309710518237,0.49087385212340523,0.49087385212340523,0.1214358583948318,0.612309710518237,0.24543692606170261,245.43692606170262,0.0607179291974159,60.7179291974159,0.3061548552591185,306.1548552591185,306.1548552591185,1.1921937519236685,1192.1937519236685,0.865488107691267,865.488107691267,0.865488107691267,865.488107691267,unique_exposed_swept_capsule_mass,throughput_acquisition_density
E,10.0,78.53981633974483,2.5,4.908738521234052,4.908738521234052,0.1,1.0,0.5,0.5 g/cm^3,19.473684210526315,3600.0,5.409356725146199,10.818713450292398,derived_from_throughput,0.13774813788070472,1.3774813788070472,3.7368421052631575,0.5147430415542124,5.147430415542123,0.20589721662168495,1.2868576038855308,6.195596125119582,0.49087385212340523,0.49087385212340523,0.1286857603885531,0.6195596125119582,0.24543692606170261,245.43692606170262,0.06434288019427654,64.34288019427655,0.3097798062559791,309.7798062559791,309.7798062559791,1.263369498307171,1263.369498307171,0.9171590394937308,917.1590394937308,0.9171590394937308,917.1590394937308,unique_exposed_swept_capsule_mass,throughput_acquisition_density
E,10.0,78.53981633974483,2.5,4.908738521234052,4.908738521234052,0.1,1.0,0.5,0.5 g/cm^3,19.473684210526315,3600.0,5.409356725146199,10.818713450292398,derived_from_throughput,0.13774813788070472,1.3774813788070472,3.9473684210526314,0.5437426495290976,5.437426495290976,0.21749705981163903,1.359356623822744,6.268095145056796,0.49087385212340523,0.49087385212340523,0.1359356623822744,0.6268095145056796,0.24543692606170261,245.43692606170262,0.0679678311911372,67.9678311911372,0.3134047572528398,313.4047572528398,313.4047572528398,1.3345452446906738,1334.5452446906738,0.9688299712961945,968.8299712961946,0.9688299712961945,968.8299712961946,unique_exposed_swept_capsule_mass,throughput_acquisition_density
E,10.0,78.53981633974483,2.5,4.908738521234052,4.908738521234052,0.1,1.0,0.5,0.5 g/cm^3,19.473684210526315,3600.0,5.409356725146199,10.818713450292398,derived_from_throughput,0.13774813788070472,1.3774813788070472,4.157894736842105,0.5727422575039828,5.727422575039828,0.2290969030015931,1.431855643759957,6.340594164994009,0.49087385212340523,0.49087385212340523,0.1431855643759957,0.6340594164994009,0.24543692606170261,245.43692606170262,0.07159278218799785,71.59278218799784,0.31702970824970045,317.02970824970043,317.02970824970043,1.4057209910741766,1405.7209910741765,1.0205009030986583,1020.5009030986582,1.0205009030986583,1020.5009030986582,unique_exposed_swept_capsule_mass,throughput_acquisition_density
E,10.0,78.53981633974483,2.5,4.908738521234052,4.908738521234052,0.1,1.0,0.5,0.5 g/cm^3,19.473684210526315,3600.0,5.409356725146199,10.818713450292398,derived_from_throughput,0.13774813788070472,1.3774813788070472,4.368421052631579,0.601741865478868,6.017418654788679,0.24069674619154718,1.5043546636971699,6.413093184931222,0.49087385212340523,0.49087385212340523,0.150435466369717,0.6413093184931222,0.24543692606170261,245.43692606170262,0.0752177331848585,75.2177331848585,0.3206546592465611,320.6546592465611,320.6546592465611,1.476896737457679,1476.896737457679,1.072171834901122,1072.171834901122,1.072171834901122,1072.171834901122,unique_exposed_swept_capsule_mass,throughput_acquisition_density
E,10.0,78.53981633974483,2.5,4.908738521234052,4.908738521234052,0.1,1.0,0.5,0.5 g/cm^3,19.473684210526315,3600.0,5.409356725146199,10.818713450292398,derived_from_throughput,0.13774813788070472,1.3774813788070472,4.578947368421052,0.6307414734537532,6.307414734537532,0.2522965893815013,1.576853683634383,6.485592204868435,0.49087385212340523,0.49087385212340523,0.1576853683634383,0.6485592204868436,0.24543692606170261,245.43692606170262,0.07884268418171915,78.84268418171915,0.3242796102434218,324.27961024342176,324.27961024342176,1.5480724838411815,1548.0724838411816,1.1238427667035855,1123.8427667035855,1.1238427667035855,1123.8427667035855,unique_exposed_swept_capsule_mass,throughput_acquisition_density
E,10.0,78.53981633974483,2.5,4.908738521234052,4.908738521234052,0.1,1.0,0.5,0.5 g/cm^3,19.473684210526315,3600.0,5.409356725146199,10.818713450292398,derived_from_throughput,0.13774813788070472,1.3774813788070472,4.789473684210526,0.6597410814286383,6.597410814286383,0.26389643257145534,1.6493527035715958,6.558091224805648,0.49087385212340523,0.49087385212340523,0.1649352703571596,0.6558091224805649,0.24543692606170261,245.43692606170262,0.0824676351785798,82.4676351785798,0.32790456124028244,327.9045612402824,327.9045612402824,1.619248230224684,1619.248230224684,1.1755136985060493,1175.5136985060492,1.1755136985060493,1175.5136985060492,unique_exposed_swept_capsule_mass,throughput_acquisition_density
E,10.0,78.53981633974483,2.5,4.908738521234052,4.908738521234052,0.1,1.0,0.5,0.5 g/cm^3,19.473684210526315,3600.0,5.409356725146199,10.818713450292398,derived_from_throughput,0.13774813788070472,1.3774813788070472,5.0,0.6887406894035236,6.887406894035236,0.27549627576140945,1.721851723508809,6.630590244742861,0.49087385212340523,0.49087385212340523,0.17218517235088093,0.6630590244742862,0.24543692606170261,245.43692606170262,0.08609258617544047,86.09258617544046,0.3315295122371431,331.5295122371431,331.5295122371431,1.6904239766081868,1690.4239766081869,1.227184630308513,1227.184630308513,1.227184630308513,1227.184630308513,unique_exposed_swept_capsule_mass,throughput_acquisition_density
E,10.0,78.53981633974483,2.5,4.908738521234052,4.908738521234052,0.1,1.0,0.5,0.5 g/cm^3,24.210526315789473,3600.0,6.7251461988304095,13.450292397660819,derived_from_throughput,0.1712544416895248,1.712544416895248,1.0,0.1712544416895248,1.712544416895248,0.06850177667580992,0.428136104223812,5.336874625457864,0.49087385212340523,0.49087385212340523,0.0428136104223812,0.5336874625457865,0.24543692606170261,245.43692606170262,0.0214068052111906,21.4068052111906,0.26684373127289324,266.84373127289325,266.84373127289325,0.4203216374269006,420.3216374269006,0.24543692606170261,245.43692606170262,0.24543692606170261,245.43692606170262,unique_exposed_swept_capsule_mass,throughput_acquisition_density
E,10.0,78.53981633974483,2.5,4.908738521234052,4.908738521234052,0.1,1.0,0.5,0.5 g/cm^3,24.210526315789473,3600.0,6.7251461988304095,13.450292397660819,derived_from_throughput,0.1712544416895248,1.712544416895248,1.2105263157894737,0.20730800836100371,2.073080083610037,0.08292320334440148,0.5182700209025093,5.427008542136561,0.49087385212340523,0.49087385212340523,0.05182700209025093,0.5427008542136561,0.24543692606170261,245.43692606170262,0.025913501045125464,25.913501045125464,0.27135042710682805,271.3504271068281,271.3504271068281,0.5088104032009849,508.8104032009849,0.2971078578641663,297.1078578641663,0.2971078578641663,297.1078578641663,unique_exposed_swept_capsule_mass,throughput_acquisition_density
E,10.0,78.53981633974483,2.5,4.908738521234052,4.908738521234052,0.1,1.0,0.5,0.5 g/cm^3,24.210526315789473,3600.0,6.7251461988304095,13.450292397660819,derived_from_throughput,0.1712544416895248,1.712544416895248,1.4210526315789473,0.24336157503248262,2.4336157503248264,0.09734463001299305,0.6084039375812066,5.517142458815258,0.49087385212340523,0.49087385212340523,0.06084039375812066,0.5517142458815258,0.24543692606170261,245.43692606170262,0.03042019687906033,30.42019687906033,0.2758571229407629,275.8571229407629,275.8571229407629,0.5972991689750693,597.2991689750693,0.34877878966663,348.77878966663,0.34877878966663,348.77878966663,unique_exposed_swept_capsule_mass,throughput_acquisition_density
E,10.0,78.53981633974483,2.5,4.908738521234052,4.908738521234052,0.1,1.0,0.5,0.5 g/cm^3,24.210526315789473,3600.0,6.7251461988304095,13.450292397660819,derived_from_throughput,0.1712544416895248,1.712544416895248,1.631578947368421,0.27941514170396153,2.7941514170396156,0.11176605668158461,0.6985378542599039,5.607276375493956,0.49087385212340523,0.49087385212340523,0.0698537854259904,0.5607276375493956,0.24543692606170261,245.43692606170262,0.0349268927129952,34.9268927129952,0.2803638187746978,280.3638187746978,280.3638187746978,0.6857879347491536,685.7879347491536,0.40044972146909374,400.44972146909373,0.40044972146909374,400.44972146909373,unique_exposed_swept_capsule_mass,throughput_acquisition_density
E,10.0,78.53981633974483,2.5,4.908738521234052,4.908738521234052,0.1,1.0,0.5,0.5 g/cm^3,24.210526315789473,3600.0,6.7251461988304095,13.450292397660819,derived_from_throughput,0.1712544416895248,1.712544416895248,1.8421052631578947,0.31546870837544044,3.1546870837544043,0.12618748335017618,0.7886717709386011,5.697410292172653,0.49087385212340523,0.49087385212340523,0.07886717709386011,0.5697410292172653,0.24543692606170261,245.43692606170262,0.039433588546930055,39.433588546930054,0.28487051460863266,284.8705146086327,284.8705146086327,0.7742767005232379,774.276700523238,0.4521206532715574,452.12065327155744,0.4521206532715574,452.12065327155744,unique_exposed_swept_capsule_mass,throughput_acquisition_density
E,10.0,78.53981633974483,2.5,4.908738521234052,4.908738521234052,0.1,1.0,0.5,0.5 g/cm^3,24.210526315789473,3600.0,6.7251461988304095,13.450292397660819,derived_from_throughput,0.1712544416895248,1.712544416895248,2.052631578947368,0.3515222750469193,3.515222750469193,0.1406089100187677,0.8788056876172983,5.78754420885135,0.49087385212340523,0.49087385212340523,0.08788056876172984,0.5787544208851351,0.24543692606170261,245.43692606170262,0.04394028438086492,43.94028438086492,0.28937721044256753,289.37721044256756,289.37721044256756,0.8627654662973222,862.7654662973222,0.5037915850740211,503.7915850740211,0.5037915850740211,503.7915850740211,unique_exposed_swept_capsule_mass,throughput_acquisition_density
E,10.0,78.53981633974483,2.5,4.908738521234052,4.908738521234052,0.1,1.0,0.5,0.5 g/cm^3,24.210526315789473,3600.0,6.7251461988304095,13.450292397660819,derived_from_throughput,0.1712544416895248,1.712544416895248,2.263157894736842,0.3875758417183982,3.875758417183982,0.15503033668735927,0.9689396042959955,5.877678125530047,0.49087385212340523,0.49087385212340523,0.09689396042959955,0.5877678125530047,0.24543692606170261,245.43692606170262,0.048446980214799776,48.44698021479977,0.29388390627650235,293.88390627650233,293.88390627650233,0.9512542320714066,951.2542320714066,0.5554625168764848,555.4625168764849,0.5554625168764848,555.4625168764849,unique_exposed_swept_capsule_mass,throughput_acquisition_density
E,10.0,78.53981633974483,2.5,4.908738521234052,4.908738521234052,0.1,1.0,0.5,0.5 g/cm^3,24.210526315789473,3600.0,6.7251461988304095,13.450292397660819,derived_from_throughput,0.1712544416895248,1.712544416895248,2.473684210526316,0.42362940838987717,4.2362940838987715,0.16945176335595086,1.0590735209746929,5.967812042208745,0.49087385212340523,0.49087385212340523,0.10590735209746929,0.5967812042208746,0.24543692606170261,245.43692606170262,0.052953676048734646,52.95367604873465,0.2983906021104373,298.39060211043727,298.39060211043727,1.039742997845491,1039.7429978454911,0.6071334486789486,607.1334486789486,0.6071334486789486,607.1334486789486,unique_exposed_swept_capsule_mass,throughput_acquisition_density
E,10.0,78.53981633974483,2.5,4.908738521234052,4.908738521234052,0.1,1.0,0.5,0.5 g/cm^3,24.210526315789473,3600.0,6.7251461988304095,13.450292397660819,derived_from_throughput,0.1712544416895248,1.712544416895248,2.6842105263157894,0.459682975061356,4.59682975061356,0.18387319002454242,1.14920743765339,6.0579459588874425,0.49087385212340523,0.49087385212340523,0.114920743765339,0.6057945958887443,0.24543692606170261,245.43692606170262,0.0574603718826695,57.460371882669506,0.30289729794437215,302.89729794437216,302.89729794437216,1.1282317636195753,1128.2317636195753,0.6588043804814122,658.8043804814122,0.6588043804814122,658.8043804814122,unique_exposed_swept_capsule_mass,throughput_acquisition_density
E,10.0,78.53981633974483,2.5,4.908738521234052,4.908738521234052,0.1,1.0,0.5,0.5 g/cm^3,24.210526315789473,3600.0,6.7251461988304095,13.450292397660819,derived_from_throughput,0.1712544416895248,1.712544416895248,2.894736842105263,0.49573654173283493,4.957365417328349,0.19829461669313397,1.2393413543320873,6.14807987556614,0.49087385212340523,0.49087385212340523,0.12393413543320873,0.614807987556614,0.24543692606170261,245.43692606170262,0.06196706771660437,61.96706771660437,0.307403993778307,307.40399377830704,307.40399377830704,1.2167205293936594,1216.7205293936595,0.710475312283876,710.475312283876,0.710475312283876,710.475312283876,unique_exposed_swept_capsule_mass,throughput_acquisition_density
E,10.0,78.53981633974483,2.5,4.908738521234052,4.908738521234052,0.1,1.0,0.5,0.5 g/cm^3,24.210526315789473,3600.0,6.7251461988304095,13.450292397660819,derived_from_throughput,0.1712544416895248,1.712544416895248,3.1052631578947367,0.5317901084043138,5.317901084043139,0.21271604336172553,1.3294752710107847,6.238213792244837,0.49087385212340523,0.49087385212340523,0.13294752710107846,0.6238213792244838,0.24543692606170261,245.43692606170262,0.06647376355053923,66.47376355053923,0.3119106896122419,311.91068961224187,311.91068961224187,1.3052092951677439,1305.209295167744,0.7621462440863397,762.1462440863397,0.7621462440863397,762.1462440863397,unique_exposed_swept_capsule_mass,throughput_acquisition_density
E,10.0,78.53981633974483,2.5,4.908738521234052,4.908738521234052,0.1,1.0,0.5,0.5 g/cm^3,24.210526315789473,3600.0,6.7251461988304095,13.450292397660819,derived_from_throughput,0.1712544416895248,1.712544416895248,3.3157894736842106,0.5678436750757928,5.678436750757928,0.22713747003031712,1.419609187689482,6.328347708923534,0.49087385212340523,0.49087385212340523,0.1419609187689482,0.6328347708923534,0.24543692606170261,245.43692606170262,0.0709804593844741,70.9804593844741,0.3164173854461767,316.4173854461767,316.4173854461767,1.3936980609418284,1393.6980609418283,0.8138171758888034,813.8171758888034,0.8138171758888034,813.8171758888034,unique_exposed_swept_capsule_mass,throughput_acquisition_density
E,10.0,78.53981633974483,2.5,4.908738521234052,4.908738521234052,0.1,1.0,0.5,0.5 g/cm^3,24.210526315789473,3600.0,6.7251461988304095,13.450292397660819,derived_from_throughput,0.1712544416895248,1.712544416895248,3.526315789473684,0.6038972417472717,6.038972417472717,0.24155889669890868,1.5097431043681793,6.418481625602231,0.49087385212340523,0.49087385212340523,0.15097431043681794,0.6418481625602231,0.24543692606170261,245.43692606170262,0.07548715521840897,75.48715521840897,0.3209240812801116,320.9240812801116,320.9240812801116,1.4821868267159126,1482.1868267159127,0.865488107691267,865.488107691267,0.865488107691267,865.488107691267,unique_exposed_swept_capsule_mass,throughput_acquisition_density
E,10.0,78.53981633974483,2.5,4.908738521234052,4.908738521234052,0.1,1.0,0.5,0.5 g/cm^3,24.210526315789473,3600.0,6.7251461988304095,13.450292397660819,derived_from_throughput,0.1712544416895248,1.712544416895248,3.7368421052631575,0.6399508084187505,6.399508084187505,0.2559803233675002,1.5998770210468762,6.508615542280928,0.49087385212340523,0.49087385212340523,0.15998770210468763,0.6508615542280929,0.24543692606170261,245.43692606170262,0.07999385105234381,79.99385105234381,0.32543077711404644,325.43077711404646,325.43077711404646,1.5706755924899969,1570.675592489997,0.9171590394937308,917.1590394937308,0.9171590394937308,917.1590394937308,unique_exposed_swept_capsule_mass,throughput_acquisition_density
E,10.0,78.53981633974483,2.5,4.908738521234052,4.908738521234052,0.1,1.0,0.5,0.5 g/cm^3,24.210526315789473,3600.0,6.7251461988304095,13.450292397660819,derived_from_throughput,0.1712544416895248,1.712544416895248,3.9473684210526314,0.6760043750902295,6.760043750902295,0.2704017500360918,1.6900109377255736,6.598749458959626,0.49087385212340523,0.49087385212340523,0.16900109377255737,0.6598749458959626,0.24543692606170261,245.43692606170262,0.08450054688627869,84.50054688627868,0.3299374729479813,329.9374729479813,329.9374729479813,1.6591643582640812,1659.164358264081,0.9688299712961945,968.8299712961946,0.9688299712961945,968.8299712961946,unique_exposed_swept_capsule_mass,throughput_acquisition_density
E,10.0,78.53981633974483,2.5,4.908738521234052,4.908738521234052,0.1,1.0,0.5,0.5 g/cm^3,24.210526315789473,3600.0,6.7251461988304095,13.450292397660819,derived_from_throughput,0.1712544416895248,1.712544416895248,4.157894736842105,0.7120579417617084,7.120579417617084,0.2848231767046834,1.780144854404271,6.688883375638323,0.49087385212340523,0.49087385212340523,0.1780144854404271,0.6688883375638324,0.24543692606170261,245.43692606170262,0.08900724272021356,89.00724272021355,0.3344441687819162,334.4441687819162,334.4441687819162,1.7476531240381656,1747.6531240381657,1.0205009030986583,1020.5009030986582,1.0205009030986583,1020.5009030986582,unique_exposed_swept_capsule_mass,throughput_acquisition_density
E,10.0,78.53981633974483,2.5,4.908738521234052,4.908738521234052,0.1,1.0,0.5,0.5 g/cm^3,24.210526315789473,3600.0,6.7251461988304095,13.450292397660819,derived_from_throughput,0.1712544416895248,1.712544416895248,4.368421052631579,0.7481115084331873,7.481115084331873,0.2992446033732749,1.8702787710829682,6.77901729231702,0.49087385212340523,0.49087385212340523,0.18702787710829682,0.677901729231702,0.24543692606170261,245.43692606170262,0.09351393855414841,93.51393855414841,0.338950864615851,338.950864615851,338.950864615851,1.83614188981225,1836.14188981225,1.072171834901122,1072.171834901122,1.072171834901122,1072.171834901122,unique_exposed_swept_capsule_mass,throughput_acquisition_density
E,10.0,78.53981633974483,2.5,4.908738521234052,4.908738521234052,0.1,1.0,0.5,0.5 g/cm^3,24.210526315789473,3600.0,6.7251461988304095,13.450292397660819,derived_from_throughput,0.1712544416895248,1.712544416895248,4.578947368421052,0.7841650751046662,7.841650751046662,0.31366603004186644,1.9604126877616654,6.869151208995717,0.49087385212340523,0.49087385212340523,0.19604126877616657,0.6869151208995717,0.24543692606170261,245.43692606170262,0.09802063438808328,98.02063438808328,0.34345756044978587,343.4575604497859,343.4575604497859,1.9246306555863342,1924.6306555863341,1.1238427667035855,1123.8427667035855,1.1238427667035855,1123.8427667035855,unique_exposed_swept_capsule_mass,throughput_acquisition_density
E,10.0,78.53981633974483,2.5,4.908738521234052,4.908738521234052,0.1,1.0,0.5,0.5 g/cm^3,24.210526315789473,3600.0,6.7251461988304095,13.450292397660819,derived_from_throughput,0.1712544416895248,1.712544416895248,4.789473684210526,0.820218641776145,8.20218641776145,0.328087456710458,2.0505466044403624,6.959285125674414,0.49087385212340523,0.49087385212340523,0.20505466044403625,0.6959285125674415,0.24543692606170261,245.43692606170262,0.10252733022201813,102.52733022201812,0.34796425628372074,347.9642562837207,347.9642562837207,2.013119421360418,2013.1194213604183,1.1755136985060493,1175.5136985060492,1.1755136985060493,1175.5136985060492,unique_exposed_swept_capsule_mass,throughput_acquisition_density
E,10.0,78.53981633974483,2.5,4.908738521234052,4.908738521234052,0.1,1.0,0.5,0.5 g/cm^3,24.210526315789473,3600.0,6.7251461988304095,13.450292397660819,derived_from_throughput,0.1712544416895248,1.712544416895248,5.0,0.856272208447624,8.56272208447624,0.3425088833790496,2.14068052111906,7.049419042353112,0.49087385212340523,0.49087385212340523,0.21406805211190602,0.7049419042353112,0.24543692606170261,245.43692606170262,0.10703402605595301,107.034026055953,0.3524709521176556,352.4709521176556,352.4709521176556,2.101608187134503,2101.608187134503,1.227184630308513,1227.184630308513,1.227184630308513,1227.184630308513,unique_exposed_swept_capsule_mass,throughput_acquisition_density
E,10.0,78.53981633974483,2.5,4.908738521234052,4.908738521234052,0.1,1.0,0.5,0.5 g/cm^3,28.94736842105263,3600.0,8.04093567251462,16.08187134502924,derived_from_throughput,0.20476074549834486,2.0476074549834484,1.0,0.20476074549834486,2.0476074549834484,0.08190429819933795,0.5119018637458621,5.420640384979914,0.49087385212340523,0.49087385212340523,0.051190186374586215,0.5420640384979915,0.24543692606170261,245.43692606170262,0.025595093187293107,25.595093187293106,0.2710320192489957,271.0320192489957,271.0320192489957,0.5025584795321637,502.5584795321637,0.24543692606170261,245.43692606170262,0.24543692606170261,245.43692606170262,unique_exposed_swept_capsule_mass,throughput_acquisition_density
E,10.0,78.53981633974483,2.5,4.908738521234052,4.908738521234052,0.1,1.0,0.5,0.5 g/cm^3,28.94736842105263,3600.0,8.04093567251462,16.08187134502924,derived_from_throughput,0.20476074549834486,2.0476074549834484,1.2105263157894737,0.24786827086641747,2.4786827086641745,0.09914730834656699,0.6196706771660436,5.528409198400095,0.49087385212340523,0.49087385212340523,0.06196706771660437,0.5528409198400096,0.24543692606170261,245.43692606170262,0.030983533858302183,30.983533858302184,0.2764204599200048,276.4204599200048,276.4204599200048,0.6083602646968297,608.3602646968297,0.2971078578641663,297.1078578641663,0.2971078578641663,297.1078578641663,unique_exposed_swept_capsule_mass,throughput_acquisition_density
E,10.0,78.53981633974483,2.5,4.908738521234052,4.908738521234052,0.1,1.0,0.5,0.5 g/cm^3,28.94736842105263,3600.0,8.04093567251462,16.08187134502924,derived_from_throughput,0.20476074549834486,2.0476074549834484,1.4210526315789473,0.29097579623449005,2.9097579623449006,0.11639031849379602,0.7274394905862251,5.636178011820277,0.49087385212340523,0.49087385212340523,0.07274394905862251,0.5636178011820278,0.24543692606170261,245.43692606170262,0.036371974529311256,36.37197452931125,0.2818089005910139,281.80890059101387,281.80890059101387,0.7141620498614958,714.1620498614958,0.34877878966663,348.77878966663,0.34877878966663,348.77878966663,unique_exposed_swept_capsule_mass,throughput_acquisition_density
E,10.0,78.53981633974483,2.5,4.908738521234052,4.908738521234052,0.1,1.0,0.5,0.5 g/cm^3,28.94736842105263,3600.0,8.04093567251462,16.08187134502924,derived_from_throughput,0.20476074549834486,2.0476074549834484,1.631578947368421,0.33408332160256266,3.3408332160256267,0.13363332864102506,0.8352083040064067,5.743946825240458,0.49087385212340523,0.49087385212340523,0.08352083040064068,0.5743946825240459,0.24543692606170261,245.43692606170262,0.04176041520032034,41.76041520032034,0.28719734126202295,287.197341262023,287.197341262023,0.8199638350261618,819.9638350261617,0.40044972146909374,400.44972146909373,0.40044972146909374,400.44972146909373,unique_exposed_swept_capsule_mass,throughput_acquisition_density
E,10.0,78.53981633974483,2.5,4.908738521234052,4.908738521234052,0.1,1.0,0.5,0.5 g/cm^3,28.94736842105263,3600.0,8.04093567251462,16.08187134502924,derived_from_throughput,0.20476074549834486,2.0476074549834484,1.8421052631578947,0.37719084697063526,3.7719084697063527,0.1508763387882541,0.9429771174265882,5.85171563866064,0.49087385212340523,0.49087385212340523,0.09429771174265883,0.5851715638660641,0.24543692606170261,245.43692606170262,0.047148855871329415,47.14885587132942,0.29258578193303203,292.585781933032,292.585781933032,0.9257656201908279,925.7656201908279,0.4521206532715574,452.12065327155744,0.4521206532715574,452.12065327155744,unique_exposed_swept_capsule_mass,throughput_acquisition_density
E,10.0,78.53981633974483,2.5,4.908738521234052,4.908738521234052,0.1,1.0,0.5,0.5 g/cm^3,28.94736842105263,3600.0,8.04093567251462,16.08187134502924,derived_from_throughput,0.20476074549834486,2.0476074549834484,2.052631578947368,0.4202983723387078,4.202983723387078,0.16811934893548314,1.0507459308467695,5.9594844520808214,0.49087385212340523,0.49087385212340523,0.10507459308467695,0.5959484452080822,0.24543692606170261,245.43692606170262,0.05253729654233848,52.537296542338474,0.2979742226040411,297.97422260404113,297.97422260404113,1.0315674053554937,1031.5674053554937,0.5037915850740211,503.7915850740211,0.5037915850740211,503.7915850740211,unique_exposed_swept_capsule_mass,throughput_acquisition_density
E,10.0,78.53981633974483,2.5,4.908738521234052,4.908738521234052,0.1,1.0,0.5,0.5 g/cm^3,28.94736842105263,3600.0,8.04093567251462,16.08187134502924,derived_from_throughput,0.20476074549834486,2.0476074549834484,2.263157894736842,0.4634058977067805,4.634058977067805,0.1853623590827122,1.1585147442669512,6.067253265501003,0.49087385212340523,0.49087385212340523,0.11585147442669513,0.6067253265501004,0.24543692606170261,245.43692606170262,0.05792573721334757,57.92573721334757,0.3033626632750502,303.3626632750502,303.3626632750502,1.13736919052016,1137.36919052016,0.5554625168764848,555.4625168764849,0.5554625168764848,555.4625168764849,unique_exposed_swept_capsule_mass,throughput_acquisition_density
E,10.0,78.53981633974483,2.5,4.908738521234052,4.908738521234052,0.1,1.0,0.5,0.5 g/cm^3,28.94736842105263,3600.0,8.04093567251462,16.08187134502924,derived_from_throughput,0.20476074549834486,2.0476074549834484,2.473684210526316,0.5065134230748531,5.065134230748532,0.20260536922994127,1.266283557687133,6.1750220789211845,0.49087385212340523,0.49087385212340523,0.1266283557687133,0.6175022078921185,0.24543692606170261,245.43692606170262,0.06331417788435666,63.31417788435666,0.30875110394605926,308.75110394605923,308.75110394605923,1.2431709756848262,1243.170975684826,0.6071334486789486,607.1334486789486,0.6071334486789486,607.1334486789486,unique_exposed_swept_capsule_mass,throughput_acquisition_density
E,10.0,78.53981633974483,2.5,4.908738521234052,4.908738521234052,0.1,1.0,0.5,0.5 g/cm^3,28.94736842105263,3600.0,8.04093567251462,16.08187134502924,derived_from_throughput,0.20476074549834486,2.0476074549834484,2.6842105263157894,0.5496209484429256,5.496209484429256,0.21984837937717025,1.374052371107314,6.282790892341366,0.49087385212340523,0.49087385212340523,0.1374052371107314,0.6282790892341366,0.24543692606170261,245.43692606170262,0.0687026185553657,68.7026185553657,0.3141395446170683,314.1395446170683,314.1395446170683,1.348972760849492,1348.9727608494918,0.6588043804814122,658.8043804814122,0.6588043804814122,658.8043804814122,unique_exposed_swept_capsule_mass,throughput_acquisition_density
E,10.0,78.53981633974483,2.5,4.908738521234052,4.908738521234052,0.1,1.0,0.5,0.5 g/cm^3,28.94736842105263,3600.0,8.04093567251462,16.08187134502924,derived_from_throughput,0.20476074549834486,2.0476074549834484,2.894736842105263,0.5927284738109982,5.927284738109982,0.2370913895243993,1.4818211845274956,6.3905597057615475,0.49087385212340523,0.49087385212340523,0.14818211845274956,0.6390559705761548,0.24543692606170261,245.43692606170262,0.07409105922637478,74.09105922637478,0.3195279852880774,319.5279852880774,319.5279852880774,1.454774546014158,1454.774546014158,0.710475312283876,710.475312283876,0.710475312283876,710.475312283876,unique_exposed_swept_capsule_mass,throughput_acquisition_density
E,10.0,78.53981633974483,2.5,4.908738521234052,4.908738521234052,0.1,1.0,0.5,0.5 g/cm^3,28.94736842105263,3600.0,8.04093567251462,16.08187134502924,derived_from_throughput,0.20476074549834486,2.0476074549834484,3.1052631578947367,0.6358359991790709,6.358359991790708,0.25433439967162835,1.589589997947677,6.4983285191817295,0.49087385212340523,0.49087385212340523,0.1589589997947677,0.649832851918173,0.24543692606170261,245.43692606170262,0.07947949989738386,79.47949989738386,0.3249164259590865,324.9164259590865,324.9164259590865,1.560576331178824,1560.5763311788241,0.7621462440863397,762.1462440863397,0.7621462440863397,762.1462440863397,unique_exposed_swept_capsule_mass,throughput_acquisition_density
E,10.0,78.53981633974483,2.5,4.908738521234052,4.908738521234052,0.1,1.0,0.5,0.5 g/cm^3,28.94736842105263,3600.0,8.04093567251462,16.08187134502924,derived_from_throughput,0.20476074549834486,2.0476074549834484,3.3157894736842106,0.6789435245471435,6.789435245471434,0.27157740981885736,1.6973588113678586,6.606097332601911,0.49087385212340523,0.49087385212340523,0.16973588113678587,0.6606097332601911,0.24543692606170261,245.43692606170262,0.08486794056839293,84.86794056839294,0.33030486663009556,330.30486663009555,330.30486663009555,1.6663781163434903,1666.3781163434903,0.8138171758888034,813.8171758888034,0.8138171758888034,813.8171758888034,unique_exposed_swept_capsule_mass,throughput_acquisition_density
E,10.0,78.53981633974483,2.5,4.908738521234052,4.908738521234052,0.1,1.0,0.5,0.5 g/cm^3,28.94736842105263,3600.0,8.04093567251462,16.08187134502924,derived_from_throughput,0.20476074549834486,2.0476074549834484,3.526315789473684,0.7220510499152161,7.2205104991521605,0.28882041996608643,1.8051276247880401,6.713866146022092,0.49087385212340523,0.49087385212340523,0.18051276247880402,0.6713866146022092,0.24543692606170261,245.43692606170262,0.09025638123940201,90.256381239402,0.3356933073011046,335.6933073011046,335.6933073011046,1.772179901508156,1772.179901508156,0.865488107691267,865.488107691267,0.865488107691267,865.488107691267,unique_exposed_swept_capsule_mass,throughput_acquisition_density
E,10.0,78.53981633974483,2.5,4.908738521234052,4.908738521234052,0.1,1.0,0.5,0.5 g/cm^3,28.94736842105263,3600.0,8.04093567251462,16.08187134502924,derived_from_throughput,0.20476074549834486,2.0476074549834484,3.7368421052631575,0.7651585752832886,7.651585752832886,0.30606343011331544,1.9128964382082214,6.821634959442274,0.49087385212340523,0.49087385212340523,0.19128964382082214,0.6821634959442274,0.24543692606170261,245.43692606170262,0.09564482191041107,95.64482191041107,0.3410817479721137,341.0817479721137,341.0817479721137,1.877981686672822,1877.981686672822,0.9171590394937308,917.1590394937308,0.9171590394937308,917.1590394937308,unique_exposed_swept_capsule_mass,throughput_acquisition_density
E,10.0,78.53981633974483,2.5,4.908738521234052,4.908738521234052,0.1,1.0,0.5,0.5 g/cm^3,28.94736842105263,3600.0,8.04093567251462,16.08187134502924,derived_from_throughput,0.20476074549834486,2.0476074549834484,3.9473684210526314,0.8082661006513613,8.082661006513613,0.3233064402605445,2.020665251628403,6.929403772862456,0.49087385212340523,0.49087385212340523,0.20206652516284032,0.6929403772862456,0.24543692606170261,245.43692606170262,0.10103326258142016,101.03326258142016,0.3464701886431228,346.4701886431228,346.4701886431228,1.9837834718374883,1983.7834718374884,0.9688299712961945,968.8299712961946,0.9688299712961945,968.8299712961946,unique_exposed_swept_capsule_mass,throughput_acquisition_density
E,10.0,78.53981633974483,2.5,4.908738521234052,4.908738521234052,0.1,1.0,0.5,0.5 g/cm^3,28.94736842105263,3600.0,8.04093567251462,16.08187134502924,derived_from_throughput,0.20476074549834486,2.0476074549834484,4.157894736842105,0.8513736260194339,8.513736260194339,0.34054945040777357,2.1284340650485847,7.037172586282637,0.49087385212340523,0.49087385212340523,0.21284340650485847,0.7037172586282637,0.24543692606170261,245.43692606170262,0.10642170325242924,106.42170325242924,0.35185862931413187,351.85862931413186,351.85862931413186,2.0895852570021543,2089.5852570021543,1.0205009030986583,1020.5009030986582,1.0205009030986583,1020.5009030986582,unique_exposed_swept_capsule_mass,throughput_acquisition_density
E,10.0,78.53981633974483,2.5,4.908738521234052,4.908738521234052,0.1,1.0,0.5,0.5 g/cm^3,28.94736842105263,3600.0,8.04093567251462,16.08187134502924,derived_from_throughput,0.20476074549834486,2.0476074549834484,4.368421052631579,0.8944811513875065,8.944811513875065,0.3577924605550026,2.236202878468766,7.144941399702818,0.49087385212340523,0.49087385212340523,0.22362028784687663,0.7144941399702818,0.24543692606170261,245.43692606170262,0.11181014392343831,111.81014392343832,0.3572470699851409,357.2470699851409,357.2470699851409,2.1953870421668205,2195.3870421668203,1.072171834901122,1072.171834901122,1.072171834901122,1072.171834901122,unique_exposed_swept_capsule_mass,throughput_acquisition_density
E,10.0,78.53981633974483,2.5,4.908738521234052,4.908738521234052,0.1,1.0,0.5,0.5 g/cm^3,28.94736842105263,3600.0,8.04093567251462,16.08187134502924,derived_from_throughput,0.20476074549834486,2.0476074549834484,4.578947368421052,0.937588676755579,9.37588676755579,0.3750354707022316,2.3439716918889477,7.252710213123,0.49087385212340523,0.49087385212340523,0.23439716918889478,0.7252710213123,0.24543692606170261,245.43692606170262,0.11719858459444739,117.19858459444738,0.36263551065615,362.63551065615,362.63551065615,2.301188827331486,2301.188827331486,1.1238427667035855,1123.8427667035855,1.1238427667035855,1123.8427667035855,unique_exposed_swept_capsule_mass,throughput_acquisition_density
E,10.0,78.53981633974483,2.5,4.908738521234052,4.908738521234052,0.1,1.0,0.5,0.5 g/cm^3,28.94736842105263,3600.0,8.04093567251462,16.08187134502924,derived_from_throughput,0.20476074549834486,2.0476074549834484,4.789473684210526,0.9806962021236516,9.806962021236515,0.39227848084946065,2.451740505309129,7.360479026543181,0.49087385212340523,0.49087385212340523,0.2451740505309129,0.7360479026543181,0.24543692606170261,245.43692606170262,0.12258702526545645,122.58702526545645,0.36802395132715904,368.023951327159,368.023951327159,2.406990612496152,2406.990612496152,1.1755136985060493,1175.5136985060492,1.1755136985060493,1175.5136985060492,unique_exposed_swept_capsule_mass,throughput_acquisition_density
E,10.0,78.53981633974483,2.5,4.908738521234052,4.908738521234052,0.1,1.0,0.5,0.5 g/cm^3,28.94736842105263,3600.0,8.04093567251462,16.08187134502924,derived_from_throughput,0.20476074549834486,2.0476074549834484,5.0,1.0238037274917242,10.238037274917243,0.40952149099668966,2.5595093187293108,7.468247839963363,0.49087385212340523,0.49087385212340523,0.2559509318729311,0.7468247839963363,0.24543692606170261,245.43692606170262,0.12797546593646555,127.97546593646555,0.37341239199816817,373.4123919981682,373.4123919981682,2.5127923976608186,2512.7923976608186,1.227184630308513,1227.184630308513,1.227184630308513,1227.184630308513,unique_exposed_swept_capsule_mass,throughput_acquisition_density
E,10.0,78.53981633974483,2.5,4.908738521234052,4.908738521234052,0.1,1.0,0.5,0.5 g/cm^3,33.68421052631579,3600.0,9.35672514619883,18.71345029239766,derived_from_throughput,0.23826704930716494,2.3826704930716494,1.0,0.23826704930716494,2.3826704930716494,0.09530681972286598,0.5956676232679123,5.5044061445019645,0.49087385212340523,0.49087385212340523,0.059566762326791235,0.5504406144501964,0.24543692606170261,245.43692606170262,0.029783381163395618,29.783381163395617,0.2752203072250982,275.2203072250982,275.2203072250982,0.5847953216374269,584.7953216374269,0.24543692606170261,245.43692606170262,0.24543692606170261,245.43692606170262,unique_exposed_swept_capsule_mass,throughput_acquisition_density
E,10.0,78.53981633974483,2.5,4.908738521234052,4.908738521234052,0.1,1.0,0.5,0.5 g/cm^3,33.68421052631579,3600.0,9.35672514619883,18.71345029239766,derived_from_throughput,0.23826704930716494,2.3826704930716494,1.2105263157894737,0.2884285333718312,2.8842853337183123,0.1153714133487325,0.7210713334295781,5.62980985466363,0.49087385212340523,0.49087385212340523,0.0721071333429578,0.5629809854663631,0.24543692606170261,245.43692606170262,0.0360535666714789,36.053566671478904,0.28149049273318155,281.49049273318155,281.49049273318155,0.7079101261926746,707.9101261926746,0.2971078578641663,297.1078578641663,0.2971078578641663,297.1078578641663,unique_exposed_swept_capsule_mass,throughput_acquisition_density
E,10.0,78.53981633974483,2.5,4.908738521234052,4.908738521234052,0.1,1.0,0.5,0.5 g/cm^3,33.68421052631579,3600.0,9.35672514619883,18.71345029239766,derived_from_throughput,0.23826704930716494,2.3826704930716494,1.4210526315789473,0.3385900174364975,3.3859001743649753,0.135436006974599,0.8464750435912438,5.755213564825295,0.49087385212340523,0.49087385212340523,0.08464750435912438,0.5755213564825296,0.24543692606170261,245.43692606170262,0.04232375217956219,42.32375217956219,0.2877606782412648,287.76067824126477,287.76067824126477,0.8310249307479224,831.0249307479224,0.34877878966663,348.77878966663,0.34877878966663,348.77878966663,unique_exposed_swept_capsule_mass,throughput_acquisition_density
E,10.0,78.53981633974483,2.5,4.908738521234052,4.908738521234052,0.1,1.0,0.5,0.5 g/cm^3,33.68421052631579,3600.0,9.35672514619883,18.71345029239766,derived_from_throughput,0.23826704930716494,2.3826704930716494,1.631578947368421,0.38875150150116383,3.887515015011638,0.15550060060046553,0.9718787537529096,5.880617274986961,0.49087385212340523,0.49087385212340523,0.09718787537529096,0.5880617274986961,0.24543692606170261,245.43692606170262,0.04859393768764548,48.59393768764548,0.29403086374934806,294.03086374934804,294.03086374934804,0.9541397353031701,954.1397353031701,0.40044972146909374,400.44972146909373,0.40044972146909374,400.44972146909373,unique_exposed_swept_capsule_mass,throughput_acquisition_density
E,10.0,78.53981633974483,2.5,4.908738521234052,4.908738521234052,0.1,1.0,0.5,0.5 g/cm^3,33.68421052631579,3600.0,9.35672514619883,18.71345029239766,derived_from_throughput,0.23826704930716494,2.3826704930716494,1.8421052631578947,0.43891298556583014,4.389129855658301,0.17556519422633204,1.0972824639145753,6.006020985148627,0.49087385212340523,0.49087385212340523,0.10972824639145753,0.6006020985148628,0.24543692606170261,245.43692606170262,0.05486412319572877,54.864123195728766,0.3003010492574314,300.3010492574314,300.3010492574314,1.077254539858418,1077.254539858418,0.4521206532715574,452.12065327155744,0.4521206532715574,452.12065327155744,unique_exposed_swept_capsule_mass,throughput_acquisition_density
E,10.0,78.53981633974483,2.5,4.908738521234052,4.908738521234052,0.1,1.0,0.5,0.5 g/cm^3,33.68421052631579,3600.0,9.35672514619883,18.71345029239766,derived_from_throughput,0.23826704930716494,2.3826704930716494,2.052631578947368,0.4890744696304964,4.890744696304964,0.19562978785219856,1.222686174076241,6.131424695310293,0.49087385212340523,0.49087385212340523,0.1222686174076241,0.6131424695310294,0.24543692606170261,245.43692606170262,0.06113430870381205,61.134308703812046,0.3065712347655147,306.5712347655147,306.5712347655147,1.2003693444136656,1200.3693444136657,0.5037915850740211,503.7915850740211,0.5037915850740211,503.7915850740211,unique_exposed_swept_capsule_mass,throughput_acquisition_density
E,10.0,78.53981633974483,2.5,4.908738521234052,4.908738521234052,0.1,1.0,0.5,0.5 g/cm^3,33.68421052631579,3600.0,9.35672514619883,18.71345029239766,derived_from_throughput,0.23826704930716494,2.3826704930716494,2.263157894736842,0.5392359536951628,5.392359536951627,0.2156943814780651,1.3480898842379068,6.256828405471959,0.49087385212340523,0.49087385212340523,0.1348089884237907,0.6256828405471959,0.24543692606170261,245.43692606170262,0.06740449421189534,67.40449421189534,0.31284142027359796,312.841420273598,312.841420273598,1.3234841489689133,1323.4841489689134,0.5554625168764848,555.4625168764849,0.5554625168764848,555.4625168764849,unique_exposed_swept_capsule_mass,throughput_acquisition_density
E,10.0,78.53981633974483,2.5,4.908738521234052,4.908738521234052,0.1,1.0,0.5,0.5 g/cm^3,33.68421052631579,3600.0,9.35672514619883,18.71345029239766,derived_from_throughput,0.23826704930716494,2.3826704930716494,2.473684210526316,0.5893974377598291,5.893974377598291,0.23575897510393165,1.4734935943995728,6.382232115633625,0.49087385212340523,0.49087385212340523,0.14734935943995728,0.6382232115633625,0.24543692606170261,245.43692606170262,0.07367467971997864,73.67467971997864,0.31911160578168124,319.11160578168125,319.11160578168125,1.4465989535241612,1446.5989535241613,0.6071334486789486,607.1334486789486,0.6071334486789486,607.1334486789486,unique_exposed_swept_capsule_mass,throughput_acquisition_density
E,10.0,78.53981633974483,2.5,4.908738521234052,4.908738521234052,0.1,1.0,0.5,0.5 g/cm^3,33.68421052631579,3600.0,9.35672514619883,18.71345029239766,derived_from_throughput,0.23826704930716494,2.3826704930716494,2.6842105263157894,0.6395589218244954,6.395589218244954,0.25582356872979817,1.5988973045612385,6.50763582579529,0.49087385212340523,0.49087385212340523,0.15988973045612387,0.650763582579529,0.24543692606170261,245.43692606170262,0.07994486522806193,79.94486522806193,0.3253817912897645,325.3817912897645,325.3817912897645,1.569713758079409,1569.713758079409,0.6588043804814122,658.8043804814122,0.6588043804814122,658.8043804814122,unique_exposed_swept_capsule_mass,throughput_acquisition_density
E,10.0,78.53981633974483,2.5,4.908738521234052,4.908738521234052,0.1,1.0,0.5,0.5 g/cm^3,33.68421052631579,3600.0,9.35672514619883,18.71345029239766,derived_from_throughput,0.23826704930716494,2.3826704930716494,2.894736842105263,0.6897204058891616,6.897204058891616,0.27588816235566466,1.724301014722904,6.633039535956956,0.49087385212340523,0.49087385212340523,0.17243010147229043,0.6633039535956957,0.24543692606170261,245.43692606170262,0.08621505073614522,86.21505073614522,0.33165197679784786,331.65197679784785,331.65197679784785,1.6928285626346566,1692.8285626346567,0.710475312283876,710.475312283876,0.710475312283876,710.475312283876,unique_exposed_swept_capsule_mass,throughput_acquisition_density
E,10.0,78.53981633974483,2.5,4.908738521234052,4.908738521234052,0.1,1.0,0.5,0.5 g/cm^3,33.68421052631579,3600.0,9.35672514619883,18.71345029239766,derived_from_throughput,0.23826704930716494,2.3826704930716494,3.1052631578947367,0.739881889953828,7.39881889953828,0.2959527559815312,1.84970472488457,6.758443246118622,0.49087385212340523,0.49087385212340523,0.184970472488457,0.6758443246118623,0.24543692606170261,245.43692606170262,0.0924852362442285,92.4852362442285,0.33792216230593114,337.9221623059311,337.9221623059311,1.8159433671899043,1815.9433671899044,0.7621462440863397,762.1462440863397,0.7621462440863397,762.1462440863397,unique_exposed_swept_capsule_mass,throughput_acquisition_density
E,10.0,78.53981633974483,2.5,4.908738521234052,4.908738521234052,0.1,1.0,0.5,0.5 g/cm^3,33.68421052631579,3600.0,9.35672514619883,18.71345029239766,derived_from_throughput,0.23826704930716494,2.3826704930716494,3.3157894736842106,0.7900433740184943,7.900433740184943,0.31601734960739775,1.9751084350462358,6.883846956280288,0.49087385212340523,0.49087385212340523,0.19751084350462358,0.6883846956280288,0.24543692606170261,245.43692606170262,0.09875542175231179,98.75542175231179,0.3441923478140144,344.1923478140144,344.1923478140144,1.9390581717451523,1939.0581717451523,0.8138171758888034,813.8171758888034,0.8138171758888034,813.8171758888034,unique_exposed_swept_capsule_mass,throughput_acquisition_density
E,10.0,78.53981633974483,2.5,4.908738521234052,4.908738521234052,0.1,1.0,0.5,0.5 g/cm^3,33.68421052631579,3600.0,9.35672514619883,18.71345029239766,derived_from_throughput,0.23826704930716494,2.3826704930716494,3.526315789473684,0.8402048580831606,8.402048580831606,0.33608194323326424,2.1005121452079014,7.009250666441954,0.49087385212340523,0.49087385212340523,0.21005121452079015,0.7009250666441954,0.24543692606170261,245.43692606170262,0.10502560726039507,105.02560726039508,0.3504625333220977,350.4625333220977,350.4625333220977,2.0621729763004,2062.1729763004,0.865488107691267,865.488107691267,0.865488107691267,865.488107691267,unique_exposed_swept_capsule_mass,throughput_acquisition_density
E,10.0,78.53981633974483,2.5,4.908738521234052,4.908738521234052,0.1,1.0,0.5,0.5 g/cm^3,33.68421052631579,3600.0,9.35672514619883,18.71345029239766,derived_from_throughput,0.23826704930716494,2.3826704930716494,3.7368421052631575,0.8903663421478268,8.903663421478269,0.3561465368591307,2.2259158553695673,7.134654376603619,0.49087385212340523,0.49087385212340523,0.22259158553695674,0.713465437660362,0.24543692606170261,245.43692606170262,0.11129579276847837,111.29579276847836,0.356732718830181,356.732718830181,356.732718830181,2.1852877808556475,2185.2877808556473,0.9171590394937308,917.1590394937308,0.9171590394937308,917.1590394937308,unique_exposed_swept_capsule_mass,throughput_acquisition_density
E,10.0,78.53981633974483,2.5,4.908738521234052,4.908738521234052,0.1,1.0,0.5,0.5 g/cm^3,33.68421052631579,3600.0,9.35672514619883,18.71345029239766,derived_from_throughput,0.23826704930716494,2.3826704930716494,3.9473684210526314,0.9405278262124932,9.405278262124932,0.37621113048499727,2.351319565531233,7.2600580867652855,0.49087385212340523,0.49087385212340523,0.23513195655312333,0.7260058086765286,0.24543692606170261,245.43692606170262,0.11756597827656166,117.56597827656167,0.3630029043382643,363.00290433826433,363.00290433826433,2.3084025854108954,2308.4025854108954,0.9688299712961945,968.8299712961946,0.9688299712961945,968.8299712961946,unique_exposed_swept_capsule_mass,throughput_acquisition_density
E,10.0,78.53981633974483,2.5,4.908738521234052,4.908738521234052,0.1,1.0,0.5,0.5 g/cm^3,33.68421052631579,3600.0,9.35672514619883,18.71345029239766,derived_from_throughput,0.23826704930716494,2.3826704930716494,4.157894736842105,0.9906893102771595,9.906893102771594,0.39627572411086376,2.4767232756928985,7.3854617969269505,0.49087385212340523,0.49087385212340523,0.24767232756928986,0.7385461796926951,0.24543692606170261,245.43692606170262,0.12383616378464493,123.83616378464494,0.36927308984634755,369.27308984634755,369.27308984634755,2.4315173899661433,2431.517389966143,1.0205009030986583,1020.5009030986582,1.0205009030986583,1020.5009030986582,unique_exposed_swept_capsule_mass,throughput_acquisition_density
E,10.0,78.53981633974483,2.5,4.908738521234052,4.908738521234052,0.1,1.0,0.5,0.5 g/cm^3,33.68421052631579,3600.0,9.35672514619883,18.71345029239766,derived_from_throughput,0.23826704930716494,2.3826704930716494,4.368421052631579,1.0408507943418257,10.408507943418257,0.4163403177367303,2.6021269858545644,7.510865507088616,0.49087385212340523,0.49087385212340523,0.2602126985854564,0.7510865507088617,0.24543692606170261,245.43692606170262,0.1301063492927282,130.10634929272823,0.3755432753544308,375.5432753544308,375.5432753544308,2.554632194521391,2554.632194521391,1.072171834901122,1072.171834901122,1.072171834901122,1072.171834901122,unique_exposed_swept_capsule_mass,throughput_acquisition_density
E,10.0,78.53981633974483,2.5,4.908738521234052,4.908738521234052,0.1,1.0,0.5,0.5 g/cm^3,33.68421052631579,3600.0,9.35672514619883,18.71345029239766,derived_from_throughput,0.23826704930716494,2.3826704930716494,4.578947368421052,1.091012278406492,10.910122784064919,0.4364049113625968,2.7275306960162298,7.636269217250282,0.49087385212340523,0.49087385212340523,0.272753069601623,0.7636269217250282,0.24543692606170261,245.43692606170262,0.1363765348008115,136.3765348008115,0.3818134608625141,381.8134608625141,381.8134608625141,2.6777469990766387,2677.7469990766385,1.1238427667035855,1123.8427667035855,1.1238427667035855,1123.8427667035855,unique_exposed_swept_capsule_mass,throughput_acquisition_density
E,10.0,78.53981633974483,2.5,4.908738521234052,4.908738521234052,0.1,1.0,0.5,0.5 g/cm^3,33.68421052631579,3600.0,9.35672514619883,18.71345029239766,derived_from_throughput,0.23826704930716494,2.3826704930716494,4.789473684210526,1.1411737624711582,11.411737624711582,0.4564695049884633,2.8529344061778956,7.761672927411947,0.49087385212340523,0.49087385212340523,0.28529344061778955,0.7761672927411948,0.24543692606170261,245.43692606170262,0.14264672030889478,142.64672030889477,0.3880836463705974,388.08364637059736,388.08364637059736,2.800861803631886,2800.8618036318862,1.1755136985060493,1175.5136985060492,1.1755136985060493,1175.5136985060492,unique_exposed_swept_capsule_mass,throughput_acquisition_density
E,10.0,78.53981633974483,2.5,4.908738521234052,4.908738521234052,0.1,1.0,0.5,0.5 g/cm^3,33.68421052631579,3600.0,9.35672514619883,18.71345029239766,derived_from_throughput,0.23826704930716494,2.3826704930716494,5.0,1.1913352465358247,11.913352465358248,0.4765340986143299,2.978338116339562,7.887076637573614,0.49087385212340523,0.49087385212340523,0.2978338116339562,0.7887076637573615,0.24543692606170261,245.43692606170262,0.1489169058169781,148.9169058169781,0.3943538318786807,394.35383187868075,394.35383187868075,2.923976608187134,2923.976608187134,1.227184630308513,1227.184630308513,1.227184630308513,1227.184630308513,unique_exposed_swept_capsule_mass,throughput_acquisition_density
E,10.0,78.53981633974483,2.5,4.908738521234052,4.908738521234052,0.1,1.0,0.5,0.5 g/cm^3,38.421052631578945,3600.0,10.67251461988304,21.34502923976608,derived_from_throughput,0.271773353115985,2.71773353115985,1.0,0.271773353115985,2.71773353115985,0.108709341246394,0.6794333827899625,5.588171904024015,0.49087385212340523,0.49087385212340523,0.06794333827899625,0.5588171904024015,0.24543692606170261,245.43692606170262,0.033971669139498124,33.971669139498125,0.27940859520120076,279.40859520120074,279.40859520120074,0.66703216374269,667.03216374269,0.24543692606170261,245.43692606170262,0.24543692606170261,245.43692606170262,unique_exposed_swept_capsule_mass,throughput_acquisition_density
E,10.0,78.53981633974483,2.5,4.908738521234052,4.908738521234052,0.1,1.0,0.5,0.5 g/cm^3,38.421052631578945,3600.0,10.67251461988304,21.34502923976608,derived_from_throughput,0.271773353115985,2.71773353115985,1.2105263157894737,0.328988795877245,3.28988795877245,0.131595518350898,0.8224719896931125,5.7312105109271645,0.49087385212340523,0.49087385212340523,0.08224719896931126,0.5731210510927165,0.24543692606170261,245.43692606170262,0.04112359948465563,41.123599484655635,0.28656052554635825,286.56052554635824,286.56052554635824,0.8074599876885195,807.4599876885195,0.2971078578641663,297.1078578641663,0.2971078578641663,297.1078578641663,unique_exposed_swept_capsule_mass,throughput_acquisition_density
E,10.0,78.53981633974483,2.5,4.908738521234052,4.908738521234052,0.1,1.0,0.5,0.5 g/cm^3,38.421052631578945,3600.0,10.67251461988304,21.34502923976608,derived_from_throughput,0.271773353115985,2.71773353115985,1.4210526315789473,0.386204238638505,3.86204238638505,0.154481695455402,0.9655105965962625,5.874249117830314,0.49087385212340523,0.49087385212340523,0.09655105965962625,0.5874249117830315,0.24543692606170261,245.43692606170262,0.048275529829813126,48.275529829813124,0.29371245589151573,293.71245589151573,293.71245589151573,0.947887811634349,947.887811634349,0.34877878966663,348.77878966663,0.34877878966663,348.77878966663,unique_exposed_swept_capsule_mass,throughput_acquisition_density
E,10.0,78.53981633974483,2.5,4.908738521234052,4.908738521234052,0.1,1.0,0.5,0.5 g/cm^3,38.421052631578945,3600.0,10.67251461988304,21.34502923976608,derived_from_throughput,0.271773353115985,2.71773353115985,1.631578947368421,0.443419681399765,4.43419681399765,0.177367872559906,1.1085492034994124,6.017287724733464,0.49087385212340523,0.49087385212340523,0.11085492034994125,0.6017287724733464,0.24543692606170261,245.43692606170262,0.055427460174970626,55.427460174970626,0.3008643862366732,300.8643862366732,300.8643862366732,1.0883156355801784,1088.3156355801784,0.40044972146909374,400.44972146909373,0.40044972146909374,400.44972146909373,unique_exposed_swept_capsule_mass,throughput_acquisition_density
E,10.0,78.53981633974483,2.5,4.908738521234052,4.908738521234052,0.1,1.0,0.5,0.5 g/cm^3,38.421052631578945,3600.0,10.67251461988304,21.34502923976608,derived_from_throughput,0.271773353115985,2.71773353115985,1.8421052631578947,0.500635124161025,5.00635124161025,0.20025404966441,1.2515878104025624,6.160326331636615,0.49087385212340523,0.49087385212340523,0.12515878104025624,0.6160326331636615,0.24543692606170261,245.43692606170262,0.06257939052012812,62.57939052012812,0.30801631658183076,308.0163165818308,308.0163165818308,1.2287434595260078,1228.7434595260079,0.4521206532715574,452.12065327155744,0.4521206532715574,452.12065327155744,unique_exposed_swept_capsule_mass,throughput_acquisition_density
E,10.0,78.53981633974483,2.5,4.908738521234052,4.908738521234052,0.1,1.0,0.5,0.5 g/cm^3,38.421052631578945,3600.0,10.67251461988304,21.34502923976608,derived_from_throughput,0.271773353115985,2.71773353115985,2.052631578947368,0.557850566922285,5.578505669222849,0.22314022676891399,1.3946264173057124,6.303364938539764,0.49087385212340523,0.49087385212340523,0.13946264173057124,0.6303364938539765,0.24543692606170261,245.43692606170262,0.06973132086528562,69.73132086528562,0.31516824692698825,315.1682469269883,315.1682469269883,1.3691712834718373,1369.1712834718373,0.5037915850740211,503.7915850740211,0.5037915850740211,503.7915850740211,unique_exposed_swept_capsule_mass,throughput_acquisition_density
E,10.0,78.53981633974483,2.5,4.908738521234052,4.908738521234052,0.1,1.0,0.5,0.5 g/cm^3,38.421052631578945,3600.0,10.67251461988304,21.34502923976608,derived_from_throughput,0.271773353115985,2.71773353115985,2.263157894736842,0.615066009683545,6.15066009683545,0.24602640387341798,1.5376650242088625,6.446403545442914,0.49087385212340523,0.49087385212340523,0.15376650242088627,0.6446403545442915,0.24543692606170261,245.43692606170262,0.07688325121044313,76.88325121044313,0.32232017727214574,322.3201772721457,322.3201772721457,1.509599107417667,1509.5991074176668,0.5554625168764848,555.4625168764849,0.5554625168764848,555.4625168764849,unique_exposed_swept_capsule_mass,throughput_acquisition_density
E,10.0,78.53981633974483,2.5,4.908738521234052,4.908738521234052,0.1,1.0,0.5,0.5 g/cm^3,38.421052631578945,3600.0,10.67251461988304,21.34502923976608,derived_from_throughput,0.271773353115985,2.71773353115985,2.473684210526316,0.672281452444805,6.72281452444805,0.268912580977922,1.6807036311120125,6.589442152346065,0.49087385212340523,0.49087385212340523,0.16807036311120127,0.6589442152346066,0.24543692606170261,245.43692606170262,0.08403518155560064,84.03518155560063,0.3294721076173033,329.47210761730327,329.47210761730327,1.6500269313634965,1650.0269313634965,0.6071334486789486,607.1334486789486,0.6071334486789486,607.1334486789486,unique_exposed_swept_capsule_mass,throughput_acquisition_density
E,10.0,78.53981633974483,2.5,4.908738521234052,4.908738521234052,0.1,1.0,0.5,0.5 g/cm^3,38.421052631578945,3600.0,10.67251461988304,21.34502923976608,derived_from_throughput,0.271773353115985,2.71773353115985,2.6842105263157894,0.729496895206065,7.29496895206065,0.291798758082426,1.8237422380151624,6.732480759249214,0.49087385212340523,0.49087385212340523,0.18237422380151624,0.6732480759249215,0.24543692606170261,245.43692606170262,0.09118711190075812,91.18711190075813,0.33662403796246076,336.62403796246076,336.62403796246076,1.7904547553093257,1790.4547553093257,0.6588043804814122,658.8043804814122,0.6588043804814122,658.8043804814122,unique_exposed_swept_capsule_mass,throughput_acquisition_density
E,10.0,78.53981633974483,2.5,4.908738521234052,4.908738521234052,0.1,1.0,0.5,0.5 g/cm^3,38.421052631578945,3600.0,10.67251461988304,21.34502923976608,derived_from_throughput,0.271773353115985,2.71773353115985,2.894736842105263,0.7867123379673249,7.867123379673249,0.31468493518692997,1.9667808449183122,6.875519366152364,0.49087385212340523,0.49087385212340523,0.19667808449183122,0.6875519366152365,0.24543692606170261,245.43692606170262,0.09833904224591561,98.3390422459156,0.34377596830761825,343.77596830761826,343.77596830761826,1.9308825792551552,1930.8825792551552,0.710475312283876,710.475312283876,0.710475312283876,710.475312283876,unique_exposed_swept_capsule_mass,throughput_acquisition_density
E,10.0,78.53981633974483,2.5,4.908738521234052,4.908738521234052,0.1,1.0,0.5,0.5 g/cm^3,38.421052631578945,3600.0,10.67251461988304,21.34502923976608,derived_from_throughput,0.271773353115985,2.71773353115985,3.1052631578947367,0.843927780728585,8.43927780728585,0.337571112291434,2.1098194518214624,7.018557973055515,0.49087385212340523,0.49087385212340523,0.21098194518214625,0.7018557973055515,0.24543692606170261,245.43692606170262,0.10549097259107312,105.49097259107312,0.35092789865277574,350.92789865277575,350.92789865277575,2.0713104032009846,2071.3104032009846,0.7621462440863397,762.1462440863397,0.7621462440863397,762.1462440863397,unique_exposed_swept_capsule_mass,throughput_acquisition_density
E,10.0,78.53981633974483,2.5,4.908738521234052,4.908738521234052,0.1,1.0,0.5,0.5 g/cm^3,38.421052631578945,3600.0,10.67251461988304,21.34502923976608,derived_from_throughput,0.271773353115985,2.71773353115985,3.3157894736842106,0.901143223489845,9.01143223489845,0.360457289395938,2.2528580587246125,7.1615965799586645,0.49087385212340523,0.49087385212340523,0.22528580587246128,0.7161596579958664,0.24543692606170261,245.43692606170262,0.11264290293623064,112.64290293623064,0.3580798289979332,358.07982899793325,358.07982899793325,2.2117382271468142,2211.738227146814,0.8138171758888034,813.8171758888034,0.8138171758888034,813.8171758888034,unique_exposed_swept_capsule_mass,throughput_acquisition_density
E,10.0,78.53981633974483,2.5,4.908738521234052,4.908738521234052,0.1,1.0,0.5,0.5 g/cm^3,38.421052631578945,3600.0,10.67251461988304,21.34502923976608,derived_from_throughput,0.271773353115985,2.71773353115985,3.526315789473684,0.958358666251105,9.583586662511049,0.383343466500442,2.3958966656277623,7.304635186861814,0.49087385212340523,0.49087385212340523,0.23958966656277625,0.7304635186861814,0.24543692606170261,245.43692606170262,0.11979483328138812,119.79483328138812,0.3652317593430907,365.2317593430907,365.2317593430907,2.352166051092644,2352.166051092644,0.865488107691267,865.488107691267,0.865488107691267,865.488107691267,unique_exposed_swept_capsule_mass,throughput_acquisition_density
E,10.0,78.53981633974483,2.5,4.908738521234052,4.908738521234052,0.1,1.0,0.5,0.5 g/cm^3,38.421052631578945,3600.0,10.67251461988304,21.34502923976608,derived_from_throughput,0.271773353115985,2.71773353115985,3.7368421052631575,1.015574109012365,10.155741090123648,0.40622964360494596,2.538935272530912,7.447673793764964,0.49087385212340523,0.49087385212340523,0.2538935272530912,0.7447673793764964,0.24543692606170261,245.43692606170262,0.1269467636265456,126.94676362654562,0.3723836896882482,372.3836896882482,372.3836896882482,2.492593875038473,2492.593875038473,0.9171590394937308,917.1590394937308,0.9171590394937308,917.1590394937308,unique_exposed_swept_capsule_mass,throughput_acquisition_density
E,10.0,78.53981633974483,2.5,4.908738521234052,4.908738521234052,0.1,1.0,0.5,0.5 g/cm^3,38.421052631578945,3600.0,10.67251461988304,21.34502923976608,derived_from_throughput,0.271773353115985,2.71773353115985,3.9473684210526314,1.072789551773625,10.72789551773625,0.42911582070945,2.6819738794340626,7.590712400668115,0.49087385212340523,0.49087385212340523,0.26819738794340625,0.7590712400668115,0.24543692606170261,245.43692606170262,0.13409869397170313,134.0986939717031,0.37953562003340574,379.53562003340573,379.53562003340573,2.6330216989843027,2633.021698984303,0.9688299712961945,968.8299712961946,0.9688299712961945,968.8299712961946,unique_exposed_swept_capsule_mass,throughput_acquisition_density
E,10.0,78.53981633974483,2.5,4.908738521234052,4.908738521234052,0.1,1.0,0.5,0.5 g/cm^3,38.421052631578945,3600.0,10.67251461988304,21.34502923976608,derived_from_throughput,0.271773353115985,2.71773353115985,4.157894736842105,1.130004994534885,11.30004994534885,0.45200199781395395,2.8250124863372124,7.733751007571264,0.49087385212340523,0.49087385212340523,0.2825012486337212,0.7733751007571265,0.24543692606170261,245.43692606170262,0.1412506243168606,141.2506243168606,0.3866875503785632,386.68755037856323,386.68755037856323,2.7734495229301324,2773.4495229301324,1.0205009030986583,1020.5009030986582,1.0205009030986583,1020.5009030986582,unique_exposed_swept_capsule_mass,throughput_acquisition_density
E,10.0,78.53981633974483,2.5,4.908738521234052,4.908738521234052,0.1,1.0,0.5,0.5 g/cm^3,38.421052631578945,3600.0,10.67251461988304,21.34502923976608,derived_from_throughput,0.271773353115985,2.71773353115985,4.368421052631579,1.187220437296145,11.87220437296145,0.47488817491845803,2.9680510932403625,7.876789614474415,0.49087385212340523,0.49087385212340523,0.29680510932403625,0.7876789614474415,0.24543692606170261,245.43692606170262,0.14840255466201813,148.40255466201813,0.39383948072372077,393.8394807237208,393.8394807237208,2.9138773468759616,2913.8773468759614,1.072171834901122,1072.171834901122,1.072171834901122,1072.171834901122,unique_exposed_swept_capsule_mass,throughput_acquisition_density
E,10.0,78.53981633974483,2.5,4.908738521234052,4.908738521234052,0.1,1.0,0.5,0.5 g/cm^3,38.421052631578945,3600.0,10.67251461988304,21.34502923976608,derived_from_throughput,0.271773353115985,2.71773353115985,4.578947368421052,1.244435880057405,12.444358800574049,0.49777435202296194,3.1110897001435123,8.019828221377564,0.49087385212340523,0.49087385212340523,0.3111089700143512,0.8019828221377564,0.24543692606170261,245.43692606170262,0.1555544850071756,155.5544850071756,0.4009914110688782,400.9914110688782,400.9914110688782,3.0543051708217908,3054.305170821791,1.1238427667035855,1123.8427667035855,1.1238427667035855,1123.8427667035855,unique_exposed_swept_capsule_mass,throughput_acquisition_density
E,10.0,78.53981633974483,2.5,4.908738521234052,4.908738521234052,0.1,1.0,0.5,0.5 g/cm^3,38.421052631578945,3600.0,10.67251461988304,21.34502923976608,derived_from_throughput,0.271773353115985,2.71773353115985,4.789473684210526,1.3016513228186648,13.016513228186648,0.520660529127466,3.254128307046662,8.162866828280714,0.49087385212340523,0.49087385212340523,0.3254128307046662,0.8162866828280715,0.24543692606170261,245.43692606170262,0.1627064153523331,162.7064153523331,0.40814334141403574,408.1433414140357,408.1433414140357,3.1947329947676204,3194.7329947676203,1.1755136985060493,1175.5136985060492,1.1755136985060493,1175.5136985060492,unique_exposed_swept_capsule_mass,throughput_acquisition_density
E,10.0,78.53981633974483,2.5,4.908738521234052,4.908738521234052,0.1,1.0,0.5,0.5 g/cm^3,38.421052631578945,3600.0,10.67251461988304,21.34502923976608,derived_from_throughput,0.271773353115985,2.71773353115985,5.0,1.358866765579925,13.588667655799249,0.54354670623197,3.397166913949812,8.305905435183863,0.49087385212340523,0.49087385212340523,0.33971669139498123,0.8305905435183863,0.24543692606170261,245.43692606170262,0.16985834569749061,169.85834569749062,0.4152952717591932,415.29527175919316,415.29527175919316,3.33516081871345,3335.16081871345,1.227184630308513,1227.184630308513,1.227184630308513,1227.184630308513,unique_exposed_swept_capsule_mass,throughput_acquisition_density
E,10.0,78.53981633974483,2.5,4.908738521234052,4.908738521234052,0.1,1.0,0.5,0.5 g/cm^3,43.1578947368421,3600.0,11.98830409356725,23.9766081871345,derived_from_throughput,0.305279656924805,3.0527965692480503,1.0,0.305279656924805,3.0527965692480503,0.122111862769922,0.7631991423120126,5.671937663546064,0.49087385212340523,0.49087385212340523,0.07631991423120127,0.5671937663546064,0.24543692606170261,245.43692606170262,0.038159957115600635,38.15995711560063,0.2835968831773032,283.5968831773032,283.5968831773032,0.7492690058479531,749.269005847953,0.24543692606170261,245.43692606170262,0.24543692606170261,245.43692606170262,unique_exposed_swept_capsule_mass,throughput_acquisition_density
E,10.0,78.53981633974483,2.5,4.908738521234052,4.908738521234052,0.1,1.0,0.5,0.5 g/cm^3,43.1578947368421,3600.0,11.98830409356725,23.9766081871345,derived_from_throughput,0.305279656924805,3.0527965692480503,1.2105263157894737,0.3695490583826587,3.6954905838265875,0.14781962335306348,0.9238726459566469,5.832611167190699,0.49087385212340523,0.49087385212340523,0.0923872645956647,0.5832611167190699,0.24543692606170261,245.43692606170262,0.04619363229783235,46.193632297832345,0.29163055835953494,291.6305583595349,291.6305583595349,0.9070098491843642,907.0098491843643,0.2971078578641663,297.1078578641663,0.2971078578641663,297.1078578641663,unique_exposed_swept_capsule_mass,throughput_acquisition_density
E,10.0,78.53981633974483,2.5,4.908738521234052,4.908738521234052,0.1,1.0,0.5,0.5 g/cm^3,43.1578947368421,3600.0,11.98830409356725,23.9766081871345,derived_from_throughput,0.305279656924805,3.0527965692480503,1.4210526315789473,0.43381845984051237,4.338184598405124,0.17352738393620495,1.084546149601281,5.993284670835333,0.49087385212340523,0.49087385212340523,0.10845461496012809,0.5993284670835334,0.24543692606170261,245.43692606170262,0.054227307480064046,54.22730748006405,0.2996642335417667,299.6642335417667,299.6642335417667,1.0647506925207755,1064.7506925207754,0.34877878966663,348.77878966663,0.34877878966663,348.77878966663,unique_exposed_swept_capsule_mass,throughput_acquisition_density
E,10.0,78.53981633974483,2.5,4.908738521234052,4.908738521234052,0.1,1.0,0.5,0.5 g/cm^3,43.1578947368421,3600.0,11.98830409356725,23.9766081871345,derived_from_throughput,0.305279656924805,3.0527965692480503,1.631578947368421,0.4980878612983661,4.980878612983661,0.19923514451934643,1.2452196532459152,6.153958174479968,0.49087385212340523,0.49087385212340523,0.12452196532459153,0.6153958174479968,0.24543692606170261,245.43692606170262,0.062260982662295766,62.26098266229577,0.3076979087239984,307.69790872399835,307.69790872399835,1.2224915358571866,1222.4915358571866,0.40044972146909374,400.44972146909373,0.40044972146909374,400.44972146909373,unique_exposed_swept_capsule_mass,throughput_acquisition_density
E,10.0,78.53981633974483,2.5,4.908738521234052,4.908738521234052,0.1,1.0,0.5,0.5 g/cm^3,43.1578947368421,3600.0,11.98830409356725,23.9766081871345,derived_from_throughput,0.305279656924805,3.0527965692480503,1.8421052631578947,0.5623572627562198,5.623572627562198,0.2249429051024879,1.4058931568905495,6.314631678124601,0.49087385212340523,0.49087385212340523,0.14058931568905494,0.6314631678124601,0.24543692606170261,245.43692606170262,0.07029465784452747,70.29465784452748,0.3157315839062301,315.73158390623007,315.73158390623007,1.3802323791935978,1380.2323791935978,0.4521206532715574,452.12065327155744,0.4521206532715574,452.12065327155744,unique_exposed_swept_capsule_mass,throughput_acquisition_density
E,10.0,78.53981633974483,2.5,4.908738521234052,4.908738521234052,0.1,1.0,0.5,0.5 g/cm^3,43.1578947368421,3600.0,11.98830409356725,23.9766081871345,derived_from_throughput,0.305279656924805,3.0527965692480503,2.052631578947368,0.6266266642140734,6.266266642140734,0.2506506656856294,1.5665666605351836,6.475305181769236,0.49087385212340523,0.49087385212340523,0.15665666605351836,0.6475305181769236,0.24543692606170261,245.43692606170262,0.07832833302675918,78.32833302675918,0.3237652590884618,323.76525908846185,323.76525908846185,1.5379732225300087,1537.9732225300086,0.5037915850740211,503.7915850740211,0.5037915850740211,503.7915850740211,unique_exposed_swept_capsule_mass,throughput_acquisition_density
E,10.0,78.53981633974483,2.5,4.908738521234052,4.908738521234052,0.1,1.0,0.5,0.5 g/cm^3,43.1578947368421,3600.0,11.98830409356725,23.9766081871345,derived_from_throughput,0.305279656924805,3.0527965692480503,2.263157894736842,0.6908960656719272,6.908960656719271,0.2763584262687709,1.7272401641798178,6.635978685413869,0.49087385212340523,0.49087385212340523,0.1727240164179818,0.663597868541387,0.24543692606170261,245.43692606170262,0.0863620082089909,86.3620082089909,0.3317989342706935,331.7989342706935,331.7989342706935,1.69571406586642,1695.71406586642,0.5554625168764848,555.4625168764849,0.5554625168764848,555.4625168764849,unique_exposed_swept_capsule_mass,throughput_acquisition_density
E,10.0,78.53981633974483,2.5,4.908738521234052,4.908738521234052,0.1,1.0,0.5,0.5 g/cm^3,43.1578947368421,3600.0,11.98830409356725,23.9766081871345,derived_from_throughput,0.305279656924805,3.0527965692480503,2.473684210526316,0.7551654671297808,7.5516546712978085,0.30206618685191233,1.8879136678244521,6.796652189058504,0.49087385212340523,0.49087385212340523,0.18879136678244524,0.6796652189058504,0.24543692606170261,245.43692606170262,0.09439568339122262,94.39568339122262,0.3398326094529252,339.8326094529252,339.8326094529252,1.8534549092028314,1853.4549092028315,0.6071334486789486,607.1334486789486,0.6071334486789486,607.1334486789486,unique_exposed_swept_capsule_mass,throughput_acquisition_density
E,10.0,78.53981633974483,2.5,4.908738521234052,4.908738521234052,0.1,1.0,0.5,0.5 g/cm^3,43.1578947368421,3600.0,11.98830409356725,23.9766081871345,derived_from_throughput,0.305279656924805,3.0527965692480503,2.6842105263157894,0.8194348685876345,8.194348685876346,0.3277739474350538,2.0485871714690864,6.957325692703138,0.49087385212340523,0.49087385212340523,0.20485871714690865,0.6957325692703139,0.24543692606170261,245.43692606170262,0.10242935857345432,102.42935857345432,0.34786628463515695,347.86628463515694,347.86628463515694,2.0111957525392423,2011.1957525392422,0.6588043804814122,658.8043804814122,0.6588043804814122,658.8043804814122,unique_exposed_swept_capsule_mass,throughput_acquisition_density
E,10.0,78.53981633974483,2.5,4.908738521234052,4.908738521234052,0.1,1.0,0.5,0.5 g/cm^3,43.1578947368421,3600.0,11.98830409356725,23.9766081871345,derived_from_throughput,0.305279656924805,3.0527965692480503,2.894736842105263,0.8837042700454881,8.837042700454882,0.35348170801819523,2.2092606751137205,7.117999196347773,0.49087385212340523,0.49087385212340523,0.22092606751137206,0.7117999196347773,0.24543692606170261,245.43692606170262,0.11046303375568603,110.46303375568603,0.35589995981738864,355.89995981738866,355.89995981738866,2.1689365958756532,2168.9365958756534,0.710475312283876,710.475312283876,0.710475312283876,710.475312283876,unique_exposed_swept_capsule_mass,throughput_acquisition_density
E,10.0,78.53981633974483,2.5,4.908738521234052,4.908738521234052,0.1,1.0,0.5,0.5 g/cm^3,43.1578947368421,3600.0,11.98830409356725,23.9766081871345,derived_from_throughput,0.305279656924805,3.0527965692480503,3.1052631578947367,0.9479736715033419,9.479736715033418,0.37918946860133673,2.3699341787583545,7.2786726999924065,0.49087385212340523,0.49087385212340523,0.23699341787583547,0.7278672699992407,0.24543692606170261,245.43692606170262,0.11849670893791774,118.49670893791773,0.36393363499962034,363.9336349996203,363.9336349996203,2.3266774392120646,2326.6774392120647,0.7621462440863397,762.1462440863397,0.7621462440863397,762.1462440863397,unique_exposed_swept_capsule_mass,throughput_acquisition_density
E,10.0,78.53981633974483,2.5,4.908738521234052,4.908738521234052,0.1,1.0,0.5,0.5 g/cm^3,43.1578947368421,3600.0,11.98830409356725,23.9766081871345,derived_from_throughput,0.305279656924805,3.0527965692480503,3.3157894736842106,1.0122430729611955,10.122430729611956,0.40489722918447824,2.530607682402989,7.439346203637041,0.49087385212340523,0.49087385212340523,0.25306076824029894,0.7439346203637042,0.24543692606170261,245.43692606170262,0.12653038412014947,126.53038412014946,0.3719673101818521,371.9673101818521,371.9673101818521,2.484418282548476,2484.418282548476,0.8138171758888034,813.8171758888034,0.8138171758888034,813.8171758888034,unique_exposed_swept_capsule_mass,throughput_acquisition_density
E,10.0,78.53981633974483,2.5,4.908738521234052,4.908738521234052,0.1,1.0,0.5,0.5 g/cm^3,43.1578947368421,3600.0,11.98830409356725,23.9766081871345,derived_from_throughput,0.305279656924805,3.0527965692480503,3.526315789473684,1.0765124744190493,10.765124744190492,0.43060498976761974,2.691281186047623,7.600019707281675,0.49087385212340523,0.49087385212340523,0.2691281186047623,0.7600019707281676,0.24543692606170261,245.43692606170262,0.13456405930238116,134.56405930238117,0.3800009853640838,380.00098536408376,380.00098536408376,2.642159125884887,2642.159125884887,0.865488107691267,865.488107691267,0.865488107691267,865.488107691267,unique_exposed_swept_capsule_mass,throughput_acquisition_density
E,10.0,78.53981633974483,2.5,4.908738521234052,4.908738521234052,0.1,1.0,0.5,0.5 g/cm^3,43.1578947368421,3600.0,11.98830409356725,23.9766081871345,derived_from_throughput,0.305279656924805,3.0527965692480503,3.7368421052631575,1.1407818758769028,11.407818758769029,0.45631275035076113,2.851954689692257,7.760693210926309,0.49087385212340523,0.49087385212340523,0.2851954689692257,0.7760693210926309,0.24543692606170261,245.43692606170262,0.14259773448461285,142.59773448461286,0.38803466054631547,388.0346605463155,388.0346605463155,2.7998999692212982,2799.8999692212983,0.9171590394937308,917.1590394937308,0.9171590394937308,917.1590394937308,unique_exposed_swept_capsule_mass,throughput_acquisition_density
E,10.0,78.53981633974483,2.5,4.908738521234052,4.908738521234052,0.1,1.0,0.5,0.5 g/cm^3,43.1578947368421,3600.0,11.98830409356725,23.9766081871345,derived_from_throughput,0.305279656924805,3.0527965692480503,3.9473684210526314,1.2050512773347566,12.050512773347567,0.48202051093390264,3.0126281933368917,7.921366714570944,0.49087385212340523,0.49087385212340523,0.3012628193336892,0.7921366714570944,0.24543692606170261,245.43692606170262,0.1506314096668446,150.6314096668446,0.3960683357285472,396.0683357285472,396.0683357285472,2.9576408125577096,2957.6408125577095,0.9688299712961945,968.8299712961946,0.9688299712961945,968.8299712961946,unique_exposed_swept_capsule_mass,throughput_acquisition_density
E,10.0,78.53981633974483,2.5,4.908738521234052,4.908738521234052,0.1,1.0,0.5,0.5 g/cm^3,43.1578947368421,3600.0,11.98830409356725,23.9766081871345,derived_from_throughput,0.305279656924805,3.0527965692480503,4.157894736842105,1.2693206787926103,12.693206787926103,0.5077282715170441,3.1733016969815258,8.082040218215578,0.49087385212340523,0.49087385212340523,0.3173301696981526,0.8082040218215578,0.24543692606170261,245.43692606170262,0.1586650848490763,158.6650848490763,0.4041020109107789,404.1020109107789,404.1020109107789,3.115381655894121,3115.381655894121,1.0205009030986583,1020.5009030986582,1.0205009030986583,1020.5009030986582,unique_exposed_swept_capsule_mass,throughput_acquisition_density
E,10.0,78.53981633974483,2.5,4.908738521234052,4.908738521234052,0.1,1.0,0.5,0.5 g/cm^3,43.1578947368421,3600.0,11.98830409356725,23.9766081871345,derived_from_throughput,0.305279656924805,3.0527965692480503,4.368421052631579,1.3335900802504639,13.33590080250464,0.5334360321001855,3.33397520062616,8.242713721860213,0.49087385212340523,0.49087385212340523,0.333397520062616,0.8242713721860213,0.24543692606170261,245.43692606170262,0.166698760031308,166.698760031308,0.41213568609301066,412.13568609301063,412.13568609301063,3.273122499230532,3273.122499230532,1.072171834901122,1072.171834901122,1.072171834901122,1072.171834901122,unique_exposed_swept_capsule_mass,throughput_acquisition_density
E,10.0,78.53981633974483,2.5,4.908738521234052,4.908738521234052,0.1,1.0,0.5,0.5 g/cm^3,43.1578947368421,3600.0,11.98830409356725,23.9766081871345,derived_from_throughput,0.305279656924805,3.0527965692480503,4.578947368421052,1.3978594817083176,13.978594817083177,0.559143792683327,3.4946487042707943,8.403387225504847,0.49087385212340523,0.49087385212340523,0.34946487042707947,0.8403387225504848,0.24543692606170261,245.43692606170262,0.17473243521353973,174.73243521353973,0.4201693612752424,420.1693612752424,420.1693612752424,3.430863342566943,3430.8633425669427,1.1238427667035855,1123.8427667035855,1.1238427667035855,1123.8427667035855,unique_exposed_swept_capsule_mass,throughput_acquisition_density
E,10.0,78.53981633974483,2.5,4.908738521234052,4.908738521234052,0.1,1.0,0.5,0.5 g/cm^3,43.1578947368421,3600.0,11.98830409356725,23.9766081871345,derived_from_throughput,0.305279656924805,3.0527965692480503,4.789473684210526,1.4621288831661712,14.621288831661712,0.5848515532664684,3.655322207915428,8.56406072914948,0.49087385212340523,0.49087385212340523,0.3655322207915428,0.8564060729149481,0.24543692606170261,245.43692606170262,0.1827661103957714,182.7661103957714,0.42820303645747404,428.203036457474,428.203036457474,3.5886041859033537,3588.604185903354,1.1755136985060493,1175.5136985060492,1.1755136985060493,1175.5136985060492,unique_exposed_swept_capsule_mass,throughput_acquisition_density
E,10.0,78.53981633974483,2.5,4.908738521234052,4.908738521234052,0.1,1.0,0.5,0.5 g/cm^3,43.1578947368421,3600.0,11.98830409356725,23.9766081871345,derived_from_throughput,0.305279656924805,3.0527965692480503,5.0,1.5263982846240252,15.263982846240252,0.61055931384961,3.815995711560063,8.724734232794114,0.49087385212340523,0.49087385212340523,0.3815995711560063,0.8724734232794115,0.24543692606170261,245.43692606170262,0.19079978557800314,190.79978557800314,0.43623671163970573,436.23671163970573,436.23671163970573,3.7463450292397655,3746.3450292397656,1.227184630308513,1227.184630308513,1.227184630308513,1227.184630308513,unique_exposed_swept_capsule_mass,throughput_acquisition_density
E,10.0,78.53981633974483,2.5,4.908738521234052,4.908738521234052,0.1,1.0,0.5,0.5 g/cm^3,47.89473684210526,3600.0,13.304093567251462,26.608187134502923,derived_from_throughput,0.33878596073362516,3.3878596073362517,1.0,0.33878596073362516,3.3878596073362517,0.13551438429345006,0.8469649018340629,5.755703423068115,0.49087385212340523,0.49087385212340523,0.0846964901834063,0.5755703423068116,0.24543692606170261,245.43692606170262,0.04234824509170315,42.34824509170315,0.2877851711534058,287.78517115340577,287.78517115340577,0.8315058479532164,831.5058479532164,0.24543692606170261,245.43692606170262,0.24543692606170261,245.43692606170262,unique_exposed_swept_capsule_mass,throughput_acquisition_density
E,10.0,78.53981633974483,2.5,4.908738521234052,4.908738521234052,0.1,1.0,0.5,0.5 g/cm^3,47.89473684210526,3600.0,13.304093567251462,26.608187134502923,derived_from_throughput,0.33878596073362516,3.3878596073362517,1.2105263157894737,0.41010932088807256,4.101093208880726,0.164043728355229,1.0252733022201814,5.934011823454234,0.49087385212340523,0.49087385212340523,0.10252733022201815,0.5934011823454234,0.24543692606170261,245.43692606170262,0.05126366511100908,51.263665111009075,0.2967005911727117,296.7005911727117,296.7005911727117,1.0065597106802093,1006.5597106802094,0.2971078578641663,297.1078578641663,0.2971078578641663,297.1078578641663,unique_exposed_swept_capsule_mass,throughput_acquisition_density
E,10.0,78.53981633974483,2.5,4.908738521234052,4.908738521234052,0.1,1.0,0.5,0.5 g/cm^3,47.89473684210526,3600.0,13.304093567251462,26.608187134502923,derived_from_throughput,0.33878596073362516,3.3878596073362517,1.4210526315789473,0.48143268104251996,4.814326810425199,0.192573072417008,1.2035817026062998,6.112320223840352,0.49087385212340523,0.49087385212340523,0.12035817026062999,0.6112320223840353,0.24543692606170261,245.43692606170262,0.060179085130314995,60.179085130314995,0.30561601119201764,305.61601119201765,305.61601119201765,1.1816135734072022,1181.6135734072022,0.34877878966663,348.77878966663,0.34877878966663,348.77878966663,unique_exposed_swept_capsule_mass,throughput_acquisition_density
E,10.0,78.53981633974483,2.5,4.908738521234052,4.908738521234052,0.1,1.0,0.5,0.5 g/cm^3,47.89473684210526,3600.0,13.304093567251462,26.608187134502923,derived_from_throughput,0.33878596073362516,3.3878596073362517,1.631578947368421,0.5527560411969673,5.527560411969673,0.22110241647878692,1.3818901029924182,6.29062862422647,0.49087385212340523,0.49087385212340523,0.13818901029924183,0.6290628624226471,0.24543692606170261,245.43692606170262,0.06909450514962091,69.09450514962091,0.31453143121132354,314.53143121132354,314.53143121132354,1.356667436134195,1356.667436134195,0.40044972146909374,400.44972146909373,0.40044972146909374,400.44972146909373,unique_exposed_swept_capsule_mass,throughput_acquisition_density
E,10.0,78.53981633974483,2.5,4.908738521234052,4.908738521234052,0.1,1.0,0.5,0.5 g/cm^3,47.89473684210526,3600.0,13.304093567251462,26.608187134502923,derived_from_throughput,0.33878596073362516,3.3878596073362517,1.8421052631578947,0.6240794013514147,6.240794013514147,0.24963176054056588,1.5601985033785368,6.468937024612589,0.49087385212340523,0.49087385212340523,0.1560198503378537,0.6468937024612589,0.24543692606170261,245.43692606170262,0.07800992516892685,78.00992516892686,0.32344685123062944,323.4468512306294,323.4468512306294,1.531721298861188,1531.721298861188,0.4521206532715574,452.12065327155744,0.4521206532715574,452.12065327155744,unique_exposed_swept_capsule_mass,throughput_acquisition_density
E,10.0,78.53981633974483,2.5,4.908738521234052,4.908738521234052,0.1,1.0,0.5,0.5 g/cm^3,47.89473684210526,3600.0,13.304093567251462,26.608187134502923,derived_from_throughput,0.33878596073362516,3.3878596073362517,2.052631578947368,0.6954027615058621,6.954027615058621,0.27816110460234483,1.7385069037646552,6.647245424998707,0.49087385212340523,0.49087385212340523,0.17385069037646553,0.6647245424998708,0.24543692606170261,245.43692606170262,0.08692534518823276,86.92534518823277,0.3323622712499354,332.3622712499354,332.3622712499354,1.7067751615881808,1706.7751615881807,0.5037915850740211,503.7915850740211,0.5037915850740211,503.7915850740211,unique_exposed_swept_capsule_mass,throughput_acquisition_density
E,10.0,78.53981633974483,2.5,4.908738521234052,4.908738521234052,0.1,1.0,0.5,0.5 g/cm^3,47.89473684210526,3600.0,13.304093567251462,26.608187134502923,derived_from_throughput,0.33878596073362516,3.3878596073362517,2.263157894736842,0.7667261216603095,7.667261216603095,0.3066904486641238,1.9168153041507738,6.825553825384826,0.49087385212340523,0.49087385212340523,0.1916815304150774,0.6825553825384826,0.24543692606170261,245.43692606170262,0.0958407652075387,95.84076520753871,0.3412776912692413,341.2776912692413,341.2776912692413,1.8818290243151738,1881.829024315174,0.5554625168764848,555.4625168764849,0.5554625168764848,555.4625168764849,unique_exposed_swept_capsule_mass,throughput_acquisition_density
E,10.0,78.53981633974483,2.5,4.908738521234052,4.908738521234052,0.1,1.0,0.5,0.5 g/cm^3,47.89473684210526,3600.0,13.304093567251462,26.608187134502923,derived_from_throughput,0.33878596073362516,3.3878596073362517,2.473684210526316,0.838049481814757,8.38049481814757,0.3352197927259028,2.0951237045368925,7.003862225770945,0.49087385212340523,0.49087385212340523,0.20951237045368926,0.7003862225770945,0.24543692606170261,245.43692606170262,0.10475618522684463,104.75618522684462,0.35019311128854724,350.19311128854724,350.19311128854724,2.0568828870421667,2056.8828870421667,0.6071334486789486,607.1334486789486,0.6071334486789486,607.1334486789486,unique_exposed_swept_capsule_mass,throughput_acquisition_density
E,10.0,78.53981633974483,2.5,4.908738521234052,4.908738521234052,0.1,1.0,0.5,0.5 g/cm^3,47.89473684210526,3600.0,13.304093567251462,26.608187134502923,derived_from_throughput,0.33878596073362516,3.3878596073362517,2.6842105263157894,0.9093728419692043,9.093728419692043,0.3637491367876817,2.273432104923011,7.182170626157063,0.49087385212340523,0.49087385212340523,0.2273432104923011,0.7182170626157064,0.24543692606170261,245.43692606170262,0.11367160524615055,113.67160524615055,0.3591085313078532,359.1085313078532,359.1085313078532,2.23193674976916,2231.9367497691596,0.6588043804814122,658.8043804814122,0.6588043804814122,658.8043804814122,unique_exposed_swept_capsule_mass,throughput_acquisition_density
E,10.0,78.53981633974483,2.5,4.908738521234052,4.908738521234052,0.1,1.0,0.5,0.5 g/cm^3,47.89473684210526,3600.0,13.304093567251462,26.608187134502923,derived_from_throughput,0.33878596073362516,3.3878596073362517,2.894736842105263,0.9806962021236517,9.806962021236517,0.3922784808494607,2.4517405053091292,7.360479026543182,0.49087385212340523,0.49087385212340523,0.24517405053091293,0.7360479026543182,0.24543692606170261,245.43692606170262,0.12258702526545646,122.58702526545646,0.3680239513271591,368.02395132715907,368.02395132715907,2.4069906124961524,2406.9906124961526,0.710475312283876,710.475312283876,0.710475312283876,710.475312283876,unique_exposed_swept_capsule_mass,throughput_acquisition_density
E,10.0,78.53981633974483,2.5,4.908738521234052,4.908738521234052,0.1,1.0,0.5,0.5 g/cm^3,47.89473684210526,3600.0,13.304093567251462,26.608187134502923,derived_from_throughput,0.33878596073362516,3.3878596073362517,3.1052631578947367,1.0520195622780992,10.520195622780992,0.4208078249112397,2.630048905695248,7.5387874269293,0.49087385212340523,0.49087385212340523,0.2630048905695248,0.7538787426929301,0.24543692606170261,245.43692606170262,0.1315024452847624,131.50244528476242,0.37693937134646505,376.93937134646507,376.93937134646507,2.5820444752231455,2582.0444752231456,0.7621462440863397,762.1462440863397,0.7621462440863397,762.1462440863397,unique_exposed_swept_capsule_mass,throughput_acquisition_density
E,10.0,78.53981633974483,2.5,4.908738521234052,4.908738521234052,0.1,1.0,0.5,0.5 g/cm^3,47.89473684210526,3600.0,13.304093567251462,26.608187134502923,derived_from_throughput,0.33878596073362516,3.3878596073362517,3.3157894736842106,1.1233429224325466,11.233429224325466,0.4493371689730187,2.8083573060813665,7.717095827315418,0.49087385212340523,0.49087385212340523,0.28083573060813666,0.7717095827315419,0.24543692606170261,245.43692606170262,0.14041786530406833,140.41786530406833,0.38585479136577094,385.85479136577095,385.85479136577095,2.7570983379501386,2757.0983379501386,0.8138171758888034,813.8171758888034,0.8138171758888034,813.8171758888034,unique_exposed_swept_capsule_mass,throughput_acquisition_density
E,10.0,78.53981633974483,2.5,4.908738521234052,4.908738521234052,0.1,1.0,0.5,0.5 g/cm^3,47.89473684210526,3600.0,13.304093567251462,26.608187134502923,derived_from_throughput,0.33878596073362516,3.3878596073362517,3.526315789473684,1.194666282586994,11.94666282586994,0.4778665130347976,2.986665706467485,7.895404227701537,0.49087385212340523,0.49087385212340523,0.2986665706467485,0.7895404227701537,0.24543692606170261,245.43692606170262,0.14933328532337425,149.33328532337424,0.39477021138507684,394.77021138507683,394.77021138507683,2.9321522006771312,2932.152200677131,0.865488107691267,865.488107691267,0.865488107691267,865.488107691267,unique_exposed_swept_capsule_mass,throughput_acquisition_density
E,10.0,78.53981633974483,2.5,4.908738521234052,4.908738521234052,0.1,1.0,0.5,0.5 g/cm^3,47.89473684210526,3600.0,13.304093567251462,26.608187134502923,derived_from_throughput,0.33878596073362516,3.3878596073362517,3.7368421052631575,1.2659896427414412,12.659896427414413,0.5063958570965765,3.1649741068536033,8.073712628087655,0.49087385212340523,0.49087385212340523,0.31649741068536036,0.8073712628087656,0.24543692606170261,245.43692606170262,0.15824870534268018,158.24870534268018,0.4036856314043828,403.6856314043828,403.6856314043828,3.107206063404124,3107.206063404124,0.9171590394937308,917.1590394937308,0.9171590394937308,917.1590394937308,unique_exposed_swept_capsule_mass,throughput_acquisition_density
E,10.0,78.53981633974483,2.5,4.908738521234052,4.908738521234052,0.1,1.0,0.5,0.5 g/cm^3,47.89473684210526,3600.0,13.304093567251462,26.608187134502923,derived_from_throughput,0.33878596073362516,3.3878596073362517,3.9473684210526314,1.3373130028958888,13.373130028958888,0.5349252011583555,3.343282507239722,8.252021028473774,0.49087385212340523,0.49087385212340523,0.3343282507239722,0.8252021028473774,0.24543692606170261,245.43692606170262,0.1671641253619861,167.1641253619861,0.4126010514236887,412.6010514236887,412.6010514236887,3.282259926131117,3282.259926131117,0.9688299712961945,968.8299712961946,0.9688299712961945,968.8299712961946,unique_exposed_swept_capsule_mass,throughput_acquisition_density
E,10.0,78.53981633974483,2.5,4.908738521234052,4.908738521234052,0.1,1.0,0.5,0.5 g/cm^3,47.89473684210526,3600.0,13.304093567251462,26.608187134502923,derived_from_throughput,0.33878596073362516,3.3878596073362517,4.157894736842105,1.4086363630503362,14.086363630503362,0.5634545452201345,3.5215909076258405,8.430329428859892,0.49087385212340523,0.49087385212340523,0.35215909076258406,0.8430329428859893,0.24543692606170261,245.43692606170262,0.17607954538129203,176.07954538129204,0.42151647144299464,421.51647144299466,421.51647144299466,3.45731378885811,3457.31378885811,1.0205009030986583,1020.5009030986582,1.0205009030986583,1020.5009030986582,unique_exposed_swept_capsule_mass,throughput_acquisition_density
E,10.0,78.53981633974483,2.5,4.908738521234052,4.908738521234052,0.1,1.0,0.5,0.5 g/cm^3,47.89473684210526,3600.0,13.304093567251462,26.608187134502923,derived_from_throughput,0.33878596073362516,3.3878596073362517,4.368421052631579,1.4799597232047834,14.799597232047834,0.5919838892819134,3.6998993080119584,8.60863782924601,0.49087385212340523,0.49087385212340523,0.36998993080119585,0.8608637829246011,0.24543692606170261,245.43692606170262,0.18499496540059793,184.99496540059792,0.43043189146230054,430.43189146230054,430.43189146230054,3.632367651585103,3632.367651585103,1.072171834901122,1072.171834901122,1.072171834901122,1072.171834901122,unique_exposed_swept_capsule_mass,throughput_acquisition_density
E,10.0,78.53981633974483,2.5,4.908738521234052,4.908738521234052,0.1,1.0,0.5,0.5 g/cm^3,47.89473684210526,3600.0,13.304093567251462,26.608187134502923,derived_from_throughput,0.33878596073362516,3.3878596073362517,4.578947368421052,1.5512830833592308,15.512830833592307,0.6205132333436923,3.878207708398077,8.786946229632129,0.49087385212340523,0.49087385212340523,0.3878207708398077,0.8786946229632129,0.24543692606170261,245.43692606170262,0.19391038541990385,193.91038541990386,0.43934731148160644,439.3473114816064,439.3473114816064,3.8074215143120957,3807.421514312096,1.1238427667035855,1123.8427667035855,1.1238427667035855,1123.8427667035855,unique_exposed_swept_capsule_mass,throughput_acquisition_density
E,10.0,78.53981633974483,2.5,4.908738521234052,4.908738521234052,0.1,1.0,0.5,0.5 g/cm^3,47.89473684210526,3600.0,13.304093567251462,26.608187134502923,derived_from_throughput,0.33878596073362516,3.3878596073362517,4.789473684210526,1.6226064435136782,16.22606443513678,0.6490425774054713,4.056516108784195,8.965254630018247,0.49087385212340523,0.49087385212340523,0.40565161087841956,0.8965254630018248,0.24543692606170261,245.43692606170262,0.20282580543920978,202.82580543920977,0.4482627315009124,448.26273150091237,448.26273150091237,3.9824753770390884,3982.4753770390885,1.1755136985060493,1175.5136985060492,1.1755136985060493,1175.5136985060492,unique_exposed_swept_capsule_mass,throughput_acquisition_density
E,10.0,78.53981633974483,2.5,4.908738521234052,4.908738521234052,0.1,1.0,0.5,0.5 g/cm^3,47.89473684210526,3600.0,13.304093567251462,26.608187134502923,derived_from_throughput,0.33878596073362516,3.3878596073362517,5.0,1.6939298036681258,16.939298036681258,0.6775719214672503,4.2348245091703145,9.143563030404366,0.49087385212340523,0.49087385212340523,0.42348245091703146,0.9143563030404366,0.24543692606170261,245.43692606170262,0.21174122545851573,211.74122545851574,0.4571781515202183,457.1781515202183,457.1781515202183,4.157529239766082,4157.529239766082,1.227184630308513,1227.184630308513,1.227184630308513,1227.184630308513,unique_exposed_swept_capsule_mass,throughput_acquisition_density
E,10.0,78.53981633974483,2.5,4.908738521234052,4.908738521234052,0.1,1.0,0.5,0.5 g/cm^3,52.63157894736842,3600.0,14.619883040935672,29.239766081871345,derived_from_throughput,0.37229226454244524,3.722922645424452,1.0,0.37229226454244524,3.722922645424452,0.14891690581697808,0.930730661356113,5.839469182590165,0.49087385212340523,0.49087385212340523,0.09307306613561131,0.5839469182590165,0.24543692606170261,245.43692606170262,0.046536533067805655,46.53653306780566,0.29197345912950823,291.9734591295082,291.9734591295082,0.9137426900584795,913.7426900584795,0.24543692606170261,245.43692606170262,0.24543692606170261,245.43692606170262,unique_exposed_swept_capsule_mass,throughput_acquisition_density
E,10.0,78.53981633974483,2.5,4.908738521234052,4.908738521234052,0.1,1.0,0.5,0.5 g/cm^3,52.63157894736842,3600.0,14.619883040935672,29.239766081871345,derived_from_throughput,0.37229226454244524,3.722922645424452,1.2105263157894737,0.45066958339348634,4.506695833934863,0.18026783335739455,1.1266739584837158,6.035412479717768,0.49087385212340523,0.49087385212340523,0.11266739584837158,0.6035412479717768,0.24543692606170261,245.43692606170262,0.05633369792418579,56.33369792418579,0.3017706239858884,301.7706239858884,301.7706239858884,1.106109572176054,1106.1095721760541,0.2971078578641663,297.1078578641663,0.2971078578641663,297.1078578641663,unique_exposed_swept_capsule_mass,throughput_acquisition_density
E,10.0,78.53981633974483,2.5,4.908738521234052,4.908738521234052,0.1,1.0,0.5,0.5 g/cm^3,52.63157894736842,3600.0,14.619883040935672,29.239766081871345,derived_from_throughput,0.37229226454244524,3.722922645424452,1.4210526315789473,0.5290469022445274,5.290469022445274,0.21161876089781098,1.3226172556113185,6.231355776845371,0.49087385212340523,0.49087385212340523,0.13226172556113186,0.6231355776845371,0.24543692606170261,245.43692606170262,0.06613086278056593,66.13086278056593,0.31156778884226854,311.56778884226856,311.56778884226856,1.2984764542936287,1298.4764542936286,0.34877878966663,348.77878966663,0.34877878966663,348.77878966663,unique_exposed_swept_capsule_mass,throughput_acquisition_density
E,10.0,78.53981633974483,2.5,4.908738521234052,4.908738521234052,0.1,1.0,0.5,0.5 g/cm^3,52.63157894736842,3600.0,14.619883040935672,29.239766081871345,derived_from_throughput,0.37229226454244524,3.722922645424452,1.631578947368421,0.6074242210955685,6.074242210955685,0.2429696884382274,1.5185605527389212,6.427299073972973,0.49087385212340523,0.49087385212340523,0.15185605527389212,0.6427299073972974,0.24543692606170261,245.43692606170262,0.07592802763694606,75.92802763694606,0.3213649536986487,321.3649536986487,321.3649536986487,1.4908433364112035,1490.8433364112034,0.40044972146909374,400.44972146909373,0.40044972146909374,400.44972146909373,unique_exposed_swept_capsule_mass,throughput_acquisition_density
E,10.0,78.53981633974483,2.5,4.908738521234052,4.908738521234052,0.1,1.0,0.5,0.5 g/cm^3,52.63157894736842,3600.0,14.619883040935672,29.239766081871345,derived_from_throughput,0.37229226454244524,3.722922645424452,1.8421052631578947,0.6858015399466096,6.858015399466097,0.2743206159786439,1.7145038498665242,6.623242371100576,0.49087385212340523,0.49087385212340523,0.17145038498665244,0.6623242371100577,0.24543692606170261,245.43692606170262,0.08572519249332622,85.72519249332622,0.33116211855502886,331.1621185550289,331.1621185550289,1.683210218528778,1683.2102185287781,0.4521206532715574,452.12065327155744,0.4521206532715574,452.12065327155744,unique_exposed_swept_capsule_mass,throughput_acquisition_density
E,10.0,78.53981633974483,2.5,4.908738521234052,4.908738521234052,0.1,1.0,0.5,0.5 g/cm^3,52.63157894736842,3600.0,14.619883040935672,29.239766081871345,derived_from_throughput,0.37229226454244524,3.722922645424452,2.052631578947368,0.7641788587976507,7.641788587976507,0.3056715435190603,1.9104471469941267,6.819185668228179,0.49087385212340523,0.49087385212340523,0.19104471469941267,0.6819185668228179,0.24543692606170261,245.43692606170262,0.09552235734970634,95.52235734970634,0.34095928341140896,340.959283411409,340.959283411409,1.8755771006463524,1875.5771006463524,0.5037915850740211,503.7915850740211,0.5037915850740211,503.7915850740211,unique_exposed_swept_capsule_mass,throughput_acquisition_density
E,10.0,78.53981633974483,2.5,4.908738521234052,4.908738521234052,0.1,1.0,0.5,0.5 g/cm^3,52.63157894736842,3600.0,14.619883040935672,29.239766081871345,derived_from_throughput,0.37229226454244524,3.722922645424452,2.263157894736842,0.8425561776486918,8.42556177648692,0.33702247105947675,2.10639044412173,7.015128965355782,0.49087385212340523,0.49087385212340523,0.210639044412173,0.7015128965355782,0.24543692606170261,245.43692606170262,0.1053195222060865,105.31952220608649,0.3507564482677891,350.7564482677891,350.7564482677891,2.067943982763927,2067.943982763927,0.5554625168764848,555.4625168764849,0.5554625168764848,555.4625168764849,unique_exposed_swept_capsule_mass,throughput_acquisition_density
E,10.0,78.53981633974483,2.5,4.908738521234052,4.908738521234052,0.1,1.0,0.5,0.5 g/cm^3,52.63157894736842,3600.0,14.619883040935672,29.239766081871345,derived_from_throughput,0.37229226454244524,3.722922645424452,2.473684210526316,0.920933496499733,9.20933496499733,0.3683733985998932,2.3023337412493325,7.211072262483384,0.49087385212340523,0.49087385212340523,0.23023337412493328,0.7211072262483385,0.24543692606170261,245.43692606170262,0.11511668706246664,115.11668706246664,0.3605536131241692,360.5536131241692,360.5536131241692,2.260310864881502,2260.310864881502,0.6071334486789486,607.1334486789486,0.6071334486789486,607.1334486789486,unique_exposed_swept_capsule_mass,throughput_acquisition_density
E,10.0,78.53981633974483,2.5,4.908738521234052,4.908738521234052,0.1,1.0,0.5,0.5 g/cm^3,52.63157894736842,3600.0,14.619883040935672,29.239766081871345,derived_from_throughput,0.37229226454244524,3.722922645424452,2.6842105263157894,0.999310815350774,9.993108153507741,0.3997243261403096,2.4982770383769353,7.407015559610987,0.49087385212340523,0.49087385212340523,0.24982770383769354,0.7407015559610988,0.24543692606170261,245.43692606170262,0.12491385191884677,124.91385191884677,0.3703507779805494,370.35077798054937,370.35077798054937,2.4526777469990764,2452.6777469990766,0.6588043804814122,658.8043804814122,0.6588043804814122,658.8043804814122,unique_exposed_swept_capsule_mass,throughput_acquisition_density
E,10.0,78.53981633974483,2.5,4.908738521234052,4.908738521234052,0.1,1.0,0.5,0.5 g/cm^3,52.63157894736842,3600.0,14.619883040935672,29.239766081871345,derived_from_throughput,0.37229226454244524,3.722922645424452,2.894736842105263,1.077688134201815,10.77688134201815,0.43107525368072597,2.6942203355045375,7.6029588567385895,0.49087385212340523,0.49087385212340523,0.26942203355045374,0.760295885673859,0.24543692606170261,245.43692606170262,0.13471101677522687,134.71101677522688,0.3801479428369295,380.1479428369295,380.1479428369295,2.645044629116651,2645.0446291166513,0.710475312283876,710.475312283876,0.710475312283876,710.475312283876,unique_exposed_swept_capsule_mass,throughput_acquisition_density
E,10.0,78.53981633974483,2.5,4.908738521234052,4.908738521234052,0.1,1.0,0.5,0.5 g/cm^3,52.63157894736842,3600.0,14.619883040935672,29.239766081871345,derived_from_throughput,0.37229226454244524,3.722922645424452,3.1052631578947367,1.1560654530528562,11.560654530528563,0.4624261812211425,2.8901636326321407,7.798902153866193,0.49087385212340523,0.49087385212340523,0.28901636326321406,0.7798902153866193,0.24543692606170261,245.43692606170262,0.14450818163160703,144.50818163160702,0.38994510769330964,389.94510769330964,389.94510769330964,2.837411511234226,2837.411511234226,0.7621462440863397,762.1462440863397,0.7621462440863397,762.1462440863397,unique_exposed_swept_capsule_mass,throughput_acquisition_density
E,10.0,78.53981633974483,2.5,4.908738521234052,4.908738521234052,0.1,1.0,0.5,0.5 g/cm^3,52.63157894736842,3600.0,14.619883040935672,29.239766081871345,derived_from_throughput,0.37229226454244524,3.722922645424452,3.3157894736842106,1.2344427719038975,12.344427719038976,0.493777108761559,3.086106929759744,7.994845450993796,0.49087385212340523,0.49087385212340523,0.30861069297597443,0.7994845450993796,0.24543692606170261,245.43692606170262,0.15430534648798722,154.3053464879872,0.3997422725496898,399.7422725496898,399.7422725496898,3.0297783933518008,3029.778393351801,0.8138171758888034,813.8171758888034,0.8138171758888034,813.8171758888034,unique_exposed_swept_capsule_mass,throughput_acquisition_density
E,10.0,78.53981633974483,2.5,4.908738521234052,4.908738521234052,0.1,1.0,0.5,0.5 g/cm^3,52.63157894736842,3600.0,14.619883040935672,29.239766081871345,derived_from_throughput,0.37229226454244524,3.722922645424452,3.526315789473684,1.3128200907549383,13.128200907549383,0.5251280363019754,3.2820502268873457,8.190788748121397,0.49087385212340523,0.49087385212340523,0.3282050226887346,0.8190788748121398,0.24543692606170261,245.43692606170262,0.1641025113443673,164.1025113443673,0.4095394374060699,409.5394374060699,409.5394374060699,3.222145275469375,3222.145275469375,0.865488107691267,865.488107691267,0.865488107691267,865.488107691267,unique_exposed_swept_capsule_mass,throughput_acquisition_density
E,10.0,78.53981633974483,2.5,4.908738521234052,4.908738521234052,0.1,1.0,0.5,0.5 g/cm^3,52.63157894736842,3600.0,14.619883040935672,29.239766081871345,derived_from_throughput,0.37229226454244524,3.722922645424452,3.7368421052631575,1.3911974096059794,13.911974096059794,0.5564789638423917,3.4779935240149484,8.386732045249001,0.49087385212340523,0.49087385212340523,0.34779935240149484,0.8386732045249001,0.24543692606170261,245.43692606170262,0.17389967620074742,173.89967620074742,0.41933660226245006,419.33660226245007,419.33660226245007,3.4145121575869495,3414.5121575869493,0.9171590394937308,917.1590394937308,0.9171590394937308,917.1590394937308,unique_exposed_swept_capsule_mass,throughput_acquisition_density
E,10.0,78.53981633974483,2.5,4.908738521234052,4.908738521234052,0.1,1.0,0.5,0.5 g/cm^3,52.63157894736842,3600.0,14.619883040935672,29.239766081871345,derived_from_throughput,0.37229226454244524,3.722922645424452,3.9473684210526314,1.4695747284570206,14.695747284570206,0.5878298913828083,3.6739368211425516,8.582675342376604,0.49087385212340523,0.49087385212340523,0.36739368211425516,0.8582675342376604,0.24543692606170261,245.43692606170262,0.18369684105712758,183.69684105712759,0.4291337671188302,429.13376711883024,429.13376711883024,3.6068790397045243,3606.879039704524,0.9688299712961945,968.8299712961946,0.9688299712961945,968.8299712961946,unique_exposed_swept_capsule_mass,throughput_acquisition_density
E,10.0,78.53981633974483,2.5,4.908738521234052,4.908738521234052,0.1,1.0,0.5,0.5 g/cm^3,52.63157894736842,3600.0,14.619883040935672,29.239766081871345,derived_from_throughput,0.37229226454244524,3.722922645424452,4.157894736842105,1.547952047308062,15.479520473080619,0.6191808189232247,3.8698801182701548,8.778618639504206,0.49087385212340523,0.49087385212340523,0.3869880118270155,0.8778618639504207,0.24543692606170261,245.43692606170262,0.19349400591350774,193.49400591350775,0.4389309319752103,438.93093197521034,438.93093197521034,3.799245921822099,3799.2459218220993,1.0205009030986583,1020.5009030986582,1.0205009030986583,1020.5009030986582,unique_exposed_swept_capsule_mass,throughput_acquisition_density
E,10.0,78.53981633974483,2.5,4.908738521234052,4.908738521234052,0.1,1.0,0.5,0.5 g/cm^3,52.63157894736842,3600.0,14.619883040935672,29.239766081871345,derived_from_throughput,0.37229226454244524,3.722922645424452,4.368421052631579,1.6263293661591027,16.263293661591028,0.6505317464636411,4.065823415397757,8.974561936631808,0.49087385212340523,0.49087385212340523,0.40658234153977574,0.8974561936631809,0.24543692606170261,245.43692606170262,0.20329117076988787,203.29117076988786,0.44872809683159043,448.72809683159045,448.72809683159045,3.9916128039396734,3991.6128039396735,1.072171834901122,1072.171834901122,1.072171834901122,1072.171834901122,unique_exposed_swept_capsule_mass,throughput_acquisition_density
E,10.0,78.53981633974483,2.5,4.908738521234052,4.908738521234052,0.1,1.0,0.5,0.5 g/cm^3,52.63157894736842,3600.0,14.619883040935672,29.239766081871345,derived_from_throughput,0.37229226454244524,3.722922645424452,4.578947368421052,1.7047066850101438,17.047066850101437,0.6818826740040576,4.261766712525359,9.17050523375941,0.49087385212340523,0.49087385212340523,0.42617667125253594,0.9170505233759411,0.24543692606170261,245.43692606170262,0.21308833562626797,213.08833562626796,0.45852526168797053,458.52526168797056,458.52526168797056,4.183979686057248,4183.979686057248,1.1238427667035855,1123.8427667035855,1.1238427667035855,1123.8427667035855,unique_exposed_swept_capsule_mass,throughput_acquisition_density
E,10.0,78.53981633974483,2.5,4.908738521234052,4.908738521234052,0.1,1.0,0.5,0.5 g/cm^3,52.63157894736842,3600.0,14.619883040935672,29.239766081871345,derived_from_throughput,0.37229226454244524,3.722922645424452,4.789473684210526,1.7830840038611848,17.830840038611846,0.7132336015444739,4.457710009652962,9.366448530887013,0.49087385212340523,0.49087385212340523,0.4457710009652962,0.9366448530887013,0.24543692606170261,245.43692606170262,0.2228855004826481,222.8855004826481,0.46832242654435063,468.3224265443506,468.3224265443506,4.376346568174823,4376.346568174823,1.1755136985060493,1175.5136985060492,1.1755136985060493,1175.5136985060492,unique_exposed_swept_capsule_mass,throughput_acquisition_density
E,10.0,78.53981633974483,2.5,4.908738521234052,4.908738521234052,0.1,1.0,0.5,0.5 g/cm^3,52.63157894736842,3600.0,14.619883040935672,29.239766081871345,derived_from_throughput,0.37229226454244524,3.722922645424452,5.0,1.861461322712226,18.614613227122263,0.7445845290848905,4.653653306780566,9.562391828014619,0.49087385212340523,0.49087385212340523,0.4653653306780566,0.9562391828014619,0.24543692606170261,245.43692606170262,0.2326826653390283,232.6826653390283,0.47811959140073096,478.11959140073094,478.11959140073094,4.568713450292398,4568.713450292398,1.227184630308513,1227.184630308513,1.227184630308513,1227.184630308513,unique_exposed_swept_capsule_mass,throughput_acquisition_density
E,10.0,78.53981633974483,2.5,4.908738521234052,4.908738521234052,0.1,1.0,0.5,0.5 g/cm^3,57.368421052631575,3600.0,15.935672514619881,31.871345029239762,derived_from_throughput,0.40579856835126527,4.057985683512653,1.0,0.40579856835126527,4.057985683512653,0.1623194273405061,1.0144964208781633,5.923234942112215,0.49087385212340523,0.49087385212340523,0.10144964208781633,0.5923234942112215,0.24543692606170261,245.43692606170262,0.050724821043908165,50.724821043908165,0.2961617471056108,296.1617471056108,296.1617471056108,0.9959795321637426,995.9795321637425,0.24543692606170261,245.43692606170262,0.24543692606170261,245.43692606170262,unique_exposed_swept_capsule_mass,throughput_acquisition_density
E,10.0,78.53981633974483,2.5,4.908738521234052,4.908738521234052,0.1,1.0,0.5,0.5 g/cm^3,57.368421052631575,3600.0,15.935672514619881,31.871345029239762,derived_from_throughput,0.40579856835126527,4.057985683512653,1.2105263157894737,0.49122984589890006,4.912298458989,0.19649193835956003,1.22807461474725,6.136813135981302,0.49087385212340523,0.49087385212340523,0.12280746147472502,0.6136813135981303,0.24543692606170261,245.43692606170262,0.06140373073736251,61.40373073736251,0.30684065679906514,306.84065679906513,306.84065679906513,1.2056594336718989,1205.6594336718988,0.2971078578641663,297.1078578641663,0.2971078578641663,297.1078578641663,unique_exposed_swept_capsule_mass,throughput_acquisition_density
E,10.0,78.53981633974483,2.5,4.908738521234052,4.908738521234052,0.1,1.0,0.5,0.5 g/cm^3,57.368421052631575,3600.0,15.935672514619881,31.871345029239762,derived_from_throughput,0.40579856835126527,4.057985683512653,1.4210526315789473,0.5766611234465349,5.766611234465349,0.23066444937861394,1.4416528086163372,6.350391329850389,0.49087385212340523,0.49087385212340523,0.14416528086163372,0.6350391329850389,0.24543692606170261,245.43692606170262,0.07208264043081686,72.08264043081685,0.31751956649251944,317.51956649251946,317.51956649251946,1.4153393351800552,1415.339335180055,0.34877878966663,348.77878966663,0.34877878966663,348.77878966663,unique_exposed_swept_capsule_mass,throughput_acquisition_density
E,10.0,78.53981633974483,2.5,4.908738521234052,4.908738521234052,0.1,1.0,0.5,0.5 g/cm^3,57.368421052631575,3600.0,15.935672514619881,31.871345029239762,derived_from_throughput,0.40579856835126527,4.057985683512653,1.631578947368421,0.6620924009941697,6.620924009941697,0.26483696039766785,1.6552310024854242,6.563969523719476,0.49087385212340523,0.49087385212340523,0.16552310024854244,0.6563969523719476,0.24543692606170261,245.43692606170262,0.08276155012427122,82.76155012427122,0.3281984761859738,328.1984761859738,328.1984761859738,1.6250192366882115,1625.0192366882115,0.40044972146909374,400.44972146909373,0.40044972146909374,400.44972146909373,unique_exposed_swept_capsule_mass,throughput_acquisition_density
E,10.0,78.53981633974483,2.5,4.908738521234052,4.908738521234052,0.1,1.0,0.5,0.5 g/cm^3,57.368421052631575,3600.0,15.935672514619881,31.871345029239762,derived_from_throughput,0.40579856835126527,4.057985683512653,1.8421052631578947,0.7475236785418045,7.475236785418044,0.2990094714167218,1.868809196354511,6.777547717588563,0.49087385212340523,0.49087385212340523,0.18688091963545111,0.6777547717588563,0.24543692606170261,245.43692606170262,0.09344045981772556,93.44045981772555,0.3388773858794282,338.8773858794282,338.8773858794282,1.8346991381963678,1834.6991381963678,0.4521206532715574,452.12065327155744,0.4521206532715574,452.12065327155744,unique_exposed_swept_capsule_mass,throughput_acquisition_density
E,10.0,78.53981633974483,2.5,4.908738521234052,4.908738521234052,0.1,1.0,0.5,0.5 g/cm^3,57.368421052631575,3600.0,15.935672514619881,31.871345029239762,derived_from_throughput,0.40579856835126527,4.057985683512653,2.052631578947368,0.8329549560894391,8.329549560894392,0.3331819824357757,2.082387390223598,6.99112591145765,0.49087385212340523,0.49087385212340523,0.20823873902235981,0.6991125911457651,0.24543692606170261,245.43692606170262,0.10411936951117991,104.11936951117991,0.34955629557288254,349.55629557288256,349.55629557288256,2.044379039704524,2044.3790397045238,0.5037915850740211,503.7915850740211,0.5037915850740211,503.7915850740211,unique_exposed_swept_capsule_mass,throughput_acquisition_density
E,10.0,78.53981633974483,2.5,4.908738521234052,4.908738521234052,0.1,1.0,0.5,0.5 g/cm^3,57.368421052631575,3600.0,15.935672514619881,31.871345029239762,derived_from_throughput,0.40579856835126527,4.057985683512653,2.263157894736842,0.918386233637074,9.183862336370739,0.36735449345482957,2.2959655840926847,7.204704105326737,0.49087385212340523,0.49087385212340523,0.2295965584092685,0.7204704105326738,0.24543692606170261,245.43692606170262,0.11479827920463424,114.79827920463424,0.3602352052663369,360.2352052663369,360.2352052663369,2.2540589412126804,2254.0589412126806,0.5554625168764848,555.4625168764849,0.5554625168764848,555.4625168764849,unique_exposed_swept_capsule_mass,throughput_acquisition_density
E,10.0,78.53981633974483,2.5,4.908738521234052,4.908738521234052,0.1,1.0,0.5,0.5 g/cm^3,57.368421052631575,3600.0,15.935672514619881,31.871345029239762,derived_from_throughput,0.40579856835126527,4.057985683512653,2.473684210526316,1.003817511184709,10.038175111847089,0.40152700447388356,2.509543777961772,7.418282299195824,0.49087385212340523,0.49087385212340523,0.25095437779617724,0.7418282299195824,0.24543692606170261,245.43692606170262,0.12547718889808862,125.47718889808863,0.3709141149597912,370.9141149597912,370.9141149597912,2.463738842720837,2463.738842720837,0.6071334486789486,607.1334486789486,0.6071334486789486,607.1334486789486,unique_exposed_swept_capsule_mass,throughput_acquisition_density
E,10.0,78.53981633974483,2.5,4.908738521234052,4.908738521234052,0.1,1.0,0.5,0.5 g/cm^3,57.368421052631575,3600.0,15.935672514619881,31.871345029239762,derived_from_throughput,0.40579856835126527,4.057985683512653,2.6842105263157894,1.0892487887323437,10.892487887323437,0.43569951549293745,2.7231219718308592,7.631860493064911,0.49087385212340523,0.49087385212340523,0.2723121971830859,0.7631860493064911,0.24543692606170261,245.43692606170262,0.13615609859154296,136.15609859154296,0.38159302465324557,381.59302465324555,381.59302465324555,2.673418744228993,2673.418744228993,0.6588043804814122,658.8043804814122,0.6588043804814122,658.8043804814122,unique_exposed_swept_capsule_mass,throughput_acquisition_density
E,10.0,78.53981633974483,2.5,4.908738521234052,4.908738521234052,0.1,1.0,0.5,0.5 g/cm^3,57.368421052631575,3600.0,15.935672514619881,31.871345029239762,derived_from_throughput,0.40579856835126527,4.057985683512653,2.894736842105263,1.1746800662799783,11.746800662799783,0.46987202651199134,2.936700165699946,7.845438686933997,0.49087385212340523,0.49087385212340523,0.2936700165699946,0.7845438686933998,0.24543692606170261,245.43692606170262,0.1468350082849973,146.8350082849973,0.3922719343466999,392.2719343466999,392.2719343466999,2.883098645737149,2883.098645737149,0.710475312283876,710.475312283876,0.710475312283876,710.475312283876,unique_exposed_swept_capsule_mass,throughput_acquisition_density
E,10.0,78.53981633974483,2.5,4.908738521234052,4.908738521234052,0.1,1.0,0.5,0.5 g/cm^3,57.368421052631575,3600.0,15.935672514619881,31.871345029239762,derived_from_throughput,0.40579856835126527,4.057985683512653,3.1052631578947367,1.2601113438276133,12.601113438276133,0.5040445375310453,3.1502783595690333,8.059016880803085,0.49087385212340523,0.49087385212340523,0.31502783595690337,0.8059016880803086,0.24543692606170261,245.43692606170262,0.15751391797845168,157.51391797845167,0.4029508440401543,402.9508440401543,402.9508440401543,3.092778547245306,3092.778547245306,0.7621462440863397,762.1462440863397,0.7621462440863397,762.1462440863397,unique_exposed_swept_capsule_mass,throughput_acquisition_density
E,10.0,78.53981633974483,2.5,4.908738521234052,4.908738521234052,0.1,1.0,0.5,0.5 g/cm^3,57.368421052631575,3600.0,15.935672514619881,31.871345029239762,derived_from_throughput,0.40579856835126527,4.057985683512653,3.3157894736842106,1.345542621375248,13.45542621375248,0.5382170485500992,3.36385655343812,8.272595074672171,0.49087385212340523,0.49087385212340523,0.33638565534381204,0.8272595074672172,0.24543692606170261,245.43692606170262,0.16819282767190602,168.19282767190603,0.4136297537336086,413.6297537336086,413.6297537336086,3.3024584487534625,3302.4584487534626,0.8138171758888034,813.8171758888034,0.8138171758888034,813.8171758888034,unique_exposed_swept_capsule_mass,throughput_acquisition_density
E,10.0,78.53981633974483,2.5,4.908738521234052,4.908738521234052,0.1,1.0,0.5,0.5 g/cm^3,57.368421052631575,3600.0,15.935672514619881,31.871345029239762,derived_from_throughput,0.40579856835126527,4.057985683512653,3.526315789473684,1.4309738989228826,14.309738989228826,0.572389559569153,3.5774347473072066,8.486173268541258,0.49087385212340523,0.49087385212340523,0.35774347473072066,0.8486173268541258,0.24543692606170261,245.43692606170262,0.17887173736536033,178.87173736536033,0.4243086634270629,424.3086634270629,424.3086634270629,3.5121383502616186,3512.1383502616186,0.865488107691267,865.488107691267,0.865488107691267,865.488107691267,unique_exposed_swept_capsule_mass,throughput_acquisition_density
E,10.0,78.53981633974483,2.5,4.908738521234052,4.908738521234052,0.1,1.0,0.5,0.5 g/cm^3,57.368421052631575,3600.0,15.935672514619881,31.871345029239762,derived_from_throughput,0.40579856835126527,4.057985683512653,3.7368421052631575,1.5164051764705173,15.164051764705173,0.6065620705882069,3.791012941176293,8.699751462410346,0.49087385212340523,0.49087385212340523,0.37910129411762933,0.8699751462410346,0.24543692606170261,245.43692606170262,0.18955064705881466,189.55064705881466,0.4349875731205173,434.98757312051725,434.98757312051725,3.7218182517697747,3721.8182517697746,0.9171590394937308,917.1590394937308,0.9171590394937308,917.1590394937308,unique_exposed_swept_capsule_mass,throughput_acquisition_density
E,10.0,78.53981633974483,2.5,4.908738521234052,4.908738521234052,0.1,1.0,0.5,0.5 g/cm^3,57.368421052631575,3600.0,15.935672514619881,31.871345029239762,derived_from_throughput,0.40579856835126527,4.057985683512653,3.9473684210526314,1.6018364540181522,16.018364540181523,0.6407345816072609,4.004591135045381,8.913329656279434,0.49087385212340523,0.49087385212340523,0.4004591135045381,0.8913329656279434,0.24543692606170261,245.43692606170262,0.20022955675226906,200.22955675226905,0.4456664828139717,445.6664828139717,445.6664828139717,3.931498153277931,3931.498153277931,0.9688299712961945,968.8299712961946,0.9688299712961945,968.8299712961946,unique_exposed_swept_capsule_mass,throughput_acquisition_density
E,10.0,78.53981633974483,2.5,4.908738521234052,4.908738521234052,0.1,1.0,0.5,0.5 g/cm^3,57.368421052631575,3600.0,15.935672514619881,31.871345029239762,derived_from_throughput,0.40579856835126527,4.057985683512653,4.157894736842105,1.6872677315657871,16.87267731565787,0.6749070926263149,4.218169328914468,9.12690785014852,0.49087385212340523,0.49087385212340523,0.4218169328914468,0.912690785014852,0.24543692606170261,245.43692606170262,0.2109084664457234,210.9084664457234,0.456345392507426,456.345392507426,456.345392507426,4.141178054786088,4141.178054786088,1.0205009030986583,1020.5009030986582,1.0205009030986583,1020.5009030986582,unique_exposed_swept_capsule_mass,throughput_acquisition_density
E,10.0,78.53981633974483,2.5,4.908738521234052,4.908738521234052,0.1,1.0,0.5,0.5 g/cm^3,57.368421052631575,3600.0,15.935672514619881,31.871345029239762,derived_from_throughput,0.40579856835126527,4.057985683512653,4.368421052631579,1.7726990091134218,17.72699009113422,0.7090796036453687,4.431747522783555,9.340486044017606,0.49087385212340523,0.49087385212340523,0.4431747522783555,0.9340486044017606,0.24543692606170261,245.43692606170262,0.22158737613917776,221.58737613917776,0.4670243022008803,467.0243022008803,467.0243022008803,4.350857956294243,4350.857956294243,1.072171834901122,1072.171834901122,1.072171834901122,1072.171834901122,unique_exposed_swept_capsule_mass,throughput_acquisition_density
E,10.0,78.53981633974483,2.5,4.908738521234052,4.908738521234052,0.1,1.0,0.5,0.5 g/cm^3,57.368421052631575,3600.0,15.935672514619881,31.871345029239762,derived_from_throughput,0.40579856835126527,4.057985683512653,4.578947368421052,1.8581302866610565,18.581302866610564,0.7432521146644226,4.645325716652641,9.554064237886692,0.49087385212340523,0.49087385212340523,0.4645325716652641,0.9554064237886692,0.24543692606170261,245.43692606170262,0.23226628583263206,232.26628583263206,0.4777032118943346,477.70321189433463,477.70321189433463,4.5605378578024,4560.5378578024,1.1238427667035855,1123.8427667035855,1.1238427667035855,1123.8427667035855,unique_exposed_swept_capsule_mass,throughput_acquisition_density
E,10.0,78.53981633974483,2.5,4.908738521234052,4.908738521234052,0.1,1.0,0.5,0.5 g/cm^3,57.368421052631575,3600.0,15.935672514619881,31.871345029239762,derived_from_throughput,0.40579856835126527,4.057985683512653,4.789473684210526,1.9435615642086912,19.435615642086912,0.7774246256834765,4.858903910521728,9.76764243175578,0.49087385212340523,0.49087385212340523,0.4858903910521728,0.9767642431755781,0.24543692606170261,245.43692606170262,0.2429451955260864,242.9451955260864,0.48838212158778904,488.382121587789,488.382121587789,4.7702177593105555,4770.217759310555,1.1755136985060493,1175.5136985060492,1.1755136985060493,1175.5136985060492,unique_exposed_swept_capsule_mass,throughput_acquisition_density
E,10.0,78.53981633974483,2.5,4.908738521234052,4.908738521234052,0.1,1.0,0.5,0.5 g/cm^3,57.368421052631575,3600.0,15.935672514619881,31.871345029239762,derived_from_throughput,0.40579856835126527,4.057985683512653,5.0,2.0289928417563265,20.289928417563267,0.8115971367025306,5.072482104390817,9.981220625624868,0.49087385212340523,0.49087385212340523,0.5072482104390817,0.9981220625624868,0.24543692606170261,245.43692606170262,0.2536241052195409,253.62410521954087,0.4990610312812434,499.0610312812434,499.0610312812434,4.979897660818713,4979.897660818713,1.227184630308513,1227.184630308513,1.227184630308513,1227.184630308513,unique_exposed_swept_capsule_mass,throughput_acquisition_density
E,10.0,78.53981633974483,2.5,4.908738521234052,4.908738521234052,0.1,1.0,0.5,0.5 g/cm^3,62.10526315789473,3600.0,17.251461988304094,34.50292397660819,derived_from_throughput,0.43930487216008535,4.393048721600853,1.0,0.43930487216008535,4.393048721600853,0.17572194886403414,1.0982621804002133,6.007000701634265,0.49087385212340523,0.49087385212340523,0.10982621804002134,0.6007000701634265,0.24543692606170261,245.43692606170262,0.05491310902001067,54.913109020010666,0.30035003508171326,300.35003508171326,300.35003508171326,1.0782163742690059,1078.2163742690059,0.24543692606170261,245.43692606170262,0.24543692606170261,245.43692606170262,unique_exposed_swept_capsule_mass,throughput_acquisition_density
E,10.0,78.53981633974483,2.5,4.908738521234052,4.908738521234052,0.1,1.0,0.5,0.5 g/cm^3,62.10526315789473,3600.0,17.251461988304094,34.50292397660819,derived_from_throughput,0.43930487216008535,4.393048721600853,1.2105263157894737,0.5317901084043138,5.317901084043139,0.21271604336172553,1.3294752710107847,6.238213792244837,0.49087385212340523,0.49087385212340523,0.13294752710107846,0.6238213792244838,0.24543692606170261,245.43692606170262,0.06647376355053923,66.47376355053923,0.3119106896122419,311.91068961224187,311.91068961224187,1.3052092951677439,1305.209295167744,0.2971078578641663,297.1078578641663,0.2971078578641663,297.1078578641663,unique_exposed_swept_capsule_mass,throughput_acquisition_density
E,10.0,78.53981633974483,2.5,4.908738521234052,4.908738521234052,0.1,1.0,0.5,0.5 g/cm^3,62.10526315789473,3600.0,17.251461988304094,34.50292397660819,derived_from_throughput,0.43930487216008535,4.393048721600853,1.4210526315789473,0.6242753446485423,6.242753446485423,0.24971013785941693,1.5606883616213558,6.469426882855408,0.49087385212340523,0.49087385212340523,0.1560688361621356,0.6469426882855408,0.24543692606170261,245.43692606170262,0.0780344180810678,78.0344180810678,0.3234713441427704,323.4713441427704,323.4713441427704,1.5322022160664819,1532.202216066482,0.34877878966663,348.77878966663,0.34877878966663,348.77878966663,unique_exposed_swept_capsule_mass,throughput_acquisition_density
E,10.0,78.53981633974483,2.5,4.908738521234052,4.908738521234052,0.1,1.0,0.5,0.5 g/cm^3,62.10526315789473,3600.0,17.251461988304094,34.50292397660819,derived_from_throughput,0.43930487216008535,4.393048721600853,1.631578947368421,0.7167605808927708,7.167605808927709,0.28670423235710835,1.7919014522319272,6.700639973465979,0.49087385212340523,0.49087385212340523,0.17919014522319274,0.6700639973465979,0.24543692606170261,245.43692606170262,0.08959507261159637,89.59507261159636,0.33503199867329897,335.031998673299,335.031998673299,1.7591951369652201,1759.1951369652202,0.40044972146909374,400.44972146909373,0.40044972146909374,400.44972146909373,unique_exposed_swept_capsule_mass,throughput_acquisition_density
E,10.0,78.53981633974483,2.5,4.908738521234052,4.908738521234052,0.1,1.0,0.5,0.5 g/cm^3,62.10526315789473,3600.0,17.251461988304094,34.50292397660819,derived_from_throughput,0.43930487216008535,4.393048721600853,1.8421052631578947,0.8092458171369993,8.092458171369993,0.3236983268547997,2.023114542842498,6.9318530640765506,0.49087385212340523,0.49087385212340523,0.20231145428424982,0.6931853064076551,0.24543692606170261,245.43692606170262,0.10115572714212491,101.15572714212492,0.34659265320382754,346.5926532038275,346.5926532038275,1.9861880578639581,1986.1880578639582,0.4521206532715574,452.12065327155744,0.4521206532715574,452.12065327155744,unique_exposed_swept_capsule_mass,throughput_acquisition_density
E,10.0,78.53981633974483,2.5,4.908738521234052,4.908738521234052,0.1,1.0,0.5,0.5 g/cm^3,62.10526315789473,3600.0,17.251461988304094,34.50292397660819,derived_from_throughput,0.43930487216008535,4.393048721600853,2.052631578947368,0.9017310533812277,9.017310533812278,0.3606924213524911,2.2543276334530695,7.1630661546871215,0.49087385212340523,0.49087385212340523,0.22543276334530696,0.7163066154687122,0.24543692606170261,245.43692606170262,0.11271638167265348,112.71638167265348,0.3581533077343561,358.15330773435613,358.15330773435613,2.2131809787626957,2213.1809787626958,0.5037915850740211,503.7915850740211,0.5037915850740211,503.7915850740211,unique_exposed_swept_capsule_mass,throughput_acquisition_density
E,10.0,78.53981633974483,2.5,4.908738521234052,4.908738521234052,0.1,1.0,0.5,0.5 g/cm^3,62.10526315789473,3600.0,17.251461988304094,34.50292397660819,derived_from_throughput,0.43930487216008535,4.393048721600853,2.263157894736842,0.9942162896254563,9.942162896254562,0.3976865158501825,2.4855407240636405,7.394279245297692,0.49087385212340523,0.49087385212340523,0.24855407240636407,0.7394279245297692,0.24543692606170261,245.43692606170262,0.12427703620318203,124.27703620318204,0.3697139622648846,369.71396226488463,369.71396226488463,2.4401738996614344,2440.1738996614345,0.5554625168764848,555.4625168764849,0.5554625168764848,555.4625168764849,unique_exposed_swept_capsule_mass,throughput_acquisition_density
E,10.0,78.53981633974483,2.5,4.908738521234052,4.908738521234052,0.1,1.0,0.5,0.5 g/cm^3,62.10526315789473,3600.0,17.251461988304094,34.50292397660819,derived_from_throughput,0.43930487216008535,4.393048721600853,2.473684210526316,1.0867015258696848,10.86701525869685,0.4346806103478739,2.7167538146742123,7.625492335908264,0.49087385212340523,0.49087385212340523,0.27167538146742126,0.7625492335908265,0.24543692606170261,245.43692606170262,0.13583769073371063,135.83769073371064,0.38127461679541325,381.27461679541324,381.27461679541324,2.6671668205601726,2667.1668205601727,0.6071334486789486,607.1334486789486,0.6071334486789486,607.1334486789486,unique_exposed_swept_capsule_mass,throughput_acquisition_density
E,10.0,78.53981633974483,2.5,4.908738521234052,4.908738521234052,0.1,1.0,0.5,0.5 g/cm^3,62.10526315789473,3600.0,17.251461988304094,34.50292397660819,derived_from_throughput,0.43930487216008535,4.393048721600853,2.6842105263157894,1.1791867621139132,11.791867621139131,0.4716747048455653,2.947966905284783,7.856705426518834,0.49087385212340523,0.49087385212340523,0.2947966905284783,0.7856705426518835,0.24543692606170261,245.43692606170262,0.14739834526423914,147.39834526423914,0.39283527132594176,392.83527132594173,392.83527132594173,2.8941597414589104,2894.1597414589105,0.6588043804814122,658.8043804814122,0.6588043804814122,658.8043804814122,unique_exposed_swept_capsule_mass,throughput_acquisition_density
E,10.0,78.53981633974483,2.5,4.908738521234052,4.908738521234052,0.1,1.0,0.5,0.5 g/cm^3,62.10526315789473,3600.0,17.251461988304094,34.50292397660819,derived_from_throughput,0.43930487216008535,4.393048721600853,2.894736842105263,1.2716719983581417,12.716719983581417,0.5086687993432567,3.179179995895354,8.087918517129406,0.49087385212340523,0.49087385212340523,0.3179179995895354,0.8087918517129407,0.24543692606170261,245.43692606170262,0.1589589997947677,158.95899979476772,0.40439592585647033,404.39592585647034,404.39592585647034,3.121152662357648,3121.1526623576483,0.710475312283876,710.475312283876,0.710475312283876,710.475312283876,unique_exposed_swept_capsule_mass,throughput_acquisition_density
E,10.0,78.53981633974483,2.5,4.908738521234052,4.908738521234052,0.1,1.0,0.5,0.5 g/cm^3,62.10526315789473,3600.0,17.251461988304094,34.50292397660819,derived_from_throughput,0.43930487216008535,4.393048721600853,3.1052631578947367,1.3641572346023703,13.641572346023702,0.5456628938409481,3.4103930865059255,8.319131607739978,0.49087385212340523,0.49087385212340523,0.34103930865059257,0.8319131607739978,0.24543692606170261,245.43692606170262,0.17051965432529628,170.51965432529627,0.4159565803869989,415.9565803869989,415.9565803869989,3.3481455832563864,3348.1455832563865,0.7621462440863397,762.1462440863397,0.7621462440863397,762.1462440863397,unique_exposed_swept_capsule_mass,throughput_acquisition_density
E,10.0,78.53981633974483,2.5,4.908738521234052,4.908738521234052,0.1,1.0,0.5,0.5 g/cm^3,62.10526315789473,3600.0,17.251461988304094,34.50292397660819,derived_from_throughput,0.43930487216008535,4.393048721600853,3.3157894736842106,1.4566424708465988,14.566424708465988,0.5826569883386395,3.641606177116497,8.55034469835055,0.49087385212340523,0.49087385212340523,0.3641606177116497,0.855034469835055,0.24543692606170261,245.43692606170262,0.18208030885582485,182.08030885582485,0.4275172349175275,427.5172349175275,427.5172349175275,3.5751385041551247,3575.138504155125,0.8138171758888034,813.8171758888034,0.8138171758888034,813.8171758888034,unique_exposed_swept_capsule_mass,throughput_acquisition_density
E,10.0,78.53981633974483,2.5,4.908738521234052,4.908738521234052,0.1,1.0,0.5,0.5 g/cm^3,62.10526315789473,3600.0,17.251461988304094,34.50292397660819,derived_from_throughput,0.43930487216008535,4.393048721600853,3.526315789473684,1.5491277070908271,15.491277070908271,0.6196510828363309,3.872819267727068,8.78155778896112,0.49087385212340523,0.49087385212340523,0.3872819267727068,0.8781557788961121,0.24543692606170261,245.43692606170262,0.1936409633863534,193.6409633863534,0.43907788944805604,439.07788944805606,439.07788944805606,3.8021314250538625,3802.1314250538626,0.865488107691267,865.488107691267,0.865488107691267,865.488107691267,unique_exposed_swept_capsule_mass,throughput_acquisition_density
E,10.0,78.53981633974483,2.5,4.908738521234052,4.908738521234052,0.1,1.0,0.5,0.5 g/cm^3,62.10526315789473,3600.0,17.251461988304094,34.50292397660819,derived_from_throughput,0.43930487216008535,4.393048721600853,3.7368421052631575,1.6416129433350557,16.416129433350555,0.6566451773340223,4.104032358337639,9.01277087957169,0.49087385212340523,0.49087385212340523,0.4104032358337639,0.901277087957169,0.24543692606170261,245.43692606170262,0.20520161791688196,205.20161791688196,0.4506385439785845,450.6385439785845,450.6385439785845,4.0291243459526,4029.1243459526004,0.9171590394937308,917.1590394937308,0.9171590394937308,917.1590394937308,unique_exposed_swept_capsule_mass,throughput_acquisition_density
E,10.0,78.53981633974483,2.5,4.908738521234052,4.908738521234052,0.1,1.0,0.5,0.5 g/cm^3,62.10526315789473,3600.0,17.251461988304094,34.50292397660819,derived_from_throughput,0.43930487216008535,4.393048721600853,3.9473684210526314,1.7340981795792842,17.340981795792842,0.6936392718317137,4.335245448948211,9.243983970182263,0.49087385212340523,0.49087385212340523,0.43352454489482106,0.9243983970182263,0.24543692606170261,245.43692606170262,0.21676227244741053,216.76227244741054,0.4621991985091132,462.19919850911316,462.19919850911316,4.256117266851339,4256.117266851339,0.9688299712961945,968.8299712961946,0.9688299712961945,968.8299712961946,unique_exposed_swept_capsule_mass,throughput_acquisition_density
E,10.0,78.53981633974483,2.5,4.908738521234052,4.908738521234052,0.1,1.0,0.5,0.5 g/cm^3,62.10526315789473,3600.0,17.251461988304094,34.50292397660819,derived_from_throughput,0.43930487216008535,4.393048721600853,4.157894736842105,1.8265834158235128,18.26583415823513,0.7306333663294051,4.5664585395587824,9.475197060792834,0.49087385212340523,0.49087385212340523,0.45664585395587826,0.9475197060792834,0.24543692606170261,245.43692606170262,0.22832292697793913,228.32292697793912,0.4737598530396417,473.7598530396417,473.7598530396417,4.483110187750077,4483.110187750077,1.0205009030986583,1020.5009030986582,1.0205009030986583,1020.5009030986582,unique_exposed_swept_capsule_mass,throughput_acquisition_density
E,10.0,78.53981633974483,2.5,4.908738521234052,4.908738521234052,0.1,1.0,0.5,0.5 g/cm^3,62.10526315789473,3600.0,17.251461988304094,34.50292397660819,derived_from_throughput,0.43930487216008535,4.393048721600853,4.368421052631579,1.9190686520677411,19.19068652067741,0.7676274608270964,4.7976716301693525,9.706410151403404,0.49087385212340523,0.49087385212340523,0.4797671630169353,0.9706410151403404,0.24543692606170261,245.43692606170262,0.23988358150846764,239.88358150846764,0.4853205075701702,485.3205075701702,485.3205075701702,4.7101031086488145,4710.103108648815,1.072171834901122,1072.171834901122,1.072171834901122,1072.171834901122,unique_exposed_swept_capsule_mass,throughput_acquisition_density
E,10.0,78.53981633974483,2.5,4.908738521234052,4.908738521234052,0.1,1.0,0.5,0.5 g/cm^3,62.10526315789473,3600.0,17.251461988304094,34.50292397660819,derived_from_throughput,0.43930487216008535,4.393048721600853,4.578947368421052,2.0115538883119695,20.115538883119694,0.8046215553247877,5.028884720779923,9.937623242013975,0.49087385212340523,0.49087385212340523,0.5028884720779924,0.9937623242013975,0.24543692606170261,245.43692606170262,0.2514442360389962,251.4442360389962,0.49688116210069877,496.88116210069876,496.88116210069876,4.937096029547552,4937.0960295475525,1.1238427667035855,1123.8427667035855,1.1238427667035855,1123.8427667035855,unique_exposed_swept_capsule_mass,throughput_acquisition_density
E,10.0,78.53981633974483,2.5,4.908738521234052,4.908738521234052,0.1,1.0,0.5,0.5 g/cm^3,62.10526315789473,3600.0,17.251461988304094,34.50292397660819,derived_from_throughput,0.43930487216008535,4.393048721600853,4.789473684210526,2.104039124556198,21.04039124556198,0.8416156498224792,5.260097811390495,10.168836332624547,0.49087385212340523,0.49087385212340523,0.5260097811390495,1.0168836332624547,0.24543692606170261,245.43692606170262,0.26300489056952475,263.0048905695248,0.5084418166312273,508.4418166312273,508.4418166312273,5.16408895044629,5164.08895044629,1.1755136985060493,1175.5136985060492,1.1755136985060493,1175.5136985060492,unique_exposed_swept_capsule_mass,throughput_acquisition_density
E,10.0,78.53981633974483,2.5,4.908738521234052,4.908738521234052,0.1,1.0,0.5,0.5 g/cm^3,62.10526315789473,3600.0,17.251461988304094,34.50292397660819,derived_from_throughput,0.43930487216008535,4.393048721600853,5.0,2.1965243608004266,21.965243608004265,0.8786097443201706,5.491310902001066,10.400049423235117,0.49087385212340523,0.49087385212340523,0.5491310902001066,1.0400049423235118,0.24543692606170261,245.43692606170262,0.2745655451000533,274.5655451000533,0.5200024711617559,520.0024711617559,520.0024711617559,5.39108187134503,5391.08187134503,1.227184630308513,1227.184630308513,1.227184630308513,1227.184630308513,unique_exposed_swept_capsule_mass,throughput_acquisition_density
E,10.0,78.53981633974483,2.5,4.908738521234052,4.908738521234052,0.1,1.0,0.5,0.5 g/cm^3,66.84210526315789,3600.0,18.567251461988302,37.134502923976605,derived_from_throughput,0.4728111759689054,4.728111759689054,1.0,0.4728111759689054,4.728111759689054,0.18912447038756214,1.1820279399222635,6.090766461156315,0.49087385212340523,0.49087385212340523,0.11820279399222636,0.6090766461156316,0.24543692606170261,245.43692606170262,0.05910139699611318,59.10139699611318,0.3045383230578158,304.53832305781583,304.53832305781583,1.160453216374269,1160.453216374269,0.24543692606170261,245.43692606170262,0.24543692606170261,245.43692606170262,unique_exposed_swept_capsule_mass,throughput_acquisition_density
E,10.0,78.53981633974483,2.5,4.908738521234052,4.908738521234052,0.1,1.0,0.5,0.5 g/cm^3,66.84210526315789,3600.0,18.567251461988302,37.134502923976605,derived_from_throughput,0.4728111759689054,4.728111759689054,1.2105263157894737,0.5723503709097275,5.723503709097275,0.228940148363891,1.4308759272743188,6.339614448508371,0.49087385212340523,0.49087385212340523,0.14308759272743188,0.6339614448508372,0.24543692606170261,245.43692606170262,0.07154379636371594,71.54379636371594,0.3169807224254186,316.9807224254186,316.9807224254186,1.4047591566635886,1404.7591566635886,0.2971078578641663,297.1078578641663,0.2971078578641663,297.1078578641663,unique_exposed_swept_capsule_mass,throughput_acquisition_density
E,10.0,78.53981633974483,2.5,4.908738521234052,4.908738521234052,0.1,1.0,0.5,0.5 g/cm^3,66.84210526315789,3600.0,18.567251461988302,37.134502923976605,derived_from_throughput,0.4728111759689054,4.728111759689054,1.4210526315789473,0.6718895658505497,6.718895658505497,0.2687558263402199,1.6797239146263743,6.588462435860427,0.49087385212340523,0.49087385212340523,0.16797239146263743,0.6588462435860427,0.24543692606170261,245.43692606170262,0.08398619573131871,83.98619573131872,0.32942312179302136,329.4231217930214,329.4231217930214,1.6490650969529084,1649.0650969529083,0.34877878966663,348.77878966663,0.34877878966663,348.77878966663,unique_exposed_swept_capsule_mass,throughput_acquisition_density
E,10.0,78.53981633974483,2.5,4.908738521234052,4.908738521234052,0.1,1.0,0.5,0.5 g/cm^3,66.84210526315789,3600.0,18.567251461988302,37.134502923976605,derived_from_throughput,0.4728111759689054,4.728111759689054,1.631578947368421,0.7714287607913719,7.714287607913719,0.3085715043165488,1.9285719019784298,6.8373104232124815,0.49087385212340523,0.49087385212340523,0.19285719019784298,0.6837310423212482,0.24543692606170261,245.43692606170262,0.09642859509892149,96.42859509892149,0.3418655211606241,341.8655211606241,341.8655211606241,1.893371037242228,1893.371037242228,0.40044972146909374,400.44972146909373,0.40044972146909374,400.44972146909373,unique_exposed_swept_capsule_mass,throughput_acquisition_density
E,10.0,78.53981633974483,2.5,4.908738521234052,4.908738521234052,0.1,1.0,0.5,0.5 g/cm^3,66.84210526315789,3600.0,18.567251461988302,37.134502923976605,derived_from_throughput,0.4728111759689054,4.728111759689054,1.8421052631578947,0.8709679557321941,8.709679557321941,0.34838718229287763,2.1774198893304852,7.086158410564537,0.49087385212340523,0.49087385212340523,0.21774198893304852,0.7086158410564538,0.24543692606170261,245.43692606170262,0.10887099446652426,108.87099446652427,0.3543079205282269,354.30792052822693,354.30792052822693,2.137676977531548,2137.676977531548,0.4521206532715574,452.12065327155744,0.4521206532715574,452.12065327155744,unique_exposed_swept_capsule_mass,throughput_acquisition_density
E,10.0,78.53981633974483,2.5,4.908738521234052,4.908738521234052,0.1,1.0,0.5,0.5 g/cm^3,66.84210526315789,3600.0,18.567251461988302,37.134502923976605,derived_from_throughput,0.4728111759689054,4.728111759689054,2.052631578947368,0.9705071506730162,9.705071506730162,0.3882028602692065,2.4262678766825405,7.335006397916592,0.49087385212340523,0.49087385212340523,0.24262678766825407,0.7335006397916592,0.24543692606170261,245.43692606170262,0.12131339383412704,121.31339383412704,0.3667503198958296,366.75031989582965,366.75031989582965,2.3819829178208676,2381.9829178208674,0.5037915850740211,503.7915850740211,0.5037915850740211,503.7915850740211,unique_exposed_swept_capsule_mass,throughput_acquisition_density
E,10.0,78.53981633974483,2.5,4.908738521234052,4.908738521234052,0.1,1.0,0.5,0.5 g/cm^3,66.84210526315789,3600.0,18.567251461988302,37.134502923976605,derived_from_throughput,0.4728111759689054,4.728111759689054,2.263157894736842,1.0700463456138385,10.700463456138385,0.4280185382455354,2.6751158640345962,7.583854385268648,0.49087385212340523,0.49087385212340523,0.2675115864034596,0.7583854385268648,0.24543692606170261,245.43692606170262,0.1337557932017298,133.7557932017298,0.3791927192634324,379.1927192634324,379.1927192634324,2.6262888581101875,2626.2888581101874,0.5554625168764848,555.4625168764849,0.5554625168764848,555.4625168764849,unique_exposed_swept_capsule_mass,throughput_acquisition_density
E,10.0,78.53981633974483,2.5,4.908738521234052,4.908738521234052,0.1,1.0,0.5,0.5 g/cm^3,66.84210526315789,3600.0,18.567251461988302,37.134502923976605,derived_from_throughput,0.4728111759689054,4.728111759689054,2.473684210526316,1.1695855405546607,11.695855405546606,0.4678342162218643,2.9239638513866515,7.8327023726207035,0.49087385212340523,0.49087385212340523,0.29239638513866517,0.7832702372620703,0.24543692606170261,245.43692606170262,0.14619819256933259,146.19819256933258,0.3916351186310352,391.6351186310352,391.6351186310352,2.8705947983995075,2870.5947983995075,0.6071334486789486,607.1334486789486,0.6071334486789486,607.1334486789486,unique_exposed_swept_capsule_mass,throughput_acquisition_density
E,10.0,78.53981633974483,2.5,4.908738521234052,4.908738521234052,0.1,1.0,0.5,0.5 g/cm^3,66.84210526315789,3600.0,18.567251461988302,37.134502923976605,derived_from_throughput,0.4728111759689054,4.728111759689054,2.6842105263157894,1.2691247354954829,12.691247354954829,0.5076498941981932,3.172811838738707,8.08155035997276,0.49087385212340523,0.49087385212340523,0.3172811838738707,0.808155035997276,0.24543692606170261,245.43692606170262,0.15864059193693536,158.64059193693535,0.404077517998638,404.07751799863803,404.07751799863803,3.114900738688827,3114.900738688827,0.6588043804814122,658.8043804814122,0.6588043804814122,658.8043804814122,unique_exposed_swept_capsule_mass,throughput_acquisition_density
E,10.0,78.53981633974483,2.5,4.908738521234052,4.908738521234052,0.1,1.0,0.5,0.5 g/cm^3,66.84210526315789,3600.0,18.567251461988302,37.134502923976605,derived_from_throughput,0.4728111759689054,4.728111759689054,2.894736842105263,1.3686639304363049,13.686639304363048,0.547465572174522,3.421659826090762,8.330398347324813,0.49087385212340523,0.49087385212340523,0.3421659826090762,0.8330398347324813,0.24543692606170261,245.43692606170262,0.1710829913045381,171.0829913045381,0.41651991736624067,416.5199173662407,416.5199173662407,3.3592066789781465,3359.2066789781466,0.710475312283876,710.475312283876,0.710475312283876,710.475312283876,unique_exposed_swept_capsule_mass,throughput_acquisition_density
E,10.0,78.53981633974483,2.5,4.908738521234052,4.908738521234052,0.1,1.0,0.5,0.5 g/cm^3,66.84210526315789,3600.0,18.567251461988302,37.134502923976605,derived_from_throughput,0.4728111759689054,4.728111759689054,3.1052631578947367,1.468203125377127,14.682031253771271,0.5872812501508509,3.6705078134428177,8.57924633467687,0.49087385212340523,0.49087385212340523,0.3670507813442818,0.8579246334676871,0.24543692606170261,245.43692606170262,0.1835253906721409,183.5253906721409,0.42896231673384355,428.9623167338436,428.9623167338436,3.6035126192674665,3603.5126192674666,0.7621462440863397,762.1462440863397,0.7621462440863397,762.1462440863397,unique_exposed_swept_capsule_mass,throughput_acquisition_density
E,10.0,78.53981633974483,2.5,4.908738521234052,4.908738521234052,0.1,1.0,0.5,0.5 g/cm^3,66.84210526315789,3600.0,18.567251461988302,37.134502923976605,derived_from_throughput,0.4728111759689054,4.728111759689054,3.3157894736842106,1.5677423203179495,15.677423203179494,0.6270969281271798,3.9193558007948734,8.828094322028925,0.49087385212340523,0.49087385212340523,0.39193558007948737,0.8828094322028925,0.24543692606170261,245.43692606170262,0.19596779003974368,195.96779003974368,0.44140471610144627,441.4047161014463,441.4047161014463,3.8478185595567864,3847.8185595567866,0.8138171758888034,813.8171758888034,0.8138171758888034,813.8171758888034,unique_exposed_swept_capsule_mass,throughput_acquisition_density
E,10.0,78.53981633974483,2.5,4.908738521234052,4.908738521234052,0.1,1.0,0.5,0.5 g/cm^3,66.84210526315789,3600.0,18.567251461988302,37.134502923976605,derived_from_throughput,0.4728111759689054,4.728111759689054,3.526315789473684,1.6672815152587714,16.672815152587713,0.6669126061035086,4.168203788146928,9.07694230938098,0.49087385212340523,0.49087385212340523,0.41682037881469286,0.9076942309380981,0.24543692606170261,245.43692606170262,0.20841018940734643,208.41018940734642,0.45384711546904905,453.8471154690491,453.8471154690491,4.092124499846106,4092.124499846106,0.865488107691267,865.488107691267,0.865488107691267,865.488107691267,unique_exposed_swept_capsule_mass,throughput_acquisition_density
E,10.0,78.53981633974483,2.5,4.908738521234052,4.908738521234052,0.1,1.0,0.5,0.5 g/cm^3,66.84210526315789,3600.0,18.567251461988302,37.134502923976605,derived_from_throughput,0.4728111759689054,4.728111759689054,3.7368421052631575,1.7668207101995936,17.668207101995936,0.7067282840798375,4.417051775498984,9.325790296733036,0.49087385212340523,0.49087385212340523,0.4417051775498984,0.9325790296733036,0.24543692606170261,245.43692606170262,0.2208525887749492,220.8525887749492,0.4662895148366518,466.28951483665185,466.28951483665185,4.336430440135426,4336.430440135426,0.9171590394937308,917.1590394937308,0.9171590394937308,917.1590394937308,unique_exposed_swept_capsule_mass,throughput_acquisition_density
E,10.0,78.53981633974483,2.5,4.908738521234052,4.908738521234052,0.1,1.0,0.5,0.5 g/cm^3,66.84210526315789,3600.0,18.567251461988302,37.134502923976605,derived_from_throughput,0.4728111759689054,4.728111759689054,3.9473684210526314,1.8663599051404158,18.66359905140416,0.7465439620561664,4.66589976285104,9.574638284085092,0.49087385212340523,0.49087385212340523,0.466589976285104,0.9574638284085092,0.24543692606170261,245.43692606170262,0.233294988142552,233.294988142552,0.4787319142042546,478.7319142042546,478.7319142042546,4.580736380424746,4580.736380424746,0.9688299712961945,968.8299712961946,0.9688299712961945,968.8299712961946,unique_exposed_swept_capsule_mass,throughput_acquisition_density
E,10.0,78.53981633974483,2.5,4.908738521234052,4.908738521234052,0.1,1.0,0.5,0.5 g/cm^3,66.84210526315789,3600.0,18.567251461988302,37.134502923976605,derived_from_throughput,0.4728111759689054,4.728111759689054,4.157894736842105,1.9658991000812382,19.65899100081238,0.7863596400324953,4.914747750203095,9.823486271437147,0.49087385212340523,0.49087385212340523,0.49147477502030956,0.9823486271437147,0.24543692606170261,245.43692606170262,0.24573738751015478,245.73738751015478,0.49117431357185737,491.1743135718574,491.1743135718574,4.825042320714066,4825.042320714066,1.0205009030986583,1020.5009030986582,1.0205009030986583,1020.5009030986582,unique_exposed_swept_capsule_mass,throughput_acquisition_density
E,10.0,78.53981633974483,2.5,4.908738521234052,4.908738521234052,0.1,1.0,0.5,0.5 g/cm^3,66.84210526315789,3600.0,18.567251461988302,37.134502923976605,derived_from_throughput,0.4728111759689054,4.728111759689054,4.368421052631579,2.0654382950220604,20.654382950220604,0.8261753180088242,5.163595737555151,10.072334258789203,0.49087385212340523,0.49087385212340523,0.5163595737555151,1.0072334258789204,0.24543692606170261,245.43692606170262,0.25817978687775756,258.1797868777576,0.5036167129394602,503.6167129394602,503.6167129394602,5.069348261003385,5069.348261003385,1.072171834901122,1072.171834901122,1.072171834901122,1072.171834901122,unique_exposed_swept_capsule_mass,throughput_acquisition_density
E,10.0,78.53981633974483,2.5,4.908738521234052,4.908738521234052,0.1,1.0,0.5,0.5 g/cm^3,66.84210526315789,3600.0,18.567251461988302,37.134502923976605,derived_from_throughput,0.4728111759689054,4.728111759689054,4.578947368421052,2.164977489962882,21.649774899628824,0.8659909959851528,5.412443724907206,10.321182246141259,0.49087385212340523,0.49087385212340523,0.5412443724907207,1.0321182246141258,0.24543692606170261,245.43692606170262,0.27062218624536033,270.62218624536035,0.5160591123070629,516.059112307063,516.059112307063,5.313654201292705,5313.654201292705,1.1238427667035855,1123.8427667035855,1.1238427667035855,1123.8427667035855,unique_exposed_swept_capsule_mass,throughput_acquisition_density
E,10.0,78.53981633974483,2.5,4.908738521234052,4.908738521234052,0.1,1.0,0.5,0.5 g/cm^3,66.84210526315789,3600.0,18.567251461988302,37.134502923976605,derived_from_throughput,0.4728111759689054,4.728111759689054,4.789473684210526,2.2645166849037044,22.645166849037043,0.9058066739614817,5.661291712259261,10.570030233493313,0.49087385212340523,0.49087385212340523,0.5661291712259261,1.0570030233493313,0.24543692606170261,245.43692606170262,0.28306458561296305,283.06458561296307,0.5285015116746656,528.5015116746656,528.5015116746656,5.557960141582024,5557.960141582024,1.1755136985060493,1175.5136985060492,1.1755136985060493,1175.5136985060492,unique_exposed_swept_capsule_mass,throughput_acquisition_density
E,10.0,78.53981633974483,2.5,4.908738521234052,4.908738521234052,0.1,1.0,0.5,0.5 g/cm^3,66.84210526315789,3600.0,18.567251461988302,37.134502923976605,derived_from_throughput,0.4728111759689054,4.728111759689054,5.0,2.364055879844527,23.64055879844527,0.9456223519378109,5.910139699611317,10.81887822084537,0.49087385212340523,0.49087385212340523,0.5910139699611318,1.0818878220845372,0.24543692606170261,245.43692606170262,0.2955069849805659,295.5069849805659,0.5409439110422686,540.9439110422686,540.9439110422686,5.802266081871345,5802.266081871345,1.227184630308513,1227.184630308513,1.227184630308513,1227.184630308513,unique_exposed_swept_capsule_mass,throughput_acquisition_density
E,10.0,78.53981633974483,2.5,4.908738521234052,4.908738521234052,0.1,1.0,0.5,0.5 g/cm^3,71.57894736842104,3600.0,19.88304093567251,39.76608187134502,derived_from_throughput,0.5063174797777255,5.063174797777254,1.0,0.5063174797777255,5.063174797777254,0.2025269919110902,1.2657936994443135,6.1745322206783655,0.49087385212340523,0.49087385212340523,0.12657936994443136,0.6174532220678366,0.24543692606170261,245.43692606170262,0.06328968497221568,63.28968497221568,0.3087266110339183,308.7266110339183,308.7266110339183,1.242690058479532,1242.690058479532,0.24543692606170261,245.43692606170262,0.24543692606170261,245.43692606170262,unique_exposed_swept_capsule_mass,throughput_acquisition_density
E,10.0,78.53981633974483,2.5,4.908738521234052,4.908738521234052,0.1,1.0,0.5,0.5 g/cm^3,71.57894736842104,3600.0,19.88304093567251,39.76608187134502,derived_from_throughput,0.5063174797777255,5.063174797777254,1.2105263157894737,0.6129106334151413,6.1291063341514125,0.24516425336605652,1.5322765835378531,6.441015104771905,0.49087385212340523,0.49087385212340523,0.15322765835378532,0.6441015104771906,0.24543692606170261,245.43692606170262,0.07661382917689266,76.61382917689266,0.3220507552385953,322.0507552385953,322.0507552385953,1.5043090181594334,1504.3090181594334,0.2971078578641663,297.1078578641663,0.2971078578641663,297.1078578641663,unique_exposed_swept_capsule_mass,throughput_acquisition_density
E,10.0,78.53981633974483,2.5,4.908738521234052,4.908738521234052,0.1,1.0,0.5,0.5 g/cm^3,71.57894736842104,3600.0,19.88304093567251,39.76608187134502,derived_from_throughput,0.5063174797777255,5.063174797777254,1.4210526315789473,0.7195037870525572,7.195037870525573,0.2878015148210229,1.7987594676313932,6.707497988865445,0.49087385212340523,0.49087385212340523,0.17987594676313934,0.6707497988865445,0.24543692606170261,245.43692606170262,0.08993797338156967,89.93797338156966,0.33537489944327226,335.3748994432723,335.3748994432723,1.7659279778393349,1765.927977839335,0.34877878966663,348.77878966663,0.34877878966663,348.77878966663,unique_exposed_swept_capsule_mass,throughput_acquisition_density
E,10.0,78.53981633974483,2.5,4.908738521234052,4.908738521234052,0.1,1.0,0.5,0.5 g/cm^3,71.57894736842104,3600.0,19.88304093567251,39.76608187134502,derived_from_throughput,0.5063174797777255,5.063174797777254,1.631578947368421,0.8260969406899731,8.260969406899731,0.3304387762759892,2.0652423517249328,6.973980872958984,0.49087385212340523,0.49087385212340523,0.2065242351724933,0.6973980872958985,0.24543692606170261,245.43692606170262,0.10326211758624665,103.26211758624665,0.34869904364794924,348.6990436479492,348.6990436479492,2.027546937519236,2027.546937519236,0.40044972146909374,400.44972146909373,0.40044972146909374,400.44972146909373,unique_exposed_swept_capsule_mass,throughput_acquisition_density
E,10.0,78.53981633974483,2.5,4.908738521234052,4.908738521234052,0.1,1.0,0.5,0.5 g/cm^3,71.57894736842104,3600.0,19.88304093567251,39.76608187134502,derived_from_throughput,0.5063174797777255,5.063174797777254,1.8421052631578947,0.9326900943273889,9.32690094327389,0.37307603773095555,2.3317252358184724,7.240463757052524,0.49087385212340523,0.49087385212340523,0.23317252358184726,0.7240463757052524,0.24543692606170261,245.43692606170262,0.11658626179092363,116.58626179092363,0.3620231878526262,362.0231878526262,362.0231878526262,2.2891658971991378,2289.165897199138,0.4521206532715574,452.12065327155744,0.4521206532715574,452.12065327155744,unique_exposed_swept_capsule_mass,throughput_acquisition_density
E,10.0,78.53981633974483,2.5,4.908738521234052,4.908738521234052,0.1,1.0,0.5,0.5 g/cm^3,71.57894736842104,3600.0,19.88304093567251,39.76608187134502,derived_from_throughput,0.5063174797777255,5.063174797777254,2.052631578947368,1.0392832479648046,10.392832479648046,0.41571329918592187,2.5982081199120115,7.5069466411460635,0.49087385212340523,0.49087385212340523,0.25982081199120116,0.7506946641146064,0.24543692606170261,245.43692606170262,0.12991040599560058,129.91040599560057,0.3753473320573032,375.3473320573032,375.3473320573032,2.550784856879039,2550.784856879039,0.5037915850740211,503.7915850740211,0.5037915850740211,503.7915850740211,unique_exposed_swept_capsule_mass,throughput_acquisition_density
E,10.0,78.53981633974483,2.5,4.908738521234052,4.908738521234052,0.1,1.0,0.5,0.5 g/cm^3,71.57894736842104,3600.0,19.88304093567251,39.76608187134502,derived_from_throughput,0.5063174797777255,5.063174797777254,2.263157894736842,1.1458764016022207,11.458764016022208,0.4583505606408883,2.864691004005552,7.773429525239604,0.49087385212340523,0.49087385212340523,0.28646910040055523,0.7773429525239605,0.24543692606170261,245.43692606170262,0.14323455020027762,143.23455020027762,0.38867147626198023,388.6714762619802,388.6714762619802,2.8124038165589407,2812.403816558941,0.5554625168764848,555.4625168764849,0.5554625168764848,555.4625168764849,unique_exposed_swept_capsule_mass,throughput_acquisition_density
E,10.0,78.53981633974483,2.5,4.908738521234052,4.908738521234052,0.1,1.0,0.5,0.5 g/cm^3,71.57894736842104,3600.0,19.88304093567251,39.76608187134502,derived_from_throughput,0.5063174797777255,5.063174797777254,2.473684210526316,1.2524695552396368,12.524695552396368,0.5009878220958547,3.131173888099092,8.039912409333144,0.49087385212340523,0.49087385212340523,0.31311738880990925,0.8039912409333145,0.24543692606170261,245.43692606170262,0.15655869440495462,156.55869440495462,0.40199562046665727,401.9956204666573,401.9956204666573,3.0740227762388423,3074.022776238842,0.6071334486789486,607.1334486789486,0.6071334486789486,607.1334486789486,unique_exposed_swept_capsule_mass,throughput_acquisition_density
E,10.0,78.53981633974483,2.5,4.908738521234052,4.908738521234052,0.1,1.0,0.5,0.5 g/cm^3,71.57894736842104,3600.0,19.88304093567251,39.76608187134502,derived_from_throughput,0.5063174797777255,5.063174797777254,2.6842105263157894,1.3590627088770524,13.590627088770525,0.543625083550821,3.397656772192631,8.306395293426682,0.49087385212340523,0.49087385212340523,0.33976567721926315,0.8306395293426683,0.24543692606170261,245.43692606170262,0.16988283860963158,169.88283860963156,0.41531976467133414,415.31976467133416,415.31976467133416,3.3356417359187436,3335.6417359187435,0.6588043804814122,658.8043804814122,0.6588043804814122,658.8043804814122,unique_exposed_swept_capsule_mass,throughput_acquisition_density
E,10.0,78.53981633974483,2.5,4.908738521234052,4.908738521234052,0.1,1.0,0.5,0.5 g/cm^3,71.57894736842104,3600.0,19.88304093567251,39.76608187134502,derived_from_throughput,0.5063174797777255,5.063174797777254,2.894736842105263,1.4656558625144682,14.656558625144683,0.5862623450057873,3.6641396562861708,8.572878177520224,0.49087385212340523,0.49087385212340523,0.3664139656286171,0.8572878177520225,0.24543692606170261,245.43692606170262,0.18320698281430856,183.20698281430856,0.4286439088760112,428.6439088760112,428.6439088760112,3.597260695598645,3597.260695598645,0.710475312283876,710.475312283876,0.710475312283876,710.475312283876,unique_exposed_swept_capsule_mass,throughput_acquisition_density
E,10.0,78.53981633974483,2.5,4.908738521234052,4.908738521234052,0.1,1.0,0.5,0.5 g/cm^3,71.57894736842104,3600.0,19.88304093567251,39.76608187134502,derived_from_throughput,0.5063174797777255,5.063174797777254,3.1052631578947367,1.5722490161518843,15.722490161518843,0.6288996064607537,3.930622540379711,8.839361061613763,0.49087385212340523,0.49087385212340523,0.3930622540379711,0.8839361061613764,0.24543692606170261,245.43692606170262,0.19653112701898556,196.53112701898556,0.4419680530806882,441.9680530806882,441.9680530806882,3.8588796552785465,3858.8796552785466,0.7621462440863397,762.1462440863397,0.7621462440863397,762.1462440863397,unique_exposed_swept_capsule_mass,throughput_acquisition_density
E,10.0,78.53981633974483,2.5,4.908738521234052,4.908738521234052,0.1,1.0,0.5,0.5 g/cm^3,71.57894736842104,3600.0,19.88304093567251,39.76608187134502,derived_from_throughput,0.5063174797777255,5.063174797777254,3.3157894736842106,1.6788421697893003,16.788421697893003,0.6715368679157201,4.197105424473251,9.105843945707303,0.49087385212340523,0.49087385212340523,0.4197105424473251,0.9105843945707304,0.24543692606170261,245.43692606170262,0.20985527122366254,209.85527122366256,0.4552921972853652,455.2921972853652,455.2921972853652,4.120498614958448,4120.498614958448,0.8138171758888034,813.8171758888034,0.8138171758888034,813.8171758888034,unique_exposed_swept_capsule_mass,throughput_acquisition_density
E,10.0,78.53981633974483,2.5,4.908738521234052,4.908738521234052,0.1,1.0,0.5,0.5 g/cm^3,71.57894736842104,3600.0,19.88304093567251,39.76608187134502,derived_from_throughput,0.5063174797777255,5.063174797777254,3.526315789473684,1.785435323426716,17.85435323426716,0.7141741293706864,4.46358830856679,9.37232682980084,0.49087385212340523,0.49087385212340523,0.446358830856679,0.9372326829800841,0.24543692606170261,245.43692606170262,0.2231794154283395,223.1794154283395,0.46861634149004205,468.61634149004203,468.61634149004203,4.382117574638349,4382.11757463835,0.865488107691267,865.488107691267,0.865488107691267,865.488107691267,unique_exposed_swept_capsule_mass,throughput_acquisition_density
E,10.0,78.53981633974483,2.5,4.908738521234052,4.908738521234052,0.1,1.0,0.5,0.5 g/cm^3,71.57894736842104,3600.0,19.88304093567251,39.76608187134502,derived_from_throughput,0.5063174797777255,5.063174797777254,3.7368421052631575,1.8920284770641318,18.920284770641317,0.7568113908256527,4.730071192660329,9.638809713894382,0.49087385212340523,0.49087385212340523,0.47300711926603295,0.9638809713894383,0.24543692606170261,245.43692606170262,0.23650355963301647,236.50355963301647,0.48194048569471915,481.94048569471914,481.94048569471914,4.643736534318251,4643.736534318251,0.9171590394937308,917.1590394937308,0.9171590394937308,917.1590394937308,unique_exposed_swept_capsule_mass,throughput_acquisition_density
E,10.0,78.53981633974483,2.5,4.908738521234052,4.908738521234052,0.1,1.0,0.5,0.5 g/cm^3,71.57894736842104,3600.0,19.88304093567251,39.76608187134502,derived_from_throughput,0.5063174797777255,5.063174797777254,3.9473684210526314,1.9986216307015479,19.98621630701548,0.7994486522806191,4.99655407675387,9.905292597987922,0.49087385212340523,0.49087385212340523,0.49965540767538696,0.9905292597987922,0.24543692606170261,245.43692606170262,0.24982770383769348,249.8277038376935,0.4952646298993961,495.26462989939614,495.26462989939614,4.905355493998152,4905.355493998152,0.9688299712961945,968.8299712961946,0.9688299712961945,968.8299712961946,unique_exposed_swept_capsule_mass,throughput_acquisition_density
E,10.0,78.53981633974483,2.5,4.908738521234052,4.908738521234052,0.1,1.0,0.5,0.5 g/cm^3,71.57894736842104,3600.0,19.88304093567251,39.76608187134502,derived_from_throughput,0.5063174797777255,5.063174797777254,4.157894736842105,2.1052147843389637,21.052147843389637,0.8420859137355855,5.263036960847409,10.171775482081461,0.49087385212340523,0.49087385212340523,0.5263036960847409,1.0171775482081462,0.24543692606170261,245.43692606170262,0.26315184804237046,263.1518480423705,0.5085887741040731,508.5887741040731,508.5887741040731,5.166974453678054,5166.974453678054,1.0205009030986583,1020.5009030986582,1.0205009030986583,1020.5009030986582,unique_exposed_swept_capsule_mass,throughput_acquisition_density
E,10.0,78.53981633974483,2.5,4.908738521234052,4.908738521234052,0.1,1.0,0.5,0.5 g/cm^3,71.57894736842104,3600.0,19.88304093567251,39.76608187134502,derived_from_throughput,0.5063174797777255,5.063174797777254,4.368421052631579,2.2118079379763795,22.118079379763795,0.8847231751905518,5.529519844940949,10.438258366175,0.49087385212340523,0.49087385212340523,0.5529519844940949,1.0438258366175002,0.24543692606170261,245.43692606170262,0.27647599224704744,276.47599224704743,0.5219129183087501,521.9129183087501,521.9129183087501,5.428593413357955,5428.593413357955,1.072171834901122,1072.171834901122,1.072171834901122,1072.171834901122,unique_exposed_swept_capsule_mass,throughput_acquisition_density
E,10.0,78.53981633974483,2.5,4.908738521234052,4.908738521234052,0.1,1.0,0.5,0.5 g/cm^3,71.57894736842104,3600.0,19.88304093567251,39.76608187134502,derived_from_throughput,0.5063174797777255,5.063174797777254,4.578947368421052,2.3184010916137954,23.184010916137954,0.9273604366455181,5.796002729034488,10.70474125026854,0.49087385212340523,0.49087385212340523,0.5796002729034488,1.0704741250268541,0.24543692606170261,245.43692606170262,0.2898001364517244,289.8001364517244,0.5352370625134271,535.2370625134271,535.2370625134271,5.690212373037856,5690.212373037856,1.1238427667035855,1123.8427667035855,1.1238427667035855,1123.8427667035855,unique_exposed_swept_capsule_mass,throughput_acquisition_density
E,10.0,78.53981633974483,2.5,4.908738521234052,4.908738521234052,0.1,1.0,0.5,0.5 g/cm^3,71.57894736842104,3600.0,19.88304093567251,39.76608187134502,derived_from_throughput,0.5063174797777255,5.063174797777254,4.789473684210526,2.424994245251211,24.249942452512112,0.9699976981004845,6.062485613128028,10.97122413436208,0.49087385212340523,0.49087385212340523,0.6062485613128028,1.097122413436208,0.24543692606170261,245.43692606170262,0.3031242806564014,303.1242806564014,0.548561206718104,548.561206718104,548.561206718104,5.951831332717758,5951.8313327177575,1.1755136985060493,1175.5136985060492,1.1755136985060493,1175.5136985060492,unique_exposed_swept_capsule_mass,throughput_acquisition_density
E,10.0,78.53981633974483,2.5,4.908738521234052,4.908738521234052,0.1,1.0,0.5,0.5 g/cm^3,71.57894736842104,3600.0,19.88304093567251,39.76608187134502,derived_from_throughput,0.5063174797777255,5.063174797777254,5.0,2.531587398888627,25.31587398888627,1.012634959555451,6.328968497221568,11.23770701845562,0.49087385212340523,0.49087385212340523,0.6328968497221568,1.123770701845562,0.24543692606170261,245.43692606170262,0.3164484248610784,316.44842486107837,0.561885350922781,561.8853509227811,561.8853509227811,6.21345029239766,6213.45029239766,1.227184630308513,1227.184630308513,1.227184630308513,1227.184630308513,unique_exposed_swept_capsule_mass,throughput_acquisition_density
E,10.0,78.53981633974483,2.5,4.908738521234052,4.908738521234052,0.1,1.0,0.5,0.5 g/cm^3,76.3157894736842,3600.0,21.198830409356724,42.39766081871345,derived_from_throughput,0.5398237835865456,5.398237835865456,1.0,0.5398237835865456,5.398237835865456,0.21592951343461825,1.349559458966364,6.258297980200416,0.49087385212340523,0.49087385212340523,0.1349559458966364,0.6258297980200416,0.24543692606170261,245.43692606170262,0.0674779729483182,67.4779729483182,0.3129148990100208,312.9148990100208,312.9148990100208,1.3249269005847955,1324.9269005847955,0.24543692606170261,245.43692606170262,0.24543692606170261,245.43692606170262,unique_exposed_swept_capsule_mass,throughput_acquisition_density
E,10.0,78.53981633974483,2.5,4.908738521234052,4.908738521234052,0.1,1.0,0.5,0.5 g/cm^3,76.3157894736842,3600.0,21.198830409356724,42.39766081871345,derived_from_throughput,0.5398237835865456,5.398237835865456,1.2105263157894737,0.6534708959205552,6.534708959205552,0.26138835836822205,1.633677239801388,6.54241576103544,0.49087385212340523,0.49087385212340523,0.1633677239801388,0.654241576103544,0.24543692606170261,245.43692606170262,0.0816838619900694,81.6838619900694,0.327120788051772,327.120788051772,327.120788051772,1.6038588796552786,1603.8588796552785,0.2971078578641663,297.1078578641663,0.2971078578641663,297.1078578641663,unique_exposed_swept_capsule_mass,throughput_acquisition_density
E,10.0,78.53981633974483,2.5,4.908738521234052,4.908738521234052,0.1,1.0,0.5,0.5 g/cm^3,76.3157894736842,3600.0,21.198830409356724,42.39766081871345,derived_from_throughput,0.5398237835865456,5.398237835865456,1.4210526315789473,0.7671180082545648,7.671180082545648,0.3068472033018259,1.917795020636412,6.8265335418704645,0.49087385212340523,0.49087385212340523,0.19177950206364122,0.6826533541870465,0.24543692606170261,245.43692606170262,0.09588975103182061,95.88975103182061,0.34132667709352327,341.32667709352324,341.32667709352324,1.882790858725762,1882.790858725762,0.34877878966663,348.77878966663,0.34877878966663,348.77878966663,unique_exposed_swept_capsule_mass,throughput_acquisition_density
E,10.0,78.53981633974483,2.5,4.908738521234052,4.908738521234052,0.1,1.0,0.5,0.5 g/cm^3,76.3157894736842,3600.0,21.198830409356724,42.39766081871345,derived_from_throughput,0.5398237835865456,5.398237835865456,1.631578947368421,0.8807651205885744,8.807651205885744,0.35230604823542977,2.201912801471436,7.110651322705488,0.49087385212340523,0.49087385212340523,0.22019128014714362,0.7110651322705488,0.24543692606170261,245.43692606170262,0.11009564007357181,110.09564007357181,0.3555325661352744,355.5325661352744,355.5325661352744,2.161722837796245,2161.722837796245,0.40044972146909374,400.44972146909373,0.40044972146909374,400.44972146909373,unique_exposed_swept_capsule_mass,throughput_acquisition_density
E,10.0,78.53981633974483,2.5,4.908738521234052,4.908738521234052,0.1,1.0,0.5,0.5 g/cm^3,76.3157894736842,3600.0,21.198830409356724,42.39766081871345,derived_from_throughput,0.5398237835865456,5.398237835865456,1.8421052631578947,0.994412232922584,9.94412232922584,0.3977648931690336,2.48603058230646,7.394769103540511,0.49087385212340523,0.49087385212340523,0.248603058230646,0.7394769103540512,0.24543692606170261,245.43692606170262,0.124301529115323,124.30152911532299,0.3697384551770256,369.73845517702557,369.73845517702557,2.4406548168667284,2440.654816866728,0.4521206532715574,452.12065327155744,0.4521206532715574,452.12065327155744,unique_exposed_swept_capsule_mass,throughput_acquisition_density
E,10.0,78.53981633974483,2.5,4.908738521234052,4.908738521234052,0.1,1.0,0.5,0.5 g/cm^3,76.3157894736842,3600.0,21.198830409356724,42.39766081871345,derived_from_throughput,0.5398237835865456,5.398237835865456,2.052631578947368,1.1080593452565934,11.080593452565935,0.4432237381026374,2.770148363141484,7.678886884375536,0.49087385212340523,0.49087385212340523,0.2770148363141484,0.7678886884375536,0.24543692606170261,245.43692606170262,0.1385074181570742,138.5074181570742,0.3839443442187768,383.94434421877685,383.94434421877685,2.7195867959372113,2719.5867959372113,0.5037915850740211,503.7915850740211,0.5037915850740211,503.7915850740211,unique_exposed_swept_capsule_mass,throughput_acquisition_density
E,10.0,78.53981633974483,2.5,4.908738521234052,4.908738521234052,0.1,1.0,0.5,0.5 g/cm^3,76.3157894736842,3600.0,21.198830409356724,42.39766081871345,derived_from_throughput,0.5398237835865456,5.398237835865456,2.263157894736842,1.2217064575906031,12.217064575906031,0.48868258303624124,3.0542661439765078,7.96300466521056,0.49087385212340523,0.49087385212340523,0.3054266143976508,0.796300466521056,0.24543692606170261,245.43692606170262,0.1527133071988254,152.7133071988254,0.398150233260528,398.150233260528,398.150233260528,2.9985187750076947,2998.518775007695,0.5554625168764848,555.4625168764849,0.5554625168764848,555.4625168764849,unique_exposed_swept_capsule_mass,throughput_acquisition_density
E,10.0,78.53981633974483,2.5,4.908738521234052,4.908738521234052,0.1,1.0,0.5,0.5 g/cm^3,76.3157894736842,3600.0,21.198830409356724,42.39766081871345,derived_from_throughput,0.5398237835865456,5.398237835865456,2.473684210526316,1.3353535699246128,13.353535699246128,0.5341414279698451,3.338383924811532,8.247122446045584,0.49087385212340523,0.49087385212340523,0.3338383924811532,0.8247122446045584,0.24543692606170261,245.43692606170262,0.1669191962405766,166.9191962405766,0.4123561223022792,412.3561223022792,412.3561223022792,3.2774507540781785,3277.4507540781788,0.6071334486789486,607.1334486789486,0.6071334486789486,607.1334486789486,unique_exposed_swept_capsule_mass,throughput_acquisition_density
E,10.0,78.53981633974483,2.5,4.908738521234052,4.908738521234052,0.1,1.0,0.5,0.5 g/cm^3,76.3157894736842,3600.0,21.198830409356724,42.39766081871345,derived_from_throughput,0.5398237835865456,5.398237835865456,2.6842105263157894,1.4490006822586223,14.490006822586224,0.579600272903449,3.622501705646556,8.531240226880609,0.49087385212340523,0.49087385212340523,0.36225017056465564,0.853124022688061,0.24543692606170261,245.43692606170262,0.18112508528232782,181.12508528232783,0.4265620113440305,426.5620113440305,426.5620113440305,3.5563827331486615,3556.3827331486614,0.6588043804814122,658.8043804814122,0.6588043804814122,658.8043804814122,unique_exposed_swept_capsule_mass,throughput_acquisition_density
E,10.0,78.53981633974483,2.5,4.908738521234052,4.908738521234052,0.1,1.0,0.5,0.5 g/cm^3,76.3157894736842,3600.0,21.198830409356724,42.39766081871345,derived_from_throughput,0.5398237835865456,5.398237835865456,2.894736842105263,1.5626477945926318,15.626477945926318,0.6250591178370527,3.9066194864815795,8.81535800771563,0.49087385212340523,0.49087385212340523,0.39066194864815795,0.8815358007715631,0.24543692606170261,245.43692606170262,0.19533097432407898,195.33097432407897,0.44076790038578156,440.76790038578156,440.76790038578156,3.8353147122191444,3835.3147122191444,0.710475312283876,710.475312283876,0.710475312283876,710.475312283876,unique_exposed_swept_capsule_mass,throughput_acquisition_density
E,10.0,78.53981633974483,2.5,4.908738521234052,4.908738521234052,0.1,1.0,0.5,0.5 g/cm^3,76.3157894736842,3600.0,21.198830409356724,42.39766081871345,derived_from_throughput,0.5398237835865456,5.398237835865456,3.1052631578947367,1.6762949069266415,16.762949069266416,0.6705179627706566,4.190737267316604,9.099475788550656,0.49087385212340523,0.49087385212340523,0.41907372673166043,0.9099475788550656,0.24543692606170261,245.43692606170262,0.20953686336583022,209.53686336583021,0.4549737894275328,454.9737894275328,454.9737894275328,4.114246691289628,4114.246691289628,0.7621462440863397,762.1462440863397,0.7621462440863397,762.1462440863397,unique_exposed_swept_capsule_mass,throughput_acquisition_density
E,10.0,78.53981633974483,2.5,4.908738521234052,4.908738521234052,0.1,1.0,0.5,0.5 g/cm^3,76.3157894736842,3600.0,21.198830409356724,42.39766081871345,derived_from_throughput,0.5398237835865456,5.398237835865456,3.3157894736842106,1.7899420192606512,17.899420192606513,0.7159768077042605,4.474855048151628,9.383593569385681,0.49087385212340523,0.49087385212340523,0.44748550481516286,0.9383593569385682,0.24543692606170261,245.43692606170262,0.22374275240758143,223.74275240758143,0.4691796784692841,469.1796784692841,469.1796784692841,4.393178670360111,4393.178670360111,0.8138171758888034,813.8171758888034,0.8138171758888034,813.8171758888034,unique_exposed_swept_capsule_mass,throughput_acquisition_density
E,10.0,78.53981633974483,2.5,4.908738521234052,4.908738521234052,0.1,1.0,0.5,0.5 g/cm^3,76.3157894736842,3600.0,21.198830409356724,42.39766081871345,derived_from_throughput,0.5398237835865456,5.398237835865456,3.526315789473684,1.9035891315946607,19.035891315946607,0.7614356526378643,4.758972828986652,9.667711350220703,0.49087385212340523,0.49087385212340523,0.4758972828986652,0.9667711350220703,0.24543692606170261,245.43692606170262,0.2379486414493326,237.9486414493326,0.4833855675110352,483.38556751103516,483.38556751103516,4.672110649430595,4672.110649430595,0.865488107691267,865.488107691267,0.865488107691267,865.488107691267,unique_exposed_swept_capsule_mass,throughput_acquisition_density
E,10.0,78.53981633974483,2.5,4.908738521234052,4.908738521234052,0.1,1.0,0.5,0.5 g/cm^3,76.3157894736842,3600.0,21.198830409356724,42.39766081871345,derived_from_throughput,0.5398237835865456,5.398237835865456,3.7368421052631575,2.01723624392867,20.1723624392867,0.806894497571468,5.043090609821675,9.951829131055728,0.49087385212340523,0.49087385212340523,0.5043090609821675,0.9951829131055728,0.24543692606170261,245.43692606170262,0.2521545304910838,252.15453049108376,0.4975914565527864,497.59145655278644,497.59145655278644,4.951042628501077,4951.042628501077,0.9171590394937308,917.1590394937308,0.9171590394937308,917.1590394937308,unique_exposed_swept_capsule_mass,throughput_acquisition_density
E,10.0,78.53981633974483,2.5,4.908738521234052,4.908738521234052,0.1,1.0,0.5,0.5 g/cm^3,76.3157894736842,3600.0,21.198830409356724,42.39766081871345,derived_from_throughput,0.5398237835865456,5.398237835865456,3.9473684210526314,2.1308833562626797,21.308833562626795,0.8523533425050719,5.327208390656699,10.23594691189075,0.49087385212340523,0.49087385212340523,0.5327208390656699,1.023594691189075,0.24543692606170261,245.43692606170262,0.26636041953283496,266.36041953283495,0.5117973455945375,511.7973455945375,511.7973455945375,5.2299746075715605,5229.97460757156,0.9688299712961945,968.8299712961946,0.9688299712961945,968.8299712961946,unique_exposed_swept_capsule_mass,throughput_acquisition_density
E,10.0,78.53981633974483,2.5,4.908738521234052,4.908738521234052,0.1,1.0,0.5,0.5 g/cm^3,76.3157894736842,3600.0,21.198830409356724,42.39766081871345,derived_from_throughput,0.5398237835865456,5.398237835865456,4.157894736842105,2.2445304685966896,22.445304685966896,0.8978121874386759,5.611326171491724,10.520064692725775,0.49087385212340523,0.49087385212340523,0.5611326171491724,1.0520064692725775,0.24543692606170261,245.43692606170262,0.2805663085745862,280.5663085745862,0.5260032346362887,526.0032346362888,526.0032346362888,5.508906586642044,5508.906586642044,1.0205009030986583,1020.5009030986582,1.0205009030986583,1020.5009030986582,unique_exposed_swept_capsule_mass,throughput_acquisition_density
E,10.0,78.53981633974483,2.5,4.908738521234052,4.908738521234052,0.1,1.0,0.5,0.5 g/cm^3,76.3157894736842,3600.0,21.198830409356724,42.39766081871345,derived_from_throughput,0.5398237835865456,5.398237835865456,4.368421052631579,2.358177580930699,23.58177580930699,0.9432710323722796,5.8954439523267474,10.8041824735608,0.49087385212340523,0.49087385212340523,0.5895443952326748,1.0804182473560802,0.24543692606170261,245.43692606170262,0.2947721976163374,294.7721976163374,0.5402091236780401,540.2091236780401,540.2091236780401,5.787838565712527,5787.838565712527,1.072171834901122,1072.171834901122,1.072171834901122,1072.171834901122,unique_exposed_swept_capsule_mass,throughput_acquisition_density
E,10.0,78.53981633974483,2.5,4.908738521234052,4.908738521234052,0.1,1.0,0.5,0.5 g/cm^3,76.3157894736842,3600.0,21.198830409356724,42.39766081871345,derived_from_throughput,0.5398237835865456,5.398237835865456,4.578947368421052,2.4718246932647086,24.718246932647084,0.9887298773058835,6.179561733161771,11.088300254395822,0.49087385212340523,0.49087385212340523,0.6179561733161771,1.1088300254395822,0.24543692606170261,245.43692606170262,0.30897808665808857,308.97808665808856,0.5544150127197911,554.4150127197911,554.4150127197911,6.06677054478301,6066.770544783009,1.1238427667035855,1123.8427667035855,1.1238427667035855,1123.8427667035855,unique_exposed_swept_capsule_mass,throughput_acquisition_density
E,10.0,78.53981633974483,2.5,4.908738521234052,4.908738521234052,0.1,1.0,0.5,0.5 g/cm^3,76.3157894736842,3600.0,21.198830409356724,42.39766081871345,derived_from_throughput,0.5398237835865456,5.398237835865456,4.789473684210526,2.585471805598718,25.85471805598718,1.0341887222394872,6.463679513996795,11.372418035230847,0.49087385212340523,0.49087385212340523,0.6463679513996796,1.1372418035230847,0.24543692606170261,245.43692606170262,0.3231839756998398,323.18397569983983,0.5686209017615423,568.6209017615423,568.6209017615423,6.345702523853493,6345.702523853493,1.1755136985060493,1175.5136985060492,1.1755136985060493,1175.5136985060492,unique_exposed_swept_capsule_mass,throughput_acquisition_density
E,10.0,78.53981633974483,2.5,4.908738521234052,4.908738521234052,0.1,1.0,0.5,0.5 g/cm^3,76.3157894736842,3600.0,21.198830409356724,42.39766081871345,derived_from_throughput,0.5398237835865456,5.398237835865456,5.0,2.699118917932728,26.99118917932728,1.0796475671730912,6.74779729483182,11.656535816065873,0.49087385212340523,0.49087385212340523,0.674779729483182,1.1656535816065874,0.24543692606170261,245.43692606170262,0.337389864741591,337.389864741591,0.5828267908032937,582.8267908032936,582.8267908032936,6.6246345029239775,6624.634502923977,1.227184630308513,1227.184630308513,1.227184630308513,1227.184630308513,unique_exposed_swept_capsule_mass,throughput_acquisition_density
E,10.0,78.53981633974483,2.5,4.908738521234052,4.908738521234052,0.1,1.0,0.5,0.5 g/cm^3,81.05263157894737,3600.0,22.514619883040936,45.02923976608187,derived_from_throughput,0.5733300873953656,5.733300873953656,1.0,0.5733300873953656,5.733300873953656,0.22933203495814625,1.433325218488414,6.342063739722466,0.49087385212340523,0.49087385212340523,0.1433325218488414,0.6342063739722467,0.24543692606170261,245.43692606170262,0.0716662609244207,71.6662609244207,0.31710318698612333,317.1031869861233,317.1031869861233,1.4071637426900585,1407.1637426900586,0.24543692606170261,245.43692606170262,0.24543692606170261,245.43692606170262,unique_exposed_swept_capsule_mass,throughput_acquisition_density
E,10.0,78.53981633974483,2.5,4.908738521234052,4.908738521234052,0.1,1.0,0.5,0.5 g/cm^3,81.05263157894737,3600.0,22.514619883040936,45.02923976608187,derived_from_throughput,0.5733300873953656,5.733300873953656,1.2105263157894737,0.6940311584259689,6.940311584259689,0.27761246337038753,1.7350778960649222,6.643816417298974,0.49087385212340523,0.49087385212340523,0.17350778960649224,0.6643816417298974,0.24543692606170261,245.43692606170262,0.08675389480324612,86.75389480324613,0.3321908208649487,332.1908208649487,332.1908208649487,1.7034087411511234,1703.4087411511234,0.2971078578641663,297.1078578641663,0.2971078578641663,297.1078578641663,unique_exposed_swept_capsule_mass,throughput_acquisition_density
E,10.0,78.53981633974483,2.5,4.908738521234052,4.908738521234052,0.1,1.0,0.5,0.5 g/cm^3,81.05263157894737,3600.0,22.514619883040936,45.02923976608187,derived_from_throughput,0.5733300873953656,5.733300873953656,1.4210526315789473,0.8147322294565722,8.147322294565722,0.32589289178262887,2.0368305736414305,6.9455690948754825,0.49087385212340523,0.49087385212340523,0.20368305736414305,0.6945569094875483,0.24543692606170261,245.43692606170262,0.10184152868207152,101.84152868207153,0.34727845474377417,347.27845474377415,347.27845474377415,1.9996537396121883,1999.6537396121882,0.34877878966663,348.77878966663,0.34877878966663,348.77878966663,unique_exposed_swept_capsule_mass,throughput_acquisition_density
E,10.0,78.53981633974483,2.5,4.908738521234052,4.908738521234052,0.1,1.0,0.5,0.5 g/cm^3,81.05263157894737,3600.0,22.514619883040936,45.02923976608187,derived_from_throughput,0.5733300873953656,5.733300873953656,1.631578947368421,0.9354333004871754,9.354333004871755,0.37417332019487015,2.3385832512179388,7.247321772451991,0.49087385212340523,0.49087385212340523,0.2338583251217939,0.7247321772451991,0.24543692606170261,245.43692606170262,0.11692916256089694,116.92916256089694,0.36236608862259956,362.36608862259953,362.36608862259953,2.2958987380732534,2295.8987380732533,0.40044972146909374,400.44972146909373,0.40044972146909374,400.44972146909373,unique_exposed_swept_capsule_mass,throughput_acquisition_density
E,10.0,78.53981633974483,2.5,4.908738521234052,4.908738521234052,0.1,1.0,0.5,0.5 g/cm^3,81.05263157894737,3600.0,22.514619883040936,45.02923976608187,derived_from_throughput,0.5733300873953656,5.733300873953656,1.8421052631578947,1.0561343715177787,10.561343715177786,0.4224537486071115,2.6403359287944466,7.549074450028499,0.49087385212340523,0.49087385212340523,0.26403359287944467,0.7549074450028499,0.24543692606170261,245.43692606170262,0.13201679643972233,132.01679643972233,0.37745372250142495,377.453722501425,377.453722501425,2.592143736534318,2592.143736534318,0.4521206532715574,452.12065327155744,0.4521206532715574,452.12065327155744,unique_exposed_swept_capsule_mass,throughput_acquisition_density
E,10.0,78.53981633974483,2.5,4.908738521234052,4.908738521234052,0.1,1.0,0.5,0.5 g/cm^3,81.05263157894737,3600.0,22.514619883040936,45.02923976608187,derived_from_throughput,0.5733300873953656,5.733300873953656,2.052631578947368,1.1768354425483818,11.768354425483817,0.4707341770193527,2.9420886063709544,7.850827127605006,0.49087385212340523,0.49087385212340523,0.29420886063709545,0.7850827127605007,0.24543692606170261,245.43692606170262,0.14710443031854772,147.1044303185477,0.39254135638025034,392.54135638025036,392.54135638025036,2.8883887349953827,2888.388734995383,0.5037915850740211,503.7915850740211,0.5037915850740211,503.7915850740211,unique_exposed_swept_capsule_mass,throughput_acquisition_density
E,10.0,78.53981633974483,2.5,4.908738521234052,4.908738521234052,0.1,1.0,0.5,0.5 g/cm^3,81.05263157894737,3600.0,22.514619883040936,45.02923976608187,derived_from_throughput,0.5733300873953656,5.733300873953656,2.263157894736842,1.2975365135789854,12.975365135789854,0.5190146054315942,3.2438412839474635,8.152579805181515,0.49087385212340523,0.49087385212340523,0.3243841283947464,0.8152579805181516,0.24543692606170261,245.43692606170262,0.1621920641973732,162.19206419737318,0.4076289902590758,407.6289902590758,407.6289902590758,3.1846337334564483,3184.633733456448,0.5554625168764848,555.4625168764849,0.5554625168764848,555.4625168764849,unique_exposed_swept_capsule_mass,throughput_acquisition_density
E,10.0,78.53981633974483,2.5,4.908738521234052,4.908738521234052,0.1,1.0,0.5,0.5 g/cm^3,81.05263157894737,3600.0,22.514619883040936,45.02923976608187,derived_from_throughput,0.5733300873953656,5.733300873953656,2.473684210526316,1.4182375846095887,14.182375846095887,0.5672950338438355,3.5455939615239718,8.454332482758023,0.49087385212340523,0.49087385212340523,0.3545593961523972,0.8454332482758024,0.24543692606170261,245.43692606170262,0.1772796980761986,177.2796980761986,0.4227166241379012,422.7166241379012,422.7166241379012,3.4808787319175134,3480.8787319175135,0.6071334486789486,607.1334486789486,0.6071334486789486,607.1334486789486,unique_exposed_swept_capsule_mass,throughput_acquisition_density
E,10.0,78.53981633974483,2.5,4.908738521234052,4.908738521234052,0.1,1.0,0.5,0.5 g/cm^3,81.05263157894737,3600.0,22.514619883040936,45.02923976608187,derived_from_throughput,0.5733300873953656,5.733300873953656,2.6842105263157894,1.5389386556401918,15.389386556401918,0.6155754622560767,3.8473466391004796,8.756085160334532,0.49087385212340523,0.49087385212340523,0.38473466391004796,0.8756085160334532,0.24543692606170261,245.43692606170262,0.19236733195502398,192.36733195502399,0.4378042580167266,437.80425801672664,437.80425801672664,3.777123730378578,3777.123730378578,0.6588043804814122,658.8043804814122,0.6588043804814122,658.8043804814122,unique_exposed_swept_capsule_mass,throughput_acquisition_density
E,10.0,78.53981633974483,2.5,4.908738521234052,4.908738521234052,0.1,1.0,0.5,0.5 g/cm^3,81.05263157894737,3600.0,22.514619883040936,45.02923976608187,derived_from_throughput,0.5733300873953656,5.733300873953656,2.894736842105263,1.659639726670795,16.59639726670795,0.663855890668318,4.149099316676987,9.05783783791104,0.49087385212340523,0.49087385212340523,0.41490993166769874,0.905783783791104,0.24543692606170261,245.43692606170262,0.20745496583384937,207.45496583384937,0.452891891895552,452.891891895552,452.891891895552,4.073368728839642,4073.3687288396422,0.710475312283876,710.475312283876,0.710475312283876,710.475312283876,unique_exposed_swept_capsule_mass,throughput_acquisition_density
E,10.0,78.53981633974483,2.5,4.908738521234052,4.908738521234052,0.1,1.0,0.5,0.5 g/cm^3,81.05263157894737,3600.0,22.514619883040936,45.02923976608187,derived_from_throughput,0.5733300873953656,5.733300873953656,3.1052631578947367,1.7803407977013985,17.803407977013986,0.7121363190805594,4.4508519942534965,9.359590515487549,0.49087385212340523,0.49087385212340523,0.4450851994253497,0.9359590515487549,0.24543692606170261,245.43692606170262,0.22254259971267484,222.54259971267484,0.46797952577437746,467.97952577437746,467.97952577437746,4.369613727300708,4369.613727300708,0.7621462440863397,762.1462440863397,0.7621462440863397,762.1462440863397,unique_exposed_swept_capsule_mass,throughput_acquisition_density
E,10.0,78.53981633974483,2.5,4.908738521234052,4.908738521234052,0.1,1.0,0.5,0.5 g/cm^3,81.05263157894737,3600.0,22.514619883040936,45.02923976608187,derived_from_throughput,0.5733300873953656,5.733300873953656,3.3157894736842106,1.9010418687320019,19.01041868732002,0.7604167474928007,4.752604671830005,9.661343193064056,0.49087385212340523,0.49087385212340523,0.4752604671830005,0.9661343193064056,0.24543692606170261,245.43692606170262,0.23763023359150026,237.63023359150026,0.4830671596532028,483.0671596532028,483.0671596532028,4.665858725761773,4665.858725761774,0.8138171758888034,813.8171758888034,0.8138171758888034,813.8171758888034,unique_exposed_swept_capsule_mass,throughput_acquisition_density
E,10.0,78.53981633974483,2.5,4.908738521234052,4.908738521234052,0.1,1.0,0.5,0.5 g/cm^3,81.05263157894737,3600.0,22.514619883040936,45.02923976608187,derived_from_throughput,0.5733300873953656,5.733300873953656,3.526315789473684,2.0217429397626048,20.21742939762605,0.8086971759050419,5.054357349406512,9.963095870640565,0.49087385212340523,0.49087385212340523,0.5054357349406512,0.9963095870640566,0.24543692606170261,245.43692606170262,0.2527178674703256,252.7178674703256,0.4981547935320283,498.1547935320283,498.1547935320283,4.962103724222838,4962.103724222838,0.865488107691267,865.488107691267,0.865488107691267,865.488107691267,unique_exposed_swept_capsule_mass,throughput_acquisition_density
E,10.0,78.53981633974483,2.5,4.908738521234052,4.908738521234052,0.1,1.0,0.5,0.5 g/cm^3,81.05263157894737,3600.0,22.514619883040936,45.02923976608187,derived_from_throughput,0.5733300873953656,5.733300873953656,3.7368421052631575,2.1424440107932083,21.424440107932085,0.8569776043172833,5.356110026983021,10.264848548217074,0.49087385212340523,0.49087385212340523,0.5356110026983022,1.0264848548217074,0.24543692606170261,245.43692606170262,0.2678055013491511,267.8055013491511,0.5132424274108537,513.2424274108537,513.2424274108537,5.258348722683903,5258.348722683902,0.9171590394937308,917.1590394937308,0.9171590394937308,917.1590394937308,unique_exposed_swept_capsule_mass,throughput_acquisition_density
E,10.0,78.53981633974483,2.5,4.908738521234052,4.908738521234052,0.1,1.0,0.5,0.5 g/cm^3,81.05263157894737,3600.0,22.514619883040936,45.02923976608187,derived_from_throughput,0.5733300873953656,5.733300873953656,3.9473684210526314,2.2631450818238115,22.631450818238115,0.9052580327295245,5.657862704559529,10.56660122579358,0.49087385212340523,0.49087385212340523,0.5657862704559529,1.056660122579358,0.24543692606170261,245.43692606170262,0.28289313522797643,282.8931352279764,0.528330061289679,528.330061289679,528.330061289679,5.554593721144967,5554.593721144967,0.9688299712961945,968.8299712961946,0.9688299712961945,968.8299712961946,unique_exposed_swept_capsule_mass,throughput_acquisition_density
E,10.0,78.53981633974483,2.5,4.908738521234052,4.908738521234052,0.1,1.0,0.5,0.5 g/cm^3,81.05263157894737,3600.0,22.514619883040936,45.02923976608187,derived_from_throughput,0.5733300873953656,5.733300873953656,4.157894736842105,2.383846152854415,23.83846152854415,0.953538461141766,5.959615382136038,10.868353903370089,0.49087385212340523,0.49087385212340523,0.5959615382136038,1.086835390337009,0.24543692606170261,245.43692606170262,0.2979807691068019,297.98076910680186,0.5434176951685045,543.4176951685045,543.4176951685045,5.850838719606033,5850.838719606033,1.0205009030986583,1020.5009030986582,1.0205009030986583,1020.5009030986582,unique_exposed_swept_capsule_mass,throughput_acquisition_density
E,10.0,78.53981633974483,2.5,4.908738521234052,4.908738521234052,0.1,1.0,0.5,0.5 g/cm^3,81.05263157894737,3600.0,22.514619883040936,45.02923976608187,derived_from_throughput,0.5733300873953656,5.733300873953656,4.368421052631579,2.504547223885018,25.04547223885018,1.0018188895540072,6.261368059712545,11.170106580946598,0.49087385212340523,0.49087385212340523,0.6261368059712545,1.11701065809466,0.24543692606170261,245.43692606170262,0.31306840298562727,313.06840298562724,0.55850532904733,558.50532904733,558.50532904733,6.147083718067098,6147.083718067098,1.072171834901122,1072.171834901122,1.072171834901122,1072.171834901122,unique_exposed_swept_capsule_mass,throughput_acquisition_density
E,10.0,78.53981633974483,2.5,4.908738521234052,4.908738521234052,0.1,1.0,0.5,0.5 g/cm^3,81.05263157894737,3600.0,22.514619883040936,45.02923976608187,derived_from_throughput,0.5733300873953656,5.733300873953656,4.578947368421052,2.6252482949156213,26.252482949156214,1.0500993179662486,6.563120737289053,11.471859258523105,0.49087385212340523,0.49087385212340523,0.6563120737289054,1.1471859258523105,0.24543692606170261,245.43692606170262,0.3281560368644527,328.15603686445274,0.5735929629261552,573.5929629261552,573.5929629261552,6.443328716528162,6443.328716528163,1.1238427667035855,1123.8427667035855,1.1238427667035855,1123.8427667035855,unique_exposed_swept_capsule_mass,throughput_acquisition_density
E,10.0,78.53981633974483,2.5,4.908738521234052,4.908738521234052,0.1,1.0,0.5,0.5 g/cm^3,81.05263157894737,3600.0,22.514619883040936,45.02923976608187,derived_from_throughput,0.5733300873953656,5.733300873953656,4.789473684210526,2.7459493659462244,27.459493659462243,1.0983797463784897,6.864873414865561,11.773611936099613,0.49087385212340523,0.49087385212340523,0.6864873414865561,1.1773611936099613,0.24543692606170261,245.43692606170262,0.34324367074327805,343.2436707432781,0.5886805968049806,588.6805968049806,588.6805968049806,6.739573714989227,6739.573714989227,1.1755136985060493,1175.5136985060492,1.1755136985060493,1175.5136985060492,unique_exposed_swept_capsule_mass,throughput_acquisition_density
E,10.0,78.53981633974483,2.5,4.908738521234052,4.908738521234052,0.1,1.0,0.5,0.5 g/cm^3,81.05263157894737,3600.0,22.514619883040936,45.02923976608187,derived_from_throughput,0.5733300873953656,5.733300873953656,5.0,2.866650436976828,28.66650436976828,1.1466601747907312,7.16662609244207,12.075364613676122,0.49087385212340523,0.49087385212340523,0.716662609244207,1.2075364613676123,0.24543692606170261,245.43692606170262,0.3583313046221035,358.3313046221035,0.6037682306838061,603.7682306838061,603.7682306838061,7.0358187134502925,7035.818713450292,1.227184630308513,1227.184630308513,1.227184630308513,1227.184630308513,unique_exposed_swept_capsule_mass,throughput_acquisition_density
E,10.0,78.53981633974483,2.5,4.908738521234052,4.908738521234052,0.1,1.0,0.5,0.5 g/cm^3,85.78947368421052,3600.0,23.830409356725145,47.66081871345029,derived_from_throughput,0.6068363912041856,6.068363912041857,1.0,0.6068363912041856,6.068363912041857,0.24273455648167425,1.5170909780104642,6.425829499244516,0.49087385212340523,0.49087385212340523,0.15170909780104644,0.6425829499244516,0.24543692606170261,245.43692606170262,0.07585454890052322,75.85454890052321,0.3212914749622258,321.29147496222583,321.29147496222583,1.4894005847953216,1489.4005847953215,0.24543692606170261,245.43692606170262,0.24543692606170261,245.43692606170262,unique_exposed_swept_capsule_mass,throughput_acquisition_density
E,10.0,78.53981633974483,2.5,4.908738521234052,4.908738521234052,0.1,1.0,0.5,0.5 g/cm^3,85.78947368421052,3600.0,23.830409356725145,47.66081871345029,derived_from_throughput,0.6068363912041856,6.068363912041857,1.2105263157894737,0.7345914209313826,7.345914209313826,0.29383656837255306,1.8364785523284566,6.745217073562508,0.49087385212340523,0.49087385212340523,0.18364785523284566,0.6745217073562508,0.24543692606170261,245.43692606170262,0.09182392761642283,91.82392761642284,0.3372608536781254,337.26085367812544,337.26085367812544,1.8029586026469682,1802.958602646968,0.2971078578641663,297.1078578641663,0.2971078578641663,297.1078578641663,unique_exposed_swept_capsule_mass,throughput_acquisition_density
E,10.0,78.53981633974483,2.5,4.908738521234052,4.908738521234052,0.1,1.0,0.5,0.5 g/cm^3,85.78947368421052,3600.0,23.830409356725145,47.66081871345029,derived_from_throughput,0.6068363912041856,6.068363912041857,1.4210526315789473,0.8623464506585796,8.623464506585796,0.3449385802634318,2.155866126646449,7.0646046478805005,0.49087385212340523,0.49087385212340523,0.2155866126646449,0.7064604647880501,0.24543692606170261,245.43692606170262,0.10779330633232245,107.79330633232246,0.35323023239402507,353.23023239402505,353.23023239402505,2.116516620498615,2116.516620498615,0.34877878966663,348.77878966663,0.34877878966663,348.77878966663,unique_exposed_swept_capsule_mass,throughput_acquisition_density
E,10.0,78.53981633974483,2.5,4.908738521234052,4.908738521234052,0.1,1.0,0.5,0.5 g/cm^3,85.78947368421052,3600.0,23.830409356725145,47.66081871345029,derived_from_throughput,0.6068363912041856,6.068363912041857,1.631578947368421,0.9901014803857765,9.901014803857764,0.3960405921543106,2.475253700964441,7.3839922221984935,0.49087385212340523,0.49087385212340523,0.24752537009644413,0.7383992222198494,0.24543692606170261,245.43692606170262,0.12376268504822206,123.76268504822207,0.3691996111099247,369.1996111099247,369.1996111099247,2.4300746383502614,2430.0746383502615,0.40044972146909374,400.44972146909373,0.40044972146909374,400.44972146909373,unique_exposed_swept_capsule_mass,throughput_acquisition_density
E,10.0,78.53981633974483,2.5,4.908738521234052,4.908738521234052,0.1,1.0,0.5,0.5 g/cm^3,85.78947368421052,3600.0,23.830409356725145,47.66081871345029,derived_from_throughput,0.6068363912041856,6.068363912041857,1.8421052631578947,1.1178565101129736,11.178565101129736,0.44714260404518946,2.794641275282434,7.7033797965164865,0.49087385212340523,0.49087385212340523,0.2794641275282434,0.7703379796516487,0.24543692606170261,245.43692606170262,0.1397320637641217,139.7320637641217,0.38516898982582437,385.1689898258244,385.1689898258244,2.743632656201908,2743.632656201908,0.4521206532715574,452.12065327155744,0.4521206532715574,452.12065327155744,unique_exposed_swept_capsule_mass,throughput_acquisition_density
E,10.0,78.53981633974483,2.5,4.908738521234052,4.908738521234052,0.1,1.0,0.5,0.5 g/cm^3,85.78947368421052,3600.0,23.830409356725145,47.66081871345029,derived_from_throughput,0.6068363912041856,6.068363912041857,2.052631578947368,1.2456115398401704,12.456115398401703,0.49824461593606817,3.114028849600426,8.022767370834478,0.49087385212340523,0.49087385212340523,0.3114028849600426,0.8022767370834478,0.24543692606170261,245.43692606170262,0.1557014424800213,155.70144248002129,0.4011383685417239,401.13836854172393,401.13836854172393,3.057190674053554,3057.190674053554,0.5037915850740211,503.7915850740211,0.5037915850740211,503.7915850740211,unique_exposed_swept_capsule_mass,throughput_acquisition_density
E,10.0,78.53981633974483,2.5,4.908738521234052,4.908738521234052,0.1,1.0,0.5,0.5 g/cm^3,85.78947368421052,3600.0,23.830409356725145,47.66081871345029,derived_from_throughput,0.6068363912041856,6.068363912041857,2.263157894736842,1.3733665695673674,13.733665695673674,0.549346627826947,3.4334164239184184,8.34215494515247,0.49087385212340523,0.49087385212340523,0.34334164239184184,0.8342154945152471,0.24543692606170261,245.43692606170262,0.17167082119592092,171.67082119592092,0.41710774725762356,417.10774725762354,417.10774725762354,3.3707486919052014,3370.748691905201,0.5554625168764848,555.4625168764849,0.5554625168764848,555.4625168764849,unique_exposed_swept_capsule_mass,throughput_acquisition_density
E,10.0,78.53981633974483,2.5,4.908738521234052,4.908738521234052,0.1,1.0,0.5,0.5 g/cm^3,85.78947368421052,3600.0,23.830409356725145,47.66081871345029,derived_from_throughput,0.6068363912041856,6.068363912041857,2.473684210526316,1.5011215992945646,15.011215992945646,0.6004486397178258,3.7528039982364114,8.661542519470464,0.49087385212340523,0.49087385212340523,0.37528039982364114,0.8661542519470464,0.24543692606170261,245.43692606170262,0.18764019991182057,187.64019991182056,0.4330771259735232,433.0771259735232,433.0771259735232,3.6843067097568483,3684.3067097568482,0.6071334486789486,607.1334486789486,0.6071334486789486,607.1334486789486,unique_exposed_swept_capsule_mass,throughput_acquisition_density
E,10.0,78.53981633974483,2.5,4.908738521234052,4.908738521234052,0.1,1.0,0.5,0.5 g/cm^3,85.78947368421052,3600.0,23.830409356725145,47.66081871345029,derived_from_throughput,0.6068363912041856,6.068363912041857,2.6842105263157894,1.6288766290217613,16.288766290217612,0.6515506516087045,4.072191572554403,8.980930093788455,0.49087385212340523,0.49087385212340523,0.40721915725544033,0.8980930093788455,0.24543692606170261,245.43692606170262,0.20360957862772017,203.60957862772017,0.44904650468942275,449.04650468942276,449.04650468942276,3.9978647276084947,3997.864727608495,0.6588043804814122,658.8043804814122,0.6588043804814122,658.8043804814122,unique_exposed_swept_capsule_mass,throughput_acquisition_density
E,10.0,78.53981633974483,2.5,4.908738521234052,4.908738521234052,0.1,1.0,0.5,0.5 g/cm^3,85.78947368421052,3600.0,23.830409356725145,47.66081871345029,derived_from_throughput,0.6068363912041856,6.068363912041857,2.894736842105263,1.7566316587489583,17.566316587489585,0.7026526634995833,4.391579146872396,9.300317668106448,0.49087385212340523,0.49087385212340523,0.43915791468723964,0.9300317668106448,0.24543692606170261,245.43692606170262,0.21957895734361982,219.5789573436198,0.4650158834053224,465.0158834053224,465.0158834053224,4.311422745460141,4311.422745460141,0.710475312283876,710.475312283876,0.710475312283876,710.475312283876,unique_exposed_swept_capsule_mass,throughput_acquisition_density
E,10.0,78.53981633974483,2.5,4.908738521234052,4.908738521234052,0.1,1.0,0.5,0.5 g/cm^3,85.78947368421052,3600.0,23.830409356725145,47.66081871345029,derived_from_throughput,0.6068363912041856,6.068363912041857,3.1052631578947367,1.8843866884761553,18.843866884761553,0.7537546753904621,4.710966721190388,9.619705242424441,0.49087385212340523,0.49087385212340523,0.47109667211903883,0.9619705242424441,0.24543692606170261,245.43692606170262,0.23554833605951941,235.54833605951941,0.48098526212122206,480.98526212122204,480.98526212122204,4.624980763311788,4624.980763311788,0.7621462440863397,762.1462440863397,0.7621462440863397,762.1462440863397,unique_exposed_swept_capsule_mass,throughput_acquisition_density
E,10.0,78.53981633974483,2.5,4.908738521234052,4.908738521234052,0.1,1.0,0.5,0.5 g/cm^3,85.78947368421052,3600.0,23.830409356725145,47.66081871345029,derived_from_throughput,0.6068363912041856,6.068363912041857,3.3157894736842106,2.0121417182033525,20.121417182033525,0.804856687281341,5.030354295508381,9.939092816742434,0.49087385212340523,0.49087385212340523,0.5030354295508381,0.9939092816742434,0.24543692606170261,245.43692606170262,0.25151771477541907,251.51771477541905,0.4969546408371217,496.9546408371217,496.9546408371217,4.938538781163435,4938.538781163435,0.8138171758888034,813.8171758888034,0.8138171758888034,813.8171758888034,unique_exposed_swept_capsule_mass,throughput_acquisition_density
E,10.0,78.53981633974483,2.5,4.908738521234052,4.908738521234052,0.1,1.0,0.5,0.5 g/cm^3,85.78947368421052,3600.0,23.830409356725145,47.66081871345029,derived_from_throughput,0.6068363912041856,6.068363912041857,3.526315789473684,2.1398967479305493,21.398967479305494,0.8559586991722197,5.3497418698263735,10.258480391060425,0.49087385212340523,0.49087385212340523,0.5349741869826373,1.0258480391060425,0.24543692606170261,245.43692606170262,0.26748709349131866,267.48709349131866,0.5129240195530212,512.9240195530213,512.9240195530213,5.252096799015081,5252.09679901508,0.865488107691267,865.488107691267,0.865488107691267,865.488107691267,unique_exposed_swept_capsule_mass,throughput_acquisition_density
E,10.0,78.53981633974483,2.5,4.908738521234052,4.908738521234052,0.1,1.0,0.5,0.5 g/cm^3,85.78947368421052,3600.0,23.830409356725145,47.66081871345029,derived_from_throughput,0.6068363912041856,6.068363912041857,3.7368421052631575,2.267651777657746,22.676517776577462,0.9070607110630984,5.669129444144366,10.577867965378417,0.49087385212340523,0.49087385212340523,0.5669129444144366,1.0577867965378418,0.24543692606170261,245.43692606170262,0.2834564722072183,283.4564722072183,0.5288933982689209,528.8933982689209,528.8933982689209,5.5656548168667275,5565.654816866728,0.9171590394937308,917.1590394937308,0.9171590394937308,917.1590394937308,unique_exposed_swept_capsule_mass,throughput_acquisition_density
E,10.0,78.53981633974483,2.5,4.908738521234052,4.908738521234052,0.1,1.0,0.5,0.5 g/cm^3,85.78947368421052,3600.0,23.830409356725145,47.66081871345029,derived_from_throughput,0.6068363912041856,6.068363912041857,3.9473684210526314,2.3954068073849433,23.954068073849434,0.9581627229539773,5.988517018462359,10.89725553969641,0.49087385212340523,0.49087385212340523,0.5988517018462359,1.089725553969641,0.24543692606170261,245.43692606170262,0.29942585092311796,299.425850923118,0.5448627769848206,544.8627769848206,544.8627769848206,5.879212834718374,5879.212834718374,0.9688299712961945,968.8299712961946,0.9688299712961945,968.8299712961946,unique_exposed_swept_capsule_mass,throughput_acquisition_density
E,10.0,78.53981633974483,2.5,4.908738521234052,4.908738521234052,0.1,1.0,0.5,0.5 g/cm^3,85.78947368421052,3600.0,23.830409356725145,47.66081871345029,derived_from_throughput,0.6068363912041856,6.068363912041857,4.157894736842105,2.5231618371121405,25.231618371121407,1.0092647348448562,6.307904592780352,11.216643114014403,0.49087385212340523,0.49087385212340523,0.6307904592780352,1.1216643114014404,0.24543692606170261,245.43692606170262,0.3153952296390176,315.3952296390176,0.5608321557007202,560.8321557007203,560.8321557007203,6.192770852570021,6192.770852570021,1.0205009030986583,1020.5009030986582,1.0205009030986583,1020.5009030986582,unique_exposed_swept_capsule_mass,throughput_acquisition_density
E,10.0,78.53981633974483,2.5,4.908738521234052,4.908738521234052,0.1,1.0,0.5,0.5 g/cm^3,85.78947368421052,3600.0,23.830409356725145,47.66081871345029,derived_from_throughput,0.6068363912041856,6.068363912041857,4.368421052631579,2.6509168668393372,26.50916866839337,1.060366746735735,6.627292167098343,11.536030688332396,0.49087385212340523,0.49087385212340523,0.6627292167098343,1.1536030688332397,0.24543692606170261,245.43692606170262,0.33136460835491716,331.36460835491715,0.5768015344166199,576.8015344166198,576.8015344166198,6.506328870421668,6506.328870421668,1.072171834901122,1072.171834901122,1.072171834901122,1072.171834901122,unique_exposed_swept_capsule_mass,throughput_acquisition_density
E,10.0,78.53981633974483,2.5,4.908738521234052,4.908738521234052,0.1,1.0,0.5,0.5 g/cm^3,85.78947368421052,3600.0,23.830409356725145,47.66081871345029,derived_from_throughput,0.6068363912041856,6.068363912041857,4.578947368421052,2.778671896566534,27.78671896566534,1.1114687586266137,6.946679741416335,11.855418262650387,0.49087385212340523,0.49087385212340523,0.6946679741416335,1.1855418262650388,0.24543692606170261,245.43692606170262,0.34733398707081675,347.33398707081676,0.5927709131325194,592.7709131325194,592.7709131325194,6.819886888273314,6819.886888273314,1.1238427667035855,1123.8427667035855,1.1238427667035855,1123.8427667035855,unique_exposed_swept_capsule_mass,throughput_acquisition_density
E,10.0,78.53981633974483,2.5,4.908738521234052,4.908738521234052,0.1,1.0,0.5,0.5 g/cm^3,85.78947368421052,3600.0,23.830409356725145,47.66081871345029,derived_from_throughput,0.6068363912041856,6.068363912041857,4.789473684210526,2.906426926293731,29.06426926293731,1.1625707705174924,7.266067315734327,12.174805836968378,0.49087385212340523,0.49087385212340523,0.7266067315734328,1.2174805836968379,0.24543692606170261,245.43692606170262,0.3633033657867164,363.3033657867164,0.6087402918484189,608.7402918484189,608.7402918484189,7.13344490612496,7133.44490612496,1.1755136985060493,1175.5136985060492,1.1755136985060493,1175.5136985060492,unique_exposed_swept_capsule_mass,throughput_acquisition_density
E,10.0,78.53981633974483,2.5,4.908738521234052,4.908738521234052,0.1,1.0,0.5,0.5 g/cm^3,85.78947368421052,3600.0,23.830409356725145,47.66081871345029,derived_from_throughput,0.6068363912041856,6.068363912041857,5.0,3.0341819560209284,30.341819560209284,1.2136727824083713,7.585454890052321,12.494193411286373,0.49087385212340523,0.49087385212340523,0.7585454890052321,1.2494193411286374,0.24543692606170261,245.43692606170262,0.37927274450261605,379.27274450261604,0.6247096705643187,624.7096705643187,624.7096705643187,7.447002923976608,7447.002923976607,1.227184630308513,1227.184630308513,1.227184630308513,1227.184630308513,unique_exposed_swept_capsule_mass,throughput_acquisition_density
E,10.0,78.53981633974483,2.5,4.908738521234052,4.908738521234052,0.1,1.0,0.5,0.5 g/cm^3,90.52631578947367,3600.0,25.14619883040935,50.2923976608187,derived_from_throughput,0.6403426950130057,6.403426950130057,1.0,0.6403426950130057,6.403426950130057,0.25613707800520225,1.6008567375325142,6.509595258766566,0.49087385212340523,0.49087385212340523,0.16008567375325145,0.6509595258766567,0.24543692606170261,245.43692606170262,0.08004283687662572,80.04283687662573,0.32547976293832837,325.47976293832835,325.47976293832835,1.5716374269005844,1571.6374269005844,0.24543692606170261,245.43692606170262,0.24543692606170261,245.43692606170262,unique_exposed_swept_capsule_mass,throughput_acquisition_density
E,10.0,78.53981633974483,2.5,4.908738521234052,4.908738521234052,0.1,1.0,0.5,0.5 g/cm^3,90.52631578947367,3600.0,25.14619883040935,50.2923976608187,derived_from_throughput,0.6403426950130057,6.403426950130057,1.2105263157894737,0.7751516834367963,7.751516834367963,0.31006067337471854,1.9378792085919907,6.846617729826042,0.49087385212340523,0.49087385212340523,0.19378792085919908,0.6846617729826043,0.24543692606170261,245.43692606170262,0.09689396042959954,96.89396042959953,0.34233088649130217,342.3308864913022,342.3308864913022,1.9025084641428127,1902.5084641428127,0.2971078578641663,297.1078578641663,0.2971078578641663,297.1078578641663,unique_exposed_swept_capsule_mass,throughput_acquisition_density
E,10.0,78.53981633974483,2.5,4.908738521234052,4.908738521234052,0.1,1.0,0.5,0.5 g/cm^3,90.52631578947367,3600.0,25.14619883040935,50.2923976608187,derived_from_throughput,0.6403426950130057,6.403426950130057,1.4210526315789473,0.9099606718605869,9.09960671860587,0.3639842687442348,2.2749016796514674,7.183640200885519,0.49087385212340523,0.49087385212340523,0.22749016796514676,0.7183640200885519,0.24543692606170261,245.43692606170262,0.11374508398257338,113.74508398257338,0.35918201004427597,359.18201004427596,359.18201004427596,2.233379501385041,2233.379501385041,0.34877878966663,348.77878966663,0.34877878966663,348.77878966663,unique_exposed_swept_capsule_mass,throughput_acquisition_density
E,10.0,78.53981633974483,2.5,4.908738521234052,4.908738521234052,0.1,1.0,0.5,0.5 g/cm^3,90.52631578947367,3600.0,25.14619883040935,50.2923976608187,derived_from_throughput,0.6403426950130057,6.403426950130057,1.631578947368421,1.0447696602843777,10.447696602843777,0.4179078641137511,2.6119241507109443,7.520662671944996,0.49087385212340523,0.49087385212340523,0.2611924150710944,0.7520662671944996,0.24543692606170261,245.43692606170262,0.1305962075355472,130.59620753554722,0.3760331335972498,376.03313359724984,376.03313359724984,2.5642505386272694,2564.250538627269,0.40044972146909374,400.44972146909373,0.40044972146909374,400.44972146909373,unique_exposed_swept_capsule_mass,throughput_acquisition_density
E,10.0,78.53981633974483,2.5,4.908738521234052,4.908738521234052,0.1,1.0,0.5,0.5 g/cm^3,90.52631578947367,3600.0,25.14619883040935,50.2923976608187,derived_from_throughput,0.6403426950130057,6.403426950130057,1.8421052631578947,1.1795786487081683,11.795786487081683,0.4718314594832673,2.9489466217704208,7.857685143004472,0.49087385212340523,0.49087385212340523,0.2948946621770421,0.7857685143004473,0.24543692606170261,245.43692606170262,0.14744733108852104,147.44733108852103,0.3928842571502236,392.8842571502236,392.8842571502236,2.8951215758694975,2895.1215758694975,0.4521206532715574,452.12065327155744,0.4521206532715574,452.12065327155744,unique_exposed_swept_capsule_mass,throughput_acquisition_density
E,10.0,78.53981633974483,2.5,4.908738521234052,4.908738521234052,0.1,1.0,0.5,0.5 g/cm^3,90.52631578947367,3600.0,25.14619883040935,50.2923976608187,derived_from_throughput,0.6403426950130057,6.403426950130057,2.052631578947368,1.3143876371319587,13.143876371319587,0.5257550548527835,3.285969092829897,8.19470761406395,0.49087385212340523,0.49087385212340523,0.3285969092829897,0.819470761406395,0.24543692606170261,245.43692606170262,0.16429845464149484,164.29845464149483,0.4097353807031975,409.7353807031975,409.7353807031975,3.2259926131117256,3225.9926131117254,0.5037915850740211,503.7915850740211,0.5037915850740211,503.7915850740211,unique_exposed_swept_capsule_mass,throughput_acquisition_density
E,10.0,78.53981633974483,2.5,4.908738521234052,4.908738521234052,0.1,1.0,0.5,0.5 g/cm^3,90.52631578947367,3600.0,25.14619883040935,50.2923976608187,derived_from_throughput,0.6403426950130057,6.403426950130057,2.263157894736842,1.4491966255557496,14.491966255557497,0.5796786502222998,3.622991563889374,8.531730085123426,0.49087385212340523,0.49087385212340523,0.36229915638893745,0.8531730085123427,0.24543692606170261,245.43692606170262,0.18114957819446872,181.14957819446872,0.42658650425617134,426.58650425617134,426.58650425617134,3.556863650353954,3556.863650353954,0.5554625168764848,555.4625168764849,0.5554625168764848,555.4625168764849,unique_exposed_swept_capsule_mass,throughput_acquisition_density
E,10.0,78.53981633974483,2.5,4.908738521234052,4.908738521234052,0.1,1.0,0.5,0.5 g/cm^3,90.52631578947367,3600.0,25.14619883040935,50.2923976608187,derived_from_throughput,0.6403426950130057,6.403426950130057,2.473684210526316,1.5840056139795404,15.840056139795404,0.6336022455918162,3.960014034948851,8.868752556182903,0.49087385212340523,0.49087385212340523,0.3960014034948851,0.8868752556182904,0.24543692606170261,245.43692606170262,0.19800070174744255,198.00070174744255,0.4434376278091452,443.43762780914517,443.43762780914517,3.8877346875961827,3887.7346875961825,0.6071334486789486,607.1334486789486,0.6071334486789486,607.1334486789486,unique_exposed_swept_capsule_mass,throughput_acquisition_density
E,10.0,78.53981633974483,2.5,4.908738521234052,4.908738521234052,0.1,1.0,0.5,0.5 g/cm^3,90.52631578947367,3600.0,25.14619883040935,50.2923976608187,derived_from_throughput,0.6403426950130057,6.403426950130057,2.6842105263157894,1.7188146024033308,17.18814602403331,0.6875258409613323,4.297036506008327,9.205775027242378,0.49087385212340523,0.49087385212340523,0.4297036506008327,0.9205775027242379,0.24543692606170261,245.43692606170262,0.21485182530041635,214.85182530041635,0.46028875136211894,460.28875136211894,460.28875136211894,4.218605724838411,4218.60572483841,0.6588043804814122,658.8043804814122,0.6588043804814122,658.8043804814122,unique_exposed_swept_capsule_mass,throughput_acquisition_density
E,10.0,78.53981633974483,2.5,4.908738521234052,4.908738521234052,0.1,1.0,0.5,0.5 g/cm^3,90.52631578947367,3600.0,25.14619883040935,50.2923976608187,derived_from_throughput,0.6403426950130057,6.403426950130057,2.894736842105263,1.8536235908271215,18.536235908271216,0.7414494363308486,4.634058977067804,9.542797498301855,0.49087385212340523,0.49087385212340523,0.4634058977067804,0.9542797498301856,0.24543692606170261,245.43692606170262,0.2317029488533902,231.7029488533902,0.4771398749150928,477.1398749150928,477.1398749150928,4.549476762080639,4549.476762080639,0.710475312283876,710.475312283876,0.710475312283876,710.475312283876,unique_exposed_swept_capsule_mass,throughput_acquisition_density
E,10.0,78.53981633974483,2.5,4.908738521234052,4.908738521234052,0.1,1.0,0.5,0.5 g/cm^3,90.52631578947367,3600.0,25.14619883040935,50.2923976608187,derived_from_throughput,0.6403426950130057,6.403426950130057,3.1052631578947367,1.9884325792509123,19.884325792509124,0.7953730317003649,4.971081448127281,9.879819969361332,0.49087385212340523,0.49087385212340523,0.49710814481272814,0.9879819969361332,0.24543692606170261,245.43692606170262,0.24855407240636407,248.55407240636407,0.4939909984680666,493.9909984680666,493.9909984680666,4.880347799322867,4880.347799322867,0.7621462440863397,762.1462440863397,0.7621462440863397,762.1462440863397,unique_exposed_swept_capsule_mass,throughput_acquisition_density
E,10.0,78.53981633974483,2.5,4.908738521234052,4.908738521234052,0.1,1.0,0.5,0.5 g/cm^3,90.52631578947367,3600.0,25.14619883040935,50.2923976608187,derived_from_throughput,0.6403426950130057,6.403426950130057,3.3157894736842106,2.123241567674703,21.23241567674703,0.8492966270698812,5.308103919186758,10.216842440420809,0.49087385212340523,0.49087385212340523,0.5308103919186759,1.021684244042081,0.24543692606170261,245.43692606170262,0.2654051959593379,265.4051959593379,0.5108421220210405,510.8421220210405,510.8421220210405,5.211218836565096,5211.218836565096,0.8138171758888034,813.8171758888034,0.8138171758888034,813.8171758888034,unique_exposed_swept_capsule_mass,throughput_acquisition_density
E,10.0,78.53981633974483,2.5,4.908738521234052,4.908738521234052,0.1,1.0,0.5,0.5 g/cm^3,90.52631578947367,3600.0,25.14619883040935,50.2923976608187,derived_from_throughput,0.6403426950130057,6.403426950130057,3.526315789473684,2.2580505560984934,22.580505560984932,0.9032202224393974,5.645126390246233,10.553864911480286,0.49087385212340523,0.49087385212340523,0.5645126390246233,1.0553864911480286,0.24543692606170261,245.43692606170262,0.28225631951231167,282.2563195123117,0.5276932455740143,527.6932455740143,527.6932455740143,5.542089873807324,5542.089873807324,0.865488107691267,865.488107691267,0.865488107691267,865.488107691267,unique_exposed_swept_capsule_mass,throughput_acquisition_density
E,10.0,78.53981633974483,2.5,4.908738521234052,4.908738521234052,0.1,1.0,0.5,0.5 g/cm^3,90.52631578947367,3600.0,25.14619883040935,50.2923976608187,derived_from_throughput,0.6403426950130057,6.403426950130057,3.7368421052631575,2.392859544522284,23.928595445222843,0.9571438178089137,5.982148861305711,10.890887382539763,0.49087385212340523,0.49087385212340523,0.598214886130571,1.0890887382539762,0.24543692606170261,245.43692606170262,0.2991074430652855,299.1074430652855,0.5445443691269881,544.5443691269882,544.5443691269882,5.872960911049551,5872.960911049551,0.9171590394937308,917.1590394937308,0.9171590394937308,917.1590394937308,unique_exposed_swept_capsule_mass,throughput_acquisition_density
E,10.0,78.53981633974483,2.5,4.908738521234052,4.908738521234052,0.1,1.0,0.5,0.5 g/cm^3,90.52631578947367,3600.0,25.14619883040935,50.2923976608187,derived_from_throughput,0.6403426950130057,6.403426950130057,3.9473684210526314,2.527668532946075,25.27668532946075,1.01106741317843,6.319171332365188,11.22790985359924,0.49087385212340523,0.49087385212340523,0.6319171332365188,1.122790985359924,0.24543692606170261,245.43692606170262,0.3159585666182594,315.9585666182594,0.561395492679962,561.395492679962,561.395492679962,6.20383194829178,6203.8319482917805,0.9688299712961945,968.8299712961946,0.9688299712961945,968.8299712961946,unique_exposed_swept_capsule_mass,throughput_acquisition_density
E,10.0,78.53981633974483,2.5,4.908738521234052,4.908738521234052,0.1,1.0,0.5,0.5 g/cm^3,90.52631578947367,3600.0,25.14619883040935,50.2923976608187,derived_from_throughput,0.6403426950130057,6.403426950130057,4.157894736842105,2.662477521369866,26.62477521369866,1.0649910085479464,6.656193803424665,11.564932324658717,0.49087385212340523,0.49087385212340523,0.6656193803424665,1.1564932324658717,0.24543692606170261,245.43692606170262,0.33280969017123324,332.8096901712332,0.5782466162329358,578.2466162329358,578.2466162329358,6.534702985534008,6534.702985534009,1.0205009030986583,1020.5009030986582,1.0205009030986583,1020.5009030986582,unique_exposed_swept_capsule_mass,throughput_acquisition_density
E,10.0,78.53981633974483,2.5,4.908738521234052,4.908738521234052,0.1,1.0,0.5,0.5 g/cm^3,90.52631578947367,3600.0,25.14619883040935,50.2923976608187,derived_from_throughput,0.6403426950130057,6.403426950130057,4.368421052631579,2.7972865097936563,27.972865097936563,1.1189146039174624,6.993216274484141,11.901954795718193,0.49087385212340523,0.49087385212340523,0.6993216274484141,1.1901954795718195,0.24543692606170261,245.43692606170262,0.34966081372420704,349.66081372420706,0.5950977397859097,595.0977397859098,595.0977397859098,6.8655740227762365,6865.574022776236,1.072171834901122,1072.171834901122,1.072171834901122,1072.171834901122,unique_exposed_swept_capsule_mass,throughput_acquisition_density
E,10.0,78.53981633974483,2.5,4.908738521234052,4.908738521234052,0.1,1.0,0.5,0.5 g/cm^3,90.52631578947367,3600.0,25.14619883040935,50.2923976608187,derived_from_throughput,0.6403426950130057,6.403426950130057,4.578947368421052,2.9320954982174467,29.320954982174467,1.1728381992869787,7.330238745543617,12.238977266777669,0.49087385212340523,0.49087385212340523,0.7330238745543617,1.2238977266777669,0.24543692606170261,245.43692606170262,0.36651193727718084,366.51193727718083,0.6119488633388834,611.9488633388835,611.9488633388835,7.196445060018465,7196.445060018465,1.1238427667035855,1123.8427667035855,1.1238427667035855,1123.8427667035855,unique_exposed_swept_capsule_mass,throughput_acquisition_density
E,10.0,78.53981633974483,2.5,4.908738521234052,4.908738521234052,0.1,1.0,0.5,0.5 g/cm^3,90.52631578947367,3600.0,25.14619883040935,50.2923976608187,derived_from_throughput,0.6403426950130057,6.403426950130057,4.789473684210526,3.066904486641237,30.66904486641237,1.2267617946564948,7.667261216603093,12.575999737837144,0.49087385212340523,0.49087385212340523,0.7667261216603093,1.2575999737837145,0.24543692606170261,245.43692606170262,0.38336306083015464,383.36306083015467,0.6287999868918572,628.7999868918572,628.7999868918572,7.527316097260693,7527.316097260693,1.1755136985060493,1175.5136985060492,1.1755136985060493,1175.5136985060492,unique_exposed_swept_capsule_mass,throughput_acquisition_density
E,10.0,78.53981633974483,2.5,4.908738521234052,4.908738521234052,0.1,1.0,0.5,0.5 g/cm^3,90.52631578947367,3600.0,25.14619883040935,50.2923976608187,derived_from_throughput,0.6403426950130057,6.403426950130057,5.0,3.2017134750650285,32.017134750650285,1.2806853900260113,8.004283687662571,12.913022208896624,0.49087385212340523,0.49087385212340523,0.8004283687662572,1.2913022208896625,0.24543692606170261,245.43692606170262,0.4002141843831286,400.2141843831286,0.6456511104448313,645.6511104448313,645.6511104448313,7.858187134502922,7858.187134502922,1.227184630308513,1227.184630308513,1.227184630308513,1227.184630308513,unique_exposed_swept_capsule_mass,throughput_acquisition_density
E,10.0,78.53981633974483,2.5,4.908738521234052,4.908738521234052,0.1,1.0,0.5,0.5 g/cm^3,95.26315789473684,3600.0,26.461988304093566,52.92397660818713,derived_from_throughput,0.6738489988218258,6.738489988218258,1.0,0.6738489988218258,6.738489988218258,0.2695395995287303,1.6846224970545645,6.593361018288617,0.49087385212340523,0.49087385212340523,0.16846224970545645,0.6593361018288617,0.24543692606170261,245.43692606170262,0.08423112485272823,84.23112485272823,0.32966805091443085,329.66805091443086,329.66805091443086,1.6538742690058479,1653.874269005848,0.24543692606170261,245.43692606170262,0.24543692606170261,245.43692606170262,unique_exposed_swept_capsule_mass,throughput_acquisition_density
E,10.0,78.53981633974483,2.5,4.908738521234052,4.908738521234052,0.1,1.0,0.5,0.5 g/cm^3,95.26315789473684,3600.0,26.461988304093566,52.92397660818713,derived_from_throughput,0.6738489988218258,6.738489988218258,1.2105263157894737,0.8157119459422102,8.157119459422102,0.3262847783768841,2.0392798648555255,6.9480183860895774,0.49087385212340523,0.49087385212340523,0.20392798648555255,0.6948018386089578,0.24543692606170261,245.43692606170262,0.10196399324277627,101.96399324277627,0.3474009193044789,347.4009193044789,347.4009193044789,2.002058325638658,2002.058325638658,0.2971078578641663,297.1078578641663,0.2971078578641663,297.1078578641663,unique_exposed_swept_capsule_mass,throughput_acquisition_density
E,10.0,78.53981633974483,2.5,4.908738521234052,4.908738521234052,0.1,1.0,0.5,0.5 g/cm^3,95.26315789473684,3600.0,26.461988304093566,52.92397660818713,derived_from_throughput,0.6738489988218258,6.738489988218258,1.4210526315789473,0.9575748930625946,9.575748930625945,0.38302995722503785,2.3939372326564863,7.302675753890538,0.49087385212340523,0.49087385212340523,0.23939372326564864,0.7302675753890538,0.24543692606170261,245.43692606170262,0.11969686163282432,119.69686163282432,0.3651337876945269,365.1337876945269,365.1337876945269,2.350242382271468,2350.242382271468,0.34877878966663,348.77878966663,0.34877878966663,348.77878966663,unique_exposed_swept_capsule_mass,throughput_acquisition_density
E,10.0,78.53981633974483,2.5,4.908738521234052,4.908738521234052,0.1,1.0,0.5,0.5 g/cm^3,95.26315789473684,3600.0,26.461988304093566,52.92397660818713,derived_from_throughput,0.6738489988218258,6.738489988218258,1.631578947368421,1.099437840182979,10.99437840182979,0.4397751360731916,2.7485946004574475,7.657333121691499,0.49087385212340523,0.49087385212340523,0.27485946004574474,0.76573331216915,0.24543692606170261,245.43692606170262,0.13742973002287237,137.42973002287238,0.382866656084575,382.86665608457497,382.86665608457497,2.6984264389042782,2698.4264389042783,0.40044972146909374,400.44972146909373,0.40044972146909374,400.44972146909373,unique_exposed_swept_capsule_mass,throughput_acquisition_density
E,10.0,78.53981633974483,2.5,4.908738521234052,4.908738521234052,0.1,1.0,0.5,0.5 g/cm^3,95.26315789473684,3600.0,26.461988304093566,52.92397660818713,derived_from_throughput,0.6738489988218258,6.738489988218258,1.8421052631578947,1.2413007873033632,12.413007873033632,0.4965203149213453,3.103251968258408,8.01199048949246,0.49087385212340523,0.49087385212340523,0.3103251968258408,0.801199048949246,0.24543692606170261,245.43692606170262,0.1551625984129204,155.1625984129204,0.400599524474623,400.59952447462297,400.59952447462297,3.046610495537088,3046.610495537088,0.4521206532715574,452.12065327155744,0.4521206532715574,452.12065327155744,unique_exposed_swept_capsule_mass,throughput_acquisition_density
E,10.0,78.53981633974483,2.5,4.908738521234052,4.908738521234052,0.1,1.0,0.5,0.5 g/cm^3,95.26315789473684,3600.0,26.461988304093566,52.92397660818713,derived_from_throughput,0.6738489988218258,6.738489988218258,2.052631578947368,1.3831637344237475,13.831637344237475,0.553265493769499,3.4579093360593687,8.36664785729342,0.49087385212340523,0.49087385212340523,0.3457909336059369,0.8366647857293421,0.24543692606170261,245.43692606170262,0.17289546680296844,172.89546680296843,0.41833239286467105,418.3323928646711,418.3323928646711,3.394794552169898,3394.794552169898,0.5037915850740211,503.7915850740211,0.5037915850740211,503.7915850740211,unique_exposed_swept_capsule_mass,throughput_acquisition_density
E,10.0,78.53981633974483,2.5,4.908738521234052,4.908738521234052,0.1,1.0,0.5,0.5 g/cm^3,95.26315789473684,3600.0,26.461988304093566,52.92397660818713,derived_from_throughput,0.6738489988218258,6.738489988218258,2.263157894736842,1.525026681544132,15.25026681544132,0.6100106726176528,3.81256670386033,8.721305225094381,0.49087385212340523,0.49087385212340523,0.381256670386033,0.8721305225094382,0.24543692606170261,245.43692606170262,0.1906283351930165,190.6283351930165,0.4360652612547191,436.06526125471913,436.06526125471913,3.742978608802708,3742.978608802708,0.5554625168764848,555.4625168764849,0.5554625168764848,555.4625168764849,unique_exposed_swept_capsule_mass,throughput_acquisition_density
E,10.0,78.53981633974483,2.5,4.908738521234052,4.908738521234052,0.1,1.0,0.5,0.5 g/cm^3,95.26315789473684,3600.0,26.461988304093566,52.92397660818713,derived_from_throughput,0.6738489988218258,6.738489988218258,2.473684210526316,1.6668896286645165,16.668896286645165,0.6667558514658066,4.167224071661291,9.075962592895344,0.49087385212340523,0.49087385212340523,0.4167224071661291,0.9075962592895345,0.24543692606170261,245.43692606170262,0.20836120358306456,208.36120358306457,0.45379812964476723,453.79812964476724,453.79812964476724,4.091162665435519,4091.1626654355186,0.6071334486789486,607.1334486789486,0.6071334486789486,607.1334486789486,unique_exposed_swept_capsule_mass,throughput_acquisition_density
E,10.0,78.53981633974483,2.5,4.908738521234052,4.908738521234052,0.1,1.0,0.5,0.5 g/cm^3,95.26315789473684,3600.0,26.461988304093566,52.92397660818713,derived_from_throughput,0.6738489988218258,6.738489988218258,2.6842105263157894,1.8087525757849008,18.087525757849008,0.7235010303139603,4.521881439462252,9.430619960696305,0.49087385212340523,0.49087385212340523,0.4521881439462252,0.9430619960696305,0.24543692606170261,245.43692606170262,0.2260940719731126,226.0940719731126,0.47153099803481524,471.53099803481524,471.53099803481524,4.439346722068328,4439.346722068328,0.6588043804814122,658.8043804814122,0.6588043804814122,658.8043804814122,unique_exposed_swept_capsule_mass,throughput_acquisition_density
E,10.0,78.53981633974483,2.5,4.908738521234052,4.908738521234052,0.1,1.0,0.5,0.5 g/cm^3,95.26315789473684,3600.0,26.461988304093566,52.92397660818713,derived_from_throughput,0.6738489988218258,6.738489988218258,2.894736842105263,1.950615522905285,19.50615522905285,0.7802462091621141,4.876538807263213,9.785277328497266,0.49087385212340523,0.49087385212340523,0.4876538807263213,0.9785277328497266,0.24543692606170261,245.43692606170262,0.24382694036316066,243.82694036316067,0.4892638664248633,489.2638664248633,489.2638664248633,4.787530778701138,4787.530778701138,0.710475312283876,710.475312283876,0.710475312283876,710.475312283876,unique_exposed_swept_capsule_mass,throughput_acquisition_density
E,10.0,78.53981633974483,2.5,4.908738521234052,4.908738521234052,0.1,1.0,0.5,0.5 g/cm^3,95.26315789473684,3600.0,26.461988304093566,52.92397660818713,derived_from_throughput,0.6738489988218258,6.738489988218258,3.1052631578947367,2.0924784700256693,20.924784700256694,0.8369913880102677,5.231196175064174,10.139934696298226,0.49087385212340523,0.49087385212340523,0.5231196175064173,1.0139934696298227,0.24543692606170261,245.43692606170262,0.26155980875320867,261.55980875320864,0.5069967348149114,506.99673481491135,506.99673481491135,5.135714835333949,5135.714835333949,0.7621462440863397,762.1462440863397,0.7621462440863397,762.1462440863397,unique_exposed_swept_capsule_mass,throughput_acquisition_density
E,10.0,78.53981633974483,2.5,4.908738521234052,4.908738521234052,0.1,1.0,0.5,0.5 g/cm^3,95.26315789473684,3600.0,26.461988304093566,52.92397660818713,derived_from_throughput,0.6738489988218258,6.738489988218258,3.3157894736842106,2.234341417146054,22.343414171460537,0.8937365668584215,5.585853542865134,10.494592064099187,0.49087385212340523,0.49087385212340523,0.5585853542865135,1.0494592064099189,0.24543692606170261,245.43692606170262,0.27929267714325673,279.29267714325675,0.5247296032049594,524.7296032049594,524.7296032049594,5.483898891966759,5483.898891966759,0.8138171758888034,813.8171758888034,0.8138171758888034,813.8171758888034,unique_exposed_swept_capsule_mass,throughput_acquisition_density
E,10.0,78.53981633974483,2.5,4.908738521234052,4.908738521234052,0.1,1.0,0.5,0.5 g/cm^3,95.26315789473684,3600.0,26.461988304093566,52.92397660818713,derived_from_throughput,0.6738489988218258,6.738489988218258,3.526315789473684,2.3762043642664383,23.762043642664384,0.9504817457065753,5.940510910666096,10.849249431900148,0.49087385212340523,0.49087385212340523,0.5940510910666096,1.0849249431900148,0.24543692606170261,245.43692606170262,0.2970255455333048,297.0255455333048,0.5424624715950074,542.4624715950074,542.4624715950074,5.832082948599568,5832.082948599568,0.865488107691267,865.488107691267,0.865488107691267,865.488107691267,unique_exposed_swept_capsule_mass,throughput_acquisition_density
E,10.0,78.53981633974483,2.5,4.908738521234052,4.908738521234052,0.1,1.0,0.5,0.5 g/cm^3,95.26315789473684,3600.0,26.461988304093566,52.92397660818713,derived_from_throughput,0.6738489988218258,6.738489988218258,3.7368421052631575,2.5180673113868224,25.180673113868224,1.007226924554729,6.295168278467056,11.203906799701109,0.49087385212340523,0.49087385212340523,0.6295168278467056,1.1203906799701109,0.24543692606170261,245.43692606170262,0.3147584139233528,314.7584139233528,0.5601953399850554,560.1953399850554,560.1953399850554,6.180267005232379,6180.267005232378,0.9171590394937308,917.1590394937308,0.9171590394937308,917.1590394937308,unique_exposed_swept_capsule_mass,throughput_acquisition_density
E,10.0,78.53981633974483,2.5,4.908738521234052,4.908738521234052,0.1,1.0,0.5,0.5 g/cm^3,95.26315789473684,3600.0,26.461988304093566,52.92397660818713,derived_from_throughput,0.6738489988218258,6.738489988218258,3.9473684210526314,2.659930258507207,26.599302585072067,1.0639721034028828,6.649825646268017,11.55856416750207,0.49087385212340523,0.49087385212340523,0.6649825646268017,1.155856416750207,0.24543692606170261,245.43692606170262,0.33249128231340086,332.49128231340086,0.5779282083751035,577.9282083751035,577.9282083751035,6.528451061865189,6528.451061865189,0.9688299712961945,968.8299712961946,0.9688299712961945,968.8299712961946,unique_exposed_swept_capsule_mass,throughput_acquisition_density
E,10.0,78.53981633974483,2.5,4.908738521234052,4.908738521234052,0.1,1.0,0.5,0.5 g/cm^3,95.26315789473684,3600.0,26.461988304093566,52.92397660818713,derived_from_throughput,0.6738489988218258,6.738489988218258,4.157894736842105,2.8017932056275914,28.017932056275914,1.1207172822510365,7.004483014068978,11.91322153530303,0.49087385212340523,0.49087385212340523,0.7004483014068978,1.1913221535303031,0.24543692606170261,245.43692606170262,0.3502241507034489,350.2241507034489,0.5956610767651516,595.6610767651516,595.6610767651516,6.876635118497999,6876.635118497999,1.0205009030986583,1020.5009030986582,1.0205009030986583,1020.5009030986582,unique_exposed_swept_capsule_mass,throughput_acquisition_density
E,10.0,78.53981633974483,2.5,4.908738521234052,4.908738521234052,0.1,1.0,0.5,0.5 g/cm^3,95.26315789473684,3600.0,26.461988304093566,52.92397660818713,derived_from_throughput,0.6738489988218258,6.738489988218258,4.368421052631579,2.943656152747976,29.43656152747976,1.1774624610991904,7.35914038186994,12.267878903103991,0.49087385212340523,0.49087385212340523,0.7359140381869941,1.2267878903103993,0.24543692606170261,245.43692606170262,0.36795701909349704,367.957019093497,0.6133939451551996,613.3939451551996,613.3939451551996,7.224819175130809,7224.819175130809,1.072171834901122,1072.171834901122,1.072171834901122,1072.171834901122,unique_exposed_swept_capsule_mass,throughput_acquisition_density
E,10.0,78.53981633974483,2.5,4.908738521234052,4.908738521234052,0.1,1.0,0.5,0.5 g/cm^3,95.26315789473684,3600.0,26.461988304093566,52.92397660818713,derived_from_throughput,0.6738489988218258,6.738489988218258,4.578947368421052,3.08551909986836,30.8551909986836,1.234207639947344,7.7137977496709,12.622536270904952,0.49087385212340523,0.49087385212340523,0.7713797749670901,1.2622536270904954,0.24543692606170261,245.43692606170262,0.38568988748354505,385.689887483545,0.6311268135452477,631.1268135452477,631.1268135452477,7.573003231763619,7573.003231763619,1.1238427667035855,1123.8427667035855,1.1238427667035855,1123.8427667035855,unique_exposed_swept_capsule_mass,throughput_acquisition_density
E,10.0,78.53981633974483,2.5,4.908738521234052,4.908738521234052,0.1,1.0,0.5,0.5 g/cm^3,95.26315789473684,3600.0,26.461988304093566,52.92397660818713,derived_from_throughput,0.6738489988218258,6.738489988218258,4.789473684210526,3.2273820469887444,32.27382046988745,1.2909528187954977,8.068455117471862,12.977193638705913,0.49087385212340523,0.49087385212340523,0.8068455117471862,1.2977193638705913,0.24543692606170261,245.43692606170262,0.4034227558735931,403.42275587359313,0.6488596819352956,648.8596819352956,648.8596819352956,7.921187288396428,7921.187288396428,1.1755136985060493,1175.5136985060492,1.1755136985060493,1175.5136985060492,unique_exposed_swept_capsule_mass,throughput_acquisition_density
E,10.0,78.53981633974483,2.5,4.908738521234052,4.908738521234052,0.1,1.0,0.5,0.5 g/cm^3,95.26315789473684,3600.0,26.461988304093566,52.92397660818713,derived_from_throughput,0.6738489988218258,6.738489988218258,5.0,3.369244994109129,33.69244994109129,1.3476979976436516,8.423112485272823,13.331851006506874,0.49087385212340523,0.49087385212340523,0.8423112485272823,1.3331851006506874,0.24543692606170261,245.43692606170262,0.42115562426364117,421.1556242636412,0.6665925503253437,666.5925503253437,666.5925503253437,8.269371345029239,8269.371345029238,1.227184630308513,1227.184630308513,1.227184630308513,1227.184630308513,unique_exposed_swept_capsule_mass,throughput_acquisition_density
E,10.0,78.53981633974483,2.5,4.908738521234052,4.908738521234052,0.1,1.0,0.5,0.5 g/cm^3,100.0,3600.0,27.77777777777778,55.55555555555556,derived_from_throughput,0.7073553026306459,7.07355302630646,1.0,0.7073553026306459,7.07355302630646,0.28294212105225836,1.768388256576615,6.677126777810667,0.49087385212340523,0.49087385212340523,0.1768388256576615,0.6677126777810667,0.24543692606170261,245.43692606170262,0.08841941282883076,88.41941282883076,0.33385633889053334,333.8563388905333,333.8563388905333,1.7361111111111112,1736.111111111111,0.24543692606170261,245.43692606170262,0.24543692606170261,245.43692606170262,unique_exposed_swept_capsule_mass,throughput_acquisition_density
E,10.0,78.53981633974483,2.5,4.908738521234052,4.908738521234052,0.1,1.0,0.5,0.5 g/cm^3,100.0,3600.0,27.77777777777778,55.55555555555556,derived_from_throughput,0.7073553026306459,7.07355302630646,1.2105263157894737,0.8562722084476241,8.56272208447624,0.3425088833790496,2.14068052111906,7.049419042353112,0.49087385212340523,0.49087385212340523,0.21406805211190602,0.7049419042353112,0.24543692606170261,245.43692606170262,0.10703402605595301,107.034026055953,0.3524709521176556,352.4709521176556,352.4709521176556,2.101608187134503,2101.608187134503,0.2971078578641663,297.1078578641663,0.2971078578641663,297.1078578641663,unique_exposed_swept_capsule_mass,throughput_acquisition_density
E,10.0,78.53981633974483,2.5,4.908738521234052,4.908738521234052,0.1,1.0,0.5,0.5 g/cm^3,100.0,3600.0,27.77777777777778,55.55555555555556,derived_from_throughput,0.7073553026306459,7.07355302630646,1.4210526315789473,1.0051891142646021,10.05189114264602,0.40207564570584087,2.512972785661505,7.421711306895557,0.49087385212340523,0.49087385212340523,0.25129727856615053,0.7421711306895558,0.24543692606170261,245.43692606170262,0.12564863928307526,125.64863928307527,0.3710855653447779,371.0855653447779,371.0855653447779,2.4671052631578947,2467.1052631578946,0.34877878966663,348.77878966663,0.34877878966663,348.77878966663,unique_exposed_swept_capsule_mass,throughput_acquisition_density
E,10.0,78.53981633974483,2.5,4.908738521234052,4.908738521234052,0.1,1.0,0.5,0.5 g/cm^3,100.0,3600.0,27.77777777777778,55.55555555555556,derived_from_throughput,0.7073553026306459,7.07355302630646,1.631578947368421,1.1541060200815803,11.541060200815803,0.4616424080326321,2.8852650502039507,7.794003571438003,0.49087385212340523,0.49087385212340523,0.28852650502039506,0.7794003571438003,0.24543692606170261,245.43692606170262,0.14426325251019753,144.26325251019753,0.38970017857190015,389.70017857190015,389.70017857190015,2.8326023391812867,2832.602339181287,0.40044972146909374,400.44972146909373,0.40044972146909374,400.44972146909373,unique_exposed_swept_capsule_mass,throughput_acquisition_density
E,10.0,78.53981633974483,2.5,4.908738521234052,4.908738521234052,0.1,1.0,0.5,0.5 g/cm^3,100.0,3600.0,27.77777777777778,55.55555555555556,derived_from_throughput,0.7073553026306459,7.07355302630646,1.8421052631578947,1.3030229258985584,13.030229258985583,0.5212091703594234,3.257557314746396,8.166295835980447,0.49087385212340523,0.49087385212340523,0.3257557314746396,0.8166295835980448,0.24543692606170261,245.43692606170262,0.1628778657373198,162.8778657373198,0.4083147917990224,408.31479179902243,408.31479179902243,3.198099415204678,3198.0994152046783,0.4521206532715574,452.12065327155744,0.4521206532715574,452.12065327155744,unique_exposed_swept_capsule_mass,throughput_acquisition_density
E,10.0,78.53981633974483,2.5,4.908738521234052,4.908738521234052,0.1,1.0,0.5,0.5 g/cm^3,100.0,3600.0,27.77777777777778,55.55555555555556,derived_from_throughput,0.7073553026306459,7.07355302630646,2.052631578947368,1.4519398317155363,14.519398317155364,0.5807759326862145,3.629849579288841,8.538588100522894,0.49087385212340523,0.49087385212340523,0.36298495792888413,0.8538588100522895,0.24543692606170261,245.43692606170262,0.18149247896444207,181.49247896444206,0.42692940502614474,426.92940502614476,426.92940502614476,3.5635964912280698,3563.5964912280697,0.5037915850740211,503.7915850740211,0.5037915850740211,503.7915850740211,unique_exposed_swept_capsule_mass,throughput_acquisition_density
E,10.0,78.53981633974483,2.5,4.908738521234052,4.908738521234052,0.1,1.0,0.5,0.5 g/cm^3,100.0,3600.0,27.77777777777778,55.55555555555556,derived_from_throughput,0.7073553026306459,7.07355302630646,2.263157894736842,1.6008567375325145,16.008567375325143,0.6403426950130058,4.002141843831286,8.910880365065339,0.49087385212340523,0.49087385212340523,0.4002141843831286,0.8910880365065339,0.24543692606170261,245.43692606170262,0.2001070921915643,200.1070921915643,0.44554401825326695,445.5440182532669,445.5440182532669,3.929093567251462,3929.093567251462,0.5554625168764848,555.4625168764849,0.5554625168764848,555.4625168764849,unique_exposed_swept_capsule_mass,throughput_acquisition_density
E,10.0,78.53981633974483,2.5,4.908738521234052,4.908738521234052,0.1,1.0,0.5,0.5 g/cm^3,100.0,3600.0,27.77777777777778,55.55555555555556,derived_from_throughput,0.7073553026306459,7.07355302630646,2.473684210526316,1.7497736433494926,17.497736433494925,0.699909457339797,4.374434108373731,9.283172629607783,0.49087385212340523,0.49087385212340523,0.43744341083737315,0.9283172629607783,0.24543692606170261,245.43692606170262,0.21872170541868657,218.72170541868658,0.46415863148038916,464.15863148038915,464.15863148038915,4.294590643274854,4294.590643274854,0.6071334486789486,607.1334486789486,0.6071334486789486,607.1334486789486,unique_exposed_swept_capsule_mass,throughput_acquisition_density
E,10.0,78.53981633974483,2.5,4.908738521234052,4.908738521234052,0.1,1.0,0.5,0.5 g/cm^3,100.0,3600.0,27.77777777777778,55.55555555555556,derived_from_throughput,0.7073553026306459,7.07355302630646,2.6842105263157894,1.8986905491664707,18.986905491664707,0.7594762196665883,4.746726372916177,9.655464894150228,0.49087385212340523,0.49087385212340523,0.4746726372916177,0.9655464894150229,0.24543692606170261,245.43692606170262,0.23733631864580884,237.33631864580883,0.48277324470751143,482.7732447075114,482.7732447075114,4.660087719298246,4660.087719298246,0.6588043804814122,658.8043804814122,0.6588043804814122,658.8043804814122,unique_exposed_swept_capsule_mass,throughput_acquisition_density
E,10.0,78.53981633974483,2.5,4.908738521234052,4.908738521234052,0.1,1.0,0.5,0.5 g/cm^3,100.0,3600.0,27.77777777777778,55.55555555555556,derived_from_throughput,0.7073553026306459,7.07355302630646,2.894736842105263,2.0476074549834484,20.476074549834486,0.8190429819933793,5.1190186374586215,10.027757158692673,0.49087385212340523,0.49087385212340523,0.5119018637458622,1.0027757158692674,0.24543692606170261,245.43692606170262,0.2559509318729311,255.9509318729311,0.5013878579346337,501.3878579346337,501.3878579346337,5.025584795321637,5025.584795321637,0.710475312283876,710.475312283876,0.710475312283876,710.475312283876,unique_exposed_swept_capsule_mass,throughput_acquisition_density
E,10.0,78.53981633974483,2.5,4.908738521234052,4.908738521234052,0.1,1.0,0.5,0.5 g/cm^3,100.0,3600.0,27.77777777777778,55.55555555555556,derived_from_throughput,0.7073553026306459,7.07355302630646,3.1052631578947367,2.196524360800427,21.965243608004272,0.8786097443201708,5.491310902001068,10.40004942323512,0.49087385212340523,0.49087385212340523,0.5491310902001069,1.040004942323512,0.24543692606170261,245.43692606170262,0.27456554510005343,274.56554510005344,0.520002471161756,520.002471161756,520.002471161756,5.391081871345029,5391.081871345029,0.7621462440863397,762.1462440863397,0.7621462440863397,762.1462440863397,unique_exposed_swept_capsule_mass,throughput_acquisition_density
E,10.0,78.53981633974483,2.5,4.908738521234052,4.908738521234052,0.1,1.0,0.5,0.5 g/cm^3,100.0,3600.0,27.77777777777778,55.55555555555556,derived_from_throughput,0.7073553026306459,7.07355302630646,3.3157894736842106,2.345441266617405,23.45441266617405,0.9381765066469621,5.863603166543513,10.772341687777566,0.49087385212340523,0.49087385212340523,0.5863603166543513,1.0772341687777567,0.24543692606170261,245.43692606170262,0.29318015832717564,293.18015832717566,0.5386170843888783,538.6170843888783,538.6170843888783,5.756578947368421,5756.578947368421,0.8138171758888034,813.8171758888034,0.8138171758888034,813.8171758888034,unique_exposed_swept_capsule_mass,throughput_acquisition_density
E,10.0,78.53981633974483,2.5,4.908738521234052,4.908738521234052,0.1,1.0,0.5,0.5 g/cm^3,100.0,3600.0,27.77777777777778,55.55555555555556,derived_from_throughput,0.7073553026306459,7.07355302630646,3.526315789473684,2.494358172434383,24.94358172434383,0.9977432689737531,6.235895431085957,11.14463395232001,0.49087385212340523,0.49087385212340523,0.6235895431085958,1.114463395232001,0.24543692606170261,245.43692606170262,0.3117947715542979,311.79477155429794,0.5572316976160006,557.2316976160006,557.2316976160006,6.122076023391813,6122.076023391813,0.865488107691267,865.488107691267,0.865488107691267,865.488107691267,unique_exposed_swept_capsule_mass,throughput_acquisition_density
E,10.0,78.53981633974483,2.5,4.908738521234052,4.908738521234052,0.1,1.0,0.5,0.5 g/cm^3,100.0,3600.0,27.77777777777778,55.55555555555556,derived_from_throughput,0.7073553026306459,7.07355302630646,3.7368421052631575,2.643275078251361,26.432750782513608,1.0573100313005444,6.608187695628402,11.516926216862455,0.49087385212340523,0.49087385212340523,0.6608187695628402,1.1516926216862455,0.24543692606170261,245.43692606170262,0.3304093847814201,330.4093847814201,0.5758463108431228,575.8463108431228,575.8463108431228,6.487573099415204,6487.5730994152045,0.9171590394937308,917.1590394937308,0.9171590394937308,917.1590394937308,unique_exposed_swept_capsule_mass,throughput_acquisition_density
E,10.0,78.53981633974483,2.5,4.908738521234052,4.908738521234052,0.1,1.0,0.5,0.5 g/cm^3,100.0,3600.0,27.77777777777778,55.55555555555556,derived_from_throughput,0.7073553026306459,7.07355302630646,3.9473684210526314,2.792191984068339,27.92191984068339,1.1168767936273356,6.980479960170848,11.8892184814049,0.49087385212340523,0.49087385212340523,0.6980479960170848,1.18892184814049,0.24543692606170261,245.43692606170262,0.3490239980085424,349.0239980085424,0.594460924070245,594.460924070245,594.460924070245,6.853070175438597,6853.070175438596,0.9688299712961945,968.8299712961946,0.9688299712961945,968.8299712961946,unique_exposed_swept_capsule_mass,throughput_acquisition_density
E,10.0,78.53981633974483,2.5,4.908738521234052,4.908738521234052,0.1,1.0,0.5,0.5 g/cm^3,100.0,3600.0,27.77777777777778,55.55555555555556,derived_from_throughput,0.7073553026306459,7.07355302630646,4.157894736842105,2.9411088898853173,29.411088898853173,1.1764435559541269,7.352772224713293,12.261510745947344,0.49087385212340523,0.49087385212340523,0.7352772224713293,1.2261510745947346,0.24543692606170261,245.43692606170262,0.36763861123566466,367.63861123566465,0.6130755372973673,613.0755372973673,613.0755372973673,7.218567251461988,7218.567251461988,1.0205009030986583,1020.5009030986582,1.0205009030986583,1020.5009030986582,unique_exposed_swept_capsule_mass,throughput_acquisition_density
E,10.0,78.53981633974483,2.5,4.908738521234052,4.908738521234052,0.1,1.0,0.5,0.5 g/cm^3,100.0,3600.0,27.77777777777778,55.55555555555556,derived_from_throughput,0.7073553026306459,7.07355302630646,4.368421052631579,3.0900257957022954,30.900257957022955,1.2360103182809181,7.725064489255739,12.63380301048979,0.49087385212340523,0.49087385212340523,0.772506448925574,1.2633803010489792,0.24543692606170261,245.43692606170262,0.386253224462787,386.253224462787,0.6316901505244896,631.6901505244896,631.6901505244896,7.58406432748538,7584.06432748538,1.072171834901122,1072.171834901122,1.072171834901122,1072.171834901122,unique_exposed_swept_capsule_mass,throughput_acquisition_density
E,10.0,78.53981633974483,2.5,4.908738521234052,4.908738521234052,0.1,1.0,0.5,0.5 g/cm^3,100.0,3600.0,27.77777777777778,55.55555555555556,derived_from_throughput,0.7073553026306459,7.07355302630646,4.578947368421052,3.238942701519273,32.38942701519273,1.2955770806077092,8.097356753798183,13.006095275032234,0.49087385212340523,0.49087385212340523,0.8097356753798183,1.3006095275032235,0.24543692606170261,245.43692606170262,0.40486783768990914,404.86783768990915,0.6503047637516117,650.3047637516117,650.3047637516117,7.949561403508771,7949.561403508771,1.1238427667035855,1123.8427667035855,1.1238427667035855,1123.8427667035855,unique_exposed_swept_capsule_mass,throughput_acquisition_density
E,10.0,78.53981633974483,2.5,4.908738521234052,4.908738521234052,0.1,1.0,0.5,0.5 g/cm^3,100.0,3600.0,27.77777777777778,55.55555555555556,derived_from_throughput,0.7073553026306459,7.07355302630646,4.789473684210526,3.3878596073362512,33.878596073362516,1.3551438429345004,8.469649018340629,13.378387539574682,0.49087385212340523,0.49087385212340523,0.8469649018340629,1.3378387539574683,0.24543692606170261,245.43692606170262,0.42348245091703146,423.4824509170315,0.6689193769787342,668.9193769787341,668.9193769787341,8.315058479532162,8315.058479532163,1.1755136985060493,1175.5136985060492,1.1755136985060493,1175.5136985060492,unique_exposed_swept_capsule_mass,throughput_acquisition_density
E,10.0,78.53981633974483,2.5,4.908738521234052,4.908738521234052,0.1,1.0,0.5,0.5 g/cm^3,100.0,3600.0,27.77777777777778,55.55555555555556,derived_from_throughput,0.7073553026306459,7.07355302630646,5.0,3.53677651315323,35.367765131532295,1.4147106052612919,8.841941282883074,13.750679804117127,0.49087385212340523,0.49087385212340523,0.8841941282883075,1.3750679804117127,0.24543692606170261,245.43692606170262,0.44209706414415373,442.0970641441537,0.6875339902058564,687.5339902058564,687.5339902058564,8.680555555555555,8680.555555555555,1.227184630308513,1227.184630308513,1.227184630308513,1227.184630308513,unique_exposed_swept_capsule_mass,throughput_acquisition_density
E,10.0,78.53981633974483,2.5,4.908738521234052,4.908738521234052,0.1,1.0,0.6,0.6 g/cm^3,10.0,3600.0,2.7777777777777777,4.62962962962963,derived_from_throughput,0.058946275219220495,0.5894627521922049,1.0,0.058946275219220495,0.5894627521922049,0.023578510087688197,0.14736568804805122,5.056104209282103,0.49087385212340523,0.49087385212340523,0.014736568804805124,0.5056104209282103,0.2945243112740431,294.5243112740431,0.008841941282883074,8.841941282883074,0.3033662525569262,303.36625255692616,303.36625255692616,0.17361111111111113,173.61111111111114,0.2945243112740431,294.5243112740431,0.2945243112740431,294.5243112740431,unique_exposed_swept_capsule_mass,throughput_acquisition_density
E,10.0,78.53981633974483,2.5,4.908738521234052,4.908738521234052,0.1,1.0,0.6,0.6 g/cm^3,10.0,3600.0,2.7777777777777777,4.62962962962963,derived_from_throughput,0.058946275219220495,0.5894627521922049,1.2105263157894737,0.07135601737063534,0.7135601737063534,0.028542406948254134,0.17839004342658835,5.08712856466064,0.49087385212340523,0.49087385212340523,0.017839004342658834,0.508712856466064,0.2945243112740431,294.5243112740431,0.0107034026055953,10.7034026055953,0.3052277138796384,305.2277138796384,305.2277138796384,0.21016081871345033,210.16081871345034,0.35652942943699956,356.5294294369996,0.35652942943699956,356.5294294369996,unique_exposed_swept_capsule_mass,throughput_acquisition_density
E,10.0,78.53981633974483,2.5,4.908738521234052,4.908738521234052,0.1,1.0,0.6,0.6 g/cm^3,10.0,3600.0,2.7777777777777777,4.62962962962963,derived_from_throughput,0.058946275219220495,0.5894627521922049,1.4210526315789473,0.08376575952205018,0.8376575952205018,0.03350630380882007,0.20941439880512544,5.1181529200391775,0.49087385212340523,0.49087385212340523,0.020941439880512544,0.5118152920039177,0.2945243112740431,294.5243112740431,0.012564863928307525,12.564863928307526,0.30708917520235063,307.08917520235065,307.08917520235065,0.2467105263157895,246.71052631578948,0.418534547599956,418.534547599956,0.418534547599956,418.534547599956,unique_exposed_swept_capsule_mass,throughput_acquisition_density
E,10.0,78.53981633974483,2.5,4.908738521234052,4.908738521234052,0.1,1.0,0.6,0.6 g/cm^3,10.0,3600.0,2.7777777777777777,4.62962962962963,derived_from_throughput,0.058946275219220495,0.5894627521922049,1.631578947368421,0.09617550167346502,0.9617550167346501,0.03847020066938601,0.24043875418366253,5.149177275417714,0.49087385212340523,0.49087385212340523,0.024043875418366254,0.5149177275417715,0.2945243112740431,294.5243112740431,0.014426325251019752,14.426325251019753,0.3089506365250629,308.95063652506286,308.95063652506286,0.28326023391812866,283.2602339181287,0.4805396657629124,480.5396657629124,0.4805396657629124,480.5396657629124,unique_exposed_swept_capsule_mass,throughput_acquisition_density
E,10.0,78.53981633974483,2.5,4.908738521234052,4.908738521234052,0.1,1.0,0.6,0.6 g/cm^3,10.0,3600.0,2.7777777777777777,4.62962962962963,derived_from_throughput,0.058946275219220495,0.5894627521922049,1.8421052631578947,0.10858524382487986,1.0858524382487986,0.04343409752995194,0.27146310956219966,5.180201630796252,0.49087385212340523,0.49087385212340523,0.027146310956219968,0.5180201630796252,0.2945243112740431,294.5243112740431,0.01628778657373198,16.28778657373198,0.3108120978477751,310.8120978477751,310.8120978477751,0.3198099415204679,319.8099415204679,0.5425447839258689,542.544783925869,0.5425447839258689,542.544783925869,unique_exposed_swept_capsule_mass,throughput_acquisition_density
E,10.0,78.53981633974483,2.5,4.908738521234052,4.908738521234052,0.1,1.0,0.6,0.6 g/cm^3,10.0,3600.0,2.7777777777777777,4.62962962962963,derived_from_throughput,0.058946275219220495,0.5894627521922049,2.052631578947368,0.12099498597629468,1.2099498597629468,0.048397994390517875,0.3024874649407367,5.211225986174789,0.49087385212340523,0.49087385212340523,0.03024874649407367,0.5211225986174789,0.2945243112740431,294.5243112740431,0.0181492478964442,18.1492478964442,0.31267355917048734,312.67355917048735,312.67355917048735,0.356359649122807,356.359649122807,0.6045499020888252,604.5499020888252,0.6045499020888252,604.5499020888252,unique_exposed_swept_capsule_mass,throughput_acquisition_density
E,10.0,78.53981633974483,2.5,4.908738521234052,4.908738521234052,0.1,1.0,0.6,0.6 g/cm^3,10.0,3600.0,2.7777777777777777,4.62962962962963,derived_from_throughput,0.058946275219220495,0.5894627521922049,2.263157894736842,0.13340472812770954,1.3340472812770954,0.053361891251083815,0.33351182031927384,5.2422503415533255,0.49087385212340523,0.49087385212340523,0.033351182031927384,0.5242250341553326,0.2945243112740431,294.5243112740431,0.02001070921915643,20.010709219156432,0.31453502049319954,314.5350204931995,314.5350204931995,0.3929093567251462,392.9093567251462,0.6665550202517817,666.5550202517817,0.6665550202517817,666.5550202517817,unique_exposed_swept_capsule_mass,throughput_acquisition_density
E,10.0,78.53981633974483,2.5,4.908738521234052,4.908738521234052,0.1,1.0,0.6,0.6 g/cm^3,10.0,3600.0,2.7777777777777777,4.62962962962963,derived_from_throughput,0.058946275219220495,0.5894627521922049,2.473684210526316,0.1458144702791244,1.458144702791244,0.058325788111649755,0.364536175697811,5.273274696931863,0.49087385212340523,0.49087385212340523,0.0364536175697811,0.5273274696931863,0.2945243112740431,294.5243112740431,0.021872170541868657,21.87217054186866,0.3163964818159118,316.3964818159118,316.3964818159118,0.4294590643274855,429.45906432748546,0.7285601384147382,728.5601384147382,0.7285601384147382,728.5601384147382,unique_exposed_swept_capsule_mass,throughput_acquisition_density
E,10.0,78.53981633974483,2.5,4.908738521234052,4.908738521234052,0.1,1.0,0.6,0.6 g/cm^3,10.0,3600.0,2.7777777777777777,4.62962962962963,derived_from_throughput,0.058946275219220495,0.5894627521922049,2.6842105263157894,0.15822421243053922,1.5822421243053921,0.06328968497221568,0.39556053107634803,5.3042990523104,0.49087385212340523,0.49087385212340523,0.039556053107634805,0.53042990523104,0.2945243112740431,294.5243112740431,0.02373363186458088,23.733631864580882,0.31825794313862404,318.25794313862406,318.25794313862406,0.4660087719298246,466.0087719298246,0.7905652565776946,790.5652565776946,0.7905652565776946,790.5652565776946,unique_exposed_swept_capsule_mass,throughput_acquisition_density
E,10.0,78.53981633974483,2.5,4.908738521234052,4.908738521234052,0.1,1.0,0.6,0.6 g/cm^3,10.0,3600.0,2.7777777777777777,4.62962962962963,derived_from_throughput,0.058946275219220495,0.5894627521922049,2.894736842105263,0.17063395458195404,1.7063395458195405,0.06825358183278162,0.4265848864548851,5.3353234076889375,0.49087385212340523,0.49087385212340523,0.04265848864548852,0.5335323407688938,0.2945243112740431,294.5243112740431,0.02559509318729311,25.59509318729311,0.32011940446133624,320.1194044613362,320.1194044613362,0.5025584795321637,502.5584795321637,0.852570374740651,852.570374740651,0.852570374740651,852.570374740651,unique_exposed_swept_capsule_mass,throughput_acquisition_density
E,10.0,78.53981633974483,2.5,4.908738521234052,4.908738521234052,0.1,1.0,0.6,0.6 g/cm^3,10.0,3600.0,2.7777777777777777,4.62962962962963,derived_from_throughput,0.058946275219220495,0.5894627521922049,3.1052631578947367,0.1830436967333689,1.8304369673336889,0.07321747869334756,0.4576092418334222,5.366347763067474,0.49087385212340523,0.49087385212340523,0.045760924183342225,0.5366347763067475,0.2945243112740431,294.5243112740431,0.027456554510005334,27.456554510005333,0.3219808657840485,321.9808657840485,321.9808657840485,0.5391081871345029,539.1081871345029,0.9145754929036075,914.5754929036075,0.9145754929036075,914.5754929036075,unique_exposed_swept_capsule_mass,throughput_acquisition_density
E,10.0,78.53981633974483,2.5,4.908738521234052,4.908738521234052,0.1,1.0,0.6,0.6 g/cm^3,10.0,3600.0,2.7777777777777777,4.62962962962963,derived_from_throughput,0.058946275219220495,0.5894627521922049,3.3157894736842106,0.19545343888478375,1.9545343888478375,0.0781813755539135,0.48863359721195937,5.397372118446011,0.49087385212340523,0.49087385212340523,0.04886335972119594,0.5397372118446011,0.2945243112740431,294.5243112740431,0.02931801583271756,29.31801583271756,0.32384232710676064,323.84232710676065,323.84232710676065,0.5756578947368421,575.6578947368422,0.976580611066564,976.5806110665641,0.976580611066564,976.5806110665641,unique_exposed_swept_capsule_mass,throughput_acquisition_density
E,10.0,78.53981633974483,2.5,4.908738521234052,4.908738521234052,0.1,1.0,0.6,0.6 g/cm^3,10.0,3600.0,2.7777777777777777,4.62962962962963,derived_from_throughput,0.058946275219220495,0.5894627521922049,3.526315789473684,0.20786318103619858,2.0786318103619856,0.08314527241447943,0.5196579525904964,5.428396473824549,0.49087385212340523,0.49087385212340523,0.051965795259049645,0.5428396473824549,0.2945243112740431,294.5243112740431,0.031179477155429784,31.179477155429783,0.32570378842947295,325.703788429473,325.703788429473,0.6122076023391814,612.2076023391813,1.0385857292295204,1038.5857292295204,1.0385857292295204,1038.5857292295204,unique_exposed_swept_capsule_mass,throughput_acquisition_density
E,10.0,78.53981633974483,2.5,4.908738521234052,4.908738521234052,0.1,1.0,0.6,0.6 g/cm^3,10.0,3600.0,2.7777777777777777,4.62962962962963,derived_from_throughput,0.058946275219220495,0.5894627521922049,3.7368421052631575,0.2202729231876134,2.202729231876134,0.08810916927504536,0.5506823079690335,5.4594208292030855,0.49087385212340523,0.49087385212340523,0.05506823079690335,0.5459420829203085,0.2945243112740431,294.5243112740431,0.03304093847814201,33.04093847814201,0.3275652497521851,327.5652497521851,327.5652497521851,0.6487573099415205,648.7573099415205,1.1005908473924768,1100.590847392477,1.1005908473924768,1100.590847392477,unique_exposed_swept_capsule_mass,throughput_acquisition_density
E,10.0,78.53981633974483,2.5,4.908738521234052,4.908738521234052,0.1,1.0,0.6,0.6 g/cm^3,10.0,3600.0,2.7777777777777777,4.62962962962963,derived_from_throughput,0.058946275219220495,0.5894627521922049,3.9473684210526314,0.23268266533902826,2.326826653390283,0.09307306613561131,0.5817066633475707,5.490445184581622,0.49087385212340523,0.49087385212340523,0.05817066633475707,0.5490445184581623,0.2945243112740431,294.5243112740431,0.034902399800854245,34.90239980085425,0.32942671107489735,329.42671107489736,329.42671107489736,0.6853070175438597,685.3070175438597,1.1625959655554332,1162.5959655554332,1.1625959655554332,1162.5959655554332,unique_exposed_swept_capsule_mass,throughput_acquisition_density
E,10.0,78.53981633974483,2.5,4.908738521234052,4.908738521234052,0.1,1.0,0.6,0.6 g/cm^3,10.0,3600.0,2.7777777777777777,4.62962962962963,derived_from_throughput,0.058946275219220495,0.5894627521922049,4.157894736842105,0.24509240749044311,2.450924074904431,0.09803696299617724,0.6127310187261078,5.52146953996016,0.49087385212340523,0.49087385212340523,0.061273101872610786,0.552146953996016,0.2945243112740431,294.5243112740431,0.03676386112356647,36.76386112356647,0.3312881723976096,331.2881723976096,331.2881723976096,0.7218567251461989,721.8567251461989,1.2246010837183898,1224.6010837183899,1.2246010837183898,1224.6010837183899,unique_exposed_swept_capsule_mass,throughput_acquisition_density
E,10.0,78.53981633974483,2.5,4.908738521234052,4.908738521234052,0.1,1.0,0.6,0.6 g/cm^3,10.0,3600.0,2.7777777777777777,4.62962962962963,derived_from_throughput,0.058946275219220495,0.5894627521922049,4.368421052631579,0.25750214964185797,2.5750214964185796,0.10300085985674319,0.6437553741046449,5.552493895338697,0.49087385212340523,0.49087385212340523,0.06437553741046449,0.5552493895338697,0.2945243112740431,294.5243112740431,0.03862532244627869,38.625322446278695,0.3331496337203218,333.1496337203218,333.1496337203218,0.758406432748538,758.406432748538,1.2866062018813462,1286.6062018813461,1.2866062018813462,1286.6062018813461,unique_exposed_swept_capsule_mass,throughput_acquisition_density
E,10.0,78.53981633974483,2.5,4.908738521234052,4.908738521234052,0.1,1.0,0.6,0.6 g/cm^3,10.0,3600.0,2.7777777777777777,4.62962962962963,derived_from_throughput,0.058946275219220495,0.5894627521922049,4.578947368421052,0.2699118917932728,2.699118917932728,0.10796475671730912,0.674779729483182,5.583518250717234,0.49087385212340523,0.49087385212340523,0.0674779729483182,0.5583518250717234,0.2945243112740431,294.5243112740431,0.04048678376899092,40.48678376899092,0.33501109504303406,335.01109504303406,335.01109504303406,0.7949561403508772,794.9561403508773,1.3486113200443026,1348.6113200443026,1.3486113200443026,1348.6113200443026,unique_exposed_swept_capsule_mass,throughput_acquisition_density
E,10.0,78.53981633974483,2.5,4.908738521234052,4.908738521234052,0.1,1.0,0.6,0.6 g/cm^3,10.0,3600.0,2.7777777777777777,4.62962962962963,derived_from_throughput,0.058946275219220495,0.5894627521922049,4.789473684210526,0.2823216339446876,2.8232163394468763,0.11292865357787504,0.7058040848617191,5.614542606095771,0.49087385212340523,0.49087385212340523,0.0705804084861719,0.5614542606095771,0.2945243112740431,294.5243112740431,0.042348245091703145,42.34824509170314,0.33687255636574626,336.8725563657463,336.8725563657463,0.8315058479532164,831.5058479532164,1.4106164382072588,1410.6164382072589,1.4106164382072588,1410.6164382072589,unique_exposed_swept_capsule_mass,throughput_acquisition_density
E,10.0,78.53981633974483,2.5,4.908738521234052,4.908738521234052,0.1,1.0,0.6,0.6 g/cm^3,10.0,3600.0,2.7777777777777777,4.62962962962963,derived_from_throughput,0.058946275219220495,0.5894627521922049,5.0,0.29473137609610245,2.9473137609610243,0.11789255043844098,0.7368284402402561,5.645566961474308,0.49087385212340523,0.49087385212340523,0.07368284402402561,0.5645566961474308,0.2945243112740431,294.5243112740431,0.044209706414415365,44.209706414415365,0.33873401768845846,338.73401768845844,338.73401768845844,0.8680555555555557,868.0555555555557,1.4726215563702154,1472.6215563702153,1.4726215563702154,1472.6215563702153,unique_exposed_swept_capsule_mass,throughput_acquisition_density
E,10.0,78.53981633974483,2.5,4.908738521234052,4.908738521234052,0.1,1.0,0.6,0.6 g/cm^3,14.736842105263158,3600.0,4.093567251461988,6.822612085769981,derived_from_throughput,0.0868681950599039,0.868681950599039,1.0,0.0868681950599039,0.868681950599039,0.03474727802396156,0.21717048764975974,5.125909008883812,0.49087385212340523,0.49087385212340523,0.021717048764975974,0.5125909008883812,0.2945243112740431,294.5243112740431,0.013030229258985584,13.030229258985583,0.3075545405330287,307.5545405330287,307.5545405330287,0.2558479532163743,255.84795321637432,0.2945243112740431,294.5243112740431,0.2945243112740431,294.5243112740431,unique_exposed_swept_capsule_mass,throughput_acquisition_density
E,10.0,78.53981633974483,2.5,4.908738521234052,4.908738521234052,0.1,1.0,0.6,0.6 g/cm^3,14.736842105263158,3600.0,4.093567251461988,6.822612085769981,derived_from_throughput,0.0868681950599039,0.868681950599039,1.2105263157894737,0.10515623612514682,1.0515623612514682,0.04206249445005873,0.26289059031286705,5.171629111546919,0.49087385212340523,0.49087385212340523,0.026289059031286706,0.5171629111546919,0.2945243112740431,294.5243112740431,0.015773435418772023,15.773435418772022,0.3102977466928151,310.2977466928151,310.2977466928151,0.3097106802092952,309.7106802092952,0.35652942943699956,356.5294294369996,0.35652942943699956,356.5294294369996,unique_exposed_swept_capsule_mass,throughput_acquisition_density
E,10.0,78.53981633974483,2.5,4.908738521234052,4.908738521234052,0.1,1.0,0.6,0.6 g/cm^3,14.736842105263158,3600.0,4.093567251461988,6.822612085769981,derived_from_throughput,0.0868681950599039,0.868681950599039,1.4210526315789473,0.12344427719038975,1.2344427719038975,0.0493777108761559,0.3086106929759744,5.217349214210026,0.49087385212340523,0.49087385212340523,0.030861069297597438,0.5217349214210026,0.2945243112740431,294.5243112740431,0.018516641578558462,18.516641578558463,0.3130409528526016,313.0409528526016,313.0409528526016,0.36357340720221615,363.5734072022162,0.418534547599956,418.534547599956,0.418534547599956,418.534547599956,unique_exposed_swept_capsule_mass,throughput_acquisition_density
E,10.0,78.53981633974483,2.5,4.908738521234052,4.908738521234052,0.1,1.0,0.6,0.6 g/cm^3,14.736842105263158,3600.0,4.093567251461988,6.822612085769981,derived_from_throughput,0.0868681950599039,0.868681950599039,1.631578947368421,0.14173231825563268,1.4173231825563268,0.056692927302253074,0.3543307956390817,5.263069316873134,0.49087385212340523,0.49087385212340523,0.03543307956390817,0.5263069316873134,0.2945243112740431,294.5243112740431,0.0212598477383449,21.259847738344902,0.315784159012388,315.784159012388,315.784159012388,0.41743613419513703,417.436134195137,0.4805396657629124,480.5396657629124,0.4805396657629124,480.5396657629124,unique_exposed_swept_capsule_mass,throughput_acquisition_density
E,10.0,78.53981633974483,2.5,4.908738521234052,4.908738521234052,0.1,1.0,0.6,0.6 g/cm^3,14.736842105263158,3600.0,4.093567251461988,6.822612085769981,derived_from_throughput,0.0868681950599039,0.868681950599039,1.8421052631578947,0.1600203593208756,1.600203593208756,0.06400814372835024,0.400050898302189,5.308789419536241,0.49087385212340523,0.49087385212340523,0.0400050898302189,0.5308789419536242,0.2945243112740431,294.5243112740431,0.02400305389813134,24.00305389813134,0.3185273651721745,318.5273651721745,318.5273651721745,0.47129886118805797,471.29886118805797,0.5425447839258689,542.544783925869,0.5425447839258689,542.544783925869,unique_exposed_swept_capsule_mass,throughput_acquisition_density
E,10.0,78.53981633974483,2.5,4.908738521234052,4.908738521234052,0.1,1.0,0.6,0.6 g/cm^3,14.736842105263158,3600.0,4.093567251461988,6.822612085769981,derived_from_throughput,0.0868681950599039,0.868681950599039,2.052631578947368,0.1783084003861185,1.783084003861185,0.0713233601544474,0.44577100096529626,5.354509522199348,0.49087385212340523,0.49087385212340523,0.044577100096529626,0.5354509522199348,0.2945243112740431,294.5243112740431,0.026746260057917776,26.746260057917777,0.32127057133196085,321.27057133196087,321.27057133196087,0.5251615881809788,525.1615881809788,0.6045499020888252,604.5499020888252,0.6045499020888252,604.5499020888252,unique_exposed_swept_capsule_mass,throughput_acquisition_density
E,10.0,78.53981633974483,2.5,4.908738521234052,4.908738521234052,0.1,1.0,0.6,0.6 g/cm^3,14.736842105263158,3600.0,4.093567251461988,6.822612085769981,derived_from_throughput,0.0868681950599039,0.868681950599039,2.263157894736842,0.19659644145136143,1.9659644145136144,0.07863857658054457,0.4914911036284036,5.4002296248624555,0.49087385212340523,0.49087385212340523,0.049149110362840365,0.5400229624862456,0.2945243112740431,294.5243112740431,0.029489466217704218,29.48946621770422,0.32401377749174737,324.01377749174736,324.01377749174736,0.5790243151738997,579.0243151738997,0.6665550202517817,666.5550202517817,0.6665550202517817,666.5550202517817,unique_exposed_swept_capsule_mass,throughput_acquisition_density
E,10.0,78.53981633974483,2.5,4.908738521234052,4.908738521234052,0.1,1.0,0.6,0.6 g/cm^3,14.736842105263158,3600.0,4.093567251461988,6.822612085769981,derived_from_throughput,0.0868681950599039,0.868681950599039,2.473684210526316,0.21488448251660439,2.148844825166044,0.08595379300664176,0.537211206291511,5.445949727525563,0.49087385212340523,0.49087385212340523,0.0537211206291511,0.5445949727525563,0.2945243112740431,294.5243112740431,0.03223267237749066,32.23267237749066,0.32675698365153377,326.75698365153374,326.75698365153374,0.6328870421668207,632.8870421668207,0.7285601384147382,728.5601384147382,0.7285601384147382,728.5601384147382,unique_exposed_swept_capsule_mass,throughput_acquisition_density
E,10.0,78.53981633974483,2.5,4.908738521234052,4.908738521234052,0.1,1.0,0.6,0.6 g/cm^3,14.736842105263158,3600.0,4.093567251461988,6.822612085769981,derived_from_throughput,0.0868681950599039,0.868681950599039,2.6842105263157894,0.23317252358184729,2.331725235818473,0.09326900943273891,0.5829313089546182,5.49166983018867,0.49087385212340523,0.49087385212340523,0.05829313089546182,0.549166983018867,0.2945243112740431,294.5243112740431,0.03497587853727709,34.97587853727709,0.3295001898113202,329.5001898113202,329.5001898113202,0.6867497691597416,686.7497691597416,0.7905652565776946,790.5652565776946,0.7905652565776946,790.5652565776946,unique_exposed_swept_capsule_mass,throughput_acquisition_density
E,10.0,78.53981633974483,2.5,4.908738521234052,4.908738521234052,0.1,1.0,0.6,0.6 g/cm^3,14.736842105263158,3600.0,4.093567251461988,6.822612085769981,derived_from_throughput,0.0868681950599039,0.868681950599039,2.894736842105263,0.2514605646470902,2.514605646470902,0.10058422585883608,0.6286514116177255,5.537389932851777,0.49087385212340523,0.49087385212340523,0.06286514116177255,0.5537389932851777,0.2945243112740431,294.5243112740431,0.03771908469706353,37.71908469706353,0.33224339597110664,332.2433959711066,332.2433959711066,0.7406124961526624,740.6124961526624,0.852570374740651,852.570374740651,0.852570374740651,852.570374740651,unique_exposed_swept_capsule_mass,throughput_acquisition_density
E,10.0,78.53981633974483,2.5,4.908738521234052,4.908738521234052,0.1,1.0,0.6,0.6 g/cm^3,14.736842105263158,3600.0,4.093567251461988,6.822612085769981,derived_from_throughput,0.0868681950599039,0.868681950599039,3.1052631578947367,0.26974860571233317,2.6974860571233314,0.10789944228493327,0.6743715142808329,5.583110035514885,0.49087385212340523,0.49087385212340523,0.06743715142808329,0.5583110035514885,0.2945243112740431,294.5243112740431,0.04046229085684997,40.46229085684997,0.3349866021308931,334.9866021308931,334.9866021308931,0.7944752231455834,794.4752231455834,0.9145754929036075,914.5754929036075,0.9145754929036075,914.5754929036075,unique_exposed_swept_capsule_mass,throughput_acquisition_density
E,10.0,78.53981633974483,2.5,4.908738521234052,4.908738521234052,0.1,1.0,0.6,0.6 g/cm^3,14.736842105263158,3600.0,4.093567251461988,6.822612085769981,derived_from_throughput,0.0868681950599039,0.868681950599039,3.3157894736842106,0.28803664677757607,2.8803664677757608,0.11521465871103043,0.7200916169439402,5.628830138177992,0.49087385212340523,0.49087385212340523,0.07200916169439402,0.5628830138177993,0.2945243112740431,294.5243112740431,0.04320549701663641,43.20549701663641,0.33772980829067956,337.72980829067956,337.72980829067956,0.8483379501385043,848.3379501385043,0.976580611066564,976.5806110665641,0.976580611066564,976.5806110665641,unique_exposed_swept_capsule_mass,throughput_acquisition_density
E,10.0,78.53981633974483,2.5,4.908738521234052,4.908738521234052,0.1,1.0,0.6,0.6 g/cm^3,14.736842105263158,3600.0,4.093567251461988,6.822612085769981,derived_from_throughput,0.0868681950599039,0.868681950599039,3.526315789473684,0.30632468784281897,3.0632468784281897,0.12252987513712758,0.7658117196070474,5.674550240841099,0.49087385212340523,0.49087385212340523,0.07658117196070474,0.56745502408411,0.2945243112740431,294.5243112740431,0.04594870317642284,45.94870317642284,0.34047301445046596,340.47301445046594,340.47301445046594,0.9022006771314253,902.2006771314252,1.0385857292295204,1038.5857292295204,1.0385857292295204,1038.5857292295204,unique_exposed_swept_capsule_mass,throughput_acquisition_density
E,10.0,78.53981633974483,2.5,4.908738521234052,4.908738521234052,0.1,1.0,0.6,0.6 g/cm^3,14.736842105263158,3600.0,4.093567251461988,6.822612085769981,derived_from_throughput,0.0868681950599039,0.868681950599039,3.7368421052631575,0.3246127289080619,3.2461272890806194,0.12984509156322477,0.8115318222701549,5.720270343504207,0.49087385212340523,0.49087385212340523,0.0811531822270155,0.5720270343504207,0.2945243112740431,294.5243112740431,0.048691909336209295,48.69190933620929,0.3432162206102524,343.21622061025244,343.21622061025244,0.9560634041243461,956.0634041243461,1.1005908473924768,1100.590847392477,1.1005908473924768,1100.590847392477,unique_exposed_swept_capsule_mass,throughput_acquisition_density
E,10.0,78.53981633974483,2.5,4.908738521234052,4.908738521234052,0.1,1.0,0.6,0.6 g/cm^3,14.736842105263158,3600.0,4.093567251461988,6.822612085769981,derived_from_throughput,0.0868681950599039,0.868681950599039,3.9473684210526314,0.3429007699733048,3.4290076997330483,0.13716030798932194,0.8572519249332621,5.765990446167314,0.49087385212340523,0.49087385212340523,0.08572519249332622,0.5765990446167314,0.2945243112740431,294.5243112740431,0.05143511549599573,51.435115495995724,0.3459594267700388,345.9594267700388,345.9594267700388,1.009926131117267,1009.9261311172669,1.1625959655554332,1162.5959655554332,1.1625959655554332,1162.5959655554332,unique_exposed_swept_capsule_mass,throughput_acquisition_density
E,10.0,78.53981633974483,2.5,4.908738521234052,4.908738521234052,0.1,1.0,0.6,0.6 g/cm^3,14.736842105263158,3600.0,4.093567251461988,6.822612085769981,derived_from_throughput,0.0868681950599039,0.868681950599039,4.157894736842105,0.3611888110385478,3.6118881103854776,0.1444755244154191,0.9029720275963694,5.811710548830422,0.49087385212340523,0.49087385212340523,0.09029720275963694,0.5811710548830422,0.2945243112740431,294.5243112740431,0.054178321655782166,54.17832165578216,0.34870263292982534,348.7026329298253,348.7026329298253,1.063788858110188,1063.788858110188,1.2246010837183898,1224.6010837183899,1.2246010837183898,1224.6010837183899,unique_exposed_swept_capsule_mass,throughput_acquisition_density
E,10.0,78.53981633974483,2.5,4.908738521234052,4.908738521234052,0.1,1.0,0.6,0.6 g/cm^3,14.736842105263158,3600.0,4.093567251461988,6.822612085769981,derived_from_throughput,0.0868681950599039,0.868681950599039,4.368421052631579,0.3794768521037907,3.7947685210379065,0.15179074084151628,0.9486921302594766,5.857430651493528,0.49087385212340523,0.49087385212340523,0.09486921302594767,0.5857430651493528,0.2945243112740431,294.5243112740431,0.0569215278155686,56.921527815568595,0.3514458390896117,351.4458390896117,351.4458390896117,1.1176515851031088,1117.6515851031088,1.2866062018813462,1286.6062018813461,1.2866062018813462,1286.6062018813461,unique_exposed_swept_capsule_mass,throughput_acquisition_density
E,10.0,78.53981633974483,2.5,4.908738521234052,4.908738521234052,0.1,1.0,0.6,0.6 g/cm^3,14.736842105263158,3600.0,4.093567251461988,6.822612085769981,derived_from_throughput,0.0868681950599039,0.868681950599039,4.578947368421052,0.3977648931690336,3.977648931690336,0.15910595726761342,0.994412232922584,5.903150754156636,0.49087385212340523,0.49087385212340523,0.09944122329225841,0.5903150754156636,0.2945243112740431,294.5243112740431,0.059664733975355044,59.66473397535504,0.35418904524939815,354.18904524939813,354.18904524939813,1.1715143120960296,1171.5143120960297,1.3486113200443026,1348.6113200443026,1.3486113200443026,1348.6113200443026,unique_exposed_swept_capsule_mass,throughput_acquisition_density
E,10.0,78.53981633974483,2.5,4.908738521234052,4.908738521234052,0.1,1.0,0.6,0.6 g/cm^3,14.736842105263158,3600.0,4.093567251461988,6.822612085769981,derived_from_throughput,0.0868681950599039,0.868681950599039,4.789473684210526,0.41605293423427653,4.160529342342765,0.16642117369371062,1.0401323355856913,5.9488708568197435,0.49087385212340523,0.49087385212340523,0.10401323355856913,0.5948870856819743,0.2945243112740431,294.5243112740431,0.062407940135141476,62.40794013514147,0.3569322514091846,356.93225140918463,356.93225140918463,1.2253770390889505,1225.3770390889504,1.4106164382072588,1410.6164382072589,1.4106164382072588,1410.6164382072589,unique_exposed_swept_capsule_mass,throughput_acquisition_density
E,10.0,78.53981633974483,2.5,4.908738521234052,4.908738521234052,0.1,1.0,0.6,0.6 g/cm^3,14.736842105263158,3600.0,4.093567251461988,6.822612085769981,derived_from_throughput,0.0868681950599039,0.868681950599039,5.0,0.4343409752995195,4.3434097529951945,0.1737363901198078,1.0858524382487986,5.994590959482851,0.49087385212340523,0.49087385212340523,0.10858524382487987,0.5994590959482852,0.2945243112740431,294.5243112740431,0.06515114629492792,65.15114629492793,0.35967545756897107,359.67545756897107,359.67545756897107,1.2792397660818717,1279.2397660818717,1.4726215563702154,1472.6215563702153,1.4726215563702154,1472.6215563702153,unique_exposed_swept_capsule_mass,throughput_acquisition_density
E,10.0,78.53981633974483,2.5,4.908738521234052,4.908738521234052,0.1,1.0,0.6,0.6 g/cm^3,19.473684210526315,3600.0,5.409356725146199,9.015594541910332,derived_from_throughput,0.11479011490058728,1.1479011490058728,1.0,0.11479011490058728,1.1479011490058728,0.045916045960234915,0.2869752872514682,5.19571380848552,0.49087385212340523,0.49087385212340523,0.02869752872514682,0.519571380848552,0.2945243112740431,294.5243112740431,0.01721851723508809,17.21851723508809,0.3117428285091312,311.7428285091312,311.7428285091312,0.33808479532163743,338.08479532163744,0.2945243112740431,294.5243112740431,0.2945243112740431,294.5243112740431,unique_exposed_swept_capsule_mass,throughput_acquisition_density
E,10.0,78.53981633974483,2.5,4.908738521234052,4.908738521234052,0.1,1.0,0.6,0.6 g/cm^3,19.473684210526315,3600.0,5.409356725146199,9.015594541910332,derived_from_throughput,0.11479011490058728,1.1479011490058728,1.2105263157894737,0.1389564548796583,1.3895645487965829,0.055582581951863316,0.3473911371991457,5.256129658433197,0.49087385212340523,0.49087385212340523,0.034739113719914574,0.5256129658433197,0.2945243112740431,294.5243112740431,0.020843468231948745,20.843468231948744,0.3153677795059918,315.3677795059918,315.3677795059918,0.40926054170514004,409.26054170514004,0.35652942943699956,356.5294294369996,0.35652942943699956,356.5294294369996,unique_exposed_swept_capsule_mass,throughput_acquisition_density
E,10.0,78.53981633974483,2.5,4.908738521234052,4.908738521234052,0.1,1.0,0.6,0.6 g/cm^3,19.473684210526315,3600.0,5.409356725146199,9.015594541910332,derived_from_throughput,0.11479011490058728,1.1479011490058728,1.4210526315789473,0.1631227948587293,1.631227948587293,0.06524911794349172,0.40780698714682323,5.316545508380875,0.49087385212340523,0.49087385212340523,0.040780698714682324,0.5316545508380875,0.2945243112740431,294.5243112740431,0.024468419228809393,24.468419228809392,0.31899273050285254,318.99273050285257,318.99273050285257,0.48043628808864264,480.43628808864264,0.418534547599956,418.534547599956,0.418534547599956,418.534547599956,unique_exposed_swept_capsule_mass,throughput_acquisition_density
E,10.0,78.53981633974483,2.5,4.908738521234052,4.908738521234052,0.1,1.0,0.6,0.6 g/cm^3,19.473684210526315,3600.0,5.409356725146199,9.015594541910332,derived_from_throughput,0.11479011490058728,1.1479011490058728,1.631578947368421,0.1872891348378003,1.872891348378003,0.07491565393512012,0.46822283709450074,5.376961358328552,0.49087385212340523,0.49087385212340523,0.046822283709450074,0.5376961358328552,0.2945243112740431,294.5243112740431,0.028093370225670045,28.093370225670043,0.32261768149971315,322.61768149971317,322.61768149971317,0.5516120344721452,551.6120344721453,0.4805396657629124,480.5396657629124,0.4805396657629124,480.5396657629124,unique_exposed_swept_capsule_mass,throughput_acquisition_density
E,10.0,78.53981633974483,2.5,4.908738521234052,4.908738521234052,0.1,1.0,0.6,0.6 g/cm^3,19.473684210526315,3600.0,5.409356725146199,9.015594541910332,derived_from_throughput,0.11479011490058728,1.1479011490058728,1.8421052631578947,0.2114554748168713,2.114554748168713,0.08458218992674851,0.5286386870421782,5.43737720827623,0.49087385212340523,0.49087385212340523,0.052863868704217824,0.543737720827623,0.2945243112740431,294.5243112740431,0.031718321222530696,31.718321222530697,0.32624263249657376,326.2426324965738,326.2426324965738,0.6227877808556479,622.787780855648,0.5425447839258689,542.544783925869,0.5425447839258689,542.544783925869,unique_exposed_swept_capsule_mass,throughput_acquisition_density
E,10.0,78.53981633974483,2.5,4.908738521234052,4.908738521234052,0.1,1.0,0.6,0.6 g/cm^3,19.473684210526315,3600.0,5.409356725146199,9.015594541910332,derived_from_throughput,0.11479011490058728,1.1479011490058728,2.052631578947368,0.2356218147959423,2.356218147959423,0.09424872591837692,0.5890545369898558,5.497793058223908,0.49087385212340523,0.49087385212340523,0.05890545369898558,0.5497793058223909,0.2945243112740431,294.5243112740431,0.03534327221939135,35.343272219391345,0.32986758349343454,329.86758349343455,329.86758349343455,0.6939635272391504,693.9635272391505,0.6045499020888252,604.5499020888252,0.6045499020888252,604.5499020888252,unique_exposed_swept_capsule_mass,throughput_acquisition_density
E,10.0,78.53981633974483,2.5,4.908738521234052,4.908738521234052,0.1,1.0,0.6,0.6 g/cm^3,19.473684210526315,3600.0,5.409356725146199,9.015594541910332,derived_from_throughput,0.11479011490058728,1.1479011490058728,2.263157894736842,0.2597881547750133,2.5978815477501334,0.10391526191000533,0.6494703869375333,5.5582089081715855,0.49087385212340523,0.49087385212340523,0.06494703869375333,0.5558208908171586,0.2945243112740431,294.5243112740431,0.038968223216252,38.968223216252,0.33349253449029514,333.49253449029516,333.49253449029516,0.7651392736226531,765.1392736226531,0.6665550202517817,666.5550202517817,0.6665550202517817,666.5550202517817,unique_exposed_swept_capsule_mass,throughput_acquisition_density
E,10.0,78.53981633974483,2.5,4.908738521234052,4.908738521234052,0.1,1.0,0.6,0.6 g/cm^3,19.473684210526315,3600.0,5.409356725146199,9.015594541910332,derived_from_throughput,0.11479011490058728,1.1479011490058728,2.473684210526316,0.28395449475408435,2.8395449475408436,0.11358179790163374,0.7098862368852109,5.618624758119263,0.49087385212340523,0.49087385212340523,0.07098862368852109,0.5618624758119263,0.2945243112740431,294.5243112740431,0.04259317421311265,42.59317421311265,0.33711748548715575,337.11748548715576,337.11748548715576,0.8363150200061558,836.3150200061558,0.7285601384147382,728.5601384147382,0.7285601384147382,728.5601384147382,unique_exposed_swept_capsule_mass,throughput_acquisition_density
E,10.0,78.53981633974483,2.5,4.908738521234052,4.908738521234052,0.1,1.0,0.6,0.6 g/cm^3,19.473684210526315,3600.0,5.409356725146199,9.015594541910332,derived_from_throughput,0.11479011490058728,1.1479011490058728,2.6842105263157894,0.3081208347331553,3.081208347331553,0.12324833389326213,0.7703020868328883,5.67904060806694,0.49087385212340523,0.49087385212340523,0.07703020868328883,0.5679040608066941,0.2945243112740431,294.5243112740431,0.046218125209973294,46.218125209973294,0.3407424364840164,340.7424364840164,340.7424364840164,0.9074907663896583,907.4907663896583,0.7905652565776946,790.5652565776946,0.7905652565776946,790.5652565776946,unique_exposed_swept_capsule_mass,throughput_acquisition_density
E,10.0,78.53981633974483,2.5,4.908738521234052,4.908738521234052,0.1,1.0,0.6,0.6 g/cm^3,19.473684210526315,3600.0,5.409356725146199,9.015594541910332,derived_from_throughput,0.11479011490058728,1.1479011490058728,2.894736842105263,0.3322871747122263,3.322871747122263,0.1329148698848905,0.8307179367805657,5.739456458014618,0.49087385212340523,0.49087385212340523,0.08307179367805657,0.5739456458014618,0.2945243112740431,294.5243112740431,0.049843076206833946,49.84307620683395,0.3443673874808771,344.3673874808771,344.3673874808771,0.9786665127731609,978.6665127731609,0.852570374740651,852.570374740651,0.852570374740651,852.570374740651,unique_exposed_swept_capsule_mass,throughput_acquisition_density
E,10.0,78.53981633974483,2.5,4.908738521234052,4.908738521234052,0.1,1.0,0.6,0.6 g/cm^3,19.473684210526315,3600.0,5.409356725146199,9.015594541910332,derived_from_throughput,0.11479011490058728,1.1479011490058728,3.1052631578947367,0.3564535146912973,3.564535146912973,0.14258140587651894,0.8911337867282433,5.799872307962295,0.49087385212340523,0.49087385212340523,0.08911337867282433,0.5799872307962296,0.2945243112740431,294.5243112740431,0.0534680272036946,53.4680272036946,0.34799233847773775,347.99233847773775,347.99233847773775,1.0498422591566636,1049.8422591566637,0.9145754929036075,914.5754929036075,0.9145754929036075,914.5754929036075,unique_exposed_swept_capsule_mass,throughput_acquisition_density
E,10.0,78.53981633974483,2.5,4.908738521234052,4.908738521234052,0.1,1.0,0.6,0.6 g/cm^3,19.473684210526315,3600.0,5.409356725146199,9.015594541910332,derived_from_throughput,0.11479011490058728,1.1479011490058728,3.3157894736842106,0.38061985467036835,3.8061985467036834,0.15224794186814733,0.9515496366759209,5.860288157909973,0.49087385212340523,0.49087385212340523,0.09515496366759209,0.5860288157909973,0.2945243112740431,294.5243112740431,0.05709297820055525,57.09297820055525,0.35161728947459836,351.61728947459835,351.61728947459835,1.1210180055401662,1121.018005540166,0.976580611066564,976.5806110665641,0.976580611066564,976.5806110665641,unique_exposed_swept_capsule_mass,throughput_acquisition_density
E,10.0,78.53981633974483,2.5,4.908738521234052,4.908738521234052,0.1,1.0,0.6,0.6 g/cm^3,19.473684210526315,3600.0,5.409356725146199,9.015594541910332,derived_from_throughput,0.11479011490058728,1.1479011490058728,3.526315789473684,0.4047861946494394,4.047861946494394,0.16191447785977575,1.0119654866235985,5.92070400785765,0.49087385212340523,0.49087385212340523,0.10119654866235986,0.592070400785765,0.2945243112740431,294.5243112740431,0.060717929197415914,60.71792919741591,0.35524224047145897,355.24224047145896,355.24224047145896,1.1921937519236687,1192.1937519236687,1.0385857292295204,1038.5857292295204,1.0385857292295204,1038.5857292295204,unique_exposed_swept_capsule_mass,throughput_acquisition_density
E,10.0,78.53981633974483,2.5,4.908738521234052,4.908738521234052,0.1,1.0,0.6,0.6 g/cm^3,19.473684210526315,3600.0,5.409356725146199,9.015594541910332,derived_from_throughput,0.11479011490058728,1.1479011490058728,3.7368421052631575,0.42895253462851035,4.289525346285103,0.17158101385140415,1.0723813365712758,5.981119857805328,0.49087385212340523,0.49087385212340523,0.10723813365712759,0.5981119857805328,0.2945243112740431,294.5243112740431,0.06434288019427654,64.34288019427655,0.3588671914683197,358.8671914683197,358.8671914683197,1.2633694983071713,1263.3694983071712,1.1005908473924768,1100.590847392477,1.1005908473924768,1100.590847392477,unique_exposed_swept_capsule_mass,throughput_acquisition_density
E,10.0,78.53981633974483,2.5,4.908738521234052,4.908738521234052,0.1,1.0,0.6,0.6 g/cm^3,19.473684210526315,3600.0,5.409356725146199,9.015594541910332,derived_from_throughput,0.11479011490058728,1.1479011490058728,3.9473684210526314,0.4531188746075814,4.531188746075814,0.18124754984303254,1.1327971865189534,6.041535707753005,0.49087385212340523,0.49087385212340523,0.11327971865189534,0.6041535707753005,0.2945243112740431,294.5243112740431,0.06796783119113721,67.96783119113721,0.3624921424651803,362.4921424651803,362.4921424651803,1.334545244690674,1334.545244690674,1.1625959655554332,1162.5959655554332,1.1625959655554332,1162.5959655554332,unique_exposed_swept_capsule_mass,throughput_acquisition_density
E,10.0,78.53981633974483,2.5,4.908738521234052,4.908738521234052,0.1,1.0,0.6,0.6 g/cm^3,19.473684210526315,3600.0,5.409356725146199,9.015594541910332,derived_from_throughput,0.11479011490058728,1.1479011490058728,4.157894736842105,0.4772852145866524,4.7728521458665245,0.19091408583466096,1.1932130364666311,6.1019515577006835,0.49087385212340523,0.49087385212340523,0.11932130364666312,0.6101951557700684,0.2945243112740431,294.5243112740431,0.07159278218799786,71.59278218799786,0.3661170934620411,366.11709346204105,366.11709346204105,1.4057209910741768,1405.7209910741767,1.2246010837183898,1224.6010837183899,1.2246010837183898,1224.6010837183899,unique_exposed_swept_capsule_mass,throughput_acquisition_density
E,10.0,78.53981633974483,2.5,4.908738521234052,4.908738521234052,0.1,1.0,0.6,0.6 g/cm^3,19.473684210526315,3600.0,5.409356725146199,9.015594541910332,derived_from_throughput,0.11479011490058728,1.1479011490058728,4.368421052631579,0.5014515545657233,5.0145155456572335,0.20058062182628933,1.2536288864143084,6.16236740764836,0.49087385212340523,0.49087385212340523,0.12536288864143083,0.616236740764836,0.2945243112740431,294.5243112740431,0.0752177331848585,75.2177331848585,0.36974204445890163,369.7420444589016,369.7420444589016,1.4768967374576794,1476.8967374576794,1.2866062018813462,1286.6062018813461,1.2866062018813462,1286.6062018813461,unique_exposed_swept_capsule_mass,throughput_acquisition_density
E,10.0,78.53981633974483,2.5,4.908738521234052,4.908738521234052,0.1,1.0,0.6,0.6 g/cm^3,19.473684210526315,3600.0,5.409356725146199,9.015594541910332,derived_from_throughput,0.11479011490058728,1.1479011490058728,4.578947368421052,0.5256178945447944,5.256178945447943,0.21024715781791775,1.3140447363619858,6.222783257596038,0.49087385212340523,0.49087385212340523,0.1314044736361986,0.6222783257596038,0.2945243112740431,294.5243112740431,0.07884268418171915,78.84268418171915,0.3733669954557623,373.3669954557623,373.3669954557623,1.5480724838411817,1548.0724838411816,1.3486113200443026,1348.6113200443026,1.3486113200443026,1348.6113200443026,unique_exposed_swept_capsule_mass,throughput_acquisition_density
E,10.0,78.53981633974483,2.5,4.908738521234052,4.908738521234052,0.1,1.0,0.6,0.6 g/cm^3,19.473684210526315,3600.0,5.409356725146199,9.015594541910332,derived_from_throughput,0.11479011490058728,1.1479011490058728,4.789473684210526,0.5497842345238654,5.497842345238654,0.21991369380954615,1.3744605863096635,6.283199107543716,0.49087385212340523,0.49087385212340523,0.13744605863096634,0.6283199107543717,0.2945243112740431,294.5243112740431,0.0824676351785798,82.4676351785798,0.37699194645262296,376.991946452623,376.991946452623,1.6192482302246842,1619.2482302246842,1.4106164382072588,1410.6164382072589,1.4106164382072588,1410.6164382072589,unique_exposed_swept_capsule_mass,throughput_acquisition_density
E,10.0,78.53981633974483,2.5,4.908738521234052,4.908738521234052,0.1,1.0,0.6,0.6 g/cm^3,19.473684210526315,3600.0,5.409356725146199,9.015594541910332,derived_from_throughput,0.11479011490058728,1.1479011490058728,5.0,0.5739505745029364,5.739505745029364,0.22958022980117457,1.434876436257341,6.343614957491393,0.49087385212340523,0.49087385212340523,0.1434876436257341,0.6343614957491394,0.2945243112740431,294.5243112740431,0.08609258617544045,86.09258617544046,0.3806168974494836,380.61689744948364,380.61689744948364,1.6904239766081872,1690.4239766081873,1.4726215563702154,1472.6215563702153,1.4726215563702154,1472.6215563702153,unique_exposed_swept_capsule_mass,throughput_acquisition_density
E,10.0,78.53981633974483,2.5,4.908738521234052,4.908738521234052,0.1,1.0,0.6,0.6 g/cm^3,24.210526315789473,3600.0,6.7251461988304095,11.208576998050683,derived_from_throughput,0.14271203474127067,1.4271203474127068,1.0,0.14271203474127067,1.4271203474127068,0.05708481389650827,0.3567800868531767,5.265518608087229,0.49087385212340523,0.49087385212340523,0.03567800868531767,0.5265518608087228,0.2945243112740431,294.5243112740431,0.0214068052111906,21.4068052111906,0.3159311164852337,315.9311164852337,315.9311164852337,0.4203216374269006,420.3216374269006,0.2945243112740431,294.5243112740431,0.2945243112740431,294.5243112740431,unique_exposed_swept_capsule_mass,throughput_acquisition_density
E,10.0,78.53981633974483,2.5,4.908738521234052,4.908738521234052,0.1,1.0,0.6,0.6 g/cm^3,24.210526315789473,3600.0,6.7251461988304095,11.208576998050683,derived_from_throughput,0.14271203474127067,1.4271203474127068,1.2105263157894737,0.17275667363416977,1.7275667363416978,0.06910266945366791,0.43189168408542444,5.340630205319476,0.49087385212340523,0.49087385212340523,0.04318916840854245,0.5340630205319477,0.2945243112740431,294.5243112740431,0.025913501045125468,25.913501045125468,0.32043781231916857,320.4378123191686,320.4378123191686,0.5088104032009849,508.8104032009849,0.35652942943699956,356.5294294369996,0.35652942943699956,356.5294294369996,unique_exposed_swept_capsule_mass,throughput_acquisition_density
E,10.0,78.53981633974483,2.5,4.908738521234052,4.908738521234052,0.1,1.0,0.6,0.6 g/cm^3,24.210526315789473,3600.0,6.7251461988304095,11.208576998050683,derived_from_throughput,0.14271203474127067,1.4271203474127068,1.4210526315789473,0.20280131252706884,2.0280131252706886,0.08112052501082753,0.5070032813176721,5.415741802551724,0.49087385212340523,0.49087385212340523,0.05070032813176722,0.5415741802551725,0.2945243112740431,294.5243112740431,0.030420196879060328,30.420196879060327,0.32494450815310344,324.9445081531034,324.9445081531034,0.5972991689750693,597.2991689750693,0.418534547599956,418.534547599956,0.418534547599956,418.534547599956,unique_exposed_swept_capsule_mass,throughput_acquisition_density
E,10.0,78.53981633974483,2.5,4.908738521234052,4.908738521234052,0.1,1.0,0.6,0.6 g/cm^3,24.210526315789473,3600.0,6.7251461988304095,11.208576998050683,derived_from_throughput,0.14271203474127067,1.4271203474127068,1.631578947368421,0.23284595141996794,2.3284595141996793,0.09313838056798718,0.5821148785499198,5.490853399783972,0.49087385212340523,0.49087385212340523,0.058211487854991986,0.5490853399783971,0.2945243112740431,294.5243112740431,0.03492689271299519,34.92689271299519,0.32945120398703825,329.45120398703824,329.45120398703824,0.6857879347491536,685.7879347491536,0.4805396657629124,480.5396657629124,0.4805396657629124,480.5396657629124,unique_exposed_swept_capsule_mass,throughput_acquisition_density
E,10.0,78.53981633974483,2.5,4.908738521234052,4.908738521234052,0.1,1.0,0.6,0.6 g/cm^3,24.210526315789473,3600.0,6.7251461988304095,11.208576998050683,derived_from_throughput,0.14271203474127067,1.4271203474127068,1.8421052631578947,0.26289059031286705,2.6289059031286706,0.10515623612514682,0.6572264757821676,5.56596499701622,0.49087385212340523,0.49087385212340523,0.06572264757821676,0.5565964997016221,0.2945243112740431,294.5243112740431,0.039433588546930055,39.433588546930054,0.33395789982097324,333.95789982097324,333.95789982097324,0.7742767005232379,774.276700523238,0.5425447839258689,542.544783925869,0.5425447839258689,542.544783925869,unique_exposed_swept_capsule_mass,throughput_acquisition_density
E,10.0,78.53981633974483,2.5,4.908738521234052,4.908738521234052,0.1,1.0,0.6,0.6 g/cm^3,24.210526315789473,3600.0,6.7251461988304095,11.208576998050683,derived_from_throughput,0.14271203474127067,1.4271203474127068,2.052631578947368,0.2929352292057661,2.929352292057661,0.11717409168230644,0.7323380730144152,5.641076594248467,0.49087385212340523,0.49087385212340523,0.07323380730144152,0.5641076594248468,0.2945243112740431,294.5243112740431,0.04394028438086491,43.94028438086491,0.33846459565490805,338.46459565490807,338.46459565490807,0.8627654662973222,862.7654662973222,0.6045499020888252,604.5499020888252,0.6045499020888252,604.5499020888252,unique_exposed_swept_capsule_mass,throughput_acquisition_density
E,10.0,78.53981633974483,2.5,4.908738521234052,4.908738521234052,0.1,1.0,0.6,0.6 g/cm^3,24.210526315789473,3600.0,6.7251461988304095,11.208576998050683,derived_from_throughput,0.14271203474127067,1.4271203474127068,2.263157894736842,0.3229798680986652,3.2297986809866517,0.1291919472394661,0.8074496702466629,5.716188191480715,0.49087385212340523,0.49087385212340523,0.0807449670246663,0.5716188191480714,0.2945243112740431,294.5243112740431,0.048446980214799776,48.44698021479977,0.34297129148884287,342.9712914888429,342.9712914888429,0.9512542320714066,951.2542320714066,0.6665550202517817,666.5550202517817,0.6665550202517817,666.5550202517817,unique_exposed_swept_capsule_mass,throughput_acquisition_density
E,10.0,78.53981633974483,2.5,4.908738521234052,4.908738521234052,0.1,1.0,0.6,0.6 g/cm^3,24.210526315789473,3600.0,6.7251461988304095,11.208576998050683,derived_from_throughput,0.14271203474127067,1.4271203474127068,2.473684210526316,0.3530245069915643,3.530245069915643,0.1412098027966257,0.8825612674789107,5.791299788712963,0.49087385212340523,0.49087385212340523,0.08825612674789107,0.5791299788712964,0.2945243112740431,294.5243112740431,0.05295367604873464,52.95367604873464,0.3474779873227778,347.4779873227778,347.4779873227778,1.039742997845491,1039.7429978454911,0.7285601384147382,728.5601384147382,0.7285601384147382,728.5601384147382,unique_exposed_swept_capsule_mass,throughput_acquisition_density
E,10.0,78.53981633974483,2.5,4.908738521234052,4.908738521234052,0.1,1.0,0.6,0.6 g/cm^3,24.210526315789473,3600.0,6.7251461988304095,11.208576998050683,derived_from_throughput,0.14271203474127067,1.4271203474127068,2.6842105263157894,0.3830691458844634,3.830691458844634,0.15322765835378535,0.9576728647111585,5.86641138594521,0.49087385212340523,0.49087385212340523,0.09576728647111586,0.586641138594521,0.2945243112740431,294.5243112740431,0.05746037188266952,57.46037188266952,0.3519846831567126,351.9846831567126,351.9846831567126,1.1282317636195753,1128.2317636195753,0.7905652565776946,790.5652565776946,0.7905652565776946,790.5652565776946,unique_exposed_swept_capsule_mass,throughput_acquisition_density
E,10.0,78.53981633974483,2.5,4.908738521234052,4.908738521234052,0.1,1.0,0.6,0.6 g/cm^3,24.210526315789473,3600.0,6.7251461988304095,11.208576998050683,derived_from_throughput,0.14271203474127067,1.4271203474127068,2.894736842105263,0.41311378477736244,4.1311378477736245,0.16524551391094497,1.0327844619434061,5.9415229831774585,0.49087385212340523,0.49087385212340523,0.10327844619434062,0.5941522983177459,0.2945243112740431,294.5243112740431,0.061967067716604374,61.967067716604376,0.3564913789906475,356.4913789906475,356.4913789906475,1.2167205293936594,1216.7205293936595,0.852570374740651,852.570374740651,0.852570374740651,852.570374740651,unique_exposed_swept_capsule_mass,throughput_acquisition_density
E,10.0,78.53981633974483,2.5,4.908738521234052,4.908738521234052,0.1,1.0,0.6,0.6 g/cm^3,24.210526315789473,3600.0,6.7251461988304095,11.208576998050683,derived_from_throughput,0.14271203474127067,1.4271203474127068,3.1052631578947367,0.44315842367026154,4.431584236702616,0.17726336946810461,1.107896059175654,6.016634580409706,0.49087385212340523,0.49087385212340523,0.1107896059175654,0.6016634580409707,0.2945243112740431,294.5243112740431,0.06647376355053923,66.47376355053923,0.3609980748245824,360.99807482458243,360.99807482458243,1.3052092951677439,1305.209295167744,0.9145754929036075,914.5754929036075,0.9145754929036075,914.5754929036075,unique_exposed_swept_capsule_mass,throughput_acquisition_density
E,10.0,78.53981633974483,2.5,4.908738521234052,4.908738521234052,0.1,1.0,0.6,0.6 g/cm^3,24.210526315789473,3600.0,6.7251461988304095,11.208576998050683,derived_from_throughput,0.14271203474127067,1.4271203474127068,3.3157894736842106,0.47320306256316064,4.732030625631606,0.18928122502526426,1.1830076564079015,6.091746177641953,0.49087385212340523,0.49087385212340523,0.11830076564079016,0.6091746177641953,0.2945243112740431,294.5243112740431,0.07098045938447409,70.98045938447409,0.3655047706585172,365.5047706585172,365.5047706585172,1.3936980609418284,1393.6980609418283,0.976580611066564,976.5806110665641,0.976580611066564,976.5806110665641,unique_exposed_swept_capsule_mass,throughput_acquisition_density
E,10.0,78.53981633974483,2.5,4.908738521234052,4.908738521234052,0.1,1.0,0.6,0.6 g/cm^3,24.210526315789473,3600.0,6.7251461988304095,11.208576998050683,derived_from_throughput,0.14271203474127067,1.4271203474127068,3.526315789473684,0.5032477014560597,5.032477014560596,0.20129908058242388,1.258119253640149,6.166857774874201,0.49087385212340523,0.49087385212340523,0.12581192536401492,0.6166857774874202,0.2945243112740431,294.5243112740431,0.07548715521840894,75.48715521840894,0.3700114664924521,370.0114664924521,370.0114664924521,1.4821868267159126,1482.1868267159127,1.0385857292295204,1038.5857292295204,1.0385857292295204,1038.5857292295204,unique_exposed_swept_capsule_mass,throughput_acquisition_density
E,10.0,78.53981633974483,2.5,4.908738521234052,4.908738521234052,0.1,1.0,0.6,0.6 g/cm^3,24.210526315789473,3600.0,6.7251461988304095,11.208576998050683,derived_from_throughput,0.14271203474127067,1.4271203474127068,3.7368421052631575,0.5332923403489588,5.332923403489588,0.21331693613958352,1.333230850872397,6.241969372106449,0.49087385212340523,0.49087385212340523,0.1333230850872397,0.624196937210645,0.2945243112740431,294.5243112740431,0.07999385105234381,79.99385105234381,0.37451816232638696,374.51816232638697,374.51816232638697,1.5706755924899969,1570.675592489997,1.1005908473924768,1100.590847392477,1.1005908473924768,1100.590847392477,unique_exposed_swept_capsule_mass,throughput_acquisition_density
E,10.0,78.53981633974483,2.5,4.908738521234052,4.908738521234052,0.1,1.0,0.6,0.6 g/cm^3,24.210526315789473,3600.0,6.7251461988304095,11.208576998050683,derived_from_throughput,0.14271203474127067,1.4271203474127068,3.9473684210526314,0.5633369792418579,5.633369792418579,0.22533479169674314,1.4083424481046447,6.317080969338697,0.49087385212340523,0.49087385212340523,0.14083424481046447,0.6317080969338698,0.2945243112740431,294.5243112740431,0.08450054688627869,84.50054688627868,0.37902485816032183,379.02485816032186,379.02485816032186,1.6591643582640812,1659.164358264081,1.1625959655554332,1162.5959655554332,1.1625959655554332,1162.5959655554332,unique_exposed_swept_capsule_mass,throughput_acquisition_density
E,10.0,78.53981633974483,2.5,4.908738521234052,4.908738521234052,0.1,1.0,0.6,0.6 g/cm^3,24.210526315789473,3600.0,6.7251461988304095,11.208576998050683,derived_from_throughput,0.14271203474127067,1.4271203474127068,4.157894736842105,0.593381618134757,5.93381618134757,0.2373526472539028,1.4834540453368925,6.3921925665709445,0.49087385212340523,0.49087385212340523,0.14834540453368925,0.6392192566570944,0.2945243112740431,294.5243112740431,0.08900724272021354,89.00724272021354,0.38353155399425665,383.5315539942566,383.5315539942566,1.7476531240381656,1747.6531240381657,1.2246010837183898,1224.6010837183899,1.2246010837183898,1224.6010837183899,unique_exposed_swept_capsule_mass,throughput_acquisition_density
E,10.0,78.53981633974483,2.5,4.908738521234052,4.908738521234052,0.1,1.0,0.6,0.6 g/cm^3,24.210526315789473,3600.0,6.7251461988304095,11.208576998050683,derived_from_throughput,0.14271203474127067,1.4271203474127068,4.368421052631579,0.6234262570276561,6.234262570276561,0.24937050281106243,1.5585656425691403,6.467304163803192,0.49087385212340523,0.49087385212340523,0.15585656425691405,0.6467304163803193,0.2945243112740431,294.5243112740431,0.09351393855414843,93.51393855414842,0.3880382498281915,388.0382498281915,388.0382498281915,1.83614188981225,1836.14188981225,1.2866062018813462,1286.6062018813461,1.2866062018813462,1286.6062018813461,unique_exposed_swept_capsule_mass,throughput_acquisition_density
E,10.0,78.53981633974483,2.5,4.908738521234052,4.908738521234052,0.1,1.0,0.6,0.6 g/cm^3,24.210526315789473,3600.0,6.7251461988304095,11.208576998050683,derived_from_throughput,0.14271203474127067,1.4271203474127068,4.578947368421052,0.6534708959205551,6.534708959205551,0.26138835836822205,1.6336772398013877,6.542415761035439,0.49087385212340523,0.49087385212340523,0.16336772398013877,0.6542415761035439,0.2945243112740431,294.5243112740431,0.09802063438808326,98.02063438808325,0.39254494566212633,392.54494566212634,392.54494566212634,1.9246306555863342,1924.6306555863341,1.3486113200443026,1348.6113200443026,1.3486113200443026,1348.6113200443026,unique_exposed_swept_capsule_mass,throughput_acquisition_density
E,10.0,78.53981633974483,2.5,4.908738521234052,4.908738521234052,0.1,1.0,0.6,0.6 g/cm^3,24.210526315789473,3600.0,6.7251461988304095,11.208576998050683,derived_from_throughput,0.14271203474127067,1.4271203474127068,4.789473684210526,0.6835155348134542,6.835155348134542,0.27340621392538167,1.7087888370336355,6.6175273582676875,0.49087385212340523,0.49087385212340523,0.17087888370336357,0.6617527358267687,0.2945243112740431,294.5243112740431,0.10252733022201814,102.52733022201814,0.39705164149606126,397.0516414960613,397.0516414960613,2.013119421360418,2013.1194213604183,1.4106164382072588,1410.6164382072589,1.4106164382072588,1410.6164382072589,unique_exposed_swept_capsule_mass,throughput_acquisition_density
E,10.0,78.53981633974483,2.5,4.908738521234052,4.908738521234052,0.1,1.0,0.6,0.6 g/cm^3,24.210526315789473,3600.0,6.7251461988304095,11.208576998050683,derived_from_throughput,0.14271203474127067,1.4271203474127068,5.0,0.7135601737063534,7.135601737063534,0.28542406948254134,1.7839004342658835,6.692638955499936,0.49087385212340523,0.49087385212340523,0.17839004342658837,0.6692638955499937,0.2945243112740431,294.5243112740431,0.10703402605595302,107.03402605595302,0.4015583373299962,401.55833732999616,401.55833732999616,2.101608187134503,2101.608187134503,1.4726215563702154,1472.6215563702153,1.4726215563702154,1472.6215563702153,unique_exposed_swept_capsule_mass,throughput_acquisition_density
E,10.0,78.53981633974483,2.5,4.908738521234052,4.908738521234052,0.1,1.0,0.6,0.6 g/cm^3,28.94736842105263,3600.0,8.04093567251462,13.401559454191032,derived_from_throughput,0.17063395458195404,1.7063395458195405,1.0,0.17063395458195404,1.7063395458195405,0.06825358183278162,0.4265848864548851,5.3353234076889375,0.49087385212340523,0.49087385212340523,0.04265848864548852,0.5335323407688938,0.2945243112740431,294.5243112740431,0.02559509318729311,25.59509318729311,0.32011940446133624,320.1194044613362,320.1194044613362,0.5025584795321637,502.5584795321637,0.2945243112740431,294.5243112740431,0.2945243112740431,294.5243112740431,unique_exposed_swept_capsule_mass,throughput_acquisition_density
E,10.0,78.53981633974483,2.5,4.908738521234052,4.908738521234052,0.1,1.0,0.6,0.6 g/cm^3,28.94736842105263,3600.0,8.04093567251462,13.401559454191032,derived_from_throughput,0.17063395458195404,1.7063395458195405,1.2105263157894737,0.20655689238868122,2.0655689238868122,0.08262275695547248,0.5163922309717031,5.425130752205755,0.49087385212340523,0.49087385212340523,0.05163922309717031,0.5425130752205755,0.2945243112740431,294.5243112740431,0.030983533858302187,30.983533858302188,0.32550784513234526,325.50784513234527,325.50784513234527,0.6083602646968297,608.3602646968297,0.35652942943699956,356.5294294369996,0.35652942943699956,356.5294294369996,unique_exposed_swept_capsule_mass,throughput_acquisition_density
E,10.0,78.53981633974483,2.5,4.908738521234052,4.908738521234052,0.1,1.0,0.6,0.6 g/cm^3,28.94736842105263,3600.0,8.04093567251462,13.401559454191032,derived_from_throughput,0.17063395458195404,1.7063395458195405,1.4210526315789473,0.24247983019540836,2.4247983019540835,0.09699193207816334,0.6061995754885209,5.514938096722573,0.49087385212340523,0.49087385212340523,0.06061995754885209,0.5514938096722574,0.2945243112740431,294.5243112740431,0.036371974529311256,36.37197452931125,0.3308962858033544,330.8962858033544,330.8962858033544,0.7141620498614958,714.1620498614958,0.418534547599956,418.534547599956,0.418534547599956,418.534547599956,unique_exposed_swept_capsule_mass,throughput_acquisition_density
E,10.0,78.53981633974483,2.5,4.908738521234052,4.908738521234052,0.1,1.0,0.6,0.6 g/cm^3,28.94736842105263,3600.0,8.04093567251462,13.401559454191032,derived_from_throughput,0.17063395458195404,1.7063395458195405,1.631578947368421,0.27840276800213554,2.7840276800213553,0.11136110720085421,0.6960069200053388,5.604745441239391,0.49087385212340523,0.49087385212340523,0.06960069200053388,0.5604745441239392,0.2945243112740431,294.5243112740431,0.04176041520032033,41.76041520032033,0.33628472647436347,336.2847264743635,336.2847264743635,0.8199638350261618,819.9638350261617,0.4805396657629124,480.5396657629124,0.4805396657629124,480.5396657629124,unique_exposed_swept_capsule_mass,throughput_acquisition_density
E,10.0,78.53981633974483,2.5,4.908738521234052,4.908738521234052,0.1,1.0,0.6,0.6 g/cm^3,28.94736842105263,3600.0,8.04093567251462,13.401559454191032,derived_from_throughput,0.17063395458195404,1.7063395458195405,1.8421052631578947,0.3143257058088627,3.143257058088627,0.12573028232354508,0.7858142645221567,5.694552785756208,0.49087385212340523,0.49087385212340523,0.07858142645221568,0.5694552785756208,0.2945243112740431,294.5243112740431,0.04714885587132941,47.14885587132941,0.3416731671453725,341.6731671453725,341.6731671453725,0.9257656201908279,925.7656201908279,0.5425447839258689,542.544783925869,0.5425447839258689,542.544783925869,unique_exposed_swept_capsule_mass,throughput_acquisition_density
E,10.0,78.53981633974483,2.5,4.908738521234052,4.908738521234052,0.1,1.0,0.6,0.6 g/cm^3,28.94736842105263,3600.0,8.04093567251462,13.401559454191032,derived_from_throughput,0.17063395458195404,1.7063395458195405,2.052631578947368,0.3502486436155898,3.5024864361558983,0.14009945744623592,0.8756216090389746,5.7843601302730265,0.49087385212340523,0.49087385212340523,0.08756216090389746,0.5784360130273026,0.2945243112740431,294.5243112740431,0.05253729654233847,52.53729654233847,0.34706160781638157,347.0616078163816,347.0616078163816,1.0315674053554937,1031.5674053554937,0.6045499020888252,604.5499020888252,0.6045499020888252,604.5499020888252,unique_exposed_swept_capsule_mass,throughput_acquisition_density
E,10.0,78.53981633974483,2.5,4.908738521234052,4.908738521234052,0.1,1.0,0.6,0.6 g/cm^3,28.94736842105263,3600.0,8.04093567251462,13.401559454191032,derived_from_throughput,0.17063395458195404,1.7063395458195405,2.263157894736842,0.38617158142231706,3.8617158142231705,0.15446863256892682,0.9654289535557926,5.874167474789845,0.49087385212340523,0.49087385212340523,0.09654289535557926,0.5874167474789845,0.2945243112740431,294.5243112740431,0.05792573721334755,57.92573721334755,0.3524500484873907,352.4500484873907,352.4500484873907,1.13736919052016,1137.36919052016,0.6665550202517817,666.5550202517817,0.6665550202517817,666.5550202517817,unique_exposed_swept_capsule_mass,throughput_acquisition_density
E,10.0,78.53981633974483,2.5,4.908738521234052,4.908738521234052,0.1,1.0,0.6,0.6 g/cm^3,28.94736842105263,3600.0,8.04093567251462,13.401559454191032,derived_from_throughput,0.17063395458195404,1.7063395458195405,2.473684210526316,0.42209451922904423,4.220945192290443,0.1688378076916177,1.0552362980726107,5.963974819306663,0.49087385212340523,0.49087385212340523,0.10552362980726107,0.5963974819306663,0.2945243112740431,294.5243112740431,0.06331417788435664,63.314177884356646,0.3578384891583998,357.8384891583998,357.8384891583998,1.2431709756848262,1243.170975684826,0.7285601384147382,728.5601384147382,0.7285601384147382,728.5601384147382,unique_exposed_swept_capsule_mass,throughput_acquisition_density
E,10.0,78.53981633974483,2.5,4.908738521234052,4.908738521234052,0.1,1.0,0.6,0.6 g/cm^3,28.94736842105263,3600.0,8.04093567251462,13.401559454191032,derived_from_throughput,0.17063395458195404,1.7063395458195405,2.6842105263157894,0.45801745703577135,4.5801745703577135,0.18320698281430853,1.1450436425894284,6.05378216382348,0.49087385212340523,0.49087385212340523,0.11450436425894284,0.605378216382348,0.2945243112740431,294.5243112740431,0.0687026185553657,68.7026185553657,0.3632269298294088,363.2269298294088,363.2269298294088,1.348972760849492,1348.9727608494918,0.7905652565776946,790.5652565776946,0.7905652565776946,790.5652565776946,unique_exposed_swept_capsule_mass,throughput_acquisition_density
E,10.0,78.53981633974483,2.5,4.908738521234052,4.908738521234052,0.1,1.0,0.6,0.6 g/cm^3,28.94736842105263,3600.0,8.04093567251462,13.401559454191032,derived_from_throughput,0.17063395458195404,1.7063395458195405,2.894736842105263,0.4939403948424985,4.939403948424985,0.1975761579369994,1.2348509871062463,6.143589508340298,0.49087385212340523,0.49087385212340523,0.12348509871062463,0.6143589508340299,0.2945243112740431,294.5243112740431,0.07409105922637478,74.09105922637478,0.3686153705004179,368.61537050041795,368.61537050041795,1.454774546014158,1454.774546014158,0.852570374740651,852.570374740651,0.852570374740651,852.570374740651,unique_exposed_swept_capsule_mass,throughput_acquisition_density
E,10.0,78.53981633974483,2.5,4.908738521234052,4.908738521234052,0.1,1.0,0.6,0.6 g/cm^3,28.94736842105263,3600.0,8.04093567251462,13.401559454191032,derived_from_throughput,0.17063395458195404,1.7063395458195405,3.1052631578947367,0.5298633326492257,5.298633326492257,0.21194533305969027,1.3246583316230642,6.233396852857116,0.49087385212340523,0.49087385212340523,0.13246583316230642,0.6233396852857117,0.2945243112740431,294.5243112740431,0.07947949989738386,79.47949989738386,0.374003811171427,374.003811171427,374.003811171427,1.560576331178824,1560.5763311788241,0.9145754929036075,914.5754929036075,0.9145754929036075,914.5754929036075,unique_exposed_swept_capsule_mass,throughput_acquisition_density
E,10.0,78.53981633974483,2.5,4.908738521234052,4.908738521234052,0.1,1.0,0.6,0.6 g/cm^3,28.94736842105263,3600.0,8.04093567251462,13.401559454191032,derived_from_throughput,0.17063395458195404,1.7063395458195405,3.3157894736842106,0.5657862704559529,5.657862704559529,0.22631450818238114,1.4144656761398822,6.323204197373935,0.49087385212340523,0.49087385212340523,0.14144656761398822,0.6323204197373935,0.2945243112740431,294.5243112740431,0.08486794056839293,84.86794056839294,0.3793922518424361,379.39225184243605,379.39225184243605,1.6663781163434903,1666.3781163434903,0.976580611066564,976.5806110665641,0.976580611066564,976.5806110665641,unique_exposed_swept_capsule_mass,throughput_acquisition_density
E,10.0,78.53981633974483,2.5,4.908738521234052,4.908738521234052,0.1,1.0,0.6,0.6 g/cm^3,28.94736842105263,3600.0,8.04093567251462,13.401559454191032,derived_from_throughput,0.17063395458195404,1.7063395458195405,3.526315789473684,0.60170920826268,6.0170920826268,0.240683683305072,1.5042730206567,6.413011541890752,0.49087385212340523,0.49087385212340523,0.15042730206567,0.6413011541890752,0.2945243112740431,294.5243112740431,0.09025638123940201,90.256381239402,0.3847806925134451,384.7806925134451,384.7806925134451,1.772179901508156,1772.179901508156,1.0385857292295204,1038.5857292295204,1.0385857292295204,1038.5857292295204,unique_exposed_swept_capsule_mass,throughput_acquisition_density
E,10.0,78.53981633974483,2.5,4.908738521234052,4.908738521234052,0.1,1.0,0.6,0.6 g/cm^3,28.94736842105263,3600.0,8.04093567251462,13.401559454191032,derived_from_throughput,0.17063395458195404,1.7063395458195405,3.7368421052631575,0.6376321460694071,6.376321460694071,0.2550528584277628,1.5940803651735178,6.50281888640757,0.49087385212340523,0.49087385212340523,0.1594080365173518,0.6502818886407571,0.2945243112740431,294.5243112740431,0.09564482191041108,95.64482191041108,0.39016913318445423,390.1691331844542,390.1691331844542,1.877981686672822,1877.981686672822,1.1005908473924768,1100.590847392477,1.1005908473924768,1100.590847392477,unique_exposed_swept_capsule_mass,throughput_acquisition_density
E,10.0,78.53981633974483,2.5,4.908738521234052,4.908738521234052,0.1,1.0,0.6,0.6 g/cm^3,28.94736842105263,3600.0,8.04093567251462,13.401559454191032,derived_from_throughput,0.17063395458195404,1.7063395458195405,3.9473684210526314,0.6735550838761344,6.735550838761344,0.26942203355045374,1.683887709690336,6.592626230924388,0.49087385212340523,0.49087385212340523,0.1683887709690336,0.6592626230924389,0.2945243112740431,294.5243112740431,0.10103326258142016,101.03326258142016,0.3955575738554633,395.5575738554633,395.5575738554633,1.9837834718374883,1983.7834718374884,1.1625959655554332,1162.5959655554332,1.1625959655554332,1162.5959655554332,unique_exposed_swept_capsule_mass,throughput_acquisition_density
E,10.0,78.53981633974483,2.5,4.908738521234052,4.908738521234052,0.1,1.0,0.6,0.6 g/cm^3,28.94736842105263,3600.0,8.04093567251462,13.401559454191032,derived_from_throughput,0.17063395458195404,1.7063395458195405,4.157894736842105,0.7094780216828616,7.094780216828616,0.2837912086731446,1.773695054207154,6.682433575441205,0.49087385212340523,0.49087385212340523,0.1773695054207154,0.6682433575441206,0.2945243112740431,294.5243112740431,0.10642170325242924,106.42170325242924,0.4009460145264723,400.9460145264723,400.9460145264723,2.0895852570021543,2089.5852570021543,1.2246010837183898,1224.6010837183899,1.2246010837183898,1224.6010837183899,unique_exposed_swept_capsule_mass,throughput_acquisition_density
E,10.0,78.53981633974483,2.5,4.908738521234052,4.908738521234052,0.1,1.0,0.6,0.6 g/cm^3,28.94736842105263,3600.0,8.04093567251462,13.401559454191032,derived_from_throughput,0.17063395458195404,1.7063395458195405,4.368421052631579,0.7454009594895887,7.454009594895887,0.2981603837958355,1.8635023987239718,6.772240919958024,0.49087385212340523,0.49087385212340523,0.18635023987239718,0.6772240919958024,0.2945243112740431,294.5243112740431,0.11181014392343831,111.81014392343832,0.4063344551974814,406.3344551974814,406.3344551974814,2.1953870421668205,2195.3870421668203,1.2866062018813462,1286.6062018813461,1.2866062018813462,1286.6062018813461,unique_exposed_swept_capsule_mass,throughput_acquisition_density
E,10.0,78.53981633974483,2.5,4.908738521234052,4.908738521234052,0.1,1.0,0.6,0.6 g/cm^3,28.94736842105263,3600.0,8.04093567251462,13.401559454191032,derived_from_throughput,0.17063395458195404,1.7063395458195405,4.578947368421052,0.7813238972963158,7.813238972963158,0.3125295589185263,1.9533097432407895,6.862048264474842,0.49087385212340523,0.49087385212340523,0.19533097432407898,0.6862048264474843,0.2945243112740431,294.5243112740431,0.11719858459444737,117.19858459444737,0.41172289586849053,411.7228958684905,411.7228958684905,2.301188827331486,2301.188827331486,1.3486113200443026,1348.6113200443026,1.3486113200443026,1348.6113200443026,unique_exposed_swept_capsule_mass,throughput_acquisition_density
E,10.0,78.53981633974483,2.5,4.908738521234052,4.908738521234052,0.1,1.0,0.6,0.6 g/cm^3,28.94736842105263,3600.0,8.04093567251462,13.401559454191032,derived_from_throughput,0.17063395458195404,1.7063395458195405,4.789473684210526,0.817246835103043,8.17246835103043,0.32689873404121716,2.0431170877576075,6.951855608991659,0.49087385212340523,0.49087385212340523,0.20431170877576077,0.6951855608991659,0.2945243112740431,294.5243112740431,0.12258702526545645,122.58702526545645,0.41711133653949956,417.1113365394996,417.1113365394996,2.406990612496152,2406.990612496152,1.4106164382072588,1410.6164382072589,1.4106164382072588,1410.6164382072589,unique_exposed_swept_capsule_mass,throughput_acquisition_density
E,10.0,78.53981633974483,2.5,4.908738521234052,4.908738521234052,0.1,1.0,0.6,0.6 g/cm^3,28.94736842105263,3600.0,8.04093567251462,13.401559454191032,derived_from_throughput,0.17063395458195404,1.7063395458195405,5.0,0.8531697729097703,8.531697729097703,0.3412679091639081,2.1329244322744256,7.041662953508478,0.49087385212340523,0.49087385212340523,0.21329244322744256,0.7041662953508478,0.2945243112740431,294.5243112740431,0.12797546593646553,127.97546593646553,0.4224997772105087,422.4997772105087,422.4997772105087,2.5127923976608186,2512.7923976608186,1.4726215563702154,1472.6215563702153,1.4726215563702154,1472.6215563702153,unique_exposed_swept_capsule_mass,throughput_acquisition_density
E,10.0,78.53981633974483,2.5,4.908738521234052,4.908738521234052,0.1,1.0,0.6,0.6 g/cm^3,33.68421052631579,3600.0,9.35672514619883,15.594541910331383,derived_from_throughput,0.19855587442263745,1.9855587442263745,1.0,0.19855587442263745,1.9855587442263745,0.07942234976905498,0.4963896860565936,5.4051282072906455,0.49087385212340523,0.49087385212340523,0.04963896860565936,0.5405128207290646,0.2945243112740431,294.5243112740431,0.029783381163395614,29.783381163395614,0.32430769243743873,324.30769243743873,324.30769243743873,0.5847953216374269,584.7953216374269,0.2945243112740431,294.5243112740431,0.2945243112740431,294.5243112740431,unique_exposed_swept_capsule_mass,throughput_acquisition_density
E,10.0,78.53981633974483,2.5,4.908738521234052,4.908738521234052,0.1,1.0,0.6,0.6 g/cm^3,33.68421052631579,3600.0,9.35672514619883,15.594541910331383,derived_from_throughput,0.19855587442263745,1.9855587442263745,1.2105263157894737,0.2403571111431927,2.403571111431927,0.09614284445727708,0.6008927778579818,5.5096312990920335,0.49087385212340523,0.49087385212340523,0.06008927778579818,0.5509631299092034,0.2945243112740431,294.5243112740431,0.03605356667147891,36.05356667147891,0.330577877945522,330.577877945522,330.577877945522,0.7079101261926746,707.9101261926746,0.35652942943699956,356.5294294369996,0.35652942943699956,356.5294294369996,unique_exposed_swept_capsule_mass,throughput_acquisition_density
E,10.0,78.53981633974483,2.5,4.908738521234052,4.908738521234052,0.1,1.0,0.6,0.6 g/cm^3,33.68421052631579,3600.0,9.35672514619883,15.594541910331383,derived_from_throughput,0.19855587442263745,1.9855587442263745,1.4210526315789473,0.28215834786374794,2.8215834786374794,0.11286333914549918,0.7053958696593698,5.614134390893422,0.49087385212340523,0.49087385212340523,0.07053958696593698,0.5614134390893422,0.2945243112740431,294.5243112740431,0.04232375217956219,42.32375217956219,0.3368480634536053,336.8480634536053,336.8480634536053,0.8310249307479224,831.0249307479224,0.418534547599956,418.534547599956,0.418534547599956,418.534547599956,unique_exposed_swept_capsule_mass,throughput_acquisition_density
E,10.0,78.53981633974483,2.5,4.908738521234052,4.908738521234052,0.1,1.0,0.6,0.6 g/cm^3,33.68421052631579,3600.0,9.35672514619883,15.594541910331383,derived_from_throughput,0.19855587442263745,1.9855587442263745,1.631578947368421,0.3239595845843032,3.2395958458430316,0.12958383383372127,0.8098989614607579,5.71863748269481,0.49087385212340523,0.49087385212340523,0.0809898961460758,0.5718637482694809,0.2945243112740431,294.5243112740431,0.04859393768764548,48.59393768764548,0.3431182489616886,343.11824896168855,343.11824896168855,0.9541397353031701,954.1397353031701,0.4805396657629124,480.5396657629124,0.4805396657629124,480.5396657629124,unique_exposed_swept_capsule_mass,throughput_acquisition_density
E,10.0,78.53981633974483,2.5,4.908738521234052,4.908738521234052,0.1,1.0,0.6,0.6 g/cm^3,33.68421052631579,3600.0,9.35672514619883,15.594541910331383,derived_from_throughput,0.19855587442263745,1.9855587442263745,1.8421052631578947,0.36576082130485843,3.6576082130485843,0.14630432852194336,0.9144020532621461,5.823140574496198,0.49087385212340523,0.49087385212340523,0.09144020532621461,0.5823140574496198,0.2945243112740431,294.5243112740431,0.05486412319572876,54.86412319572876,0.3493884344697719,349.38843446977194,349.38843446977194,1.077254539858418,1077.254539858418,0.5425447839258689,542.544783925869,0.5425447839258689,542.544783925869,unique_exposed_swept_capsule_mass,throughput_acquisition_density
E,10.0,78.53981633974483,2.5,4.908738521234052,4.908738521234052,0.1,1.0,0.6,0.6 g/cm^3,33.68421052631579,3600.0,9.35672514619883,15.594541910331383,derived_from_throughput,0.19855587442263745,1.9855587442263745,2.052631578947368,0.4075620580254137,4.075620580254137,0.16302482321016548,1.0189051450635342,5.927643666297586,0.49087385212340523,0.49087385212340523,0.10189051450635343,0.5927643666297586,0.2945243112740431,294.5243112740431,0.061134308703812056,61.13430870381205,0.35565861997785514,355.65861997785515,355.65861997785515,1.2003693444136656,1200.3693444136657,0.6045499020888252,604.5499020888252,0.6045499020888252,604.5499020888252,unique_exposed_swept_capsule_mass,throughput_acquisition_density
E,10.0,78.53981633974483,2.5,4.908738521234052,4.908738521234052,0.1,1.0,0.6,0.6 g/cm^3,33.68421052631579,3600.0,9.35672514619883,15.594541910331383,derived_from_throughput,0.19855587442263745,1.9855587442263745,2.263157894736842,0.4493632947459689,4.493632947459689,0.17974531789838757,1.1234082368649223,6.032146758098975,0.49087385212340523,0.49087385212340523,0.11234082368649223,0.6032146758098975,0.2945243112740431,294.5243112740431,0.06740449421189533,67.40449421189533,0.3619288054859385,361.9288054859385,361.9288054859385,1.3234841489689133,1323.4841489689134,0.6665550202517817,666.5550202517817,0.6665550202517817,666.5550202517817,unique_exposed_swept_capsule_mass,throughput_acquisition_density
E,10.0,78.53981633974483,2.5,4.908738521234052,4.908738521234052,0.1,1.0,0.6,0.6 g/cm^3,33.68421052631579,3600.0,9.35672514619883,15.594541910331383,derived_from_throughput,0.19855587442263745,1.9855587442263745,2.473684210526316,0.4911645314665242,4.911645314665242,0.1964658125866097,1.2279113286663106,6.136649849900363,0.49087385212340523,0.49087385212340523,0.12279113286663107,0.6136649849900363,0.2945243112740431,294.5243112740431,0.07367467971997864,73.67467971997864,0.36819899099402176,368.19899099402176,368.19899099402176,1.4465989535241612,1446.5989535241613,0.7285601384147382,728.5601384147382,0.7285601384147382,728.5601384147382,unique_exposed_swept_capsule_mass,throughput_acquisition_density
E,10.0,78.53981633974483,2.5,4.908738521234052,4.908738521234052,0.1,1.0,0.6,0.6 g/cm^3,33.68421052631579,3600.0,9.35672514619883,15.594541910331383,derived_from_throughput,0.19855587442263745,1.9855587442263745,2.6842105263157894,0.5329657681870794,5.329657681870794,0.21318630727483176,1.3324144204676984,6.241152941701751,0.49087385212340523,0.49087385212340523,0.13324144204676985,0.6241152941701751,0.2945243112740431,294.5243112740431,0.0799448652280619,79.9448652280619,0.37446917650210504,374.46917650210503,374.46917650210503,1.569713758079409,1569.713758079409,0.7905652565776946,790.5652565776946,0.7905652565776946,790.5652565776946,unique_exposed_swept_capsule_mass,throughput_acquisition_density
E,10.0,78.53981633974483,2.5,4.908738521234052,4.908738521234052,0.1,1.0,0.6,0.6 g/cm^3,33.68421052631579,3600.0,9.35672514619883,15.594541910331383,derived_from_throughput,0.19855587442263745,1.9855587442263745,2.894736842105263,0.5747670049076347,5.747670049076347,0.22990680196305385,1.4369175122690867,6.345656033503139,0.49087385212340523,0.49087385212340523,0.14369175122690866,0.634565603350314,0.2945243112740431,294.5243112740431,0.0862150507361452,86.2150507361452,0.3807393620101884,380.73936201018836,380.73936201018836,1.6928285626346566,1692.8285626346567,0.852570374740651,852.570374740651,0.852570374740651,852.570374740651,unique_exposed_swept_capsule_mass,throughput_acquisition_density
E,10.0,78.53981633974483,2.5,4.908738521234052,4.908738521234052,0.1,1.0,0.6,0.6 g/cm^3,33.68421052631579,3600.0,9.35672514619883,15.594541910331383,derived_from_throughput,0.19855587442263745,1.9855587442263745,3.1052631578947367,0.6165682416281899,6.165682416281899,0.24662729665127597,1.5414206040704748,6.450159125304527,0.49087385212340523,0.49087385212340523,0.15414206040704748,0.6450159125304528,0.2945243112740431,294.5243112740431,0.09248523624422848,92.48523624422849,0.38700954751827166,387.00954751827163,387.00954751827163,1.8159433671899043,1815.9433671899044,0.9145754929036075,914.5754929036075,0.9145754929036075,914.5754929036075,unique_exposed_swept_capsule_mass,throughput_acquisition_density
E,10.0,78.53981633974483,2.5,4.908738521234052,4.908738521234052,0.1,1.0,0.6,0.6 g/cm^3,33.68421052631579,3600.0,9.35672514619883,15.594541910331383,derived_from_throughput,0.19855587442263745,1.9855587442263745,3.3157894736842106,0.6583694783487453,6.583694783487452,0.2633477913394981,1.645923695871863,6.554662217105915,0.49087385212340523,0.49087385212340523,0.16459236958718632,0.6554662217105915,0.2945243112740431,294.5243112740431,0.09875542175231179,98.75542175231179,0.39327973302635494,393.27973302635496,393.27973302635496,1.9390581717451523,1939.0581717451523,0.976580611066564,976.5806110665641,0.976580611066564,976.5806110665641,unique_exposed_swept_capsule_mass,throughput_acquisition_density
E,10.0,78.53981633974483,2.5,4.908738521234052,4.908738521234052,0.1,1.0,0.6,0.6 g/cm^3,33.68421052631579,3600.0,9.35672514619883,15.594541910331383,derived_from_throughput,0.19855587442263745,1.9855587442263745,3.526315789473684,0.7001707150693004,7.001707150693004,0.28006828602772016,1.750426787673251,6.659165308907303,0.49087385212340523,0.49087385212340523,0.17504267876732513,0.6659165308907303,0.2945243112740431,294.5243112740431,0.10502560726039507,105.02560726039508,0.39954991853443816,399.5499185344382,399.5499185344382,2.0621729763004,2062.1729763004,1.0385857292295204,1038.5857292295204,1.0385857292295204,1038.5857292295204,unique_exposed_swept_capsule_mass,throughput_acquisition_density
E,10.0,78.53981633974483,2.5,4.908738521234052,4.908738521234052,0.1,1.0,0.6,0.6 g/cm^3,33.68421052631579,3600.0,9.35672514619883,15.594541910331383,derived_from_throughput,0.19855587442263745,1.9855587442263745,3.7368421052631575,0.7419719517898556,7.419719517898557,0.2967887807159423,1.8549298794746392,6.763668400708691,0.49087385212340523,0.49087385212340523,0.18549298794746394,0.6763668400708691,0.2945243112740431,294.5243112740431,0.11129579276847835,111.29579276847835,0.40582010404252145,405.82010404252145,405.82010404252145,2.1852877808556475,2185.2877808556473,1.1005908473924768,1100.590847392477,1.1005908473924768,1100.590847392477,unique_exposed_swept_capsule_mass,throughput_acquisition_density
E,10.0,78.53981633974483,2.5,4.908738521234052,4.908738521234052,0.1,1.0,0.6,0.6 g/cm^3,33.68421052631579,3600.0,9.35672514619883,15.594541910331383,derived_from_throughput,0.19855587442263745,1.9855587442263745,3.9473684210526314,0.7837731885104109,7.837731885104109,0.31350927540416434,1.9594329712760272,6.868171492510079,0.49087385212340523,0.49087385212340523,0.19594329712760272,0.686817149251008,0.2945243112740431,294.5243112740431,0.11756597827656162,117.56597827656162,0.4120902895506048,412.0902895506048,412.0902895506048,2.3084025854108954,2308.4025854108954,1.1625959655554332,1162.5959655554332,1.1625959655554332,1162.5959655554332,unique_exposed_swept_capsule_mass,throughput_acquisition_density
E,10.0,78.53981633974483,2.5,4.908738521234052,4.908738521234052,0.1,1.0,0.6,0.6 g/cm^3,33.68421052631579,3600.0,9.35672514619883,15.594541910331383,derived_from_throughput,0.19855587442263745,1.9855587442263745,4.157894736842105,0.8255744252309662,8.255744252309663,0.3302297700923865,2.0639360630774157,6.972674584311468,0.49087385212340523,0.49087385212340523,0.2063936063077416,0.6972674584311469,0.2945243112740431,294.5243112740431,0.12383616378464495,123.83616378464494,0.4183604750586881,418.3604750586881,418.3604750586881,2.4315173899661433,2431.517389966143,1.2246010837183898,1224.6010837183899,1.2246010837183898,1224.6010837183899,unique_exposed_swept_capsule_mass,throughput_acquisition_density
E,10.0,78.53981633974483,2.5,4.908738521234052,4.908738521234052,0.1,1.0,0.6,0.6 g/cm^3,33.68421052631579,3600.0,9.35672514619883,15.594541910331383,derived_from_throughput,0.19855587442263745,1.9855587442263745,4.368421052631579,0.8673756619515215,8.673756619515215,0.3469502647806086,2.168439154878804,7.077177676112855,0.49087385212340523,0.49087385212340523,0.2168439154878804,0.7077177676112856,0.2945243112740431,294.5243112740431,0.13010634929272824,130.10634929272825,0.42463066056677135,424.6306605667713,424.6306605667713,2.554632194521391,2554.632194521391,1.2866062018813462,1286.6062018813461,1.2866062018813462,1286.6062018813461,unique_exposed_swept_capsule_mass,throughput_acquisition_density
E,10.0,78.53981633974483,2.5,4.908738521234052,4.908738521234052,0.1,1.0,0.6,0.6 g/cm^3,33.68421052631579,3600.0,9.35672514619883,15.594541910331383,derived_from_throughput,0.19855587442263745,1.9855587442263745,4.578947368421052,0.9091768986720766,9.091768986720766,0.36367075946883065,2.2729422466801914,7.181680767914243,0.49087385212340523,0.49087385212340523,0.22729422466801916,0.7181680767914244,0.2945243112740431,294.5243112740431,0.1363765348008115,136.3765348008115,0.4309008460748546,430.9008460748546,430.9008460748546,2.6777469990766387,2677.7469990766385,1.3486113200443026,1348.6113200443026,1.3486113200443026,1348.6113200443026,unique_exposed_swept_capsule_mass,throughput_acquisition_density
E,10.0,78.53981633974483,2.5,4.908738521234052,4.908738521234052,0.1,1.0,0.6,0.6 g/cm^3,33.68421052631579,3600.0,9.35672514619883,15.594541910331383,derived_from_throughput,0.19855587442263745,1.9855587442263745,4.789473684210526,0.9509781353926319,9.509781353926318,0.38039125415705277,2.3774453384815795,7.286183859715631,0.49087385212340523,0.49087385212340523,0.23774453384815797,0.7286183859715631,0.2945243112740431,294.5243112740431,0.14264672030889478,142.64672030889477,0.43717103158293785,437.17103158293787,437.17103158293787,2.800861803631886,2800.8618036318862,1.4106164382072588,1410.6164382072589,1.4106164382072588,1410.6164382072589,unique_exposed_swept_capsule_mass,throughput_acquisition_density
E,10.0,78.53981633974483,2.5,4.908738521234052,4.908738521234052,0.1,1.0,0.6,0.6 g/cm^3,33.68421052631579,3600.0,9.35672514619883,15.594541910331383,derived_from_throughput,0.19855587442263745,1.9855587442263745,5.0,0.9927793721131872,9.927793721131872,0.3971117488452749,2.481948430282968,7.39068695151702,0.49087385212340523,0.49087385212340523,0.2481948430282968,0.739068695151702,0.2945243112740431,294.5243112740431,0.14891690581697808,148.91690581697807,0.4434412170910212,443.4412170910212,443.4412170910212,2.923976608187134,2923.976608187134,1.4726215563702154,1472.6215563702153,1.4726215563702154,1472.6215563702153,unique_exposed_swept_capsule_mass,throughput_acquisition_density
E,10.0,78.53981633974483,2.5,4.908738521234052,4.908738521234052,0.1,1.0,0.6,0.6 g/cm^3,38.421052631578945,3600.0,10.67251461988304,17.787524366471736,derived_from_throughput,0.22647779426332085,2.2647779426332084,1.0,0.22647779426332085,2.2647779426332084,0.09059111770532834,0.5661944856583021,5.474933006892354,0.49087385212340523,0.49087385212340523,0.05661944856583021,0.5474933006892354,0.2945243112740431,294.5243112740431,0.033971669139498124,33.971669139498125,0.3284959804135412,328.49598041354125,328.49598041354125,0.66703216374269,667.03216374269,0.2945243112740431,294.5243112740431,0.2945243112740431,294.5243112740431,unique_exposed_swept_capsule_mass,throughput_acquisition_density
E,10.0,78.53981633974483,2.5,4.908738521234052,4.908738521234052,0.1,1.0,0.6,0.6 g/cm^3,38.421052631578945,3600.0,10.67251461988304,17.787524366471736,derived_from_throughput,0.22647779426332085,2.2647779426332084,1.2105263157894737,0.2741573298977042,2.741573298977042,0.10966293195908168,0.6853933247442605,5.594131845978312,0.49087385212340523,0.49087385212340523,0.06853933247442605,0.5594131845978313,0.2945243112740431,294.5243112740431,0.041123599484655625,41.12359948465563,0.33564791075869876,335.64791075869874,335.64791075869874,0.8074599876885195,807.4599876885195,0.35652942943699956,356.5294294369996,0.35652942943699956,356.5294294369996,unique_exposed_swept_capsule_mass,throughput_acquisition_density
E,10.0,78.53981633974483,2.5,4.908738521234052,4.908738521234052,0.1,1.0,0.6,0.6 g/cm^3,38.421052631578945,3600.0,10.67251461988304,17.787524366471736,derived_from_throughput,0.22647779426332085,2.2647779426332084,1.4210526315789473,0.3218368655320875,3.2183686553208752,0.128734746212835,0.8045921638302188,5.713330685064271,0.49087385212340523,0.49087385212340523,0.08045921638302189,0.5713330685064272,0.2945243112740431,294.5243112740431,0.04827552982981313,48.27552982981313,0.3427998411038563,342.7998411038563,342.7998411038563,0.947887811634349,947.887811634349,0.418534547599956,418.534547599956,0.418534547599956,418.534547599956,unique_exposed_swept_capsule_mass,throughput_acquisition_density
E,10.0,78.53981633974483,2.5,4.908738521234052,4.908738521234052,0.1,1.0,0.6,0.6 g/cm^3,38.421052631578945,3600.0,10.67251461988304,17.787524366471736,derived_from_throughput,0.22647779426332085,2.2647779426332084,1.631578947368421,0.36951640116647083,3.6951640116647084,0.14780656046658833,0.9237910029161771,5.832529524150229,0.49087385212340523,0.49087385212340523,0.09237910029161772,0.583252952415023,0.2945243112740431,294.5243112740431,0.05542746017497063,55.42746017497063,0.34995177144901374,349.95177144901373,349.95177144901373,1.0883156355801784,1088.3156355801784,0.4805396657629124,480.5396657629124,0.4805396657629124,480.5396657629124,unique_exposed_swept_capsule_mass,throughput_acquisition_density
E,10.0,78.53981633974483,2.5,4.908738521234052,4.908738521234052,0.1,1.0,0.6,0.6 g/cm^3,38.421052631578945,3600.0,10.67251461988304,17.787524366471736,derived_from_throughput,0.22647779426332085,2.2647779426332084,1.8421052631578947,0.4171959368008542,4.171959368008542,0.16687837472034167,1.0429898420021355,5.951728363236187,0.49087385212340523,0.49087385212340523,0.10429898420021355,0.5951728363236187,0.2945243112740431,294.5243112740431,0.06257939052012813,62.579390520128136,0.3571037017941712,357.10370179417123,357.10370179417123,1.2287434595260078,1228.7434595260079,0.5425447839258689,542.544783925869,0.5425447839258689,542.544783925869,unique_exposed_swept_capsule_mass,throughput_acquisition_density
E,10.0,78.53981633974483,2.5,4.908738521234052,4.908738521234052,0.1,1.0,0.6,0.6 g/cm^3,38.421052631578945,3600.0,10.67251461988304,17.787524366471736,derived_from_throughput,0.22647779426332085,2.2647779426332084,2.052631578947368,0.46487547243523747,4.648754724352375,0.185950188974095,1.1621886810880937,6.070927202322146,0.49087385212340523,0.49087385212340523,0.11621886810880938,0.6070927202322146,0.2945243112740431,294.5243112740431,0.06973132086528562,69.73132086528562,0.36425563213932877,364.2556321393288,364.2556321393288,1.3691712834718373,1369.1712834718373,0.6045499020888252,604.5499020888252,0.6045499020888252,604.5499020888252,unique_exposed_swept_capsule_mass,throughput_acquisition_density
E,10.0,78.53981633974483,2.5,4.908738521234052,4.908738521234052,0.1,1.0,0.6,0.6 g/cm^3,38.421052631578945,3600.0,10.67251461988304,17.787524366471736,derived_from_throughput,0.22647779426332085,2.2647779426332084,2.263157894736842,0.5125550080696208,5.125550080696208,0.20502200322784833,1.281387520174052,6.190126041408104,0.49087385212340523,0.49087385212340523,0.1281387520174052,0.6190126041408104,0.2945243112740431,294.5243112740431,0.07688325121044312,76.88325121044312,0.3714075624844862,371.4075624844862,371.4075624844862,1.509599107417667,1509.5991074176668,0.6665550202517817,666.5550202517817,0.6665550202517817,666.5550202517817,unique_exposed_swept_capsule_mass,throughput_acquisition_density
E,10.0,78.53981633974483,2.5,4.908738521234052,4.908738521234052,0.1,1.0,0.6,0.6 g/cm^3,38.421052631578945,3600.0,10.67251461988304,17.787524366471736,derived_from_throughput,0.22647779426332085,2.2647779426332084,2.473684210526316,0.5602345437040043,5.602345437040043,0.2240938174816017,1.4005863592600107,6.309324880494063,0.49087385212340523,0.49087385212340523,0.14005863592600107,0.6309324880494063,0.2945243112740431,294.5243112740431,0.08403518155560064,84.03518155560063,0.37855949282964374,378.5594928296437,378.5594928296437,1.6500269313634965,1650.0269313634965,0.7285601384147382,728.5601384147382,0.7285601384147382,728.5601384147382,unique_exposed_swept_capsule_mass,throughput_acquisition_density
E,10.0,78.53981633974483,2.5,4.908738521234052,4.908738521234052,0.1,1.0,0.6,0.6 g/cm^3,38.421052631578945,3600.0,10.67251461988304,17.787524366471736,derived_from_throughput,0.22647779426332085,2.2647779426332084,2.6842105263157894,0.6079140793383875,6.079140793383875,0.243165631735355,1.5197851983459687,6.428523719580021,0.49087385212340523,0.49087385212340523,0.15197851983459687,0.6428523719580022,0.2945243112740431,294.5243112740431,0.09118711190075812,91.18711190075813,0.3857114231748013,385.71142317480127,385.71142317480127,1.7904547553093257,1790.4547553093257,0.7905652565776946,790.5652565776946,0.7905652565776946,790.5652565776946,unique_exposed_swept_capsule_mass,throughput_acquisition_density
E,10.0,78.53981633974483,2.5,4.908738521234052,4.908738521234052,0.1,1.0,0.6,0.6 g/cm^3,38.421052631578945,3600.0,10.67251461988304,17.787524366471736,derived_from_throughput,0.22647779426332085,2.2647779426332084,2.894736842105263,0.6555936149727708,6.555936149727708,0.2622374459891083,1.638984037431927,6.5477225586659795,0.49087385212340523,0.49087385212340523,0.16389840374319273,0.654772255866598,0.2945243112740431,294.5243112740431,0.09833904224591564,98.33904224591564,0.3928633535199588,392.8633535199588,392.8633535199588,1.9308825792551552,1930.8825792551552,0.852570374740651,852.570374740651,0.852570374740651,852.570374740651,unique_exposed_swept_capsule_mass,throughput_acquisition_density
E,10.0,78.53981633974483,2.5,4.908738521234052,4.908738521234052,0.1,1.0,0.6,0.6 g/cm^3,38.421052631578945,3600.0,10.67251461988304,17.787524366471736,derived_from_throughput,0.22647779426332085,2.2647779426332084,3.1052631578947367,0.7032731506071542,7.032731506071542,0.2813092602428617,1.7581828765178855,6.6669213977519375,0.49087385212340523,0.49087385212340523,0.17581828765178856,0.6666921397751938,0.2945243112740431,294.5243112740431,0.10549097259107314,105.49097259107313,0.40001528386511626,400.01528386511626,400.01528386511626,2.0713104032009846,2071.3104032009846,0.9145754929036075,914.5754929036075,0.9145754929036075,914.5754929036075,unique_exposed_swept_capsule_mass,throughput_acquisition_density
E,10.0,78.53981633974483,2.5,4.908738521234052,4.908738521234052,0.1,1.0,0.6,0.6 g/cm^3,38.421052631578945,3600.0,10.67251461988304,17.787524366471736,derived_from_throughput,0.22647779426332085,2.2647779426332084,3.3157894736842106,0.7509526862415375,7.509526862415376,0.300381074496615,1.877381715603844,6.7861202368378954,0.49087385212340523,0.49087385212340523,0.18773817156038441,0.6786120236837896,0.2945243112740431,294.5243112740431,0.11264290293623064,112.64290293623064,0.40716721421027374,407.16721421027376,407.16721421027376,2.2117382271468142,2211.738227146814,0.976580611066564,976.5806110665641,0.976580611066564,976.5806110665641,unique_exposed_swept_capsule_mass,throughput_acquisition_density
E,10.0,78.53981633974483,2.5,4.908738521234052,4.908738521234052,0.1,1.0,0.6,0.6 g/cm^3,38.421052631578945,3600.0,10.67251461988304,17.787524366471736,derived_from_throughput,0.22647779426332085,2.2647779426332084,3.526315789473684,0.7986322218759209,7.9863222187592084,0.31945288875036837,1.9965805546898021,6.905319075923854,0.49087385212340523,0.49087385212340523,0.19965805546898022,0.6905319075923855,0.2945243112740431,294.5243112740431,0.11979483328138812,119.79483328138812,0.4143191445554313,414.3191445554313,414.3191445554313,2.352166051092644,2352.166051092644,1.0385857292295204,1038.5857292295204,1.0385857292295204,1038.5857292295204,unique_exposed_swept_capsule_mass,throughput_acquisition_density
E,10.0,78.53981633974483,2.5,4.908738521234052,4.908738521234052,0.1,1.0,0.6,0.6 g/cm^3,38.421052631578945,3600.0,10.67251461988304,17.787524366471736,derived_from_throughput,0.22647779426332085,2.2647779426332084,3.7368421052631575,0.8463117575103042,8.463117575103041,0.3385247030041217,2.1157793937757603,7.024517915009812,0.49087385212340523,0.49087385212340523,0.21157793937757605,0.7024517915009812,0.2945243112740431,294.5243112740431,0.1269467636265456,126.94676362654562,0.4214710749005887,421.4710749005887,421.4710749005887,2.492593875038473,2492.593875038473,1.1005908473924768,1100.590847392477,1.1005908473924768,1100.590847392477,unique_exposed_swept_capsule_mass,throughput_acquisition_density
E,10.0,78.53981633974483,2.5,4.908738521234052,4.908738521234052,0.1,1.0,0.6,0.6 g/cm^3,38.421052631578945,3600.0,10.67251461988304,17.787524366471736,derived_from_throughput,0.22647779426332085,2.2647779426332084,3.9473684210526314,0.8939912931446875,8.939912931446875,0.357596517257875,2.2349782328617187,7.14371675409577,0.49087385212340523,0.49087385212340523,0.22349782328617188,0.714371675409577,0.2945243112740431,294.5243112740431,0.13409869397170313,134.0986939717031,0.4286230052457462,428.6230052457462,428.6230052457462,2.6330216989843027,2633.021698984303,1.1625959655554332,1162.5959655554332,1.1625959655554332,1162.5959655554332,unique_exposed_swept_capsule_mass,throughput_acquisition_density
E,10.0,78.53981633974483,2.5,4.908738521234052,4.908738521234052,0.1,1.0,0.6,0.6 g/cm^3,38.421052631578945,3600.0,10.67251461988304,17.787524366471736,derived_from_throughput,0.22647779426332085,2.2647779426332084,4.157894736842105,0.9416708287790709,9.416708287790708,0.3766683315116284,2.354177071947677,7.262915593181729,0.49087385212340523,0.49087385212340523,0.23541770719476773,0.7262915593181729,0.2945243112740431,294.5243112740431,0.14125062431686064,141.25062431686064,0.43577493559090374,435.77493559090374,435.77493559090374,2.7734495229301324,2773.4495229301324,1.2246010837183898,1224.6010837183899,1.2246010837183898,1224.6010837183899,unique_exposed_swept_capsule_mass,throughput_acquisition_density
E,10.0,78.53981633974483,2.5,4.908738521234052,4.908738521234052,0.1,1.0,0.6,0.6 g/cm^3,38.421052631578945,3600.0,10.67251461988304,17.787524366471736,derived_from_throughput,0.22647779426332085,2.2647779426332084,4.368421052631579,0.9893503644134541,9.893503644134542,0.39574014576538163,2.4733759110336355,7.382114432267688,0.49087385212340523,0.49087385212340523,0.24733759110336356,0.7382114432267688,0.2945243112740431,294.5243112740431,0.14840255466201813,148.40255466201813,0.4429268659360613,442.9268659360613,442.9268659360613,2.9138773468759616,2913.8773468759614,1.2866062018813462,1286.6062018813461,1.2866062018813462,1286.6062018813461,unique_exposed_swept_capsule_mass,throughput_acquisition_density
E,10.0,78.53981633974483,2.5,4.908738521234052,4.908738521234052,0.1,1.0,0.6,0.6 g/cm^3,38.421052631578945,3600.0,10.67251461988304,17.787524366471736,derived_from_throughput,0.22647779426332085,2.2647779426332084,4.578947368421052,1.0370299000478376,10.370299000478376,0.414811960019135,2.592574750119594,7.501313271353646,0.49087385212340523,0.49087385212340523,0.2592574750119594,0.7501313271353647,0.2945243112740431,294.5243112740431,0.15555448500717564,155.55448500717563,0.4500787962812188,450.0787962812188,450.0787962812188,3.0543051708217908,3054.305170821791,1.3486113200443026,1348.6113200443026,1.3486113200443026,1348.6113200443026,unique_exposed_swept_capsule_mass,throughput_acquisition_density
E,10.0,78.53981633974483,2.5,4.908738521234052,4.908738521234052,0.1,1.0,0.6,0.6 g/cm^3,38.421052631578945,3600.0,10.67251461988304,17.787524366471736,derived_from_throughput,0.22647779426332085,2.2647779426332084,4.789473684210526,1.0847094356822207,10.847094356822208,0.43388377427288827,2.711773589205552,7.620512110439604,0.49087385212340523,0.49087385212340523,0.2711773589205552,0.7620512110439605,0.2945243112740431,294.5243112740431,0.16270641535233313,162.70641535233312,0.45723072662637626,457.2307266263763,457.2307266263763,3.1947329947676204,3194.7329947676203,1.4106164382072588,1410.6164382072589,1.4106164382072588,1410.6164382072589,unique_exposed_swept_capsule_mass,throughput_acquisition_density
E,10.0,78.53981633974483,2.5,4.908738521234052,4.908738521234052,0.1,1.0,0.6,0.6 g/cm^3,38.421052631578945,3600.0,10.67251461988304,17.787524366471736,derived_from_throughput,0.22647779426332085,2.2647779426332084,5.0,1.1323889713166042,11.323889713166043,0.4529555885266417,2.8309724282915107,7.739710949525563,0.49087385212340523,0.49087385212340523,0.2830972428291511,0.7739710949525563,0.2945243112740431,294.5243112740431,0.16985834569749067,169.85834569749068,0.4643826569715338,464.3826569715338,464.3826569715338,3.33516081871345,3335.16081871345,1.4726215563702154,1472.6215563702153,1.4726215563702154,1472.6215563702153,unique_exposed_swept_capsule_mass,throughput_acquisition_density
E,10.0,78.53981633974483,2.5,4.908738521234052,4.908738521234052,0.1,1.0,0.6,0.6 g/cm^3,43.1578947368421,3600.0,11.98830409356725,19.98050682261208,derived_from_throughput,0.2543997141040042,2.543997141040042,1.0,0.2543997141040042,2.543997141040042,0.10175988564160168,0.6359992852600105,5.544737806494062,0.49087385212340523,0.49087385212340523,0.06359992852600105,0.5544737806494062,0.2945243112740431,294.5243112740431,0.03815995711560063,38.159957115600626,0.3326842683896437,332.6842683896437,332.6842683896437,0.7492690058479531,749.269005847953,0.2945243112740431,294.5243112740431,0.2945243112740431,294.5243112740431,unique_exposed_swept_capsule_mass,throughput_acquisition_density
E,10.0,78.53981633974483,2.5,4.908738521234052,4.908738521234052,0.1,1.0,0.6,0.6 g/cm^3,43.1578947368421,3600.0,11.98830409356725,19.98050682261208,derived_from_throughput,0.2543997141040042,2.543997141040042,1.2105263157894737,0.3079575486522156,3.079575486522156,0.12318301946088624,0.769893871630539,5.678632392864591,0.49087385212340523,0.49087385212340523,0.07698938716305391,0.5678632392864591,0.2945243112740431,294.5243112740431,0.04619363229783235,46.193632297832345,0.34071794357187546,340.7179435718755,340.7179435718755,0.9070098491843642,907.0098491843643,0.35652942943699956,356.5294294369996,0.35652942943699956,356.5294294369996,unique_exposed_swept_capsule_mass,throughput_acquisition_density
E,10.0,78.53981633974483,2.5,4.908738521234052,4.908738521234052,0.1,1.0,0.6,0.6 g/cm^3,43.1578947368421,3600.0,11.98830409356725,19.98050682261208,derived_from_throughput,0.2543997141040042,2.543997141040042,1.4210526315789473,0.36151538320042703,3.61515383200427,0.14460615328017082,0.9037884580010676,5.81252697923512,0.49087385212340523,0.49087385212340523,0.09037884580010676,0.581252697923512,0.2945243112740431,294.5243112740431,0.05422730748006405,54.227307480064056,0.34875161875410715,348.75161875410714,348.75161875410714,1.0647506925207755,1064.7506925207754,0.418534547599956,418.534547599956,0.418534547599956,418.534547599956,unique_exposed_swept_capsule_mass,throughput_acquisition_density
E,10.0,78.53981633974483,2.5,4.908738521234052,4.908738521234052,0.1,1.0,0.6,0.6 g/cm^3,43.1578947368421,3600.0,11.98830409356725,19.98050682261208,derived_from_throughput,0.2543997141040042,2.543997141040042,1.631578947368421,0.4150732177486384,4.150732177486384,0.16602928709945536,1.037683044371596,5.9464215656056485,0.49087385212340523,0.49087385212340523,0.10376830443715962,0.5946421565605648,0.2945243112740431,294.5243112740431,0.062260982662295766,62.26098266229577,0.3567852939363389,356.7852939363389,356.7852939363389,1.2224915358571866,1222.4915358571866,0.4805396657629124,480.5396657629124,0.4805396657629124,480.5396657629124,unique_exposed_swept_capsule_mass,throughput_acquisition_density
E,10.0,78.53981633974483,2.5,4.908738521234052,4.908738521234052,0.1,1.0,0.6,0.6 g/cm^3,43.1578947368421,3600.0,11.98830409356725,19.98050682261208,derived_from_throughput,0.2543997141040042,2.543997141040042,1.8421052631578947,0.4686310522968498,4.6863105229684985,0.18745242091873993,1.1715776307421246,6.080316151976176,0.49087385212340523,0.49087385212340523,0.11715776307421247,0.6080316151976177,0.2945243112740431,294.5243112740431,0.07029465784452747,70.29465784452748,0.36481896911857065,364.81896911857064,364.81896911857064,1.3802323791935978,1380.2323791935978,0.5425447839258689,542.544783925869,0.5425447839258689,542.544783925869,unique_exposed_swept_capsule_mass,throughput_acquisition_density
E,10.0,78.53981633974483,2.5,4.908738521234052,4.908738521234052,0.1,1.0,0.6,0.6 g/cm^3,43.1578947368421,3600.0,11.98830409356725,19.98050682261208,derived_from_throughput,0.2543997141040042,2.543997141040042,2.052631578947368,0.5221888868450612,5.221888868450612,0.20887555473802447,1.305472217112653,6.214210738346705,0.49087385212340523,0.49087385212340523,0.1305472217112653,0.6214210738346706,0.2945243112740431,294.5243112740431,0.07832833302675916,78.32833302675917,0.37285264430080234,372.85264430080235,372.85264430080235,1.5379732225300087,1537.9732225300086,0.6045499020888252,604.5499020888252,0.6045499020888252,604.5499020888252,unique_exposed_swept_capsule_mass,throughput_acquisition_density
E,10.0,78.53981633974483,2.5,4.908738521234052,4.908738521234052,0.1,1.0,0.6,0.6 g/cm^3,43.1578947368421,3600.0,11.98830409356725,19.98050682261208,derived_from_throughput,0.2543997141040042,2.543997141040042,2.263157894736842,0.5757467213932727,5.757467213932727,0.23029868855730906,1.4393668034831817,6.348105324717234,0.49087385212340523,0.49087385212340523,0.14393668034831816,0.6348105324717235,0.2945243112740431,294.5243112740431,0.0863620082089909,86.3620082089909,0.3808863194830341,380.8863194830341,380.8863194830341,1.69571406586642,1695.71406586642,0.6665550202517817,666.5550202517817,0.6665550202517817,666.5550202517817,unique_exposed_swept_capsule_mass,throughput_acquisition_density
E,10.0,78.53981633974483,2.5,4.908738521234052,4.908738521234052,0.1,1.0,0.6,0.6 g/cm^3,43.1578947368421,3600.0,11.98830409356725,19.98050682261208,derived_from_throughput,0.2543997141040042,2.543997141040042,2.473684210526316,0.629304555941484,6.293045559414841,0.25172182237659363,1.5732613898537102,6.481999911087762,0.49087385212340523,0.49087385212340523,0.15732613898537104,0.6481999911087762,0.2945243112740431,294.5243112740431,0.09439568339122262,94.39568339122262,0.3889199946652657,388.91999466526573,388.91999466526573,1.8534549092028314,1853.4549092028315,0.7285601384147382,728.5601384147382,0.7285601384147382,728.5601384147382,unique_exposed_swept_capsule_mass,throughput_acquisition_density
E,10.0,78.53981633974483,2.5,4.908738521234052,4.908738521234052,0.1,1.0,0.6,0.6 g/cm^3,43.1578947368421,3600.0,11.98830409356725,19.98050682261208,derived_from_throughput,0.2543997141040042,2.543997141040042,2.6842105263157894,0.6828623904896954,6.828623904896954,0.2731449561958782,1.7071559762242385,6.6158944974582905,0.49087385212340523,0.49087385212340523,0.17071559762242386,0.6615894497458291,0.2945243112740431,294.5243112740431,0.10242935857345431,102.42935857345431,0.39695366984749747,396.95366984749745,396.95366984749745,2.0111957525392423,2011.1957525392422,0.7905652565776946,790.5652565776946,0.7905652565776946,790.5652565776946,unique_exposed_swept_capsule_mass,throughput_acquisition_density
E,10.0,78.53981633974483,2.5,4.908738521234052,4.908738521234052,0.1,1.0,0.6,0.6 g/cm^3,43.1578947368421,3600.0,11.98830409356725,19.98050682261208,derived_from_throughput,0.2543997141040042,2.543997141040042,2.894736842105263,0.7364202250379068,7.364202250379068,0.2945680900151627,1.841050562594767,6.749789083828819,0.49087385212340523,0.49087385212340523,0.1841050562594767,0.674978908382882,0.2945243112740431,294.5243112740431,0.11046303375568602,110.46303375568601,0.40498734502972916,404.98734502972917,404.98734502972917,2.1689365958756532,2168.9365958756534,0.852570374740651,852.570374740651,0.852570374740651,852.570374740651,unique_exposed_swept_capsule_mass,throughput_acquisition_density
E,10.0,78.53981633974483,2.5,4.908738521234052,4.908738521234052,0.1,1.0,0.6,0.6 g/cm^3,43.1578947368421,3600.0,11.98830409356725,19.98050682261208,derived_from_throughput,0.2543997141040042,2.543997141040042,3.1052631578947367,0.7899780595861182,7.899780595861182,0.3159912238344473,1.9749451489652956,6.883683670199348,0.49087385212340523,0.49087385212340523,0.19749451489652958,0.6883683670199349,0.2945243112740431,294.5243112740431,0.11849670893791775,118.49670893791775,0.4130210202119609,413.0210202119609,413.0210202119609,2.3266774392120646,2326.6774392120647,0.9145754929036075,914.5754929036075,0.9145754929036075,914.5754929036075,unique_exposed_swept_capsule_mass,throughput_acquisition_density
E,10.0,78.53981633974483,2.5,4.908738521234052,4.908738521234052,0.1,1.0,0.6,0.6 g/cm^3,43.1578947368421,3600.0,11.98830409356725,19.98050682261208,derived_from_throughput,0.2543997141040042,2.543997141040042,3.3157894736842106,0.8435358941343297,8.435358941343297,0.3374143576537319,2.1088397353358244,7.017578256569877,0.49087385212340523,0.49087385212340523,0.21088397353358246,0.7017578256569877,0.2945243112740431,294.5243112740431,0.12653038412014947,126.53038412014946,0.42105469539419266,421.05469539419266,421.05469539419266,2.484418282548476,2484.418282548476,0.976580611066564,976.5806110665641,0.976580611066564,976.5806110665641,unique_exposed_swept_capsule_mass,throughput_acquisition_density
E,10.0,78.53981633974483,2.5,4.908738521234052,4.908738521234052,0.1,1.0,0.6,0.6 g/cm^3,43.1578947368421,3600.0,11.98830409356725,19.98050682261208,derived_from_throughput,0.2543997141040042,2.543997141040042,3.526315789473684,0.8970937286825411,8.97093728682541,0.35883749147301647,2.2427343217063527,7.151472842940405,0.49087385212340523,0.49087385212340523,0.22427343217063528,0.7151472842940405,0.2945243112740431,294.5243112740431,0.13456405930238116,134.56405930238117,0.4290883705764243,429.08837057642427,429.08837057642427,2.642159125884887,2642.159125884887,1.0385857292295204,1038.5857292295204,1.0385857292295204,1038.5857292295204,unique_exposed_swept_capsule_mass,throughput_acquisition_density
E,10.0,78.53981633974483,2.5,4.908738521234052,4.908738521234052,0.1,1.0,0.6,0.6 g/cm^3,43.1578947368421,3600.0,11.98830409356725,19.98050682261208,derived_from_throughput,0.2543997141040042,2.543997141040042,3.7368421052631575,0.9506515632307524,9.506515632307524,0.380260625292301,2.376628908076881,7.2853674293109325,0.49087385212340523,0.49087385212340523,0.2376628908076881,0.7285367429310933,0.2945243112740431,294.5243112740431,0.14259773448461285,142.59773448461286,0.43712204575865593,437.12204575865593,437.12204575865593,2.7998999692212982,2799.8999692212983,1.1005908473924768,1100.590847392477,1.1005908473924768,1100.590847392477,unique_exposed_swept_capsule_mass,throughput_acquisition_density
E,10.0,78.53981633974483,2.5,4.908738521234052,4.908738521234052,0.1,1.0,0.6,0.6 g/cm^3,43.1578947368421,3600.0,11.98830409356725,19.98050682261208,derived_from_throughput,0.2543997141040042,2.543997141040042,3.9473684210526314,1.004209397778964,10.042093977789639,0.40168375911158555,2.5105234944474097,7.419262015681461,0.49087385212340523,0.49087385212340523,0.251052349444741,0.7419262015681461,0.2945243112740431,294.5243112740431,0.15063140966684457,150.63140966684458,0.4451557209408877,445.1557209408877,445.1557209408877,2.9576408125577096,2957.6408125577095,1.1625959655554332,1162.5959655554332,1.1625959655554332,1162.5959655554332,unique_exposed_swept_capsule_mass,throughput_acquisition_density
E,10.0,78.53981633974483,2.5,4.908738521234052,4.908738521234052,0.1,1.0,0.6,0.6 g/cm^3,43.1578947368421,3600.0,11.98830409356725,19.98050682261208,derived_from_throughput,0.2543997141040042,2.543997141040042,4.157894736842105,1.0577672323271754,10.577672323271754,0.42310689293087017,2.6444180808179385,7.55315660205199,0.49087385212340523,0.49087385212340523,0.26444180808179385,0.755315660205199,0.2945243112740431,294.5243112740431,0.1586650848490763,158.6650848490763,0.45318939612311937,453.18939612311937,453.18939612311937,3.115381655894121,3115.381655894121,1.2246010837183898,1224.6010837183899,1.2246010837183898,1224.6010837183899,unique_exposed_swept_capsule_mass,throughput_acquisition_density
E,10.0,78.53981633974483,2.5,4.908738521234052,4.908738521234052,0.1,1.0,0.6,0.6 g/cm^3,43.1578947368421,3600.0,11.98830409356725,19.98050682261208,derived_from_throughput,0.2543997141040042,2.543997141040042,4.368421052631579,1.1113250668753867,11.113250668753867,0.4445300267501547,2.778312667188467,7.687051188422519,0.49087385212340523,0.49087385212340523,0.27783126671884667,0.7687051188422519,0.2945243112740431,294.5243112740431,0.16669876003130799,166.69876003130798,0.4612230713053511,461.22307130535114,461.22307130535114,3.273122499230532,3273.122499230532,1.2866062018813462,1286.6062018813461,1.2866062018813462,1286.6062018813461,unique_exposed_swept_capsule_mass,throughput_acquisition_density
E,10.0,78.53981633974483,2.5,4.908738521234052,4.908738521234052,0.1,1.0,0.6,0.6 g/cm^3,43.1578947368421,3600.0,11.98830409356725,19.98050682261208,derived_from_throughput,0.2543997141040042,2.543997141040042,4.578947368421052,1.164882901423598,11.648829014235979,0.4659531605694392,2.9122072535589947,7.820945774793047,0.49087385212340523,0.49087385212340523,0.2912207253558995,0.7820945774793047,0.2945243112740431,294.5243112740431,0.17473243521353968,174.73243521353967,0.46925674648758275,469.25674648758275,469.25674648758275,3.430863342566943,3430.8633425669427,1.3486113200443026,1348.6113200443026,1.3486113200443026,1348.6113200443026,unique_exposed_swept_capsule_mass,throughput_acquisition_density
E,10.0,78.53981633974483,2.5,4.908738521234052,4.908738521234052,0.1,1.0,0.6,0.6 g/cm^3,43.1578947368421,3600.0,11.98830409356725,19.98050682261208,derived_from_throughput,0.2543997141040042,2.543997141040042,4.789473684210526,1.2184407359718095,12.184407359718094,0.48737629438872376,3.0461018399295234,7.954840361163575,0.49087385212340523,0.49087385212340523,0.30461018399295237,0.7954840361163575,0.2945243112740431,294.5243112740431,0.18276611039577143,182.76611039577142,0.4772904216698145,477.2904216698145,477.2904216698145,3.5886041859033537,3588.604185903354,1.4106164382072588,1410.6164382072589,1.4106164382072588,1410.6164382072589,unique_exposed_swept_capsule_mass,throughput_acquisition_density
E,10.0,78.53981633974483,2.5,4.908738521234052,4.908738521234052,0.1,1.0,0.6,0.6 g/cm^3,43.1578947368421,3600.0,11.98830409356725,19.98050682261208,derived_from_throughput,0.2543997141040042,2.543997141040042,5.0,1.271998570520021,12.719985705200209,0.5087994282080084,3.179996426300052,8.088734947534103,0.49087385212340523,0.49087385212340523,0.31799964263000524,0.8088734947534104,0.2945243112740431,294.5243112740431,0.19079978557800314,190.79978557800314,0.48532409685204625,485.32409685204624,485.32409685204624,3.7463450292397655,3746.3450292397656,1.4726215563702154,1472.6215563702153,1.4726215563702154,1472.6215563702153,unique_exposed_swept_capsule_mass,throughput_acquisition_density
E,10.0,78.53981633974483,2.5,4.908738521234052,4.908738521234052,0.1,1.0,0.6,0.6 g/cm^3,47.89473684210526,3600.0,13.304093567251462,22.173489278752438,derived_from_throughput,0.2823216339446876,2.8232163394468763,1.0,0.2823216339446876,2.8232163394468763,0.11292865357787504,0.7058040848617191,5.614542606095771,0.49087385212340523,0.49087385212340523,0.0705804084861719,0.5614542606095771,0.2945243112740431,294.5243112740431,0.042348245091703145,42.34824509170314,0.33687255636574626,336.8725563657463,336.8725563657463,0.8315058479532164,831.5058479532164,0.2945243112740431,294.5243112740431,0.2945243112740431,294.5243112740431,unique_exposed_swept_capsule_mass,throughput_acquisition_density
E,10.0,78.53981633974483,2.5,4.908738521234052,4.908738521234052,0.1,1.0,0.6,0.6 g/cm^3,47.89473684210526,3600.0,13.304093567251462,22.173489278752438,derived_from_throughput,0.2823216339446876,2.8232163394468763,1.2105263157894737,0.34175776740672714,3.4175776740672714,0.13670310696269086,0.8543944185168179,5.76313293975087,0.49087385212340523,0.49087385212340523,0.08543944185168179,0.576313293975087,0.2945243112740431,294.5243112740431,0.05126366511100907,51.26366511100907,0.3457879763850522,345.7879763850522,345.7879763850522,1.0065597106802093,1006.5597106802094,0.35652942943699956,356.5294294369996,0.35652942943699956,356.5294294369996,unique_exposed_swept_capsule_mass,throughput_acquisition_density
E,10.0,78.53981633974483,2.5,4.908738521234052,4.908738521234052,0.1,1.0,0.6,0.6 g/cm^3,47.89473684210526,3600.0,13.304093567251462,22.173489278752438,derived_from_throughput,0.2823216339446876,2.8232163394468763,1.4210526315789473,0.4011939008687666,4.011939008687666,0.16047756034750665,1.0029847521719164,5.911723273405968,0.49087385212340523,0.49087385212340523,0.10029847521719165,0.5911723273405969,0.2945243112740431,294.5243112740431,0.06017908513031499,60.17908513031499,0.3547033964043581,354.7033964043581,354.7033964043581,1.1816135734072022,1181.6135734072022,0.418534547599956,418.534547599956,0.418534547599956,418.534547599956,unique_exposed_swept_capsule_mass,throughput_acquisition_density
E,10.0,78.53981633974483,2.5,4.908738521234052,4.908738521234052,0.1,1.0,0.6,0.6 g/cm^3,47.89473684210526,3600.0,13.304093567251462,22.173489278752438,derived_from_throughput,0.2823216339446876,2.8232163394468763,1.631578947368421,0.4606300343308061,4.606300343308061,0.18425201373232244,1.1515750858270153,6.060313607061067,0.49087385212340523,0.49087385212340523,0.11515750858270153,0.6060313607061067,0.2945243112740431,294.5243112740431,0.06909450514962091,69.09450514962091,0.36361881642366406,363.61881642366404,363.61881642366404,1.356667436134195,1356.667436134195,0.4805396657629124,480.5396657629124,0.4805396657629124,480.5396657629124,unique_exposed_swept_capsule_mass,throughput_acquisition_density
E,10.0,78.53981633974483,2.5,4.908738521234052,4.908738521234052,0.1,1.0,0.6,0.6 g/cm^3,47.89473684210526,3600.0,13.304093567251462,22.173489278752438,derived_from_throughput,0.2823216339446876,2.8232163394468763,1.8421052631578947,0.5200661677928456,5.200661677928457,0.20802646711713826,1.3001654194821142,6.208903940716166,0.49087385212340523,0.49087385212340523,0.1300165419482114,0.6208903940716166,0.2945243112740431,294.5243112740431,0.07800992516892684,78.00992516892684,0.37253423644296996,372.53423644297,372.53423644297,1.531721298861188,1531.721298861188,0.5425447839258689,542.544783925869,0.5425447839258689,542.544783925869,unique_exposed_swept_capsule_mass,throughput_acquisition_density
E,10.0,78.53981633974483,2.5,4.908738521234052,4.908738521234052,0.1,1.0,0.6,0.6 g/cm^3,47.89473684210526,3600.0,13.304093567251462,22.173489278752438,derived_from_throughput,0.2823216339446876,2.8232163394468763,2.052631578947368,0.579502301254885,5.7950230125488496,0.231800920501954,1.4487557531372124,6.357494274371264,0.49087385212340523,0.49087385212340523,0.14487557531372125,0.6357494274371265,0.2945243112740431,294.5243112740431,0.08692534518823275,86.92534518823275,0.38144965646227585,381.44965646227587,381.44965646227587,1.7067751615881808,1706.7751615881807,0.6045499020888252,604.5499020888252,0.6045499020888252,604.5499020888252,unique_exposed_swept_capsule_mass,throughput_acquisition_density
E,10.0,78.53981633974483,2.5,4.908738521234052,4.908738521234052,0.1,1.0,0.6,0.6 g/cm^3,47.89473684210526,3600.0,13.304093567251462,22.173489278752438,derived_from_throughput,0.2823216339446876,2.8232163394468763,2.263157894736842,0.6389384347169246,6.389384347169246,0.2555753738867698,1.5973460867923115,6.506084608026363,0.49087385212340523,0.49087385212340523,0.15973460867923117,0.6506084608026363,0.2945243112740431,294.5243112740431,0.0958407652075387,95.84076520753871,0.3903650764815818,390.3650764815818,390.3650764815818,1.8818290243151738,1881.829024315174,0.6665550202517817,666.5550202517817,0.6665550202517817,666.5550202517817,unique_exposed_swept_capsule_mass,throughput_acquisition_density
E,10.0,78.53981633974483,2.5,4.908738521234052,4.908738521234052,0.1,1.0,0.6,0.6 g/cm^3,47.89473684210526,3600.0,13.304093567251462,22.173489278752438,derived_from_throughput,0.2823216339446876,2.8232163394468763,2.473684210526316,0.6983745681789642,6.9837456817896415,0.27934982727158564,1.7459364204474104,6.654674941681463,0.49087385212340523,0.49087385212340523,0.17459364204474104,0.6654674941681463,0.2945243112740431,294.5243112740431,0.10475618522684461,104.75618522684461,0.39928049650088776,399.28049650088775,399.28049650088775,2.0568828870421667,2056.8828870421667,0.7285601384147382,728.5601384147382,0.7285601384147382,728.5601384147382,unique_exposed_swept_capsule_mass,throughput_acquisition_density
E,10.0,78.53981633974483,2.5,4.908738521234052,4.908738521234052,0.1,1.0,0.6,0.6 g/cm^3,47.89473684210526,3600.0,13.304093567251462,22.173489278752438,derived_from_throughput,0.2823216339446876,2.8232163394468763,2.6842105263157894,0.7578107016410036,7.578107016410036,0.30312428065640146,1.894526754102509,6.803265275336561,0.49087385212340523,0.49087385212340523,0.1894526754102509,0.6803265275336562,0.2945243112740431,294.5243112740431,0.11367160524615054,113.67160524615053,0.4081959165201937,408.1959165201937,408.1959165201937,2.23193674976916,2231.9367497691596,0.7905652565776946,790.5652565776946,0.7905652565776946,790.5652565776946,unique_exposed_swept_capsule_mass,throughput_acquisition_density
E,10.0,78.53981633974483,2.5,4.908738521234052,4.908738521234052,0.1,1.0,0.6,0.6 g/cm^3,47.89473684210526,3600.0,13.304093567251462,22.173489278752438,derived_from_throughput,0.2823216339446876,2.8232163394468763,2.894736842105263,0.8172468351030431,8.172468351030432,0.3268987340412172,2.043117087757608,6.95185560899166,0.49087385212340523,0.49087385212340523,0.2043117087757608,0.695185560899166,0.2945243112740431,294.5243112740431,0.12258702526545648,122.58702526545648,0.4171113365394996,417.11133653949963,417.11133653949963,2.4069906124961524,2406.9906124961526,0.852570374740651,852.570374740651,0.852570374740651,852.570374740651,unique_exposed_swept_capsule_mass,throughput_acquisition_density
E,10.0,78.53981633974483,2.5,4.908738521234052,4.908738521234052,0.1,1.0,0.6,0.6 g/cm^3,47.89473684210526,3600.0,13.304093567251462,22.173489278752438,derived_from_throughput,0.2823216339446876,2.8232163394468763,3.1052631578947367,0.8766829685650825,8.766829685650826,0.35067318742603304,2.1917074214127066,7.1004459426467585,0.49087385212340523,0.49087385212340523,0.21917074214127066,0.7100445942646759,0.2945243112740431,294.5243112740431,0.1315024452847624,131.50244528476242,0.42602675655880556,426.0267565588056,426.0267565588056,2.5820444752231455,2582.0444752231456,0.9145754929036075,914.5754929036075,0.9145754929036075,914.5754929036075,unique_exposed_swept_capsule_mass,throughput_acquisition_density
E,10.0,78.53981633974483,2.5,4.908738521234052,4.908738521234052,0.1,1.0,0.6,0.6 g/cm^3,47.89473684210526,3600.0,13.304093567251462,22.173489278752438,derived_from_throughput,0.2823216339446876,2.8232163394468763,3.3157894736842106,0.9361191020271221,9.361191020271221,0.37444764081084886,2.3402977550678052,7.249036276301857,0.49087385212340523,0.49087385212340523,0.23402977550678053,0.7249036276301858,0.2945243112740431,294.5243112740431,0.1404178653040683,140.4178653040683,0.43494217657811146,434.94217657811146,434.94217657811146,2.7570983379501386,2757.0983379501386,0.976580611066564,976.5806110665641,0.976580611066564,976.5806110665641,unique_exposed_swept_capsule_mass,throughput_acquisition_density
E,10.0,78.53981633974483,2.5,4.908738521234052,4.908738521234052,0.1,1.0,0.6,0.6 g/cm^3,47.89473684210526,3600.0,13.304093567251462,22.173489278752438,derived_from_throughput,0.2823216339446876,2.8232163394468763,3.526315789473684,0.9955552354891616,9.955552354891616,0.3982220941956646,2.488888088722904,7.397626609956956,0.49087385212340523,0.49087385212340523,0.2488888088722904,0.7397626609956957,0.2945243112740431,294.5243112740431,0.14933328532337423,149.3332853233742,0.44385759659741736,443.85759659741734,443.85759659741734,2.9321522006771312,2932.152200677131,1.0385857292295204,1038.5857292295204,1.0385857292295204,1038.5857292295204,unique_exposed_swept_capsule_mass,throughput_acquisition_density
E,10.0,78.53981633974483,2.5,4.908738521234052,4.908738521234052,0.1,1.0,0.6,0.6 g/cm^3,47.89473684210526,3600.0,13.304093567251462,22.173489278752438,derived_from_throughput,0.2823216339446876,2.8232163394468763,3.7368421052631575,1.054991368951201,10.54991368951201,0.4219965475804804,2.6374784223780026,7.5462169436120545,0.49087385212340523,0.49087385212340523,0.2637478422378003,0.7546216943612055,0.2945243112740431,294.5243112740431,0.15824870534268018,158.24870534268018,0.4527730166167233,452.77301661672334,452.77301661672334,3.107206063404124,3107.206063404124,1.1005908473924768,1100.590847392477,1.1005908473924768,1100.590847392477,unique_exposed_swept_capsule_mass,throughput_acquisition_density
E,10.0,78.53981633974483,2.5,4.908738521234052,4.908738521234052,0.1,1.0,0.6,0.6 g/cm^3,47.89473684210526,3600.0,13.304093567251462,22.173489278752438,derived_from_throughput,0.2823216339446876,2.8232163394468763,3.9473684210526314,1.1144275024132406,11.144275024132407,0.44577100096529626,2.7860687560331017,7.694807277267154,0.49087385212340523,0.49087385212340523,0.27860687560331016,0.7694807277267155,0.2945243112740431,294.5243112740431,0.16716412536198608,167.16412536198607,0.46168843663602926,461.6884366360293,461.6884366360293,3.282259926131117,3282.259926131117,1.1625959655554332,1162.5959655554332,1.1625959655554332,1162.5959655554332,unique_exposed_swept_capsule_mass,throughput_acquisition_density
E,10.0,78.53981633974483,2.5,4.908738521234052,4.908738521234052,0.1,1.0,0.6,0.6 g/cm^3,47.89473684210526,3600.0,13.304093567251462,22.173489278752438,derived_from_throughput,0.2823216339446876,2.8232163394468763,4.157894736842105,1.17386363587528,11.738636358752801,0.469545454350112,2.9346590896882003,7.843397610922253,0.49087385212340523,0.49087385212340523,0.29346590896882,0.7843397610922254,0.2945243112740431,294.5243112740431,0.176079545381292,176.079545381292,0.4706038566553352,470.6038566553352,470.6038566553352,3.45731378885811,3457.31378885811,1.2246010837183898,1224.6010837183899,1.2246010837183898,1224.6010837183899,unique_exposed_swept_capsule_mass,throughput_acquisition_density
E,10.0,78.53981633974483,2.5,4.908738521234052,4.908738521234052,0.1,1.0,0.6,0.6 g/cm^3,47.89473684210526,3600.0,13.304093567251462,22.173489278752438,derived_from_throughput,0.2823216339446876,2.8232163394468763,4.368421052631579,1.2332997693373196,12.332997693373196,0.49331990773492784,3.083249423343299,7.991987944577351,0.49087385212340523,0.49087385212340523,0.30832494233432994,0.7991987944577352,0.2945243112740431,294.5243112740431,0.18499496540059795,184.99496540059795,0.4795192766746411,479.5192766746411,479.5192766746411,3.632367651585103,3632.367651585103,1.2866062018813462,1286.6062018813461,1.2866062018813462,1286.6062018813461,unique_exposed_swept_capsule_mass,throughput_acquisition_density
E,10.0,78.53981633974483,2.5,4.908738521234052,4.908738521234052,0.1,1.0,0.6,0.6 g/cm^3,47.89473684210526,3600.0,13.304093567251462,22.173489278752438,derived_from_throughput,0.2823216339446876,2.8232163394468763,4.578947368421052,1.292735902799359,12.92735902799359,0.5170943611197436,3.2318397569983977,8.14057827823245,0.49087385212340523,0.49087385212340523,0.3231839756998398,0.8140578278232451,0.2945243112740431,294.5243112740431,0.19391038541990388,193.9103854199039,0.488434696693947,488.434696693947,488.434696693947,3.8074215143120957,3807.421514312096,1.3486113200443026,1348.6113200443026,1.3486113200443026,1348.6113200443026,unique_exposed_swept_capsule_mass,throughput_acquisition_density
E,10.0,78.53981633974483,2.5,4.908738521234052,4.908738521234052,0.1,1.0,0.6,0.6 g/cm^3,47.89473684210526,3600.0,13.304093567251462,22.173489278752438,derived_from_throughput,0.2823216339446876,2.8232163394468763,4.789473684210526,1.3521720362613985,13.521720362613985,0.5408688145045594,3.3804300906534963,8.289168611887549,0.49087385212340523,0.49087385212340523,0.3380430090653497,0.828916861188755,0.2945243112740431,294.5243112740431,0.2028258054392098,202.8258054392098,0.49735011671325297,497.350116713253,497.350116713253,3.9824753770390884,3982.4753770390885,1.4106164382072588,1410.6164382072589,1.4106164382072588,1410.6164382072589,unique_exposed_swept_capsule_mass,throughput_acquisition_density
E,10.0,78.53981633974483,2.5,4.908738521234052,4.908738521234052,0.1,1.0,0.6,0.6 g/cm^3,47.89473684210526,3600.0,13.304093567251462,22.173489278752438,derived_from_throughput,0.2823216339446876,2.8232163394468763,5.0,1.4116081697234382,14.116081697234382,0.5646432678893752,3.5290204243085954,8.437758945542647,0.49087385212340523,0.49087385212340523,0.35290204243085954,0.8437758945542648,0.2945243112740431,294.5243112740431,0.21174122545851573,211.74122545851574,0.5062655367325589,506.2655367325589,506.2655367325589,4.157529239766082,4157.529239766082,1.4726215563702154,1472.6215563702153,1.4726215563702154,1472.6215563702153,unique_exposed_swept_capsule_mass,throughput_acquisition_density
E,10.0,78.53981633974483,2.5,4.908738521234052,4.908738521234052,0.1,1.0,0.6,0.6 g/cm^3,52.63157894736842,3600.0,14.619883040935672,24.366471734892787,derived_from_throughput,0.310243553785371,3.10243553785371,1.0,0.310243553785371,3.10243553785371,0.1240974215141484,0.7756088844634275,5.68434740569748,0.49087385212340523,0.49087385212340523,0.07756088844634275,0.568434740569748,0.2945243112740431,294.5243112740431,0.04653653306780565,46.53653306780565,0.34106084434184875,341.06084434184874,341.06084434184874,0.9137426900584795,913.7426900584795,0.2945243112740431,294.5243112740431,0.2945243112740431,294.5243112740431,unique_exposed_swept_capsule_mass,throughput_acquisition_density
E,10.0,78.53981633974483,2.5,4.908738521234052,4.908738521234052,0.1,1.0,0.6,0.6 g/cm^3,52.63157894736842,3600.0,14.619883040935672,24.366471734892787,derived_from_throughput,0.310243553785371,3.10243553785371,1.2105263157894737,0.3755579861612386,3.755579861612386,0.15022319446449545,0.9388949654030965,5.847633486637148,0.49087385212340523,0.49087385212340523,0.09388949654030965,0.5847633486637148,0.2945243112740431,294.5243112740431,0.056333697924185785,56.333697924185785,0.3508580091982289,350.8580091982289,350.8580091982289,1.106109572176054,1106.1095721760541,0.35652942943699956,356.5294294369996,0.35652942943699956,356.5294294369996,unique_exposed_swept_capsule_mass,throughput_acquisition_density
E,10.0,78.53981633974483,2.5,4.908738521234052,4.908738521234052,0.1,1.0,0.6,0.6 g/cm^3,52.63157894736842,3600.0,14.619883040935672,24.366471734892787,derived_from_throughput,0.310243553785371,3.10243553785371,1.4210526315789473,0.4408724185371061,4.408724185371061,0.17634896741484246,1.1021810463427653,6.010919567576817,0.49087385212340523,0.49087385212340523,0.11021810463427653,0.6010919567576818,0.2945243112740431,294.5243112740431,0.06613086278056592,66.13086278056592,0.36065517405460906,360.65517405460906,360.65517405460906,1.2984764542936287,1298.4764542936286,0.418534547599956,418.534547599956,0.418534547599956,418.534547599956,unique_exposed_swept_capsule_mass,throughput_acquisition_density
E,10.0,78.53981633974483,2.5,4.908738521234052,4.908738521234052,0.1,1.0,0.6,0.6 g/cm^3,52.63157894736842,3600.0,14.619883040935672,24.366471734892787,derived_from_throughput,0.310243553785371,3.10243553785371,1.631578947368421,0.5061868509129738,5.061868509129738,0.2024747403651895,1.2654671272824345,6.1742056485164865,0.49087385212340523,0.49087385212340523,0.12654671272824344,0.6174205648516486,0.2945243112740431,294.5243112740431,0.07592802763694606,75.92802763694606,0.37045233891098917,370.45233891098917,370.45233891098917,1.4908433364112035,1490.8433364112034,0.4805396657629124,480.5396657629124,0.4805396657629124,480.5396657629124,unique_exposed_swept_capsule_mass,throughput_acquisition_density
E,10.0,78.53981633974483,2.5,4.908738521234052,4.908738521234052,0.1,1.0,0.6,0.6 g/cm^3,52.63157894736842,3600.0,14.619883040935672,24.366471734892787,derived_from_throughput,0.310243553785371,3.10243553785371,1.8421052631578947,0.5715012832888413,5.715012832888413,0.22860051331553652,1.4287532082221033,6.337491729456155,0.49087385212340523,0.49087385212340523,0.14287532082221033,0.6337491729456155,0.2945243112740431,294.5243112740431,0.08572519249332619,85.72519249332619,0.38024950376736927,380.2495037673693,380.2495037673693,1.683210218528778,1683.2102185287781,0.5425447839258689,542.544783925869,0.5425447839258689,542.544783925869,unique_exposed_swept_capsule_mass,throughput_acquisition_density
E,10.0,78.53981633974483,2.5,4.908738521234052,4.908738521234052,0.1,1.0,0.6,0.6 g/cm^3,52.63157894736842,3600.0,14.619883040935672,24.366471734892787,derived_from_throughput,0.310243553785371,3.10243553785371,2.052631578947368,0.6368157156647088,6.368157156647088,0.25472628626588356,1.592039289161772,6.5007778103958245,0.49087385212340523,0.49087385212340523,0.1592039289161772,0.6500777810395825,0.2945243112740431,294.5243112740431,0.09552235734970632,95.52235734970633,0.3900466686237495,390.0466686237495,390.0466686237495,1.8755771006463524,1875.5771006463524,0.6045499020888252,604.5499020888252,0.6045499020888252,604.5499020888252,unique_exposed_swept_capsule_mass,throughput_acquisition_density
E,10.0,78.53981633974483,2.5,4.908738521234052,4.908738521234052,0.1,1.0,0.6,0.6 g/cm^3,52.63157894736842,3600.0,14.619883040935672,24.366471734892787,derived_from_throughput,0.310243553785371,3.10243553785371,2.263157894736842,0.7021301480405765,7.021301480405765,0.2808520592162306,1.7553253701014413,6.664063891335493,0.49087385212340523,0.49087385212340523,0.17553253701014415,0.6664063891335493,0.2945243112740431,294.5243112740431,0.1053195222060865,105.31952220608649,0.3998438334801296,399.8438334801296,399.8438334801296,2.067943982763927,2067.943982763927,0.6665550202517817,666.5550202517817,0.6665550202517817,666.5550202517817,unique_exposed_swept_capsule_mass,throughput_acquisition_density
E,10.0,78.53981633974483,2.5,4.908738521234052,4.908738521234052,0.1,1.0,0.6,0.6 g/cm^3,52.63157894736842,3600.0,14.619883040935672,24.366471734892787,derived_from_throughput,0.310243553785371,3.10243553785371,2.473684210526316,0.767444580416444,7.67444580416444,0.3069778321665776,1.91861145104111,6.827349972275162,0.49087385212340523,0.49087385212340523,0.191861145104111,0.6827349972275162,0.2945243112740431,294.5243112740431,0.1151166870624666,115.1166870624666,0.4096409983365097,409.6409983365097,409.6409983365097,2.260310864881502,2260.310864881502,0.7285601384147382,728.5601384147382,0.7285601384147382,728.5601384147382,unique_exposed_swept_capsule_mass,throughput_acquisition_density
E,10.0,78.53981633974483,2.5,4.908738521234052,4.908738521234052,0.1,1.0,0.6,0.6 g/cm^3,52.63157894736842,3600.0,14.619883040935672,24.366471734892787,derived_from_throughput,0.310243553785371,3.10243553785371,2.6842105263157894,0.8327590127923116,8.327590127923116,0.3331036051169246,2.081897531980779,6.990636053214831,0.49087385212340523,0.49087385212340523,0.20818975319807792,0.6990636053214832,0.2945243112740431,294.5243112740431,0.12491385191884674,124.91385191884675,0.4194381631928899,419.4381631928899,419.4381631928899,2.4526777469990764,2452.6777469990766,0.7905652565776946,790.5652565776946,0.7905652565776946,790.5652565776946,unique_exposed_swept_capsule_mass,throughput_acquisition_density
E,10.0,78.53981633974483,2.5,4.908738521234052,4.908738521234052,0.1,1.0,0.6,0.6 g/cm^3,52.63157894736842,3600.0,14.619883040935672,24.366471734892787,derived_from_throughput,0.310243553785371,3.10243553785371,2.894736842105263,0.8980734451681791,8.98073445168179,0.3592293780672716,2.2451836129204477,7.1539221341545,0.49087385212340523,0.49087385212340523,0.22451836129204478,0.71539221341545,0.2945243112740431,294.5243112740431,0.13471101677522687,134.71101677522688,0.42923532804927,429.23532804927,429.23532804927,2.645044629116651,2645.0446291166513,0.852570374740651,852.570374740651,0.852570374740651,852.570374740651,unique_exposed_swept_capsule_mass,throughput_acquisition_density
E,10.0,78.53981633974483,2.5,4.908738521234052,4.908738521234052,0.1,1.0,0.6,0.6 g/cm^3,52.63157894736842,3600.0,14.619883040935672,24.366471734892787,derived_from_throughput,0.310243553785371,3.10243553785371,3.1052631578947367,0.9633878775440468,9.633878775440468,0.3853551510176187,2.408469693860117,7.317208215094169,0.49087385212340523,0.49087385212340523,0.24084696938601172,0.731720821509417,0.2945243112740431,294.5243112740431,0.14450818163160703,144.50818163160702,0.43903249290565016,439.03249290565014,439.03249290565014,2.837411511234226,2837.411511234226,0.9145754929036075,914.5754929036075,0.9145754929036075,914.5754929036075,unique_exposed_swept_capsule_mass,throughput_acquisition_density
E,10.0,78.53981633974483,2.5,4.908738521234052,4.908738521234052,0.1,1.0,0.6,0.6 g/cm^3,52.63157894736842,3600.0,14.619883040935672,24.366471734892787,derived_from_throughput,0.310243553785371,3.10243553785371,3.3157894736842106,1.0287023099199144,10.287023099199144,0.41148092396796576,2.571755774799786,7.480494296033838,0.49087385212340523,0.49087385212340523,0.2571755774799786,0.7480494296033838,0.2945243112740431,294.5243112740431,0.15430534648798716,154.30534648798715,0.44882965776203027,448.82965776203025,448.82965776203025,3.0297783933518008,3029.778393351801,0.976580611066564,976.5806110665641,0.976580611066564,976.5806110665641,unique_exposed_swept_capsule_mass,throughput_acquisition_density
E,10.0,78.53981633974483,2.5,4.908738521234052,4.908738521234052,0.1,1.0,0.6,0.6 g/cm^3,52.63157894736842,3600.0,14.619883040935672,24.366471734892787,derived_from_throughput,0.310243553785371,3.10243553785371,3.526315789473684,1.0940167422957818,10.940167422957819,0.4376066969183127,2.7350418557394547,7.643780376973506,0.49087385212340523,0.49087385212340523,0.27350418557394546,0.7643780376973507,0.2945243112740431,294.5243112740431,0.16410251134436726,164.10251134436726,0.45862682261841037,458.62682261841036,458.62682261841036,3.222145275469375,3222.145275469375,1.0385857292295204,1038.5857292295204,1.0385857292295204,1038.5857292295204,unique_exposed_swept_capsule_mass,throughput_acquisition_density
E,10.0,78.53981633974483,2.5,4.908738521234052,4.908738521234052,0.1,1.0,0.6,0.6 g/cm^3,52.63157894736842,3600.0,14.619883040935672,24.366471734892787,derived_from_throughput,0.310243553785371,3.10243553785371,3.7368421052631575,1.1593311746716495,11.593311746716495,0.4637324698686598,2.8983279366791237,7.807066457913176,0.49087385212340523,0.49087385212340523,0.28983279366791237,0.7807066457913177,0.2945243112740431,294.5243112740431,0.17389967620074742,173.89967620074742,0.4684239874747906,468.4239874747906,468.4239874747906,3.4145121575869495,3414.5121575869493,1.1005908473924768,1100.590847392477,1.1005908473924768,1100.590847392477,unique_exposed_swept_capsule_mass,throughput_acquisition_density
E,10.0,78.53981633974483,2.5,4.908738521234052,4.908738521234052,0.1,1.0,0.6,0.6 g/cm^3,52.63157894736842,3600.0,14.619883040935672,24.366471734892787,derived_from_throughput,0.310243553785371,3.10243553785371,3.9473684210526314,1.2246456070475171,12.24645607047517,0.48985824281900686,3.0616140176187927,7.970352538852845,0.49087385212340523,0.49087385212340523,0.3061614017618793,0.7970352538852845,0.2945243112740431,294.5243112740431,0.18369684105712755,183.69684105712756,0.4782211523311707,478.2211523311707,478.2211523311707,3.6068790397045243,3606.879039704524,1.1625959655554332,1162.5959655554332,1.1625959655554332,1162.5959655554332,unique_exposed_swept_capsule_mass,throughput_acquisition_density
E,10.0,78.53981633974483,2.5,4.908738521234052,4.908738521234052,0.1,1.0,0.6,0.6 g/cm^3,52.63157894736842,3600.0,14.619883040935672,24.366471734892787,derived_from_throughput,0.310243553785371,3.10243553785371,4.157894736842105,1.2899600394233848,12.899600394233847,0.5159840157693539,3.2249000985584617,8.133638619792514,0.49087385212340523,0.49087385212340523,0.3224900098558462,0.8133638619792514,0.2945243112740431,294.5243112740431,0.1934940059135077,193.49400591350772,0.4880183171875508,488.0183171875508,488.0183171875508,3.799245921822099,3799.2459218220993,1.2246010837183898,1224.6010837183899,1.2246010837183898,1224.6010837183899,unique_exposed_swept_capsule_mass,throughput_acquisition_density
E,10.0,78.53981633974483,2.5,4.908738521234052,4.908738521234052,0.1,1.0,0.6,0.6 g/cm^3,52.63157894736842,3600.0,14.619883040935672,24.366471734892787,derived_from_throughput,0.310243553785371,3.10243553785371,4.368421052631579,1.3552744717992522,13.552744717992521,0.5421097887197008,3.3881861794981303,8.296924700732182,0.49087385212340523,0.49087385212340523,0.33881861794981305,0.8296924700732182,0.2945243112740431,294.5243112740431,0.2032911707698878,203.29117076988783,0.4978154820439309,497.8154820439309,497.8154820439309,3.9916128039396734,3991.6128039396735,1.2866062018813462,1286.6062018813461,1.2866062018813462,1286.6062018813461,unique_exposed_swept_capsule_mass,throughput_acquisition_density
E,10.0,78.53981633974483,2.5,4.908738521234052,4.908738521234052,0.1,1.0,0.6,0.6 g/cm^3,52.63157894736842,3600.0,14.619883040935672,24.366471734892787,derived_from_throughput,0.310243553785371,3.10243553785371,4.578947368421052,1.4205889041751196,14.205889041751195,0.5682355616700479,3.551472260437799,8.46021078167185,0.49087385212340523,0.49087385212340523,0.3551472260437799,0.8460210781671851,0.2945243112740431,294.5243112740431,0.21308833562626794,213.08833562626793,0.507612646900311,507.61264690031106,507.61264690031106,4.183979686057248,4183.979686057248,1.3486113200443026,1348.6113200443026,1.3486113200443026,1348.6113200443026,unique_exposed_swept_capsule_mass,throughput_acquisition_density
E,10.0,78.53981633974483,2.5,4.908738521234052,4.908738521234052,0.1,1.0,0.6,0.6 g/cm^3,52.63157894736842,3600.0,14.619883040935672,24.366471734892787,derived_from_throughput,0.310243553785371,3.10243553785371,4.789473684210526,1.4859033365509873,14.859033365509873,0.5943613346203949,3.7147583413774683,8.623496862611521,0.49087385212340523,0.49087385212340523,0.3714758341377469,0.8623496862611522,0.2945243112740431,294.5243112740431,0.22288550048264813,222.88550048264813,0.5174098117566913,517.4098117566913,517.4098117566913,4.376346568174823,4376.346568174823,1.4106164382072588,1410.6164382072589,1.4106164382072588,1410.6164382072589,unique_exposed_swept_capsule_mass,throughput_acquisition_density
E,10.0,78.53981633974483,2.5,4.908738521234052,4.908738521234052,0.1,1.0,0.6,0.6 g/cm^3,52.63157894736842,3600.0,14.619883040935672,24.366471734892787,derived_from_throughput,0.310243553785371,3.10243553785371,5.0,1.551217768926855,15.51217768926855,0.620487107570742,3.8780444223171373,8.78678294355119,0.49087385212340523,0.49087385212340523,0.38780444223171373,0.878678294355119,0.2945243112740431,294.5243112740431,0.23268266533902823,232.68266533902823,0.5272069766130714,527.2069766130713,527.2069766130713,4.568713450292398,4568.713450292398,1.4726215563702154,1472.6215563702153,1.4726215563702154,1472.6215563702153,unique_exposed_swept_capsule_mass,throughput_acquisition_density
E,10.0,78.53981633974483,2.5,4.908738521234052,4.908738521234052,0.1,1.0,0.6,0.6 g/cm^3,57.368421052631575,3600.0,15.935672514619881,26.559454191033137,derived_from_throughput,0.33816547362605437,3.381654736260544,1.0,0.33816547362605437,3.381654736260544,0.13526618945042174,0.845413684065136,5.754152205299188,0.49087385212340523,0.49087385212340523,0.0845413684065136,0.5754152205299188,0.2945243112740431,294.5243112740431,0.050724821043908165,50.724821043908165,0.34524913231795124,345.24913231795125,345.24913231795125,0.9959795321637426,995.9795321637425,0.2945243112740431,294.5243112740431,0.2945243112740431,294.5243112740431,unique_exposed_swept_capsule_mass,throughput_acquisition_density
E,10.0,78.53981633974483,2.5,4.908738521234052,4.908738521234052,0.1,1.0,0.6,0.6 g/cm^3,57.368421052631575,3600.0,15.935672514619881,26.559454191033137,derived_from_throughput,0.33816547362605437,3.381654736260544,1.2105263157894737,0.40935820491575003,4.093582049157501,0.1637432819663,1.0233955122893752,5.932134033523427,0.49087385212340523,0.49087385212340523,0.10233955122893752,0.5932134033523427,0.2945243112740431,294.5243112740431,0.06140373073736251,61.40373073736251,0.35592804201140565,355.92804201140564,355.92804201140564,1.2056594336718989,1205.6594336718988,0.35652942943699956,356.5294294369996,0.35652942943699956,356.5294294369996,unique_exposed_swept_capsule_mass,throughput_acquisition_density
E,10.0,78.53981633974483,2.5,4.908738521234052,4.908738521234052,0.1,1.0,0.6,0.6 g/cm^3,57.368421052631575,3600.0,15.935672514619881,26.559454191033137,derived_from_throughput,0.33816547362605437,3.381654736260544,1.4210526315789473,0.4805509362054457,4.805509362054457,0.19222037448217827,1.2013773405136143,6.1101158617476665,0.49087385212340523,0.49087385212340523,0.12013773405136144,0.6110115861747667,0.2945243112740431,294.5243112740431,0.07208264043081686,72.08264043081685,0.36660695170486,366.60695170486,366.60695170486,1.4153393351800552,1415.339335180055,0.418534547599956,418.534547599956,0.418534547599956,418.534547599956,unique_exposed_swept_capsule_mass,throughput_acquisition_density
E,10.0,78.53981633974483,2.5,4.908738521234052,4.908738521234052,0.1,1.0,0.6,0.6 g/cm^3,57.368421052631575,3600.0,15.935672514619881,26.559454191033137,derived_from_throughput,0.33816547362605437,3.381654736260544,1.631578947368421,0.5517436674951414,5.517436674951414,0.22069746699805654,1.3793591687378535,6.288097689971906,0.49087385212340523,0.49087385212340523,0.13793591687378534,0.6288097689971907,0.2945243112740431,294.5243112740431,0.08276155012427121,82.76155012427121,0.3772858613983144,377.2858613983144,377.2858613983144,1.6250192366882115,1625.0192366882115,0.4805396657629124,480.5396657629124,0.4805396657629124,480.5396657629124,unique_exposed_swept_capsule_mass,throughput_acquisition_density
E,10.0,78.53981633974483,2.5,4.908738521234052,4.908738521234052,0.1,1.0,0.6,0.6 g/cm^3,57.368421052631575,3600.0,15.935672514619881,26.559454191033137,derived_from_throughput,0.33816547362605437,3.381654736260544,1.8421052631578947,0.622936398784837,6.2293639878483695,0.2491745595139348,1.5573409969620924,6.466079518196144,0.49087385212340523,0.49087385212340523,0.15573409969620924,0.6466079518196145,0.2945243112740431,294.5243112740431,0.09344045981772554,93.44045981772554,0.3879647710917687,387.9647710917687,387.9647710917687,1.8346991381963678,1834.6991381963678,0.5425447839258689,542.544783925869,0.5425447839258689,542.544783925869,unique_exposed_swept_capsule_mass,throughput_acquisition_density
E,10.0,78.53981633974483,2.5,4.908738521234052,4.908738521234052,0.1,1.0,0.6,0.6 g/cm^3,57.368421052631575,3600.0,15.935672514619881,26.559454191033137,derived_from_throughput,0.33816547362605437,3.381654736260544,2.052631578947368,0.6941291300745326,6.941291300745326,0.277651652029813,1.7353228251863315,6.644061346420384,0.49087385212340523,0.49087385212340523,0.17353228251863317,0.6644061346420385,0.2945243112740431,294.5243112740431,0.10411936951117991,104.11936951117991,0.39864368078522305,398.64368078522307,398.64368078522307,2.044379039704524,2044.3790397045238,0.6045499020888252,604.5499020888252,0.6045499020888252,604.5499020888252,unique_exposed_swept_capsule_mass,throughput_acquisition_density
E,10.0,78.53981633974483,2.5,4.908738521234052,4.908738521234052,0.1,1.0,0.6,0.6 g/cm^3,57.368421052631575,3600.0,15.935672514619881,26.559454191033137,derived_from_throughput,0.33816547362605437,3.381654736260544,2.263157894736842,0.7653218613642283,7.653218613642283,0.30612874454569133,1.9133046534105707,6.822043174644623,0.49087385212340523,0.49087385212340523,0.19133046534105708,0.6822043174644623,0.2945243112740431,294.5243112740431,0.11479827920463424,114.79827920463424,0.40932259047867736,409.32259047867734,409.32259047867734,2.2540589412126804,2254.0589412126806,0.6665550202517817,666.5550202517817,0.6665550202517817,666.5550202517817,unique_exposed_swept_capsule_mass,throughput_acquisition_density
E,10.0,78.53981633974483,2.5,4.908738521234052,4.908738521234052,0.1,1.0,0.6,0.6 g/cm^3,57.368421052631575,3600.0,15.935672514619881,26.559454191033137,derived_from_throughput,0.33816547362605437,3.381654736260544,2.473684210526316,0.836514592653924,8.36514592653924,0.3346058370615696,2.09128648163481,7.0000250028688615,0.49087385212340523,0.49087385212340523,0.209128648163481,0.7000025002868862,0.2945243112740431,294.5243112740431,0.1254771888980886,125.4771888980886,0.42000150017213167,420.00150017213167,420.00150017213167,2.463738842720837,2463.738842720837,0.7285601384147382,728.5601384147382,0.7285601384147382,728.5601384147382,unique_exposed_swept_capsule_mass,throughput_acquisition_density
E,10.0,78.53981633974483,2.5,4.908738521234052,4.908738521234052,0.1,1.0,0.6,0.6 g/cm^3,57.368421052631575,3600.0,15.935672514619881,26.559454191033137,derived_from_throughput,0.33816547362605437,3.381654736260544,2.6842105263157894,0.9077073239436196,9.077073239436196,0.36308292957744787,2.269268309859049,7.178006831093101,0.49087385212340523,0.49087385212340523,0.2269268309859049,0.7178006831093101,0.2945243112740431,294.5243112740431,0.13615609859154293,136.15609859154293,0.43068040986558603,430.68040986558606,430.68040986558606,2.673418744228993,2673.418744228993,0.7905652565776946,790.5652565776946,0.7905652565776946,790.5652565776946,unique_exposed_swept_capsule_mass,throughput_acquisition_density
E,10.0,78.53981633974483,2.5,4.908738521234052,4.908738521234052,0.1,1.0,0.6,0.6 g/cm^3,57.368421052631575,3600.0,15.935672514619881,26.559454191033137,derived_from_throughput,0.33816547362605437,3.381654736260544,2.894736842105263,0.9789000552333151,9.789000552333151,0.3915600220933261,2.447250138083288,7.35598865931734,0.49087385212340523,0.49087385212340523,0.24472501380832878,0.7355988659317341,0.2945243112740431,294.5243112740431,0.14683500828499726,146.83500828499726,0.44135931955904045,441.35931955904044,441.35931955904044,2.883098645737149,2883.098645737149,0.852570374740651,852.570374740651,0.852570374740651,852.570374740651,unique_exposed_swept_capsule_mass,throughput_acquisition_density
E,10.0,78.53981633974483,2.5,4.908738521234052,4.908738521234052,0.1,1.0,0.6,0.6 g/cm^3,57.368421052631575,3600.0,15.935672514619881,26.559454191033137,derived_from_throughput,0.33816547362605437,3.381654736260544,3.1052631578947367,1.050092786523011,10.50092786523011,0.4200371146092044,2.6252319663075276,7.53397048754158,0.49087385212340523,0.49087385212340523,0.2625231966307528,0.753397048754158,0.2945243112740431,294.5243112740431,0.15751391797845168,157.51391797845167,0.4520382292524948,452.03822925249483,452.03822925249483,3.092778547245306,3092.778547245306,0.9145754929036075,914.5754929036075,0.9145754929036075,914.5754929036075,unique_exposed_swept_capsule_mass,throughput_acquisition_density
E,10.0,78.53981633974483,2.5,4.908738521234052,4.908738521234052,0.1,1.0,0.6,0.6 g/cm^3,57.368421052631575,3600.0,15.935672514619881,26.559454191033137,derived_from_throughput,0.33816547362605437,3.381654736260544,3.3157894736842106,1.1212855178127066,11.212855178127066,0.4485142071250826,2.8032137945317666,7.711952315765819,0.49087385212340523,0.49087385212340523,0.28032137945317664,0.771195231576582,0.2945243112740431,294.5243112740431,0.168192827671906,168.192827671906,0.4627171389459492,462.71713894594916,462.71713894594916,3.3024584487534625,3302.4584487534626,0.976580611066564,976.5806110665641,0.976580611066564,976.5806110665641,unique_exposed_swept_capsule_mass,throughput_acquisition_density
E,10.0,78.53981633974483,2.5,4.908738521234052,4.908738521234052,0.1,1.0,0.6,0.6 g/cm^3,57.368421052631575,3600.0,15.935672514619881,26.559454191033137,derived_from_throughput,0.33816547362605437,3.381654736260544,3.526315789473684,1.1924782491024022,11.924782491024022,0.4769912996409609,2.9811956227560055,7.889934143990057,0.49087385212340523,0.49087385212340523,0.29811956227560055,0.7889934143990058,0.2945243112740431,294.5243112740431,0.17887173736536033,178.87173736536033,0.4733960486394035,473.3960486394035,473.3960486394035,3.5121383502616186,3512.1383502616186,1.0385857292295204,1038.5857292295204,1.0385857292295204,1038.5857292295204,unique_exposed_swept_capsule_mass,throughput_acquisition_density
E,10.0,78.53981633974483,2.5,4.908738521234052,4.908738521234052,0.1,1.0,0.6,0.6 g/cm^3,57.368421052631575,3600.0,15.935672514619881,26.559454191033137,derived_from_throughput,0.33816547362605437,3.381654736260544,3.7368421052631575,1.2636709803920978,12.636709803920978,0.5054683921568391,3.1591774509802444,8.067915972214296,0.49087385212340523,0.49087385212340523,0.31591774509802445,0.8067915972214297,0.2945243112740431,294.5243112740431,0.18955064705881466,189.55064705881466,0.4840749583328578,484.0749583328578,484.0749583328578,3.7218182517697747,3721.8182517697746,1.1005908473924768,1100.590847392477,1.1005908473924768,1100.590847392477,unique_exposed_swept_capsule_mass,throughput_acquisition_density
E,10.0,78.53981633974483,2.5,4.908738521234052,4.908738521234052,0.1,1.0,0.6,0.6 g/cm^3,57.368421052631575,3600.0,15.935672514619881,26.559454191033137,derived_from_throughput,0.33816547362605437,3.381654736260544,3.9473684210526314,1.3348637116817934,13.348637116817933,0.5339454846727174,3.3371592792044833,8.245897800438534,0.49087385212340523,0.49087385212340523,0.33371592792044835,0.8245897800438535,0.2945243112740431,294.5243112740431,0.200229556752269,200.229556752269,0.4947538680263121,494.7538680263121,494.7538680263121,3.931498153277931,3931.498153277931,1.1625959655554332,1162.5959655554332,1.1625959655554332,1162.5959655554332,unique_exposed_swept_capsule_mass,throughput_acquisition_density
E,10.0,78.53981633974483,2.5,4.908738521234052,4.908738521234052,0.1,1.0,0.6,0.6 g/cm^3,57.368421052631575,3600.0,15.935672514619881,26.559454191033137,derived_from_throughput,0.33816547362605437,3.381654736260544,4.157894736842105,1.4060564429714892,14.060564429714892,0.5624225771885957,3.515141107428723,8.423879628662775,0.49087385212340523,0.49087385212340523,0.3515141107428723,0.8423879628662775,0.2945243112740431,294.5243112740431,0.2109084664457234,210.9084664457234,0.5054327777197665,505.4327777197665,505.4327777197665,4.141178054786088,4141.178054786088,1.2246010837183898,1224.6010837183899,1.2246010837183898,1224.6010837183899,unique_exposed_swept_capsule_mass,throughput_acquisition_density
E,10.0,78.53981633974483,2.5,4.908738521234052,4.908738521234052,0.1,1.0,0.6,0.6 g/cm^3,57.368421052631575,3600.0,15.935672514619881,26.559454191033137,derived_from_throughput,0.33816547362605437,3.381654736260544,4.368421052631579,1.4772491742611848,14.772491742611848,0.5908996697044739,3.693122935652962,8.601861456887015,0.49087385212340523,0.49087385212340523,0.3693122935652962,0.8601861456887016,0.2945243112740431,294.5243112740431,0.22158737613917773,221.58737613917774,0.5161116874132209,516.1116874132209,516.1116874132209,4.350857956294243,4350.857956294243,1.2866062018813462,1286.6062018813461,1.2866062018813462,1286.6062018813461,unique_exposed_swept_capsule_mass,throughput_acquisition_density
E,10.0,78.53981633974483,2.5,4.908738521234052,4.908738521234052,0.1,1.0,0.6,0.6 g/cm^3,57.368421052631575,3600.0,15.935672514619881,26.559454191033137,derived_from_throughput,0.33816547362605437,3.381654736260544,4.578947368421052,1.5484419055508805,15.484419055508805,0.6193767622203522,3.8711047638772014,8.779843285111253,0.49087385212340523,0.49087385212340523,0.38711047638772017,0.8779843285111254,0.2945243112740431,294.5243112740431,0.2322662858326321,232.2662858326321,0.5267905971066752,526.7905971066752,526.7905971066752,4.5605378578024,4560.5378578024,1.3486113200443026,1348.6113200443026,1.3486113200443026,1348.6113200443026,unique_exposed_swept_capsule_mass,throughput_acquisition_density
E,10.0,78.53981633974483,2.5,4.908738521234052,4.908738521234052,0.1,1.0,0.6,0.6 g/cm^3,57.368421052631575,3600.0,15.935672514619881,26.559454191033137,derived_from_throughput,0.33816547362605437,3.381654736260544,4.789473684210526,1.619634636840576,16.19634636840576,0.6478538547362305,4.04908659210144,8.957825113335492,0.49087385212340523,0.49087385212340523,0.404908659210144,0.8957825113335492,0.2945243112740431,294.5243112740431,0.2429451955260864,242.9451955260864,0.5374695068001295,537.4695068001295,537.4695068001295,4.7702177593105555,4770.217759310555,1.4106164382072588,1410.6164382072589,1.4106164382072588,1410.6164382072589,unique_exposed_swept_capsule_mass,throughput_acquisition_density
E,10.0,78.53981633974483,2.5,4.908738521234052,4.908738521234052,0.1,1.0,0.6,0.6 g/cm^3,57.368421052631575,3600.0,15.935672514619881,26.559454191033137,derived_from_throughput,0.33816547362605437,3.381654736260544,5.0,1.690827368130272,16.90827368130272,0.6763309472521087,4.22706842032568,9.135806941559732,0.49087385212340523,0.49087385212340523,0.42270684203256803,0.9135806941559732,0.2945243112740431,294.5243112740431,0.2536241052195408,253.6241052195408,0.5481484164935839,548.1484164935839,548.1484164935839,4.979897660818713,4979.897660818713,1.4726215563702154,1472.6215563702153,1.4726215563702154,1472.6215563702153,unique_exposed_swept_capsule_mass,throughput_acquisition_density
E,10.0,78.53981633974483,2.5,4.908738521234052,4.908738521234052,0.1,1.0,0.6,0.6 g/cm^3,62.10526315789473,3600.0,17.251461988304094,28.75243664717349,derived_from_throughput,0.3660873934667378,3.6608739346673778,1.0,0.3660873934667378,3.6608739346673778,0.14643495738669512,0.9152184836668444,5.823957004900897,0.49087385212340523,0.49087385212340523,0.09152184836668445,0.5823957004900897,0.2945243112740431,294.5243112740431,0.05491310902001067,54.913109020010666,0.34943742029405384,349.4374202940538,349.4374202940538,1.0782163742690059,1078.2163742690059,0.2945243112740431,294.5243112740431,0.2945243112740431,294.5243112740431,unique_exposed_swept_capsule_mass,throughput_acquisition_density
E,10.0,78.53981633974483,2.5,4.908738521234052,4.908738521234052,0.1,1.0,0.6,0.6 g/cm^3,62.10526315789473,3600.0,17.251461988304094,28.75243664717349,derived_from_throughput,0.3660873934667378,3.6608739346673778,1.2105263157894737,0.44315842367026154,4.431584236702616,0.17726336946810461,1.107896059175654,6.016634580409706,0.49087385212340523,0.49087385212340523,0.1107896059175654,0.6016634580409707,0.2945243112740431,294.5243112740431,0.06647376355053923,66.47376355053923,0.3609980748245824,360.99807482458243,360.99807482458243,1.3052092951677439,1305.209295167744,0.35652942943699956,356.5294294369996,0.35652942943699956,356.5294294369996,unique_exposed_swept_capsule_mass,throughput_acquisition_density
E,10.0,78.53981633974483,2.5,4.908738521234052,4.908738521234052,0.1,1.0,0.6,0.6 g/cm^3,62.10526315789473,3600.0,17.251461988304094,28.75243664717349,derived_from_throughput,0.3660873934667378,3.6608739346673778,1.4210526315789473,0.5202294538737853,5.202294538737853,0.2080917815495141,1.3005736346844632,6.209312155918515,0.49087385212340523,0.49087385212340523,0.13005736346844632,0.6209312155918516,0.2945243112740431,294.5243112740431,0.07803441808106779,78.03441808106778,0.372558729355111,372.558729355111,372.558729355111,1.5322022160664819,1532.202216066482,0.418534547599956,418.534547599956,0.418534547599956,418.534547599956,unique_exposed_swept_capsule_mass,throughput_acquisition_density
E,10.0,78.53981633974483,2.5,4.908738521234052,4.908738521234052,0.1,1.0,0.6,0.6 g/cm^3,62.10526315789473,3600.0,17.251461988304094,28.75243664717349,derived_from_throughput,0.3660873934667378,3.6608739346673778,1.631578947368421,0.5973004840773091,5.973004840773091,0.23892019363092362,1.4932512101932727,6.401989731427324,0.49087385212340523,0.49087385212340523,0.14932512101932727,0.6401989731427324,0.2945243112740431,294.5243112740431,0.08959507261159635,89.59507261159635,0.38411938388563943,384.1193838856394,384.1193838856394,1.7591951369652201,1759.1951369652202,0.4805396657629124,480.5396657629124,0.4805396657629124,480.5396657629124,unique_exposed_swept_capsule_mass,throughput_acquisition_density
E,10.0,78.53981633974483,2.5,4.908738521234052,4.908738521234052,0.1,1.0,0.6,0.6 g/cm^3,62.10526315789473,3600.0,17.251461988304094,28.75243664717349,derived_from_throughput,0.3660873934667378,3.6608739346673778,1.8421052631578947,0.6743715142808328,6.743715142808328,0.2697486057123331,1.685928785702082,6.594667306936134,0.49087385212340523,0.49087385212340523,0.16859287857020822,0.6594667306936134,0.2945243112740431,294.5243112740431,0.10115572714212492,101.15572714212492,0.395680038416168,395.680038416168,395.680038416168,1.9861880578639581,1986.1880578639582,0.5425447839258689,542.544783925869,0.5425447839258689,542.544783925869,unique_exposed_swept_capsule_mass,throughput_acquisition_density
E,10.0,78.53981633974483,2.5,4.908738521234052,4.908738521234052,0.1,1.0,0.6,0.6 g/cm^3,62.10526315789473,3600.0,17.251461988304094,28.75243664717349,derived_from_throughput,0.3660873934667378,3.6608739346673778,2.052631578947368,0.7514425444843564,7.514425444843564,0.3005770177937426,1.878606361210891,6.787344882444943,0.49087385212340523,0.49087385212340523,0.1878606361210891,0.6787344882444943,0.2945243112740431,294.5243112740431,0.11271638167265347,112.71638167265347,0.40724069294669657,407.2406929466966,407.2406929466966,2.2131809787626957,2213.1809787626958,0.6045499020888252,604.5499020888252,0.6045499020888252,604.5499020888252,unique_exposed_swept_capsule_mass,throughput_acquisition_density
E,10.0,78.53981633974483,2.5,4.908738521234052,4.908738521234052,0.1,1.0,0.6,0.6 g/cm^3,62.10526315789473,3600.0,17.251461988304094,28.75243664717349,derived_from_throughput,0.3660873934667378,3.6608739346673778,2.263157894736842,0.8285135746878802,8.285135746878803,0.3314054298751521,2.0712839367197007,6.980022457953753,0.49087385212340523,0.49087385212340523,0.20712839367197008,0.6980022457953754,0.2945243112740431,294.5243112740431,0.12427703620318205,124.27703620318205,0.41880134747722525,418.80134747722525,418.80134747722525,2.4401738996614344,2440.1738996614345,0.6665550202517817,666.5550202517817,0.6665550202517817,666.5550202517817,unique_exposed_swept_capsule_mass,throughput_acquisition_density
E,10.0,78.53981633974483,2.5,4.908738521234052,4.908738521234052,0.1,1.0,0.6,0.6 g/cm^3,62.10526315789473,3600.0,17.251461988304094,28.75243664717349,derived_from_throughput,0.3660873934667378,3.6608739346673778,2.473684210526316,0.9055846048914041,9.055846048914042,0.36223384195656166,2.2639615122285104,7.172700033462562,0.49087385212340523,0.49087385212340523,0.22639615122285106,0.7172700033462562,0.2945243112740431,294.5243112740431,0.13583769073371063,135.83769073371064,0.4303620020077537,430.3620020077537,430.3620020077537,2.6671668205601726,2667.1668205601727,0.7285601384147382,728.5601384147382,0.7285601384147382,728.5601384147382,unique_exposed_swept_capsule_mass,throughput_acquisition_density
E,10.0,78.53981633974483,2.5,4.908738521234052,4.908738521234052,0.1,1.0,0.6,0.6 g/cm^3,62.10526315789473,3600.0,17.251461988304094,28.75243664717349,derived_from_throughput,0.3660873934667378,3.6608739346673778,2.6842105263157894,0.9826556350949277,9.826556350949277,0.39306225403797107,2.456639087737319,7.365377608971372,0.49087385212340523,0.49087385212340523,0.24566390877373193,0.7365377608971372,0.2945243112740431,294.5243112740431,0.14739834526423914,147.39834526423914,0.4419226565382823,441.9226565382823,441.9226565382823,2.8941597414589104,2894.1597414589105,0.7905652565776946,790.5652565776946,0.7905652565776946,790.5652565776946,unique_exposed_swept_capsule_mass,throughput_acquisition_density
E,10.0,78.53981633974483,2.5,4.908738521234052,4.908738521234052,0.1,1.0,0.6,0.6 g/cm^3,62.10526315789473,3600.0,17.251461988304094,28.75243664717349,derived_from_throughput,0.3660873934667378,3.6608739346673778,2.894736842105263,1.0597266652984514,10.597266652984514,0.42389066611938053,2.6493166632461285,7.55805518448018,0.49087385212340523,0.49087385212340523,0.26493166632461285,0.755805518448018,0.2945243112740431,294.5243112740431,0.1589589997947677,158.95899979476772,0.4534833110688108,453.4833110688108,453.4833110688108,3.121152662357648,3121.1526623576483,0.852570374740651,852.570374740651,0.852570374740651,852.570374740651,unique_exposed_swept_capsule_mass,throughput_acquisition_density
E,10.0,78.53981633974483,2.5,4.908738521234052,4.908738521234052,0.1,1.0,0.6,0.6 g/cm^3,62.10526315789473,3600.0,17.251461988304094,28.75243664717349,derived_from_throughput,0.3660873934667378,3.6608739346673778,3.1052631578947367,1.1367976955019752,11.367976955019753,0.45471907820079005,2.841994238754938,7.75073275998899,0.49087385212340523,0.49087385212340523,0.28419942387549385,0.7750732759988991,0.2945243112740431,294.5243112740431,0.1705196543252963,170.5196543252963,0.4650439655993394,465.0439655993394,465.0439655993394,3.3481455832563864,3348.1455832563865,0.9145754929036075,914.5754929036075,0.9145754929036075,914.5754929036075,unique_exposed_swept_capsule_mass,throughput_acquisition_density
E,10.0,78.53981633974483,2.5,4.908738521234052,4.908738521234052,0.1,1.0,0.6,0.6 g/cm^3,62.10526315789473,3600.0,17.251461988304094,28.75243664717349,derived_from_throughput,0.3660873934667378,3.6608739346673778,3.3157894736842106,1.213868725705499,12.13868725705499,0.48554749028219957,3.0346718142637474,7.943410335497799,0.49087385212340523,0.49087385212340523,0.30346718142637474,0.79434103354978,0.2945243112740431,294.5243112740431,0.18208030885582485,182.08030885582485,0.476604620129868,476.604620129868,476.604620129868,3.5751385041551247,3575.138504155125,0.976580611066564,976.5806110665641,0.976580611066564,976.5806110665641,unique_exposed_swept_capsule_mass,throughput_acquisition_density
E,10.0,78.53981633974483,2.5,4.908738521234052,4.908738521234052,0.1,1.0,0.6,0.6 g/cm^3,62.10526315789473,3600.0,17.251461988304094,28.75243664717349,derived_from_throughput,0.3660873934667378,3.6608739346673778,3.526315789473684,1.2909397559090228,12.909397559090227,0.5163759023636091,3.2273493897725567,8.136087911006609,0.49087385212340523,0.49087385212340523,0.3227349389772557,0.8136087911006609,0.2945243112740431,294.5243112740431,0.19364096338635342,193.64096338635343,0.4881652746603965,488.1652746603965,488.1652746603965,3.8021314250538625,3802.1314250538626,1.0385857292295204,1038.5857292295204,1.0385857292295204,1038.5857292295204,unique_exposed_swept_capsule_mass,throughput_acquisition_density
E,10.0,78.53981633974483,2.5,4.908738521234052,4.908738521234052,0.1,1.0,0.6,0.6 g/cm^3,62.10526315789473,3600.0,17.251461988304094,28.75243664717349,derived_from_throughput,0.3660873934667378,3.6608739346673778,3.7368421052631575,1.3680107861125463,13.680107861125464,0.5472043144450185,3.420026965281366,8.328765486515419,0.49087385212340523,0.49087385212340523,0.34200269652813664,0.8328765486515419,0.2945243112740431,294.5243112740431,0.205201617916882,205.201617916882,0.4997259291909251,499.7259291909251,499.7259291909251,4.0291243459526,4029.1243459526004,1.1005908473924768,1100.590847392477,1.1005908473924768,1100.590847392477,unique_exposed_swept_capsule_mass,throughput_acquisition_density
E,10.0,78.53981633974483,2.5,4.908738521234052,4.908738521234052,0.1,1.0,0.6,0.6 g/cm^3,62.10526315789473,3600.0,17.251461988304094,28.75243664717349,derived_from_throughput,0.3660873934667378,3.6608739346673778,3.9473684210526314,1.4450818163160701,14.450818163160701,0.578032726526428,3.6127045407901752,8.521443062024227,0.49087385212340523,0.49087385212340523,0.36127045407901753,0.8521443062024228,0.2945243112740431,294.5243112740431,0.2167622724474105,216.7622724474105,0.5112865837214536,511.2865837214536,511.2865837214536,4.256117266851339,4256.117266851339,1.1625959655554332,1162.5959655554332,1.1625959655554332,1162.5959655554332,unique_exposed_swept_capsule_mass,throughput_acquisition_density
E,10.0,78.53981633974483,2.5,4.908738521234052,4.908738521234052,0.1,1.0,0.6,0.6 g/cm^3,62.10526315789473,3600.0,17.251461988304094,28.75243664717349,derived_from_throughput,0.3660873934667378,3.6608739346673778,4.157894736842105,1.522152846519594,15.22152846519594,0.6088611386078375,3.805382116298985,8.714120637533037,0.49087385212340523,0.49087385212340523,0.38053821162989854,0.8714120637533038,0.2945243112740431,294.5243112740431,0.2283229269779391,228.3229269779391,0.5228472382519823,522.8472382519823,522.8472382519823,4.483110187750077,4483.110187750077,1.2246010837183898,1224.6010837183899,1.2246010837183898,1224.6010837183899,unique_exposed_swept_capsule_mass,throughput_acquisition_density
E,10.0,78.53981633974483,2.5,4.908738521234052,4.908738521234052,0.1,1.0,0.6,0.6 g/cm^3,62.10526315789473,3600.0,17.251461988304094,28.75243664717349,derived_from_throughput,0.3660873934667378,3.6608739346673778,4.368421052631579,1.5992238767231177,15.992238767231177,0.639689550689247,3.998059691807794,8.906798213041846,0.49087385212340523,0.49087385212340523,0.39980596918077943,0.8906798213041847,0.2945243112740431,294.5243112740431,0.23988358150846764,239.88358150846764,0.5344078927825108,534.4078927825108,534.4078927825108,4.7101031086488145,4710.103108648815,1.2866062018813462,1286.6062018813461,1.2866062018813462,1286.6062018813461,unique_exposed_swept_capsule_mass,throughput_acquisition_density
E,10.0,78.53981633974483,2.5,4.908738521234052,4.908738521234052,0.1,1.0,0.6,0.6 g/cm^3,62.10526315789473,3600.0,17.251461988304094,28.75243664717349,derived_from_throughput,0.3660873934667378,3.6608739346673778,4.578947368421052,1.6762949069266413,16.762949069266412,0.6705179627706566,4.190737267316603,9.099475788550656,0.49087385212340523,0.49087385212340523,0.4190737267316603,0.9099475788550656,0.2945243112740431,294.5243112740431,0.2514442360389962,251.4442360389962,0.5459685473130393,545.9685473130394,545.9685473130394,4.937096029547552,4937.0960295475525,1.3486113200443026,1348.6113200443026,1.3486113200443026,1348.6113200443026,unique_exposed_swept_capsule_mass,throughput_acquisition_density
E,10.0,78.53981633974483,2.5,4.908738521234052,4.908738521234052,0.1,1.0,0.6,0.6 g/cm^3,62.10526315789473,3600.0,17.251461988304094,28.75243664717349,derived_from_throughput,0.3660873934667378,3.6608739346673778,4.789473684210526,1.753365937130165,17.533659371301653,0.7013463748520661,4.383414842825413,9.292153364059466,0.49087385212340523,0.49087385212340523,0.4383414842825413,0.9292153364059467,0.2945243112740431,294.5243112740431,0.2630048905695248,263.00489056952483,0.557529201843568,557.529201843568,557.529201843568,5.16408895044629,5164.08895044629,1.4106164382072588,1410.6164382072589,1.4106164382072588,1410.6164382072589,unique_exposed_swept_capsule_mass,throughput_acquisition_density
E,10.0,78.53981633974483,2.5,4.908738521234052,4.908738521234052,0.1,1.0,0.6,0.6 g/cm^3,62.10526315789473,3600.0,17.251461988304094,28.75243664717349,derived_from_throughput,0.3660873934667378,3.6608739346673778,5.0,1.8304369673336889,18.30436967333689,0.7321747869334756,4.576092418334222,9.484830939568274,0.49087385212340523,0.49087385212340523,0.4576092418334223,0.9484830939568275,0.2945243112740431,294.5243112740431,0.2745655451000534,274.5655451000534,0.5690898563740965,569.0898563740965,569.0898563740965,5.39108187134503,5391.08187134503,1.4726215563702154,1472.6215563702153,1.4726215563702154,1472.6215563702153,unique_exposed_swept_capsule_mass,throughput_acquisition_density
E,10.0,78.53981633974483,2.5,4.908738521234052,4.908738521234052,0.1,1.0,0.6,0.6 g/cm^3,66.84210526315789,3600.0,18.567251461988302,30.94541910331384,derived_from_throughput,0.39400931330742117,3.9400931330742117,1.0,0.39400931330742117,3.9400931330742117,0.15760372532296846,0.9850232832685529,5.893761804502605,0.49087385212340523,0.49087385212340523,0.09850232832685529,0.5893761804502605,0.2945243112740431,294.5243112740431,0.05910139699611317,59.10139699611317,0.3536257082701563,353.62570827015634,353.62570827015634,1.160453216374269,1160.453216374269,0.2945243112740431,294.5243112740431,0.2945243112740431,294.5243112740431,unique_exposed_swept_capsule_mass,throughput_acquisition_density
E,10.0,78.53981633974483,2.5,4.908738521234052,4.908738521234052,0.1,1.0,0.6,0.6 g/cm^3,66.84210526315789,3600.0,18.567251461988302,30.94541910331384,derived_from_throughput,0.39400931330742117,3.9400931330742117,1.2105263157894737,0.476958642424773,4.76958642424773,0.1907834569699092,1.1923966060619324,6.101135127295985,0.49087385212340523,0.49087385212340523,0.11923966060619325,0.6101135127295985,0.2945243112740431,294.5243112740431,0.07154379636371594,71.54379636371594,0.36606810763775904,366.06810763775906,366.06810763775906,1.4047591566635886,1404.7591566635886,0.35652942943699956,356.5294294369996,0.35652942943699956,356.5294294369996,unique_exposed_swept_capsule_mass,throughput_acquisition_density
E,10.0,78.53981633974483,2.5,4.908738521234052,4.908738521234052,0.1,1.0,0.6,0.6 g/cm^3,66.84210526315789,3600.0,18.567251461988302,30.94541910331384,derived_from_throughput,0.39400931330742117,3.9400931330742117,1.4210526315789473,0.5599079715421248,5.599079715421248,0.2239631886168499,1.399769928855312,6.308508450089364,0.49087385212340523,0.49087385212340523,0.1399769928855312,0.6308508450089364,0.2945243112740431,294.5243112740431,0.08398619573131871,83.98619573131872,0.3785105070053618,378.51050700536183,378.51050700536183,1.6490650969529084,1649.0650969529083,0.418534547599956,418.534547599956,0.418534547599956,418.534547599956,unique_exposed_swept_capsule_mass,throughput_acquisition_density
E,10.0,78.53981633974483,2.5,4.908738521234052,4.908738521234052,0.1,1.0,0.6,0.6 g/cm^3,66.84210526315789,3600.0,18.567251461988302,30.94541910331384,derived_from_throughput,0.39400931330742117,3.9400931330742117,1.631578947368421,0.6428573006594767,6.428573006594767,0.25714292026379065,1.6071432516486917,6.515881772882744,0.49087385212340523,0.49087385212340523,0.16071432516486917,0.6515881772882745,0.2945243112740431,294.5243112740431,0.0964285950989215,96.4285950989215,0.39095290637296465,390.95290637296466,390.95290637296466,1.893371037242228,1893.371037242228,0.4805396657629124,480.5396657629124,0.4805396657629124,480.5396657629124,unique_exposed_swept_capsule_mass,throughput_acquisition_density
E,10.0,78.53981633974483,2.5,4.908738521234052,4.908738521234052,0.1,1.0,0.6,0.6 g/cm^3,66.84210526315789,3600.0,18.567251461988302,30.94541910331384,derived_from_throughput,0.39400931330742117,3.9400931330742117,1.8421052631578947,0.7258066297768284,7.258066297768284,0.29032265191073137,1.814516574442071,6.723255095676123,0.49087385212340523,0.49087385212340523,0.1814516574442071,0.6723255095676124,0.2945243112740431,294.5243112740431,0.10887099446652426,108.87099446652427,0.4033953057405674,403.39530574056744,403.39530574056744,2.137676977531548,2137.676977531548,0.5425447839258689,542.544783925869,0.5425447839258689,542.544783925869,unique_exposed_swept_capsule_mass,throughput_acquisition_density
E,10.0,78.53981633974483,2.5,4.908738521234052,4.908738521234052,0.1,1.0,0.6,0.6 g/cm^3,66.84210526315789,3600.0,18.567251461988302,30.94541910331384,derived_from_throughput,0.39400931330742117,3.9400931330742117,2.052631578947368,0.8087559588941802,8.0875595889418,0.3235023835576721,2.02188989723545,6.930628418469502,0.49087385212340523,0.49087385212340523,0.20218898972354504,0.6930628418469502,0.2945243112740431,294.5243112740431,0.12131339383412702,121.31339383412703,0.41583770510817014,415.83770510817016,415.83770510817016,2.3819829178208676,2381.9829178208674,0.6045499020888252,604.5499020888252,0.6045499020888252,604.5499020888252,unique_exposed_swept_capsule_mass,throughput_acquisition_density
E,10.0,78.53981633974483,2.5,4.908738521234052,4.908738521234052,0.1,1.0,0.6,0.6 g/cm^3,66.84210526315789,3600.0,18.567251461988302,30.94541910331384,derived_from_throughput,0.39400931330742117,3.9400931330742117,2.263157894736842,0.8917052880115321,8.917052880115321,0.35668211520461285,2.2292632200288303,7.138001741262882,0.49087385212340523,0.49087385212340523,0.22292632200288304,0.7138001741262883,0.2945243112740431,294.5243112740431,0.1337557932017298,133.7557932017298,0.42828010447577297,428.280104475773,428.280104475773,2.6262888581101875,2626.2888581101874,0.6665550202517817,666.5550202517817,0.6665550202517817,666.5550202517817,unique_exposed_swept_capsule_mass,throughput_acquisition_density
E,10.0,78.53981633974483,2.5,4.908738521234052,4.908738521234052,0.1,1.0,0.6,0.6 g/cm^3,66.84210526315789,3600.0,18.567251461988302,30.94541910331384,derived_from_throughput,0.39400931330742117,3.9400931330742117,2.473684210526316,0.974654617128884,9.74654617128884,0.3898618468515536,2.43663654282221,7.345375064056261,0.49087385212340523,0.49087385212340523,0.243663654282221,0.7345375064056262,0.2945243112740431,294.5243112740431,0.14619819256933259,146.19819256933258,0.4407225038433757,440.7225038433757,440.7225038433757,2.8705947983995075,2870.5947983995075,0.7285601384147382,728.5601384147382,0.7285601384147382,728.5601384147382,unique_exposed_swept_capsule_mass,throughput_acquisition_density
E,10.0,78.53981633974483,2.5,4.908738521234052,4.908738521234052,0.1,1.0,0.6,0.6 g/cm^3,66.84210526315789,3600.0,18.567251461988302,30.94541910331384,derived_from_throughput,0.39400931330742117,3.9400931330742117,2.6842105263157894,1.0576039462462357,10.576039462462356,0.4230415784984943,2.644009865615589,7.5527483868496414,0.49087385212340523,0.49087385212340523,0.2644009865615589,0.7552748386849641,0.2945243112740431,294.5243112740431,0.15864059193693533,158.64059193693532,0.45316490321097846,453.1649032109785,453.1649032109785,3.114900738688827,3114.900738688827,0.7905652565776946,790.5652565776946,0.7905652565776946,790.5652565776946,unique_exposed_swept_capsule_mass,throughput_acquisition_density
E,10.0,78.53981633974483,2.5,4.908738521234052,4.908738521234052,0.1,1.0,0.6,0.6 g/cm^3,66.84210526315789,3600.0,18.567251461988302,30.94541910331384,derived_from_throughput,0.39400931330742117,3.9400931330742117,2.894736842105263,1.1405532753635874,11.405532753635875,0.456221310145435,2.8513831884089686,7.760121709643021,0.49087385212340523,0.49087385212340523,0.28513831884089685,0.7760121709643021,0.2945243112740431,294.5243112740431,0.1710829913045381,171.0829913045381,0.46560730257858124,465.60730257858125,465.60730257858125,3.3592066789781465,3359.2066789781466,0.852570374740651,852.570374740651,0.852570374740651,852.570374740651,unique_exposed_swept_capsule_mass,throughput_acquisition_density
E,10.0,78.53981633974483,2.5,4.908738521234052,4.908738521234052,0.1,1.0,0.6,0.6 g/cm^3,66.84210526315789,3600.0,18.567251461988302,30.94541910331384,derived_from_throughput,0.39400931330742117,3.9400931330742117,3.1052631578947367,1.2235026044809394,12.235026044809395,0.48940104179237576,3.0587565112023487,7.967495032436401,0.49087385212340523,0.49087385212340523,0.3058756511202349,0.7967495032436401,0.2945243112740431,294.5243112740431,0.18352539067214094,183.52539067214093,0.47804970194618407,478.0497019461841,478.0497019461841,3.6035126192674665,3603.5126192674666,0.9145754929036075,914.5754929036075,0.9145754929036075,914.5754929036075,unique_exposed_swept_capsule_mass,throughput_acquisition_density
E,10.0,78.53981633974483,2.5,4.908738521234052,4.908738521234052,0.1,1.0,0.6,0.6 g/cm^3,66.84210526315789,3600.0,18.567251461988302,30.94541910331384,derived_from_throughput,0.39400931330742117,3.9400931330742117,3.3157894736842106,1.3064519335982914,13.064519335982913,0.5225807734393165,3.2661298339957283,8.17486835522978,0.49087385212340523,0.49087385212340523,0.32661298339957284,0.8174868355229781,0.2945243112740431,294.5243112740431,0.1959677900397437,195.9677900397437,0.49049210131378684,490.49210131378686,490.49210131378686,3.8478185595567864,3847.8185595567866,0.976580611066564,976.5806110665641,0.976580611066564,976.5806110665641,unique_exposed_swept_capsule_mass,throughput_acquisition_density
E,10.0,78.53981633974483,2.5,4.908738521234052,4.908738521234052,0.1,1.0,0.6,0.6 g/cm^3,66.84210526315789,3600.0,18.567251461988302,30.94541910331384,derived_from_throughput,0.39400931330742117,3.9400931330742117,3.526315789473684,1.3894012627156431,13.894012627156432,0.5557605050862573,3.473503156789108,8.38224167802316,0.49087385212340523,0.49087385212340523,0.34735031567891084,0.838224167802316,0.2945243112740431,294.5243112740431,0.20841018940734649,208.41018940734648,0.5029345006813896,502.9345006813896,502.9345006813896,4.092124499846106,4092.124499846106,1.0385857292295204,1038.5857292295204,1.0385857292295204,1038.5857292295204,unique_exposed_swept_capsule_mass,throughput_acquisition_density
E,10.0,78.53981633974483,2.5,4.908738521234052,4.908738521234052,0.1,1.0,0.6,0.6 g/cm^3,66.84210526315789,3600.0,18.567251461988302,30.94541910331384,derived_from_throughput,0.39400931330742117,3.9400931330742117,3.7368421052631575,1.4723505918329947,14.723505918329947,0.5889402367331978,3.6808764795824866,8.589615000816538,0.49087385212340523,0.49087385212340523,0.36808764795824866,0.8589615000816538,0.2945243112740431,294.5243112740431,0.2208525887749492,220.8525887749492,0.5153769000489923,515.3769000489923,515.3769000489923,4.336430440135426,4336.430440135426,1.1005908473924768,1100.590847392477,1.1005908473924768,1100.590847392477,unique_exposed_swept_capsule_mass,throughput_acquisition_density
E,10.0,78.53981633974483,2.5,4.908738521234052,4.908738521234052,0.1,1.0,0.6,0.6 g/cm^3,66.84210526315789,3600.0,18.567251461988302,30.94541910331384,derived_from_throughput,0.39400931330742117,3.9400931330742117,3.9473684210526314,1.5552999209503466,15.552999209503467,0.6221199683801386,3.8882498023758667,8.796988323609918,0.49087385212340523,0.49087385212340523,0.3888249802375867,0.8796988323609919,0.2945243112740431,294.5243112740431,0.233294988142552,233.294988142552,0.5278192994165951,527.8192994165951,527.8192994165951,4.580736380424746,4580.736380424746,1.1625959655554332,1162.5959655554332,1.1625959655554332,1162.5959655554332,unique_exposed_swept_capsule_mass,throughput_acquisition_density
E,10.0,78.53981633974483,2.5,4.908738521234052,4.908738521234052,0.1,1.0,0.6,0.6 g/cm^3,66.84210526315789,3600.0,18.567251461988302,30.94541910331384,derived_from_throughput,0.39400931330742117,3.9400931330742117,4.157894736842105,1.6382492500676986,16.382492500676985,0.6552997000270795,4.095623125169246,9.004361646403298,0.49087385212340523,0.49087385212340523,0.40956231251692465,0.9004361646403298,0.2945243112740431,294.5243112740431,0.24573738751015478,245.73738751015478,0.5402616987841978,540.2616987841978,540.2616987841978,4.825042320714066,4825.042320714066,1.2246010837183898,1224.6010837183899,1.2246010837183898,1224.6010837183899,unique_exposed_swept_capsule_mass,throughput_acquisition_density
E,10.0,78.53981633974483,2.5,4.908738521234052,4.908738521234052,0.1,1.0,0.6,0.6 g/cm^3,66.84210526315789,3600.0,18.567251461988302,30.94541910331384,derived_from_throughput,0.39400931330742117,3.9400931330742117,4.368421052631579,1.7211985791850504,17.211985791850502,0.6884794316740201,4.3029964479626255,9.211734969196677,0.49087385212340523,0.49087385212340523,0.4302996447962626,0.9211734969196677,0.2945243112740431,294.5243112740431,0.25817978687775756,258.1797868777576,0.5527040981518005,552.7040981518005,552.7040981518005,5.069348261003385,5069.348261003385,1.2866062018813462,1286.6062018813461,1.2866062018813462,1286.6062018813461,unique_exposed_swept_capsule_mass,throughput_acquisition_density
E,10.0,78.53981633974483,2.5,4.908738521234052,4.908738521234052,0.1,1.0,0.6,0.6 g/cm^3,66.84210526315789,3600.0,18.567251461988302,30.94541910331384,derived_from_throughput,0.39400931330742117,3.9400931330742117,4.578947368421052,1.8041479083024021,18.041479083024022,0.7216591633209608,4.5103697707560055,9.419108291990057,0.49087385212340523,0.49087385212340523,0.4510369770756006,0.9419108291990057,0.2945243112740431,294.5243112740431,0.27062218624536033,270.62218624536035,0.5651464975194034,565.1464975194034,565.1464975194034,5.313654201292705,5313.654201292705,1.3486113200443026,1348.6113200443026,1.3486113200443026,1348.6113200443026,unique_exposed_swept_capsule_mass,throughput_acquisition_density
E,10.0,78.53981633974483,2.5,4.908738521234052,4.908738521234052,0.1,1.0,0.6,0.6 g/cm^3,66.84210526315789,3600.0,18.567251461988302,30.94541910331384,derived_from_throughput,0.39400931330742117,3.9400931330742117,4.789473684210526,1.8870972374197539,18.87097237419754,0.7548388949679016,4.717743093549385,9.626481614783437,0.49087385212340523,0.49087385212340523,0.47177430935493847,0.9626481614783438,0.2945243112740431,294.5243112740431,0.28306458561296305,283.06458561296307,0.5775888968870062,577.5888968870062,577.5888968870062,5.557960141582024,5557.960141582024,1.4106164382072588,1410.6164382072589,1.4106164382072588,1410.6164382072589,unique_exposed_swept_capsule_mass,throughput_acquisition_density
E,10.0,78.53981633974483,2.5,4.908738521234052,4.908738521234052,0.1,1.0,0.6,0.6 g/cm^3,66.84210526315789,3600.0,18.567251461988302,30.94541910331384,derived_from_throughput,0.39400931330742117,3.9400931330742117,5.0,1.9700465665371059,19.70046566537106,0.7880186266148423,4.925116416342765,9.833854937576817,0.49087385212340523,0.49087385212340523,0.4925116416342765,0.9833854937576817,0.2945243112740431,294.5243112740431,0.2955069849805659,295.5069849805659,0.590031296254609,590.0312962546091,590.0312962546091,5.802266081871345,5802.266081871345,1.4726215563702154,1472.6215563702153,1.4726215563702154,1472.6215563702153,unique_exposed_swept_capsule_mass,throughput_acquisition_density
E,10.0,78.53981633974483,2.5,4.908738521234052,4.908738521234052,0.1,1.0,0.6,0.6 g/cm^3,71.57894736842104,3600.0,19.88304093567251,33.13840155945419,derived_from_throughput,0.42193123314810455,4.219312331481046,1.0,0.42193123314810455,4.219312331481046,0.16877249325924182,1.0548280828702614,5.963566604104313,0.49087385212340523,0.49087385212340523,0.10548280828702615,0.5963566604104313,0.2945243112740431,294.5243112740431,0.06328968497221568,63.28968497221568,0.3578139962462588,357.8139962462588,357.8139962462588,1.242690058479532,1242.690058479532,0.2945243112740431,294.5243112740431,0.2945243112740431,294.5243112740431,unique_exposed_swept_capsule_mass,throughput_acquisition_density
E,10.0,78.53981633974483,2.5,4.908738521234052,4.908738521234052,0.1,1.0,0.6,0.6 g/cm^3,71.57894736842104,3600.0,19.88304093567251,33.13840155945419,derived_from_throughput,0.42193123314810455,4.219312331481046,1.2105263157894737,0.5107588611792845,5.107588611792845,0.20430354447171378,1.2768971529482112,6.185635674182263,0.49087385212340523,0.49087385212340523,0.12768971529482112,0.6185635674182264,0.2945243112740431,294.5243112740431,0.07661382917689268,76.61382917689268,0.3711381404509358,371.1381404509358,371.1381404509358,1.5043090181594334,1504.3090181594334,0.35652942943699956,356.5294294369996,0.35652942943699956,356.5294294369996,unique_exposed_swept_capsule_mass,throughput_acquisition_density
E,10.0,78.53981633974483,2.5,4.908738521234052,4.908738521234052,0.1,1.0,0.6,0.6 g/cm^3,71.57894736842104,3600.0,19.88304093567251,33.13840155945419,derived_from_throughput,0.42193123314810455,4.219312331481046,1.4210526315789473,0.5995864892104643,5.995864892104644,0.23983459568418572,1.498966223026161,6.407704744260213,0.49087385212340523,0.49087385212340523,0.1498966223026161,0.6407704744260214,0.2945243112740431,294.5243112740431,0.08993797338156966,89.93797338156965,0.38446228465561283,384.46228465561285,384.46228465561285,1.7659279778393349,1765.927977839335,0.418534547599956,418.534547599956,0.418534547599956,418.534547599956,unique_exposed_swept_capsule_mass,throughput_acquisition_density
E,10.0,78.53981633974483,2.5,4.908738521234052,4.908738521234052,0.1,1.0,0.6,0.6 g/cm^3,71.57894736842104,3600.0,19.88304093567251,33.13840155945419,derived_from_throughput,0.42193123314810455,4.219312331481046,1.631578947368421,0.6884141172416443,6.8841411724164425,0.2753656468966577,1.7210352931041106,6.629773814338162,0.49087385212340523,0.49087385212340523,0.17210352931041106,0.6629773814338162,0.2945243112740431,294.5243112740431,0.10326211758624664,103.26211758624663,0.39778642886028975,397.78642886028973,397.78642886028973,2.027546937519236,2027.546937519236,0.4805396657629124,480.5396657629124,0.4805396657629124,480.5396657629124,unique_exposed_swept_capsule_mass,throughput_acquisition_density
E,10.0,78.53981633974483,2.5,4.908738521234052,4.908738521234052,0.1,1.0,0.6,0.6 g/cm^3,71.57894736842104,3600.0,19.88304093567251,33.13840155945419,derived_from_throughput,0.42193123314810455,4.219312331481046,1.8421052631578947,0.7772417452728242,7.7724174527282415,0.3108966981091297,1.9431043631820604,6.851842884416112,0.49087385212340523,0.49087385212340523,0.19431043631820605,0.6851842884416113,0.2945243112740431,294.5243112740431,0.11658626179092363,116.58626179092363,0.41111057306496673,411.11057306496673,411.11057306496673,2.2891658971991378,2289.165897199138,0.5425447839258689,542.544783925869,0.5425447839258689,542.544783925869,unique_exposed_swept_capsule_mass,throughput_acquisition_density
E,10.0,78.53981633974483,2.5,4.908738521234052,4.908738521234052,0.1,1.0,0.6,0.6 g/cm^3,71.57894736842104,3600.0,19.88304093567251,33.13840155945419,derived_from_throughput,0.42193123314810455,4.219312331481046,2.052631578947368,0.8660693733040039,8.66069373304004,0.3464277493216016,2.16517343326001,7.073911954494061,0.49087385212340523,0.49087385212340523,0.216517343326001,0.7073911954494062,0.2945243112740431,294.5243112740431,0.1299104059956006,129.9104059956006,0.4244347172696437,424.4347172696437,424.4347172696437,2.550784856879039,2550.784856879039,0.6045499020888252,604.5499020888252,0.6045499020888252,604.5499020888252,unique_exposed_swept_capsule_mass,throughput_acquisition_density
E,10.0,78.53981633974483,2.5,4.908738521234052,4.908738521234052,0.1,1.0,0.6,0.6 g/cm^3,71.57894736842104,3600.0,19.88304093567251,33.13840155945419,derived_from_throughput,0.42193123314810455,4.219312331481046,2.263157894736842,0.954897001335184,9.54897001335184,0.3819588005340736,2.38724250333796,7.295981024572011,0.49087385212340523,0.49087385212340523,0.238724250333796,0.7295981024572011,0.2945243112740431,294.5243112740431,0.1432345502002776,143.2345502002776,0.4377588614743207,437.75886147432067,437.75886147432067,2.8124038165589407,2812.403816558941,0.6665550202517817,666.5550202517817,0.6665550202517817,666.5550202517817,unique_exposed_swept_capsule_mass,throughput_acquisition_density
E,10.0,78.53981633974483,2.5,4.908738521234052,4.908738521234052,0.1,1.0,0.6,0.6 g/cm^3,71.57894736842104,3600.0,19.88304093567251,33.13840155945419,derived_from_throughput,0.42193123314810455,4.219312331481046,2.473684210526316,1.043724629366364,10.437246293663641,0.4174898517465456,2.6093115734159102,7.518050094649962,0.49087385212340523,0.49087385212340523,0.26093115734159106,0.7518050094649963,0.2945243112740431,294.5243112740431,0.15655869440495462,156.55869440495462,0.45108300567899773,451.0830056789977,451.0830056789977,3.0740227762388423,3074.022776238842,0.7285601384147382,728.5601384147382,0.7285601384147382,728.5601384147382,unique_exposed_swept_capsule_mass,throughput_acquisition_density
E,10.0,78.53981633974483,2.5,4.908738521234052,4.908738521234052,0.1,1.0,0.6,0.6 g/cm^3,71.57894736842104,3600.0,19.88304093567251,33.13840155945419,derived_from_throughput,0.42193123314810455,4.219312331481046,2.6842105263157894,1.1325522573975437,11.325522573975437,0.4530209029590175,2.8313806434938593,7.740119164727911,0.49087385212340523,0.49087385212340523,0.28313806434938593,0.7740119164727912,0.2945243112740431,294.5243112740431,0.16988283860963155,169.88283860963153,0.4644071498836747,464.4071498836747,464.4071498836747,3.3356417359187436,3335.6417359187435,0.7905652565776946,790.5652565776946,0.7905652565776946,790.5652565776946,unique_exposed_swept_capsule_mass,throughput_acquisition_density
E,10.0,78.53981633974483,2.5,4.908738521234052,4.908738521234052,0.1,1.0,0.6,0.6 g/cm^3,71.57894736842104,3600.0,19.88304093567251,33.13840155945419,derived_from_throughput,0.42193123314810455,4.219312331481046,2.894736842105263,1.2213798854287234,12.213798854287234,0.4885519541714894,3.0534497135718084,7.96218823480586,0.49087385212340523,0.49087385212340523,0.30534497135718086,0.796218823480586,0.2945243112740431,294.5243112740431,0.1832069828143085,183.2069828143085,0.4777312940883516,477.7312940883516,477.7312940883516,3.597260695598645,3597.260695598645,0.852570374740651,852.570374740651,0.852570374740651,852.570374740651,unique_exposed_swept_capsule_mass,throughput_acquisition_density
E,10.0,78.53981633974483,2.5,4.908738521234052,4.908738521234052,0.1,1.0,0.6,0.6 g/cm^3,71.57894736842104,3600.0,19.88304093567251,33.13840155945419,derived_from_throughput,0.42193123314810455,4.219312331481046,3.1052631578947367,1.3102075134599036,13.102075134599037,0.5240830053839615,3.2755187836497592,8.184257304883811,0.49087385212340523,0.49087385212340523,0.32755187836497596,0.8184257304883812,0.2945243112740431,294.5243112740431,0.19653112701898556,196.53112701898556,0.49105543829302867,491.05543829302866,491.05543829302866,3.8588796552785465,3858.8796552785466,0.9145754929036075,914.5754929036075,0.9145754929036075,914.5754929036075,unique_exposed_swept_capsule_mass,throughput_acquisition_density
E,10.0,78.53981633974483,2.5,4.908738521234052,4.908738521234052,0.1,1.0,0.6,0.6 g/cm^3,71.57894736842104,3600.0,19.88304093567251,33.13840155945419,derived_from_throughput,0.42193123314810455,4.219312331481046,3.3157894736842106,1.3990351414910835,13.990351414910835,0.5596140565964334,3.4975878537277088,8.406326374961761,0.49087385212340523,0.49087385212340523,0.3497587853727709,0.8406326374961761,0.2945243112740431,294.5243112740431,0.20985527122366252,209.85527122366253,0.5043795824977056,504.37958249770566,504.37958249770566,4.120498614958448,4120.498614958448,0.976580611066564,976.5806110665641,0.976580611066564,976.5806110665641,unique_exposed_swept_capsule_mass,throughput_acquisition_density
E,10.0,78.53981633974483,2.5,4.908738521234052,4.908738521234052,0.1,1.0,0.6,0.6 g/cm^3,71.57894736842104,3600.0,19.88304093567251,33.13840155945419,derived_from_throughput,0.42193123314810455,4.219312331481046,3.526315789473684,1.4878627695222633,14.878627695222633,0.5951451078089053,3.7196569238056583,8.628395445039711,0.49087385212340523,0.49087385212340523,0.37196569238056587,0.8628395445039712,0.2945243112740431,294.5243112740431,0.22317941542833952,223.17941542833952,0.5177037267023826,517.7037267023826,517.7037267023826,4.382117574638349,4382.11757463835,1.0385857292295204,1038.5857292295204,1.0385857292295204,1038.5857292295204,unique_exposed_swept_capsule_mass,throughput_acquisition_density
E,10.0,78.53981633974483,2.5,4.908738521234052,4.908738521234052,0.1,1.0,0.6,0.6 g/cm^3,71.57894736842104,3600.0,19.88304093567251,33.13840155945419,derived_from_throughput,0.42193123314810455,4.219312331481046,3.7368421052631575,1.5766903975534432,15.766903975534433,0.6306761590213773,3.9417259938836082,8.850464515117661,0.49087385212340523,0.49087385212340523,0.39417259938836086,0.8850464515117662,0.2945243112740431,294.5243112740431,0.2365035596330165,236.5035596330165,0.5310278709070597,531.0278709070598,531.0278709070598,4.643736534318251,4643.736534318251,1.1005908473924768,1100.590847392477,1.1005908473924768,1100.590847392477,unique_exposed_swept_capsule_mass,throughput_acquisition_density
E,10.0,78.53981633974483,2.5,4.908738521234052,4.908738521234052,0.1,1.0,0.6,0.6 g/cm^3,71.57894736842104,3600.0,19.88304093567251,33.13840155945419,derived_from_throughput,0.42193123314810455,4.219312331481046,3.9473684210526314,1.6655180255846231,16.655180255846233,0.6662072102338492,4.163795063961558,9.072533585195611,0.49087385212340523,0.49087385212340523,0.41637950639615584,0.9072533585195611,0.2945243112740431,294.5243112740431,0.24982770383769348,249.8277038376935,0.5443520151117367,544.3520151117367,544.3520151117367,4.905355493998152,4905.355493998152,1.1625959655554332,1162.5959655554332,1.1625959655554332,1162.5959655554332,unique_exposed_swept_capsule_mass,throughput_acquisition_density
E,10.0,78.53981633974483,2.5,4.908738521234052,4.908738521234052,0.1,1.0,0.6,0.6 g/cm^3,71.57894736842104,3600.0,19.88304093567251,33.13840155945419,derived_from_throughput,0.42193123314810455,4.219312331481046,4.157894736842105,1.754345653615803,17.543456536158033,0.7017382614463212,4.385864134039508,9.294602655273561,0.49087385212340523,0.49087385212340523,0.4385864134039508,0.9294602655273562,0.2945243112740431,294.5243112740431,0.26315184804237046,263.1518480423705,0.5576761593164137,557.6761593164136,557.6761593164136,5.166974453678054,5166.974453678054,1.2246010837183898,1224.6010837183899,1.2246010837183898,1224.6010837183899,unique_exposed_swept_capsule_mass,throughput_acquisition_density
E,10.0,78.53981633974483,2.5,4.908738521234052,4.908738521234052,0.1,1.0,0.6,0.6 g/cm^3,71.57894736842104,3600.0,19.88304093567251,33.13840155945419,derived_from_throughput,0.42193123314810455,4.219312331481046,4.368421052631579,1.843173281646983,18.43173281646983,0.7372693126587933,4.607933204117457,9.51667172535151,0.49087385212340523,0.49087385212340523,0.46079332041174575,0.951667172535151,0.2945243112740431,294.5243112740431,0.27647599224704744,276.47599224704743,0.5710003035210905,571.0003035210906,571.0003035210906,5.428593413357955,5428.593413357955,1.2866062018813462,1286.6062018813461,1.2866062018813462,1286.6062018813461,unique_exposed_swept_capsule_mass,throughput_acquisition_density
E,10.0,78.53981633974483,2.5,4.908738521234052,4.908738521234052,0.1,1.0,0.6,0.6 g/cm^3,71.57894736842104,3600.0,19.88304093567251,33.13840155945419,derived_from_throughput,0.42193123314810455,4.219312331481046,4.578947368421052,1.9320009096781627,19.32000909678163,0.772800363871265,4.830002274195407,9.73874079542946,0.49087385212340523,0.49087385212340523,0.48300022741954074,0.9738740795429459,0.2945243112740431,294.5243112740431,0.2898001364517244,289.8001364517244,0.5843244477257675,584.3244477257675,584.3244477257675,5.690212373037856,5690.212373037856,1.3486113200443026,1348.6113200443026,1.3486113200443026,1348.6113200443026,unique_exposed_swept_capsule_mass,throughput_acquisition_density
E,10.0,78.53981633974483,2.5,4.908738521234052,4.908738521234052,0.1,1.0,0.6,0.6 g/cm^3,71.57894736842104,3600.0,19.88304093567251,33.13840155945419,derived_from_throughput,0.42193123314810455,4.219312331481046,4.789473684210526,2.0208285377093427,20.208285377093425,0.8083314150837371,5.052071344273356,9.960809865507407,0.49087385212340523,0.49087385212340523,0.5052071344273357,0.9960809865507407,0.2945243112740431,294.5243112740431,0.3031242806564014,303.1242806564014,0.5976485919304444,597.6485919304444,597.6485919304444,5.951831332717758,5951.8313327177575,1.4106164382072588,1410.6164382072589,1.4106164382072588,1410.6164382072589,unique_exposed_swept_capsule_mass,throughput_acquisition_density
E,10.0,78.53981633974483,2.5,4.908738521234052,4.908738521234052,0.1,1.0,0.6,0.6 g/cm^3,71.57894736842104,3600.0,19.88304093567251,33.13840155945419,derived_from_throughput,0.42193123314810455,4.219312331481046,5.0,2.109656165740523,21.09656165740523,0.8438624662962091,5.274140414351307,10.182878935585359,0.49087385212340523,0.49087385212340523,0.5274140414351307,1.018287893558536,0.2945243112740431,294.5243112740431,0.31644842486107844,316.4484248610784,0.6109727361351216,610.9727361351216,610.9727361351216,6.21345029239766,6213.45029239766,1.4726215563702154,1472.6215563702153,1.4726215563702154,1472.6215563702153,unique_exposed_swept_capsule_mass,throughput_acquisition_density
E,10.0,78.53981633974483,2.5,4.908738521234052,4.908738521234052,0.1,1.0,0.6,0.6 g/cm^3,76.3157894736842,3600.0,21.198830409356724,35.331384015594544,derived_from_throughput,0.44985315298878803,4.49853152988788,1.0,0.44985315298878803,4.49853152988788,0.1799412611955152,1.12463288247197,6.033371403706022,0.49087385212340523,0.49087385212340523,0.11246328824719701,0.6033371403706023,0.2945243112740431,294.5243112740431,0.0674779729483182,67.4779729483182,0.36200228422236136,362.00228422236137,362.00228422236137,1.3249269005847955,1324.9269005847955,0.2945243112740431,294.5243112740431,0.2945243112740431,294.5243112740431,unique_exposed_swept_capsule_mass,throughput_acquisition_density
E,10.0,78.53981633974483,2.5,4.908738521234052,4.908738521234052,0.1,1.0,0.6,0.6 g/cm^3,76.3157894736842,3600.0,21.198830409356724,35.331384015594544,derived_from_throughput,0.44985315298878803,4.49853152988788,1.2105263157894737,0.544559079933796,5.44559079933796,0.21782363197351842,1.36139769983449,6.270136221068542,0.49087385212340523,0.49087385212340523,0.136139769983449,0.6270136221068543,0.2945243112740431,294.5243112740431,0.0816838619900694,81.6838619900694,0.37620817326411254,376.20817326411253,376.20817326411253,1.6038588796552786,1603.8588796552785,0.35652942943699956,356.5294294369996,0.35652942943699956,356.5294294369996,unique_exposed_swept_capsule_mass,throughput_acquisition_density
E,10.0,78.53981633974483,2.5,4.908738521234052,4.908738521234052,0.1,1.0,0.6,0.6 g/cm^3,76.3157894736842,3600.0,21.198830409356724,35.331384015594544,derived_from_throughput,0.44985315298878803,4.49853152988788,1.4210526315789473,0.639265006878804,6.392650068788041,0.2557060027515216,1.5981625171970102,6.506901038431062,0.49087385212340523,0.49087385212340523,0.15981625171970104,0.6506901038431062,0.2945243112740431,294.5243112740431,0.09588975103182062,95.88975103182062,0.39041406230586373,390.41406230586375,390.41406230586375,1.882790858725762,1882.790858725762,0.418534547599956,418.534547599956,0.418534547599956,418.534547599956,unique_exposed_swept_capsule_mass,throughput_acquisition_density
E,10.0,78.53981633974483,2.5,4.908738521234052,4.908738521234052,0.1,1.0,0.6,0.6 g/cm^3,76.3157894736842,3600.0,21.198830409356724,35.331384015594544,derived_from_throughput,0.44985315298878803,4.49853152988788,1.631578947368421,0.7339709338238121,7.339709338238121,0.2935883735295248,1.8349273345595303,6.743665855793582,0.49087385212340523,0.49087385212340523,0.18349273345595304,0.6743665855793582,0.2945243112740431,294.5243112740431,0.11009564007357182,110.09564007357183,0.4046199513476149,404.6199513476149,404.6199513476149,2.161722837796245,2161.722837796245,0.4805396657629124,480.5396657629124,0.4805396657629124,480.5396657629124,unique_exposed_swept_capsule_mass,throughput_acquisition_density
E,10.0,78.53981633974483,2.5,4.908738521234052,4.908738521234052,0.1,1.0,0.6,0.6 g/cm^3,76.3157894736842,3600.0,21.198830409356724,35.331384015594544,derived_from_throughput,0.44985315298878803,4.49853152988788,1.8421052631578947,0.8286768607688201,8.2867686076882,0.33147074430752804,2.07169215192205,6.980430673156102,0.49087385212340523,0.49087385212340523,0.20716921519220502,0.6980430673156102,0.2945243112740431,294.5243112740431,0.12430152911532301,124.301529115323,0.4188258403893661,418.8258403893661,418.8258403893661,2.4406548168667284,2440.654816866728,0.5425447839258689,542.544783925869,0.5425447839258689,542.544783925869,unique_exposed_swept_capsule_mass,throughput_acquisition_density
E,10.0,78.53981633974483,2.5,4.908738521234052,4.908738521234052,0.1,1.0,0.6,0.6 g/cm^3,76.3157894736842,3600.0,21.198830409356724,35.331384015594544,derived_from_throughput,0.44985315298878803,4.49853152988788,2.052631578947368,0.923382787713828,9.23382787713828,0.3693531150855312,2.30845696928457,7.2171954905186215,0.49087385212340523,0.49087385212340523,0.23084569692845702,0.7217195490518622,0.2945243112740431,294.5243112740431,0.1385074181570742,138.5074181570742,0.4330317294311173,433.0317294311173,433.0317294311173,2.7195867959372113,2719.5867959372113,0.6045499020888252,604.5499020888252,0.6045499020888252,604.5499020888252,unique_exposed_swept_capsule_mass,throughput_acquisition_density
E,10.0,78.53981633974483,2.5,4.908738521234052,4.908738521234052,0.1,1.0,0.6,0.6 g/cm^3,76.3157894736842,3600.0,21.198830409356724,35.331384015594544,derived_from_throughput,0.44985315298878803,4.49853152988788,2.263157894736842,1.018088714658836,10.18088714658836,0.4072354858635344,2.54522178664709,7.453960307881141,0.49087385212340523,0.49087385212340523,0.254522178664709,0.7453960307881142,0.2945243112740431,294.5243112740431,0.1527133071988254,152.7133071988254,0.4472376184728685,447.2376184728685,447.2376184728685,2.9985187750076947,2998.518775007695,0.6665550202517817,666.5550202517817,0.6665550202517817,666.5550202517817,unique_exposed_swept_capsule_mass,throughput_acquisition_density
E,10.0,78.53981633974483,2.5,4.908738521234052,4.908738521234052,0.1,1.0,0.6,0.6 g/cm^3,76.3157894736842,3600.0,21.198830409356724,35.331384015594544,derived_from_throughput,0.44985315298878803,4.49853152988788,2.473684210526316,1.1127946416038441,11.12794641603844,0.44511785664153763,2.78198660400961,7.690725125243662,0.49087385212340523,0.49087385212340523,0.27819866040096103,0.7690725125243663,0.2945243112740431,294.5243112740431,0.1669191962405766,166.9191962405766,0.4614435075146197,461.4435075146197,461.4435075146197,3.2774507540781785,3277.4507540781788,0.7285601384147382,728.5601384147382,0.7285601384147382,728.5601384147382,unique_exposed_swept_capsule_mass,throughput_acquisition_density
E,10.0,78.53981633974483,2.5,4.908738521234052,4.908738521234052,0.1,1.0,0.6,0.6 g/cm^3,76.3157894736842,3600.0,21.198830409356724,35.331384015594544,derived_from_throughput,0.44985315298878803,4.49853152988788,2.6842105263157894,1.207500568548852,12.07500568548852,0.4830002274195408,3.01875142137213,7.927489942606182,0.49087385212340523,0.49087385212340523,0.301875142137213,0.7927489942606183,0.2945243112740431,294.5243112740431,0.1811250852823278,181.1250852823278,0.47564939655637095,475.64939655637096,475.64939655637096,3.5563827331486615,3556.3827331486614,0.7905652565776946,790.5652565776946,0.7905652565776946,790.5652565776946,unique_exposed_swept_capsule_mass,throughput_acquisition_density
E,10.0,78.53981633974483,2.5,4.908738521234052,4.908738521234052,0.1,1.0,0.6,0.6 g/cm^3,76.3157894736842,3600.0,21.198830409356724,35.331384015594544,derived_from_throughput,0.44985315298878803,4.49853152988788,2.894736842105263,1.30220649549386,13.0220649549386,0.520882598197544,3.25551623873465,8.164254759968703,0.49087385212340523,0.49087385212340523,0.32555162387346503,0.8164254759968703,0.2945243112740431,294.5243112740431,0.195330974324079,195.330974324079,0.4898552855981222,489.8552855981222,489.8552855981222,3.8353147122191444,3835.3147122191444,0.852570374740651,852.570374740651,0.852570374740651,852.570374740651,unique_exposed_swept_capsule_mass,throughput_acquisition_density
E,10.0,78.53981633974483,2.5,4.908738521234052,4.908738521234052,0.1,1.0,0.6,0.6 g/cm^3,76.3157894736842,3600.0,21.198830409356724,35.331384015594544,derived_from_throughput,0.44985315298878803,4.49853152988788,3.1052631578947367,1.396912422438868,13.96912422438868,0.5587649689755472,3.49228105609717,8.401019577331223,0.49087385212340523,0.49087385212340523,0.34922810560971707,0.8401019577331224,0.2945243112740431,294.5243112740431,0.20953686336583024,209.53686336583024,0.5040611746398734,504.06117463987346,504.06117463987346,4.114246691289628,4114.246691289628,0.9145754929036075,914.5754929036075,0.9145754929036075,914.5754929036075,unique_exposed_swept_capsule_mass,throughput_acquisition_density
E,10.0,78.53981633974483,2.5,4.908738521234052,4.908738521234052,0.1,1.0,0.6,0.6 g/cm^3,76.3157894736842,3600.0,21.198830409356724,35.331384015594544,derived_from_throughput,0.44985315298878803,4.49853152988788,3.3157894736842106,1.4916183493838762,14.916183493838762,0.5966473397535504,3.7290458734596905,8.637784394693742,0.49087385212340523,0.49087385212340523,0.3729045873459691,0.8637784394693743,0.2945243112740431,294.5243112740431,0.22374275240758146,223.74275240758146,0.5182670636816246,518.2670636816246,518.2670636816246,4.393178670360111,4393.178670360111,0.976580611066564,976.5806110665641,0.976580611066564,976.5806110665641,unique_exposed_swept_capsule_mass,throughput_acquisition_density
E,10.0,78.53981633974483,2.5,4.908738521234052,4.908738521234052,0.1,1.0,0.6,0.6 g/cm^3,76.3157894736842,3600.0,21.198830409356724,35.331384015594544,derived_from_throughput,0.44985315298878803,4.49853152988788,3.526315789473684,1.586324276328884,15.863242763288842,0.6345297105315536,3.9658106908222104,8.874549212056262,0.49087385212340523,0.49087385212340523,0.39658106908222107,0.8874549212056263,0.2945243112740431,294.5243112740431,0.23794864144933264,237.94864144933265,0.5324729527233758,532.4729527233758,532.4729527233758,4.672110649430595,4672.110649430595,1.0385857292295204,1038.5857292295204,1.0385857292295204,1038.5857292295204,unique_exposed_swept_capsule_mass,throughput_acquisition_density
E,10.0,78.53981633974483,2.5,4.908738521234052,4.908738521234052,0.1,1.0,0.6,0.6 g/cm^3,76.3157894736842,3600.0,21.198830409356724,35.331384015594544,derived_from_throughput,0.44985315298878803,4.49853152988788,3.7368421052631575,1.681030203273892,16.81030203273892,0.6724120813095568,4.20257550818473,9.111314029418782,0.49087385212340523,0.49087385212340523,0.42025755081847305,0.9111314029418782,0.2945243112740431,294.5243112740431,0.25215453049108383,252.15453049108382,0.5466788417651269,546.6788417651269,546.6788417651269,4.951042628501077,4951.042628501077,1.1005908473924768,1100.590847392477,1.1005908473924768,1100.590847392477,unique_exposed_swept_capsule_mass,throughput_acquisition_density
E,10.0,78.53981633974483,2.5,4.908738521234052,4.908738521234052,0.1,1.0,0.6,0.6 g/cm^3,76.3157894736842,3600.0,21.198830409356724,35.331384015594544,derived_from_throughput,0.44985315298878803,4.49853152988788,3.9473684210526314,1.7757361302189,17.757361302189,0.71029445208756,4.43934032554725,9.348078846781302,0.49087385212340523,0.49087385212340523,0.443934032554725,0.9348078846781303,0.2945243112740431,294.5243112740431,0.266360419532835,266.360419532835,0.5608847308068782,560.8847308068782,560.8847308068782,5.2299746075715605,5229.97460757156,1.1625959655554332,1162.5959655554332,1.1625959655554332,1162.5959655554332,unique_exposed_swept_capsule_mass,throughput_acquisition_density
E,10.0,78.53981633974483,2.5,4.908738521234052,4.908738521234052,0.1,1.0,0.6,0.6 g/cm^3,76.3157894736842,3600.0,21.198830409356724,35.331384015594544,derived_from_throughput,0.44985315298878803,4.49853152988788,4.157894736842105,1.8704420571639082,18.704420571639083,0.7481768228655633,4.676105142909771,9.584843664143822,0.49087385212340523,0.49087385212340523,0.4676105142909771,0.9584843664143823,0.2945243112740431,294.5243112740431,0.28056630857458625,280.56630857458623,0.5750906198486293,575.0906198486293,575.0906198486293,5.508906586642044,5508.906586642044,1.2246010837183898,1224.6010837183899,1.2246010837183898,1224.6010837183899,unique_exposed_swept_capsule_mass,throughput_acquisition_density
E,10.0,78.53981633974483,2.5,4.908738521234052,4.908738521234052,0.1,1.0,0.6,0.6 g/cm^3,76.3157894736842,3600.0,21.198830409356724,35.331384015594544,derived_from_throughput,0.44985315298878803,4.49853152988788,4.368421052631579,1.9651479841089161,19.651479841089163,0.7860591936435665,4.912869960272291,9.821608481506342,0.49087385212340523,0.49087385212340523,0.4912869960272291,0.9821608481506342,0.2945243112740431,294.5243112740431,0.29477219761633744,294.77219761633745,0.5892965088903805,589.2965088903806,589.2965088903806,5.787838565712527,5787.838565712527,1.2866062018813462,1286.6062018813461,1.2866062018813462,1286.6062018813461,unique_exposed_swept_capsule_mass,throughput_acquisition_density
E,10.0,78.53981633974483,2.5,4.908738521234052,4.908738521234052,0.1,1.0,0.6,0.6 g/cm^3,76.3157894736842,3600.0,21.198830409356724,35.331384015594544,derived_from_throughput,0.44985315298878803,4.49853152988788,4.578947368421052,2.059853911053924,20.59853911053924,0.8239415644215695,5.14963477763481,10.058373298868862,0.49087385212340523,0.49087385212340523,0.514963477763481,1.0058373298868861,0.2945243112740431,294.5243112740431,0.30897808665808857,308.97808665808856,0.6035023979321317,603.5023979321317,603.5023979321317,6.06677054478301,6066.770544783009,1.3486113200443026,1348.6113200443026,1.3486113200443026,1348.6113200443026,unique_exposed_swept_capsule_mass,throughput_acquisition_density
E,10.0,78.53981633974483,2.5,4.908738521234052,4.908738521234052,0.1,1.0,0.6,0.6 g/cm^3,76.3157894736842,3600.0,21.198830409356724,35.331384015594544,derived_from_throughput,0.44985315298878803,4.49853152988788,4.789473684210526,2.154559837998932,21.54559837998932,0.8618239351995728,5.38639959499733,10.295138116231382,0.49087385212340523,0.49087385212340523,0.538639959499733,1.0295138116231382,0.2945243112740431,294.5243112740431,0.32318397569983975,323.1839756998398,0.6177082869738829,617.7082869738829,617.7082869738829,6.345702523853493,6345.702523853493,1.4106164382072588,1410.6164382072589,1.4106164382072588,1410.6164382072589,unique_exposed_swept_capsule_mass,throughput_acquisition_density
E,10.0,78.53981633974483,2.5,4.908738521234052,4.908738521234052,0.1,1.0,0.6,0.6 g/cm^3,76.3157894736842,3600.0,21.198830409356724,35.331384015594544,derived_from_throughput,0.44985315298878803,4.49853152988788,5.0,2.24926576494394,22.4926576494394,0.8997063059775761,5.62316441235985,10.531902933593901,0.49087385212340523,0.49087385212340523,0.562316441235985,1.0531902933593902,0.2945243112740431,294.5243112740431,0.337389864741591,337.389864741591,0.631914176015634,631.9141760156341,631.9141760156341,6.6246345029239775,6624.634502923977,1.4726215563702154,1472.6215563702153,1.4726215563702154,1472.6215563702153,unique_exposed_swept_capsule_mass,throughput_acquisition_density
E,10.0,78.53981633974483,2.5,4.908738521234052,4.908738521234052,0.1,1.0,0.6,0.6 g/cm^3,81.05263157894737,3600.0,22.514619883040936,37.52436647173489,derived_from_throughput,0.4777750728294714,4.7777507282947145,1.0,0.4777750728294714,4.7777507282947145,0.19111002913178857,1.1944376820736786,6.103176203307731,0.49087385212340523,0.49087385212340523,0.11944376820736786,0.6103176203307732,0.2945243112740431,294.5243112740431,0.07166626092442072,71.66626092442071,0.3661905721984639,366.1905721984639,366.1905721984639,1.4071637426900585,1407.1637426900586,0.2945243112740431,294.5243112740431,0.2945243112740431,294.5243112740431,unique_exposed_swept_capsule_mass,throughput_acquisition_density
E,10.0,78.53981633974483,2.5,4.908738521234052,4.908738521234052,0.1,1.0,0.6,0.6 g/cm^3,81.05263157894737,3600.0,22.514619883040936,37.52436647173489,derived_from_throughput,0.4777750728294714,4.7777507282947145,1.2105263157894737,0.5783592986883075,5.783592986883075,0.231343719475323,1.4458982467207688,6.354636767954821,0.49087385212340523,0.49087385212340523,0.1445898246720769,0.6354636767954821,0.2945243112740431,294.5243112740431,0.08675389480324613,86.75389480324614,0.38127820607728924,381.2782060772892,381.2782060772892,1.7034087411511234,1703.4087411511234,0.35652942943699956,356.5294294369996,0.35652942943699956,356.5294294369996,unique_exposed_swept_capsule_mass,throughput_acquisition_density
E,10.0,78.53981633974483,2.5,4.908738521234052,4.908738521234052,0.1,1.0,0.6,0.6 g/cm^3,81.05263157894737,3600.0,22.514619883040936,37.52436647173489,derived_from_throughput,0.4777750728294714,4.7777507282947145,1.4210526315789473,0.6789435245471436,6.789435245471436,0.2715774098188574,1.697358811367859,6.606097332601911,0.49087385212340523,0.49087385212340523,0.16973588113678592,0.6606097332601911,0.2945243112740431,294.5243112740431,0.10184152868207155,101.84152868207156,0.3963658399561147,396.3658399561147,396.3658399561147,1.9996537396121883,1999.6537396121882,0.418534547599956,418.534547599956,0.418534547599956,418.534547599956,unique_exposed_swept_capsule_mass,throughput_acquisition_density
E,10.0,78.53981633974483,2.5,4.908738521234052,4.908738521234052,0.1,1.0,0.6,0.6 g/cm^3,81.05263157894737,3600.0,22.514619883040936,37.52436647173489,derived_from_throughput,0.4777750728294714,4.7777507282947145,1.631578947368421,0.7795277504059797,7.795277504059797,0.3118111001623919,1.9488193760149493,6.857557897249001,0.49087385212340523,0.49087385212340523,0.19488193760149494,0.6857557897249001,0.2945243112740431,294.5243112740431,0.11692916256089696,116.92916256089696,0.4114534738349401,411.4534738349401,411.4534738349401,2.2958987380732534,2295.8987380732533,0.4805396657629124,480.5396657629124,0.4805396657629124,480.5396657629124,unique_exposed_swept_capsule_mass,throughput_acquisition_density
E,10.0,78.53981633974483,2.5,4.908738521234052,4.908738521234052,0.1,1.0,0.6,0.6 g/cm^3,81.05263157894737,3600.0,22.514619883040936,37.52436647173489,derived_from_throughput,0.4777750728294714,4.7777507282947145,1.8421052631578947,0.8801119762648157,8.801119762648158,0.3520447905059263,2.2002799406620395,7.109018461896092,0.49087385212340523,0.49087385212340523,0.22002799406620396,0.7109018461896093,0.2945243112740431,294.5243112740431,0.13201679643972236,132.01679643972236,0.4265411077137656,426.5411077137656,426.5411077137656,2.592143736534318,2592.143736534318,0.5425447839258689,542.544783925869,0.5425447839258689,542.544783925869,unique_exposed_swept_capsule_mass,throughput_acquisition_density
E,10.0,78.53981633974483,2.5,4.908738521234052,4.908738521234052,0.1,1.0,0.6,0.6 g/cm^3,81.05263157894737,3600.0,22.514619883040936,37.52436647173489,derived_from_throughput,0.4777750728294714,4.7777507282947145,2.052631578947368,0.9806962021236517,9.806962021236517,0.3922784808494607,2.4517405053091292,7.360479026543182,0.49087385212340523,0.49087385212340523,0.24517405053091293,0.7360479026543182,0.2945243112740431,294.5243112740431,0.14710443031854775,147.10443031854774,0.4416287415925909,441.6287415925909,441.6287415925909,2.8883887349953827,2888.388734995383,0.6045499020888252,604.5499020888252,0.6045499020888252,604.5499020888252,unique_exposed_swept_capsule_mass,throughput_acquisition_density
E,10.0,78.53981633974483,2.5,4.908738521234052,4.908738521234052,0.1,1.0,0.6,0.6 g/cm^3,81.05263157894737,3600.0,22.514619883040936,37.52436647173489,derived_from_throughput,0.4777750728294714,4.7777507282947145,2.263157894736842,1.081280427982488,10.81280427982488,0.4325121711929952,2.70320106995622,7.611939591190271,0.49087385212340523,0.49087385212340523,0.270320106995622,0.7611939591190272,0.2945243112740431,294.5243112740431,0.16219206419737317,162.19206419737316,0.4567163754714163,456.7163754714163,456.7163754714163,3.1846337334564483,3184.633733456448,0.6665550202517817,666.5550202517817,0.6665550202517817,666.5550202517817,unique_exposed_swept_capsule_mass,throughput_acquisition_density
E,10.0,78.53981633974483,2.5,4.908738521234052,4.908738521234052,0.1,1.0,0.6,0.6 g/cm^3,81.05263157894737,3600.0,22.514619883040936,37.52436647173489,derived_from_throughput,0.4777750728294714,4.7777507282947145,2.473684210526316,1.181864653841324,11.81864653841324,0.4727458615365296,2.95466163460331,7.863400155837362,0.49087385212340523,0.49087385212340523,0.295466163460331,0.7863400155837362,0.2945243112740431,294.5243112740431,0.1772796980761986,177.2796980761986,0.4718040093502417,471.8040093502417,471.8040093502417,3.4808787319175134,3480.8787319175135,0.7285601384147382,728.5601384147382,0.7285601384147382,728.5601384147382,unique_exposed_swept_capsule_mass,throughput_acquisition_density
E,10.0,78.53981633974483,2.5,4.908738521234052,4.908738521234052,0.1,1.0,0.6,0.6 g/cm^3,81.05263157894737,3600.0,22.514619883040936,37.52436647173489,derived_from_throughput,0.4777750728294714,4.7777507282947145,2.6842105263157894,1.28244887970016,12.824488797001601,0.512979551880064,3.2061221992504003,8.114860720484453,0.49087385212340523,0.49087385212340523,0.3206122199250401,0.8114860720484454,0.2945243112740431,294.5243112740431,0.19236733195502403,192.36733195502404,0.4868916432290672,486.8916432290672,486.8916432290672,3.777123730378578,3777.123730378578,0.7905652565776946,790.5652565776946,0.7905652565776946,790.5652565776946,unique_exposed_swept_capsule_mass,throughput_acquisition_density
E,10.0,78.53981633974483,2.5,4.908738521234052,4.908738521234052,0.1,1.0,0.6,0.6 g/cm^3,81.05263157894737,3600.0,22.514619883040936,37.52436647173489,derived_from_throughput,0.4777750728294714,4.7777507282947145,2.894736842105263,1.383033105558996,13.830331055589959,0.5532132422235984,3.4575827638974896,8.36632128513154,0.49087385212340523,0.49087385212340523,0.345758276389749,0.8366321285131542,0.2945243112740431,294.5243112740431,0.2074549658338494,207.4549658338494,0.5019792771078925,501.97927710789247,501.97927710789247,4.073368728839642,4073.3687288396422,0.852570374740651,852.570374740651,0.852570374740651,852.570374740651,unique_exposed_swept_capsule_mass,throughput_acquisition_density
E,10.0,78.53981633974483,2.5,4.908738521234052,4.908738521234052,0.1,1.0,0.6,0.6 g/cm^3,81.05263157894737,3600.0,22.514619883040936,37.52436647173489,derived_from_throughput,0.4777750728294714,4.7777507282947145,3.1052631578947367,1.4836173314178323,14.836173314178323,0.5934469325671329,3.7090433285445807,8.617781849778632,0.49087385212340523,0.49087385212340523,0.3709043328544581,0.8617781849778633,0.2945243112740431,294.5243112740431,0.22254259971267487,222.54259971267487,0.517066910986718,517.066910986718,517.066910986718,4.369613727300708,4369.613727300708,0.9145754929036075,914.5754929036075,0.9145754929036075,914.5754929036075,unique_exposed_swept_capsule_mass,throughput_acquisition_density
E,10.0,78.53981633974483,2.5,4.908738521234052,4.908738521234052,0.1,1.0,0.6,0.6 g/cm^3,81.05263157894737,3600.0,22.514619883040936,37.52436647173489,derived_from_throughput,0.4777750728294714,4.7777507282947145,3.3157894736842106,1.5842015572766683,15.842015572766684,0.6336806229106673,3.960503893191671,8.869242414425724,0.49087385212340523,0.49087385212340523,0.39605038931916714,0.8869242414425724,0.2945243112740431,294.5243112740431,0.23763023359150026,237.63023359150026,0.5321545448655435,532.1545448655435,532.1545448655435,4.665858725761773,4665.858725761774,0.976580611066564,976.5806110665641,0.976580611066564,976.5806110665641,unique_exposed_swept_capsule_mass,throughput_acquisition_density
E,10.0,78.53981633974483,2.5,4.908738521234052,4.908738521234052,0.1,1.0,0.6,0.6 g/cm^3,81.05263157894737,3600.0,22.514619883040936,37.52436647173489,derived_from_throughput,0.4777750728294714,4.7777507282947145,3.526315789473684,1.6847857831355044,16.847857831355043,0.6739143132542018,4.211964457838761,9.120702979072814,0.49087385212340523,0.49087385212340523,0.4211964457838761,0.9120702979072814,0.2945243112740431,294.5243112740431,0.25271786747032565,252.71786747032564,0.5472421787443689,547.2421787443689,547.2421787443689,4.962103724222838,4962.103724222838,1.0385857292295204,1038.5857292295204,1.0385857292295204,1038.5857292295204,unique_exposed_swept_capsule_mass,throughput_acquisition_density
E,10.0,78.53981633974483,2.5,4.908738521234052,4.908738521234052,0.1,1.0,0.6,0.6 g/cm^3,81.05263157894737,3600.0,22.514619883040936,37.52436647173489,derived_from_throughput,0.4777750728294714,4.7777507282947145,3.7368421052631575,1.7853700089943403,17.853700089943402,0.7141480035977361,4.4634250224858505,9.372163543719903,0.49087385212340523,0.49087385212340523,0.44634250224858507,0.9372163543719904,0.2945243112740431,294.5243112740431,0.26780550134915104,267.80550134915103,0.5623298126231941,562.3298126231941,562.3298126231941,5.258348722683903,5258.348722683902,1.1005908473924768,1100.590847392477,1.1005908473924768,1100.590847392477,unique_exposed_swept_capsule_mass,throughput_acquisition_density
E,10.0,78.53981633974483,2.5,4.908738521234052,4.908738521234052,0.1,1.0,0.6,0.6 g/cm^3,81.05263157894737,3600.0,22.514619883040936,37.52436647173489,derived_from_throughput,0.4777750728294714,4.7777507282947145,3.9473684210526314,1.8859542348531766,18.859542348531765,0.7543816939412706,4.714885587132941,9.623624108366993,0.49087385212340523,0.49087385212340523,0.47148855871329415,0.9623624108366994,0.2945243112740431,294.5243112740431,0.2828931352279765,282.8931352279765,0.5774174465020196,577.4174465020196,577.4174465020196,5.554593721144967,5554.593721144967,1.1625959655554332,1162.5959655554332,1.1625959655554332,1162.5959655554332,unique_exposed_swept_capsule_mass,throughput_acquisition_density
E,10.0,78.53981633974483,2.5,4.908738521234052,4.908738521234052,0.1,1.0,0.6,0.6 g/cm^3,81.05263157894737,3600.0,22.514619883040936,37.52436647173489,derived_from_throughput,0.4777750728294714,4.7777507282947145,4.157894736842105,1.9865384607120127,19.865384607120127,0.794615384284805,4.966346151780032,9.875084673014083,0.49087385212340523,0.49087385212340523,0.4966346151780032,0.9875084673014083,0.2945243112740431,294.5243112740431,0.29798076910680193,297.9807691068019,0.5925050803808449,592.5050803808449,592.5050803808449,5.850838719606033,5850.838719606033,1.2246010837183898,1224.6010837183899,1.2246010837183898,1224.6010837183899,unique_exposed_swept_capsule_mass,throughput_acquisition_density
E,10.0,78.53981633974483,2.5,4.908738521234052,4.908738521234052,0.1,1.0,0.6,0.6 g/cm^3,81.05263157894737,3600.0,22.514619883040936,37.52436647173489,derived_from_throughput,0.4777750728294714,4.7777507282947145,4.368421052631579,2.0871226865708485,20.871226865708486,0.8348490746283395,5.217806716427122,10.126545237661173,0.49087385212340523,0.49087385212340523,0.5217806716427121,1.0126545237661173,0.2945243112740431,294.5243112740431,0.31306840298562727,313.06840298562724,0.6075927142596703,607.5927142596703,607.5927142596703,6.147083718067098,6147.083718067098,1.2866062018813462,1286.6062018813461,1.2866062018813462,1286.6062018813461,unique_exposed_swept_capsule_mass,throughput_acquisition_density
E,10.0,78.53981633974483,2.5,4.908738521234052,4.908738521234052,0.1,1.0,0.6,0.6 g/cm^3,81.05263157894737,3600.0,22.514619883040936,37.52436647173489,derived_from_throughput,0.4777750728294714,4.7777507282947145,4.578947368421052,2.1877069124296846,21.877069124296845,0.8750827649718739,5.469267281074211,10.378005802308262,0.49087385212340523,0.49087385212340523,0.5469267281074212,1.0378005802308263,0.2945243112740431,294.5243112740431,0.32815603686445266,328.1560368644527,0.6226803481384958,622.6803481384958,622.6803481384958,6.443328716528162,6443.328716528163,1.3486113200443026,1348.6113200443026,1.3486113200443026,1348.6113200443026,unique_exposed_swept_capsule_mass,throughput_acquisition_density
E,10.0,78.53981633974483,2.5,4.908738521234052,4.908738521234052,0.1,1.0,0.6,0.6 g/cm^3,81.05263157894737,3600.0,22.514619883040936,37.52436647173489,derived_from_throughput,0.4777750728294714,4.7777507282947145,4.789473684210526,2.2882911382885207,22.882911382885208,0.9153164553154083,5.720727845721302,10.629466366955354,0.49087385212340523,0.49087385212340523,0.5720727845721302,1.0629466366955354,0.2945243112740431,294.5243112740431,0.3432436707432781,343.24367074327813,0.6377679820173212,637.7679820173212,637.7679820173212,6.739573714989227,6739.573714989227,1.4106164382072588,1410.6164382072589,1.4106164382072588,1410.6164382072589,unique_exposed_swept_capsule_mass,throughput_acquisition_density
E,10.0,78.53981633974483,2.5,4.908738521234052,4.908738521234052,0.1,1.0,0.6,0.6 g/cm^3,81.05263157894737,3600.0,22.514619883040936,37.52436647173489,derived_from_throughput,0.4777750728294714,4.7777507282947145,5.0,2.3888753641473572,23.88875364147357,0.9555501456589429,5.972188410368393,10.880926931602446,0.49087385212340523,0.49087385212340523,0.5972188410368393,1.0880926931602446,0.2945243112740431,294.5243112740431,0.35833130462210355,358.3313046221036,0.6528556158961467,652.8556158961467,652.8556158961467,7.0358187134502925,7035.818713450292,1.4726215563702154,1472.6215563702153,1.4726215563702154,1472.6215563702153,unique_exposed_swept_capsule_mass,throughput_acquisition_density
E,10.0,78.53981633974483,2.5,4.908738521234052,4.908738521234052,0.1,1.0,0.6,0.6 g/cm^3,85.78947368421052,3600.0,23.830409356725145,39.71734892787524,derived_from_throughput,0.5056969926701548,5.056969926701548,1.0,0.5056969926701548,5.056969926701548,0.2022787970680619,1.264242481675387,6.172981002909439,0.49087385212340523,0.49087385212340523,0.1264242481675387,0.6172981002909439,0.2945243112740431,294.5243112740431,0.07585454890052322,75.85454890052321,0.37037886017456634,370.37886017456634,370.37886017456634,1.4894005847953218,1489.4005847953217,0.2945243112740431,294.5243112740431,0.2945243112740431,294.5243112740431,unique_exposed_swept_capsule_mass,throughput_acquisition_density
E,10.0,78.53981633974483,2.5,4.908738521234052,4.908738521234052,0.1,1.0,0.6,0.6 g/cm^3,85.78947368421052,3600.0,23.830409356725145,39.71734892787524,derived_from_throughput,0.5056969926701548,5.056969926701548,1.2105263157894737,0.6121595174428189,6.121595174428189,0.24486380697712756,1.5303987936070473,6.4391373148410995,0.49087385212340523,0.49087385212340523,0.15303987936070473,0.64391373148411,0.2945243112740431,294.5243112740431,0.09182392761642284,91.82392761642285,0.386348238890466,386.348238890466,386.348238890466,1.8029586026469684,1802.9586026469683,0.35652942943699956,356.5294294369996,0.35652942943699956,356.5294294369996,unique_exposed_swept_capsule_mass,throughput_acquisition_density
E,10.0,78.53981633974483,2.5,4.908738521234052,4.908738521234052,0.1,1.0,0.6,0.6 g/cm^3,85.78947368421052,3600.0,23.830409356725145,39.71734892787524,derived_from_throughput,0.5056969926701548,5.056969926701548,1.4210526315789473,0.7186220422154831,7.186220422154831,0.2874488168861932,1.7965551055387077,6.705293626772759,0.49087385212340523,0.49087385212340523,0.17965551055387077,0.6705293626772759,0.2945243112740431,294.5243112740431,0.10779330633232247,107.79330633232247,0.40231761760636553,402.3176176063655,402.3176176063655,2.116516620498615,2116.516620498615,0.418534547599956,418.534547599956,0.418534547599956,418.534547599956,unique_exposed_swept_capsule_mass,throughput_acquisition_density
E,10.0,78.53981633974483,2.5,4.908738521234052,4.908738521234052,0.1,1.0,0.6,0.6 g/cm^3,85.78947368421052,3600.0,23.830409356725145,39.71734892787524,derived_from_throughput,0.5056969926701548,5.056969926701548,1.631578947368421,0.8250845669881472,8.250845669881473,0.3300338267952589,2.0627114174703682,6.971449938704421,0.49087385212340523,0.49087385212340523,0.20627114174703684,0.6971449938704422,0.2945243112740431,294.5243112740431,0.1237626850482221,123.76268504822211,0.4182869963222653,418.2869963222653,418.2869963222653,2.430074638350262,2430.074638350262,0.4805396657629124,480.5396657629124,0.4805396657629124,480.5396657629124,unique_exposed_swept_capsule_mass,throughput_acquisition_density
E,10.0,78.53981633974483,2.5,4.908738521234052,4.908738521234052,0.1,1.0,0.6,0.6 g/cm^3,85.78947368421052,3600.0,23.830409356725145,39.71734892787524,derived_from_throughput,0.5056969926701548,5.056969926701548,1.8421052631578947,0.9315470917608114,9.315470917608113,0.37261883670432455,2.3288677294020284,7.23760625063608,0.49087385212340523,0.49087385212340523,0.23288677294020285,0.723760625063608,0.2945243112740431,294.5243112740431,0.1397320637641217,139.7320637641217,0.43425637503816483,434.25637503816483,434.25637503816483,2.7436326562019087,2743.6326562019085,0.5425447839258689,542.544783925869,0.5425447839258689,542.544783925869,unique_exposed_swept_capsule_mass,throughput_acquisition_density
E,10.0,78.53981633974483,2.5,4.908738521234052,4.908738521234052,0.1,1.0,0.6,0.6 g/cm^3,85.78947368421052,3600.0,23.830409356725145,39.71734892787524,derived_from_throughput,0.5056969926701548,5.056969926701548,2.052631578947368,1.0380096165334753,10.380096165334754,0.41520384661339016,2.5950240413336885,7.50376256256774,0.49087385212340523,0.49087385212340523,0.25950240413336884,0.7503762562567741,0.2945243112740431,294.5243112740431,0.1557014424800213,155.70144248002129,0.45022575375406443,450.22575375406444,450.22575375406444,3.0571906740535546,3057.1906740535546,0.6045499020888252,604.5499020888252,0.6045499020888252,604.5499020888252,unique_exposed_swept_capsule_mass,throughput_acquisition_density
E,10.0,78.53981633974483,2.5,4.908738521234052,4.908738521234052,0.1,1.0,0.6,0.6 g/cm^3,85.78947368421052,3600.0,23.830409356725145,39.71734892787524,derived_from_throughput,0.5056969926701548,5.056969926701548,2.263157894736842,1.1444721413061396,11.444721413061396,0.4577888565224558,2.861180353265349,7.769918874499401,0.49087385212340523,0.49087385212340523,0.2861180353265349,0.7769918874499402,0.2945243112740431,294.5243112740431,0.17167082119592095,171.67082119592095,0.4661951324699641,466.1951324699641,466.1951324699641,3.370748691905202,3370.7486919052017,0.6665550202517817,666.5550202517817,0.6665550202517817,666.5550202517817,unique_exposed_swept_capsule_mass,throughput_acquisition_density
E,10.0,78.53981633974483,2.5,4.908738521234052,4.908738521234052,0.1,1.0,0.6,0.6 g/cm^3,85.78947368421052,3600.0,23.830409356725145,39.71734892787524,derived_from_throughput,0.5056969926701548,5.056969926701548,2.473684210526316,1.250934666078804,12.50934666078804,0.5003738664315216,3.12733666519701,8.036075186431063,0.49087385212340523,0.49087385212340523,0.312733666519701,0.8036075186431063,0.2945243112740431,294.5243112740431,0.1876401999118206,187.6401999118206,0.4821645111858638,482.1645111858638,482.1645111858638,3.6843067097568487,3684.3067097568487,0.7285601384147382,728.5601384147382,0.7285601384147382,728.5601384147382,unique_exposed_swept_capsule_mass,throughput_acquisition_density
E,10.0,78.53981633974483,2.5,4.908738521234052,4.908738521234052,0.1,1.0,0.6,0.6 g/cm^3,85.78947368421052,3600.0,23.830409356725145,39.71734892787524,derived_from_throughput,0.5056969926701548,5.056969926701548,2.6842105263157894,1.357397190851468,13.573971908514679,0.5429588763405871,3.3934929771286697,8.302231498362723,0.49087385212340523,0.49087385212340523,0.339349297712867,0.8302231498362723,0.2945243112740431,294.5243112740431,0.2036095786277202,203.6095786277202,0.4981338899017634,498.1338899017634,498.1338899017634,3.997864727608495,3997.8647276084953,0.7905652565776946,790.5652565776946,0.7905652565776946,790.5652565776946,unique_exposed_swept_capsule_mass,throughput_acquisition_density
E,10.0,78.53981633974483,2.5,4.908738521234052,4.908738521234052,0.1,1.0,0.6,0.6 g/cm^3,85.78947368421052,3600.0,23.830409356725145,39.71734892787524,derived_from_throughput,0.5056969926701548,5.056969926701548,2.894736842105263,1.463859715624132,14.63859715624132,0.5855438862496528,3.65964928906033,8.568387810294382,0.49087385212340523,0.49087385212340523,0.365964928906033,0.8568387810294382,0.2945243112740431,294.5243112740431,0.2195789573436198,219.57895734361978,0.5141032686176629,514.1032686176628,514.1032686176628,4.311422745460142,4311.422745460142,0.852570374740651,852.570374740651,0.852570374740651,852.570374740651,unique_exposed_swept_capsule_mass,throughput_acquisition_density
E,10.0,78.53981633974483,2.5,4.908738521234052,4.908738521234052,0.1,1.0,0.6,0.6 g/cm^3,85.78947368421052,3600.0,23.830409356725145,39.71734892787524,derived_from_throughput,0.5056969926701548,5.056969926701548,3.1052631578947367,1.5703222403967962,15.703222403967963,0.6281288961587185,3.925805600991991,8.834544122226042,0.49087385212340523,0.49087385212340523,0.3925805600991991,0.8834544122226042,0.2945243112740431,294.5243112740431,0.23554833605951947,235.54833605951947,0.5300726473335625,530.0726473335625,530.0726473335625,4.624980763311789,4624.980763311789,0.9145754929036075,914.5754929036075,0.9145754929036075,914.5754929036075,unique_exposed_swept_capsule_mass,throughput_acquisition_density
E,10.0,78.53981633974483,2.5,4.908738521234052,4.908738521234052,0.1,1.0,0.6,0.6 g/cm^3,85.78947368421052,3600.0,23.830409356725145,39.71734892787524,derived_from_throughput,0.5056969926701548,5.056969926701548,3.3157894736842106,1.6767847651694607,16.76784765169461,0.6707139060677842,4.191961912923652,9.100700434157705,0.49087385212340523,0.49087385212340523,0.41919619129236524,0.9100700434157706,0.2945243112740431,294.5243112740431,0.2515177147754191,251.5177147754191,0.5460420260494623,546.0420260494623,546.0420260494623,4.938538781163436,4938.5387811634355,0.976580611066564,976.5806110665641,0.976580611066564,976.5806110665641,unique_exposed_swept_capsule_mass,throughput_acquisition_density
E,10.0,78.53981633974483,2.5,4.908738521234052,4.908738521234052,0.1,1.0,0.6,0.6 g/cm^3,85.78947368421052,3600.0,23.830409356725145,39.71734892787524,derived_from_throughput,0.5056969926701548,5.056969926701548,3.526315789473684,1.7832472899421246,17.832472899421244,0.7132989159768498,4.458118224855311,9.366856746089363,0.49087385212340523,0.49087385212340523,0.44581182248553114,0.9366856746089364,0.2945243112740431,294.5243112740431,0.26748709349131866,267.48709349131866,0.5620114047653618,562.0114047653618,562.0114047653618,5.2520967990150815,5252.096799015081,1.0385857292295204,1038.5857292295204,1.0385857292295204,1038.5857292295204,unique_exposed_swept_capsule_mass,throughput_acquisition_density
E,10.0,78.53981633974483,2.5,4.908738521234052,4.908738521234052,0.1,1.0,0.6,0.6 g/cm^3,85.78947368421052,3600.0,23.830409356725145,39.71734892787524,derived_from_throughput,0.5056969926701548,5.056969926701548,3.7368421052631575,1.8897098147147886,18.897098147147886,0.7558839258859155,4.724274536786972,9.633013058021024,0.49087385212340523,0.49087385212340523,0.4724274536786972,0.9633013058021025,0.2945243112740431,294.5243112740431,0.2834564722072183,283.4564722072183,0.5779807834812615,577.9807834812615,577.9807834812615,5.565654816866728,5565.654816866729,1.1005908473924768,1100.590847392477,1.1005908473924768,1100.590847392477,unique_exposed_swept_capsule_mass,throughput_acquisition_density
E,10.0,78.53981633974483,2.5,4.908738521234052,4.908738521234052,0.1,1.0,0.6,0.6 g/cm^3,85.78947368421052,3600.0,23.830409356725145,39.71734892787524,derived_from_throughput,0.5056969926701548,5.056969926701548,3.9473684210526314,1.9961723394874529,19.96172339487453,0.7984689357949811,4.990430848718632,9.899169369952684,0.49087385212340523,0.49087385212340523,0.4990430848718632,0.9899169369952685,0.2945243112740431,294.5243112740431,0.2994258509231179,299.42585092311793,0.5939501621971611,593.9501621971611,593.9501621971611,5.879212834718375,5879.212834718375,1.1625959655554332,1162.5959655554332,1.1625959655554332,1162.5959655554332,unique_exposed_swept_capsule_mass,throughput_acquisition_density
E,10.0,78.53981633974483,2.5,4.908738521234052,4.908738521234052,0.1,1.0,0.6,0.6 g/cm^3,85.78947368421052,3600.0,23.830409356725145,39.71734892787524,derived_from_throughput,0.5056969926701548,5.056969926701548,4.157894736842105,2.1026348642601174,21.026348642601175,0.8410539457040469,5.256587160650294,10.165325681884346,0.49087385212340523,0.49087385212340523,0.5256587160650293,1.0165325681884345,0.2945243112740431,294.5243112740431,0.3153952296390176,315.3952296390176,0.6099195409130607,609.9195409130607,609.9195409130607,6.192770852570022,6192.770852570022,1.2246010837183898,1224.6010837183899,1.2246010837183898,1224.6010837183899,unique_exposed_swept_capsule_mass,throughput_acquisition_density
E,10.0,78.53981633974483,2.5,4.908738521234052,4.908738521234052,0.1,1.0,0.6,0.6 g/cm^3,85.78947368421052,3600.0,23.830409356725145,39.71734892787524,derived_from_throughput,0.5056969926701548,5.056969926701548,4.368421052631579,2.2090973890327814,22.090973890327813,0.8836389556131126,5.522743472581953,10.431481993816005,0.49087385212340523,0.49087385212340523,0.5522743472581954,1.0431481993816005,0.2945243112740431,294.5243112740431,0.3313646083549172,331.3646083549172,0.6258889196289603,625.8889196289604,625.8889196289604,6.506328870421669,6506.328870421668,1.2866062018813462,1286.6062018813461,1.2866062018813462,1286.6062018813461,unique_exposed_swept_capsule_mass,throughput_acquisition_density
E,10.0,78.53981633974483,2.5,4.908738521234052,4.908738521234052,0.1,1.0,0.6,0.6 g/cm^3,85.78947368421052,3600.0,23.830409356725145,39.71734892787524,derived_from_throughput,0.5056969926701548,5.056969926701548,4.578947368421052,2.3155599138054455,23.155599138054455,0.9262239655221782,5.788899784513614,10.697638305747667,0.49087385212340523,0.49087385212340523,0.5788899784513614,1.0697638305747668,0.2945243112740431,294.5243112740431,0.3473339870708168,347.3339870708168,0.6418582983448601,641.85829834486,641.85829834486,6.819886888273315,6819.886888273315,1.3486113200443026,1348.6113200443026,1.3486113200443026,1348.6113200443026,unique_exposed_swept_capsule_mass,throughput_acquisition_density
E,10.0,78.53981633974483,2.5,4.908738521234052,4.908738521234052,0.1,1.0,0.6,0.6 g/cm^3,85.78947368421052,3600.0,23.830409356725145,39.71734892787524,derived_from_throughput,0.5056969926701548,5.056969926701548,4.789473684210526,2.4220224385781095,24.220224385781094,0.9688089754312438,6.0550560964452735,10.963794617679326,0.49087385212340523,0.49087385212340523,0.6055056096445274,1.0963794617679328,0.2945243112740431,294.5243112740431,0.3633033657867164,363.3033657867164,0.6578276770607596,657.8276770607596,657.8276770607596,7.133444906124962,7133.444906124962,1.4106164382072588,1410.6164382072589,1.4106164382072588,1410.6164382072589,unique_exposed_swept_capsule_mass,throughput_acquisition_density
E,10.0,78.53981633974483,2.5,4.908738521234052,4.908738521234052,0.1,1.0,0.6,0.6 g/cm^3,85.78947368421052,3600.0,23.830409356725145,39.71734892787524,derived_from_throughput,0.5056969926701548,5.056969926701548,5.0,2.528484963350774,25.28484963350774,1.0113939853403096,6.321212408376935,11.229950929610986,0.49087385212340523,0.49087385212340523,0.6321212408376935,1.1229950929610986,0.2945243112740431,294.5243112740431,0.3792727445026161,379.2727445026161,0.6737970557766592,673.7970557766591,673.7970557766591,7.4470029239766085,7447.002923976608,1.4726215563702154,1472.6215563702153,1.4726215563702154,1472.6215563702153,unique_exposed_swept_capsule_mass,throughput_acquisition_density
E,10.0,78.53981633974483,2.5,4.908738521234052,4.908738521234052,0.1,1.0,0.6,0.6 g/cm^3,90.52631578947367,3600.0,25.14619883040935,41.910331384015585,derived_from_throughput,0.533618912510838,5.336189125108381,1.0,0.533618912510838,5.336189125108381,0.2134475650043352,1.3340472812770952,6.242785802511147,0.49087385212340523,0.49087385212340523,0.1334047281277095,0.6242785802511147,0.2945243112740431,294.5243112740431,0.08004283687662571,80.04283687662571,0.3745671481506688,374.5671481506688,374.5671481506688,1.5716374269005844,1571.6374269005844,0.2945243112740431,294.5243112740431,0.2945243112740431,294.5243112740431,unique_exposed_swept_capsule_mass,throughput_acquisition_density
E,10.0,78.53981633974483,2.5,4.908738521234052,4.908738521234052,0.1,1.0,0.6,0.6 g/cm^3,90.52631578947367,3600.0,25.14619883040935,41.910331384015585,derived_from_throughput,0.533618912510838,5.336189125108381,1.2105263157894737,0.6459597361973303,6.4595973619733025,0.2583838944789321,1.6148993404933256,6.523637861727377,0.49087385212340523,0.49087385212340523,0.16148993404933257,0.6523637861727378,0.2945243112740431,294.5243112740431,0.09689396042959954,96.89396042959953,0.3914182717036427,391.4182717036427,391.4182717036427,1.9025084641428127,1902.5084641428127,0.35652942943699956,356.5294294369996,0.35652942943699956,356.5294294369996,unique_exposed_swept_capsule_mass,throughput_acquisition_density
E,10.0,78.53981633974483,2.5,4.908738521234052,4.908738521234052,0.1,1.0,0.6,0.6 g/cm^3,90.52631578947367,3600.0,25.14619883040935,41.910331384015585,derived_from_throughput,0.533618912510838,5.336189125108381,1.4210526315789473,0.7583005598838225,7.583005598838225,0.303320223953529,1.8957513997095563,6.804489920943608,0.49087385212340523,0.49087385212340523,0.18957513997095565,0.6804489920943608,0.2945243112740431,294.5243112740431,0.11374508398257338,113.74508398257338,0.4082693952566165,408.26939525661646,408.26939525661646,2.233379501385041,2233.379501385041,0.418534547599956,418.534547599956,0.418534547599956,418.534547599956,unique_exposed_swept_capsule_mass,throughput_acquisition_density
E,10.0,78.53981633974483,2.5,4.908738521234052,4.908738521234052,0.1,1.0,0.6,0.6 g/cm^3,90.52631578947367,3600.0,25.14619883040935,41.910331384015585,derived_from_throughput,0.533618912510838,5.336189125108381,1.631578947368421,0.8706413835703147,8.706413835703147,0.3482565534281259,2.1766034589257868,7.085341980159839,0.49087385212340523,0.49087385212340523,0.21766034589257868,0.7085341980159839,0.2945243112740431,294.5243112740431,0.1305962075355472,130.59620753554722,0.42512051880959034,425.12051880959035,425.12051880959035,2.5642505386272694,2564.250538627269,0.4805396657629124,480.5396657629124,0.4805396657629124,480.5396657629124,unique_exposed_swept_capsule_mass,throughput_acquisition_density
E,10.0,78.53981633974483,2.5,4.908738521234052,4.908738521234052,0.1,1.0,0.6,0.6 g/cm^3,90.52631578947367,3600.0,25.14619883040935,41.910331384015585,derived_from_throughput,0.533618912510838,5.336189125108381,1.8421052631578947,0.9829822072568069,9.829822072568069,0.39319288290272275,2.4574555181420172,7.366194039376069,0.49087385212340523,0.49087385212340523,0.24574555181420174,0.7366194039376069,0.2945243112740431,294.5243112740431,0.14744733108852104,147.44733108852103,0.44197164236256414,441.9716423625641,441.9716423625641,2.8951215758694975,2895.1215758694975,0.5425447839258689,542.544783925869,0.5425447839258689,542.544783925869,unique_exposed_swept_capsule_mass,throughput_acquisition_density
E,10.0,78.53981633974483,2.5,4.908738521234052,4.908738521234052,0.1,1.0,0.6,0.6 g/cm^3,90.52631578947367,3600.0,25.14619883040935,41.910331384015585,derived_from_throughput,0.533618912510838,5.336189125108381,2.052631578947368,1.095323030943299,10.95323030943299,0.4381292123773196,2.7383075773582477,7.6470460985923,0.49087385212340523,0.49087385212340523,0.27383075773582477,0.7647046098592301,0.2945243112740431,294.5243112740431,0.16429845464149487,164.29845464149486,0.458822765915538,458.822765915538,458.822765915538,3.2259926131117256,3225.9926131117254,0.6045499020888252,604.5499020888252,0.6045499020888252,604.5499020888252,unique_exposed_swept_capsule_mass,throughput_acquisition_density
E,10.0,78.53981633974483,2.5,4.908738521234052,4.908738521234052,0.1,1.0,0.6,0.6 g/cm^3,90.52631578947367,3600.0,25.14619883040935,41.910331384015585,derived_from_throughput,0.533618912510838,5.336189125108381,2.263157894736842,1.2076638546297913,12.076638546297913,0.4830655418519165,3.019159636574478,7.92789815780853,0.49087385212340523,0.49087385212340523,0.30191596365744783,0.7927898157808531,0.2945243112740431,294.5243112740431,0.1811495781944687,181.1495781944687,0.4756738894685118,475.6738894685118,475.6738894685118,3.556863650353954,3556.863650353954,0.6665550202517817,666.5550202517817,0.6665550202517817,666.5550202517817,unique_exposed_swept_capsule_mass,throughput_acquisition_density
E,10.0,78.53981633974483,2.5,4.908738521234052,4.908738521234052,0.1,1.0,0.6,0.6 g/cm^3,90.52631578947367,3600.0,25.14619883040935,41.910331384015585,derived_from_throughput,0.533618912510838,5.336189125108381,2.473684210526316,1.3200046783162835,13.200046783162836,0.5280018713265134,3.300011695790709,8.208750217024761,0.49087385212340523,0.49087385212340523,0.33000116957907094,0.8208750217024762,0.2945243112740431,294.5243112740431,0.19800070174744255,198.00070174744255,0.49252501302148566,492.5250130214857,492.5250130214857,3.8877346875961827,3887.7346875961825,0.7285601384147382,728.5601384147382,0.7285601384147382,728.5601384147382,unique_exposed_swept_capsule_mass,throughput_acquisition_density
E,10.0,78.53981633974483,2.5,4.908738521234052,4.908738521234052,0.1,1.0,0.6,0.6 g/cm^3,90.52631578947367,3600.0,25.14619883040935,41.910331384015585,derived_from_throughput,0.533618912510838,5.336189125108381,2.6842105263157894,1.4323455020027758,14.323455020027758,0.5729382008011104,3.5808637550069395,8.48960227624099,0.49087385212340523,0.49087385212340523,0.358086375500694,0.8489602276240991,0.2945243112740431,294.5243112740431,0.21485182530041638,214.85182530041638,0.5093761365744595,509.37613657445945,509.37613657445945,4.218605724838411,4218.60572483841,0.7905652565776946,790.5652565776946,0.7905652565776946,790.5652565776946,unique_exposed_swept_capsule_mass,throughput_acquisition_density
E,10.0,78.53981633974483,2.5,4.908738521234052,4.908738521234052,0.1,1.0,0.6,0.6 g/cm^3,90.52631578947367,3600.0,25.14619883040935,41.910331384015585,derived_from_throughput,0.533618912510838,5.336189125108381,2.894736842105263,1.5446863256892678,15.446863256892678,0.6178745302757072,3.8617158142231696,8.770454335457222,0.49087385212340523,0.49087385212340523,0.386171581422317,0.8770454335457223,0.2945243112740431,294.5243112740431,0.23170294885339018,231.70294885339018,0.5262272601274334,526.2272601274334,526.2272601274334,4.549476762080639,4549.476762080639,0.852570374740651,852.570374740651,0.852570374740651,852.570374740651,unique_exposed_swept_capsule_mass,throughput_acquisition_density
E,10.0,78.53981633974483,2.5,4.908738521234052,4.908738521234052,0.1,1.0,0.6,0.6 g/cm^3,90.52631578947367,3600.0,25.14619883040935,41.910331384015585,derived_from_throughput,0.533618912510838,5.336189125108381,3.1052631578947367,1.6570271493757602,16.570271493757602,0.6628108597503041,4.1425678734394005,9.051306394673453,0.49087385212340523,0.49087385212340523,0.41425678734394006,0.9051306394673454,0.2945243112740431,294.5243112740431,0.248554072406364,248.554072406364,0.5430783836804072,543.0783836804072,543.0783836804072,4.880347799322867,4880.347799322867,0.9145754929036075,914.5754929036075,0.9145754929036075,914.5754929036075,unique_exposed_swept_capsule_mass,throughput_acquisition_density
E,10.0,78.53981633974483,2.5,4.908738521234052,4.908738521234052,0.1,1.0,0.6,0.6 g/cm^3,90.52631578947367,3600.0,25.14619883040935,41.910331384015585,derived_from_throughput,0.533618912510838,5.336189125108381,3.3157894736842106,1.7693679730622525,17.693679730622524,0.707747189224901,4.423419932655631,9.332158453889683,0.49087385212340523,0.49087385212340523,0.4423419932655631,0.9332158453889683,0.2945243112740431,294.5243112740431,0.26540519595933787,265.40519595933785,0.559929507233381,559.929507233381,559.929507233381,5.211218836565096,5211.218836565096,0.976580611066564,976.5806110665641,0.976580611066564,976.5806110665641,unique_exposed_swept_capsule_mass,throughput_acquisition_density
E,10.0,78.53981633974483,2.5,4.908738521234052,4.908738521234052,0.1,1.0,0.6,0.6 g/cm^3,90.52631578947367,3600.0,25.14619883040935,41.910331384015585,derived_from_throughput,0.533618912510838,5.336189125108381,3.526315789473684,1.8817087967487447,18.817087967487446,0.7526835186994979,4.704271991871861,9.613010513105912,0.49087385212340523,0.49087385212340523,0.4704271991871862,0.9613010513105913,0.2945243112740431,294.5243112740431,0.28225631951231167,282.2563195123117,0.5767806307863548,576.7806307863548,576.7806307863548,5.542089873807324,5542.089873807324,1.0385857292295204,1038.5857292295204,1.0385857292295204,1038.5857292295204,unique_exposed_swept_capsule_mass,throughput_acquisition_density
E,10.0,78.53981633974483,2.5,4.908738521234052,4.908738521234052,0.1,1.0,0.6,0.6 g/cm^3,90.52631578947367,3600.0,25.14619883040935,41.910331384015585,derived_from_throughput,0.533618912510838,5.336189125108381,3.7368421052631575,1.9940496204352367,19.940496204352367,0.7976198481740947,4.985124051088092,9.893862572322144,0.49087385212340523,0.49087385212340523,0.49851240510880923,0.9893862572322144,0.2945243112740431,294.5243112740431,0.2991074430652855,299.1074430652855,0.5936317543393286,593.6317543393286,593.6317543393286,5.872960911049551,5872.960911049551,1.1005908473924768,1100.590847392477,1.1005908473924768,1100.590847392477,unique_exposed_swept_capsule_mass,throughput_acquisition_density
E,10.0,78.53981633974483,2.5,4.908738521234052,4.908738521234052,0.1,1.0,0.6,0.6 g/cm^3,90.52631578947367,3600.0,25.14619883040935,41.910331384015585,derived_from_throughput,0.533618912510838,5.336189125108381,3.9473684210526314,2.106390444121729,21.06390444121729,0.8425561776486916,5.265976110304322,10.174714631538375,0.49087385212340523,0.49087385212340523,0.5265976110304322,1.0174714631538375,0.2945243112740431,294.5243112740431,0.31595856661825933,315.95856661825934,0.6104828778923025,610.4828778923024,610.4828778923024,6.20383194829178,6203.8319482917805,1.1625959655554332,1162.5959655554332,1.1625959655554332,1162.5959655554332,unique_exposed_swept_capsule_mass,throughput_acquisition_density
E,10.0,78.53981633974483,2.5,4.908738521234052,4.908738521234052,0.1,1.0,0.6,0.6 g/cm^3,90.52631578947367,3600.0,25.14619883040935,41.910331384015585,derived_from_throughput,0.533618912510838,5.336189125108381,4.157894736842105,2.2187312678082214,22.187312678082215,0.8874925071232885,5.546828169520554,10.455566690754605,0.49087385212340523,0.49087385212340523,0.5546828169520553,1.0455566690754605,0.2945243112740431,294.5243112740431,0.3328096901712332,332.80969017123317,0.6273340014452763,627.3340014452763,627.3340014452763,6.534702985534008,6534.702985534009,1.2246010837183898,1224.6010837183899,1.2246010837183898,1224.6010837183899,unique_exposed_swept_capsule_mass,throughput_acquisition_density
E,10.0,78.53981633974483,2.5,4.908738521234052,4.908738521234052,0.1,1.0,0.6,0.6 g/cm^3,90.52631578947367,3600.0,25.14619883040935,41.910331384015585,derived_from_throughput,0.533618912510838,5.336189125108381,4.368421052631579,2.3310720914947134,23.310720914947133,0.9324288365978853,5.827680228736783,10.736418749970834,0.49087385212340523,0.49087385212340523,0.5827680228736783,1.0736418749970835,0.2945243112740431,294.5243112740431,0.349660813724207,349.660813724207,0.6441851249982501,644.1851249982501,644.1851249982501,6.8655740227762365,6865.574022776236,1.2866062018813462,1286.6062018813461,1.2866062018813462,1286.6062018813461,unique_exposed_swept_capsule_mass,throughput_acquisition_density
E,10.0,78.53981633974483,2.5,4.908738521234052,4.908738521234052,0.1,1.0,0.6,0.6 g/cm^3,90.52631578947367,3600.0,25.14619883040935,41.910331384015585,derived_from_throughput,0.533618912510838,5.336189125108381,4.578947368421052,2.4434129151812054,24.434129151812055,0.9773651660724821,6.108532287953014,11.017270809187066,0.49087385212340523,0.49087385212340523,0.6108532287953015,1.1017270809187065,0.2945243112740431,294.5243112740431,0.36651193727718084,366.51193727718083,0.6610362485512239,661.0362485512239,661.0362485512239,7.196445060018465,7196.445060018465,1.3486113200443026,1348.6113200443026,1.3486113200443026,1348.6113200443026,unique_exposed_swept_capsule_mass,throughput_acquisition_density
E,10.0,78.53981633974483,2.5,4.908738521234052,4.908738521234052,0.1,1.0,0.6,0.6 g/cm^3,90.52631578947367,3600.0,25.14619883040935,41.910331384015585,derived_from_throughput,0.533618912510838,5.336189125108381,4.789473684210526,2.5557537388676974,25.557537388676973,1.022301495547079,6.389384347169243,11.298122868403295,0.49087385212340523,0.49087385212340523,0.6389384347169244,1.1298122868403295,0.2945243112740431,294.5243112740431,0.3833630608301546,383.3630608301546,0.6778873721041977,677.8873721041977,677.8873721041977,7.527316097260693,7527.316097260693,1.4106164382072588,1410.6164382072589,1.4106164382072588,1410.6164382072589,unique_exposed_swept_capsule_mass,throughput_acquisition_density
E,10.0,78.53981633974483,2.5,4.908738521234052,4.908738521234052,0.1,1.0,0.6,0.6 g/cm^3,90.52631578947367,3600.0,25.14619883040935,41.910331384015585,derived_from_throughput,0.533618912510838,5.336189125108381,5.0,2.6680945625541903,26.680945625541902,1.067237825021676,6.6702364063854755,11.578974927619527,0.49087385212340523,0.49087385212340523,0.6670236406385476,1.1578974927619528,0.2945243112740431,294.5243112740431,0.40021418438312856,400.21418438312855,0.6947384956571716,694.7384956571716,694.7384956571716,7.858187134502922,7858.187134502922,1.4726215563702154,1472.6215563702153,1.4726215563702154,1472.6215563702153,unique_exposed_swept_capsule_mass,throughput_acquisition_density
E,10.0,78.53981633974483,2.5,4.908738521234052,4.908738521234052,0.1,1.0,0.6,0.6 g/cm^3,95.26315789473684,3600.0,26.461988304093566,44.10331384015595,derived_from_throughput,0.5615408323515216,5.615408323515217,1.0,0.5615408323515216,5.615408323515217,0.22461633294060865,1.4038520808788042,6.312590602112856,0.49087385212340523,0.49087385212340523,0.14038520808788044,0.6312590602112856,0.2945243112740431,294.5243112740431,0.08423112485272825,84.23112485272826,0.37875543612677137,378.7554361267714,378.7554361267714,1.6538742690058483,1653.8742690058484,0.2945243112740431,294.5243112740431,0.2945243112740431,294.5243112740431,unique_exposed_swept_capsule_mass,throughput_acquisition_density
E,10.0,78.53981633974483,2.5,4.908738521234052,4.908738521234052,0.1,1.0,0.6,0.6 g/cm^3,95.26315789473684,3600.0,26.461988304093566,44.10331384015595,derived_from_throughput,0.5615408323515216,5.615408323515217,1.2105263157894737,0.6797599549518419,6.797599549518419,0.2719039819807368,1.6993998873796048,6.608138408613657,0.49087385212340523,0.49087385212340523,0.16993998873796048,0.6608138408613657,0.2945243112740431,294.5243112740431,0.10196399324277629,101.96399324277628,0.39648830451681943,396.4883045168194,396.4883045168194,2.0020583256386586,2002.0583256386585,0.35652942943699956,356.5294294369996,0.35652942943699956,356.5294294369996,unique_exposed_swept_capsule_mass,throughput_acquisition_density
E,10.0,78.53981633974483,2.5,4.908738521234052,4.908738521234052,0.1,1.0,0.6,0.6 g/cm^3,95.26315789473684,3600.0,26.461988304093566,44.10331384015595,derived_from_throughput,0.5615408323515216,5.615408323515217,1.4210526315789473,0.7979790775521624,7.979790775521623,0.31919163102086495,1.9949476938804058,6.903686215114458,0.49087385212340523,0.49087385212340523,0.1994947693880406,0.6903686215114458,0.2945243112740431,294.5243112740431,0.11969686163282435,119.69686163282435,0.4142211729068675,414.2211729068675,414.2211729068675,2.3502423822714684,2350.2423822714686,0.418534547599956,418.534547599956,0.418534547599956,418.534547599956,unique_exposed_swept_capsule_mass,throughput_acquisition_density
E,10.0,78.53981633974483,2.5,4.908738521234052,4.908738521234052,0.1,1.0,0.6,0.6 g/cm^3,95.26315789473684,3600.0,26.461988304093566,44.10331384015595,derived_from_throughput,0.5615408323515216,5.615408323515217,1.631578947368421,0.9161982001524827,9.161982001524827,0.36647928006099306,2.2904955003812066,7.199234021615259,0.49087385212340523,0.49087385212340523,0.22904955003812066,0.719923402161526,0.2945243112740431,294.5243112740431,0.1374297300228724,137.4297300228724,0.43195404129691556,431.95404129691553,431.95404129691553,2.6984264389042787,2698.4264389042787,0.4805396657629124,480.5396657629124,0.4805396657629124,480.5396657629124,unique_exposed_swept_capsule_mass,throughput_acquisition_density
E,10.0,78.53981633974483,2.5,4.908738521234052,4.908738521234052,0.1,1.0,0.6,0.6 g/cm^3,95.26315789473684,3600.0,26.461988304093566,44.10331384015595,derived_from_throughput,0.5615408323515216,5.615408323515217,1.8421052631578947,1.034417322752803,10.344173227528032,0.41376692910112123,2.586043306882008,7.49478182811606,0.49087385212340523,0.49087385212340523,0.2586043306882008,0.749478182811606,0.2945243112740431,294.5243112740431,0.1551625984129205,155.1625984129205,0.4496869096869636,449.68690968696365,449.68690968696365,3.046610495537089,3046.610495537089,0.5425447839258689,542.544783925869,0.5425447839258689,542.544783925869,unique_exposed_swept_capsule_mass,throughput_acquisition_density
E,10.0,78.53981633974483,2.5,4.908738521234052,4.908738521234052,0.1,1.0,0.6,0.6 g/cm^3,95.26315789473684,3600.0,26.461988304093566,44.10331384015595,derived_from_throughput,0.5615408323515216,5.615408323515217,2.052631578947368,1.1526364453531233,11.526364453531233,0.4610545781412493,2.8815911133828083,7.79032963461686,0.49087385212340523,0.49087385212340523,0.2881591113382808,0.779032963461686,0.2945243112740431,294.5243112740431,0.1728954668029685,172.89546680296849,0.4674197780770116,467.41977807701164,467.41977807701164,3.394794552169899,3394.794552169899,0.6045499020888252,604.5499020888252,0.6045499020888252,604.5499020888252,unique_exposed_swept_capsule_mass,throughput_acquisition_density
E,10.0,78.53981633974483,2.5,4.908738521234052,4.908738521234052,0.1,1.0,0.6,0.6 g/cm^3,95.26315789473684,3600.0,26.461988304093566,44.10331384015595,derived_from_throughput,0.5615408323515216,5.615408323515217,2.263157894736842,1.2708555679534437,12.708555679534436,0.5083422271813774,3.177138919883609,8.085877441117661,0.49087385212340523,0.49087385212340523,0.3177138919883609,0.8085877441117661,0.2945243112740431,294.5243112740431,0.19062833519301656,190.62833519301657,0.4851526464670597,485.1526464670597,485.1526464670597,3.742978608802709,3742.978608802709,0.6665550202517817,666.5550202517817,0.6665550202517817,666.5550202517817,unique_exposed_swept_capsule_mass,throughput_acquisition_density
E,10.0,78.53981633974483,2.5,4.908738521234052,4.908738521234052,0.1,1.0,0.6,0.6 g/cm^3,95.26315789473684,3600.0,26.461988304093566,44.10331384015595,derived_from_throughput,0.5615408323515216,5.615408323515217,2.473684210526316,1.389074690553764,13.890746905537641,0.5556298762215056,3.4726867263844103,8.381425247618463,0.49087385212340523,0.49087385212340523,0.3472686726384411,0.8381425247618464,0.2945243112740431,294.5243112740431,0.20836120358306465,208.36120358306465,0.5028855148571078,502.88551485710775,502.88551485710775,4.09116266543552,4091.1626654355196,0.7285601384147382,728.5601384147382,0.7285601384147382,728.5601384147382,unique_exposed_swept_capsule_mass,throughput_acquisition_density
E,10.0,78.53981633974483,2.5,4.908738521234052,4.908738521234052,0.1,1.0,0.6,0.6 g/cm^3,95.26315789473684,3600.0,26.461988304093566,44.10331384015595,derived_from_throughput,0.5615408323515216,5.615408323515217,2.6842105263157894,1.5072938131540843,15.072938131540843,0.6029175252616337,3.7682345328852107,8.676973054119262,0.49087385212340523,0.49087385212340523,0.37682345328852107,0.8676973054119262,0.2945243112740431,294.5243112740431,0.22609407197311263,226.09407197311262,0.5206183832471557,520.6183832471557,520.6183832471557,4.439346722068329,4439.346722068329,0.7905652565776946,790.5652565776946,0.7905652565776946,790.5652565776946,unique_exposed_swept_capsule_mass,throughput_acquisition_density
E,10.0,78.53981633974483,2.5,4.908738521234052,4.908738521234052,0.1,1.0,0.6,0.6 g/cm^3,95.26315789473684,3600.0,26.461988304093566,44.10331384015595,derived_from_throughput,0.5615408323515216,5.615408323515217,2.894736842105263,1.6255129357544045,16.255129357544046,0.6502051743017618,4.0637823393860115,8.972520860620063,0.49087385212340523,0.49087385212340523,0.4063782339386012,0.8972520860620063,0.2945243112740431,294.5243112740431,0.2438269403631607,243.8269403631607,0.5383512516372038,538.3512516372037,538.3512516372037,4.787530778701139,4787.53077870114,0.852570374740651,852.570374740651,0.852570374740651,852.570374740651,unique_exposed_swept_capsule_mass,throughput_acquisition_density
E,10.0,78.53981633974483,2.5,4.908738521234052,4.908738521234052,0.1,1.0,0.6,0.6 g/cm^3,95.26315789473684,3600.0,26.461988304093566,44.10331384015595,derived_from_throughput,0.5615408323515216,5.615408323515217,3.1052631578947367,1.7437320583547251,17.43732058354725,0.69749282334189,4.359330145886813,9.268068667120865,0.49087385212340523,0.49087385212340523,0.4359330145886813,0.9268068667120866,0.2945243112740431,294.5243112740431,0.2615598087532088,261.55980875320876,0.5560841200272519,556.084120027252,556.084120027252,5.13571483533395,5135.71483533395,0.9145754929036075,914.5754929036075,0.9145754929036075,914.5754929036075,unique_exposed_swept_capsule_mass,throughput_acquisition_density
E,10.0,78.53981633974483,2.5,4.908738521234052,4.908738521234052,0.1,1.0,0.6,0.6 g/cm^3,95.26315789473684,3600.0,26.461988304093566,44.10331384015595,derived_from_throughput,0.5615408323515216,5.615408323515217,3.3157894736842106,1.8619511809550455,18.619511809550456,0.7447804723820182,4.654877952387614,9.563616473621666,0.49087385212340523,0.49087385212340523,0.46548779523876144,0.9563616473621667,0.2945243112740431,294.5243112740431,0.27929267714325684,279.29267714325687,0.5738169884173,573.8169884173,573.8169884173,5.483898891966761,5483.898891966761,0.976580611066564,976.5806110665641,0.976580611066564,976.5806110665641,unique_exposed_swept_capsule_mass,throughput_acquisition_density
E,10.0,78.53981633974483,2.5,4.908738521234052,4.908738521234052,0.1,1.0,0.6,0.6 g/cm^3,95.26315789473684,3600.0,26.461988304093566,44.10331384015595,derived_from_throughput,0.5615408323515216,5.615408323515217,3.526315789473684,1.9801703035553657,19.801703035553658,0.7920681214221463,4.950425758888414,9.859164280122467,0.49087385212340523,0.49087385212340523,0.4950425758888415,0.9859164280122468,0.2945243112740431,294.5243112740431,0.2970255455333049,297.0255455333049,0.5915498568073481,591.5498568073481,591.5498568073481,5.83208294859957,5832.08294859957,1.0385857292295204,1038.5857292295204,1.0385857292295204,1038.5857292295204,unique_exposed_swept_capsule_mass,throughput_acquisition_density
E,10.0,78.53981633974483,2.5,4.908738521234052,4.908738521234052,0.1,1.0,0.6,0.6 g/cm^3,95.26315789473684,3600.0,26.461988304093566,44.10331384015595,derived_from_throughput,0.5615408323515216,5.615408323515217,3.7368421052631575,2.098389426155686,20.98389426155686,0.8393557704622744,5.245973565389215,10.154712086623267,0.49087385212340523,0.49087385212340523,0.5245973565389215,1.0154712086623268,0.2945243112740431,294.5243112740431,0.31475841392335285,314.75841392335286,0.609282725197396,609.282725197396,609.282725197396,6.18026700523238,6180.267005232379,1.1005908473924768,1100.590847392477,1.1005908473924768,1100.590847392477,unique_exposed_swept_capsule_mass,throughput_acquisition_density
E,10.0,78.53981633974483,2.5,4.908738521234052,4.908738521234052,0.1,1.0,0.6,0.6 g/cm^3,95.26315789473684,3600.0,26.461988304093566,44.10331384015595,derived_from_throughput,0.5615408323515216,5.615408323515217,3.9473684210526314,2.2166085487560063,22.166085487560064,0.8866434195024026,5.541521371890016,10.450259893124068,0.49087385212340523,0.49087385212340523,0.5541521371890016,1.0450259893124068,0.2945243112740431,294.5243112740431,0.3324912823134009,332.4912823134009,0.6270155935874441,627.0155935874441,627.0155935874441,6.528451061865191,6528.451061865191,1.1625959655554332,1162.5959655554332,1.1625959655554332,1162.5959655554332,unique_exposed_swept_capsule_mass,throughput_acquisition_density
E,10.0,78.53981633974483,2.5,4.908738521234052,4.908738521234052,0.1,1.0,0.6,0.6 g/cm^3,95.26315789473684,3600.0,26.461988304093566,44.10331384015595,derived_from_throughput,0.5615408323515216,5.615408323515217,4.157894736842105,2.3348276713563267,23.348276713563266,0.9339310685425307,5.837069178390816,10.74580769962487,0.49087385212340523,0.49087385212340523,0.5837069178390817,1.074580769962487,0.2945243112740431,294.5243112740431,0.350224150703449,350.22415070344897,0.6447484619774921,644.7484619774922,644.7484619774922,6.876635118498001,6876.635118498001,1.2246010837183898,1224.6010837183899,1.2246010837183898,1224.6010837183899,unique_exposed_swept_capsule_mass,throughput_acquisition_density
E,10.0,78.53981633974483,2.5,4.908738521234052,4.908738521234052,0.1,1.0,0.6,0.6 g/cm^3,95.26315789473684,3600.0,26.461988304093566,44.10331384015595,derived_from_throughput,0.5615408323515216,5.615408323515217,4.368421052631579,2.453046793956647,24.53046793956647,0.9812187175826589,6.132616984891618,11.041355506125669,0.49087385212340523,0.49087385212340523,0.6132616984891618,1.104135550612567,0.2945243112740431,294.5243112740431,0.36795701909349704,367.957019093497,0.6624813303675402,662.4813303675402,662.4813303675402,7.22481917513081,7224.81917513081,1.2866062018813462,1286.6062018813461,1.2866062018813462,1286.6062018813461,unique_exposed_swept_capsule_mass,throughput_acquisition_density
E,10.0,78.53981633974483,2.5,4.908738521234052,4.908738521234052,0.1,1.0,0.6,0.6 g/cm^3,95.26315789473684,3600.0,26.461988304093566,44.10331384015595,derived_from_throughput,0.5615408323515216,5.615408323515217,4.578947368421052,2.571265916556967,25.712659165569672,1.028506366622787,6.428164791392418,11.33690331262647,0.49087385212340523,0.49087385212340523,0.6428164791392419,1.133690331262647,0.2945243112740431,294.5243112740431,0.3856898874835451,385.6898874835451,0.6802141987575882,680.2141987575882,680.2141987575882,7.573003231763621,7573.0032317636205,1.3486113200443026,1348.6113200443026,1.3486113200443026,1348.6113200443026,unique_exposed_swept_capsule_mass,throughput_acquisition_density
E,10.0,78.53981633974483,2.5,4.908738521234052,4.908738521234052,0.1,1.0,0.6,0.6 g/cm^3,95.26315789473684,3600.0,26.461988304093566,44.10331384015595,derived_from_throughput,0.5615408323515216,5.615408323515217,4.789473684210526,2.6894850391572875,26.894850391572874,1.075794015662915,6.723712597893218,11.632451119127271,0.49087385212340523,0.49087385212340523,0.6723712597893219,1.1632451119127272,0.2945243112740431,294.5243112740431,0.4034227558735931,403.42275587359313,0.6979470671476363,697.9470671476363,697.9470671476363,7.92118728839643,7921.18728839643,1.4106164382072588,1410.6164382072589,1.4106164382072588,1410.6164382072589,unique_exposed_swept_capsule_mass,throughput_acquisition_density
E,10.0,78.53981633974483,2.5,4.908738521234052,4.908738521234052,0.1,1.0,0.6,0.6 g/cm^3,95.26315789473684,3600.0,26.461988304093566,44.10331384015595,derived_from_throughput,0.5615408323515216,5.615408323515217,5.0,2.8077041617576084,28.077041617576086,1.1230816647030433,7.019260404394021,11.927998925628074,0.49087385212340523,0.49087385212340523,0.7019260404394022,1.1927998925628074,0.2945243112740431,294.5243112740431,0.42115562426364134,421.15562426364136,0.7156799355376844,715.6799355376844,715.6799355376844,8.269371345029242,8269.371345029242,1.4726215563702154,1472.6215563702153,1.4726215563702154,1472.6215563702153,unique_exposed_swept_capsule_mass,throughput_acquisition_density
E,10.0,78.53981633974483,2.5,4.908738521234052,4.908738521234052,0.1,1.0,0.6,0.6 g/cm^3,100.0,3600.0,27.77777777777778,46.2962962962963,derived_from_throughput,0.589462752192205,5.89462752192205,1.0,0.589462752192205,5.89462752192205,0.235785100876882,1.4736568804805126,6.3823954017145645,0.49087385212340523,0.49087385212340523,0.14736568804805125,0.6382395401714565,0.2945243112740431,294.5243112740431,0.08841941282883074,88.41941282883074,0.38294372410287386,382.9437241028739,382.9437241028739,1.7361111111111114,1736.1111111111113,0.2945243112740431,294.5243112740431,0.2945243112740431,294.5243112740431,unique_exposed_swept_capsule_mass,throughput_acquisition_density
E,10.0,78.53981633974483,2.5,4.908738521234052,4.908738521234052,0.1,1.0,0.6,0.6 g/cm^3,100.0,3600.0,27.77777777777778,46.2962962962963,derived_from_throughput,0.589462752192205,5.89462752192205,1.2105263157894737,0.7135601737063534,7.135601737063534,0.28542406948254134,1.7839004342658835,6.692638955499936,0.49087385212340523,0.49087385212340523,0.17839004342658837,0.6692638955499937,0.2945243112740431,294.5243112740431,0.10703402605595302,107.03402605595302,0.4015583373299962,401.55833732999616,401.55833732999616,2.101608187134503,2101.608187134503,0.35652942943699956,356.5294294369996,0.35652942943699956,356.5294294369996,unique_exposed_swept_capsule_mass,throughput_acquisition_density
E,10.0,78.53981633974483,2.5,4.908738521234052,4.908738521234052,0.1,1.0,0.6,0.6 g/cm^3,100.0,3600.0,27.77777777777778,46.2962962962963,derived_from_throughput,0.589462752192205,5.89462752192205,1.4210526315789473,0.8376575952205019,8.37657595220502,0.33506303808820076,2.094143988051255,7.002882509285307,0.49087385212340523,0.49087385212340523,0.2094143988051255,0.7002882509285308,0.2945243112740431,294.5243112740431,0.1256486392830753,125.6486392830753,0.42017295055711845,420.17295055711844,420.17295055711844,2.467105263157895,2467.105263157895,0.418534547599956,418.534547599956,0.418534547599956,418.534547599956,unique_exposed_swept_capsule_mass,throughput_acquisition_density
E,10.0,78.53981633974483,2.5,4.908738521234052,4.908738521234052,0.1,1.0,0.6,0.6 g/cm^3,100.0,3600.0,27.77777777777778,46.2962962962963,derived_from_throughput,0.589462752192205,5.89462752192205,1.631578947368421,0.9617550167346502,9.617550167346502,0.3847020066938601,2.4043875418366256,7.313126063070678,0.49087385212340523,0.49087385212340523,0.24043875418366256,0.7313126063070678,0.2945243112740431,294.5243112740431,0.14426325251019753,144.26325251019753,0.4387875637842407,438.7875637842407,438.7875637842407,2.832602339181287,2832.6023391812873,0.4805396657629124,480.5396657629124,0.4805396657629124,480.5396657629124,unique_exposed_swept_capsule_mass,throughput_acquisition_density
E,10.0,78.53981633974483,2.5,4.908738521234052,4.908738521234052,0.1,1.0,0.6,0.6 g/cm^3,100.0,3600.0,27.77777777777778,46.2962962962963,derived_from_throughput,0.589462752192205,5.89462752192205,1.8421052631578947,1.0858524382487986,10.858524382487985,0.4343409752995194,2.7146310956219963,7.623369616856048,0.49087385212340523,0.49087385212340523,0.27146310956219966,0.7623369616856048,0.2945243112740431,294.5243112740431,0.1628778657373198,162.8778657373198,0.4574021770113629,457.4021770113629,457.4021770113629,3.1980994152046787,3198.0994152046787,0.5425447839258689,542.544783925869,0.5425447839258689,542.544783925869,unique_exposed_swept_capsule_mass,throughput_acquisition_density
E,10.0,78.53981633974483,2.5,4.908738521234052,4.908738521234052,0.1,1.0,0.6,0.6 g/cm^3,100.0,3600.0,27.77777777777778,46.2962962962963,derived_from_throughput,0.589462752192205,5.89462752192205,2.052631578947368,1.209949859762947,12.09949859762947,0.4839799439051788,3.0248746494073675,7.9336131706414195,0.49087385212340523,0.49087385212340523,0.30248746494073675,0.793361317064142,0.2945243112740431,294.5243112740431,0.18149247896444204,181.49247896444203,0.4760167902384852,476.0167902384852,476.0167902384852,3.56359649122807,3563.59649122807,0.6045499020888252,604.5499020888252,0.6045499020888252,604.5499020888252,unique_exposed_swept_capsule_mass,throughput_acquisition_density
E,10.0,78.53981633974483,2.5,4.908738521234052,4.908738521234052,0.1,1.0,0.6,0.6 g/cm^3,100.0,3600.0,27.77777777777778,46.2962962962963,derived_from_throughput,0.589462752192205,5.89462752192205,2.263157894736842,1.3340472812770956,13.340472812770956,0.5336189125108383,3.335118203192739,8.243856724426792,0.49087385212340523,0.49087385212340523,0.33351182031927395,0.8243856724426792,0.2945243112740431,294.5243112740431,0.20010709219156436,200.10709219156436,0.4946314034656075,494.63140346560755,494.63140346560755,3.9290935672514626,3929.0935672514624,0.6665550202517817,666.5550202517817,0.6665550202517817,666.5550202517817,unique_exposed_swept_capsule_mass,throughput_acquisition_density
E,10.0,78.53981633974483,2.5,4.908738521234052,4.908738521234052,0.1,1.0,0.6,0.6 g/cm^3,100.0,3600.0,27.77777777777778,46.2962962962963,derived_from_throughput,0.589462752192205,5.89462752192205,2.473684210526316,1.458144702791244,14.58144702791244,0.5832578811164976,3.64536175697811,8.554100278212161,0.49087385212340523,0.49087385212340523,0.364536175697811,0.8554100278212161,0.2945243112740431,294.5243112740431,0.2187217054186866,218.7217054186866,0.5132460166927296,513.2460166927297,513.2460166927297,4.294590643274855,4294.590643274855,0.7285601384147382,728.5601384147382,0.7285601384147382,728.5601384147382,unique_exposed_swept_capsule_mass,throughput_acquisition_density
E,10.0,78.53981633974483,2.5,4.908738521234052,4.908738521234052,0.1,1.0,0.6,0.6 g/cm^3,100.0,3600.0,27.77777777777778,46.2962962962963,derived_from_throughput,0.589462752192205,5.89462752192205,2.6842105263157894,1.5822421243053924,15.822421243053924,0.632896849722157,3.955605310763481,8.864343831997534,0.49087385212340523,0.49087385212340523,0.39556053107634814,0.8864343831997534,0.2945243112740431,294.5243112740431,0.23733631864580887,237.33631864580886,0.5318606299198521,531.860629919852,531.860629919852,4.660087719298247,4660.087719298246,0.7905652565776946,790.5652565776946,0.7905652565776946,790.5652565776946,unique_exposed_swept_capsule_mass,throughput_acquisition_density
E,10.0,78.53981633974483,2.5,4.908738521234052,4.908738521234052,0.1,1.0,0.6,0.6 g/cm^3,100.0,3600.0,27.77777777777778,46.2962962962963,derived_from_throughput,0.589462752192205,5.89462752192205,2.894736842105263,1.7063395458195407,17.06339545819541,0.6825358183278163,4.265848864548852,9.174587385782903,0.49087385212340523,0.49087385212340523,0.42658488645488524,0.9174587385782904,0.2945243112740431,294.5243112740431,0.2559509318729311,255.9509318729311,0.5504752431469743,550.4752431469743,550.4752431469743,5.025584795321637,5025.584795321637,0.852570374740651,852.570374740651,0.852570374740651,852.570374740651,unique_exposed_swept_capsule_mass,throughput_acquisition_density
E,10.0,78.53981633974483,2.5,4.908738521234052,4.908738521234052,0.1,1.0,0.6,0.6 g/cm^3,100.0,3600.0,27.77777777777778,46.2962962962963,derived_from_throughput,0.589462752192205,5.89462752192205,3.1052631578947367,1.830436967333689,18.30436967333689,0.7321747869334756,4.576092418334222,9.484830939568274,0.49087385212340523,0.49087385212340523,0.4576092418334223,0.9484830939568275,0.2945243112740431,294.5243112740431,0.2745655451000534,274.5655451000534,0.5690898563740965,569.0898563740965,569.0898563740965,5.39108187134503,5391.08187134503,0.9145754929036075,914.5754929036075,0.9145754929036075,914.5754929036075,unique_exposed_swept_capsule_mass,throughput_acquisition_density
E,10.0,78.53981633974483,2.5,4.908738521234052,4.908738521234052,0.1,1.0,0.6,0.6 g/cm^3,100.0,3600.0,27.77777777777778,46.2962962962963,derived_from_throughput,0.589462752192205,5.89462752192205,3.3157894736842106,1.9545343888478377,19.545343888478378,0.7818137555391351,4.8863359721195945,9.795074493353646,0.49087385212340523,0.49087385212340523,0.4886335972119595,0.9795074493353646,0.2945243112740431,294.5243112740431,0.2931801583271757,293.1801583271757,0.5877044696012187,587.7044696012186,587.7044696012186,5.756578947368422,5756.578947368422,0.976580611066564,976.5806110665641,0.976580611066564,976.5806110665641,unique_exposed_swept_capsule_mass,throughput_acquisition_density
E,10.0,78.53981633974483,2.5,4.908738521234052,4.908738521234052,0.1,1.0,0.6,0.6 g/cm^3,100.0,3600.0,27.77777777777778,46.2962962962963,derived_from_throughput,0.589462752192205,5.89462752192205,3.526315789473684,2.078631810361986,20.786318103619863,0.8314527241447944,5.196579525904966,10.105318047139018,0.49087385212340523,0.49087385212340523,0.5196579525904966,1.0105318047139018,0.2945243112740431,294.5243112740431,0.31179477155429797,311.794771554298,0.606319082828341,606.319082828341,606.319082828341,6.122076023391814,6122.076023391814,1.0385857292295204,1038.5857292295204,1.0385857292295204,1038.5857292295204,unique_exposed_swept_capsule_mass,throughput_acquisition_density
E,10.0,78.53981633974483,2.5,4.908738521234052,4.908738521234052,0.1,1.0,0.6,0.6 g/cm^3,100.0,3600.0,27.77777777777778,46.2962962962963,derived_from_throughput,0.589462752192205,5.89462752192205,3.7368421052631575,2.2027292318761345,22.027292318761344,0.8810916927504537,5.506823079690336,10.415561600924388,0.49087385212340523,0.49087385212340523,0.5506823079690336,1.0415561600924388,0.2945243112740431,294.5243112740431,0.3304093847814202,330.40938478142016,0.6249336960554632,624.9336960554632,624.9336960554632,6.487573099415205,6487.573099415205,1.1005908473924768,1100.590847392477,1.1005908473924768,1100.590847392477,unique_exposed_swept_capsule_mass,throughput_acquisition_density
E,10.0,78.53981633974483,2.5,4.908738521234052,4.908738521234052,0.1,1.0,0.6,0.6 g/cm^3,100.0,3600.0,27.77777777777778,46.2962962962963,derived_from_throughput,0.589462752192205,5.89462752192205,3.9473684210526314,2.326826653390283,23.26826653390283,0.9307306613561132,5.817066633475707,10.725805154709759,0.49087385212340523,0.49087385212340523,0.5817066633475707,1.072580515470976,0.2945243112740431,294.5243112740431,0.3490239980085424,349.0239980085424,0.6435483092825856,643.5483092825856,643.5483092825856,6.853070175438598,6853.070175438597,1.1625959655554332,1162.5959655554332,1.1625959655554332,1162.5959655554332,unique_exposed_swept_capsule_mass,throughput_acquisition_density
E,10.0,78.53981633974483,2.5,4.908738521234052,4.908738521234052,0.1,1.0,0.6,0.6 g/cm^3,100.0,3600.0,27.77777777777778,46.2962962962963,derived_from_throughput,0.589462752192205,5.89462752192205,4.157894736842105,2.450924074904431,24.509240749044313,0.9803696299617725,6.127310187261078,11.03604870849513,0.49087385212340523,0.49087385212340523,0.6127310187261079,1.103604870849513,0.2945243112740431,294.5243112740431,0.3676386112356647,367.6386112356647,0.6621629225097078,662.1629225097078,662.1629225097078,7.218567251461989,7218.567251461989,1.2246010837183898,1224.6010837183899,1.2246010837183898,1224.6010837183899,unique_exposed_swept_capsule_mass,throughput_acquisition_density
E,10.0,78.53981633974483,2.5,4.908738521234052,4.908738521234052,0.1,1.0,0.6,0.6 g/cm^3,100.0,3600.0,27.77777777777778,46.2962962962963,derived_from_throughput,0.589462752192205,5.89462752192205,4.368421052631579,2.5750214964185796,25.750214964185794,1.0300085985674319,6.4375537410464485,11.3462922622805,0.49087385212340523,0.49087385212340523,0.6437553741046449,1.13462922622805,0.2945243112740431,294.5243112740431,0.3862532244627869,386.25322446278693,0.68077753573683,680.77753573683,680.77753573683,7.584064327485381,7584.064327485381,1.2866062018813462,1286.6062018813461,1.2866062018813462,1286.6062018813461,unique_exposed_swept_capsule_mass,throughput_acquisition_density
E,10.0,78.53981633974483,2.5,4.908738521234052,4.908738521234052,0.1,1.0,0.6,0.6 g/cm^3,100.0,3600.0,27.77777777777778,46.2962962962963,derived_from_throughput,0.589462752192205,5.89462752192205,4.578947368421052,2.699118917932728,26.99118917932728,1.0796475671730912,6.74779729483182,11.656535816065873,0.49087385212340523,0.49087385212340523,0.674779729483182,1.1656535816065874,0.2945243112740431,294.5243112740431,0.4048678376899092,404.8678376899092,0.6993921489639524,699.3921489639524,699.3921489639524,7.949561403508772,7949.561403508772,1.3486113200443026,1348.6113200443026,1.3486113200443026,1348.6113200443026,unique_exposed_swept_capsule_mass,throughput_acquisition_density
E,10.0,78.53981633974483,2.5,4.908738521234052,4.908738521234052,0.1,1.0,0.6,0.6 g/cm^3,100.0,3600.0,27.77777777777778,46.2962962962963,derived_from_throughput,0.589462752192205,5.89462752192205,4.789473684210526,2.8232163394468763,28.232163394468763,1.1292865357787505,7.058040848617191,11.966779369851242,0.49087385212340523,0.49087385212340523,0.7058040848617191,1.1966779369851241,0.2945243112740431,294.5243112740431,0.42348245091703146,423.4824509170315,0.7180067621910745,718.0067621910745,718.0067621910745,8.315058479532164,8315.058479532165,1.4106164382072588,1410.6164382072589,1.4106164382072588,1410.6164382072589,unique_exposed_swept_capsule_mass,throughput_acquisition_density
E,10.0,78.53981633974483,2.5,4.908738521234052,4.908738521234052,0.1,1.0,0.6,0.6 g/cm^3,100.0,3600.0,27.77777777777778,46.2962962962963,derived_from_throughput,0.589462752192205,5.89462752192205,5.0,2.947313760961025,29.47313760961025,1.17892550438441,7.368284402402563,12.277022923636615,0.49087385212340523,0.49087385212340523,0.7368284402402563,1.2277022923636616,0.2945243112740431,294.5243112740431,0.4420970641441538,442.09706414415376,0.7366213754181969,736.621375418197,736.621375418197,8.680555555555557,8680.555555555557,1.4726215563702154,1472.6215563702153,1.4726215563702154,1472.6215563702153,unique_exposed_swept_capsule_mass,throughput_acquisition_density
