setup,penetration_depth_mm,penetration_depth_m,penetration_depth_cm,bulk_density_g_cm3,bulk_density_g_per_cm3,bulk_density_kg_m3,probe_diameter_mm,probe_area_m2,illuminated_area_cm2,static_sampled_volume_m3,static_sampled_volume_mm3,spoon_sample_volume_cm3,static_sampled_mass_kg,static_sampled_mass_g,static_sampled_mass_mg,n_subscans,integration_time_ms,acquisition_time_s,total_spectral_acquisition_time_s,spoon_interval_s,flip_frequency_hz,spoons_contributing,effective_sampled_mass_kg,effective_sample_size_g,effective_sampled_mass_mg,effective_sample_size_mg
B,0.1,0.0001,0.01,0.4,0.4,400.0,5.0,1.9634954084936207e-05,0.19634954084936207,1.9634954084936207e-09,1.9634954084936207,0.001963495408493621,7.853981633974482e-07,0.0007853981633974482,0.7853981633974482,256,15.0,3.84,3.84,1.0,1.0,3.84,3.015928947446201e-06,0.003015928947446201,3.015928947446201,3.015928947446201
B,0.1,0.0001,0.01,0.4,0.4,400.0,5.0,1.9634954084936207e-05,0.19634954084936207,1.9634954084936207e-09,1.9634954084936207,0.001963495408493621,7.853981633974482e-07,0.0007853981633974482,0.7853981633974482,256,15.0,3.84,3.84,2.0,0.5,1.92,1.5079644737231006e-06,0.0015079644737231006,1.5079644737231006,1.5079644737231006
B,0.1,0.0001,0.01,0.4,0.4,400.0,5.0,1.9634954084936207e-05,0.19634954084936207,1.9634954084936207e-09,1.9634954084936207,0.001963495408493621,7.853981633974482e-07,0.0007853981633974482,0.7853981633974482,256,15.0,3.84,3.84,3.0,0.3333333333333333,1.28,1.0053096491487338e-06,0.0010053096491487337,1.0053096491487337,1.0053096491487337
B,0.1,0.0001,0.01,0.4,0.4,400.0,5.0,1.9634954084936207e-05,0.19634954084936207,1.9634954084936207e-09,1.9634954084936207,0.001963495408493621,7.853981633974482e-07,0.0007853981633974482,0.7853981633974482,256,15.0,3.84,3.84,4.0,0.25,0.96,7.539822368615503e-07,0.0007539822368615503,0.7539822368615503,0.7539822368615503
B,0.1,0.0001,0.01,0.4,0.4,400.0,5.0,1.9634954084936207e-05,0.19634954084936207,1.9634954084936207e-09,1.9634954084936207,0.001963495408493621,7.853981633974482e-07,0.0007853981633974482,0.7853981633974482,256,15.0,3.84,3.84,5.0,0.2,0.768,6.031857894892402e-07,0.0006031857894892402,0.6031857894892402,0.6031857894892402
B,0.1,0.0001,0.01,0.5,0.5,500.0,5.0,1.9634954084936207e-05,0.19634954084936207,1.9634954084936207e-09,1.9634954084936207,0.001963495408493621,9.817477042468103e-07,0.0009817477042468102,0.9817477042468102,256,15.0,3.84,3.84,1.0,1.0,3.84,3.7699111843077512e-06,0.0037699111843077513,3.7699111843077513,3.7699111843077513
B,0.1,0.0001,0.01,0.5,0.5,500.0,5.0,1.9634954084936207e-05,0.19634954084936207,1.9634954084936207e-09,1.9634954084936207,0.001963495408493621,9.817477042468103e-07,0.0009817477042468102,0.9817477042468102,256,15.0,3.84,3.84,2.0,0.5,1.92,1.8849555921538756e-06,0.0018849555921538756,1.8849555921538756,1.8849555921538756
B,0.1,0.0001,0.01,0.5,0.5,500.0,5.0,1.9634954084936207e-05,0.19634954084936207,1.9634954084936207e-09,1.9634954084936207,0.001963495408493621,9.817477042468103e-07,0.0009817477042468102,0.9817477042468102,256,15.0,3.84,3.84,3.0,0.3333333333333333,1.28,1.256637061435917e-06,0.001256637061435917,1.256637061435917,1.256637061435917
B,0.1,0.0001,0.01,0.5,0.5,500.0,5.0,1.9634954084936207e-05,0.19634954084936207,1.9634954084936207e-09,1.9634954084936207,0.001963495408493621,9.817477042468103e-07,0.0009817477042468102,0.9817477042468102,256,15.0,3.84,3.84,4.0,0.25,0.96,9.424777960769378e-07,0.0009424777960769378,0.9424777960769378,0.9424777960769378
B,0.1,0.0001,0.01,0.5,0.5,500.0,5.0,1.9634954084936207e-05,0.19634954084936207,1.9634954084936207e-09,1.9634954084936207,0.001963495408493621,9.817477042468103e-07,0.0009817477042468102,0.9817477042468102,256,15.0,3.84,3.84,5.0,0.2,0.768,7.539822368615503e-07,0.0007539822368615503,0.7539822368615503,0.7539822368615503
B,0.1,0.0001,0.01,0.6,0.6,600.0,5.0,1.9634954084936207e-05,0.19634954084936207,1.9634954084936207e-09,1.9634954084936207,0.001963495408493621,1.1780972450961724e-06,0.0011780972450961724,1.1780972450961724,256,15.0,3.84,3.84,1.0,1.0,3.84,4.523893421169302e-06,0.004523893421169302,4.523893421169302,4.523893421169302
B,0.1,0.0001,0.01,0.6,0.6,600.0,5.0,1.9634954084936207e-05,0.19634954084936207,1.9634954084936207e-09,1.9634954084936207,0.001963495408493621,1.1780972450961724e-06,0.0011780972450961724,1.1780972450961724,256,15.0,3.84,3.84,2.0,0.5,1.92,2.261946710584651e-06,0.002261946710584651,2.261946710584651,2.261946710584651
B,0.1,0.0001,0.01,0.6,0.6,600.0,5.0,1.9634954084936207e-05,0.19634954084936207,1.9634954084936207e-09,1.9634954084936207,0.001963495408493621,1.1780972450961724e-06,0.0011780972450961724,1.1780972450961724,256,15.0,3.84,3.84,3.0,0.3333333333333333,1.28,1.5079644737231008e-06,0.0015079644737231008,1.5079644737231008,1.5079644737231008
B,0.1,0.0001,0.01,0.6,0.6,600.0,5.0,1.9634954084936207e-05,0.19634954084936207,1.9634954084936207e-09,1.9634954084936207,0.001963495408493621,1.1780972450961724e-06,0.0011780972450961724,1.1780972450961724,256,15.0,3.84,3.84,4.0,0.25,0.96,1.1309733552923255e-06,0.0011309733552923255,1.1309733552923256,1.1309733552923256
B,0.1,0.0001,0.01,0.6,0.6,600.0,5.0,1.9634954084936207e-05,0.19634954084936207,1.9634954084936207e-09,1.9634954084936207,0.001963495408493621,1.1780972450961724e-06,0.0011780972450961724,1.1780972450961724,256,15.0,3.84,3.84,5.0,0.2,0.768,9.047786842338604e-07,0.0009047786842338604,0.9047786842338604,0.9047786842338604
B,0.2,0.0002,0.02,0.4,0.4,400.0,5.0,1.9634954084936207e-05,0.19634954084936207,3.926990816987241e-09,3.9269908169872414,0.003926990816987242,1.5707963267948965e-06,0.0015707963267948964,1.5707963267948963,256,15.0,3.84,3.84,1.0,1.0,3.84,6.031857894892402e-06,0.006031857894892402,6.031857894892402,6.031857894892402
B,0.2,0.0002,0.02,0.4,0.4,400.0,5.0,1.9634954084936207e-05,0.19634954084936207,3.926990816987241e-09,3.9269908169872414,0.003926990816987242,1.5707963267948965e-06,0.0015707963267948964,1.5707963267948963,256,15.0,3.84,3.84,2.0,0.5,1.92,3.015928947446201e-06,0.003015928947446201,3.015928947446201,3.015928947446201
B,0.2,0.0002,0.02,0.4,0.4,400.0,5.0,1.9634954084936207e-05,0.19634954084936207,3.926990816987241e-09,3.9269908169872414,0.003926990816987242,1.5707963267948965e-06,0.0015707963267948964,1.5707963267948963,256,15.0,3.84,3.84,3.0,0.3333333333333333,1.28,2.0106192982974676e-06,0.0020106192982974674,2.0106192982974673,2.0106192982974673
B,0.2,0.0002,0.02,0.4,0.4,400.0,5.0,1.9634954084936207e-05,0.19634954084936207,3.926990816987241e-09,3.9269908169872414,0.003926990816987242,1.5707963267948965e-06,0.0015707963267948964,1.5707963267948963,256,15.0,3.84,3.84,4.0,0.25,0.96,1.5079644737231006e-06,0.0015079644737231006,1.5079644737231006,1.5079644737231006
B,0.2,0.0002,0.02,0.4,0.4,400.0,5.0,1.9634954084936207e-05,0.19634954084936207,3.926990816987241e-09,3.9269908169872414,0.003926990816987242,1.5707963267948965e-06,0.0015707963267948964,1.5707963267948963,256,15.0,3.84,3.84,5.0,0.2,0.768,1.2063715789784804e-06,0.0012063715789784803,1.2063715789784804,1.2063715789784804
B,0.2,0.0002,0.02,0.5,0.5,500.0,5.0,1.9634954084936207e-05,0.19634954084936207,3.926990816987241e-09,3.9269908169872414,0.003926990816987242,1.9634954084936205e-06,0.0019634954084936204,1.9634954084936205,256,15.0,3.84,3.84,1.0,1.0,3.84,7.5398223686155025e-06,0.0075398223686155025,7.539822368615503,7.539822368615503
B,0.2,0.0002,0.02,0.5,0.5,500.0,5.0,1.9634954084936207e-05,0.19634954084936207,3.926990816987241e-09,3.9269908169872414,0.003926990816987242,1.9634954084936205e-06,0.0019634954084936204,1.9634954084936205,256,15.0,3.84,3.84,2.0,0.5,1.92,3.7699111843077512e-06,0.0037699111843077513,3.7699111843077513,3.7699111843077513
B,0.2,0.0002,0.02,0.5,0.5,500.0,5.0,1.9634954084936207e-05,0.19634954084936207,3.926990816987241e-09,3.9269908169872414,0.003926990816987242,1.9634954084936205e-06,0.0019634954084936204,1.9634954084936205,256,15.0,3.84,3.84,3.0,0.3333333333333333,1.28,2.513274122871834e-06,0.002513274122871834,2.513274122871834,2.513274122871834
B,0.2,0.0002,0.02,0.5,0.5,500.0,5.0,1.9634954084936207e-05,0.19634954084936207,3.926990816987241e-09,3.9269908169872414,0.003926990816987242,1.9634954084936205e-06,0.0019634954084936204,1.9634954084936205,256,15.0,3.84,3.84,4.0,0.25,0.96,1.8849555921538756e-06,0.0018849555921538756,1.8849555921538756,1.8849555921538756
B,0.2,0.0002,0.02,0.5,0.5,500.0,5.0,1.9634954084936207e-05,0.19634954084936207,3.926990816987241e-09,3.9269908169872414,0.003926990816987242,1.9634954084936205e-06,0.0019634954084936204,1.9634954084936205,256,15.0,3.84,3.84,5.0,0.2,0.768,1.5079644737231006e-06,0.0015079644737231006,1.5079644737231006,1.5079644737231006
B,0.2,0.0002,0.02,0.6,0.6,600.0,5.0,1.9634954084936207e-05,0.19634954084936207,3.926990816987241e-09,3.9269908169872414,0.003926990816987242,2.3561944901923448e-06,0.002356194490192345,2.356194490192345,256,15.0,3.84,3.84,1.0,1.0,3.84,9.047786842338604e-06,0.009047786842338604,9.047786842338605,9.047786842338605
B,0.2,0.0002,0.02,0.6,0.6,600.0,5.0,1.9634954084936207e-05,0.19634954084936207,3.926990816987241e-09,3.9269908169872414,0.003926990816987242,2.3561944901923448e-06,0.002356194490192345,2.356194490192345,256,15.0,3.84,3.84,2.0,0.5,1.92,4.523893421169302e-06,0.004523893421169302,4.523893421169302,4.523893421169302
B,0.2,0.0002,0.02,0.6,0.6,600.0,5.0,1.9634954084936207e-05,0.19634954084936207,3.926990816987241e-09,3.9269908169872414,0.003926990816987242,2.3561944901923448e-06,0.002356194490192345,2.356194490192345,256,15.0,3.84,3.84,3.0,0.3333333333333333,1.28,3.0159289474462016e-06,0.0030159289474462015,3.0159289474462017,3.0159289474462017
B,0.2,0.0002,0.02,0.6,0.6,600.0,5.0,1.9634954084936207e-05,0.19634954084936207,3.926990816987241e-09,3.9269908169872414,0.003926990816987242,2.3561944901923448e-06,0.002356194490192345,2.356194490192345,256,15.0,3.84,3.84,4.0,0.25,0.96,2.261946710584651e-06,0.002261946710584651,2.261946710584651,2.261946710584651
B,0.2,0.0002,0.02,0.6,0.6,600.0,5.0,1.9634954084936207e-05,0.19634954084936207,3.926990816987241e-09,3.9269908169872414,0.003926990816987242,2.3561944901923448e-06,0.002356194490192345,2.356194490192345,256,15.0,3.84,3.84,5.0,0.2,0.768,1.8095573684677207e-06,0.0018095573684677208,1.8095573684677209,1.8095573684677209
B,0.30000000000000004,0.00030000000000000003,0.030000000000000006,0.4,0.4,400.0,5.0,1.9634954084936207e-05,0.19634954084936207,5.8904862254808625e-09,5.8904862254808625,0.0058904862254808635,2.3561944901923448e-06,0.002356194490192345,2.356194490192345,256,15.0,3.84,3.84,1.0,1.0,3.84,9.047786842338604e-06,0.009047786842338604,9.047786842338605,9.047786842338605
B,0.30000000000000004,0.00030000000000000003,0.030000000000000006,0.4,0.4,400.0,5.0,1.9634954084936207e-05,0.19634954084936207,5.8904862254808625e-09,5.8904862254808625,0.0058904862254808635,2.3561944901923448e-06,0.002356194490192345,2.356194490192345,256,15.0,3.84,3.84,2.0,0.5,1.92,4.523893421169302e-06,0.004523893421169302,4.523893421169302,4.523893421169302
B,0.30000000000000004,0.00030000000000000003,0.030000000000000006,0.4,0.4,400.0,5.0,1.9634954084936207e-05,0.19634954084936207,5.8904862254808625e-09,5.8904862254808625,0.0058904862254808635,2.3561944901923448e-06,0.002356194490192345,2.356194490192345,256,15.0,3.84,3.84,3.0,0.3333333333333333,1.28,3.0159289474462016e-06,0.0030159289474462015,3.0159289474462017,3.0159289474462017
B,0.30000000000000004,0.00030000000000000003,0.030000000000000006,0.4,0.4,400.0,5.0,1.9634954084936207e-05,0.19634954084936207,5.8904862254808625e-09,5.8904862254808625,0.0058904862254808635,2.3561944901923448e-06,0.002356194490192345,2.356194490192345,256,15.0,3.84,3.84,4.0,0.25,0.96,2.261946710584651e-06,0.002261946710584651,2.261946710584651,2.261946710584651
B,0.30000000000000004,0.00030000000000000003,0.030000000000000006,0.4,0.4,400.0,5.0,1.9634954084936207e-05,0.19634954084936207,5.8904862254808625e-09,5.8904862254808625,0.0058904862254808635,2.3561944901923448e-06,0.002356194490192345,2.356194490192345,256,15.0,3.84,3.84,5.0,0.2,0.768,1.8095573684677207e-06,0.0018095573684677208,1.8095573684677209,1.8095573684677209
B,0.30000000000000004,0.00030000000000000003,0.030000000000000006,0.5,0.5,500.0,5.0,1.9634954084936207e-05,0.19634954084936207,5.8904862254808625e-09,5.8904862254808625,0.0058904862254808635,2.945243112740431e-06,0.0029452431127404313,2.9452431127404313,256,15.0,3.84,3.84,1.0,1.0,3.84,1.1309733552923255e-05,0.011309733552923255,11.309733552923255,11.309733552923255
B,0.30000000000000004,0.00030000000000000003,0.030000000000000006,0.5,0.5,500.0,5.0,1.9634954084936207e-05,0.19634954084936207,5.8904862254808625e-09,5.8904862254808625,0.0058904862254808635,2.945243112740431e-06,0.0029452431127404313,2.9452431127404313,256,15.0,3.84,3.84,2.0,0.5,1.92,5.6548667764616275e-06,0.005654866776461627,5.654866776461628,5.654866776461628
B,0.30000000000000004,0.00030000000000000003,0.030000000000000006,0.5,0.5,500.0,5.0,1.9634954084936207e-05,0.19634954084936207,5.8904862254808625e-09,5.8904862254808625,0.0058904862254808635,2.945243112740431e-06,0.0029452431127404313,2.9452431127404313,256,15.0,3.84,3.84,3.0,0.3333333333333333,1.28,3.769911184307752e-06,0.003769911184307752,3.769911184307752,3.769911184307752
B,0.30000000000000004,0.00030000000000000003,0.030000000000000006,0.5,0.5,500.0,5.0,1.9634954084936207e-05,0.19634954084936207,5.8904862254808625e-09,5.8904862254808625,0.0058904862254808635,2.945243112740431e-06,0.0029452431127404313,2.9452431127404313,256,15.0,3.84,3.84,4.0,0.25,0.96,2.8274333882308137e-06,0.0028274333882308137,2.827433388230814,2.827433388230814
B,0.30000000000000004,0.00030000000000000003,0.030000000000000006,0.5,0.5,500.0,5.0,1.9634954084936207e-05,0.19634954084936207,5.8904862254808625e-09,5.8904862254808625,0.0058904862254808635,2.945243112740431e-06,0.0029452431127404313,2.9452431127404313,256,15.0,3.84,3.84,5.0,0.2,0.768,2.261946710584651e-06,0.002261946710584651,2.261946710584651,2.261946710584651
B,0.30000000000000004,0.00030000000000000003,0.030000000000000006,0.6,0.6,600.0,5.0,1.9634954084936207e-05,0.19634954084936207,5.8904862254808625e-09,5.8904862254808625,0.0058904862254808635,3.5342917352885176e-06,0.0035342917352885177,3.5342917352885177,256,15.0,3.84,3.84,1.0,1.0,3.84,1.3571680263507907e-05,0.013571680263507907,13.571680263507908,13.571680263507908
B,0.30000000000000004,0.00030000000000000003,0.030000000000000006,0.6,0.6,600.0,5.0,1.9634954084936207e-05,0.19634954084936207,5.8904862254808625e-09,5.8904862254808625,0.0058904862254808635,3.5342917352885176e-06,0.0035342917352885177,3.5342917352885177,256,15.0,3.84,3.84,2.0,0.5,1.92,6.785840131753954e-06,0.006785840131753954,6.785840131753954,6.785840131753954
B,0.30000000000000004,0.00030000000000000003,0.030000000000000006,0.6,0.6,600.0,5.0,1.9634954084936207e-05,0.19634954084936207,5.8904862254808625e-09,5.8904862254808625,0.0058904862254808635,3.5342917352885176e-06,0.0035342917352885177,3.5342917352885177,256,15.0,3.84,3.84,3.0,0.3333333333333333,1.28,4.523893421169303e-06,0.004523893421169303,4.523893421169303,4.523893421169303
B,0.30000000000000004,0.00030000000000000003,0.030000000000000006,0.6,0.6,600.0,5.0,1.9634954084936207e-05,0.19634954084936207,5.8904862254808625e-09,5.8904862254808625,0.0058904862254808635,3.5342917352885176e-06,0.0035342917352885177,3.5342917352885177,256,15.0,3.84,3.84,4.0,0.25,0.96,3.392920065876977e-06,0.003392920065876977,3.392920065876977,3.392920065876977
B,0.30000000000000004,0.00030000000000000003,0.030000000000000006,0.6,0.6,600.0,5.0,1.9634954084936207e-05,0.19634954084936207,5.8904862254808625e-09,5.8904862254808625,0.0058904862254808635,3.5342917352885176e-06,0.0035342917352885177,3.5342917352885177,256,15.0,3.84,3.84,5.0,0.2,0.768,2.7143360527015816e-06,0.0027143360527015817,2.7143360527015816,2.7143360527015816
B,0.4,0.0004,0.04,0.4,0.4,400.0,5.0,1.9634954084936207e-05,0.19634954084936207,7.853981633974483e-09,7.853981633974483,0.007853981633974483,3.141592653589793e-06,0.003141592653589793,3.1415926535897927,256,15.0,3.84,3.84,1.0,1.0,3.84,1.2063715789784805e-05,0.012063715789784804,12.063715789784805,12.063715789784805
B,0.4,0.0004,0.04,0.4,0.4,400.0,5.0,1.9634954084936207e-05,0.19634954084936207,7.853981633974483e-09,7.853981633974483,0.007853981633974483,3.141592653589793e-06,0.003141592653589793,3.1415926535897927,256,15.0,3.84,3.84,2.0,0.5,1.92,6.031857894892402e-06,0.006031857894892402,6.031857894892402,6.031857894892402
B,0.4,0.0004,0.04,0.4,0.4,400.0,5.0,1.9634954084936207e-05,0.19634954084936207,7.853981633974483e-09,7.853981633974483,0.007853981633974483,3.141592653589793e-06,0.003141592653589793,3.1415926535897927,256,15.0,3.84,3.84,3.0,0.3333333333333333,1.28,4.021238596594935e-06,0.004021238596594935,4.021238596594935,4.021238596594935
B,0.4,0.0004,0.04,0.4,0.4,400.0,5.0,1.9634954084936207e-05,0.19634954084936207,7.853981633974483e-09,7.853981633974483,0.007853981633974483,3.141592653589793e-06,0.003141592653589793,3.1415926535897927,256,15.0,3.84,3.84,4.0,0.25,0.96,3.015928947446201e-06,0.003015928947446201,3.015928947446201,3.015928947446201
B,0.4,0.0004,0.04,0.4,0.4,400.0,5.0,1.9634954084936207e-05,0.19634954084936207,7.853981633974483e-09,7.853981633974483,0.007853981633974483,3.141592653589793e-06,0.003141592653589793,3.1415926535897927,256,15.0,3.84,3.84,5.0,0.2,0.768,2.412743157956961e-06,0.0024127431579569606,2.4127431579569607,2.4127431579569607
B,0.4,0.0004,0.04,0.5,0.5,500.0,5.0,1.9634954084936207e-05,0.19634954084936207,7.853981633974483e-09,7.853981633974483,0.007853981633974483,3.926990816987241e-06,0.003926990816987241,3.926990816987241,256,15.0,3.84,3.84,1.0,1.0,3.84,1.5079644737231005e-05,0.015079644737231005,15.079644737231005,15.079644737231005
B,0.4,0.0004,0.04,0.5,0.5,500.0,5.0,1.9634954084936207e-05,0.19634954084936207,7.853981633974483e-09,7.853981633974483,0.007853981633974483,3.926990816987241e-06,0.003926990816987241,3.926990816987241,256,15.0,3.84,3.84,2.0,0.5,1.92,7.5398223686155025e-06,0.0075398223686155025,7.539822368615503,7.539822368615503
B,0.4,0.0004,0.04,0.5,0.5,500.0,5.0,1.9634954084936207e-05,0.19634954084936207,7.853981633974483e-09,7.853981633974483,0.007853981633974483,3.926990816987241e-06,0.003926990816987241,3.926990816987241,256,15.0,3.84,3.84,3.0,0.3333333333333333,1.28,5.026548245743668e-06,0.005026548245743668,5.026548245743668,5.026548245743668
B,0.4,0.0004,0.04,0.5,0.5,500.0,5.0,1.9634954084936207e-05,0.19634954084936207,7.853981633974483e-09,7.853981633974483,0.007853981633974483,3.926990816987241e-06,0.003926990816987241,3.926990816987241,256,15.0,3.84,3.84,4.0,0.25,0.96,3.7699111843077512e-06,0.0037699111843077513,3.7699111843077513,3.7699111843077513
B,0.4,0.0004,0.04,0.5,0.5,500.0,5.0,1.9634954084936207e-05,0.19634954084936207,7.853981633974483e-09,7.853981633974483,0.007853981633974483,3.926990816987241e-06,0.003926990816987241,3.926990816987241,256,15.0,3.84,3.84,5.0,0.2,0.768,3.015928947446201e-06,0.003015928947446201,3.015928947446201,3.015928947446201
B,0.4,0.0004,0.04,0.6,0.6,600.0,5.0,1.9634954084936207e-05,0.19634954084936207,7.853981633974483e-09,7.853981633974483,0.007853981633974483,4.7123889803846896e-06,0.00471238898038469,4.71238898038469,256,15.0,3.84,3.84,1.0,1.0,3.84,1.809557368467721e-05,0.018095573684677208,18.09557368467721,18.09557368467721
B,0.4,0.0004,0.04,0.6,0.6,600.0,5.0,1.9634954084936207e-05,0.19634954084936207,7.853981633974483e-09,7.853981633974483,0.007853981633974483,4.7123889803846896e-06,0.00471238898038469,4.71238898038469,256,15.0,3.84,3.84,2.0,0.5,1.92,9.047786842338604e-06,0.009047786842338604,9.047786842338605,9.047786842338605
B,0.4,0.0004,0.04,0.6,0.6,600.0,5.0,1.9634954084936207e-05,0.19634954084936207,7.853981633974483e-09,7.853981633974483,0.007853981633974483,4.7123889803846896e-06,0.00471238898038469,4.71238898038469,256,15.0,3.84,3.84,3.0,0.3333333333333333,1.28,6.031857894892403e-06,0.006031857894892403,6.031857894892403,6.031857894892403
B,0.4,0.0004,0.04,0.6,0.6,600.0,5.0,1.9634954084936207e-05,0.19634954084936207,7.853981633974483e-09,7.853981633974483,0.007853981633974483,4.7123889803846896e-06,0.00471238898038469,4.71238898038469,256,15.0,3.84,3.84,4.0,0.25,0.96,4.523893421169302e-06,0.004523893421169302,4.523893421169302,4.523893421169302
B,0.4,0.0004,0.04,0.6,0.6,600.0,5.0,1.9634954084936207e-05,0.19634954084936207,7.853981633974483e-09,7.853981633974483,0.007853981633974483,4.7123889803846896e-06,0.00471238898038469,4.71238898038469,256,15.0,3.84,3.84,5.0,0.2,0.768,3.6191147369354415e-06,0.0036191147369354416,3.6191147369354417,3.6191147369354417
B,0.5,0.0005,0.05,0.4,0.4,400.0,5.0,1.9634954084936207e-05,0.19634954084936207,9.817477042468104e-09,9.817477042468104,0.009817477042468103,3.926990816987242e-06,0.003926990816987242,3.926990816987242,256,15.0,3.84,3.84,1.0,1.0,3.84,1.5079644737231008e-05,0.015079644737231009,15.079644737231009,15.079644737231009
B,0.5,0.0005,0.05,0.4,0.4,400.0,5.0,1.9634954084936207e-05,0.19634954084936207,9.817477042468104e-09,9.817477042468104,0.009817477042468103,3.926990816987242e-06,0.003926990816987242,3.926990816987242,256,15.0,3.84,3.84,2.0,0.5,1.92,7.539822368615504e-06,0.007539822368615504,7.539822368615504,7.539822368615504
B,0.5,0.0005,0.05,0.4,0.4,400.0,5.0,1.9634954084936207e-05,0.19634954084936207,9.817477042468104e-09,9.817477042468104,0.009817477042468103,3.926990816987242e-06,0.003926990816987242,3.926990816987242,256,15.0,3.84,3.84,3.0,0.3333333333333333,1.28,5.02654824574367e-06,0.00502654824574367,5.02654824574367,5.02654824574367
B,0.5,0.0005,0.05,0.4,0.4,400.0,5.0,1.9634954084936207e-05,0.19634954084936207,9.817477042468104e-09,9.817477042468104,0.009817477042468103,3.926990816987242e-06,0.003926990816987242,3.926990816987242,256,15.0,3.84,3.84,4.0,0.25,0.96,3.769911184307752e-06,0.003769911184307752,3.769911184307752,3.769911184307752
B,0.5,0.0005,0.05,0.4,0.4,400.0,5.0,1.9634954084936207e-05,0.19634954084936207,9.817477042468104e-09,9.817477042468104,0.009817477042468103,3.926990816987242e-06,0.003926990816987242,3.926990816987242,256,15.0,3.84,3.84,5.0,0.2,0.768,3.015928947446202e-06,0.003015928947446202,3.015928947446202,3.015928947446202
B,0.5,0.0005,0.05,0.5,0.5,500.0,5.0,1.9634954084936207e-05,0.19634954084936207,9.817477042468104e-09,9.817477042468104,0.009817477042468103,4.908738521234052e-06,0.004908738521234052,4.908738521234052,256,15.0,3.84,3.84,1.0,1.0,3.84,1.8849555921538758e-05,0.01884955592153876,18.84955592153876,18.84955592153876
B,0.5,0.0005,0.05,0.5,0.5,500.0,5.0,1.9634954084936207e-05,0.19634954084936207,9.817477042468104e-09,9.817477042468104,0.009817477042468103,4.908738521234052e-06,0.004908738521234052,4.908738521234052,256,15.0,3.84,3.84,2.0,0.5,1.92,9.424777960769379e-06,0.00942477796076938,9.42477796076938,9.42477796076938
B,0.5,0.0005,0.05,0.5,0.5,500.0,5.0,1.9634954084936207e-05,0.19634954084936207,9.817477042468104e-09,9.817477042468104,0.009817477042468103,4.908738521234052e-06,0.004908738521234052,4.908738521234052,256,15.0,3.84,3.84,3.0,0.3333333333333333,1.28,6.283185307179587e-06,0.006283185307179587,6.283185307179586,6.283185307179586
B,0.5,0.0005,0.05,0.5,0.5,500.0,5.0,1.9634954084936207e-05,0.19634954084936207,9.817477042468104e-09,9.817477042468104,0.009817477042468103,4.908738521234052e-06,0.004908738521234052,4.908738521234052,256,15.0,3.84,3.84,4.0,0.25,0.96,4.7123889803846896e-06,0.00471238898038469,4.71238898038469,4.71238898038469
B,0.5,0.0005,0.05,0.5,0.5,500.0,5.0,1.9634954084936207e-05,0.19634954084936207,9.817477042468104e-09,9.817477042468104,0.009817477042468103,4.908738521234052e-06,0.004908738521234052,4.908738521234052,256,15.0,3.84,3.84,5.0,0.2,0.768,3.7699111843077517e-06,0.0037699111843077517,3.7699111843077517,3.7699111843077517
B,0.5,0.0005,0.05,0.6,0.6,600.0,5.0,1.9634954084936207e-05,0.19634954084936207,9.817477042468104e-09,9.817477042468104,0.009817477042468103,5.890486225480862e-06,0.005890486225480863,5.8904862254808625,256,15.0,3.84,3.84,1.0,1.0,3.84,2.261946710584651e-05,0.02261946710584651,22.61946710584651,22.61946710584651
B,0.5,0.0005,0.05,0.6,0.6,600.0,5.0,1.9634954084936207e-05,0.19634954084936207,9.817477042468104e-09,9.817477042468104,0.009817477042468103,5.890486225480862e-06,0.005890486225480863,5.8904862254808625,256,15.0,3.84,3.84,2.0,0.5,1.92,1.1309733552923255e-05,0.011309733552923255,11.309733552923255,11.309733552923255
B,0.5,0.0005,0.05,0.6,0.6,600.0,5.0,1.9634954084936207e-05,0.19634954084936207,9.817477042468104e-09,9.817477042468104,0.009817477042468103,5.890486225480862e-06,0.005890486225480863,5.8904862254808625,256,15.0,3.84,3.84,3.0,0.3333333333333333,1.28,7.539822368615504e-06,0.007539822368615504,7.539822368615504,7.539822368615504
B,0.5,0.0005,0.05,0.6,0.6,600.0,5.0,1.9634954084936207e-05,0.19634954084936207,9.817477042468104e-09,9.817477042468104,0.009817477042468103,5.890486225480862e-06,0.005890486225480863,5.8904862254808625,256,15.0,3.84,3.84,4.0,0.25,0.96,5.6548667764616275e-06,0.005654866776461627,5.654866776461628,5.654866776461628
B,0.5,0.0005,0.05,0.6,0.6,600.0,5.0,1.9634954084936207e-05,0.19634954084936207,9.817477042468104e-09,9.817477042468104,0.009817477042468103,5.890486225480862e-06,0.005890486225480863,5.8904862254808625,256,15.0,3.84,3.84,5.0,0.2,0.768,4.523893421169302e-06,0.004523893421169302,4.523893421169302,4.523893421169302
B,0.6,0.0006,0.06,0.4,0.4,400.0,5.0,1.9634954084936207e-05,0.19634954084936207,1.1780972450961723e-08,11.780972450961723,0.011780972450961723,4.7123889803846896e-06,0.00471238898038469,4.71238898038469,256,15.0,3.84,3.84,1.0,1.0,3.84,1.809557368467721e-05,0.018095573684677208,18.09557368467721,18.09557368467721
B,0.6,0.0006,0.06,0.4,0.4,400.0,5.0,1.9634954084936207e-05,0.19634954084936207,1.1780972450961723e-08,11.780972450961723,0.011780972450961723,4.7123889803846896e-06,0.00471238898038469,4.71238898038469,256,15.0,3.84,3.84,2.0,0.5,1.92,9.047786842338604e-06,0.009047786842338604,9.047786842338605,9.047786842338605
B,0.6,0.0006,0.06,0.4,0.4,400.0,5.0,1.9634954084936207e-05,0.19634954084936207,1.1780972450961723e-08,11.780972450961723,0.011780972450961723,4.7123889803846896e-06,0.00471238898038469,4.71238898038469,256,15.0,3.84,3.84,3.0,0.3333333333333333,1.28,6.031857894892403e-06,0.006031857894892403,6.031857894892403,6.031857894892403
B,0.6,0.0006,0.06,0.4,0.4,400.0,5.0,1.9634954084936207e-05,0.19634954084936207,1.1780972450961723e-08,11.780972450961723,0.011780972450961723,4.7123889803846896e-06,0.00471238898038469,4.71238898038469,256,15.0,3.84,3.84,4.0,0.25,0.96,4.523893421169302e-06,0.004523893421169302,4.523893421169302,4.523893421169302
B,0.6,0.0006,0.06,0.4,0.4,400.0,5.0,1.9634954084936207e-05,0.19634954084936207,1.1780972450961723e-08,11.780972450961723,0.011780972450961723,4.7123889803846896e-06,0.00471238898038469,4.71238898038469,256,15.0,3.84,3.84,5.0,0.2,0.768,3.6191147369354415e-06,0.0036191147369354416,3.6191147369354417,3.6191147369354417
B,0.6,0.0006,0.06,0.5,0.5,500.0,5.0,1.9634954084936207e-05,0.19634954084936207,1.1780972450961723e-08,11.780972450961723,0.011780972450961723,5.8904862254808615e-06,0.005890486225480862,5.890486225480862,256,15.0,3.84,3.84,1.0,1.0,3.84,2.2619467105846507e-05,0.022619467105846506,22.619467105846507,22.619467105846507
B,0.6,0.0006,0.06,0.5,0.5,500.0,5.0,1.9634954084936207e-05,0.19634954084936207,1.1780972450961723e-08,11.780972450961723,0.011780972450961723,5.8904862254808615e-06,0.005890486225480862,5.890486225480862,256,15.0,3.84,3.84,2.0,0.5,1.92,1.1309733552923253e-05,0.011309733552923253,11.309733552923253,11.309733552923253
B,0.6,0.0006,0.06,0.5,0.5,500.0,5.0,1.9634954084936207e-05,0.19634954084936207,1.1780972450961723e-08,11.780972450961723,0.011780972450961723,5.8904862254808615e-06,0.005890486225480862,5.890486225480862,256,15.0,3.84,3.84,3.0,0.3333333333333333,1.28,7.539822368615503e-06,0.007539822368615503,7.5398223686155035,7.5398223686155035
B,0.6,0.0006,0.06,0.5,0.5,500.0,5.0,1.9634954084936207e-05,0.19634954084936207,1.1780972450961723e-08,11.780972450961723,0.011780972450961723,5.8904862254808615e-06,0.005890486225480862,5.890486225480862,256,15.0,3.84,3.84,4.0,0.25,0.96,5.654866776461627e-06,0.0056548667764616265,5.654866776461627,5.654866776461627
B,0.6,0.0006,0.06,0.5,0.5,500.0,5.0,1.9634954084936207e-05,0.19634954084936207,1.1780972450961723e-08,11.780972450961723,0.011780972450961723,5.8904862254808615e-06,0.005890486225480862,5.890486225480862,256,15.0,3.84,3.84,5.0,0.2,0.768,4.523893421169302e-06,0.004523893421169302,4.523893421169302,4.523893421169302
B,0.6,0.0006,0.06,0.6,0.6,600.0,5.0,1.9634954084936207e-05,0.19634954084936207,1.1780972450961723e-08,11.780972450961723,0.011780972450961723,7.068583470577034e-06,0.007068583470577035,7.0685834705770345,256,15.0,3.84,3.84,1.0,1.0,3.84,2.714336052701581e-05,0.02714336052701581,27.143360527015812,27.143360527015812
B,0.6,0.0006,0.06,0.6,0.6,600.0,5.0,1.9634954084936207e-05,0.19634954084936207,1.1780972450961723e-08,11.780972450961723,0.011780972450961723,7.068583470577034e-06,0.007068583470577035,7.0685834705770345,256,15.0,3.84,3.84,2.0,0.5,1.92,1.3571680263507906e-05,0.013571680263507906,13.571680263507906,13.571680263507906
B,0.6,0.0006,0.06,0.6,0.6,600.0,5.0,1.9634954084936207e-05,0.19634954084936207,1.1780972450961723e-08,11.780972450961723,0.011780972450961723,7.068583470577034e-06,0.007068583470577035,7.0685834705770345,256,15.0,3.84,3.84,3.0,0.3333333333333333,1.28,9.047786842338604e-06,0.009047786842338604,9.047786842338605,9.047786842338605
B,0.6,0.0006,0.06,0.6,0.6,600.0,5.0,1.9634954084936207e-05,0.19634954084936207,1.1780972450961723e-08,11.780972450961723,0.011780972450961723,7.068583470577034e-06,0.007068583470577035,7.0685834705770345,256,15.0,3.84,3.84,4.0,0.25,0.96,6.785840131753953e-06,0.006785840131753953,6.785840131753953,6.785840131753953
B,0.6,0.0006,0.06,0.6,0.6,600.0,5.0,1.9634954084936207e-05,0.19634954084936207,1.1780972450961723e-08,11.780972450961723,0.011780972450961723,7.068583470577034e-06,0.007068583470577035,7.0685834705770345,256,15.0,3.84,3.84,5.0,0.2,0.768,5.428672105403162e-06,0.005428672105403163,5.428672105403162,5.428672105403162
B,0.7000000000000001,0.0007000000000000001,0.07,0.4,0.4,400.0,5.0,1.9634954084936207e-05,0.19634954084936207,1.3744467859455346e-08,13.744467859455346,0.013744467859455347,5.497787143782138e-06,0.005497787143782138,5.497787143782138,256,15.0,3.84,3.84,1.0,1.0,3.84,2.111150263212341e-05,0.02111150263212341,21.11150263212341,21.11150263212341
B,0.7000000000000001,0.0007000000000000001,0.07,0.4,0.4,400.0,5.0,1.9634954084936207e-05,0.19634954084936207,1.3744467859455346e-08,13.744467859455346,0.013744467859455347,5.497787143782138e-06,0.005497787143782138,5.497787143782138,256,15.0,3.84,3.84,2.0,0.5,1.92,1.0555751316061705e-05,0.010555751316061705,10.555751316061706,10.555751316061706
B,0.7000000000000001,0.0007000000000000001,0.07,0.4,0.4,400.0,5.0,1.9634954084936207e-05,0.19634954084936207,1.3744467859455346e-08,13.744467859455346,0.013744467859455347,5.497787143782138e-06,0.005497787143782138,5.497787143782138,256,15.0,3.84,3.84,3.0,0.3333333333333333,1.28,7.037167544041137e-06,0.007037167544041137,7.037167544041138,7.037167544041138
B,0.7000000000000001,0.0007000000000000001,0.07,0.4,0.4,400.0,5.0,1.9634954084936207e-05,0.19634954084936207,1.3744467859455346e-08,13.744467859455346,0.013744467859455347,5.497787143782138e-06,0.005497787143782138,5.497787143782138,256,15.0,3.84,3.84,4.0,0.25,0.96,5.277875658030853e-06,0.0052778756580308525,5.277875658030853,5.277875658030853
B,0.7000000000000001,0.0007000000000000001,0.07,0.4,0.4,400.0,5.0,1.9634954084936207e-05,0.19634954084936207,1.3744467859455346e-08,13.744467859455346,0.013744467859455347,5.497787143782138e-06,0.005497787143782138,5.497787143782138,256,15.0,3.84,3.84,5.0,0.2,0.768,4.222300526424682e-06,0.004222300526424682,4.222300526424681,4.222300526424681
B,0.7000000000000001,0.0007000000000000001,0.07,0.5,0.5,500.0,5.0,1.9634954084936207e-05,0.19634954084936207,1.3744467859455346e-08,13.744467859455346,0.013744467859455347,6.872233929727673e-06,0.0068722339297276735,6.872233929727673,256,15.0,3.84,3.84,1.0,1.0,3.84,2.6389378290154265e-05,0.026389378290154263,26.389378290154262,26.389378290154262
B,0.7000000000000001,0.0007000000000000001,0.07,0.5,0.5,500.0,5.0,1.9634954084936207e-05,0.19634954084936207,1.3744467859455346e-08,13.744467859455346,0.013744467859455347,6.872233929727673e-06,0.0068722339297276735,6.872233929727673,256,15.0,3.84,3.84,2.0,0.5,1.92,1.3194689145077132e-05,0.013194689145077132,13.194689145077131,13.194689145077131
B,0.7000000000000001,0.0007000000000000001,0.07,0.5,0.5,500.0,5.0,1.9634954084936207e-05,0.19634954084936207,1.3744467859455346e-08,13.744467859455346,0.013744467859455347,6.872233929727673e-06,0.0068722339297276735,6.872233929727673,256,15.0,3.84,3.84,3.0,0.3333333333333333,1.28,8.796459430051422e-06,0.008796459430051421,8.79645943005142,8.79645943005142
B,0.7000000000000001,0.0007000000000000001,0.07,0.5,0.5,500.0,5.0,1.9634954084936207e-05,0.19634954084936207,1.3744467859455346e-08,13.744467859455346,0.013744467859455347,6.872233929727673e-06,0.0068722339297276735,6.872233929727673,256,15.0,3.84,3.84,4.0,0.25,0.96,6.597344572538566e-06,0.006597344572538566,6.5973445725385655,6.5973445725385655
B,0.7000000000000001,0.0007000000000000001,0.07,0.5,0.5,500.0,5.0,1.9634954084936207e-05,0.19634954084936207,1.3744467859455346e-08,13.744467859455346,0.013744467859455347,6.872233929727673e-06,0.0068722339297276735,6.872233929727673,256,15.0,3.84,3.84,5.0,0.2,0.768,5.277875658030853e-06,0.0052778756580308525,5.277875658030853,5.277875658030853
B,0.7000000000000001,0.0007000000000000001,0.07,0.6,0.6,600.0,5.0,1.9634954084936207e-05,0.19634954084936207,1.3744467859455346e-08,13.744467859455346,0.013744467859455347,8.246680715673208e-06,0.008246680715673207,8.246680715673207,256,15.0,3.84,3.84,1.0,1.0,3.84,3.166725394818512e-05,0.03166725394818512,31.66725394818512,31.66725394818512
B,0.7000000000000001,0.0007000000000000001,0.07,0.6,0.6,600.0,5.0,1.9634954084936207e-05,0.19634954084936207,1.3744467859455346e-08,13.744467859455346,0.013744467859455347,8.246680715673208e-06,0.008246680715673207,8.246680715673207,256,15.0,3.84,3.84,2.0,0.5,1.92,1.583362697409256e-05,0.01583362697409256,15.83362697409256,15.83362697409256
B,0.7000000000000001,0.0007000000000000001,0.07,0.6,0.6,600.0,5.0,1.9634954084936207e-05,0.19634954084936207,1.3744467859455346e-08,13.744467859455346,0.013744467859455347,8.246680715673208e-06,0.008246680715673207,8.246680715673207,256,15.0,3.84,3.84,3.0,0.3333333333333333,1.28,1.0555751316061707e-05,0.010555751316061707,10.555751316061707,10.555751316061707
B,0.7000000000000001,0.0007000000000000001,0.07,0.6,0.6,600.0,5.0,1.9634954084936207e-05,0.19634954084936207,1.3744467859455346e-08,13.744467859455346,0.013744467859455347,8.246680715673208e-06,0.008246680715673207,8.246680715673207,256,15.0,3.84,3.84,4.0,0.25,0.96,7.91681348704628e-06,0.00791681348704628,7.91681348704628,7.91681348704628
B,0.7000000000000001,0.0007000000000000001,0.07,0.6,0.6,600.0,5.0,1.9634954084936207e-05,0.19634954084936207,1.3744467859455346e-08,13.744467859455346,0.013744467859455347,8.246680715673208e-06,0.008246680715673207,8.246680715673207,256,15.0,3.84,3.84,5.0,0.2,0.768,6.3334507896370235e-06,0.006333450789637023,6.333450789637023,6.333450789637023
B,0.8,0.0008,0.08,0.4,0.4,400.0,5.0,1.9634954084936207e-05,0.19634954084936207,1.5707963267948965e-08,15.707963267948966,0.015707963267948967,6.283185307179586e-06,0.006283185307179586,6.283185307179585,256,15.0,3.84,3.84,1.0,1.0,3.84,2.412743157956961e-05,0.02412743157956961,24.12743157956961,24.12743157956961
B,0.8,0.0008,0.08,0.4,0.4,400.0,5.0,1.9634954084936207e-05,0.19634954084936207,1.5707963267948965e-08,15.707963267948966,0.015707963267948967,6.283185307179586e-06,0.006283185307179586,6.283185307179585,256,15.0,3.84,3.84,2.0,0.5,1.92,1.2063715789784805e-05,0.012063715789784804,12.063715789784805,12.063715789784805
B,0.8,0.0008,0.08,0.4,0.4,400.0,5.0,1.9634954084936207e-05,0.19634954084936207,1.5707963267948965e-08,15.707963267948966,0.015707963267948967,6.283185307179586e-06,0.006283185307179586,6.283185307179585,256,15.0,3.84,3.84,3.0,0.3333333333333333,1.28,8.04247719318987e-06,0.00804247719318987,8.04247719318987,8.04247719318987
B,0.8,0.0008,0.08,0.4,0.4,400.0,5.0,1.9634954084936207e-05,0.19634954084936207,1.5707963267948965e-08,15.707963267948966,0.015707963267948967,6.283185307179586e-06,0.006283185307179586,6.283185307179585,256,15.0,3.84,3.84,4.0,0.25,0.96,6.031857894892402e-06,0.006031857894892402,6.031857894892402,6.031857894892402
B,0.8,0.0008,0.08,0.4,0.4,400.0,5.0,1.9634954084936207e-05,0.19634954084936207,1.5707963267948965e-08,15.707963267948966,0.015707963267948967,6.283185307179586e-06,0.006283185307179586,6.283185307179585,256,15.0,3.84,3.84,5.0,0.2,0.768,4.825486315913922e-06,0.004825486315913921,4.825486315913921,4.825486315913921
B,0.8,0.0008,0.08,0.5,0.5,500.0,5.0,1.9634954084936207e-05,0.19634954084936207,1.5707963267948965e-08,15.707963267948966,0.015707963267948967,7.853981633974482e-06,0.007853981633974482,7.853981633974482,256,15.0,3.84,3.84,1.0,1.0,3.84,3.015928947446201e-05,0.03015928947446201,30.15928947446201,30.15928947446201
B,0.8,0.0008,0.08,0.5,0.5,500.0,5.0,1.9634954084936207e-05,0.19634954084936207,1.5707963267948965e-08,15.707963267948966,0.015707963267948967,7.853981633974482e-06,0.007853981633974482,7.853981633974482,256,15.0,3.84,3.84,2.0,0.5,1.92,1.5079644737231005e-05,0.015079644737231005,15.079644737231005,15.079644737231005
B,0.8,0.0008,0.08,0.5,0.5,500.0,5.0,1.9634954084936207e-05,0.19634954084936207,1.5707963267948965e-08,15.707963267948966,0.015707963267948967,7.853981633974482e-06,0.007853981633974482,7.853981633974482,256,15.0,3.84,3.84,3.0,0.3333333333333333,1.28,1.0053096491487337e-05,0.010053096491487336,10.053096491487336,10.053096491487336
B,0.8,0.0008,0.08,0.5,0.5,500.0,5.0,1.9634954084936207e-05,0.19634954084936207,1.5707963267948965e-08,15.707963267948966,0.015707963267948967,7.853981633974482e-06,0.007853981633974482,7.853981633974482,256,15.0,3.84,3.84,4.0,0.25,0.96,7.5398223686155025e-06,0.0075398223686155025,7.539822368615503,7.539822368615503
B,0.8,0.0008,0.08,0.5,0.5,500.0,5.0,1.9634954084936207e-05,0.19634954084936207,1.5707963267948965e-08,15.707963267948966,0.015707963267948967,7.853981633974482e-06,0.007853981633974482,7.853981633974482,256,15.0,3.84,3.84,5.0,0.2,0.768,6.031857894892402e-06,0.006031857894892402,6.031857894892402,6.031857894892402
B,0.8,0.0008,0.08,0.6,0.6,600.0,5.0,1.9634954084936207e-05,0.19634954084936207,1.5707963267948965e-08,15.707963267948966,0.015707963267948967,9.424777960769379e-06,0.00942477796076938,9.42477796076938,256,15.0,3.84,3.84,1.0,1.0,3.84,3.619114736935442e-05,0.036191147369354415,36.19114736935442,36.19114736935442
B,0.8,0.0008,0.08,0.6,0.6,600.0,5.0,1.9634954084936207e-05,0.19634954084936207,1.5707963267948965e-08,15.707963267948966,0.015707963267948967,9.424777960769379e-06,0.00942477796076938,9.42477796076938,256,15.0,3.84,3.84,2.0,0.5,1.92,1.809557368467721e-05,0.018095573684677208,18.09557368467721,18.09557368467721
B,0.8,0.0008,0.08,0.6,0.6,600.0,5.0,1.9634954084936207e-05,0.19634954084936207,1.5707963267948965e-08,15.707963267948966,0.015707963267948967,9.424777960769379e-06,0.00942477796076938,9.42477796076938,256,15.0,3.84,3.84,3.0,0.3333333333333333,1.28,1.2063715789784806e-05,0.012063715789784806,12.063715789784807,12.063715789784807
B,0.8,0.0008,0.08,0.6,0.6,600.0,5.0,1.9634954084936207e-05,0.19634954084936207,1.5707963267948965e-08,15.707963267948966,0.015707963267948967,9.424777960769379e-06,0.00942477796076938,9.42477796076938,256,15.0,3.84,3.84,4.0,0.25,0.96,9.047786842338604e-06,0.009047786842338604,9.047786842338605,9.047786842338605
B,0.8,0.0008,0.08,0.6,0.6,600.0,5.0,1.9634954084936207e-05,0.19634954084936207,1.5707963267948965e-08,15.707963267948966,0.015707963267948967,9.424777960769379e-06,0.00942477796076938,9.42477796076938,256,15.0,3.84,3.84,5.0,0.2,0.768,7.238229473870883e-06,0.007238229473870883,7.2382294738708834,7.2382294738708834
B,0.9,0.0009,0.09,0.4,0.4,400.0,5.0,1.9634954084936207e-05,0.19634954084936207,1.7671458676442587e-08,17.671458676442587,0.017671458676442587,7.068583470577034e-06,0.007068583470577035,7.0685834705770345,256,15.0,3.84,3.84,1.0,1.0,3.84,2.714336052701581e-05,0.02714336052701581,27.143360527015812,27.143360527015812
B,0.9,0.0009,0.09,0.4,0.4,400.0,5.0,1.9634954084936207e-05,0.19634954084936207,1.7671458676442587e-08,17.671458676442587,0.017671458676442587,7.068583470577034e-06,0.007068583470577035,7.0685834705770345,256,15.0,3.84,3.84,2.0,0.5,1.92,1.3571680263507906e-05,0.013571680263507906,13.571680263507906,13.571680263507906
B,0.9,0.0009,0.09,0.4,0.4,400.0,5.0,1.9634954084936207e-05,0.19634954084936207,1.7671458676442587e-08,17.671458676442587,0.017671458676442587,7.068583470577034e-06,0.007068583470577035,7.0685834705770345,256,15.0,3.84,3.84,3.0,0.3333333333333333,1.28,9.047786842338604e-06,0.009047786842338604,9.047786842338605,9.047786842338605
B,0.9,0.0009,0.09,0.4,0.4,400.0,5.0,1.9634954084936207e-05,0.19634954084936207,1.7671458676442587e-08,17.671458676442587,0.017671458676442587,7.068583470577034e-06,0.007068583470577035,7.0685834705770345,256,15.0,3.84,3.84,4.0,0.25,0.96,6.785840131753953e-06,0.006785840131753953,6.785840131753953,6.785840131753953
B,0.9,0.0009,0.09,0.4,0.4,400.0,5.0,1.9634954084936207e-05,0.19634954084936207,1.7671458676442587e-08,17.671458676442587,0.017671458676442587,7.068583470577034e-06,0.007068583470577035,7.0685834705770345,256,15.0,3.84,3.84,5.0,0.2,0.768,5.428672105403162e-06,0.005428672105403163,5.428672105403162,5.428672105403162
B,0.9,0.0009,0.09,0.5,0.5,500.0,5.0,1.9634954084936207e-05,0.19634954084936207,1.7671458676442587e-08,17.671458676442587,0.017671458676442587,8.835729338221293e-06,0.008835729338221293,8.835729338221293,256,15.0,3.84,3.84,1.0,1.0,3.84,3.3929200658769765e-05,0.03392920065876977,33.929200658769766,33.929200658769766
B,0.9,0.0009,0.09,0.5,0.5,500.0,5.0,1.9634954084936207e-05,0.19634954084936207,1.7671458676442587e-08,17.671458676442587,0.017671458676442587,8.835729338221293e-06,0.008835729338221293,8.835729338221293,256,15.0,3.84,3.84,2.0,0.5,1.92,1.6964600329384882e-05,0.016964600329384884,16.964600329384883,16.964600329384883
B,0.9,0.0009,0.09,0.5,0.5,500.0,5.0,1.9634954084936207e-05,0.19634954084936207,1.7671458676442587e-08,17.671458676442587,0.017671458676442587,8.835729338221293e-06,0.008835729338221293,8.835729338221293,256,15.0,3.84,3.84,3.0,0.3333333333333333,1.28,1.1309733552923255e-05,0.011309733552923255,11.309733552923255,11.309733552923255
B,0.9,0.0009,0.09,0.5,0.5,500.0,5.0,1.9634954084936207e-05,0.19634954084936207,1.7671458676442587e-08,17.671458676442587,0.017671458676442587,8.835729338221293e-06,0.008835729338221293,8.835729338221293,256,15.0,3.84,3.84,4.0,0.25,0.96,8.482300164692441e-06,0.008482300164692442,8.482300164692441,8.482300164692441
B,0.9,0.0009,0.09,0.5,0.5,500.0,5.0,1.9634954084936207e-05,0.19634954084936207,1.7671458676442587e-08,17.671458676442587,0.017671458676442587,8.835729338221293e-06,0.008835729338221293,8.835729338221293,256,15.0,3.84,3.84,5.0,0.2,0.768,6.785840131753953e-06,0.006785840131753953,6.785840131753953,6.785840131753953
B,0.9,0.0009,0.09,0.6,0.6,600.0,5.0,1.9634954084936207e-05,0.19634954084936207,1.7671458676442587e-08,17.671458676442587,0.017671458676442587,1.0602875205865552e-05,0.010602875205865551,10.602875205865551,256,15.0,3.84,3.84,1.0,1.0,3.84,4.0715040790523715e-05,0.04071504079052372,40.715040790523716,40.715040790523716
B,0.9,0.0009,0.09,0.6,0.6,600.0,5.0,1.9634954084936207e-05,0.19634954084936207,1.7671458676442587e-08,17.671458676442587,0.017671458676442587,1.0602875205865552e-05,0.010602875205865551,10.602875205865551,256,15.0,3.84,3.84,2.0,0.5,1.92,2.0357520395261858e-05,0.02035752039526186,20.357520395261858,20.357520395261858
B,0.9,0.0009,0.09,0.6,0.6,600.0,5.0,1.9634954084936207e-05,0.19634954084936207,1.7671458676442587e-08,17.671458676442587,0.017671458676442587,1.0602875205865552e-05,0.010602875205865551,10.602875205865551,256,15.0,3.84,3.84,3.0,0.3333333333333333,1.28,1.3571680263507907e-05,0.013571680263507907,13.571680263507908,13.571680263507908
B,0.9,0.0009,0.09,0.6,0.6,600.0,5.0,1.9634954084936207e-05,0.19634954084936207,1.7671458676442587e-08,17.671458676442587,0.017671458676442587,1.0602875205865552e-05,0.010602875205865551,10.602875205865551,256,15.0,3.84,3.84,4.0,0.25,0.96,1.0178760197630929e-05,0.01017876019763093,10.178760197630929,10.178760197630929
B,0.9,0.0009,0.09,0.6,0.6,600.0,5.0,1.9634954084936207e-05,0.19634954084936207,1.7671458676442587e-08,17.671458676442587,0.017671458676442587,1.0602875205865552e-05,0.010602875205865551,10.602875205865551,256,15.0,3.84,3.84,5.0,0.2,0.768,8.143008158104744e-06,0.008143008158104745,8.143008158104745,8.143008158104745
B,1.0,0.001,0.1,0.4,0.4,400.0,5.0,1.9634954084936207e-05,0.19634954084936207,1.9634954084936208e-08,19.634954084936208,0.019634954084936207,7.853981633974484e-06,0.007853981633974483,7.853981633974484,256,15.0,3.84,3.84,1.0,1.0,3.84,3.0159289474462017e-05,0.030159289474462017,30.159289474462017,30.159289474462017
B,1.0,0.001,0.1,0.4,0.4,400.0,5.0,1.9634954084936207e-05,0.19634954084936207,1.9634954084936208e-08,19.634954084936208,0.019634954084936207,7.853981633974484e-06,0.007853981633974483,7.853981633974484,256,15.0,3.84,3.84,2.0,0.5,1.92,1.5079644737231008e-05,0.015079644737231009,15.079644737231009,15.079644737231009
B,1.0,0.001,0.1,0.4,0.4,400.0,5.0,1.9634954084936207e-05,0.19634954084936207,1.9634954084936208e-08,19.634954084936208,0.019634954084936207,7.853981633974484e-06,0.007853981633974483,7.853981633974484,256,15.0,3.84,3.84,3.0,0.3333333333333333,1.28,1.005309649148734e-05,0.01005309649148734,10.05309649148734,10.05309649148734
B,1.0,0.001,0.1,0.4,0.4,400.0,5.0,1.9634954084936207e-05,0.19634954084936207,1.9634954084936208e-08,19.634954084936208,0.019634954084936207,7.853981633974484e-06,0.007853981633974483,7.853981633974484,256,15.0,3.84,3.84,4.0,0.25,0.96,7.539822368615504e-06,0.007539822368615504,7.539822368615504,7.539822368615504
B,1.0,0.001,0.1,0.4,0.4,400.0,5.0,1.9634954084936207e-05,0.19634954084936207,1.9634954084936208e-08,19.634954084936208,0.019634954084936207,7.853981633974484e-06,0.007853981633974483,7.853981633974484,256,15.0,3.84,3.84,5.0,0.2,0.768,6.031857894892404e-06,0.006031857894892404,6.031857894892404,6.031857894892404
B,1.0,0.001,0.1,0.5,0.5,500.0,5.0,1.9634954084936207e-05,0.19634954084936207,1.9634954084936208e-08,19.634954084936208,0.019634954084936207,9.817477042468103e-06,0.009817477042468103,9.817477042468104,256,15.0,3.84,3.84,1.0,1.0,3.84,3.7699111843077517e-05,0.03769911184307752,37.69911184307752,37.69911184307752
B,1.0,0.001,0.1,0.5,0.5,500.0,5.0,1.9634954084936207e-05,0.19634954084936207,1.9634954084936208e-08,19.634954084936208,0.019634954084936207,9.817477042468103e-06,0.009817477042468103,9.817477042468104,256,15.0,3.84,3.84,2.0,0.5,1.92,1.8849555921538758e-05,0.01884955592153876,18.84955592153876,18.84955592153876
B,1.0,0.001,0.1,0.5,0.5,500.0,5.0,1.9634954084936207e-05,0.19634954084936207,1.9634954084936208e-08,19.634954084936208,0.019634954084936207,9.817477042468103e-06,0.009817477042468103,9.817477042468104,256,15.0,3.84,3.84,3.0,0.3333333333333333,1.28,1.2566370614359173e-05,0.012566370614359173,12.566370614359172,12.566370614359172
B,1.0,0.001,0.1,0.5,0.5,500.0,5.0,1.9634954084936207e-05,0.19634954084936207,1.9634954084936208e-08,19.634954084936208,0.019634954084936207,9.817477042468103e-06,0.009817477042468103,9.817477042468104,256,15.0,3.84,3.84,4.0,0.25,0.96,9.424777960769379e-06,0.00942477796076938,9.42477796076938,9.42477796076938
B,1.0,0.001,0.1,0.5,0.5,500.0,5.0,1.9634954084936207e-05,0.19634954084936207,1.9634954084936208e-08,19.634954084936208,0.019634954084936207,9.817477042468103e-06,0.009817477042468103,9.817477042468104,256,15.0,3.84,3.84,5.0,0.2,0.768,7.539822368615503e-06,0.007539822368615503,7.5398223686155035,7.5398223686155035
B,1.0,0.001,0.1,0.6,0.6,600.0,5.0,1.9634954084936207e-05,0.19634954084936207,1.9634954084936208e-08,19.634954084936208,0.019634954084936207,1.1780972450961725e-05,0.011780972450961725,11.780972450961725,256,15.0,3.84,3.84,1.0,1.0,3.84,4.523893421169302e-05,0.04523893421169302,45.23893421169302,45.23893421169302
B,1.0,0.001,0.1,0.6,0.6,600.0,5.0,1.9634954084936207e-05,0.19634954084936207,1.9634954084936208e-08,19.634954084936208,0.019634954084936207,1.1780972450961725e-05,0.011780972450961725,11.780972450961725,256,15.0,3.84,3.84,2.0,0.5,1.92,2.261946710584651e-05,0.02261946710584651,22.61946710584651,22.61946710584651
B,1.0,0.001,0.1,0.6,0.6,600.0,5.0,1.9634954084936207e-05,0.19634954084936207,1.9634954084936208e-08,19.634954084936208,0.019634954084936207,1.1780972450961725e-05,0.011780972450961725,11.780972450961725,256,15.0,3.84,3.84,3.0,0.3333333333333333,1.28,1.5079644737231008e-05,0.015079644737231009,15.079644737231009,15.079644737231009
B,1.0,0.001,0.1,0.6,0.6,600.0,5.0,1.9634954084936207e-05,0.19634954084936207,1.9634954084936208e-08,19.634954084936208,0.019634954084936207,1.1780972450961725e-05,0.011780972450961725,11.780972450961725,256,15.0,3.84,3.84,4.0,0.25,0.96,1.1309733552923255e-05,0.011309733552923255,11.309733552923255,11.309733552923255
B,1.0,0.001,0.1,0.6,0.6,600.0,5.0,1.9634954084936207e-05,0.19634954084936207,1.9634954084936208e-08,19.634954084936208,0.019634954084936207,1.1780972450961725e-05,0.011780972450961725,11.780972450961725,256,15.0,3.84,3.84,5.0,0.2,0.768,9.047786842338604e-06,0.009047786842338604,9.047786842338605,9.047786842338605
B,1.1,0.0011,0.11000000000000001,0.4,0.4,400.0,5.0,1.9634954084936207e-05,0.19634954084936207,2.159844949342983e-08,21.59844949342983,0.02159844949342983,8.639379797371932e-06,0.008639379797371931,8.639379797371932,256,15.0,3.84,3.84,1.0,1.0,3.84,3.317521842190822e-05,0.033175218421908216,33.17521842190822,33.17521842190822
B,1.1,0.0011,0.11000000000000001,0.4,0.4,400.0,5.0,1.9634954084936207e-05,0.19634954084936207,2.159844949342983e-08,21.59844949342983,0.02159844949342983,8.639379797371932e-06,0.008639379797371931,8.639379797371932,256,15.0,3.84,3.84,2.0,0.5,1.92,1.658760921095411e-05,0.016587609210954108,16.58760921095411,16.58760921095411
B,1.1,0.0011,0.11000000000000001,0.4,0.4,400.0,5.0,1.9634954084936207e-05,0.19634954084936207,2.159844949342983e-08,21.59844949342983,0.02159844949342983,8.639379797371932e-06,0.008639379797371931,8.639379797371932,256,15.0,3.84,3.84,3.0,0.3333333333333333,1.28,1.1058406140636074e-05,0.011058406140636074,11.058406140636073,11.058406140636073
B,1.1,0.0011,0.11000000000000001,0.4,0.4,400.0,5.0,1.9634954084936207e-05,0.19634954084936207,2.159844949342983e-08,21.59844949342983,0.02159844949342983,8.639379797371932e-06,0.008639379797371931,8.639379797371932,256,15.0,3.84,3.84,4.0,0.25,0.96,8.293804605477055e-06,0.008293804605477054,8.293804605477055,8.293804605477055
B,1.1,0.0011,0.11000000000000001,0.4,0.4,400.0,5.0,1.9634954084936207e-05,0.19634954084936207,2.159844949342983e-08,21.59844949342983,0.02159844949342983,8.639379797371932e-06,0.008639379797371931,8.639379797371932,256,15.0,3.84,3.84,5.0,0.2,0.768,6.635043684381644e-06,0.0066350436843816436,6.635043684381643,6.635043684381643
B,1.1,0.0011,0.11000000000000001,0.5,0.5,500.0,5.0,1.9634954084936207e-05,0.19634954084936207,2.159844949342983e-08,21.59844949342983,0.02159844949342983,1.0799224746714914e-05,0.010799224746714913,10.799224746714913,256,15.0,3.84,3.84,1.0,1.0,3.84,4.146902302738527e-05,0.04146902302738527,41.46902302738527,41.46902302738527
B,1.1,0.0011,0.11000000000000001,0.5,0.5,500.0,5.0,1.9634954084936207e-05,0.19634954084936207,2.159844949342983e-08,21.59844949342983,0.02159844949342983,1.0799224746714914e-05,0.010799224746714913,10.799224746714913,256,15.0,3.84,3.84,2.0,0.5,1.92,2.0734511513692634e-05,0.020734511513692634,20.734511513692635,20.734511513692635
B,1.1,0.0011,0.11000000000000001,0.5,0.5,500.0,5.0,1.9634954084936207e-05,0.19634954084936207,2.159844949342983e-08,21.59844949342983,0.02159844949342983,1.0799224746714914e-05,0.010799224746714913,10.799224746714913,256,15.0,3.84,3.84,3.0,0.3333333333333333,1.28,1.382300767579509e-05,0.01382300767579509,13.82300767579509,13.82300767579509
B,1.1,0.0011,0.11000000000000001,0.5,0.5,500.0,5.0,1.9634954084936207e-05,0.19634954084936207,2.159844949342983e-08,21.59844949342983,0.02159844949342983,1.0799224746714914e-05,0.010799224746714913,10.799224746714913,256,15.0,3.84,3.84,4.0,0.25,0.96,1.0367255756846317e-05,0.010367255756846317,10.367255756846317,10.367255756846317
B,1.1,0.0011,0.11000000000000001,0.5,0.5,500.0,5.0,1.9634954084936207e-05,0.19634954084936207,2.159844949342983e-08,21.59844949342983,0.02159844949342983,1.0799224746714914e-05,0.010799224746714913,10.799224746714913,256,15.0,3.84,3.84,5.0,0.2,0.768,8.293804605477055e-06,0.008293804605477054,8.293804605477055,8.293804605477055
B,1.1,0.0011,0.11000000000000001,0.6,0.6,600.0,5.0,1.9634954084936207e-05,0.19634954084936207,2.159844949342983e-08,21.59844949342983,0.02159844949342983,1.2959069696057898e-05,0.012959069696057897,12.959069696057897,256,15.0,3.84,3.84,1.0,1.0,3.84,4.9762827632862325e-05,0.04976282763286233,49.762827632862326,49.762827632862326
B,1.1,0.0011,0.11000000000000001,0.6,0.6,600.0,5.0,1.9634954084936207e-05,0.19634954084936207,2.159844949342983e-08,21.59844949342983,0.02159844949342983,1.2959069696057898e-05,0.012959069696057897,12.959069696057897,256,15.0,3.84,3.84,2.0,0.5,1.92,2.4881413816431162e-05,0.024881413816431164,24.881413816431163,24.881413816431163
B,1.1,0.0011,0.11000000000000001,0.6,0.6,600.0,5.0,1.9634954084936207e-05,0.19634954084936207,2.159844949342983e-08,21.59844949342983,0.02159844949342983,1.2959069696057898e-05,0.012959069696057897,12.959069696057897,256,15.0,3.84,3.84,3.0,0.3333333333333333,1.28,1.658760921095411e-05,0.016587609210954108,16.58760921095411,16.58760921095411
B,1.1,0.0011,0.11000000000000001,0.6,0.6,600.0,5.0,1.9634954084936207e-05,0.19634954084936207,2.159844949342983e-08,21.59844949342983,0.02159844949342983,1.2959069696057898e-05,0.012959069696057897,12.959069696057897,256,15.0,3.84,3.84,4.0,0.25,0.96,1.2440706908215581e-05,0.012440706908215582,12.440706908215581,12.440706908215581
B,1.1,0.0011,0.11000000000000001,0.6,0.6,600.0,5.0,1.9634954084936207e-05,0.19634954084936207,2.159844949342983e-08,21.59844949342983,0.02159844949342983,1.2959069696057898e-05,0.012959069696057897,12.959069696057897,256,15.0,3.84,3.84,5.0,0.2,0.768,9.952565526572466e-06,0.009952565526572466,9.952565526572466,9.952565526572466
B,1.2000000000000002,0.0012000000000000001,0.12000000000000002,0.4,0.4,400.0,5.0,1.9634954084936207e-05,0.19634954084936207,2.356194490192345e-08,23.56194490192345,0.023561944901923454,9.424777960769379e-06,0.00942477796076938,9.42477796076938,256,15.0,3.84,3.84,1.0,1.0,3.84,3.619114736935442e-05,0.036191147369354415,36.19114736935442,36.19114736935442
B,1.2000000000000002,0.0012000000000000001,0.12000000000000002,0.4,0.4,400.0,5.0,1.9634954084936207e-05,0.19634954084936207,2.356194490192345e-08,23.56194490192345,0.023561944901923454,9.424777960769379e-06,0.00942477796076938,9.42477796076938,256,15.0,3.84,3.84,2.0,0.5,1.92,1.809557368467721e-05,0.018095573684677208,18.09557368467721,18.09557368467721
B,1.2000000000000002,0.0012000000000000001,0.12000000000000002,0.4,0.4,400.0,5.0,1.9634954084936207e-05,0.19634954084936207,2.356194490192345e-08,23.56194490192345,0.023561944901923454,9.424777960769379e-06,0.00942477796076938,9.42477796076938,256,15.0,3.84,3.84,3.0,0.3333333333333333,1.28,1.2063715789784806e-05,0.012063715789784806,12.063715789784807,12.063715789784807
B,1.2000000000000002,0.0012000000000000001,0.12000000000000002,0.4,0.4,400.0,5.0,1.9634954084936207e-05,0.19634954084936207,2.356194490192345e-08,23.56194490192345,0.023561944901923454,9.424777960769379e-06,0.00942477796076938,9.42477796076938,256,15.0,3.84,3.84,4.0,0.25,0.96,9.047786842338604e-06,0.009047786842338604,9.047786842338605,9.047786842338605
B,1.2000000000000002,0.0012000000000000001,0.12000000000000002,0.4,0.4,400.0,5.0,1.9634954084936207e-05,0.19634954084936207,2.356194490192345e-08,23.56194490192345,0.023561944901923454,9.424777960769379e-06,0.00942477796076938,9.42477796076938,256,15.0,3.84,3.84,5.0,0.2,0.768,7.238229473870883e-06,0.007238229473870883,7.2382294738708834,7.2382294738708834
B,1.2000000000000002,0.0012000000000000001,0.12000000000000002,0.5,0.5,500.0,5.0,1.9634954084936207e-05,0.19634954084936207,2.356194490192345e-08,23.56194490192345,0.023561944901923454,1.1780972450961725e-05,0.011780972450961725,11.780972450961725,256,15.0,3.84,3.84,1.0,1.0,3.84,4.523893421169302e-05,0.04523893421169302,45.23893421169302,45.23893421169302
B,1.2000000000000002,0.0012000000000000001,0.12000000000000002,0.5,0.5,500.0,5.0,1.9634954084936207e-05,0.19634954084936207,2.356194490192345e-08,23.56194490192345,0.023561944901923454,1.1780972450961725e-05,0.011780972450961725,11.780972450961725,256,15.0,3.84,3.84,2.0,0.5,1.92,2.261946710584651e-05,0.02261946710584651,22.61946710584651,22.61946710584651
B,1.2000000000000002,0.0012000000000000001,0.12000000000000002,0.5,0.5,500.0,5.0,1.9634954084936207e-05,0.19634954084936207,2.356194490192345e-08,23.56194490192345,0.023561944901923454,1.1780972450961725e-05,0.011780972450961725,11.780972450961725,256,15.0,3.84,3.84,3.0,0.3333333333333333,1.28,1.5079644737231008e-05,0.015079644737231009,15.079644737231009,15.079644737231009
B,1.2000000000000002,0.0012000000000000001,0.12000000000000002,0.5,0.5,500.0,5.0,1.9634954084936207e-05,0.19634954084936207,2.356194490192345e-08,23.56194490192345,0.023561944901923454,1.1780972450961725e-05,0.011780972450961725,11.780972450961725,256,15.0,3.84,3.84,4.0,0.25,0.96,1.1309733552923255e-05,0.011309733552923255,11.309733552923255,11.309733552923255
B,1.2000000000000002,0.0012000000000000001,0.12000000000000002,0.5,0.5,500.0,5.0,1.9634954084936207e-05,0.19634954084936207,2.356194490192345e-08,23.56194490192345,0.023561944901923454,1.1780972450961725e-05,0.011780972450961725,11.780972450961725,256,15.0,3.84,3.84,5.0,0.2,0.768,9.047786842338604e-06,0.009047786842338604,9.047786842338605,9.047786842338605
B,1.2000000000000002,0.0012000000000000001,0.12000000000000002,0.6,0.6,600.0,5.0,1.9634954084936207e-05,0.19634954084936207,2.356194490192345e-08,23.56194490192345,0.023561944901923454,1.413716694115407e-05,0.014137166941154071,14.13716694115407,256,15.0,3.84,3.84,1.0,1.0,3.84,5.428672105403163e-05,0.05428672105403163,54.28672105403163,54.28672105403163
B,1.2000000000000002,0.0012000000000000001,0.12000000000000002,0.6,0.6,600.0,5.0,1.9634954084936207e-05,0.19634954084936207,2.356194490192345e-08,23.56194490192345,0.023561944901923454,1.413716694115407e-05,0.014137166941154071,14.13716694115407,256,15.0,3.84,3.84,2.0,0.5,1.92,2.7143360527015815e-05,0.027143360527015815,27.143360527015815,27.143360527015815
B,1.2000000000000002,0.0012000000000000001,0.12000000000000002,0.6,0.6,600.0,5.0,1.9634954084936207e-05,0.19634954084936207,2.356194490192345e-08,23.56194490192345,0.023561944901923454,1.413716694115407e-05,0.014137166941154071,14.13716694115407,256,15.0,3.84,3.84,3.0,0.3333333333333333,1.28,1.8095573684677212e-05,0.01809557368467721,18.095573684677213,18.095573684677213
B,1.2000000000000002,0.0012000000000000001,0.12000000000000002,0.6,0.6,600.0,5.0,1.9634954084936207e-05,0.19634954084936207,2.356194490192345e-08,23.56194490192345,0.023561944901923454,1.413716694115407e-05,0.014137166941154071,14.13716694115407,256,15.0,3.84,3.84,4.0,0.25,0.96,1.3571680263507907e-05,0.013571680263507907,13.571680263507908,13.571680263507908
B,1.2000000000000002,0.0012000000000000001,0.12000000000000002,0.6,0.6,600.0,5.0,1.9634954084936207e-05,0.19634954084936207,2.356194490192345e-08,23.56194490192345,0.023561944901923454,1.413716694115407e-05,0.014137166941154071,14.13716694115407,256,15.0,3.84,3.84,5.0,0.2,0.768,1.0857344210806327e-05,0.010857344210806327,10.857344210806327,10.857344210806327
B,1.3000000000000003,0.0013000000000000004,0.13000000000000003,0.4,0.4,400.0,5.0,1.9634954084936207e-05,0.19634954084936207,2.5525440310417078e-08,25.52544031041708,0.025525440310417074,1.0210176124166831e-05,0.010210176124166831,10.21017612416683,256,15.0,3.84,3.84,1.0,1.0,3.84,3.920707631680063e-05,0.03920707631680063,39.20707631680063,39.20707631680063
B,1.3000000000000003,0.0013000000000000004,0.13000000000000003,0.4,0.4,400.0,5.0,1.9634954084936207e-05,0.19634954084936207,2.5525440310417078e-08,25.52544031041708,0.025525440310417074,1.0210176124166831e-05,0.010210176124166831,10.21017612416683,256,15.0,3.84,3.84,2.0,0.5,1.92,1.9603538158400315e-05,0.019603538158400314,19.603538158400315,19.603538158400315
B,1.3000000000000003,0.0013000000000000004,0.13000000000000003,0.4,0.4,400.0,5.0,1.9634954084936207e-05,0.19634954084936207,2.5525440310417078e-08,25.52544031041708,0.025525440310417074,1.0210176124166831e-05,0.010210176124166831,10.21017612416683,256,15.0,3.84,3.84,3.0,0.3333333333333333,1.28,1.3069025438933544e-05,0.013069025438933544,13.069025438933544,13.069025438933544
B,1.3000000000000003,0.0013000000000000004,0.13000000000000003,0.4,0.4,400.0,5.0,1.9634954084936207e-05,0.19634954084936207,2.5525440310417078e-08,25.52544031041708,0.025525440310417074,1.0210176124166831e-05,0.010210176124166831,10.21017612416683,256,15.0,3.84,3.84,4.0,0.25,0.96,9.801769079200157e-06,0.009801769079200157,9.801769079200158,9.801769079200158
B,1.3000000000000003,0.0013000000000000004,0.13000000000000003,0.4,0.4,400.0,5.0,1.9634954084936207e-05,0.19634954084936207,2.5525440310417078e-08,25.52544031041708,0.025525440310417074,1.0210176124166831e-05,0.010210176124166831,10.21017612416683,256,15.0,3.84,3.84,5.0,0.2,0.768,7.841415263360126e-06,0.007841415263360126,7.841415263360126,7.841415263360126
B,1.3000000000000003,0.0013000000000000004,0.13000000000000003,0.5,0.5,500.0,5.0,1.9634954084936207e-05,0.19634954084936207,2.5525440310417078e-08,25.52544031041708,0.025525440310417074,1.2762720155208539e-05,0.012762720155208539,12.76272015520854,256,15.0,3.84,3.84,1.0,1.0,3.84,4.9008845396000785e-05,0.04900884539600078,49.00884539600078,49.00884539600078
B,1.3000000000000003,0.0013000000000000004,0.13000000000000003,0.5,0.5,500.0,5.0,1.9634954084936207e-05,0.19634954084936207,2.5525440310417078e-08,25.52544031041708,0.025525440310417074,1.2762720155208539e-05,0.012762720155208539,12.76272015520854,256,15.0,3.84,3.84,2.0,0.5,1.92,2.4504422698000393e-05,0.02450442269800039,24.50442269800039,24.50442269800039
B,1.3000000000000003,0.0013000000000000004,0.13000000000000003,0.5,0.5,500.0,5.0,1.9634954084936207e-05,0.19634954084936207,2.5525440310417078e-08,25.52544031041708,0.025525440310417074,1.2762720155208539e-05,0.012762720155208539,12.76272015520854,256,15.0,3.84,3.84,3.0,0.3333333333333333,1.28,1.6336281798666932e-05,0.016336281798666932,16.33628179866693,16.33628179866693
B,1.3000000000000003,0.0013000000000000004,0.13000000000000003,0.5,0.5,500.0,5.0,1.9634954084936207e-05,0.19634954084936207,2.5525440310417078e-08,25.52544031041708,0.025525440310417074,1.2762720155208539e-05,0.012762720155208539,12.76272015520854,256,15.0,3.84,3.84,4.0,0.25,0.96,1.2252211349000196e-05,0.012252211349000196,12.252211349000195,12.252211349000195
B,1.3000000000000003,0.0013000000000000004,0.13000000000000003,0.5,0.5,500.0,5.0,1.9634954084936207e-05,0.19634954084936207,2.5525440310417078e-08,25.52544031041708,0.025525440310417074,1.2762720155208539e-05,0.012762720155208539,12.76272015520854,256,15.0,3.84,3.84,5.0,0.2,0.768,9.801769079200157e-06,0.009801769079200157,9.801769079200158,9.801769079200158
B,1.3000000000000003,0.0013000000000000004,0.13000000000000003,0.6,0.6,600.0,5.0,1.9634954084936207e-05,0.19634954084936207,2.5525440310417078e-08,25.52544031041708,0.025525440310417074,1.5315264186250247e-05,0.015315264186250246,15.315264186250246,256,15.0,3.84,3.84,1.0,1.0,3.84,5.881061447520095e-05,0.058810614475200945,58.81061447520094,58.81061447520094
B,1.3000000000000003,0.0013000000000000004,0.13000000000000003,0.6,0.6,600.0,5.0,1.9634954084936207e-05,0.19634954084936207,2.5525440310417078e-08,25.52544031041708,0.025525440310417074,1.5315264186250247e-05,0.015315264186250246,15.315264186250246,256,15.0,3.84,3.84,2.0,0.5,1.92,2.9405307237600474e-05,0.029405307237600473,29.40530723760047,29.40530723760047
B,1.3000000000000003,0.0013000000000000004,0.13000000000000003,0.6,0.6,600.0,5.0,1.9634954084936207e-05,0.19634954084936207,2.5525440310417078e-08,25.52544031041708,0.025525440310417074,1.5315264186250247e-05,0.015315264186250246,15.315264186250246,256,15.0,3.84,3.84,3.0,0.3333333333333333,1.28,1.9603538158400315e-05,0.019603538158400314,19.603538158400315,19.603538158400315
B,1.3000000000000003,0.0013000000000000004,0.13000000000000003,0.6,0.6,600.0,5.0,1.9634954084936207e-05,0.19634954084936207,2.5525440310417078e-08,25.52544031041708,0.025525440310417074,1.5315264186250247e-05,0.015315264186250246,15.315264186250246,256,15.0,3.84,3.84,4.0,0.25,0.96,1.4702653618800237e-05,0.014702653618800236,14.702653618800236,14.702653618800236
B,1.3000000000000003,0.0013000000000000004,0.13000000000000003,0.6,0.6,600.0,5.0,1.9634954084936207e-05,0.19634954084936207,2.5525440310417078e-08,25.52544031041708,0.025525440310417074,1.5315264186250247e-05,0.015315264186250246,15.315264186250246,256,15.0,3.84,3.84,5.0,0.2,0.768,1.176212289504019e-05,0.01176212289504019,11.76212289504019,11.76212289504019
B,1.4000000000000001,0.0014000000000000002,0.14,0.4,0.4,400.0,5.0,1.9634954084936207e-05,0.19634954084936207,2.7488935718910692e-08,27.488935718910692,0.027488935718910694,1.0995574287564276e-05,0.010995574287564275,10.995574287564276,256,15.0,3.84,3.84,1.0,1.0,3.84,4.222300526424682e-05,0.04222300526424682,42.22300526424682,42.22300526424682
B,1.4000000000000001,0.0014000000000000002,0.14,0.4,0.4,400.0,5.0,1.9634954084936207e-05,0.19634954084936207,2.7488935718910692e-08,27.488935718910692,0.027488935718910694,1.0995574287564276e-05,0.010995574287564275,10.995574287564276,256,15.0,3.84,3.84,2.0,0.5,1.92,2.111150263212341e-05,0.02111150263212341,21.11150263212341,21.11150263212341
B,1.4000000000000001,0.0014000000000000002,0.14,0.4,0.4,400.0,5.0,1.9634954084936207e-05,0.19634954084936207,2.7488935718910692e-08,27.488935718910692,0.027488935718910694,1.0995574287564276e-05,0.010995574287564275,10.995574287564276,256,15.0,3.84,3.84,3.0,0.3333333333333333,1.28,1.4074335088082274e-05,0.014074335088082274,14.074335088082275,14.074335088082275
B,1.4000000000000001,0.0014000000000000002,0.14,0.4,0.4,400.0,5.0,1.9634954084936207e-05,0.19634954084936207,2.7488935718910692e-08,27.488935718910692,0.027488935718910694,1.0995574287564276e-05,0.010995574287564275,10.995574287564276,256,15.0,3.84,3.84,4.0,0.25,0.96,1.0555751316061705e-05,0.010555751316061705,10.555751316061706,10.555751316061706
B,1.4000000000000001,0.0014000000000000002,0.14,0.4,0.4,400.0,5.0,1.9634954084936207e-05,0.19634954084936207,2.7488935718910692e-08,27.488935718910692,0.027488935718910694,1.0995574287564276e-05,0.010995574287564275,10.995574287564276,256,15.0,3.84,3.84,5.0,0.2,0.768,8.444601052849364e-06,0.008444601052849363,8.444601052849363,8.444601052849363
B,1.4000000000000001,0.0014000000000000002,0.14,0.5,0.5,500.0,5.0,1.9634954084936207e-05,0.19634954084936207,2.7488935718910692e-08,27.488935718910692,0.027488935718910694,1.3744467859455346e-05,0.013744467859455347,13.744467859455346,256,15.0,3.84,3.84,1.0,1.0,3.84,5.277875658030853e-05,0.052778756580308527,52.778756580308524,52.778756580308524
B,1.4000000000000001,0.0014000000000000002,0.14,0.5,0.5,500.0,5.0,1.9634954084936207e-05,0.19634954084936207,2.7488935718910692e-08,27.488935718910692,0.027488935718910694,1.3744467859455346e-05,0.013744467859455347,13.744467859455346,256,15.0,3.84,3.84,2.0,0.5,1.92,2.6389378290154265e-05,0.026389378290154263,26.389378290154262,26.389378290154262
B,1.4000000000000001,0.0014000000000000002,0.14,0.5,0.5,500.0,5.0,1.9634954084936207e-05,0.19634954084936207,2.7488935718910692e-08,27.488935718910692,0.027488935718910694,1.3744467859455346e-05,0.013744467859455347,13.744467859455346,256,15.0,3.84,3.84,3.0,0.3333333333333333,1.28,1.7592918860102843e-05,0.017592918860102842,17.59291886010284,17.59291886010284
B,1.4000000000000001,0.0014000000000000002,0.14,0.5,0.5,500.0,5.0,1.9634954084936207e-05,0.19634954084936207,2.7488935718910692e-08,27.488935718910692,0.027488935718910694,1.3744467859455346e-05,0.013744467859455347,13.744467859455346,256,15.0,3.84,3.84,4.0,0.25,0.96,1.3194689145077132e-05,0.013194689145077132,13.194689145077131,13.194689145077131
B,1.4000000000000001,0.0014000000000000002,0.14,0.5,0.5,500.0,5.0,1.9634954084936207e-05,0.19634954084936207,2.7488935718910692e-08,27.488935718910692,0.027488935718910694,1.3744467859455346e-05,0.013744467859455347,13.744467859455346,256,15.0,3.84,3.84,5.0,0.2,0.768,1.0555751316061705e-05,0.010555751316061705,10.555751316061706,10.555751316061706
B,1.4000000000000001,0.0014000000000000002,0.14,0.6,0.6,600.0,5.0,1.9634954084936207e-05,0.19634954084936207,2.7488935718910692e-08,27.488935718910692,0.027488935718910694,1.6493361431346416e-05,0.016493361431346415,16.493361431346415,256,15.0,3.84,3.84,1.0,1.0,3.84,6.333450789637024e-05,0.06333450789637024,63.33450789637024,63.33450789637024
B,1.4000000000000001,0.0014000000000000002,0.14,0.6,0.6,600.0,5.0,1.9634954084936207e-05,0.19634954084936207,2.7488935718910692e-08,27.488935718910692,0.027488935718910694,1.6493361431346416e-05,0.016493361431346415,16.493361431346415,256,15.0,3.84,3.84,2.0,0.5,1.92,3.166725394818512e-05,0.03166725394818512,31.66725394818512,31.66725394818512
B,1.4000000000000001,0.0014000000000000002,0.14,0.6,0.6,600.0,5.0,1.9634954084936207e-05,0.19634954084936207,2.7488935718910692e-08,27.488935718910692,0.027488935718910694,1.6493361431346416e-05,0.016493361431346415,16.493361431346415,256,15.0,3.84,3.84,3.0,0.3333333333333333,1.28,2.1111502632123414e-05,0.021111502632123413,21.111502632123415,21.111502632123415
B,1.4000000000000001,0.0014000000000000002,0.14,0.6,0.6,600.0,5.0,1.9634954084936207e-05,0.19634954084936207,2.7488935718910692e-08,27.488935718910692,0.027488935718910694,1.6493361431346416e-05,0.016493361431346415,16.493361431346415,256,15.0,3.84,3.84,4.0,0.25,0.96,1.583362697409256e-05,0.01583362697409256,15.83362697409256,15.83362697409256
B,1.4000000000000001,0.0014000000000000002,0.14,0.6,0.6,600.0,5.0,1.9634954084936207e-05,0.19634954084936207,2.7488935718910692e-08,27.488935718910692,0.027488935718910694,1.6493361431346416e-05,0.016493361431346415,16.493361431346415,256,15.0,3.84,3.84,5.0,0.2,0.768,1.2666901579274047e-05,0.012666901579274047,12.666901579274047,12.666901579274047
B,1.5000000000000002,0.0015000000000000002,0.15000000000000002,0.4,0.4,400.0,5.0,1.9634954084936207e-05,0.19634954084936207,2.9452431127404316e-08,29.452431127404317,0.029452431127404314,1.1780972450961726e-05,0.011780972450961727,11.780972450961727,256,15.0,3.84,3.84,1.0,1.0,3.84,4.523893421169303e-05,0.045238934211693026,45.23893421169303,45.23893421169303
B,1.5000000000000002,0.0015000000000000002,0.15000000000000002,0.4,0.4,400.0,5.0,1.9634954084936207e-05,0.19634954084936207,2.9452431127404316e-08,29.452431127404317,0.029452431127404314,1.1780972450961726e-05,0.011780972450961727,11.780972450961727,256,15.0,3.84,3.84,2.0,0.5,1.92,2.2619467105846513e-05,0.022619467105846513,22.619467105846514,22.619467105846514
B,1.5000000000000002,0.0015000000000000002,0.15000000000000002,0.4,0.4,400.0,5.0,1.9634954084936207e-05,0.19634954084936207,2.9452431127404316e-08,29.452431127404317,0.029452431127404314,1.1780972450961726e-05,0.011780972450961727,11.780972450961727,256,15.0,3.84,3.84,3.0,0.3333333333333333,1.28,1.507964473723101e-05,0.01507964473723101,15.07964473723101,15.07964473723101
B,1.5000000000000002,0.0015000000000000002,0.15000000000000002,0.4,0.4,400.0,5.0,1.9634954084936207e-05,0.19634954084936207,2.9452431127404316e-08,29.452431127404317,0.029452431127404314,1.1780972450961726e-05,0.011780972450961727,11.780972450961727,256,15.0,3.84,3.84,4.0,0.25,0.96,1.1309733552923257e-05,0.011309733552923256,11.309733552923257,11.309733552923257
B,1.5000000000000002,0.0015000000000000002,0.15000000000000002,0.4,0.4,400.0,5.0,1.9634954084936207e-05,0.19634954084936207,2.9452431127404316e-08,29.452431127404317,0.029452431127404314,1.1780972450961726e-05,0.011780972450961727,11.780972450961727,256,15.0,3.84,3.84,5.0,0.2,0.768,9.047786842338606e-06,0.009047786842338605,9.047786842338606,9.047786842338606
B,1.5000000000000002,0.0015000000000000002,0.15000000000000002,0.5,0.5,500.0,5.0,1.9634954084936207e-05,0.19634954084936207,2.9452431127404316e-08,29.452431127404317,0.029452431127404314,1.4726215563702158e-05,0.014726215563702159,14.726215563702159,256,15.0,3.84,3.84,1.0,1.0,3.84,5.654866776461629e-05,0.05654866776461629,56.54866776461629,56.54866776461629
B,1.5000000000000002,0.0015000000000000002,0.15000000000000002,0.5,0.5,500.0,5.0,1.9634954084936207e-05,0.19634954084936207,2.9452431127404316e-08,29.452431127404317,0.029452431127404314,1.4726215563702158e-05,0.014726215563702159,14.726215563702159,256,15.0,3.84,3.84,2.0,0.5,1.92,2.8274333882308144e-05,0.028274333882308145,28.274333882308145,28.274333882308145
B,1.5000000000000002,0.0015000000000000002,0.15000000000000002,0.5,0.5,500.0,5.0,1.9634954084936207e-05,0.19634954084936207,2.9452431127404316e-08,29.452431127404317,0.029452431127404314,1.4726215563702158e-05,0.014726215563702159,14.726215563702159,256,15.0,3.84,3.84,3.0,0.3333333333333333,1.28,1.884955592153876e-05,0.018849555921538762,18.849555921538762,18.849555921538762
B,1.5000000000000002,0.0015000000000000002,0.15000000000000002,0.5,0.5,500.0,5.0,1.9634954084936207e-05,0.19634954084936207,2.9452431127404316e-08,29.452431127404317,0.029452431127404314,1.4726215563702158e-05,0.014726215563702159,14.726215563702159,256,15.0,3.84,3.84,4.0,0.25,0.96,1.4137166941154072e-05,0.014137166941154073,14.137166941154073,14.137166941154073
B,1.5000000000000002,0.0015000000000000002,0.15000000000000002,0.5,0.5,500.0,5.0,1.9634954084936207e-05,0.19634954084936207,2.9452431127404316e-08,29.452431127404317,0.029452431127404314,1.4726215563702158e-05,0.014726215563702159,14.726215563702159,256,15.0,3.84,3.84,5.0,0.2,0.768,1.1309733552923258e-05,0.011309733552923258,11.309733552923259,11.309733552923259
B,1.5000000000000002,0.0015000000000000002,0.15000000000000002,0.6,0.6,600.0,5.0,1.9634954084936207e-05,0.19634954084936207,2.9452431127404316e-08,29.452431127404317,0.029452431127404314,1.767145867644259e-05,0.01767145867644259,17.67145867644259,256,15.0,3.84,3.84,1.0,1.0,3.84,6.785840131753954e-05,0.06785840131753955,67.85840131753955,67.85840131753955
B,1.5000000000000002,0.0015000000000000002,0.15000000000000002,0.6,0.6,600.0,5.0,1.9634954084936207e-05,0.19634954084936207,2.9452431127404316e-08,29.452431127404317,0.029452431127404314,1.767145867644259e-05,0.01767145867644259,17.67145867644259,256,15.0,3.84,3.84,2.0,0.5,1.92,3.392920065876977e-05,0.033929200658769774,33.92920065876977,33.92920065876977
B,1.5000000000000002,0.0015000000000000002,0.15000000000000002,0.6,0.6,600.0,5.0,1.9634954084936207e-05,0.19634954084936207,2.9452431127404316e-08,29.452431127404317,0.029452431127404314,1.767145867644259e-05,0.01767145867644259,17.67145867644259,256,15.0,3.84,3.84,3.0,0.3333333333333333,1.28,2.2619467105846513e-05,0.022619467105846513,22.619467105846514,22.619467105846514
B,1.5000000000000002,0.0015000000000000002,0.15000000000000002,0.6,0.6,600.0,5.0,1.9634954084936207e-05,0.19634954084936207,2.9452431127404316e-08,29.452431127404317,0.029452431127404314,1.767145867644259e-05,0.01767145867644259,17.67145867644259,256,15.0,3.84,3.84,4.0,0.25,0.96,1.6964600329384886e-05,0.016964600329384887,16.964600329384886,16.964600329384886
B,1.5000000000000002,0.0015000000000000002,0.15000000000000002,0.6,0.6,600.0,5.0,1.9634954084936207e-05,0.19634954084936207,2.9452431127404316e-08,29.452431127404317,0.029452431127404314,1.767145867644259e-05,0.01767145867644259,17.67145867644259,256,15.0,3.84,3.84,5.0,0.2,0.768,1.3571680263507909e-05,0.013571680263507909,13.57168026350791,13.57168026350791
B,1.6,0.0016,0.16,0.4,0.4,400.0,5.0,1.9634954084936207e-05,0.19634954084936207,3.141592653589793e-08,31.41592653589793,0.031415926535897934,1.2566370614359172e-05,0.012566370614359171,12.56637061435917,256,15.0,3.84,3.84,1.0,1.0,3.84,4.825486315913922e-05,0.04825486315913922,48.25486315913922,48.25486315913922
B,1.6,0.0016,0.16,0.4,0.4,400.0,5.0,1.9634954084936207e-05,0.19634954084936207,3.141592653589793e-08,31.41592653589793,0.031415926535897934,1.2566370614359172e-05,0.012566370614359171,12.56637061435917,256,15.0,3.84,3.84,2.0,0.5,1.92,2.412743157956961e-05,0.02412743157956961,24.12743157956961,24.12743157956961
B,1.6,0.0016,0.16,0.4,0.4,400.0,5.0,1.9634954084936207e-05,0.19634954084936207,3.141592653589793e-08,31.41592653589793,0.031415926535897934,1.2566370614359172e-05,0.012566370614359171,12.56637061435917,256,15.0,3.84,3.84,3.0,0.3333333333333333,1.28,1.608495438637974e-05,0.01608495438637974,16.08495438637974,16.08495438637974
B,1.6,0.0016,0.16,0.4,0.4,400.0,5.0,1.9634954084936207e-05,0.19634954084936207,3.141592653589793e-08,31.41592653589793,0.031415926535897934,1.2566370614359172e-05,0.012566370614359171,12.56637061435917,256,15.0,3.84,3.84,4.0,0.25,0.96,1.2063715789784805e-05,0.012063715789784804,12.063715789784805,12.063715789784805
B,1.6,0.0016,0.16,0.4,0.4,400.0,5.0,1.9634954084936207e-05,0.19634954084936207,3.141592653589793e-08,31.41592653589793,0.031415926535897934,1.2566370614359172e-05,0.012566370614359171,12.56637061435917,256,15.0,3.84,3.84,5.0,0.2,0.768,9.650972631827843e-06,0.009650972631827842,9.650972631827843,9.650972631827843
B,1.6,0.0016,0.16,0.5,0.5,500.0,5.0,1.9634954084936207e-05,0.19634954084936207,3.141592653589793e-08,31.41592653589793,0.031415926535897934,1.5707963267948964e-05,0.015707963267948963,15.707963267948964,256,15.0,3.84,3.84,1.0,1.0,3.84,6.031857894892402e-05,0.06031857894892402,60.31857894892402,60.31857894892402
B,1.6,0.0016,0.16,0.5,0.5,500.0,5.0,1.9634954084936207e-05,0.19634954084936207,3.141592653589793e-08,31.41592653589793,0.031415926535897934,1.5707963267948964e-05,0.015707963267948963,15.707963267948964,256,15.0,3.84,3.84,2.0,0.5,1.92,3.015928947446201e-05,0.03015928947446201,30.15928947446201,30.15928947446201
B,1.6,0.0016,0.16,0.5,0.5,500.0,5.0,1.9634954084936207e-05,0.19634954084936207,3.141592653589793e-08,31.41592653589793,0.031415926535897934,1.5707963267948964e-05,0.015707963267948963,15.707963267948964,256,15.0,3.84,3.84,3.0,0.3333333333333333,1.28,2.0106192982974673e-05,0.020106192982974672,20.106192982974672,20.106192982974672
B,1.6,0.0016,0.16,0.5,0.5,500.0,5.0,1.9634954084936207e-05,0.19634954084936207,3.141592653589793e-08,31.41592653589793,0.031415926535897934,1.5707963267948964e-05,0.015707963267948963,15.707963267948964,256,15.0,3.84,3.84,4.0,0.25,0.96,1.5079644737231005e-05,0.015079644737231005,15.079644737231005,15.079644737231005
B,1.6,0.0016,0.16,0.5,0.5,500.0,5.0,1.9634954084936207e-05,0.19634954084936207,3.141592653589793e-08,31.41592653589793,0.031415926535897934,1.5707963267948964e-05,0.015707963267948963,15.707963267948964,256,15.0,3.84,3.84,5.0,0.2,0.768,1.2063715789784805e-05,0.012063715789784804,12.063715789784805,12.063715789784805
B,1.6,0.0016,0.16,0.6,0.6,600.0,5.0,1.9634954084936207e-05,0.19634954084936207,3.141592653589793e-08,31.41592653589793,0.031415926535897934,1.8849555921538758e-05,0.01884955592153876,18.84955592153876,256,15.0,3.84,3.84,1.0,1.0,3.84,7.238229473870883e-05,0.07238229473870883,72.38229473870884,72.38229473870884
B,1.6,0.0016,0.16,0.6,0.6,600.0,5.0,1.9634954084936207e-05,0.19634954084936207,3.141592653589793e-08,31.41592653589793,0.031415926535897934,1.8849555921538758e-05,0.01884955592153876,18.84955592153876,256,15.0,3.84,3.84,2.0,0.5,1.92,3.619114736935442e-05,0.036191147369354415,36.19114736935442,36.19114736935442
B,1.6,0.0016,0.16,0.6,0.6,600.0,5.0,1.9634954084936207e-05,0.19634954084936207,3.141592653589793e-08,31.41592653589793,0.031415926535897934,1.8849555921538758e-05,0.01884955592153876,18.84955592153876,256,15.0,3.84,3.84,3.0,0.3333333333333333,1.28,2.4127431579569613e-05,0.024127431579569612,24.127431579569613,24.127431579569613
B,1.6,0.0016,0.16,0.6,0.6,600.0,5.0,1.9634954084936207e-05,0.19634954084936207,3.141592653589793e-08,31.41592653589793,0.031415926535897934,1.8849555921538758e-05,0.01884955592153876,18.84955592153876,256,15.0,3.84,3.84,4.0,0.25,0.96,1.809557368467721e-05,0.018095573684677208,18.09557368467721,18.09557368467721
B,1.6,0.0016,0.16,0.6,0.6,600.0,5.0,1.9634954084936207e-05,0.19634954084936207,3.141592653589793e-08,31.41592653589793,0.031415926535897934,1.8849555921538758e-05,0.01884955592153876,18.84955592153876,256,15.0,3.84,3.84,5.0,0.2,0.768,1.4476458947741766e-05,0.014476458947741766,14.476458947741767,14.476458947741767
B,1.7000000000000002,0.0017000000000000001,0.17,0.4,0.4,400.0,5.0,1.9634954084936207e-05,0.19634954084936207,3.337942194439155e-08,33.37942194439155,0.03337942194439156,1.335176877775662e-05,0.01335176877775662,13.35176877775662,256,15.0,3.84,3.84,1.0,1.0,3.84,5.127079210658542e-05,0.05127079210658542,51.27079210658542,51.27079210658542
B,1.7000000000000002,0.0017000000000000001,0.17,0.4,0.4,400.0,5.0,1.9634954084936207e-05,0.19634954084936207,3.337942194439155e-08,33.37942194439155,0.03337942194439156,1.335176877775662e-05,0.01335176877775662,13.35176877775662,256,15.0,3.84,3.84,2.0,0.5,1.92,2.563539605329271e-05,0.02563539605329271,25.63539605329271,25.63539605329271
B,1.7000000000000002,0.0017000000000000001,0.17,0.4,0.4,400.0,5.0,1.9634954084936207e-05,0.19634954084936207,3.337942194439155e-08,33.37942194439155,0.03337942194439156,1.335176877775662e-05,0.01335176877775662,13.35176877775662,256,15.0,3.84,3.84,3.0,0.3333333333333333,1.28,1.7090264035528475e-05,0.017090264035528473,17.090264035528474,17.090264035528474
B,1.7000000000000002,0.0017000000000000001,0.17,0.4,0.4,400.0,5.0,1.9634954084936207e-05,0.19634954084936207,3.337942194439155e-08,33.37942194439155,0.03337942194439156,1.335176877775662e-05,0.01335176877775662,13.35176877775662,256,15.0,3.84,3.84,4.0,0.25,0.96,1.2817698026646354e-05,0.012817698026646354,12.817698026646354,12.817698026646354
B,1.7000000000000002,0.0017000000000000001,0.17,0.4,0.4,400.0,5.0,1.9634954084936207e-05,0.19634954084936207,3.337942194439155e-08,33.37942194439155,0.03337942194439156,1.335176877775662e-05,0.01335176877775662,13.35176877775662,256,15.0,3.84,3.84,5.0,0.2,0.768,1.0254158421317084e-05,0.010254158421317085,10.254158421317085,10.254158421317085
B,1.7000000000000002,0.0017000000000000001,0.17,0.5,0.5,500.0,5.0,1.9634954084936207e-05,0.19634954084936207,3.337942194439155e-08,33.37942194439155,0.03337942194439156,1.6689710972195775e-05,0.016689710972195775,16.689710972195776,256,15.0,3.84,3.84,1.0,1.0,3.84,6.408849013323177e-05,0.06408849013323177,64.08849013323177,64.08849013323177
B,1.7000000000000002,0.0017000000000000001,0.17,0.5,0.5,500.0,5.0,1.9634954084936207e-05,0.19634954084936207,3.337942194439155e-08,33.37942194439155,0.03337942194439156,1.6689710972195775e-05,0.016689710972195775,16.689710972195776,256,15.0,3.84,3.84,2.0,0.5,1.92,3.2044245066615886e-05,0.032044245066615885,32.044245066615886,32.044245066615886
B,1.7000000000000002,0.0017000000000000001,0.17,0.5,0.5,500.0,5.0,1.9634954084936207e-05,0.19634954084936207,3.337942194439155e-08,33.37942194439155,0.03337942194439156,1.6689710972195775e-05,0.016689710972195775,16.689710972195776,256,15.0,3.84,3.84,3.0,0.3333333333333333,1.28,2.136283004441059e-05,0.021362830044410593,21.362830044410593,21.362830044410593
B,1.7000000000000002,0.0017000000000000001,0.17,0.5,0.5,500.0,5.0,1.9634954084936207e-05,0.19634954084936207,3.337942194439155e-08,33.37942194439155,0.03337942194439156,1.6689710972195775e-05,0.016689710972195775,16.689710972195776,256,15.0,3.84,3.84,4.0,0.25,0.96,1.6022122533307943e-05,0.016022122533307943,16.022122533307943,16.022122533307943
B,1.7000000000000002,0.0017000000000000001,0.17,0.5,0.5,500.0,5.0,1.9634954084936207e-05,0.19634954084936207,3.337942194439155e-08,33.37942194439155,0.03337942194439156,1.6689710972195775e-05,0.016689710972195775,16.689710972195776,256,15.0,3.84,3.84,5.0,0.2,0.768,1.2817698026646356e-05,0.012817698026646356,12.817698026646356,12.817698026646356
B,1.7000000000000002,0.0017000000000000001,0.17,0.6,0.6,600.0,5.0,1.9634954084936207e-05,0.19634954084936207,3.337942194439155e-08,33.37942194439155,0.03337942194439156,2.002765316663493e-05,0.02002765316663493,20.02765316663493,256,15.0,3.84,3.84,1.0,1.0,3.84,7.690618815987814e-05,0.07690618815987814,76.90618815987814,76.90618815987814
B,1.7000000000000002,0.0017000000000000001,0.17,0.6,0.6,600.0,5.0,1.9634954084936207e-05,0.19634954084936207,3.337942194439155e-08,33.37942194439155,0.03337942194439156,2.002765316663493e-05,0.02002765316663493,20.02765316663493,256,15.0,3.84,3.84,2.0,0.5,1.92,3.845309407993907e-05,0.03845309407993907,38.45309407993907,38.45309407993907
B,1.7000000000000002,0.0017000000000000001,0.17,0.6,0.6,600.0,5.0,1.9634954084936207e-05,0.19634954084936207,3.337942194439155e-08,33.37942194439155,0.03337942194439156,2.002765316663493e-05,0.02002765316663493,20.02765316663493,256,15.0,3.84,3.84,3.0,0.3333333333333333,1.28,2.5635396053292712e-05,0.025635396053292712,25.635396053292713,25.635396053292713
B,1.7000000000000002,0.0017000000000000001,0.17,0.6,0.6,600.0,5.0,1.9634954084936207e-05,0.19634954084936207,3.337942194439155e-08,33.37942194439155,0.03337942194439156,2.002765316663493e-05,0.02002765316663493,20.02765316663493,256,15.0,3.84,3.84,4.0,0.25,0.96,1.9226547039969535e-05,0.019226547039969535,19.226547039969535,19.226547039969535
B,1.7000000000000002,0.0017000000000000001,0.17,0.6,0.6,600.0,5.0,1.9634954084936207e-05,0.19634954084936207,3.337942194439155e-08,33.37942194439155,0.03337942194439156,2.002765316663493e-05,0.02002765316663493,20.02765316663493,256,15.0,3.84,3.84,5.0,0.2,0.768,1.5381237631975628e-05,0.015381237631975627,15.381237631975628,15.381237631975628
B,1.8000000000000003,0.0018000000000000002,0.18000000000000002,0.4,0.4,400.0,5.0,1.9634954084936207e-05,0.19634954084936207,3.534291735288517e-08,35.34291735288517,0.035342917352885174,1.4137166941154069e-05,0.01413716694115407,14.137166941154069,256,15.0,3.84,3.84,1.0,1.0,3.84,5.428672105403162e-05,0.05428672105403162,54.286721054031624,54.286721054031624
B,1.8000000000000003,0.0018000000000000002,0.18000000000000002,0.4,0.4,400.0,5.0,1.9634954084936207e-05,0.19634954084936207,3.534291735288517e-08,35.34291735288517,0.035342917352885174,1.4137166941154069e-05,0.01413716694115407,14.137166941154069,256,15.0,3.84,3.84,2.0,0.5,1.92,2.714336052701581e-05,0.02714336052701581,27.143360527015812,27.143360527015812
B,1.8000000000000003,0.0018000000000000002,0.18000000000000002,0.4,0.4,400.0,5.0,1.9634954084936207e-05,0.19634954084936207,3.534291735288517e-08,35.34291735288517,0.035342917352885174,1.4137166941154069e-05,0.01413716694115407,14.137166941154069,256,15.0,3.84,3.84,3.0,0.3333333333333333,1.28,1.809557368467721e-05,0.018095573684677208,18.09557368467721,18.09557368467721
B,1.8000000000000003,0.0018000000000000002,0.18000000000000002,0.4,0.4,400.0,5.0,1.9634954084936207e-05,0.19634954084936207,3.534291735288517e-08,35.34291735288517,0.035342917352885174,1.4137166941154069e-05,0.01413716694115407,14.137166941154069,256,15.0,3.84,3.84,4.0,0.25,0.96,1.3571680263507906e-05,0.013571680263507906,13.571680263507906,13.571680263507906
B,1.8000000000000003,0.0018000000000000002,0.18000000000000002,0.4,0.4,400.0,5.0,1.9634954084936207e-05,0.19634954084936207,3.534291735288517e-08,35.34291735288517,0.035342917352885174,1.4137166941154069e-05,0.01413716694115407,14.137166941154069,256,15.0,3.84,3.84,5.0,0.2,0.768,1.0857344210806325e-05,0.010857344210806325,10.857344210806325,10.857344210806325
B,1.8000000000000003,0.0018000000000000002,0.18000000000000002,0.5,0.5,500.0,5.0,1.9634954084936207e-05,0.19634954084936207,3.534291735288517e-08,35.34291735288517,0.035342917352885174,1.7671458676442585e-05,0.017671458676442587,17.671458676442587,256,15.0,3.84,3.84,1.0,1.0,3.84,6.785840131753953e-05,0.06785840131753954,67.85840131753953,67.85840131753953
B,1.8000000000000003,0.0018000000000000002,0.18000000000000002,0.5,0.5,500.0,5.0,1.9634954084936207e-05,0.19634954084936207,3.534291735288517e-08,35.34291735288517,0.035342917352885174,1.7671458676442585e-05,0.017671458676442587,17.671458676442587,256,15.0,3.84,3.84,2.0,0.5,1.92,3.3929200658769765e-05,0.03392920065876977,33.929200658769766,33.929200658769766
B,1.8000000000000003,0.0018000000000000002,0.18000000000000002,0.5,0.5,500.0,5.0,1.9634954084936207e-05,0.19634954084936207,3.534291735288517e-08,35.34291735288517,0.035342917352885174,1.7671458676442585e-05,0.017671458676442587,17.671458676442587,256,15.0,3.84,3.84,3.0,0.3333333333333333,1.28,2.261946710584651e-05,0.02261946710584651,22.61946710584651,22.61946710584651
B,1.8000000000000003,0.0018000000000000002,0.18000000000000002,0.5,0.5,500.0,5.0,1.9634954084936207e-05,0.19634954084936207,3.534291735288517e-08,35.34291735288517,0.035342917352885174,1.7671458676442585e-05,0.017671458676442587,17.671458676442587,256,15.0,3.84,3.84,4.0,0.25,0.96,1.6964600329384882e-05,0.016964600329384884,16.964600329384883,16.964600329384883
B,1.8000000000000003,0.0018000000000000002,0.18000000000000002,0.5,0.5,500.0,5.0,1.9634954084936207e-05,0.19634954084936207,3.534291735288517e-08,35.34291735288517,0.035342917352885174,1.7671458676442585e-05,0.017671458676442587,17.671458676442587,256,15.0,3.84,3.84,5.0,0.2,0.768,1.3571680263507906e-05,0.013571680263507906,13.571680263507906,13.571680263507906
B,1.8000000000000003,0.0018000000000000002,0.18000000000000002,0.6,0.6,600.0,5.0,1.9634954084936207e-05,0.19634954084936207,3.534291735288517e-08,35.34291735288517,0.035342917352885174,2.1205750411731104e-05,0.021205750411731103,21.205750411731103,256,15.0,3.84,3.84,1.0,1.0,3.84,8.143008158104743e-05,0.08143008158104743,81.43008158104743,81.43008158104743
B,1.8000000000000003,0.0018000000000000002,0.18000000000000002,0.6,0.6,600.0,5.0,1.9634954084936207e-05,0.19634954084936207,3.534291735288517e-08,35.34291735288517,0.035342917352885174,2.1205750411731104e-05,0.021205750411731103,21.205750411731103,256,15.0,3.84,3.84,2.0,0.5,1.92,4.0715040790523715e-05,0.04071504079052372,40.715040790523716,40.715040790523716
B,1.8000000000000003,0.0018000000000000002,0.18000000000000002,0.6,0.6,600.0,5.0,1.9634954084936207e-05,0.19634954084936207,3.534291735288517e-08,35.34291735288517,0.035342917352885174,2.1205750411731104e-05,0.021205750411731103,21.205750411731103,256,15.0,3.84,3.84,3.0,0.3333333333333333,1.28,2.7143360527015815e-05,0.027143360527015815,27.143360527015815,27.143360527015815
B,1.8000000000000003,0.0018000000000000002,0.18000000000000002,0.6,0.6,600.0,5.0,1.9634954084936207e-05,0.19634954084936207,3.534291735288517e-08,35.34291735288517,0.035342917352885174,2.1205750411731104e-05,0.021205750411731103,21.205750411731103,256,15.0,3.84,3.84,4.0,0.25,0.96,2.0357520395261858e-05,0.02035752039526186,20.357520395261858,20.357520395261858
B,1.8000000000000003,0.0018000000000000002,0.18000000000000002,0.6,0.6,600.0,5.0,1.9634954084936207e-05,0.19634954084936207,3.534291735288517e-08,35.34291735288517,0.035342917352885174,2.1205750411731104e-05,0.021205750411731103,21.205750411731103,256,15.0,3.84,3.84,5.0,0.2,0.768,1.6286016316209488e-05,0.01628601631620949,16.28601631620949,16.28601631620949
B,1.9000000000000001,0.0019000000000000002,0.19,0.4,0.4,400.0,5.0,1.9634954084936207e-05,0.19634954084936207,3.7306412761378794e-08,37.306412761378795,0.03730641276137879,1.4922565104551517e-05,0.014922565104551517,14.922565104551516,256,15.0,3.84,3.84,1.0,1.0,3.84,5.730265000147782e-05,0.05730265000147782,57.30265000147782,57.30265000147782
B,1.9000000000000001,0.0019000000000000002,0.19,0.4,0.4,400.0,5.0,1.9634954084936207e-05,0.19634954084936207,3.7306412761378794e-08,37.306412761378795,0.03730641276137879,1.4922565104551517e-05,0.014922565104551517,14.922565104551516,256,15.0,3.84,3.84,2.0,0.5,1.92,2.865132500073891e-05,0.02865132500073891,28.65132500073891,28.65132500073891
B,1.9000000000000001,0.0019000000000000002,0.19,0.4,0.4,400.0,5.0,1.9634954084936207e-05,0.19634954084936207,3.7306412761378794e-08,37.306412761378795,0.03730641276137879,1.4922565104551517e-05,0.014922565104551517,14.922565104551516,256,15.0,3.84,3.84,3.0,0.3333333333333333,1.28,1.9100883333825943e-05,0.01910088333382594,19.10088333382594,19.10088333382594
B,1.9000000000000001,0.0019000000000000002,0.19,0.4,0.4,400.0,5.0,1.9634954084936207e-05,0.19634954084936207,3.7306412761378794e-08,37.306412761378795,0.03730641276137879,1.4922565104551517e-05,0.014922565104551517,14.922565104551516,256,15.0,3.84,3.84,4.0,0.25,0.96,1.4325662500369455e-05,0.014325662500369455,14.325662500369456,14.325662500369456
B,1.9000000000000001,0.0019000000000000002,0.19,0.4,0.4,400.0,5.0,1.9634954084936207e-05,0.19634954084936207,3.7306412761378794e-08,37.306412761378795,0.03730641276137879,1.4922565104551517e-05,0.014922565104551517,14.922565104551516,256,15.0,3.84,3.84,5.0,0.2,0.768,1.1460530000295566e-05,0.011460530000295566,11.460530000295567,11.460530000295567
B,1.9000000000000001,0.0019000000000000002,0.19,0.5,0.5,500.0,5.0,1.9634954084936207e-05,0.19634954084936207,3.7306412761378794e-08,37.306412761378795,0.03730641276137879,1.8653206380689396e-05,0.018653206380689395,18.653206380689394,256,15.0,3.84,3.84,1.0,1.0,3.84,7.162831250184727e-05,0.07162831250184727,71.62831250184728,71.62831250184728
B,1.9000000000000001,0.0019000000000000002,0.19,0.5,0.5,500.0,5.0,1.9634954084936207e-05,0.19634954084936207,3.7306412761378794e-08,37.306412761378795,0.03730641276137879,1.8653206380689396e-05,0.018653206380689395,18.653206380689394,256,15.0,3.84,3.84,2.0,0.5,1.92,3.581415625092364e-05,0.035814156250923636,35.81415625092364,35.81415625092364
B,1.9000000000000001,0.0019000000000000002,0.19,0.5,0.5,500.0,5.0,1.9634954084936207e-05,0.19634954084936207,3.7306412761378794e-08,37.306412761378795,0.03730641276137879,1.8653206380689396e-05,0.018653206380689395,18.653206380689394,256,15.0,3.84,3.84,3.0,0.3333333333333333,1.28,2.3876104167282428e-05,0.02387610416728243,23.87610416728243,23.87610416728243
B,1.9000000000000001,0.0019000000000000002,0.19,0.5,0.5,500.0,5.0,1.9634954084936207e-05,0.19634954084936207,3.7306412761378794e-08,37.306412761378795,0.03730641276137879,1.8653206380689396e-05,0.018653206380689395,18.653206380689394,256,15.0,3.84,3.84,4.0,0.25,0.96,1.790707812546182e-05,0.017907078125461818,17.90707812546182,17.90707812546182
B,1.9000000000000001,0.0019000000000000002,0.19,0.5,0.5,500.0,5.0,1.9634954084936207e-05,0.19634954084936207,3.7306412761378794e-08,37.306412761378795,0.03730641276137879,1.8653206380689396e-05,0.018653206380689395,18.653206380689394,256,15.0,3.84,3.84,5.0,0.2,0.768,1.4325662500369457e-05,0.014325662500369457,14.325662500369457,14.325662500369457
B,1.9000000000000001,0.0019000000000000002,0.19,0.6,0.6,600.0,5.0,1.9634954084936207e-05,0.19634954084936207,3.7306412761378794e-08,37.306412761378795,0.03730641276137879,2.2383847656827277e-05,0.02238384765682728,22.383847656827278,256,15.0,3.84,3.84,1.0,1.0,3.84,8.595397500221673e-05,0.08595397500221673,85.95397500221672,85.95397500221672
B,1.9000000000000001,0.0019000000000000002,0.19,0.6,0.6,600.0,5.0,1.9634954084936207e-05,0.19634954084936207,3.7306412761378794e-08,37.306412761378795,0.03730641276137879,2.2383847656827277e-05,0.02238384765682728,22.383847656827278,256,15.0,3.84,3.84,2.0,0.5,1.92,4.297698750110837e-05,0.042976987501108364,42.97698750110836,42.97698750110836
B,1.9000000000000001,0.0019000000000000002,0.19,0.6,0.6,600.0,5.0,1.9634954084936207e-05,0.19634954084936207,3.7306412761378794e-08,37.306412761378795,0.03730641276137879,2.2383847656827277e-05,0.02238384765682728,22.383847656827278,256,15.0,3.84,3.84,3.0,0.3333333333333333,1.28,2.8651325000738914e-05,0.028651325000738914,28.651325000738915,28.651325000738915
B,1.9000000000000001,0.0019000000000000002,0.19,0.6,0.6,600.0,5.0,1.9634954084936207e-05,0.19634954084936207,3.7306412761378794e-08,37.306412761378795,0.03730641276137879,2.2383847656827277e-05,0.02238384765682728,22.383847656827278,256,15.0,3.84,3.84,4.0,0.25,0.96,2.1488493750554184e-05,0.021488493750554182,21.48849375055418,21.48849375055418
B,1.9000000000000001,0.0019000000000000002,0.19,0.6,0.6,600.0,5.0,1.9634954084936207e-05,0.19634954084936207,3.7306412761378794e-08,37.306412761378795,0.03730641276137879,2.2383847656827277e-05,0.02238384765682728,22.383847656827278,256,15.0,3.84,3.84,5.0,0.2,0.768,1.719079500044335e-05,0.01719079500044335,17.190795000443348,17.190795000443348
B,2.0,0.002,0.2,0.4,0.4,400.0,5.0,1.9634954084936207e-05,0.19634954084936207,3.9269908169872415e-08,39.269908169872416,0.039269908169872414,1.5707963267948967e-05,0.015707963267948967,15.707963267948967,256,15.0,3.84,3.84,1.0,1.0,3.84,6.031857894892403e-05,0.060318578948924034,60.318578948924035,60.318578948924035
B,2.0,0.002,0.2,0.4,0.4,400.0,5.0,1.9634954084936207e-05,0.19634954084936207,3.9269908169872415e-08,39.269908169872416,0.039269908169872414,1.5707963267948967e-05,0.015707963267948967,15.707963267948967,256,15.0,3.84,3.84,2.0,0.5,1.92,3.0159289474462017e-05,0.030159289474462017,30.159289474462017,30.159289474462017
B,2.0,0.002,0.2,0.4,0.4,400.0,5.0,1.9634954084936207e-05,0.19634954084936207,3.9269908169872415e-08,39.269908169872416,0.039269908169872414,1.5707963267948967e-05,0.015707963267948967,15.707963267948967,256,15.0,3.84,3.84,3.0,0.3333333333333333,1.28,2.010619298297468e-05,0.02010619298297468,20.10619298297468,20.10619298297468
B,2.0,0.002,0.2,0.4,0.4,400.0,5.0,1.9634954084936207e-05,0.19634954084936207,3.9269908169872415e-08,39.269908169872416,0.039269908169872414,1.5707963267948967e-05,0.015707963267948967,15.707963267948967,256,15.0,3.84,3.84,4.0,0.25,0.96,1.5079644737231008e-05,0.015079644737231009,15.079644737231009,15.079644737231009
B,2.0,0.002,0.2,0.4,0.4,400.0,5.0,1.9634954084936207e-05,0.19634954084936207,3.9269908169872415e-08,39.269908169872416,0.039269908169872414,1.5707963267948967e-05,0.015707963267948967,15.707963267948967,256,15.0,3.84,3.84,5.0,0.2,0.768,1.2063715789784808e-05,0.012063715789784808,12.063715789784808,12.063715789784808
B,2.0,0.002,0.2,0.5,0.5,500.0,5.0,1.9634954084936207e-05,0.19634954084936207,3.9269908169872415e-08,39.269908169872416,0.039269908169872414,1.9634954084936207e-05,0.019634954084936207,19.634954084936208,256,15.0,3.84,3.84,1.0,1.0,3.84,7.539822368615503e-05,0.07539822368615504,75.39822368615503,75.39822368615503
B,2.0,0.002,0.2,0.5,0.5,500.0,5.0,1.9634954084936207e-05,0.19634954084936207,3.9269908169872415e-08,39.269908169872416,0.039269908169872414,1.9634954084936207e-05,0.019634954084936207,19.634954084936208,256,15.0,3.84,3.84,2.0,0.5,1.92,3.7699111843077517e-05,0.03769911184307752,37.69911184307752,37.69911184307752
B,2.0,0.002,0.2,0.5,0.5,500.0,5.0,1.9634954084936207e-05,0.19634954084936207,3.9269908169872415e-08,39.269908169872416,0.039269908169872414,1.9634954084936207e-05,0.019634954084936207,19.634954084936208,256,15.0,3.84,3.84,3.0,0.3333333333333333,1.28,2.5132741228718347e-05,0.025132741228718346,25.132741228718345,25.132741228718345
B,2.0,0.002,0.2,0.5,0.5,500.0,5.0,1.9634954084936207e-05,0.19634954084936207,3.9269908169872415e-08,39.269908169872416,0.039269908169872414,1.9634954084936207e-05,0.019634954084936207,19.634954084936208,256,15.0,3.84,3.84,4.0,0.25,0.96,1.8849555921538758e-05,0.01884955592153876,18.84955592153876,18.84955592153876
B,2.0,0.002,0.2,0.5,0.5,500.0,5.0,1.9634954084936207e-05,0.19634954084936207,3.9269908169872415e-08,39.269908169872416,0.039269908169872414,1.9634954084936207e-05,0.019634954084936207,19.634954084936208,256,15.0,3.84,3.84,5.0,0.2,0.768,1.5079644737231007e-05,0.015079644737231007,15.079644737231007,15.079644737231007
B,2.0,0.002,0.2,0.6,0.6,600.0,5.0,1.9634954084936207e-05,0.19634954084936207,3.9269908169872415e-08,39.269908169872416,0.039269908169872414,2.356194490192345e-05,0.02356194490192345,23.56194490192345,256,15.0,3.84,3.84,1.0,1.0,3.84,9.047786842338604e-05,0.09047786842338604,90.47786842338604,90.47786842338604
B,2.0,0.002,0.2,0.6,0.6,600.0,5.0,1.9634954084936207e-05,0.19634954084936207,3.9269908169872415e-08,39.269908169872416,0.039269908169872414,2.356194490192345e-05,0.02356194490192345,23.56194490192345,256,15.0,3.84,3.84,2.0,0.5,1.92,4.523893421169302e-05,0.04523893421169302,45.23893421169302,45.23893421169302
B,2.0,0.002,0.2,0.6,0.6,600.0,5.0,1.9634954084936207e-05,0.19634954084936207,3.9269908169872415e-08,39.269908169872416,0.039269908169872414,2.356194490192345e-05,0.02356194490192345,23.56194490192345,256,15.0,3.84,3.84,3.0,0.3333333333333333,1.28,3.0159289474462017e-05,0.030159289474462017,30.159289474462017,30.159289474462017
B,2.0,0.002,0.2,0.6,0.6,600.0,5.0,1.9634954084936207e-05,0.19634954084936207,3.9269908169872415e-08,39.269908169872416,0.039269908169872414,2.356194490192345e-05,0.02356194490192345,23.56194490192345,256,15.0,3.84,3.84,4.0,0.25,0.96,2.261946710584651e-05,0.02261946710584651,22.61946710584651,22.61946710584651
B,2.0,0.002,0.2,0.6,0.6,600.0,5.0,1.9634954084936207e-05,0.19634954084936207,3.9269908169872415e-08,39.269908169872416,0.039269908169872414,2.356194490192345e-05,0.02356194490192345,23.56194490192345,256,15.0,3.84,3.84,5.0,0.2,0.768,1.809557368467721e-05,0.018095573684677208,18.09557368467721,18.09557368467721
