density_g_cm3,rpm,penetration_depth_mm,probe_diameter_mm,acquisition_time_s,angular_speed_rad_s,tangential_velocity_cm_s,crossing_time_s,blocked_time_s,effective_time_s,sampled_mass_per_refresh_mg,n_refresh,effective_sampled_mass_estimate_mg
0.4,10,0.1,5.0,1.8,1.0471975511965976,1.8849555921538759,0.2652582384864922,0.8488263631567752,0.9511736368432249,0.7853981633974484,3.5858401317539537,2.8163122537164194
0.4,10,0.2,5.0,1.8,1.0471975511965976,1.8849555921538759,0.2652582384864922,0.8488263631567752,0.9511736368432249,1.5707963267948968,3.5858401317539537,5.632624507432839
0.4,10,0.3,5.0,1.8,1.0471975511965976,1.8849555921538759,0.2652582384864922,0.8488263631567752,0.9511736368432249,2.356194490192345,3.5858401317539537,8.448936761149257
0.4,10,0.4,5.0,1.8,1.0471975511965976,1.8849555921538759,0.2652582384864922,0.8488263631567752,0.9511736368432249,3.1415926535897936,3.5858401317539537,11.265249014865677
0.4,10,0.5,5.0,1.8,1.0471975511965976,1.8849555921538759,0.2652582384864922,0.8488263631567752,0.9511736368432249,3.926990816987242,3.5858401317539537,14.081561268582098
0.4,10,0.6,5.0,1.8,1.0471975511965976,1.8849555921538759,0.2652582384864922,0.8488263631567752,0.9511736368432249,4.71238898038469,3.5858401317539537,16.897873522298514
0.4,10,0.7,5.0,1.8,1.0471975511965976,1.8849555921538759,0.2652582384864922,0.8488263631567752,0.9511736368432249,5.497787143782138,3.5858401317539537,19.714185776014933
0.4,10,0.8,5.0,1.8,1.0471975511965976,1.8849555921538759,0.2652582384864922,0.8488263631567752,0.9511736368432249,6.283185307179587,3.5858401317539537,22.530498029731355
0.4,10,0.9,5.0,1.8,1.0471975511965976,1.8849555921538759,0.2652582384864922,0.8488263631567752,0.9511736368432249,7.068583470577035,3.5858401317539537,25.346810283447777
0.4,10,1.0,5.0,1.8,1.0471975511965976,1.8849555921538759,0.2652582384864922,0.8488263631567752,0.9511736368432249,7.853981633974484,3.5858401317539537,28.163122537164195
0.4,10,1.1,5.0,1.8,1.0471975511965976,1.8849555921538759,0.2652582384864922,0.8488263631567752,0.9511736368432249,8.639379797371934,3.5858401317539537,30.97943479088062
0.4,10,1.2,5.0,1.8,1.0471975511965976,1.8849555921538759,0.2652582384864922,0.8488263631567752,0.9511736368432249,9.42477796076938,3.5858401317539537,33.79574704459703
0.4,10,1.3,5.0,1.8,1.0471975511965976,1.8849555921538759,0.2652582384864922,0.8488263631567752,0.9511736368432249,10.210176124166829,3.5858401317539537,36.612059298313454
0.4,10,1.4,5.0,1.8,1.0471975511965976,1.8849555921538759,0.2652582384864922,0.8488263631567752,0.9511736368432249,10.995574287564276,3.5858401317539537,39.428371552029866
0.4,10,1.5,5.0,1.8,1.0471975511965976,1.8849555921538759,0.2652582384864922,0.8488263631567752,0.9511736368432249,11.780972450961725,3.5858401317539537,42.24468380574629
0.4,10,1.6,5.0,1.8,1.0471975511965976,1.8849555921538759,0.2652582384864922,0.8488263631567752,0.9511736368432249,12.566370614359174,3.5858401317539537,45.06099605946271
0.4,10,1.7,5.0,1.8,1.0471975511965976,1.8849555921538759,0.2652582384864922,0.8488263631567752,0.9511736368432249,13.351768777756622,3.5858401317539537,47.87730831317913
0.4,10,1.8,5.0,1.8,1.0471975511965976,1.8849555921538759,0.2652582384864922,0.8488263631567752,0.9511736368432249,14.13716694115407,3.5858401317539537,50.693620566895554
0.4,10,1.9,5.0,1.8,1.0471975511965976,1.8849555921538759,0.2652582384864922,0.8488263631567752,0.9511736368432249,14.922565104551516,3.5858401317539537,53.50993282061196
0.4,10,2.0,5.0,1.8,1.0471975511965976,1.8849555921538759,0.2652582384864922,0.8488263631567752,0.9511736368432249,15.707963267948967,3.5858401317539537,56.32624507432839
0.4,11,0.1,5.0,1.8,1.1519173063162573,2.0734511513692633,0.24114385316953843,0.7716603301425229,1.0283396698574772,0.7853981633974484,4.264424144929348,3.349270891375244
0.4,11,0.2,5.0,1.8,1.1519173063162573,2.0734511513692633,0.24114385316953843,0.7716603301425229,1.0283396698574772,1.5707963267948968,4.264424144929348,6.698541782750488
0.4,11,0.3,5.0,1.8,1.1519173063162573,2.0734511513692633,0.24114385316953843,0.7716603301425229,1.0283396698574772,2.356194490192345,4.264424144929348,10.04781267412573
0.4,11,0.4,5.0,1.8,1.1519173063162573,2.0734511513692633,0.24114385316953843,0.7716603301425229,1.0283396698574772,3.1415926535897936,4.264424144929348,13.397083565500976
0.4,11,0.5,5.0,1.8,1.1519173063162573,2.0734511513692633,0.24114385316953843,0.7716603301425229,1.0283396698574772,3.926990816987242,4.264424144929348,16.74635445687622
0.4,11,0.6,5.0,1.8,1.1519173063162573,2.0734511513692633,0.24114385316953843,0.7716603301425229,1.0283396698574772,4.71238898038469,4.264424144929348,20.09562534825146
0.4,11,0.7,5.0,1.8,1.1519173063162573,2.0734511513692633,0.24114385316953843,0.7716603301425229,1.0283396698574772,5.497787143782138,4.264424144929348,23.444896239626704
0.4,11,0.8,5.0,1.8,1.1519173063162573,2.0734511513692633,0.24114385316953843,0.7716603301425229,1.0283396698574772,6.283185307179587,4.264424144929348,26.794167131001952
0.4,11,0.9,5.0,1.8,1.1519173063162573,2.0734511513692633,0.24114385316953843,0.7716603301425229,1.0283396698574772,7.068583470577035,4.264424144929348,30.143438022377193
0.4,11,1.0,5.0,1.8,1.1519173063162573,2.0734511513692633,0.24114385316953843,0.7716603301425229,1.0283396698574772,7.853981633974484,4.264424144929348,33.49270891375244
0.4,11,1.1,5.0,1.8,1.1519173063162573,2.0734511513692633,0.24114385316953843,0.7716603301425229,1.0283396698574772,8.639379797371934,4.264424144929348,36.841979805127686
0.4,11,1.2,5.0,1.8,1.1519173063162573,2.0734511513692633,0.24114385316953843,0.7716603301425229,1.0283396698574772,9.42477796076938,4.264424144929348,40.19125069650292
0.4,11,1.3,5.0,1.8,1.1519173063162573,2.0734511513692633,0.24114385316953843,0.7716603301425229,1.0283396698574772,10.210176124166829,4.264424144929348,43.54052158787817
0.4,11,1.4,5.0,1.8,1.1519173063162573,2.0734511513692633,0.24114385316953843,0.7716603301425229,1.0283396698574772,10.995574287564276,4.264424144929348,46.88979247925341
0.4,11,1.5,5.0,1.8,1.1519173063162573,2.0734511513692633,0.24114385316953843,0.7716603301425229,1.0283396698574772,11.780972450961725,4.264424144929348,50.23906337062866
0.4,11,1.6,5.0,1.8,1.1519173063162573,2.0734511513692633,0.24114385316953843,0.7716603301425229,1.0283396698574772,12.566370614359174,4.264424144929348,53.588334262003904
0.4,11,1.7,5.0,1.8,1.1519173063162573,2.0734511513692633,0.24114385316953843,0.7716603301425229,1.0283396698574772,13.351768777756622,4.264424144929348,56.937605153379145
0.4,11,1.8,5.0,1.8,1.1519173063162573,2.0734511513692633,0.24114385316953843,0.7716603301425229,1.0283396698574772,14.13716694115407,4.264424144929348,60.286876044754386
0.4,11,1.9,5.0,1.8,1.1519173063162573,2.0734511513692633,0.24114385316953843,0.7716603301425229,1.0283396698574772,14.922565104551516,4.264424144929348,63.63614693612962
0.4,11,2.0,5.0,1.8,1.1519173063162573,2.0734511513692633,0.24114385316953843,0.7716603301425229,1.0283396698574772,15.707963267948967,4.264424144929348,66.98541782750488
0.4,12,0.1,5.0,1.8,1.2566370614359172,2.261946710584651,0.22104853207207686,0.7073553026306459,1.0926446973693542,0.7853981633974484,4.943008158104744,3.8822295290340705
0.4,12,0.2,5.0,1.8,1.2566370614359172,2.261946710584651,0.22104853207207686,0.7073553026306459,1.0926446973693542,1.5707963267948968,4.943008158104744,7.764459058068141
0.4,12,0.3,5.0,1.8,1.2566370614359172,2.261946710584651,0.22104853207207686,0.7073553026306459,1.0926446973693542,2.356194490192345,4.943008158104744,11.64668858710221
0.4,12,0.4,5.0,1.8,1.2566370614359172,2.261946710584651,0.22104853207207686,0.7073553026306459,1.0926446973693542,3.1415926535897936,4.943008158104744,15.528918116136282
0.4,12,0.5,5.0,1.8,1.2566370614359172,2.261946710584651,0.22104853207207686,0.7073553026306459,1.0926446973693542,3.926990816987242,4.943008158104744,19.411147645170352
0.4,12,0.6,5.0,1.8,1.2566370614359172,2.261946710584651,0.22104853207207686,0.7073553026306459,1.0926446973693542,4.71238898038469,4.943008158104744,23.29337717420442
0.4,12,0.7,5.0,1.8,1.2566370614359172,2.261946710584651,0.22104853207207686,0.7073553026306459,1.0926446973693542,5.497787143782138,4.943008158104744,27.17560670323849
0.4,12,0.8,5.0,1.8,1.2566370614359172,2.261946710584651,0.22104853207207686,0.7073553026306459,1.0926446973693542,6.283185307179587,4.943008158104744,31.057836232272564
0.4,12,0.9,5.0,1.8,1.2566370614359172,2.261946710584651,0.22104853207207686,0.7073553026306459,1.0926446973693542,7.068583470577035,4.943008158104744,34.940065761306634
0.4,12,1.0,5.0,1.8,1.2566370614359172,2.261946710584651,0.22104853207207686,0.7073553026306459,1.0926446973693542,7.853981633974484,4.943008158104744,38.822295290340705
0.4,12,1.1,5.0,1.8,1.2566370614359172,2.261946710584651,0.22104853207207686,0.7073553026306459,1.0926446973693542,8.639379797371934,4.943008158104744,42.70452481937478
0.4,12,1.2,5.0,1.8,1.2566370614359172,2.261946710584651,0.22104853207207686,0.7073553026306459,1.0926446973693542,9.42477796076938,4.943008158104744,46.58675434840884
0.4,12,1.3,5.0,1.8,1.2566370614359172,2.261946710584651,0.22104853207207686,0.7073553026306459,1.0926446973693542,10.210176124166829,4.943008158104744,50.46898387744291
0.4,12,1.4,5.0,1.8,1.2566370614359172,2.261946710584651,0.22104853207207686,0.7073553026306459,1.0926446973693542,10.995574287564276,4.943008158104744,54.35121340647698
0.4,12,1.5,5.0,1.8,1.2566370614359172,2.261946710584651,0.22104853207207686,0.7073553026306459,1.0926446973693542,11.780972450961725,4.943008158104744,58.23344293551105
0.4,12,1.6,5.0,1.8,1.2566370614359172,2.261946710584651,0.22104853207207686,0.7073553026306459,1.0926446973693542,12.566370614359174,4.943008158104744,62.11567246454513
0.4,12,1.7,5.0,1.8,1.2566370614359172,2.261946710584651,0.22104853207207686,0.7073553026306459,1.0926446973693542,13.351768777756622,4.943008158104744,65.99790199357919
0.4,12,1.8,5.0,1.8,1.2566370614359172,2.261946710584651,0.22104853207207686,0.7073553026306459,1.0926446973693542,14.13716694115407,4.943008158104744,69.88013152261327
0.4,12,1.9,5.0,1.8,1.2566370614359172,2.261946710584651,0.22104853207207686,0.7073553026306459,1.0926446973693542,14.922565104551516,4.943008158104744,73.76236105164732
0.4,12,2.0,5.0,1.8,1.2566370614359172,2.261946710584651,0.22104853207207686,0.7073553026306459,1.0926446973693542,15.707963267948967,4.943008158104744,77.64459058068141
0.4,13,0.1,5.0,1.8,1.3613568165555772,2.450442269800039,0.20404479883576324,0.6529433562744423,1.1470566437255578,0.7853981633974484,5.621592171280141,4.4151881666928965
0.4,13,0.2,5.0,1.8,1.3613568165555772,2.450442269800039,0.20404479883576324,0.6529433562744423,1.1470566437255578,1.5707963267948968,5.621592171280141,8.830376333385793
0.4,13,0.3,5.0,1.8,1.3613568165555772,2.450442269800039,0.20404479883576324,0.6529433562744423,1.1470566437255578,2.356194490192345,5.621592171280141,13.245564500078688
0.4,13,0.4,5.0,1.8,1.3613568165555772,2.450442269800039,0.20404479883576324,0.6529433562744423,1.1470566437255578,3.1415926535897936,5.621592171280141,17.660752666771586
0.4,13,0.5,5.0,1.8,1.3613568165555772,2.450442269800039,0.20404479883576324,0.6529433562744423,1.1470566437255578,3.926990816987242,5.621592171280141,22.075940833464482
0.4,13,0.6,5.0,1.8,1.3613568165555772,2.450442269800039,0.20404479883576324,0.6529433562744423,1.1470566437255578,4.71238898038469,5.621592171280141,26.491129000157375
0.4,13,0.7,5.0,1.8,1.3613568165555772,2.450442269800039,0.20404479883576324,0.6529433562744423,1.1470566437255578,5.497787143782138,5.621592171280141,30.906317166850272
0.4,13,0.8,5.0,1.8,1.3613568165555772,2.450442269800039,0.20404479883576324,0.6529433562744423,1.1470566437255578,6.283185307179587,5.621592171280141,35.32150533354317
0.4,13,0.9,5.0,1.8,1.3613568165555772,2.450442269800039,0.20404479883576324,0.6529433562744423,1.1470566437255578,7.068583470577035,5.621592171280141,39.73669350023607
0.4,13,1.0,5.0,1.8,1.3613568165555772,2.450442269800039,0.20404479883576324,0.6529433562744423,1.1470566437255578,7.853981633974484,5.621592171280141,44.151881666928965
0.4,13,1.1,5.0,1.8,1.3613568165555772,2.450442269800039,0.20404479883576324,0.6529433562744423,1.1470566437255578,8.639379797371934,5.621592171280141,48.56706983362187
0.4,13,1.2,5.0,1.8,1.3613568165555772,2.450442269800039,0.20404479883576324,0.6529433562744423,1.1470566437255578,9.42477796076938,5.621592171280141,52.98225800031475
0.4,13,1.3,5.0,1.8,1.3613568165555772,2.450442269800039,0.20404479883576324,0.6529433562744423,1.1470566437255578,10.210176124166829,5.621592171280141,57.39744616700766
0.4,13,1.4,5.0,1.8,1.3613568165555772,2.450442269800039,0.20404479883576324,0.6529433562744423,1.1470566437255578,10.995574287564276,5.621592171280141,61.812634333700544
0.4,13,1.5,5.0,1.8,1.3613568165555772,2.450442269800039,0.20404479883576324,0.6529433562744423,1.1470566437255578,11.780972450961725,5.621592171280141,66.22782250039344
0.4,13,1.6,5.0,1.8,1.3613568165555772,2.450442269800039,0.20404479883576324,0.6529433562744423,1.1470566437255578,12.566370614359174,5.621592171280141,70.64301066708634
0.4,13,1.7,5.0,1.8,1.3613568165555772,2.450442269800039,0.20404479883576324,0.6529433562744423,1.1470566437255578,13.351768777756622,5.621592171280141,75.05819883377924
0.4,13,1.8,5.0,1.8,1.3613568165555772,2.450442269800039,0.20404479883576324,0.6529433562744423,1.1470566437255578,14.13716694115407,5.621592171280141,79.47338700047214
0.4,13,1.9,5.0,1.8,1.3613568165555772,2.450442269800039,0.20404479883576324,0.6529433562744423,1.1470566437255578,14.922565104551516,5.621592171280141,83.88857516716502
0.4,13,2.0,5.0,1.8,1.3613568165555772,2.450442269800039,0.20404479883576324,0.6529433562744423,1.1470566437255578,15.707963267948967,5.621592171280141,88.30376333385793
0.4,14,0.1,5.0,1.8,1.4660765716752369,2.6389378290154264,0.18947017034749444,0.6063045451119822,1.1936954548880179,0.7853981633974484,6.300176184455536,4.948146804351722
0.4,14,0.2,5.0,1.8,1.4660765716752369,2.6389378290154264,0.18947017034749444,0.6063045451119822,1.1936954548880179,1.5707963267948968,6.300176184455536,9.896293608703443
0.4,14,0.3,5.0,1.8,1.4660765716752369,2.6389378290154264,0.18947017034749444,0.6063045451119822,1.1936954548880179,2.356194490192345,6.300176184455536,14.844440413055164
0.4,14,0.4,5.0,1.8,1.4660765716752369,2.6389378290154264,0.18947017034749444,0.6063045451119822,1.1936954548880179,3.1415926535897936,6.300176184455536,19.792587217406886
0.4,14,0.5,5.0,1.8,1.4660765716752369,2.6389378290154264,0.18947017034749444,0.6063045451119822,1.1936954548880179,3.926990816987242,6.300176184455536,24.74073402175861
0.4,14,0.6,5.0,1.8,1.4660765716752369,2.6389378290154264,0.18947017034749444,0.6063045451119822,1.1936954548880179,4.71238898038469,6.300176184455536,29.688880826110328
0.4,14,0.7,5.0,1.8,1.4660765716752369,2.6389378290154264,0.18947017034749444,0.6063045451119822,1.1936954548880179,5.497787143782138,6.300176184455536,34.63702763046205
0.4,14,0.8,5.0,1.8,1.4660765716752369,2.6389378290154264,0.18947017034749444,0.6063045451119822,1.1936954548880179,6.283185307179587,6.300176184455536,39.58517443481377
0.4,14,0.9,5.0,1.8,1.4660765716752369,2.6389378290154264,0.18947017034749444,0.6063045451119822,1.1936954548880179,7.068583470577035,6.300176184455536,44.533321239165495
0.4,14,1.0,5.0,1.8,1.4660765716752369,2.6389378290154264,0.18947017034749444,0.6063045451119822,1.1936954548880179,7.853981633974484,6.300176184455536,49.48146804351722
0.4,14,1.1,5.0,1.8,1.4660765716752369,2.6389378290154264,0.18947017034749444,0.6063045451119822,1.1936954548880179,8.639379797371934,6.300176184455536,54.42961484786895
0.4,14,1.2,5.0,1.8,1.4660765716752369,2.6389378290154264,0.18947017034749444,0.6063045451119822,1.1936954548880179,9.42477796076938,6.300176184455536,59.377761652220656
0.4,14,1.3,5.0,1.8,1.4660765716752369,2.6389378290154264,0.18947017034749444,0.6063045451119822,1.1936954548880179,10.210176124166829,6.300176184455536,64.32590845657238
0.4,14,1.4,5.0,1.8,1.4660765716752369,2.6389378290154264,0.18947017034749444,0.6063045451119822,1.1936954548880179,10.995574287564276,6.300176184455536,69.2740552609241
0.4,14,1.5,5.0,1.8,1.4660765716752369,2.6389378290154264,0.18947017034749444,0.6063045451119822,1.1936954548880179,11.780972450961725,6.300176184455536,74.22220206527582
0.4,14,1.6,5.0,1.8,1.4660765716752369,2.6389378290154264,0.18947017034749444,0.6063045451119822,1.1936954548880179,12.566370614359174,6.300176184455536,79.17034886962755
0.4,14,1.7,5.0,1.8,1.4660765716752369,2.6389378290154264,0.18947017034749444,0.6063045451119822,1.1936954548880179,13.351768777756622,6.300176184455536,84.11849567397927
0.4,14,1.8,5.0,1.8,1.4660765716752369,2.6389378290154264,0.18947017034749444,0.6063045451119822,1.1936954548880179,14.13716694115407,6.300176184455536,89.06664247833099
0.4,14,1.9,5.0,1.8,1.4660765716752369,2.6389378290154264,0.18947017034749444,0.6063045451119822,1.1936954548880179,14.922565104551516,6.300176184455536,94.0147892826827
0.4,14,2.0,5.0,1.8,1.4660765716752369,2.6389378290154264,0.18947017034749444,0.6063045451119822,1.1936954548880179,15.707963267948967,6.300176184455536,98.96293608703444
0.4,15,0.1,5.0,1.8,1.5707963267948963,2.8274333882308134,0.1768388256576615,0.5658842421045168,1.2341157578954833,0.7853981633974484,6.97876019763093,5.481105442010546
0.4,15,0.2,5.0,1.8,1.5707963267948963,2.8274333882308134,0.1768388256576615,0.5658842421045168,1.2341157578954833,1.5707963267948968,6.97876019763093,10.962210884021092
0.4,15,0.3,5.0,1.8,1.5707963267948963,2.8274333882308134,0.1768388256576615,0.5658842421045168,1.2341157578954833,2.356194490192345,6.97876019763093,16.443316326031635
0.4,15,0.4,5.0,1.8,1.5707963267948963,2.8274333882308134,0.1768388256576615,0.5658842421045168,1.2341157578954833,3.1415926535897936,6.97876019763093,21.924421768042183
0.4,15,0.5,5.0,1.8,1.5707963267948963,2.8274333882308134,0.1768388256576615,0.5658842421045168,1.2341157578954833,3.926990816987242,6.97876019763093,27.40552721005273
0.4,15,0.6,5.0,1.8,1.5707963267948963,2.8274333882308134,0.1768388256576615,0.5658842421045168,1.2341157578954833,4.71238898038469,6.97876019763093,32.88663265206327
0.4,15,0.7,5.0,1.8,1.5707963267948963,2.8274333882308134,0.1768388256576615,0.5658842421045168,1.2341157578954833,5.497787143782138,6.97876019763093,38.367738094073815
0.4,15,0.8,5.0,1.8,1.5707963267948963,2.8274333882308134,0.1768388256576615,0.5658842421045168,1.2341157578954833,6.283185307179587,6.97876019763093,43.84884353608437
0.4,15,0.9,5.0,1.8,1.5707963267948963,2.8274333882308134,0.1768388256576615,0.5658842421045168,1.2341157578954833,7.068583470577035,6.97876019763093,49.32994897809491
0.4,15,1.0,5.0,1.8,1.5707963267948963,2.8274333882308134,0.1768388256576615,0.5658842421045168,1.2341157578954833,7.853981633974484,6.97876019763093,54.81105442010546
0.4,15,1.1,5.0,1.8,1.5707963267948963,2.8274333882308134,0.1768388256576615,0.5658842421045168,1.2341157578954833,8.639379797371934,6.97876019763093,60.292159862116016
0.4,15,1.2,5.0,1.8,1.5707963267948963,2.8274333882308134,0.1768388256576615,0.5658842421045168,1.2341157578954833,9.42477796076938,6.97876019763093,65.77326530412654
0.4,15,1.3,5.0,1.8,1.5707963267948963,2.8274333882308134,0.1768388256576615,0.5658842421045168,1.2341157578954833,10.210176124166829,6.97876019763093,71.2543707461371
0.4,15,1.4,5.0,1.8,1.5707963267948963,2.8274333882308134,0.1768388256576615,0.5658842421045168,1.2341157578954833,10.995574287564276,6.97876019763093,76.73547618814763
0.4,15,1.5,5.0,1.8,1.5707963267948963,2.8274333882308134,0.1768388256576615,0.5658842421045168,1.2341157578954833,11.780972450961725,6.97876019763093,82.21658163015819
0.4,15,1.6,5.0,1.8,1.5707963267948963,2.8274333882308134,0.1768388256576615,0.5658842421045168,1.2341157578954833,12.566370614359174,6.97876019763093,87.69768707216873
0.4,15,1.7,5.0,1.8,1.5707963267948963,2.8274333882308134,0.1768388256576615,0.5658842421045168,1.2341157578954833,13.351768777756622,6.97876019763093,93.17879251417928
0.4,15,1.8,5.0,1.8,1.5707963267948963,2.8274333882308134,0.1768388256576615,0.5658842421045168,1.2341157578954833,14.13716694115407,6.97876019763093,98.65989795618982
0.4,15,1.9,5.0,1.8,1.5707963267948963,2.8274333882308134,0.1768388256576615,0.5658842421045168,1.2341157578954833,14.922565104551516,6.97876019763093,104.14100339820035
0.4,15,2.0,5.0,1.8,1.5707963267948963,2.8274333882308134,0.1768388256576615,0.5658842421045168,1.2341157578954833,15.707963267948967,6.97876019763093,109.62210884021091
0.4,16,0.1,5.0,1.8,1.6755160819145563,3.015928947446201,0.16578639905405765,0.5305164769729844,1.2694835230270156,0.7853981633974484,7.657344210806325,6.014064079669372
0.4,16,0.2,5.0,1.8,1.6755160819145563,3.015928947446201,0.16578639905405765,0.5305164769729844,1.2694835230270156,1.5707963267948968,7.657344210806325,12.028128159338744
0.4,16,0.3,5.0,1.8,1.6755160819145563,3.015928947446201,0.16578639905405765,0.5305164769729844,1.2694835230270156,2.356194490192345,7.657344210806325,18.042192239008113
0.4,16,0.4,5.0,1.8,1.6755160819145563,3.015928947446201,0.16578639905405765,0.5305164769729844,1.2694835230270156,3.1415926535897936,7.657344210806325,24.056256318677487
0.4,16,0.5,5.0,1.8,1.6755160819145563,3.015928947446201,0.16578639905405765,0.5305164769729844,1.2694835230270156,3.926990816987242,7.657344210806325,30.07032039834686
0.4,16,0.6,5.0,1.8,1.6755160819145563,3.015928947446201,0.16578639905405765,0.5305164769729844,1.2694835230270156,4.71238898038469,7.657344210806325,36.084384478016226
0.4,16,0.7,5.0,1.8,1.6755160819145563,3.015928947446201,0.16578639905405765,0.5305164769729844,1.2694835230270156,5.497787143782138,7.657344210806325,42.0984485576856
0.4,16,0.8,5.0,1.8,1.6755160819145563,3.015928947446201,0.16578639905405765,0.5305164769729844,1.2694835230270156,6.283185307179587,7.657344210806325,48.112512637354975
0.4,16,0.9,5.0,1.8,1.6755160819145563,3.015928947446201,0.16578639905405765,0.5305164769729844,1.2694835230270156,7.068583470577035,7.657344210806325,54.12657671702435
0.4,16,1.0,5.0,1.8,1.6755160819145563,3.015928947446201,0.16578639905405765,0.5305164769729844,1.2694835230270156,7.853981633974484,7.657344210806325,60.14064079669372
0.4,16,1.1,5.0,1.8,1.6755160819145563,3.015928947446201,0.16578639905405765,0.5305164769729844,1.2694835230270156,8.639379797371934,7.657344210806325,66.1547048763631
0.4,16,1.2,5.0,1.8,1.6755160819145563,3.015928947446201,0.16578639905405765,0.5305164769729844,1.2694835230270156,9.42477796076938,7.657344210806325,72.16876895603245
0.4,16,1.3,5.0,1.8,1.6755160819145563,3.015928947446201,0.16578639905405765,0.5305164769729844,1.2694835230270156,10.210176124166829,7.657344210806325,78.18283303570183
0.4,16,1.4,5.0,1.8,1.6755160819145563,3.015928947446201,0.16578639905405765,0.5305164769729844,1.2694835230270156,10.995574287564276,7.657344210806325,84.1968971153712
0.4,16,1.5,5.0,1.8,1.6755160819145563,3.015928947446201,0.16578639905405765,0.5305164769729844,1.2694835230270156,11.780972450961725,7.657344210806325,90.21096119504057
0.4,16,1.6,5.0,1.8,1.6755160819145563,3.015928947446201,0.16578639905405765,0.5305164769729844,1.2694835230270156,12.566370614359174,7.657344210806325,96.22502527470995
0.4,16,1.7,5.0,1.8,1.6755160819145563,3.015928947446201,0.16578639905405765,0.5305164769729844,1.2694835230270156,13.351768777756622,7.657344210806325,102.23908935437932
0.4,16,1.8,5.0,1.8,1.6755160819145563,3.015928947446201,0.16578639905405765,0.5305164769729844,1.2694835230270156,14.13716694115407,7.657344210806325,108.2531534340487
0.4,16,1.9,5.0,1.8,1.6755160819145563,3.015928947446201,0.16578639905405765,0.5305164769729844,1.2694835230270156,14.922565104551516,7.657344210806325,114.26721751371804
0.4,16,2.0,5.0,1.8,1.6755160819145563,3.015928947446201,0.16578639905405765,0.5305164769729844,1.2694835230270156,15.707963267948967,7.657344210806325,120.28128159338743
0.4,17,0.1,5.0,1.8,1.7802358370342162,3.204424506661589,0.15603425793323072,0.7489644380795074,1.0510355619204925,0.7853981633974484,6.735928223981721,5.29038565589228
0.4,17,0.2,5.0,1.8,1.7802358370342162,3.204424506661589,0.15603425793323072,0.7489644380795074,1.0510355619204925,1.5707963267948968,6.735928223981721,10.58077131178456
0.4,17,0.3,5.0,1.8,1.7802358370342162,3.204424506661589,0.15603425793323072,0.7489644380795074,1.0510355619204925,2.356194490192345,6.735928223981721,15.871156967676837
0.4,17,0.4,5.0,1.8,1.7802358370342162,3.204424506661589,0.15603425793323072,0.7489644380795074,1.0510355619204925,3.1415926535897936,6.735928223981721,21.16154262356912
0.4,17,0.5,5.0,1.8,1.7802358370342162,3.204424506661589,0.15603425793323072,0.7489644380795074,1.0510355619204925,3.926990816987242,6.735928223981721,26.4519282794614
0.4,17,0.6,5.0,1.8,1.7802358370342162,3.204424506661589,0.15603425793323072,0.7489644380795074,1.0510355619204925,4.71238898038469,6.735928223981721,31.742313935353675
0.4,17,0.7,5.0,1.8,1.7802358370342162,3.204424506661589,0.15603425793323072,0.7489644380795074,1.0510355619204925,5.497787143782138,6.735928223981721,37.03269959124595
0.4,17,0.8,5.0,1.8,1.7802358370342162,3.204424506661589,0.15603425793323072,0.7489644380795074,1.0510355619204925,6.283185307179587,6.735928223981721,42.32308524713824
0.4,17,0.9,5.0,1.8,1.7802358370342162,3.204424506661589,0.15603425793323072,0.7489644380795074,1.0510355619204925,7.068583470577035,6.735928223981721,47.61347090303052
0.4,17,1.0,5.0,1.8,1.7802358370342162,3.204424506661589,0.15603425793323072,0.7489644380795074,1.0510355619204925,7.853981633974484,6.735928223981721,52.9038565589228
0.4,17,1.1,5.0,1.8,1.7802358370342162,3.204424506661589,0.15603425793323072,0.7489644380795074,1.0510355619204925,8.639379797371934,6.735928223981721,58.194242214815084
0.4,17,1.2,5.0,1.8,1.7802358370342162,3.204424506661589,0.15603425793323072,0.7489644380795074,1.0510355619204925,9.42477796076938,6.735928223981721,63.48462787070735
0.4,17,1.3,5.0,1.8,1.7802358370342162,3.204424506661589,0.15603425793323072,0.7489644380795074,1.0510355619204925,10.210176124166829,6.735928223981721,68.77501352659964
0.4,17,1.4,5.0,1.8,1.7802358370342162,3.204424506661589,0.15603425793323072,0.7489644380795074,1.0510355619204925,10.995574287564276,6.735928223981721,74.0653991824919
0.4,17,1.5,5.0,1.8,1.7802358370342162,3.204424506661589,0.15603425793323072,0.7489644380795074,1.0510355619204925,11.780972450961725,6.735928223981721,79.3557848383842
0.4,17,1.6,5.0,1.8,1.7802358370342162,3.204424506661589,0.15603425793323072,0.7489644380795074,1.0510355619204925,12.566370614359174,6.735928223981721,84.64617049427648
0.4,17,1.7,5.0,1.8,1.7802358370342162,3.204424506661589,0.15603425793323072,0.7489644380795074,1.0510355619204925,13.351768777756622,6.735928223981721,89.93655615016876
0.4,17,1.8,5.0,1.8,1.7802358370342162,3.204424506661589,0.15603425793323072,0.7489644380795074,1.0510355619204925,14.13716694115407,6.735928223981721,95.22694180606103
0.4,17,1.9,5.0,1.8,1.7802358370342162,3.204424506661589,0.15603425793323072,0.7489644380795074,1.0510355619204925,14.922565104551516,6.735928223981721,100.5173274619533
0.4,17,2.0,5.0,1.8,1.7802358370342162,3.204424506661589,0.15603425793323072,0.7489644380795074,1.0510355619204925,15.707963267948967,6.735928223981721,105.8077131178456
0.4,18,0.1,5.0,1.8,1.8849555921538759,3.3929200658769765,0.14736568804805125,0.7073553026306459,1.0926446973693542,0.7853981633974484,7.414512237157116,5.823344293551106
0.4,18,0.2,5.0,1.8,1.8849555921538759,3.3929200658769765,0.14736568804805125,0.7073553026306459,1.0926446973693542,1.5707963267948968,7.414512237157116,11.646688587102211
0.4,18,0.3,5.0,1.8,1.8849555921538759,3.3929200658769765,0.14736568804805125,0.7073553026306459,1.0926446973693542,2.356194490192345,7.414512237157116,17.470032880653314
0.4,18,0.4,5.0,1.8,1.8849555921538759,3.3929200658769765,0.14736568804805125,0.7073553026306459,1.0926446973693542,3.1415926535897936,7.414512237157116,23.293377174204423
0.4,18,0.5,5.0,1.8,1.8849555921538759,3.3929200658769765,0.14736568804805125,0.7073553026306459,1.0926446973693542,3.926990816987242,7.414512237157116,29.116721467755525
0.4,18,0.6,5.0,1.8,1.8849555921538759,3.3929200658769765,0.14736568804805125,0.7073553026306459,1.0926446973693542,4.71238898038469,7.414512237157116,34.94006576130663
0.4,18,0.7,5.0,1.8,1.8849555921538759,3.3929200658769765,0.14736568804805125,0.7073553026306459,1.0926446973693542,5.497787143782138,7.414512237157116,40.76341005485773
0.4,18,0.8,5.0,1.8,1.8849555921538759,3.3929200658769765,0.14736568804805125,0.7073553026306459,1.0926446973693542,6.283185307179587,7.414512237157116,46.586754348408846
0.4,18,0.9,5.0,1.8,1.8849555921538759,3.3929200658769765,0.14736568804805125,0.7073553026306459,1.0926446973693542,7.068583470577035,7.414512237157116,52.41009864195995
0.4,18,1.0,5.0,1.8,1.8849555921538759,3.3929200658769765,0.14736568804805125,0.7073553026306459,1.0926446973693542,7.853981633974484,7.414512237157116,58.23344293551105
0.4,18,1.1,5.0,1.8,1.8849555921538759,3.3929200658769765,0.14736568804805125,0.7073553026306459,1.0926446973693542,8.639379797371934,7.414512237157116,64.05678722906217
0.4,18,1.2,5.0,1.8,1.8849555921538759,3.3929200658769765,0.14736568804805125,0.7073553026306459,1.0926446973693542,9.42477796076938,7.414512237157116,69.88013152261325
0.4,18,1.3,5.0,1.8,1.8849555921538759,3.3929200658769765,0.14736568804805125,0.7073553026306459,1.0926446973693542,10.210176124166829,7.414512237157116,75.70347581616437
0.4,18,1.4,5.0,1.8,1.8849555921538759,3.3929200658769765,0.14736568804805125,0.7073553026306459,1.0926446973693542,10.995574287564276,7.414512237157116,81.52682010971546
0.4,18,1.5,5.0,1.8,1.8849555921538759,3.3929200658769765,0.14736568804805125,0.7073553026306459,1.0926446973693542,11.780972450961725,7.414512237157116,87.35016440326658
0.4,18,1.6,5.0,1.8,1.8849555921538759,3.3929200658769765,0.14736568804805125,0.7073553026306459,1.0926446973693542,12.566370614359174,7.414512237157116,93.17350869681769
0.4,18,1.7,5.0,1.8,1.8849555921538759,3.3929200658769765,0.14736568804805125,0.7073553026306459,1.0926446973693542,13.351768777756622,7.414512237157116,98.99685299036878
0.4,18,1.8,5.0,1.8,1.8849555921538759,3.3929200658769765,0.14736568804805125,0.7073553026306459,1.0926446973693542,14.13716694115407,7.414512237157116,104.8201972839199
0.4,18,1.9,5.0,1.8,1.8849555921538759,3.3929200658769765,0.14736568804805125,0.7073553026306459,1.0926446973693542,14.922565104551516,7.414512237157116,110.64354157747098
0.4,18,2.0,5.0,1.8,1.8849555921538759,3.3929200658769765,0.14736568804805125,0.7073553026306459,1.0926446973693542,15.707963267948967,7.414512237157116,116.4668858710221
0.4,19,0.1,5.0,1.8,1.9896753472735356,3.581415625092364,0.13960959920341698,0.6701260761764014,1.1298739238235986,0.7853981633974484,8.093096250332511,6.356302931209931
0.4,19,0.2,5.0,1.8,1.9896753472735356,3.581415625092364,0.13960959920341698,0.6701260761764014,1.1298739238235986,1.5707963267948968,8.093096250332511,12.712605862419862
0.4,19,0.3,5.0,1.8,1.9896753472735356,3.581415625092364,0.13960959920341698,0.6701260761764014,1.1298739238235986,2.356194490192345,8.093096250332511,19.068908793629788
0.4,19,0.4,5.0,1.8,1.9896753472735356,3.581415625092364,0.13960959920341698,0.6701260761764014,1.1298739238235986,3.1415926535897936,8.093096250332511,25.425211724839723
0.4,19,0.5,5.0,1.8,1.9896753472735356,3.581415625092364,0.13960959920341698,0.6701260761764014,1.1298739238235986,3.926990816987242,8.093096250332511,31.78151465604965
0.4,19,0.6,5.0,1.8,1.9896753472735356,3.581415625092364,0.13960959920341698,0.6701260761764014,1.1298739238235986,4.71238898038469,8.093096250332511,38.137817587259576
0.4,19,0.7,5.0,1.8,1.9896753472735356,3.581415625092364,0.13960959920341698,0.6701260761764014,1.1298739238235986,5.497787143782138,8.093096250332511,44.49412051846951
0.4,19,0.8,5.0,1.8,1.9896753472735356,3.581415625092364,0.13960959920341698,0.6701260761764014,1.1298739238235986,6.283185307179587,8.093096250332511,50.85042344967945
0.4,19,0.9,5.0,1.8,1.9896753472735356,3.581415625092364,0.13960959920341698,0.6701260761764014,1.1298739238235986,7.068583470577035,8.093096250332511,57.20672638088937
0.4,19,1.0,5.0,1.8,1.9896753472735356,3.581415625092364,0.13960959920341698,0.6701260761764014,1.1298739238235986,7.853981633974484,8.093096250332511,63.5630293120993
0.4,19,1.1,5.0,1.8,1.9896753472735356,3.581415625092364,0.13960959920341698,0.6701260761764014,1.1298739238235986,8.639379797371934,8.093096250332511,69.91933224330924
0.4,19,1.2,5.0,1.8,1.9896753472735356,3.581415625092364,0.13960959920341698,0.6701260761764014,1.1298739238235986,9.42477796076938,8.093096250332511,76.27563517451915
0.4,19,1.3,5.0,1.8,1.9896753472735356,3.581415625092364,0.13960959920341698,0.6701260761764014,1.1298739238235986,10.210176124166829,8.093096250332511,82.63193810572909
0.4,19,1.4,5.0,1.8,1.9896753472735356,3.581415625092364,0.13960959920341698,0.6701260761764014,1.1298739238235986,10.995574287564276,8.093096250332511,88.98824103693902
0.4,19,1.5,5.0,1.8,1.9896753472735356,3.581415625092364,0.13960959920341698,0.6701260761764014,1.1298739238235986,11.780972450961725,8.093096250332511,95.34454396814895
0.4,19,1.6,5.0,1.8,1.9896753472735356,3.581415625092364,0.13960959920341698,0.6701260761764014,1.1298739238235986,12.566370614359174,8.093096250332511,101.7008468993589
0.4,19,1.7,5.0,1.8,1.9896753472735356,3.581415625092364,0.13960959920341698,0.6701260761764014,1.1298739238235986,13.351768777756622,8.093096250332511,108.05714983056882
0.4,19,1.8,5.0,1.8,1.9896753472735356,3.581415625092364,0.13960959920341698,0.6701260761764014,1.1298739238235986,14.13716694115407,8.093096250332511,114.41345276177874
0.4,19,1.9,5.0,1.8,1.9896753472735356,3.581415625092364,0.13960959920341698,0.6701260761764014,1.1298739238235986,14.922565104551516,8.093096250332511,120.76975569298865
0.4,19,2.0,5.0,1.8,1.9896753472735356,3.581415625092364,0.13960959920341698,0.6701260761764014,1.1298739238235986,15.707963267948967,8.093096250332511,127.1260586241986
0.4,20,0.1,5.0,1.8,2.0943951023931953,3.7699111843077517,0.1326291192432461,0.6366197723675814,1.1633802276324188,0.7853981633974484,8.771680263507909,6.889261568868758
0.4,20,0.2,5.0,1.8,2.0943951023931953,3.7699111843077517,0.1326291192432461,0.6366197723675814,1.1633802276324188,1.5707963267948968,8.771680263507909,13.778523137737515
0.4,20,0.3,5.0,1.8,2.0943951023931953,3.7699111843077517,0.1326291192432461,0.6366197723675814,1.1633802276324188,2.356194490192345,8.771680263507909,20.66778470660627
0.4,20,0.4,5.0,1.8,2.0943951023931953,3.7699111843077517,0.1326291192432461,0.6366197723675814,1.1633802276324188,3.1415926535897936,8.771680263507909,27.55704627547503
0.4,20,0.5,5.0,1.8,2.0943951023931953,3.7699111843077517,0.1326291192432461,0.6366197723675814,1.1633802276324188,3.926990816987242,8.771680263507909,34.446307844343785
0.4,20,0.6,5.0,1.8,2.0943951023931953,3.7699111843077517,0.1326291192432461,0.6366197723675814,1.1633802276324188,4.71238898038469,8.771680263507909,41.33556941321254
0.4,20,0.7,5.0,1.8,2.0943951023931953,3.7699111843077517,0.1326291192432461,0.6366197723675814,1.1633802276324188,5.497787143782138,8.771680263507909,48.22483098208129
0.4,20,0.8,5.0,1.8,2.0943951023931953,3.7699111843077517,0.1326291192432461,0.6366197723675814,1.1633802276324188,6.283185307179587,8.771680263507909,55.11409255095006
0.4,20,0.9,5.0,1.8,2.0943951023931953,3.7699111843077517,0.1326291192432461,0.6366197723675814,1.1633802276324188,7.068583470577035,8.771680263507909,62.003354119818816
0.4,20,1.0,5.0,1.8,2.0943951023931953,3.7699111843077517,0.1326291192432461,0.6366197723675814,1.1633802276324188,7.853981633974484,8.771680263507909,68.89261568868757
0.4,20,1.1,5.0,1.8,2.0943951023931953,3.7699111843077517,0.1326291192432461,0.6366197723675814,1.1633802276324188,8.639379797371934,8.771680263507909,75.78187725755635
0.4,20,1.2,5.0,1.8,2.0943951023931953,3.7699111843077517,0.1326291192432461,0.6366197723675814,1.1633802276324188,9.42477796076938,8.771680263507909,82.67113882642508
0.4,20,1.3,5.0,1.8,2.0943951023931953,3.7699111843077517,0.1326291192432461,0.6366197723675814,1.1633802276324188,10.210176124166829,8.771680263507909,89.56040039529384
0.4,20,1.4,5.0,1.8,2.0943951023931953,3.7699111843077517,0.1326291192432461,0.6366197723675814,1.1633802276324188,10.995574287564276,8.771680263507909,96.44966196416259
0.4,20,1.5,5.0,1.8,2.0943951023931953,3.7699111843077517,0.1326291192432461,0.6366197723675814,1.1633802276324188,11.780972450961725,8.771680263507909,103.33892353303136
0.4,20,1.6,5.0,1.8,2.0943951023931953,3.7699111843077517,0.1326291192432461,0.6366197723675814,1.1633802276324188,12.566370614359174,8.771680263507909,110.22818510190012
0.4,20,1.7,5.0,1.8,2.0943951023931953,3.7699111843077517,0.1326291192432461,0.6366197723675814,1.1633802276324188,13.351768777756622,8.771680263507909,117.11744667076887
0.4,20,1.8,5.0,1.8,2.0943951023931953,3.7699111843077517,0.1326291192432461,0.6366197723675814,1.1633802276324188,14.13716694115407,8.771680263507909,124.00670823963763
0.4,20,1.9,5.0,1.8,2.0943951023931953,3.7699111843077517,0.1326291192432461,0.6366197723675814,1.1633802276324188,14.922565104551516,8.771680263507909,130.89596980850638
0.4,20,2.0,5.0,1.8,2.0943951023931953,3.7699111843077517,0.1326291192432461,0.6366197723675814,1.1633802276324188,15.707963267948967,8.771680263507909,137.78523137737514
0.4,21,0.1,5.0,1.8,2.199114857512855,3.9584067435231396,0.12631344689832963,0.6063045451119822,1.1936954548880179,0.7853981633974484,9.450264276683303,7.422220206527582
0.4,21,0.2,5.0,1.8,2.199114857512855,3.9584067435231396,0.12631344689832963,0.6063045451119822,1.1936954548880179,1.5707963267948968,9.450264276683303,14.844440413055164
0.4,21,0.3,5.0,1.8,2.199114857512855,3.9584067435231396,0.12631344689832963,0.6063045451119822,1.1936954548880179,2.356194490192345,9.450264276683303,22.266660619582744
0.4,21,0.4,5.0,1.8,2.199114857512855,3.9584067435231396,0.12631344689832963,0.6063045451119822,1.1936954548880179,3.1415926535897936,9.450264276683303,29.688880826110328
0.4,21,0.5,5.0,1.8,2.199114857512855,3.9584067435231396,0.12631344689832963,0.6063045451119822,1.1936954548880179,3.926990816987242,9.450264276683303,37.11110103263791
0.4,21,0.6,5.0,1.8,2.199114857512855,3.9584067435231396,0.12631344689832963,0.6063045451119822,1.1936954548880179,4.71238898038469,9.450264276683303,44.53332123916549
0.4,21,0.7,5.0,1.8,2.199114857512855,3.9584067435231396,0.12631344689832963,0.6063045451119822,1.1936954548880179,5.497787143782138,9.450264276683303,51.955541445693065
0.4,21,0.8,5.0,1.8,2.199114857512855,3.9584067435231396,0.12631344689832963,0.6063045451119822,1.1936954548880179,6.283185307179587,9.450264276683303,59.377761652220656
0.4,21,0.9,5.0,1.8,2.199114857512855,3.9584067435231396,0.12631344689832963,0.6063045451119822,1.1936954548880179,7.068583470577035,9.450264276683303,66.79998185874824
0.4,21,1.0,5.0,1.8,2.199114857512855,3.9584067435231396,0.12631344689832963,0.6063045451119822,1.1936954548880179,7.853981633974484,9.450264276683303,74.22220206527582
0.4,21,1.1,5.0,1.8,2.199114857512855,3.9584067435231396,0.12631344689832963,0.6063045451119822,1.1936954548880179,8.639379797371934,9.450264276683303,81.64442227180342
0.4,21,1.2,5.0,1.8,2.199114857512855,3.9584067435231396,0.12631344689832963,0.6063045451119822,1.1936954548880179,9.42477796076938,9.450264276683303,89.06664247833098
0.4,21,1.3,5.0,1.8,2.199114857512855,3.9584067435231396,0.12631344689832963,0.6063045451119822,1.1936954548880179,10.210176124166829,9.450264276683303,96.48886268485856
0.4,21,1.4,5.0,1.8,2.199114857512855,3.9584067435231396,0.12631344689832963,0.6063045451119822,1.1936954548880179,10.995574287564276,9.450264276683303,103.91108289138613
0.4,21,1.5,5.0,1.8,2.199114857512855,3.9584067435231396,0.12631344689832963,0.6063045451119822,1.1936954548880179,11.780972450961725,9.450264276683303,111.33330309791373
0.4,21,1.6,5.0,1.8,2.199114857512855,3.9584067435231396,0.12631344689832963,0.6063045451119822,1.1936954548880179,12.566370614359174,9.450264276683303,118.75552330444131
0.4,21,1.7,5.0,1.8,2.199114857512855,3.9584067435231396,0.12631344689832963,0.6063045451119822,1.1936954548880179,13.351768777756622,9.450264276683303,126.17774351096888
0.4,21,1.8,5.0,1.8,2.199114857512855,3.9584067435231396,0.12631344689832963,0.6063045451119822,1.1936954548880179,14.13716694115407,9.450264276683303,133.59996371749648
0.4,21,1.9,5.0,1.8,2.199114857512855,3.9584067435231396,0.12631344689832963,0.6063045451119822,1.1936954548880179,14.922565104551516,9.450264276683303,141.02218392402403
0.4,21,2.0,5.0,1.8,2.199114857512855,3.9584067435231396,0.12631344689832963,0.6063045451119822,1.1936954548880179,15.707963267948967,9.450264276683303,148.44440413055165
0.4,22,0.1,5.0,1.8,2.3038346126325147,4.146902302738527,0.12057192658476922,0.5787452476068922,1.2212547523931079,0.7853981633974484,10.128848289858695,7.955178844186405
0.4,22,0.2,5.0,1.8,2.3038346126325147,4.146902302738527,0.12057192658476922,0.5787452476068922,1.2212547523931079,1.5707963267948968,10.128848289858695,15.91035768837281
0.4,22,0.3,5.0,1.8,2.3038346126325147,4.146902302738527,0.12057192658476922,0.5787452476068922,1.2212547523931079,2.356194490192345,10.128848289858695,23.86553653255921
0.4,22,0.4,5.0,1.8,2.3038346126325147,4.146902302738527,0.12057192658476922,0.5787452476068922,1.2212547523931079,3.1415926535897936,10.128848289858695,31.82071537674562
0.4,22,0.5,5.0,1.8,2.3038346126325147,4.146902302738527,0.12057192658476922,0.5787452476068922,1.2212547523931079,3.926990816987242,10.128848289858695,39.775894220932024
0.4,22,0.6,5.0,1.8,2.3038346126325147,4.146902302738527,0.12057192658476922,0.5787452476068922,1.2212547523931079,4.71238898038469,10.128848289858695,47.73107306511842
0.4,22,0.7,5.0,1.8,2.3038346126325147,4.146902302738527,0.12057192658476922,0.5787452476068922,1.2212547523931079,5.497787143782138,10.128848289858695,55.68625190930483
0.4,22,0.8,5.0,1.8,2.3038346126325147,4.146902302738527,0.12057192658476922,0.5787452476068922,1.2212547523931079,6.283185307179587,10.128848289858695,63.64143075349124
0.4,22,0.9,5.0,1.8,2.3038346126325147,4.146902302738527,0.12057192658476922,0.5787452476068922,1.2212547523931079,7.068583470577035,10.128848289858695,71.59660959767764
0.4,22,1.0,5.0,1.8,2.3038346126325147,4.146902302738527,0.12057192658476922,0.5787452476068922,1.2212547523931079,7.853981633974484,10.128848289858695,79.55178844186405
0.4,22,1.1,5.0,1.8,2.3038346126325147,4.146902302738527,0.12057192658476922,0.5787452476068922,1.2212547523931079,8.639379797371934,10.128848289858695,87.50696728605047
0.4,22,1.2,5.0,1.8,2.3038346126325147,4.146902302738527,0.12057192658476922,0.5787452476068922,1.2212547523931079,9.42477796076938,10.128848289858695,95.46214613023685
0.4,22,1.3,5.0,1.8,2.3038346126325147,4.146902302738527,0.12057192658476922,0.5787452476068922,1.2212547523931079,10.210176124166829,10.128848289858695,103.41732497442325
0.4,22,1.4,5.0,1.8,2.3038346126325147,4.146902302738527,0.12057192658476922,0.5787452476068922,1.2212547523931079,10.995574287564276,10.128848289858695,111.37250381860966
0.4,22,1.5,5.0,1.8,2.3038346126325147,4.146902302738527,0.12057192658476922,0.5787452476068922,1.2212547523931079,11.780972450961725,10.128848289858695,119.32768266279606
0.4,22,1.6,5.0,1.8,2.3038346126325147,4.146902302738527,0.12057192658476922,0.5787452476068922,1.2212547523931079,12.566370614359174,10.128848289858695,127.28286150698248
0.4,22,1.7,5.0,1.8,2.3038346126325147,4.146902302738527,0.12057192658476922,0.5787452476068922,1.2212547523931079,13.351768777756622,10.128848289858695,135.23804035116888
0.4,22,1.8,5.0,1.8,2.3038346126325147,4.146902302738527,0.12057192658476922,0.5787452476068922,1.2212547523931079,14.13716694115407,10.128848289858695,143.19321919535528
0.4,22,1.9,5.0,1.8,2.3038346126325147,4.146902302738527,0.12057192658476922,0.5787452476068922,1.2212547523931079,14.922565104551516,10.128848289858695,151.14839803954166
0.4,22,2.0,5.0,1.8,2.3038346126325147,4.146902302738527,0.12057192658476922,0.5787452476068922,1.2212547523931079,15.707963267948967,10.128848289858695,159.1035768837281
0.4,23,0.1,5.0,1.8,2.4085543677521746,4.335397861953914,0.11532966890717056,0.5535824107544186,1.2464175892455813,0.7853981633974484,10.807432303034089,8.488137481845229
0.4,23,0.2,5.0,1.8,2.4085543677521746,4.335397861953914,0.11532966890717056,0.5535824107544186,1.2464175892455813,1.5707963267948968,10.807432303034089,16.976274963690457
0.4,23,0.3,5.0,1.8,2.4085543677521746,4.335397861953914,0.11532966890717056,0.5535824107544186,1.2464175892455813,2.356194490192345,10.807432303034089,25.464412445535686
0.4,23,0.4,5.0,1.8,2.4085543677521746,4.335397861953914,0.11532966890717056,0.5535824107544186,1.2464175892455813,3.1415926535897936,10.807432303034089,33.952549927380915
0.4,23,0.5,5.0,1.8,2.4085543677521746,4.335397861953914,0.11532966890717056,0.5535824107544186,1.2464175892455813,3.926990816987242,10.807432303034089,42.44068740922614
0.4,23,0.6,5.0,1.8,2.4085543677521746,4.335397861953914,0.11532966890717056,0.5535824107544186,1.2464175892455813,4.71238898038469,10.807432303034089,50.92882489107137
0.4,23,0.7,5.0,1.8,2.4085543677521746,4.335397861953914,0.11532966890717056,0.5535824107544186,1.2464175892455813,5.497787143782138,10.807432303034089,59.41696237291659
0.4,23,0.8,5.0,1.8,2.4085543677521746,4.335397861953914,0.11532966890717056,0.5535824107544186,1.2464175892455813,6.283185307179587,10.807432303034089,67.90509985476183
0.4,23,0.9,5.0,1.8,2.4085543677521746,4.335397861953914,0.11532966890717056,0.5535824107544186,1.2464175892455813,7.068583470577035,10.807432303034089,76.39323733660706
0.4,23,1.0,5.0,1.8,2.4085543677521746,4.335397861953914,0.11532966890717056,0.5535824107544186,1.2464175892455813,7.853981633974484,10.807432303034089,84.88137481845229
0.4,23,1.1,5.0,1.8,2.4085543677521746,4.335397861953914,0.11532966890717056,0.5535824107544186,1.2464175892455813,8.639379797371934,10.807432303034089,93.36951230029754
0.4,23,1.2,5.0,1.8,2.4085543677521746,4.335397861953914,0.11532966890717056,0.5535824107544186,1.2464175892455813,9.42477796076938,10.807432303034089,101.85764978214274
0.4,23,1.3,5.0,1.8,2.4085543677521746,4.335397861953914,0.11532966890717056,0.5535824107544186,1.2464175892455813,10.210176124166829,10.807432303034089,110.34578726398797
0.4,23,1.4,5.0,1.8,2.4085543677521746,4.335397861953914,0.11532966890717056,0.5535824107544186,1.2464175892455813,10.995574287564276,10.807432303034089,118.83392474583319
0.4,23,1.5,5.0,1.8,2.4085543677521746,4.335397861953914,0.11532966890717056,0.5535824107544186,1.2464175892455813,11.780972450961725,10.807432303034089,127.32206222767843
0.4,23,1.6,5.0,1.8,2.4085543677521746,4.335397861953914,0.11532966890717056,0.5535824107544186,1.2464175892455813,12.566370614359174,10.807432303034089,135.81019970952366
0.4,23,1.7,5.0,1.8,2.4085543677521746,4.335397861953914,0.11532966890717056,0.5535824107544186,1.2464175892455813,13.351768777756622,10.807432303034089,144.2983371913689
0.4,23,1.8,5.0,1.8,2.4085543677521746,4.335397861953914,0.11532966890717056,0.5535824107544186,1.2464175892455813,14.13716694115407,10.807432303034089,152.78647467321412
0.4,23,1.9,5.0,1.8,2.4085543677521746,4.335397861953914,0.11532966890717056,0.5535824107544186,1.2464175892455813,14.922565104551516,10.807432303034089,161.27461215505932
0.4,23,2.0,5.0,1.8,2.4085543677521746,4.335397861953914,0.11532966890717056,0.5535824107544186,1.2464175892455813,15.707963267948967,10.807432303034089,169.76274963690457
0.4,24,0.1,5.0,1.8,2.5132741228718345,4.523893421169302,0.11052426603603843,0.5305164769729844,1.2694835230270156,0.7853981633974484,11.486016316209488,9.021096119504058
0.4,24,0.2,5.0,1.8,2.5132741228718345,4.523893421169302,0.11052426603603843,0.5305164769729844,1.2694835230270156,1.5707963267948968,11.486016316209488,18.042192239008116
0.4,24,0.3,5.0,1.8,2.5132741228718345,4.523893421169302,0.11052426603603843,0.5305164769729844,1.2694835230270156,2.356194490192345,11.486016316209488,27.06328835851217
0.4,24,0.4,5.0,1.8,2.5132741228718345,4.523893421169302,0.11052426603603843,0.5305164769729844,1.2694835230270156,3.1415926535897936,11.486016316209488,36.08438447801623
0.4,24,0.5,5.0,1.8,2.5132741228718345,4.523893421169302,0.11052426603603843,0.5305164769729844,1.2694835230270156,3.926990816987242,11.486016316209488,45.10548059752029
0.4,24,0.6,5.0,1.8,2.5132741228718345,4.523893421169302,0.11052426603603843,0.5305164769729844,1.2694835230270156,4.71238898038469,11.486016316209488,54.12657671702434
0.4,24,0.7,5.0,1.8,2.5132741228718345,4.523893421169302,0.11052426603603843,0.5305164769729844,1.2694835230270156,5.497787143782138,11.486016316209488,63.14767283652839
0.4,24,0.8,5.0,1.8,2.5132741228718345,4.523893421169302,0.11052426603603843,0.5305164769729844,1.2694835230270156,6.283185307179587,11.486016316209488,72.16876895603247
0.4,24,0.9,5.0,1.8,2.5132741228718345,4.523893421169302,0.11052426603603843,0.5305164769729844,1.2694835230270156,7.068583470577035,11.486016316209488,81.18986507553652
0.4,24,1.0,5.0,1.8,2.5132741228718345,4.523893421169302,0.11052426603603843,0.5305164769729844,1.2694835230270156,7.853981633974484,11.486016316209488,90.21096119504058
0.4,24,1.1,5.0,1.8,2.5132741228718345,4.523893421169302,0.11052426603603843,0.5305164769729844,1.2694835230270156,8.639379797371934,11.486016316209488,99.23205731454465
0.4,24,1.2,5.0,1.8,2.5132741228718345,4.523893421169302,0.11052426603603843,0.5305164769729844,1.2694835230270156,9.42477796076938,11.486016316209488,108.25315343404868
0.4,24,1.3,5.0,1.8,2.5132741228718345,4.523893421169302,0.11052426603603843,0.5305164769729844,1.2694835230270156,10.210176124166829,11.486016316209488,117.27424955355275
0.4,24,1.4,5.0,1.8,2.5132741228718345,4.523893421169302,0.11052426603603843,0.5305164769729844,1.2694835230270156,10.995574287564276,11.486016316209488,126.29534567305679
0.4,24,1.5,5.0,1.8,2.5132741228718345,4.523893421169302,0.11052426603603843,0.5305164769729844,1.2694835230270156,11.780972450961725,11.486016316209488,135.31644179256085
0.4,24,1.6,5.0,1.8,2.5132741228718345,4.523893421169302,0.11052426603603843,0.5305164769729844,1.2694835230270156,12.566370614359174,11.486016316209488,144.33753791206493
0.4,24,1.7,5.0,1.8,2.5132741228718345,4.523893421169302,0.11052426603603843,0.5305164769729844,1.2694835230270156,13.351768777756622,11.486016316209488,153.35863403156898
0.4,24,1.8,5.0,1.8,2.5132741228718345,4.523893421169302,0.11052426603603843,0.5305164769729844,1.2694835230270156,14.13716694115407,11.486016316209488,162.37973015107303
0.4,24,1.9,5.0,1.8,2.5132741228718345,4.523893421169302,0.11052426603603843,0.5305164769729844,1.2694835230270156,14.922565104551516,11.486016316209488,171.40082627057706
0.4,24,2.0,5.0,1.8,2.5132741228718345,4.523893421169302,0.11052426603603843,0.5305164769729844,1.2694835230270156,15.707963267948967,11.486016316209488,180.42192239008116
0.4,25,0.1,5.0,1.8,2.6179938779914944,4.71238898038469,0.1061032953945969,0.5092958178940651,1.290704182105935,0.7853981633974484,12.164600329384884,9.554054757162884
0.4,25,0.2,5.0,1.8,2.6179938779914944,4.71238898038469,0.1061032953945969,0.5092958178940651,1.290704182105935,1.5707963267948968,12.164600329384884,19.10810951432577
0.4,25,0.3,5.0,1.8,2.6179938779914944,4.71238898038469,0.1061032953945969,0.5092958178940651,1.290704182105935,2.356194490192345,12.164600329384884,28.662164271488646
0.4,25,0.4,5.0,1.8,2.6179938779914944,4.71238898038469,0.1061032953945969,0.5092958178940651,1.290704182105935,3.1415926535897936,12.164600329384884,38.21621902865154
0.4,25,0.5,5.0,1.8,2.6179938779914944,4.71238898038469,0.1061032953945969,0.5092958178940651,1.290704182105935,3.926990816987242,12.164600329384884,47.77027378581442
0.4,25,0.6,5.0,1.8,2.6179938779914944,4.71238898038469,0.1061032953945969,0.5092958178940651,1.290704182105935,4.71238898038469,12.164600329384884,57.32432854297729
0.4,25,0.7,5.0,1.8,2.6179938779914944,4.71238898038469,0.1061032953945969,0.5092958178940651,1.290704182105935,5.497787143782138,12.164600329384884,66.87838330014017
0.4,25,0.8,5.0,1.8,2.6179938779914944,4.71238898038469,0.1061032953945969,0.5092958178940651,1.290704182105935,6.283185307179587,12.164600329384884,76.43243805730307
0.4,25,0.9,5.0,1.8,2.6179938779914944,4.71238898038469,0.1061032953945969,0.5092958178940651,1.290704182105935,7.068583470577035,12.164600329384884,85.98649281446595
0.4,25,1.0,5.0,1.8,2.6179938779914944,4.71238898038469,0.1061032953945969,0.5092958178940651,1.290704182105935,7.853981633974484,12.164600329384884,95.54054757162884
0.4,25,1.1,5.0,1.8,2.6179938779914944,4.71238898038469,0.1061032953945969,0.5092958178940651,1.290704182105935,8.639379797371934,12.164600329384884,105.09460232879174
0.4,25,1.2,5.0,1.8,2.6179938779914944,4.71238898038469,0.1061032953945969,0.5092958178940651,1.290704182105935,9.42477796076938,12.164600329384884,114.64865708595458
0.4,25,1.3,5.0,1.8,2.6179938779914944,4.71238898038469,0.1061032953945969,0.5092958178940651,1.290704182105935,10.210176124166829,12.164600329384884,124.20271184311748
0.4,25,1.4,5.0,1.8,2.6179938779914944,4.71238898038469,0.1061032953945969,0.5092958178940651,1.290704182105935,10.995574287564276,12.164600329384884,133.75676660028034
0.4,25,1.5,5.0,1.8,2.6179938779914944,4.71238898038469,0.1061032953945969,0.5092958178940651,1.290704182105935,11.780972450961725,12.164600329384884,143.31082135744325
0.4,25,1.6,5.0,1.8,2.6179938779914944,4.71238898038469,0.1061032953945969,0.5092958178940651,1.290704182105935,12.566370614359174,12.164600329384884,152.86487611460615
0.4,25,1.7,5.0,1.8,2.6179938779914944,4.71238898038469,0.1061032953945969,0.5092958178940651,1.290704182105935,13.351768777756622,12.164600329384884,162.41893087176902
0.4,25,1.8,5.0,1.8,2.6179938779914944,4.71238898038469,0.1061032953945969,0.5092958178940651,1.290704182105935,14.13716694115407,12.164600329384884,171.9729856289319
0.4,25,1.9,5.0,1.8,2.6179938779914944,4.71238898038469,0.1061032953945969,0.5092958178940651,1.290704182105935,14.922565104551516,12.164600329384884,181.52704038609474
0.4,25,2.0,5.0,1.8,2.6179938779914944,4.71238898038469,0.1061032953945969,0.5092958178940651,1.290704182105935,15.707963267948967,12.164600329384884,191.08109514325767
0.4,26,0.1,5.0,1.8,2.7227136331111543,4.900884539600078,0.10202239941788162,0.6529433562744423,1.1470566437255578,0.7853981633974484,11.243184342560282,8.830376333385793
0.4,26,0.2,5.0,1.8,2.7227136331111543,4.900884539600078,0.10202239941788162,0.6529433562744423,1.1470566437255578,1.5707963267948968,11.243184342560282,17.660752666771586
0.4,26,0.3,5.0,1.8,2.7227136331111543,4.900884539600078,0.10202239941788162,0.6529433562744423,1.1470566437255578,2.356194490192345,11.243184342560282,26.491129000157375
0.4,26,0.4,5.0,1.8,2.7227136331111543,4.900884539600078,0.10202239941788162,0.6529433562744423,1.1470566437255578,3.1415926535897936,11.243184342560282,35.32150533354317
0.4,26,0.5,5.0,1.8,2.7227136331111543,4.900884539600078,0.10202239941788162,0.6529433562744423,1.1470566437255578,3.926990816987242,11.243184342560282,44.151881666928965
0.4,26,0.6,5.0,1.8,2.7227136331111543,4.900884539600078,0.10202239941788162,0.6529433562744423,1.1470566437255578,4.71238898038469,11.243184342560282,52.98225800031475
0.4,26,0.7,5.0,1.8,2.7227136331111543,4.900884539600078,0.10202239941788162,0.6529433562744423,1.1470566437255578,5.497787143782138,11.243184342560282,61.812634333700544
0.4,26,0.8,5.0,1.8,2.7227136331111543,4.900884539600078,0.10202239941788162,0.6529433562744423,1.1470566437255578,6.283185307179587,11.243184342560282,70.64301066708634
0.4,26,0.9,5.0,1.8,2.7227136331111543,4.900884539600078,0.10202239941788162,0.6529433562744423,1.1470566437255578,7.068583470577035,11.243184342560282,79.47338700047214
0.4,26,1.0,5.0,1.8,2.7227136331111543,4.900884539600078,0.10202239941788162,0.6529433562744423,1.1470566437255578,7.853981633974484,11.243184342560282,88.30376333385793
0.4,26,1.1,5.0,1.8,2.7227136331111543,4.900884539600078,0.10202239941788162,0.6529433562744423,1.1470566437255578,8.639379797371934,11.243184342560282,97.13413966724374
0.4,26,1.2,5.0,1.8,2.7227136331111543,4.900884539600078,0.10202239941788162,0.6529433562744423,1.1470566437255578,9.42477796076938,11.243184342560282,105.9645160006295
0.4,26,1.3,5.0,1.8,2.7227136331111543,4.900884539600078,0.10202239941788162,0.6529433562744423,1.1470566437255578,10.210176124166829,11.243184342560282,114.79489233401532
0.4,26,1.4,5.0,1.8,2.7227136331111543,4.900884539600078,0.10202239941788162,0.6529433562744423,1.1470566437255578,10.995574287564276,11.243184342560282,123.62526866740109
0.4,26,1.5,5.0,1.8,2.7227136331111543,4.900884539600078,0.10202239941788162,0.6529433562744423,1.1470566437255578,11.780972450961725,11.243184342560282,132.4556450007869
0.4,26,1.6,5.0,1.8,2.7227136331111543,4.900884539600078,0.10202239941788162,0.6529433562744423,1.1470566437255578,12.566370614359174,11.243184342560282,141.2860213341727
0.4,26,1.7,5.0,1.8,2.7227136331111543,4.900884539600078,0.10202239941788162,0.6529433562744423,1.1470566437255578,13.351768777756622,11.243184342560282,150.1163976675585
0.4,26,1.8,5.0,1.8,2.7227136331111543,4.900884539600078,0.10202239941788162,0.6529433562744423,1.1470566437255578,14.13716694115407,11.243184342560282,158.9467740009443
0.4,26,1.9,5.0,1.8,2.7227136331111543,4.900884539600078,0.10202239941788162,0.6529433562744423,1.1470566437255578,14.922565104551516,11.243184342560282,167.77715033433003
0.4,26,2.0,5.0,1.8,2.7227136331111543,4.900884539600078,0.10202239941788162,0.6529433562744423,1.1470566437255578,15.707963267948967,11.243184342560282,176.60752666771586
0.4,27,0.1,5.0,1.8,2.827433388230814,5.089380098815465,0.09824379203203415,0.6287602690050186,1.1712397309949814,0.7853981633974484,11.921768355735674,9.363334971044617
0.4,27,0.2,5.0,1.8,2.827433388230814,5.089380098815465,0.09824379203203415,0.6287602690050186,1.1712397309949814,1.5707963267948968,11.921768355735674,18.726669942089234
0.4,27,0.3,5.0,1.8,2.827433388230814,5.089380098815465,0.09824379203203415,0.6287602690050186,1.1712397309949814,2.356194490192345,11.921768355735674,28.090004913133846
0.4,27,0.4,5.0,1.8,2.827433388230814,5.089380098815465,0.09824379203203415,0.6287602690050186,1.1712397309949814,3.1415926535897936,11.921768355735674,37.45333988417847
0.4,27,0.5,5.0,1.8,2.827433388230814,5.089380098815465,0.09824379203203415,0.6287602690050186,1.1712397309949814,3.926990816987242,11.921768355735674,46.816674855223084
0.4,27,0.6,5.0,1.8,2.827433388230814,5.089380098815465,0.09824379203203415,0.6287602690050186,1.1712397309949814,4.71238898038469,11.921768355735674,56.18000982626769
0.4,27,0.7,5.0,1.8,2.827433388230814,5.089380098815465,0.09824379203203415,0.6287602690050186,1.1712397309949814,5.497787143782138,11.921768355735674,65.5433447973123
0.4,27,0.8,5.0,1.8,2.827433388230814,5.089380098815465,0.09824379203203415,0.6287602690050186,1.1712397309949814,6.283185307179587,11.921768355735674,74.90667976835694
0.4,27,0.9,5.0,1.8,2.827433388230814,5.089380098815465,0.09824379203203415,0.6287602690050186,1.1712397309949814,7.068583470577035,11.921768355735674,84.27001473940155
0.4,27,1.0,5.0,1.8,2.827433388230814,5.089380098815465,0.09824379203203415,0.6287602690050186,1.1712397309949814,7.853981633974484,11.921768355735674,93.63334971044617
0.4,27,1.1,5.0,1.8,2.827433388230814,5.089380098815465,0.09824379203203415,0.6287602690050186,1.1712397309949814,8.639379797371934,11.921768355735674,102.9966846814908
0.4,27,1.2,5.0,1.8,2.827433388230814,5.089380098815465,0.09824379203203415,0.6287602690050186,1.1712397309949814,9.42477796076938,11.921768355735674,112.36001965253539
0.4,27,1.3,5.0,1.8,2.827433388230814,5.089380098815465,0.09824379203203415,0.6287602690050186,1.1712397309949814,10.210176124166829,11.921768355735674,121.72335462358001
0.4,27,1.4,5.0,1.8,2.827433388230814,5.089380098815465,0.09824379203203415,0.6287602690050186,1.1712397309949814,10.995574287564276,11.921768355735674,131.0866895946246
0.4,27,1.5,5.0,1.8,2.827433388230814,5.089380098815465,0.09824379203203415,0.6287602690050186,1.1712397309949814,11.780972450961725,11.921768355735674,140.45002456566922
0.4,27,1.6,5.0,1.8,2.827433388230814,5.089380098815465,0.09824379203203415,0.6287602690050186,1.1712397309949814,12.566370614359174,11.921768355735674,149.81335953671388
0.4,27,1.7,5.0,1.8,2.827433388230814,5.089380098815465,0.09824379203203415,0.6287602690050186,1.1712397309949814,13.351768777756622,11.921768355735674,159.17669450775847
0.4,27,1.8,5.0,1.8,2.827433388230814,5.089380098815465,0.09824379203203415,0.6287602690050186,1.1712397309949814,14.13716694115407,11.921768355735674,168.5400294788031
0.4,27,1.9,5.0,1.8,2.827433388230814,5.089380098815465,0.09824379203203415,0.6287602690050186,1.1712397309949814,14.922565104551516,11.921768355735674,177.9033644498477
0.4,27,2.0,5.0,1.8,2.827433388230814,5.089380098815465,0.09824379203203415,0.6287602690050186,1.1712397309949814,15.707963267948967,11.921768355735674,187.26669942089234
0.4,28,0.1,5.0,1.8,2.9321531433504737,5.277875658030853,0.09473508517374722,0.6063045451119822,1.1936954548880179,0.7853981633974484,12.600352368911071,9.896293608703443
0.4,28,0.2,5.0,1.8,2.9321531433504737,5.277875658030853,0.09473508517374722,0.6063045451119822,1.1936954548880179,1.5707963267948968,12.600352368911071,19.792587217406886
0.4,28,0.3,5.0,1.8,2.9321531433504737,5.277875658030853,0.09473508517374722,0.6063045451119822,1.1936954548880179,2.356194490192345,12.600352368911071,29.688880826110328
0.4,28,0.4,5.0,1.8,2.9321531433504737,5.277875658030853,0.09473508517374722,0.6063045451119822,1.1936954548880179,3.1415926535897936,12.600352368911071,39.58517443481377
0.4,28,0.5,5.0,1.8,2.9321531433504737,5.277875658030853,0.09473508517374722,0.6063045451119822,1.1936954548880179,3.926990816987242,12.600352368911071,49.48146804351722
0.4,28,0.6,5.0,1.8,2.9321531433504737,5.277875658030853,0.09473508517374722,0.6063045451119822,1.1936954548880179,4.71238898038469,12.600352368911071,59.377761652220656
0.4,28,0.7,5.0,1.8,2.9321531433504737,5.277875658030853,0.09473508517374722,0.6063045451119822,1.1936954548880179,5.497787143782138,12.600352368911071,69.2740552609241
0.4,28,0.8,5.0,1.8,2.9321531433504737,5.277875658030853,0.09473508517374722,0.6063045451119822,1.1936954548880179,6.283185307179587,12.600352368911071,79.17034886962755
0.4,28,0.9,5.0,1.8,2.9321531433504737,5.277875658030853,0.09473508517374722,0.6063045451119822,1.1936954548880179,7.068583470577035,12.600352368911071,89.06664247833099
0.4,28,1.0,5.0,1.8,2.9321531433504737,5.277875658030853,0.09473508517374722,0.6063045451119822,1.1936954548880179,7.853981633974484,12.600352368911071,98.96293608703444
0.4,28,1.1,5.0,1.8,2.9321531433504737,5.277875658030853,0.09473508517374722,0.6063045451119822,1.1936954548880179,8.639379797371934,12.600352368911071,108.8592296957379
0.4,28,1.2,5.0,1.8,2.9321531433504737,5.277875658030853,0.09473508517374722,0.6063045451119822,1.1936954548880179,9.42477796076938,12.600352368911071,118.75552330444131
0.4,28,1.3,5.0,1.8,2.9321531433504737,5.277875658030853,0.09473508517374722,0.6063045451119822,1.1936954548880179,10.210176124166829,12.600352368911071,128.65181691314476
0.4,28,1.4,5.0,1.8,2.9321531433504737,5.277875658030853,0.09473508517374722,0.6063045451119822,1.1936954548880179,10.995574287564276,12.600352368911071,138.5481105218482
0.4,28,1.5,5.0,1.8,2.9321531433504737,5.277875658030853,0.09473508517374722,0.6063045451119822,1.1936954548880179,11.780972450961725,12.600352368911071,148.44440413055165
0.4,28,1.6,5.0,1.8,2.9321531433504737,5.277875658030853,0.09473508517374722,0.6063045451119822,1.1936954548880179,12.566370614359174,12.600352368911071,158.3406977392551
0.4,28,1.7,5.0,1.8,2.9321531433504737,5.277875658030853,0.09473508517374722,0.6063045451119822,1.1936954548880179,13.351768777756622,12.600352368911071,168.23699134795854
0.4,28,1.8,5.0,1.8,2.9321531433504737,5.277875658030853,0.09473508517374722,0.6063045451119822,1.1936954548880179,14.13716694115407,12.600352368911071,178.13328495666198
0.4,28,1.9,5.0,1.8,2.9321531433504737,5.277875658030853,0.09473508517374722,0.6063045451119822,1.1936954548880179,14.922565104551516,12.600352368911071,188.0295785653654
0.4,28,2.0,5.0,1.8,2.9321531433504737,5.277875658030853,0.09473508517374722,0.6063045451119822,1.1936954548880179,15.707963267948967,12.600352368911071,197.92587217406887
0.4,29,0.1,5.0,1.8,3.0368728984701336,5.466371217246241,0.0914683580987904,0.5853974918322586,1.2146025081677414,0.7853981633974484,13.278936382086469,10.429252246362271
0.4,29,0.2,5.0,1.8,3.0368728984701336,5.466371217246241,0.0914683580987904,0.5853974918322586,1.2146025081677414,1.5707963267948968,13.278936382086469,20.858504492724542
0.4,29,0.3,5.0,1.8,3.0368728984701336,5.466371217246241,0.0914683580987904,0.5853974918322586,1.2146025081677414,2.356194490192345,13.278936382086469,31.28775673908681
0.4,29,0.4,5.0,1.8,3.0368728984701336,5.466371217246241,0.0914683580987904,0.5853974918322586,1.2146025081677414,3.1415926535897936,13.278936382086469,41.717008985449084
0.4,29,0.5,5.0,1.8,3.0368728984701336,5.466371217246241,0.0914683580987904,0.5853974918322586,1.2146025081677414,3.926990816987242,13.278936382086469,52.14626123181135
0.4,29,0.6,5.0,1.8,3.0368728984701336,5.466371217246241,0.0914683580987904,0.5853974918322586,1.2146025081677414,4.71238898038469,13.278936382086469,62.57551347817362
0.4,29,0.7,5.0,1.8,3.0368728984701336,5.466371217246241,0.0914683580987904,0.5853974918322586,1.2146025081677414,5.497787143782138,13.278936382086469,73.00476572453589
0.4,29,0.8,5.0,1.8,3.0368728984701336,5.466371217246241,0.0914683580987904,0.5853974918322586,1.2146025081677414,6.283185307179587,13.278936382086469,83.43401797089817
0.4,29,0.9,5.0,1.8,3.0368728984701336,5.466371217246241,0.0914683580987904,0.5853974918322586,1.2146025081677414,7.068583470577035,13.278936382086469,93.86327021726044
0.4,29,1.0,5.0,1.8,3.0368728984701336,5.466371217246241,0.0914683580987904,0.5853974918322586,1.2146025081677414,7.853981633974484,13.278936382086469,104.2925224636227
0.4,29,1.1,5.0,1.8,3.0368728984701336,5.466371217246241,0.0914683580987904,0.5853974918322586,1.2146025081677414,8.639379797371934,13.278936382086469,114.721774709985
0.4,29,1.2,5.0,1.8,3.0368728984701336,5.466371217246241,0.0914683580987904,0.5853974918322586,1.2146025081677414,9.42477796076938,13.278936382086469,125.15102695634724
0.4,29,1.3,5.0,1.8,3.0368728984701336,5.466371217246241,0.0914683580987904,0.5853974918322586,1.2146025081677414,10.210176124166829,13.278936382086469,135.5802792027095
0.4,29,1.4,5.0,1.8,3.0368728984701336,5.466371217246241,0.0914683580987904,0.5853974918322586,1.2146025081677414,10.995574287564276,13.278936382086469,146.00953144907177
0.4,29,1.5,5.0,1.8,3.0368728984701336,5.466371217246241,0.0914683580987904,0.5853974918322586,1.2146025081677414,11.780972450961725,13.278936382086469,156.43878369543404
0.4,29,1.6,5.0,1.8,3.0368728984701336,5.466371217246241,0.0914683580987904,0.5853974918322586,1.2146025081677414,12.566370614359174,13.278936382086469,166.86803594179634
0.4,29,1.7,5.0,1.8,3.0368728984701336,5.466371217246241,0.0914683580987904,0.5853974918322586,1.2146025081677414,13.351768777756622,13.278936382086469,177.2972881881586
0.4,29,1.8,5.0,1.8,3.0368728984701336,5.466371217246241,0.0914683580987904,0.5853974918322586,1.2146025081677414,14.13716694115407,13.278936382086469,187.72654043452087
0.4,29,1.9,5.0,1.8,3.0368728984701336,5.466371217246241,0.0914683580987904,0.5853974918322586,1.2146025081677414,14.922565104551516,13.278936382086469,198.1557926808831
0.4,29,2.0,5.0,1.8,3.0368728984701336,5.466371217246241,0.0914683580987904,0.5853974918322586,1.2146025081677414,15.707963267948967,13.278936382086469,208.5850449272454
0.4,30,0.1,5.0,1.8,3.1415926535897927,5.654866776461627,0.08841941282883076,0.5658842421045168,1.2341157578954833,0.7853981633974484,13.95752039526186,10.962210884021092
0.4,30,0.2,5.0,1.8,3.1415926535897927,5.654866776461627,0.08841941282883076,0.5658842421045168,1.2341157578954833,1.5707963267948968,13.95752039526186,21.924421768042183
0.4,30,0.3,5.0,1.8,3.1415926535897927,5.654866776461627,0.08841941282883076,0.5658842421045168,1.2341157578954833,2.356194490192345,13.95752039526186,32.88663265206327
0.4,30,0.4,5.0,1.8,3.1415926535897927,5.654866776461627,0.08841941282883076,0.5658842421045168,1.2341157578954833,3.1415926535897936,13.95752039526186,43.84884353608437
0.4,30,0.5,5.0,1.8,3.1415926535897927,5.654866776461627,0.08841941282883076,0.5658842421045168,1.2341157578954833,3.926990816987242,13.95752039526186,54.81105442010546
0.4,30,0.6,5.0,1.8,3.1415926535897927,5.654866776461627,0.08841941282883076,0.5658842421045168,1.2341157578954833,4.71238898038469,13.95752039526186,65.77326530412654
0.4,30,0.7,5.0,1.8,3.1415926535897927,5.654866776461627,0.08841941282883076,0.5658842421045168,1.2341157578954833,5.497787143782138,13.95752039526186,76.73547618814763
0.4,30,0.8,5.0,1.8,3.1415926535897927,5.654866776461627,0.08841941282883076,0.5658842421045168,1.2341157578954833,6.283185307179587,13.95752039526186,87.69768707216873
0.4,30,0.9,5.0,1.8,3.1415926535897927,5.654866776461627,0.08841941282883076,0.5658842421045168,1.2341157578954833,7.068583470577035,13.95752039526186,98.65989795618982
0.4,30,1.0,5.0,1.8,3.1415926535897927,5.654866776461627,0.08841941282883076,0.5658842421045168,1.2341157578954833,7.853981633974484,13.95752039526186,109.62210884021091
0.4,30,1.1,5.0,1.8,3.1415926535897927,5.654866776461627,0.08841941282883076,0.5658842421045168,1.2341157578954833,8.639379797371934,13.95752039526186,120.58431972423203
0.4,30,1.2,5.0,1.8,3.1415926535897927,5.654866776461627,0.08841941282883076,0.5658842421045168,1.2341157578954833,9.42477796076938,13.95752039526186,131.54653060825308
0.4,30,1.3,5.0,1.8,3.1415926535897927,5.654866776461627,0.08841941282883076,0.5658842421045168,1.2341157578954833,10.210176124166829,13.95752039526186,142.5087414922742
0.4,30,1.4,5.0,1.8,3.1415926535897927,5.654866776461627,0.08841941282883076,0.5658842421045168,1.2341157578954833,10.995574287564276,13.95752039526186,153.47095237629526
0.4,30,1.5,5.0,1.8,3.1415926535897927,5.654866776461627,0.08841941282883076,0.5658842421045168,1.2341157578954833,11.780972450961725,13.95752039526186,164.43316326031638
0.4,30,1.6,5.0,1.8,3.1415926535897927,5.654866776461627,0.08841941282883076,0.5658842421045168,1.2341157578954833,12.566370614359174,13.95752039526186,175.39537414433747
0.4,30,1.7,5.0,1.8,3.1415926535897927,5.654866776461627,0.08841941282883076,0.5658842421045168,1.2341157578954833,13.351768777756622,13.95752039526186,186.35758502835856
0.4,30,1.8,5.0,1.8,3.1415926535897927,5.654866776461627,0.08841941282883076,0.5658842421045168,1.2341157578954833,14.13716694115407,13.95752039526186,197.31979591237965
0.4,30,1.9,5.0,1.8,3.1415926535897927,5.654866776461627,0.08841941282883076,0.5658842421045168,1.2341157578954833,14.922565104551516,13.95752039526186,208.2820067964007
0.4,30,2.0,5.0,1.8,3.1415926535897927,5.654866776461627,0.08841941282883076,0.5658842421045168,1.2341157578954833,15.707963267948967,13.95752039526186,219.24421768042183
0.4,31,0.1,5.0,1.8,3.2463124087094526,5.843362335677015,0.08556717370532008,0.5476299117140485,1.2523700882859514,0.7853981633974484,14.636104408437253,11.495169521679916
0.4,31,0.2,5.0,1.8,3.2463124087094526,5.843362335677015,0.08556717370532008,0.5476299117140485,1.2523700882859514,1.5707963267948968,14.636104408437253,22.990339043359832
0.4,31,0.3,5.0,1.8,3.2463124087094526,5.843362335677015,0.08556717370532008,0.5476299117140485,1.2523700882859514,2.356194490192345,14.636104408437253,34.485508565039744
0.4,31,0.4,5.0,1.8,3.2463124087094526,5.843362335677015,0.08556717370532008,0.5476299117140485,1.2523700882859514,3.1415926535897936,14.636104408437253,45.980678086719664
0.4,31,0.5,5.0,1.8,3.2463124087094526,5.843362335677015,0.08556717370532008,0.5476299117140485,1.2523700882859514,3.926990816987242,14.636104408437253,57.47584760839958
0.4,31,0.6,5.0,1.8,3.2463124087094526,5.843362335677015,0.08556717370532008,0.5476299117140485,1.2523700882859514,4.71238898038469,14.636104408437253,68.97101713007949
0.4,31,0.7,5.0,1.8,3.2463124087094526,5.843362335677015,0.08556717370532008,0.5476299117140485,1.2523700882859514,5.497787143782138,14.636104408437253,80.4661866517594
0.4,31,0.8,5.0,1.8,3.2463124087094526,5.843362335677015,0.08556717370532008,0.5476299117140485,1.2523700882859514,6.283185307179587,14.636104408437253,91.96135617343933
0.4,31,0.9,5.0,1.8,3.2463124087094526,5.843362335677015,0.08556717370532008,0.5476299117140485,1.2523700882859514,7.068583470577035,14.636104408437253,103.45652569511925
0.4,31,1.0,5.0,1.8,3.2463124087094526,5.843362335677015,0.08556717370532008,0.5476299117140485,1.2523700882859514,7.853981633974484,14.636104408437253,114.95169521679917
0.4,31,1.1,5.0,1.8,3.2463124087094526,5.843362335677015,0.08556717370532008,0.5476299117140485,1.2523700882859514,8.639379797371934,14.636104408437253,126.4468647384791
0.4,31,1.2,5.0,1.8,3.2463124087094526,5.843362335677015,0.08556717370532008,0.5476299117140485,1.2523700882859514,9.42477796076938,14.636104408437253,137.94203426015898
0.4,31,1.3,5.0,1.8,3.2463124087094526,5.843362335677015,0.08556717370532008,0.5476299117140485,1.2523700882859514,10.210176124166829,14.636104408437253,149.43720378183892
0.4,31,1.4,5.0,1.8,3.2463124087094526,5.843362335677015,0.08556717370532008,0.5476299117140485,1.2523700882859514,10.995574287564276,14.636104408437253,160.9323733035188
0.4,31,1.5,5.0,1.8,3.2463124087094526,5.843362335677015,0.08556717370532008,0.5476299117140485,1.2523700882859514,11.780972450961725,14.636104408437253,172.42754282519874
0.4,31,1.6,5.0,1.8,3.2463124087094526,5.843362335677015,0.08556717370532008,0.5476299117140485,1.2523700882859514,12.566370614359174,14.636104408437253,183.92271234687865
0.4,31,1.7,5.0,1.8,3.2463124087094526,5.843362335677015,0.08556717370532008,0.5476299117140485,1.2523700882859514,13.351768777756622,14.636104408437253,195.41788186855857
0.4,31,1.8,5.0,1.8,3.2463124087094526,5.843362335677015,0.08556717370532008,0.5476299117140485,1.2523700882859514,14.13716694115407,14.636104408437253,206.9130513902385
0.4,31,1.9,5.0,1.8,3.2463124087094526,5.843362335677015,0.08556717370532008,0.5476299117140485,1.2523700882859514,14.922565104551516,14.636104408437253,218.40822091191836
0.4,31,2.0,5.0,1.8,3.2463124087094526,5.843362335677015,0.08556717370532008,0.5476299117140485,1.2523700882859514,15.707963267948967,14.636104408437253,229.90339043359833
0.4,32,0.1,5.0,1.8,3.3510321638291125,6.031857894892402,0.08289319952702882,0.5305164769729844,1.2694835230270156,0.7853981633974484,15.31468842161265,12.028128159338744
0.4,32,0.2,5.0,1.8,3.3510321638291125,6.031857894892402,0.08289319952702882,0.5305164769729844,1.2694835230270156,1.5707963267948968,15.31468842161265,24.056256318677487
0.4,32,0.3,5.0,1.8,3.3510321638291125,6.031857894892402,0.08289319952702882,0.5305164769729844,1.2694835230270156,2.356194490192345,15.31468842161265,36.084384478016226
0.4,32,0.4,5.0,1.8,3.3510321638291125,6.031857894892402,0.08289319952702882,0.5305164769729844,1.2694835230270156,3.1415926535897936,15.31468842161265,48.112512637354975
0.4,32,0.5,5.0,1.8,3.3510321638291125,6.031857894892402,0.08289319952702882,0.5305164769729844,1.2694835230270156,3.926990816987242,15.31468842161265,60.14064079669372
0.4,32,0.6,5.0,1.8,3.3510321638291125,6.031857894892402,0.08289319952702882,0.5305164769729844,1.2694835230270156,4.71238898038469,15.31468842161265,72.16876895603245
0.4,32,0.7,5.0,1.8,3.3510321638291125,6.031857894892402,0.08289319952702882,0.5305164769729844,1.2694835230270156,5.497787143782138,15.31468842161265,84.1968971153712
0.4,32,0.8,5.0,1.8,3.3510321638291125,6.031857894892402,0.08289319952702882,0.5305164769729844,1.2694835230270156,6.283185307179587,15.31468842161265,96.22502527470995
0.4,32,0.9,5.0,1.8,3.3510321638291125,6.031857894892402,0.08289319952702882,0.5305164769729844,1.2694835230270156,7.068583470577035,15.31468842161265,108.2531534340487
0.4,32,1.0,5.0,1.8,3.3510321638291125,6.031857894892402,0.08289319952702882,0.5305164769729844,1.2694835230270156,7.853981633974484,15.31468842161265,120.28128159338743
0.4,32,1.1,5.0,1.8,3.3510321638291125,6.031857894892402,0.08289319952702882,0.5305164769729844,1.2694835230270156,8.639379797371934,15.31468842161265,132.3094097527262
0.4,32,1.2,5.0,1.8,3.3510321638291125,6.031857894892402,0.08289319952702882,0.5305164769729844,1.2694835230270156,9.42477796076938,15.31468842161265,144.3375379120649
0.4,32,1.3,5.0,1.8,3.3510321638291125,6.031857894892402,0.08289319952702882,0.5305164769729844,1.2694835230270156,10.210176124166829,15.31468842161265,156.36566607140367
0.4,32,1.4,5.0,1.8,3.3510321638291125,6.031857894892402,0.08289319952702882,0.5305164769729844,1.2694835230270156,10.995574287564276,15.31468842161265,168.3937942307424
0.4,32,1.5,5.0,1.8,3.3510321638291125,6.031857894892402,0.08289319952702882,0.5305164769729844,1.2694835230270156,11.780972450961725,15.31468842161265,180.42192239008114
0.4,32,1.6,5.0,1.8,3.3510321638291125,6.031857894892402,0.08289319952702882,0.5305164769729844,1.2694835230270156,12.566370614359174,15.31468842161265,192.4500505494199
0.4,32,1.7,5.0,1.8,3.3510321638291125,6.031857894892402,0.08289319952702882,0.5305164769729844,1.2694835230270156,13.351768777756622,15.31468842161265,204.47817870875863
0.4,32,1.8,5.0,1.8,3.3510321638291125,6.031857894892402,0.08289319952702882,0.5305164769729844,1.2694835230270156,14.13716694115407,15.31468842161265,216.5063068680974
0.4,32,1.9,5.0,1.8,3.3510321638291125,6.031857894892402,0.08289319952702882,0.5305164769729844,1.2694835230270156,14.922565104551516,15.31468842161265,228.53443502743607
0.4,32,2.0,5.0,1.8,3.3510321638291125,6.031857894892402,0.08289319952702882,0.5305164769729844,1.2694835230270156,15.707963267948967,15.31468842161265,240.56256318677487
0.4,33,0.1,5.0,1.8,3.4557519189487724,6.220353454107791,0.08038128438984612,0.5144402200950152,1.2855597799049847,0.7853981633974484,15.993272434788047,12.56108679699757
0.4,33,0.2,5.0,1.8,3.4557519189487724,6.220353454107791,0.08038128438984612,0.5144402200950152,1.2855597799049847,1.5707963267948968,15.993272434788047,25.12217359399514
0.4,33,0.3,5.0,1.8,3.4557519189487724,6.220353454107791,0.08038128438984612,0.5144402200950152,1.2855597799049847,2.356194490192345,15.993272434788047,37.6832603909927
0.4,33,0.4,5.0,1.8,3.4557519189487724,6.220353454107791,0.08038128438984612,0.5144402200950152,1.2855597799049847,3.1415926535897936,15.993272434788047,50.24434718799028
0.4,33,0.5,5.0,1.8,3.4557519189487724,6.220353454107791,0.08038128438984612,0.5144402200950152,1.2855597799049847,3.926990816987242,15.993272434788047,62.80543398498784
0.4,33,0.6,5.0,1.8,3.4557519189487724,6.220353454107791,0.08038128438984612,0.5144402200950152,1.2855597799049847,4.71238898038469,15.993272434788047,75.3665207819854
0.4,33,0.7,5.0,1.8,3.4557519189487724,6.220353454107791,0.08038128438984612,0.5144402200950152,1.2855597799049847,5.497787143782138,15.993272434788047,87.92760757898297
0.4,33,0.8,5.0,1.8,3.4557519189487724,6.220353454107791,0.08038128438984612,0.5144402200950152,1.2855597799049847,6.283185307179587,15.993272434788047,100.48869437598056
0.4,33,0.9,5.0,1.8,3.4557519189487724,6.220353454107791,0.08038128438984612,0.5144402200950152,1.2855597799049847,7.068583470577035,15.993272434788047,113.04978117297813
0.4,33,1.0,5.0,1.8,3.4557519189487724,6.220353454107791,0.08038128438984612,0.5144402200950152,1.2855597799049847,7.853981633974484,15.993272434788047,125.61086796997569
0.4,33,1.1,5.0,1.8,3.4557519189487724,6.220353454107791,0.08038128438984612,0.5144402200950152,1.2855597799049847,8.639379797371934,15.993272434788047,138.1719547669733
0.4,33,1.2,5.0,1.8,3.4557519189487724,6.220353454107791,0.08038128438984612,0.5144402200950152,1.2855597799049847,9.42477796076938,15.993272434788047,150.7330415639708
0.4,33,1.3,5.0,1.8,3.4557519189487724,6.220353454107791,0.08038128438984612,0.5144402200950152,1.2855597799049847,10.210176124166829,15.993272434788047,163.2941283609684
0.4,33,1.4,5.0,1.8,3.4557519189487724,6.220353454107791,0.08038128438984612,0.5144402200950152,1.2855597799049847,10.995574287564276,15.993272434788047,175.85521515796594
0.4,33,1.5,5.0,1.8,3.4557519189487724,6.220353454107791,0.08038128438984612,0.5144402200950152,1.2855597799049847,11.780972450961725,15.993272434788047,188.41630195496353
0.4,33,1.6,5.0,1.8,3.4557519189487724,6.220353454107791,0.08038128438984612,0.5144402200950152,1.2855597799049847,12.566370614359174,15.993272434788047,200.97738875196112
0.4,33,1.7,5.0,1.8,3.4557519189487724,6.220353454107791,0.08038128438984612,0.5144402200950152,1.2855597799049847,13.351768777756622,15.993272434788047,213.53847554895867
0.4,33,1.8,5.0,1.8,3.4557519189487724,6.220353454107791,0.08038128438984612,0.5144402200950152,1.2855597799049847,14.13716694115407,15.993272434788047,226.09956234595626
0.4,33,1.9,5.0,1.8,3.4557519189487724,6.220353454107791,0.08038128438984612,0.5144402200950152,1.2855597799049847,14.922565104551516,15.993272434788047,238.66064914295376
0.4,33,2.0,5.0,1.8,3.4557519189487724,6.220353454107791,0.08038128438984612,0.5144402200950152,1.2855597799049847,15.707963267948967,15.993272434788047,251.22173593995137
0.4,34,0.1,5.0,1.8,3.5604716740684323,6.408849013323178,0.07801712896661536,0.6241370317329229,1.1758629682670771,0.7853981633974484,15.071856447963441,11.837408373220477
0.4,34,0.2,5.0,1.8,3.5604716740684323,6.408849013323178,0.07801712896661536,0.6241370317329229,1.1758629682670771,1.5707963267948968,15.071856447963441,23.674816746440953
0.4,34,0.3,5.0,1.8,3.5604716740684323,6.408849013323178,0.07801712896661536,0.6241370317329229,1.1758629682670771,2.356194490192345,15.071856447963441,35.51222511966142
0.4,34,0.4,5.0,1.8,3.5604716740684323,6.408849013323178,0.07801712896661536,0.6241370317329229,1.1758629682670771,3.1415926535897936,15.071856447963441,47.34963349288191
0.4,34,0.5,5.0,1.8,3.5604716740684323,6.408849013323178,0.07801712896661536,0.6241370317329229,1.1758629682670771,3.926990816987242,15.071856447963441,59.18704186610238
0.4,34,0.6,5.0,1.8,3.5604716740684323,6.408849013323178,0.07801712896661536,0.6241370317329229,1.1758629682670771,4.71238898038469,15.071856447963441,71.02445023932285
0.4,34,0.7,5.0,1.8,3.5604716740684323,6.408849013323178,0.07801712896661536,0.6241370317329229,1.1758629682670771,5.497787143782138,15.071856447963441,82.86185861254333
0.4,34,0.8,5.0,1.8,3.5604716740684323,6.408849013323178,0.07801712896661536,0.6241370317329229,1.1758629682670771,6.283185307179587,15.071856447963441,94.69926698576381
0.4,34,0.9,5.0,1.8,3.5604716740684323,6.408849013323178,0.07801712896661536,0.6241370317329229,1.1758629682670771,7.068583470577035,15.071856447963441,106.53667535898428
0.4,34,1.0,5.0,1.8,3.5604716740684323,6.408849013323178,0.07801712896661536,0.6241370317329229,1.1758629682670771,7.853981633974484,15.071856447963441,118.37408373220477
0.4,34,1.1,5.0,1.8,3.5604716740684323,6.408849013323178,0.07801712896661536,0.6241370317329229,1.1758629682670771,8.639379797371934,15.071856447963441,130.21149210542526
0.4,34,1.2,5.0,1.8,3.5604716740684323,6.408849013323178,0.07801712896661536,0.6241370317329229,1.1758629682670771,9.42477796076938,15.071856447963441,142.0489004786457
0.4,34,1.3,5.0,1.8,3.5604716740684323,6.408849013323178,0.07801712896661536,0.6241370317329229,1.1758629682670771,10.210176124166829,15.071856447963441,153.88630885186618
0.4,34,1.4,5.0,1.8,3.5604716740684323,6.408849013323178,0.07801712896661536,0.6241370317329229,1.1758629682670771,10.995574287564276,15.071856447963441,165.72371722508666
0.4,34,1.5,5.0,1.8,3.5604716740684323,6.408849013323178,0.07801712896661536,0.6241370317329229,1.1758629682670771,11.780972450961725,15.071856447963441,177.56112559830714
0.4,34,1.6,5.0,1.8,3.5604716740684323,6.408849013323178,0.07801712896661536,0.6241370317329229,1.1758629682670771,12.566370614359174,15.071856447963441,189.39853397152763
0.4,34,1.7,5.0,1.8,3.5604716740684323,6.408849013323178,0.07801712896661536,0.6241370317329229,1.1758629682670771,13.351768777756622,15.071856447963441,201.23594234474808
0.4,34,1.8,5.0,1.8,3.5604716740684323,6.408849013323178,0.07801712896661536,0.6241370317329229,1.1758629682670771,14.13716694115407,15.071856447963441,213.07335071796857
0.4,34,1.9,5.0,1.8,3.5604716740684323,6.408849013323178,0.07801712896661536,0.6241370317329229,1.1758629682670771,14.922565104551516,15.071856447963441,224.91075909118902
0.4,34,2.0,5.0,1.8,3.5604716740684323,6.408849013323178,0.07801712896661536,0.6241370317329229,1.1758629682670771,15.707963267948967,15.071856447963441,236.74816746440953
0.4,35,0.1,5.0,1.8,3.665191429188092,6.5973445725385655,0.07578806813899779,0.6063045451119822,1.1936954548880179,0.7853981633974484,15.750440461138837,12.370367010879303
0.4,35,0.2,5.0,1.8,3.665191429188092,6.5973445725385655,0.07578806813899779,0.6063045451119822,1.1936954548880179,1.5707963267948968,15.750440461138837,24.740734021758605
0.4,35,0.3,5.0,1.8,3.665191429188092,6.5973445725385655,0.07578806813899779,0.6063045451119822,1.1936954548880179,2.356194490192345,15.750440461138837,37.111101032637904
0.4,35,0.4,5.0,1.8,3.665191429188092,6.5973445725385655,0.07578806813899779,0.6063045451119822,1.1936954548880179,3.1415926535897936,15.750440461138837,49.48146804351721
0.4,35,0.5,5.0,1.8,3.665191429188092,6.5973445725385655,0.07578806813899779,0.6063045451119822,1.1936954548880179,3.926990816987242,15.750440461138837,61.85183505439651
0.4,35,0.6,5.0,1.8,3.665191429188092,6.5973445725385655,0.07578806813899779,0.6063045451119822,1.1936954548880179,4.71238898038469,15.750440461138837,74.22220206527581
0.4,35,0.7,5.0,1.8,3.665191429188092,6.5973445725385655,0.07578806813899779,0.6063045451119822,1.1936954548880179,5.497787143782138,15.750440461138837,86.5925690761551
0.4,35,0.8,5.0,1.8,3.665191429188092,6.5973445725385655,0.07578806813899779,0.6063045451119822,1.1936954548880179,6.283185307179587,15.750440461138837,98.96293608703442
0.4,35,0.9,5.0,1.8,3.665191429188092,6.5973445725385655,0.07578806813899779,0.6063045451119822,1.1936954548880179,7.068583470577035,15.750440461138837,111.33330309791371
0.4,35,1.0,5.0,1.8,3.665191429188092,6.5973445725385655,0.07578806813899779,0.6063045451119822,1.1936954548880179,7.853981633974484,15.750440461138837,123.70367010879302
0.4,35,1.1,5.0,1.8,3.665191429188092,6.5973445725385655,0.07578806813899779,0.6063045451119822,1.1936954548880179,8.639379797371934,15.750440461138837,136.07403711967234
0.4,35,1.2,5.0,1.8,3.665191429188092,6.5973445725385655,0.07578806813899779,0.6063045451119822,1.1936954548880179,9.42477796076938,15.750440461138837,148.44440413055162
0.4,35,1.3,5.0,1.8,3.665191429188092,6.5973445725385655,0.07578806813899779,0.6063045451119822,1.1936954548880179,10.210176124166829,15.750440461138837,160.81477114143092
0.4,35,1.4,5.0,1.8,3.665191429188092,6.5973445725385655,0.07578806813899779,0.6063045451119822,1.1936954548880179,10.995574287564276,15.750440461138837,173.1851381523102
0.4,35,1.5,5.0,1.8,3.665191429188092,6.5973445725385655,0.07578806813899779,0.6063045451119822,1.1936954548880179,11.780972450961725,15.750440461138837,185.55550516318954
0.4,35,1.6,5.0,1.8,3.665191429188092,6.5973445725385655,0.07578806813899779,0.6063045451119822,1.1936954548880179,12.566370614359174,15.750440461138837,197.92587217406884
0.4,35,1.7,5.0,1.8,3.665191429188092,6.5973445725385655,0.07578806813899779,0.6063045451119822,1.1936954548880179,13.351768777756622,15.750440461138837,210.29623918494812
0.4,35,1.8,5.0,1.8,3.665191429188092,6.5973445725385655,0.07578806813899779,0.6063045451119822,1.1936954548880179,14.13716694115407,15.750440461138837,222.66660619582743
0.4,35,1.9,5.0,1.8,3.665191429188092,6.5973445725385655,0.07578806813899779,0.6063045451119822,1.1936954548880179,14.922565104551516,15.750440461138837,235.0369732067067
0.4,35,2.0,5.0,1.8,3.665191429188092,6.5973445725385655,0.07578806813899779,0.6063045451119822,1.1936954548880179,15.707963267948967,15.750440461138837,247.40734021758604
0.5,10,0.1,5.0,1.8,1.0471975511965976,1.8849555921538759,0.2652582384864922,0.8488263631567752,0.9511736368432249,0.9817477042468105,3.5858401317539537,3.5203903171455244
0.5,10,0.2,5.0,1.8,1.0471975511965976,1.8849555921538759,0.2652582384864922,0.8488263631567752,0.9511736368432249,1.963495408493621,3.5858401317539537,7.040780634291049
0.5,10,0.3,5.0,1.8,1.0471975511965976,1.8849555921538759,0.2652582384864922,0.8488263631567752,0.9511736368432249,2.945243112740431,3.5858401317539537,10.561170951436571
0.5,10,0.4,5.0,1.8,1.0471975511965976,1.8849555921538759,0.2652582384864922,0.8488263631567752,0.9511736368432249,3.926990816987242,3.5858401317539537,14.081561268582098
0.5,10,0.5,5.0,1.8,1.0471975511965976,1.8849555921538759,0.2652582384864922,0.8488263631567752,0.9511736368432249,4.908738521234052,3.5858401317539537,17.60195158572762
0.5,10,0.6,5.0,1.8,1.0471975511965976,1.8849555921538759,0.2652582384864922,0.8488263631567752,0.9511736368432249,5.890486225480862,3.5858401317539537,21.122341902873142
0.5,10,0.7,5.0,1.8,1.0471975511965976,1.8849555921538759,0.2652582384864922,0.8488263631567752,0.9511736368432249,6.872233929727671,3.5858401317539537,24.642732220018665
0.5,10,0.8,5.0,1.8,1.0471975511965976,1.8849555921538759,0.2652582384864922,0.8488263631567752,0.9511736368432249,7.853981633974484,3.5858401317539537,28.163122537164195
0.5,10,0.9,5.0,1.8,1.0471975511965976,1.8849555921538759,0.2652582384864922,0.8488263631567752,0.9511736368432249,8.835729338221293,3.5858401317539537,31.683512854309715
0.5,10,1.0,5.0,1.8,1.0471975511965976,1.8849555921538759,0.2652582384864922,0.8488263631567752,0.9511736368432249,9.817477042468104,3.5858401317539537,35.20390317145524
0.5,10,1.1,5.0,1.8,1.0471975511965976,1.8849555921538759,0.2652582384864922,0.8488263631567752,0.9511736368432249,10.799224746714915,3.5858401317539537,38.724293488600765
0.5,10,1.2,5.0,1.8,1.0471975511965976,1.8849555921538759,0.2652582384864922,0.8488263631567752,0.9511736368432249,11.780972450961723,3.5858401317539537,42.244683805746284
0.5,10,1.3,5.0,1.8,1.0471975511965976,1.8849555921538759,0.2652582384864922,0.8488263631567752,0.9511736368432249,12.762720155208536,3.5858401317539537,45.76507412289182
0.5,10,1.4,5.0,1.8,1.0471975511965976,1.8849555921538759,0.2652582384864922,0.8488263631567752,0.9511736368432249,13.744467859455343,3.5858401317539537,49.28546444003733
0.5,10,1.5,5.0,1.8,1.0471975511965976,1.8849555921538759,0.2652582384864922,0.8488263631567752,0.9511736368432249,14.726215563702155,3.5858401317539537,52.80585475718286
0.5,10,1.6,5.0,1.8,1.0471975511965976,1.8849555921538759,0.2652582384864922,0.8488263631567752,0.9511736368432249,15.707963267948967,3.5858401317539537,56.32624507432839
0.5,10,1.7,5.0,1.8,1.0471975511965976,1.8849555921538759,0.2652582384864922,0.8488263631567752,0.9511736368432249,16.689710972195776,3.5858401317539537,59.84663539147391
0.5,10,1.8,5.0,1.8,1.0471975511965976,1.8849555921538759,0.2652582384864922,0.8488263631567752,0.9511736368432249,17.671458676442587,3.5858401317539537,63.36702570861943
0.5,10,1.9,5.0,1.8,1.0471975511965976,1.8849555921538759,0.2652582384864922,0.8488263631567752,0.9511736368432249,18.653206380689394,3.5858401317539537,66.88741602576495
0.5,10,2.0,5.0,1.8,1.0471975511965976,1.8849555921538759,0.2652582384864922,0.8488263631567752,0.9511736368432249,19.634954084936208,3.5858401317539537,70.40780634291048
0.5,11,0.1,5.0,1.8,1.1519173063162573,2.0734511513692633,0.24114385316953843,0.7716603301425229,1.0283396698574772,0.9817477042468105,4.264424144929348,4.186588614219055
0.5,11,0.2,5.0,1.8,1.1519173063162573,2.0734511513692633,0.24114385316953843,0.7716603301425229,1.0283396698574772,1.963495408493621,4.264424144929348,8.37317722843811
0.5,11,0.3,5.0,1.8,1.1519173063162573,2.0734511513692633,0.24114385316953843,0.7716603301425229,1.0283396698574772,2.945243112740431,4.264424144929348,12.559765842657162
0.5,11,0.4,5.0,1.8,1.1519173063162573,2.0734511513692633,0.24114385316953843,0.7716603301425229,1.0283396698574772,3.926990816987242,4.264424144929348,16.74635445687622
0.5,11,0.5,5.0,1.8,1.1519173063162573,2.0734511513692633,0.24114385316953843,0.7716603301425229,1.0283396698574772,4.908738521234052,4.264424144929348,20.932943071095274
0.5,11,0.6,5.0,1.8,1.1519173063162573,2.0734511513692633,0.24114385316953843,0.7716603301425229,1.0283396698574772,5.890486225480862,4.264424144929348,25.119531685314325
0.5,11,0.7,5.0,1.8,1.1519173063162573,2.0734511513692633,0.24114385316953843,0.7716603301425229,1.0283396698574772,6.872233929727671,4.264424144929348,29.306120299533376
0.5,11,0.8,5.0,1.8,1.1519173063162573,2.0734511513692633,0.24114385316953843,0.7716603301425229,1.0283396698574772,7.853981633974484,4.264424144929348,33.49270891375244
0.5,11,0.9,5.0,1.8,1.1519173063162573,2.0734511513692633,0.24114385316953843,0.7716603301425229,1.0283396698574772,8.835729338221293,4.264424144929348,37.67929752797149
0.5,11,1.0,5.0,1.8,1.1519173063162573,2.0734511513692633,0.24114385316953843,0.7716603301425229,1.0283396698574772,9.817477042468104,4.264424144929348,41.86588614219055
0.5,11,1.1,5.0,1.8,1.1519173063162573,2.0734511513692633,0.24114385316953843,0.7716603301425229,1.0283396698574772,10.799224746714915,4.264424144929348,46.0524747564096
0.5,11,1.2,5.0,1.8,1.1519173063162573,2.0734511513692633,0.24114385316953843,0.7716603301425229,1.0283396698574772,11.780972450961723,4.264424144929348,50.23906337062865
0.5,11,1.3,5.0,1.8,1.1519173063162573,2.0734511513692633,0.24114385316953843,0.7716603301425229,1.0283396698574772,12.762720155208536,4.264424144929348,54.42565198484771
0.5,11,1.4,5.0,1.8,1.1519173063162573,2.0734511513692633,0.24114385316953843,0.7716603301425229,1.0283396698574772,13.744467859455343,4.264424144929348,58.61224059906675
0.5,11,1.5,5.0,1.8,1.1519173063162573,2.0734511513692633,0.24114385316953843,0.7716603301425229,1.0283396698574772,14.726215563702155,4.264424144929348,62.79882921328581
0.5,11,1.6,5.0,1.8,1.1519173063162573,2.0734511513692633,0.24114385316953843,0.7716603301425229,1.0283396698574772,15.707963267948967,4.264424144929348,66.98541782750488
0.5,11,1.7,5.0,1.8,1.1519173063162573,2.0734511513692633,0.24114385316953843,0.7716603301425229,1.0283396698574772,16.689710972195776,4.264424144929348,71.17200644172392
0.5,11,1.8,5.0,1.8,1.1519173063162573,2.0734511513692633,0.24114385316953843,0.7716603301425229,1.0283396698574772,17.671458676442587,4.264424144929348,75.35859505594298
0.5,11,1.9,5.0,1.8,1.1519173063162573,2.0734511513692633,0.24114385316953843,0.7716603301425229,1.0283396698574772,18.653206380689394,4.264424144929348,79.54518367016202
0.5,11,2.0,5.0,1.8,1.1519173063162573,2.0734511513692633,0.24114385316953843,0.7716603301425229,1.0283396698574772,19.634954084936208,4.264424144929348,83.7317722843811
0.5,12,0.1,5.0,1.8,1.2566370614359172,2.261946710584651,0.22104853207207686,0.7073553026306459,1.0926446973693542,0.9817477042468105,4.943008158104744,4.852786911292588
0.5,12,0.2,5.0,1.8,1.2566370614359172,2.261946710584651,0.22104853207207686,0.7073553026306459,1.0926446973693542,1.963495408493621,4.943008158104744,9.705573822585176
0.5,12,0.3,5.0,1.8,1.2566370614359172,2.261946710584651,0.22104853207207686,0.7073553026306459,1.0926446973693542,2.945243112740431,4.943008158104744,14.55836073387776
0.5,12,0.4,5.0,1.8,1.2566370614359172,2.261946710584651,0.22104853207207686,0.7073553026306459,1.0926446973693542,3.926990816987242,4.943008158104744,19.411147645170352
0.5,12,0.5,5.0,1.8,1.2566370614359172,2.261946710584651,0.22104853207207686,0.7073553026306459,1.0926446973693542,4.908738521234052,4.943008158104744,24.26393455646294
0.5,12,0.6,5.0,1.8,1.2566370614359172,2.261946710584651,0.22104853207207686,0.7073553026306459,1.0926446973693542,5.890486225480862,4.943008158104744,29.11672146775552
0.5,12,0.7,5.0,1.8,1.2566370614359172,2.261946710584651,0.22104853207207686,0.7073553026306459,1.0926446973693542,6.872233929727671,4.943008158104744,33.96950837904811
0.5,12,0.8,5.0,1.8,1.2566370614359172,2.261946710584651,0.22104853207207686,0.7073553026306459,1.0926446973693542,7.853981633974484,4.943008158104744,38.822295290340705
0.5,12,0.9,5.0,1.8,1.2566370614359172,2.261946710584651,0.22104853207207686,0.7073553026306459,1.0926446973693542,8.835729338221293,4.943008158104744,43.67508220163329
0.5,12,1.0,5.0,1.8,1.2566370614359172,2.261946710584651,0.22104853207207686,0.7073553026306459,1.0926446973693542,9.817477042468104,4.943008158104744,48.52786911292588
0.5,12,1.1,5.0,1.8,1.2566370614359172,2.261946710584651,0.22104853207207686,0.7073553026306459,1.0926446973693542,10.799224746714915,4.943008158104744,53.38065602421846
0.5,12,1.2,5.0,1.8,1.2566370614359172,2.261946710584651,0.22104853207207686,0.7073553026306459,1.0926446973693542,11.780972450961723,4.943008158104744,58.23344293551104
0.5,12,1.3,5.0,1.8,1.2566370614359172,2.261946710584651,0.22104853207207686,0.7073553026306459,1.0926446973693542,12.762720155208536,4.943008158104744,63.08622984680364
0.5,12,1.4,5.0,1.8,1.2566370614359172,2.261946710584651,0.22104853207207686,0.7073553026306459,1.0926446973693542,13.744467859455343,4.943008158104744,67.93901675809622
0.5,12,1.5,5.0,1.8,1.2566370614359172,2.261946710584651,0.22104853207207686,0.7073553026306459,1.0926446973693542,14.726215563702155,4.943008158104744,72.79180366938881
0.5,12,1.6,5.0,1.8,1.2566370614359172,2.261946710584651,0.22104853207207686,0.7073553026306459,1.0926446973693542,15.707963267948967,4.943008158104744,77.64459058068141
0.5,12,1.7,5.0,1.8,1.2566370614359172,2.261946710584651,0.22104853207207686,0.7073553026306459,1.0926446973693542,16.689710972195776,4.943008158104744,82.49737749197398
0.5,12,1.8,5.0,1.8,1.2566370614359172,2.261946710584651,0.22104853207207686,0.7073553026306459,1.0926446973693542,17.671458676442587,4.943008158104744,87.35016440326658
0.5,12,1.9,5.0,1.8,1.2566370614359172,2.261946710584651,0.22104853207207686,0.7073553026306459,1.0926446973693542,18.653206380689394,4.943008158104744,92.20295131455914
0.5,12,2.0,5.0,1.8,1.2566370614359172,2.261946710584651,0.22104853207207686,0.7073553026306459,1.0926446973693542,19.634954084936208,4.943008158104744,97.05573822585175
0.5,13,0.1,5.0,1.8,1.3613568165555772,2.450442269800039,0.20404479883576324,0.6529433562744423,1.1470566437255578,0.9817477042468105,5.621592171280141,5.518985208366121
0.5,13,0.2,5.0,1.8,1.3613568165555772,2.450442269800039,0.20404479883576324,0.6529433562744423,1.1470566437255578,1.963495408493621,5.621592171280141,11.037970416732241
0.5,13,0.3,5.0,1.8,1.3613568165555772,2.450442269800039,0.20404479883576324,0.6529433562744423,1.1470566437255578,2.945243112740431,5.621592171280141,16.55695562509836
0.5,13,0.4,5.0,1.8,1.3613568165555772,2.450442269800039,0.20404479883576324,0.6529433562744423,1.1470566437255578,3.926990816987242,5.621592171280141,22.075940833464482
0.5,13,0.5,5.0,1.8,1.3613568165555772,2.450442269800039,0.20404479883576324,0.6529433562744423,1.1470566437255578,4.908738521234052,5.621592171280141,27.5949260418306
0.5,13,0.6,5.0,1.8,1.3613568165555772,2.450442269800039,0.20404479883576324,0.6529433562744423,1.1470566437255578,5.890486225480862,5.621592171280141,33.11391125019672
0.5,13,0.7,5.0,1.8,1.3613568165555772,2.450442269800039,0.20404479883576324,0.6529433562744423,1.1470566437255578,6.872233929727671,5.621592171280141,38.63289645856283
0.5,13,0.8,5.0,1.8,1.3613568165555772,2.450442269800039,0.20404479883576324,0.6529433562744423,1.1470566437255578,7.853981633974484,5.621592171280141,44.151881666928965
0.5,13,0.9,5.0,1.8,1.3613568165555772,2.450442269800039,0.20404479883576324,0.6529433562744423,1.1470566437255578,8.835729338221293,5.621592171280141,49.67086687529508
0.5,13,1.0,5.0,1.8,1.3613568165555772,2.450442269800039,0.20404479883576324,0.6529433562744423,1.1470566437255578,9.817477042468104,5.621592171280141,55.1898520836612
0.5,13,1.1,5.0,1.8,1.3613568165555772,2.450442269800039,0.20404479883576324,0.6529433562744423,1.1470566437255578,10.799224746714915,5.621592171280141,60.708837292027326
0.5,13,1.2,5.0,1.8,1.3613568165555772,2.450442269800039,0.20404479883576324,0.6529433562744423,1.1470566437255578,11.780972450961723,5.621592171280141,66.22782250039344
0.5,13,1.3,5.0,1.8,1.3613568165555772,2.450442269800039,0.20404479883576324,0.6529433562744423,1.1470566437255578,12.762720155208536,5.621592171280141,71.74680770875956
0.5,13,1.4,5.0,1.8,1.3613568165555772,2.450442269800039,0.20404479883576324,0.6529433562744423,1.1470566437255578,13.744467859455343,5.621592171280141,77.26579291712567
0.5,13,1.5,5.0,1.8,1.3613568165555772,2.450442269800039,0.20404479883576324,0.6529433562744423,1.1470566437255578,14.726215563702155,5.621592171280141,82.7847781254918
0.5,13,1.6,5.0,1.8,1.3613568165555772,2.450442269800039,0.20404479883576324,0.6529433562744423,1.1470566437255578,15.707963267948967,5.621592171280141,88.30376333385793
0.5,13,1.7,5.0,1.8,1.3613568165555772,2.450442269800039,0.20404479883576324,0.6529433562744423,1.1470566437255578,16.689710972195776,5.621592171280141,93.82274854222405
0.5,13,1.8,5.0,1.8,1.3613568165555772,2.450442269800039,0.20404479883576324,0.6529433562744423,1.1470566437255578,17.671458676442587,5.621592171280141,99.34173375059017
0.5,13,1.9,5.0,1.8,1.3613568165555772,2.450442269800039,0.20404479883576324,0.6529433562744423,1.1470566437255578,18.653206380689394,5.621592171280141,104.86071895895627
0.5,13,2.0,5.0,1.8,1.3613568165555772,2.450442269800039,0.20404479883576324,0.6529433562744423,1.1470566437255578,19.634954084936208,5.621592171280141,110.3797041673224
0.5,14,0.1,5.0,1.8,1.4660765716752369,2.6389378290154264,0.18947017034749444,0.6063045451119822,1.1936954548880179,0.9817477042468105,6.300176184455536,6.185183505439652
0.5,14,0.2,5.0,1.8,1.4660765716752369,2.6389378290154264,0.18947017034749444,0.6063045451119822,1.1936954548880179,1.963495408493621,6.300176184455536,12.370367010879304
0.5,14,0.3,5.0,1.8,1.4660765716752369,2.6389378290154264,0.18947017034749444,0.6063045451119822,1.1936954548880179,2.945243112740431,6.300176184455536,18.555550516318952
0.5,14,0.4,5.0,1.8,1.4660765716752369,2.6389378290154264,0.18947017034749444,0.6063045451119822,1.1936954548880179,3.926990816987242,6.300176184455536,24.74073402175861
0.5,14,0.5,5.0,1.8,1.4660765716752369,2.6389378290154264,0.18947017034749444,0.6063045451119822,1.1936954548880179,4.908738521234052,6.300176184455536,30.92591752719826
0.5,14,0.6,5.0,1.8,1.4660765716752369,2.6389378290154264,0.18947017034749444,0.6063045451119822,1.1936954548880179,5.890486225480862,6.300176184455536,37.111101032637904
0.5,14,0.7,5.0,1.8,1.4660765716752369,2.6389378290154264,0.18947017034749444,0.6063045451119822,1.1936954548880179,6.872233929727671,6.300176184455536,43.29628453807755
0.5,14,0.8,5.0,1.8,1.4660765716752369,2.6389378290154264,0.18947017034749444,0.6063045451119822,1.1936954548880179,7.853981633974484,6.300176184455536,49.48146804351722
0.5,14,0.9,5.0,1.8,1.4660765716752369,2.6389378290154264,0.18947017034749444,0.6063045451119822,1.1936954548880179,8.835729338221293,6.300176184455536,55.666651548956864
0.5,14,1.0,5.0,1.8,1.4660765716752369,2.6389378290154264,0.18947017034749444,0.6063045451119822,1.1936954548880179,9.817477042468104,6.300176184455536,61.85183505439652
0.5,14,1.1,5.0,1.8,1.4660765716752369,2.6389378290154264,0.18947017034749444,0.6063045451119822,1.1936954548880179,10.799224746714915,6.300176184455536,68.03701855983617
0.5,14,1.2,5.0,1.8,1.4660765716752369,2.6389378290154264,0.18947017034749444,0.6063045451119822,1.1936954548880179,11.780972450961723,6.300176184455536,74.22220206527581
0.5,14,1.3,5.0,1.8,1.4660765716752369,2.6389378290154264,0.18947017034749444,0.6063045451119822,1.1936954548880179,12.762720155208536,6.300176184455536,80.40738557071548
0.5,14,1.4,5.0,1.8,1.4660765716752369,2.6389378290154264,0.18947017034749444,0.6063045451119822,1.1936954548880179,13.744467859455343,6.300176184455536,86.5925690761551
0.5,14,1.5,5.0,1.8,1.4660765716752369,2.6389378290154264,0.18947017034749444,0.6063045451119822,1.1936954548880179,14.726215563702155,6.300176184455536,92.77775258159477
0.5,14,1.6,5.0,1.8,1.4660765716752369,2.6389378290154264,0.18947017034749444,0.6063045451119822,1.1936954548880179,15.707963267948967,6.300176184455536,98.96293608703444
0.5,14,1.7,5.0,1.8,1.4660765716752369,2.6389378290154264,0.18947017034749444,0.6063045451119822,1.1936954548880179,16.689710972195776,6.300176184455536,105.14811959247407
0.5,14,1.8,5.0,1.8,1.4660765716752369,2.6389378290154264,0.18947017034749444,0.6063045451119822,1.1936954548880179,17.671458676442587,6.300176184455536,111.33330309791373
0.5,14,1.9,5.0,1.8,1.4660765716752369,2.6389378290154264,0.18947017034749444,0.6063045451119822,1.1936954548880179,18.653206380689394,6.300176184455536,117.51848660335335
0.5,14,2.0,5.0,1.8,1.4660765716752369,2.6389378290154264,0.18947017034749444,0.6063045451119822,1.1936954548880179,19.634954084936208,6.300176184455536,123.70367010879303
0.5,15,0.1,5.0,1.8,1.5707963267948963,2.8274333882308134,0.1768388256576615,0.5658842421045168,1.2341157578954833,0.9817477042468105,6.97876019763093,6.851381802513182
0.5,15,0.2,5.0,1.8,1.5707963267948963,2.8274333882308134,0.1768388256576615,0.5658842421045168,1.2341157578954833,1.963495408493621,6.97876019763093,13.702763605026364
0.5,15,0.3,5.0,1.8,1.5707963267948963,2.8274333882308134,0.1768388256576615,0.5658842421045168,1.2341157578954833,2.945243112740431,6.97876019763093,20.554145407539544
0.5,15,0.4,5.0,1.8,1.5707963267948963,2.8274333882308134,0.1768388256576615,0.5658842421045168,1.2341157578954833,3.926990816987242,6.97876019763093,27.40552721005273
0.5,15,0.5,5.0,1.8,1.5707963267948963,2.8274333882308134,0.1768388256576615,0.5658842421045168,1.2341157578954833,4.908738521234052,6.97876019763093,34.25690901256591
0.5,15,0.6,5.0,1.8,1.5707963267948963,2.8274333882308134,0.1768388256576615,0.5658842421045168,1.2341157578954833,5.890486225480862,6.97876019763093,41.10829081507909
0.5,15,0.7,5.0,1.8,1.5707963267948963,2.8274333882308134,0.1768388256576615,0.5658842421045168,1.2341157578954833,6.872233929727671,6.97876019763093,47.95967261759226
0.5,15,0.8,5.0,1.8,1.5707963267948963,2.8274333882308134,0.1768388256576615,0.5658842421045168,1.2341157578954833,7.853981633974484,6.97876019763093,54.81105442010546
0.5,15,0.9,5.0,1.8,1.5707963267948963,2.8274333882308134,0.1768388256576615,0.5658842421045168,1.2341157578954833,8.835729338221293,6.97876019763093,61.66243622261864
0.5,15,1.0,5.0,1.8,1.5707963267948963,2.8274333882308134,0.1768388256576615,0.5658842421045168,1.2341157578954833,9.817477042468104,6.97876019763093,68.51381802513183
0.5,15,1.1,5.0,1.8,1.5707963267948963,2.8274333882308134,0.1768388256576615,0.5658842421045168,1.2341157578954833,10.799224746714915,6.97876019763093,75.365199827645
0.5,15,1.2,5.0,1.8,1.5707963267948963,2.8274333882308134,0.1768388256576615,0.5658842421045168,1.2341157578954833,11.780972450961723,6.97876019763093,82.21658163015817
0.5,15,1.3,5.0,1.8,1.5707963267948963,2.8274333882308134,0.1768388256576615,0.5658842421045168,1.2341157578954833,12.762720155208536,6.97876019763093,89.06796343267138
0.5,15,1.4,5.0,1.8,1.5707963267948963,2.8274333882308134,0.1768388256576615,0.5658842421045168,1.2341157578954833,13.744467859455343,6.97876019763093,95.91934523518452
0.5,15,1.5,5.0,1.8,1.5707963267948963,2.8274333882308134,0.1768388256576615,0.5658842421045168,1.2341157578954833,14.726215563702155,6.97876019763093,102.77072703769772
0.5,15,1.6,5.0,1.8,1.5707963267948963,2.8274333882308134,0.1768388256576615,0.5658842421045168,1.2341157578954833,15.707963267948967,6.97876019763093,109.62210884021091
0.5,15,1.7,5.0,1.8,1.5707963267948963,2.8274333882308134,0.1768388256576615,0.5658842421045168,1.2341157578954833,16.689710972195776,6.97876019763093,116.47349064272409
0.5,15,1.8,5.0,1.8,1.5707963267948963,2.8274333882308134,0.1768388256576615,0.5658842421045168,1.2341157578954833,17.671458676442587,6.97876019763093,123.32487244523728
0.5,15,1.9,5.0,1.8,1.5707963267948963,2.8274333882308134,0.1768388256576615,0.5658842421045168,1.2341157578954833,18.653206380689394,6.97876019763093,130.17625424775042
0.5,15,2.0,5.0,1.8,1.5707963267948963,2.8274333882308134,0.1768388256576615,0.5658842421045168,1.2341157578954833,19.634954084936208,6.97876019763093,137.02763605026365
0.5,16,0.1,5.0,1.8,1.6755160819145563,3.015928947446201,0.16578639905405765,0.5305164769729844,1.2694835230270156,0.9817477042468105,7.657344210806325,7.517580099586715
0.5,16,0.2,5.0,1.8,1.6755160819145563,3.015928947446201,0.16578639905405765,0.5305164769729844,1.2694835230270156,1.963495408493621,7.657344210806325,15.03516019917343
0.5,16,0.3,5.0,1.8,1.6755160819145563,3.015928947446201,0.16578639905405765,0.5305164769729844,1.2694835230270156,2.945243112740431,7.657344210806325,22.55274029876014
0.5,16,0.4,5.0,1.8,1.6755160819145563,3.015928947446201,0.16578639905405765,0.5305164769729844,1.2694835230270156,3.926990816987242,7.657344210806325,30.07032039834686
0.5,16,0.5,5.0,1.8,1.6755160819145563,3.015928947446201,0.16578639905405765,0.5305164769729844,1.2694835230270156,4.908738521234052,7.657344210806325,37.58790049793357
0.5,16,0.6,5.0,1.8,1.6755160819145563,3.015928947446201,0.16578639905405765,0.5305164769729844,1.2694835230270156,5.890486225480862,7.657344210806325,45.10548059752028
0.5,16,0.7,5.0,1.8,1.6755160819145563,3.015928947446201,0.16578639905405765,0.5305164769729844,1.2694835230270156,6.872233929727671,7.657344210806325,52.623060697106986
0.5,16,0.8,5.0,1.8,1.6755160819145563,3.015928947446201,0.16578639905405765,0.5305164769729844,1.2694835230270156,7.853981633974484,7.657344210806325,60.14064079669372
0.5,16,0.9,5.0,1.8,1.6755160819145563,3.015928947446201,0.16578639905405765,0.5305164769729844,1.2694835230270156,8.835729338221293,7.657344210806325,67.65822089628043
0.5,16,1.0,5.0,1.8,1.6755160819145563,3.015928947446201,0.16578639905405765,0.5305164769729844,1.2694835230270156,9.817477042468104,7.657344210806325,75.17580099586714
0.5,16,1.1,5.0,1.8,1.6755160819145563,3.015928947446201,0.16578639905405765,0.5305164769729844,1.2694835230270156,10.799224746714915,7.657344210806325,82.69338109545386
0.5,16,1.2,5.0,1.8,1.6755160819145563,3.015928947446201,0.16578639905405765,0.5305164769729844,1.2694835230270156,11.780972450961723,7.657344210806325,90.21096119504055
0.5,16,1.3,5.0,1.8,1.6755160819145563,3.015928947446201,0.16578639905405765,0.5305164769729844,1.2694835230270156,12.762720155208536,7.657344210806325,97.72854129462729
0.5,16,1.4,5.0,1.8,1.6755160819145563,3.015928947446201,0.16578639905405765,0.5305164769729844,1.2694835230270156,13.744467859455343,7.657344210806325,105.24612139421397
0.5,16,1.5,5.0,1.8,1.6755160819145563,3.015928947446201,0.16578639905405765,0.5305164769729844,1.2694835230270156,14.726215563702155,7.657344210806325,112.76370149380071
0.5,16,1.6,5.0,1.8,1.6755160819145563,3.015928947446201,0.16578639905405765,0.5305164769729844,1.2694835230270156,15.707963267948967,7.657344210806325,120.28128159338743
0.5,16,1.7,5.0,1.8,1.6755160819145563,3.015928947446201,0.16578639905405765,0.5305164769729844,1.2694835230270156,16.689710972195776,7.657344210806325,127.79886169297414
0.5,16,1.8,5.0,1.8,1.6755160819145563,3.015928947446201,0.16578639905405765,0.5305164769729844,1.2694835230270156,17.671458676442587,7.657344210806325,135.31644179256085
0.5,16,1.9,5.0,1.8,1.6755160819145563,3.015928947446201,0.16578639905405765,0.5305164769729844,1.2694835230270156,18.653206380689394,7.657344210806325,142.83402189214755
0.5,16,2.0,5.0,1.8,1.6755160819145563,3.015928947446201,0.16578639905405765,0.5305164769729844,1.2694835230270156,19.634954084936208,7.657344210806325,150.35160199173427
0.5,17,0.1,5.0,1.8,1.7802358370342162,3.204424506661589,0.15603425793323072,0.7489644380795074,1.0510355619204925,0.9817477042468105,6.735928223981721,6.61298206986535
0.5,17,0.2,5.0,1.8,1.7802358370342162,3.204424506661589,0.15603425793323072,0.7489644380795074,1.0510355619204925,1.963495408493621,6.735928223981721,13.2259641397307
0.5,17,0.3,5.0,1.8,1.7802358370342162,3.204424506661589,0.15603425793323072,0.7489644380795074,1.0510355619204925,2.945243112740431,6.735928223981721,19.838946209596045
0.5,17,0.4,5.0,1.8,1.7802358370342162,3.204424506661589,0.15603425793323072,0.7489644380795074,1.0510355619204925,3.926990816987242,6.735928223981721,26.4519282794614
0.5,17,0.5,5.0,1.8,1.7802358370342162,3.204424506661589,0.15603425793323072,0.7489644380795074,1.0510355619204925,4.908738521234052,6.735928223981721,33.064910349326745
0.5,17,0.6,5.0,1.8,1.7802358370342162,3.204424506661589,0.15603425793323072,0.7489644380795074,1.0510355619204925,5.890486225480862,6.735928223981721,39.67789241919209
0.5,17,0.7,5.0,1.8,1.7802358370342162,3.204424506661589,0.15603425793323072,0.7489644380795074,1.0510355619204925,6.872233929727671,6.735928223981721,46.29087448905744
0.5,17,0.8,5.0,1.8,1.7802358370342162,3.204424506661589,0.15603425793323072,0.7489644380795074,1.0510355619204925,7.853981633974484,6.735928223981721,52.9038565589228
0.5,17,0.9,5.0,1.8,1.7802358370342162,3.204424506661589,0.15603425793323072,0.7489644380795074,1.0510355619204925,8.835729338221293,6.735928223981721,59.51683862878814
0.5,17,1.0,5.0,1.8,1.7802358370342162,3.204424506661589,0.15603425793323072,0.7489644380795074,1.0510355619204925,9.817477042468104,6.735928223981721,66.12982069865349
0.5,17,1.1,5.0,1.8,1.7802358370342162,3.204424506661589,0.15603425793323072,0.7489644380795074,1.0510355619204925,10.799224746714915,6.735928223981721,72.74280276851884
0.5,17,1.2,5.0,1.8,1.7802358370342162,3.204424506661589,0.15603425793323072,0.7489644380795074,1.0510355619204925,11.780972450961723,6.735928223981721,79.35578483838418
0.5,17,1.3,5.0,1.8,1.7802358370342162,3.204424506661589,0.15603425793323072,0.7489644380795074,1.0510355619204925,12.762720155208536,6.735928223981721,85.96876690824953
0.5,17,1.4,5.0,1.8,1.7802358370342162,3.204424506661589,0.15603425793323072,0.7489644380795074,1.0510355619204925,13.744467859455343,6.735928223981721,92.58174897811487
0.5,17,1.5,5.0,1.8,1.7802358370342162,3.204424506661589,0.15603425793323072,0.7489644380795074,1.0510355619204925,14.726215563702155,6.735928223981721,99.19473104798023
0.5,17,1.6,5.0,1.8,1.7802358370342162,3.204424506661589,0.15603425793323072,0.7489644380795074,1.0510355619204925,15.707963267948967,6.735928223981721,105.8077131178456
0.5,17,1.7,5.0,1.8,1.7802358370342162,3.204424506661589,0.15603425793323072,0.7489644380795074,1.0510355619204925,16.689710972195776,6.735928223981721,112.42069518771093
0.5,17,1.8,5.0,1.8,1.7802358370342162,3.204424506661589,0.15603425793323072,0.7489644380795074,1.0510355619204925,17.671458676442587,6.735928223981721,119.03367725757629
0.5,17,1.9,5.0,1.8,1.7802358370342162,3.204424506661589,0.15603425793323072,0.7489644380795074,1.0510355619204925,18.653206380689394,6.735928223981721,125.64665932744161
0.5,17,2.0,5.0,1.8,1.7802358370342162,3.204424506661589,0.15603425793323072,0.7489644380795074,1.0510355619204925,19.634954084936208,6.735928223981721,132.25964139730698
0.5,18,0.1,5.0,1.8,1.8849555921538759,3.3929200658769765,0.14736568804805125,0.7073553026306459,1.0926446973693542,0.9817477042468105,7.414512237157116,7.279180366938881
0.5,18,0.2,5.0,1.8,1.8849555921538759,3.3929200658769765,0.14736568804805125,0.7073553026306459,1.0926446973693542,1.963495408493621,7.414512237157116,14.558360733877763
0.5,18,0.3,5.0,1.8,1.8849555921538759,3.3929200658769765,0.14736568804805125,0.7073553026306459,1.0926446973693542,2.945243112740431,7.414512237157116,21.83754110081664
0.5,18,0.4,5.0,1.8,1.8849555921538759,3.3929200658769765,0.14736568804805125,0.7073553026306459,1.0926446973693542,3.926990816987242,7.414512237157116,29.116721467755525
0.5,18,0.5,5.0,1.8,1.8849555921538759,3.3929200658769765,0.14736568804805125,0.7073553026306459,1.0926446973693542,4.908738521234052,7.414512237157116,36.395901834694406
0.5,18,0.6,5.0,1.8,1.8849555921538759,3.3929200658769765,0.14736568804805125,0.7073553026306459,1.0926446973693542,5.890486225480862,7.414512237157116,43.67508220163328
0.5,18,0.7,5.0,1.8,1.8849555921538759,3.3929200658769765,0.14736568804805125,0.7073553026306459,1.0926446973693542,6.872233929727671,7.414512237157116,50.954262568572155
0.5,18,0.8,5.0,1.8,1.8849555921538759,3.3929200658769765,0.14736568804805125,0.7073553026306459,1.0926446973693542,7.853981633974484,7.414512237157116,58.23344293551105
0.5,18,0.9,5.0,1.8,1.8849555921538759,3.3929200658769765,0.14736568804805125,0.7073553026306459,1.0926446973693542,8.835729338221293,7.414512237157116,65.51262330244992
0.5,18,1.0,5.0,1.8,1.8849555921538759,3.3929200658769765,0.14736568804805125,0.7073553026306459,1.0926446973693542,9.817477042468104,7.414512237157116,72.79180366938881
0.5,18,1.1,5.0,1.8,1.8849555921538759,3.3929200658769765,0.14736568804805125,0.7073553026306459,1.0926446973693542,10.799224746714915,7.414512237157116,80.0709840363277
0.5,18,1.2,5.0,1.8,1.8849555921538759,3.3929200658769765,0.14736568804805125,0.7073553026306459,1.0926446973693542,11.780972450961723,7.414512237157116,87.35016440326656
0.5,18,1.3,5.0,1.8,1.8849555921538759,3.3929200658769765,0.14736568804805125,0.7073553026306459,1.0926446973693542,12.762720155208536,7.414512237157116,94.62934477020546
0.5,18,1.4,5.0,1.8,1.8849555921538759,3.3929200658769765,0.14736568804805125,0.7073553026306459,1.0926446973693542,13.744467859455343,7.414512237157116,101.90852513714431
0.5,18,1.5,5.0,1.8,1.8849555921538759,3.3929200658769765,0.14736568804805125,0.7073553026306459,1.0926446973693542,14.726215563702155,7.414512237157116,109.18770550408321
0.5,18,1.6,5.0,1.8,1.8849555921538759,3.3929200658769765,0.14736568804805125,0.7073553026306459,1.0926446973693542,15.707963267948967,7.414512237157116,116.4668858710221
0.5,18,1.7,5.0,1.8,1.8849555921538759,3.3929200658769765,0.14736568804805125,0.7073553026306459,1.0926446973693542,16.689710972195776,7.414512237157116,123.74606623796097
0.5,18,1.8,5.0,1.8,1.8849555921538759,3.3929200658769765,0.14736568804805125,0.7073553026306459,1.0926446973693542,17.671458676442587,7.414512237157116,131.02524660489985
0.5,18,1.9,5.0,1.8,1.8849555921538759,3.3929200658769765,0.14736568804805125,0.7073553026306459,1.0926446973693542,18.653206380689394,7.414512237157116,138.30442697183872
0.5,18,2.0,5.0,1.8,1.8849555921538759,3.3929200658769765,0.14736568804805125,0.7073553026306459,1.0926446973693542,19.634954084936208,7.414512237157116,145.58360733877763
0.5,19,0.1,5.0,1.8,1.9896753472735356,3.581415625092364,0.13960959920341698,0.6701260761764014,1.1298739238235986,0.9817477042468105,8.093096250332511,7.945378664012413
0.5,19,0.2,5.0,1.8,1.9896753472735356,3.581415625092364,0.13960959920341698,0.6701260761764014,1.1298739238235986,1.963495408493621,8.093096250332511,15.890757328024826
0.5,19,0.3,5.0,1.8,1.9896753472735356,3.581415625092364,0.13960959920341698,0.6701260761764014,1.1298739238235986,2.945243112740431,8.093096250332511,23.836135992037235
0.5,19,0.4,5.0,1.8,1.9896753472735356,3.581415625092364,0.13960959920341698,0.6701260761764014,1.1298739238235986,3.926990816987242,8.093096250332511,31.78151465604965
0.5,19,0.5,5.0,1.8,1.9896753472735356,3.581415625092364,0.13960959920341698,0.6701260761764014,1.1298739238235986,4.908738521234052,8.093096250332511,39.72689332006206
0.5,19,0.6,5.0,1.8,1.9896753472735356,3.581415625092364,0.13960959920341698,0.6701260761764014,1.1298739238235986,5.890486225480862,8.093096250332511,47.67227198407447
0.5,19,0.7,5.0,1.8,1.9896753472735356,3.581415625092364,0.13960959920341698,0.6701260761764014,1.1298739238235986,6.872233929727671,8.093096250332511,55.61765064808687
0.5,19,0.8,5.0,1.8,1.9896753472735356,3.581415625092364,0.13960959920341698,0.6701260761764014,1.1298739238235986,7.853981633974484,8.093096250332511,63.5630293120993
0.5,19,0.9,5.0,1.8,1.9896753472735356,3.581415625092364,0.13960959920341698,0.6701260761764014,1.1298739238235986,8.835729338221293,8.093096250332511,71.50840797611171
0.5,19,1.0,5.0,1.8,1.9896753472735356,3.581415625092364,0.13960959920341698,0.6701260761764014,1.1298739238235986,9.817477042468104,8.093096250332511,79.45378664012412
0.5,19,1.1,5.0,1.8,1.9896753472735356,3.581415625092364,0.13960959920341698,0.6701260761764014,1.1298739238235986,10.799224746714915,8.093096250332511,87.39916530413653
0.5,19,1.2,5.0,1.8,1.9896753472735356,3.581415625092364,0.13960959920341698,0.6701260761764014,1.1298739238235986,11.780972450961723,8.093096250332511,95.34454396814894
0.5,19,1.3,5.0,1.8,1.9896753472735356,3.581415625092364,0.13960959920341698,0.6701260761764014,1.1298739238235986,12.762720155208536,8.093096250332511,103.28992263216136
0.5,19,1.4,5.0,1.8,1.9896753472735356,3.581415625092364,0.13960959920341698,0.6701260761764014,1.1298739238235986,13.744467859455343,8.093096250332511,111.23530129617374
0.5,19,1.5,5.0,1.8,1.9896753472735356,3.581415625092364,0.13960959920341698,0.6701260761764014,1.1298739238235986,14.726215563702155,8.093096250332511,119.18067996018618
0.5,19,1.6,5.0,1.8,1.9896753472735356,3.581415625092364,0.13960959920341698,0.6701260761764014,1.1298739238235986,15.707963267948967,8.093096250332511,127.1260586241986
0.5,19,1.7,5.0,1.8,1.9896753472735356,3.581415625092364,0.13960959920341698,0.6701260761764014,1.1298739238235986,16.689710972195776,8.093096250332511,135.071437288211
0.5,19,1.8,5.0,1.8,1.9896753472735356,3.581415625092364,0.13960959920341698,0.6701260761764014,1.1298739238235986,17.671458676442587,8.093096250332511,143.01681595222342
0.5,19,1.9,5.0,1.8,1.9896753472735356,3.581415625092364,0.13960959920341698,0.6701260761764014,1.1298739238235986,18.653206380689394,8.093096250332511,150.9621946162358
0.5,19,2.0,5.0,1.8,1.9896753472735356,3.581415625092364,0.13960959920341698,0.6701260761764014,1.1298739238235986,19.634954084936208,8.093096250332511,158.90757328024824
0.5,20,0.1,5.0,1.8,2.0943951023931953,3.7699111843077517,0.1326291192432461,0.6366197723675814,1.1633802276324188,0.9817477042468105,8.771680263507909,8.611576961085946
0.5,20,0.2,5.0,1.8,2.0943951023931953,3.7699111843077517,0.1326291192432461,0.6366197723675814,1.1633802276324188,1.963495408493621,8.771680263507909,17.223153922171893
0.5,20,0.3,5.0,1.8,2.0943951023931953,3.7699111843077517,0.1326291192432461,0.6366197723675814,1.1633802276324188,2.945243112740431,8.771680263507909,25.834730883257837
0.5,20,0.4,5.0,1.8,2.0943951023931953,3.7699111843077517,0.1326291192432461,0.6366197723675814,1.1633802276324188,3.926990816987242,8.771680263507909,34.446307844343785
0.5,20,0.5,5.0,1.8,2.0943951023931953,3.7699111843077517,0.1326291192432461,0.6366197723675814,1.1633802276324188,4.908738521234052,8.771680263507909,43.05788480542973
0.5,20,0.6,5.0,1.8,2.0943951023931953,3.7699111843077517,0.1326291192432461,0.6366197723675814,1.1633802276324188,5.890486225480862,8.771680263507909,51.669461766515674
0.5,20,0.7,5.0,1.8,2.0943951023931953,3.7699111843077517,0.1326291192432461,0.6366197723675814,1.1633802276324188,6.872233929727671,8.771680263507909,60.28103872760161
0.5,20,0.8,5.0,1.8,2.0943951023931953,3.7699111843077517,0.1326291192432461,0.6366197723675814,1.1633802276324188,7.853981633974484,8.771680263507909,68.89261568868757
0.5,20,0.9,5.0,1.8,2.0943951023931953,3.7699111843077517,0.1326291192432461,0.6366197723675814,1.1633802276324188,8.835729338221293,8.771680263507909,77.50419264977351
0.5,20,1.0,5.0,1.8,2.0943951023931953,3.7699111843077517,0.1326291192432461,0.6366197723675814,1.1633802276324188,9.817477042468104,8.771680263507909,86.11576961085946
0.5,20,1.1,5.0,1.8,2.0943951023931953,3.7699111843077517,0.1326291192432461,0.6366197723675814,1.1633802276324188,10.799224746714915,8.771680263507909,94.7273465719454
0.5,20,1.2,5.0,1.8,2.0943951023931953,3.7699111843077517,0.1326291192432461,0.6366197723675814,1.1633802276324188,11.780972450961723,8.771680263507909,103.33892353303135
0.5,20,1.3,5.0,1.8,2.0943951023931953,3.7699111843077517,0.1326291192432461,0.6366197723675814,1.1633802276324188,12.762720155208536,8.771680263507909,111.9505004941173
0.5,20,1.4,5.0,1.8,2.0943951023931953,3.7699111843077517,0.1326291192432461,0.6366197723675814,1.1633802276324188,13.744467859455343,8.771680263507909,120.56207745520322
0.5,20,1.5,5.0,1.8,2.0943951023931953,3.7699111843077517,0.1326291192432461,0.6366197723675814,1.1633802276324188,14.726215563702155,8.771680263507909,129.1736544162892
0.5,20,1.6,5.0,1.8,2.0943951023931953,3.7699111843077517,0.1326291192432461,0.6366197723675814,1.1633802276324188,15.707963267948967,8.771680263507909,137.78523137737514
0.5,20,1.7,5.0,1.8,2.0943951023931953,3.7699111843077517,0.1326291192432461,0.6366197723675814,1.1633802276324188,16.689710972195776,8.771680263507909,146.39680833846108
0.5,20,1.8,5.0,1.8,2.0943951023931953,3.7699111843077517,0.1326291192432461,0.6366197723675814,1.1633802276324188,17.671458676442587,8.771680263507909,155.00838529954703
0.5,20,1.9,5.0,1.8,2.0943951023931953,3.7699111843077517,0.1326291192432461,0.6366197723675814,1.1633802276324188,18.653206380689394,8.771680263507909,163.61996226063295
0.5,20,2.0,5.0,1.8,2.0943951023931953,3.7699111843077517,0.1326291192432461,0.6366197723675814,1.1633802276324188,19.634954084936208,8.771680263507909,172.23153922171892
0.5,21,0.1,5.0,1.8,2.199114857512855,3.9584067435231396,0.12631344689832963,0.6063045451119822,1.1936954548880179,0.9817477042468105,9.450264276683303,9.277775258159478
0.5,21,0.2,5.0,1.8,2.199114857512855,3.9584067435231396,0.12631344689832963,0.6063045451119822,1.1936954548880179,1.963495408493621,9.450264276683303,18.555550516318956
0.5,21,0.3,5.0,1.8,2.199114857512855,3.9584067435231396,0.12631344689832963,0.6063045451119822,1.1936954548880179,2.945243112740431,9.450264276683303,27.833325774478425
0.5,21,0.4,5.0,1.8,2.199114857512855,3.9584067435231396,0.12631344689832963,0.6063045451119822,1.1936954548880179,3.926990816987242,9.450264276683303,37.11110103263791
0.5,21,0.5,5.0,1.8,2.199114857512855,3.9584067435231396,0.12631344689832963,0.6063045451119822,1.1936954548880179,4.908738521234052,9.450264276683303,46.388876290797384
0.5,21,0.6,5.0,1.8,2.199114857512855,3.9584067435231396,0.12631344689832963,0.6063045451119822,1.1936954548880179,5.890486225480862,9.450264276683303,55.66665154895685
0.5,21,0.7,5.0,1.8,2.199114857512855,3.9584067435231396,0.12631344689832963,0.6063045451119822,1.1936954548880179,6.872233929727671,9.450264276683303,64.94442680711633
0.5,21,0.8,5.0,1.8,2.199114857512855,3.9584067435231396,0.12631344689832963,0.6063045451119822,1.1936954548880179,7.853981633974484,9.450264276683303,74.22220206527582
0.5,21,0.9,5.0,1.8,2.199114857512855,3.9584067435231396,0.12631344689832963,0.6063045451119822,1.1936954548880179,8.835729338221293,9.450264276683303,83.49997732343529
0.5,21,1.0,5.0,1.8,2.199114857512855,3.9584067435231396,0.12631344689832963,0.6063045451119822,1.1936954548880179,9.817477042468104,9.450264276683303,92.77775258159477
0.5,21,1.1,5.0,1.8,2.199114857512855,3.9584067435231396,0.12631344689832963,0.6063045451119822,1.1936954548880179,10.799224746714915,9.450264276683303,102.05552783975425
0.5,21,1.2,5.0,1.8,2.199114857512855,3.9584067435231396,0.12631344689832963,0.6063045451119822,1.1936954548880179,11.780972450961723,9.450264276683303,111.3333030979137
0.5,21,1.3,5.0,1.8,2.199114857512855,3.9584067435231396,0.12631344689832963,0.6063045451119822,1.1936954548880179,12.762720155208536,9.450264276683303,120.61107835607321
0.5,21,1.4,5.0,1.8,2.199114857512855,3.9584067435231396,0.12631344689832963,0.6063045451119822,1.1936954548880179,13.744467859455343,9.450264276683303,129.88885361423266
0.5,21,1.5,5.0,1.8,2.199114857512855,3.9584067435231396,0.12631344689832963,0.6063045451119822,1.1936954548880179,14.726215563702155,9.450264276683303,139.16662887239215
0.5,21,1.6,5.0,1.8,2.199114857512855,3.9584067435231396,0.12631344689832963,0.6063045451119822,1.1936954548880179,15.707963267948967,9.450264276683303,148.44440413055165
0.5,21,1.7,5.0,1.8,2.199114857512855,3.9584067435231396,0.12631344689832963,0.6063045451119822,1.1936954548880179,16.689710972195776,9.450264276683303,157.72217938871108
0.5,21,1.8,5.0,1.8,2.199114857512855,3.9584067435231396,0.12631344689832963,0.6063045451119822,1.1936954548880179,17.671458676442587,9.450264276683303,166.99995464687058
0.5,21,1.9,5.0,1.8,2.199114857512855,3.9584067435231396,0.12631344689832963,0.6063045451119822,1.1936954548880179,18.653206380689394,9.450264276683303,176.27772990503001
0.5,21,2.0,5.0,1.8,2.199114857512855,3.9584067435231396,0.12631344689832963,0.6063045451119822,1.1936954548880179,19.634954084936208,9.450264276683303,185.55550516318954
0.5,22,0.1,5.0,1.8,2.3038346126325147,4.146902302738527,0.12057192658476922,0.5787452476068922,1.2212547523931079,0.9817477042468105,10.128848289858695,9.943973555233006
0.5,22,0.2,5.0,1.8,2.3038346126325147,4.146902302738527,0.12057192658476922,0.5787452476068922,1.2212547523931079,1.963495408493621,10.128848289858695,19.887947110466012
0.5,22,0.3,5.0,1.8,2.3038346126325147,4.146902302738527,0.12057192658476922,0.5787452476068922,1.2212547523931079,2.945243112740431,10.128848289858695,29.831920665699013
0.5,22,0.4,5.0,1.8,2.3038346126325147,4.146902302738527,0.12057192658476922,0.5787452476068922,1.2212547523931079,3.926990816987242,10.128848289858695,39.775894220932024
0.5,22,0.5,5.0,1.8,2.3038346126325147,4.146902302738527,0.12057192658476922,0.5787452476068922,1.2212547523931079,4.908738521234052,10.128848289858695,49.719867776165025
0.5,22,0.6,5.0,1.8,2.3038346126325147,4.146902302738527,0.12057192658476922,0.5787452476068922,1.2212547523931079,5.890486225480862,10.128848289858695,59.663841331398025
0.5,22,0.7,5.0,1.8,2.3038346126325147,4.146902302738527,0.12057192658476922,0.5787452476068922,1.2212547523931079,6.872233929727671,10.128848289858695,69.60781488663102
0.5,22,0.8,5.0,1.8,2.3038346126325147,4.146902302738527,0.12057192658476922,0.5787452476068922,1.2212547523931079,7.853981633974484,10.128848289858695,79.55178844186405
0.5,22,0.9,5.0,1.8,2.3038346126325147,4.146902302738527,0.12057192658476922,0.5787452476068922,1.2212547523931079,8.835729338221293,10.128848289858695,89.49576199709705
0.5,22,1.0,5.0,1.8,2.3038346126325147,4.146902302738527,0.12057192658476922,0.5787452476068922,1.2212547523931079,9.817477042468104,10.128848289858695,99.43973555233005
0.5,22,1.1,5.0,1.8,2.3038346126325147,4.146902302738527,0.12057192658476922,0.5787452476068922,1.2212547523931079,10.799224746714915,10.128848289858695,109.38370910756306
0.5,22,1.2,5.0,1.8,2.3038346126325147,4.146902302738527,0.12057192658476922,0.5787452476068922,1.2212547523931079,11.780972450961723,10.128848289858695,119.32768266279605
0.5,22,1.3,5.0,1.8,2.3038346126325147,4.146902302738527,0.12057192658476922,0.5787452476068922,1.2212547523931079,12.762720155208536,10.128848289858695,129.27165621802908
0.5,22,1.4,5.0,1.8,2.3038346126325147,4.146902302738527,0.12057192658476922,0.5787452476068922,1.2212547523931079,13.744467859455343,10.128848289858695,139.21562977326204
0.5,22,1.5,5.0,1.8,2.3038346126325147,4.146902302738527,0.12057192658476922,0.5787452476068922,1.2212547523931079,14.726215563702155,10.128848289858695,149.15960332849508
0.5,22,1.6,5.0,1.8,2.3038346126325147,4.146902302738527,0.12057192658476922,0.5787452476068922,1.2212547523931079,15.707963267948967,10.128848289858695,159.1035768837281
0.5,22,1.7,5.0,1.8,2.3038346126325147,4.146902302738527,0.12057192658476922,0.5787452476068922,1.2212547523931079,16.689710972195776,10.128848289858695,169.04755043896108
0.5,22,1.8,5.0,1.8,2.3038346126325147,4.146902302738527,0.12057192658476922,0.5787452476068922,1.2212547523931079,17.671458676442587,10.128848289858695,178.9915239941941
0.5,22,1.9,5.0,1.8,2.3038346126325147,4.146902302738527,0.12057192658476922,0.5787452476068922,1.2212547523931079,18.653206380689394,10.128848289858695,188.93549754942705
0.5,22,2.0,5.0,1.8,2.3038346126325147,4.146902302738527,0.12057192658476922,0.5787452476068922,1.2212547523931079,19.634954084936208,10.128848289858695,198.8794711046601
0.5,23,0.1,5.0,1.8,2.4085543677521746,4.335397861953914,0.11532966890717056,0.5535824107544186,1.2464175892455813,0.9817477042468105,10.807432303034089,10.610171852306536
0.5,23,0.2,5.0,1.8,2.4085543677521746,4.335397861953914,0.11532966890717056,0.5535824107544186,1.2464175892455813,1.963495408493621,10.807432303034089,21.22034370461307
0.5,23,0.3,5.0,1.8,2.4085543677521746,4.335397861953914,0.11532966890717056,0.5535824107544186,1.2464175892455813,2.945243112740431,10.807432303034089,31.830515556919604
0.5,23,0.4,5.0,1.8,2.4085543677521746,4.335397861953914,0.11532966890717056,0.5535824107544186,1.2464175892455813,3.926990816987242,10.807432303034089,42.44068740922614
0.5,23,0.5,5.0,1.8,2.4085543677521746,4.335397861953914,0.11532966890717056,0.5535824107544186,1.2464175892455813,4.908738521234052,10.807432303034089,53.05085926153268
0.5,23,0.6,5.0,1.8,2.4085543677521746,4.335397861953914,0.11532966890717056,0.5535824107544186,1.2464175892455813,5.890486225480862,10.807432303034089,63.66103111383921
0.5,23,0.7,5.0,1.8,2.4085543677521746,4.335397861953914,0.11532966890717056,0.5535824107544186,1.2464175892455813,6.872233929727671,10.807432303034089,74.27120296614574
0.5,23,0.8,5.0,1.8,2.4085543677521746,4.335397861953914,0.11532966890717056,0.5535824107544186,1.2464175892455813,7.853981633974484,10.807432303034089,84.88137481845229
0.5,23,0.9,5.0,1.8,2.4085543677521746,4.335397861953914,0.11532966890717056,0.5535824107544186,1.2464175892455813,8.835729338221293,10.807432303034089,95.49154667075882
0.5,23,1.0,5.0,1.8,2.4085543677521746,4.335397861953914,0.11532966890717056,0.5535824107544186,1.2464175892455813,9.817477042468104,10.807432303034089,106.10171852306536
0.5,23,1.1,5.0,1.8,2.4085543677521746,4.335397861953914,0.11532966890717056,0.5535824107544186,1.2464175892455813,10.799224746714915,10.807432303034089,116.7118903753719
0.5,23,1.2,5.0,1.8,2.4085543677521746,4.335397861953914,0.11532966890717056,0.5535824107544186,1.2464175892455813,11.780972450961723,10.807432303034089,127.32206222767842
0.5,23,1.3,5.0,1.8,2.4085543677521746,4.335397861953914,0.11532966890717056,0.5535824107544186,1.2464175892455813,12.762720155208536,10.807432303034089,137.93223407998497
0.5,23,1.4,5.0,1.8,2.4085543677521746,4.335397861953914,0.11532966890717056,0.5535824107544186,1.2464175892455813,13.744467859455343,10.807432303034089,148.54240593229147
0.5,23,1.5,5.0,1.8,2.4085543677521746,4.335397861953914,0.11532966890717056,0.5535824107544186,1.2464175892455813,14.726215563702155,10.807432303034089,159.15257778459804
0.5,23,1.6,5.0,1.8,2.4085543677521746,4.335397861953914,0.11532966890717056,0.5535824107544186,1.2464175892455813,15.707963267948967,10.807432303034089,169.76274963690457
0.5,23,1.7,5.0,1.8,2.4085543677521746,4.335397861953914,0.11532966890717056,0.5535824107544186,1.2464175892455813,16.689710972195776,10.807432303034089,180.3729214892111
0.5,23,1.8,5.0,1.8,2.4085543677521746,4.335397861953914,0.11532966890717056,0.5535824107544186,1.2464175892455813,17.671458676442587,10.807432303034089,190.98309334151764
0.5,23,1.9,5.0,1.8,2.4085543677521746,4.335397861953914,0.11532966890717056,0.5535824107544186,1.2464175892455813,18.653206380689394,10.807432303034089,201.59326519382412
0.5,23,2.0,5.0,1.8,2.4085543677521746,4.335397861953914,0.11532966890717056,0.5535824107544186,1.2464175892455813,19.634954084936208,10.807432303034089,212.20343704613072
0.5,24,0.1,5.0,1.8,2.5132741228718345,4.523893421169302,0.11052426603603843,0.5305164769729844,1.2694835230270156,0.9817477042468105,11.486016316209488,11.276370149380073
0.5,24,0.2,5.0,1.8,2.5132741228718345,4.523893421169302,0.11052426603603843,0.5305164769729844,1.2694835230270156,1.963495408493621,11.486016316209488,22.552740298760146
0.5,24,0.3,5.0,1.8,2.5132741228718345,4.523893421169302,0.11052426603603843,0.5305164769729844,1.2694835230270156,2.945243112740431,11.486016316209488,33.82911044814021
0.5,24,0.4,5.0,1.8,2.5132741228718345,4.523893421169302,0.11052426603603843,0.5305164769729844,1.2694835230270156,3.926990816987242,11.486016316209488,45.10548059752029
0.5,24,0.5,5.0,1.8,2.5132741228718345,4.523893421169302,0.11052426603603843,0.5305164769729844,1.2694835230270156,4.908738521234052,11.486016316209488,56.381850746900355
0.5,24,0.6,5.0,1.8,2.5132741228718345,4.523893421169302,0.11052426603603843,0.5305164769729844,1.2694835230270156,5.890486225480862,11.486016316209488,67.65822089628043
0.5,24,0.7,5.0,1.8,2.5132741228718345,4.523893421169302,0.11052426603603843,0.5305164769729844,1.2694835230270156,6.872233929727671,11.486016316209488,78.93459104566048
0.5,24,0.8,5.0,1.8,2.5132741228718345,4.523893421169302,0.11052426603603843,0.5305164769729844,1.2694835230270156,7.853981633974484,11.486016316209488,90.21096119504058
0.5,24,0.9,5.0,1.8,2.5132741228718345,4.523893421169302,0.11052426603603843,0.5305164769729844,1.2694835230270156,8.835729338221293,11.486016316209488,101.48733134442064
0.5,24,1.0,5.0,1.8,2.5132741228718345,4.523893421169302,0.11052426603603843,0.5305164769729844,1.2694835230270156,9.817477042468104,11.486016316209488,112.76370149380071
0.5,24,1.1,5.0,1.8,2.5132741228718345,4.523893421169302,0.11052426603603843,0.5305164769729844,1.2694835230270156,10.799224746714915,11.486016316209488,124.04007164318078
0.5,24,1.2,5.0,1.8,2.5132741228718345,4.523893421169302,0.11052426603603843,0.5305164769729844,1.2694835230270156,11.780972450961723,11.486016316209488,135.31644179256085
0.5,24,1.3,5.0,1.8,2.5132741228718345,4.523893421169302,0.11052426603603843,0.5305164769729844,1.2694835230270156,12.762720155208536,11.486016316209488,146.59281194194094
0.5,24,1.4,5.0,1.8,2.5132741228718345,4.523893421169302,0.11052426603603843,0.5305164769729844,1.2694835230270156,13.744467859455343,11.486016316209488,157.86918209132097
0.5,24,1.5,5.0,1.8,2.5132741228718345,4.523893421169302,0.11052426603603843,0.5305164769729844,1.2694835230270156,14.726215563702155,11.486016316209488,169.14555224070105
0.5,24,1.6,5.0,1.8,2.5132741228718345,4.523893421169302,0.11052426603603843,0.5305164769729844,1.2694835230270156,15.707963267948967,11.486016316209488,180.42192239008116
0.5,24,1.7,5.0,1.8,2.5132741228718345,4.523893421169302,0.11052426603603843,0.5305164769729844,1.2694835230270156,16.689710972195776,11.486016316209488,191.6982925394612
0.5,24,1.8,5.0,1.8,2.5132741228718345,4.523893421169302,0.11052426603603843,0.5305164769729844,1.2694835230270156,17.671458676442587,11.486016316209488,202.97466268884128
0.5,24,1.9,5.0,1.8,2.5132741228718345,4.523893421169302,0.11052426603603843,0.5305164769729844,1.2694835230270156,18.653206380689394,11.486016316209488,214.2510328382213
0.5,24,2.0,5.0,1.8,2.5132741228718345,4.523893421169302,0.11052426603603843,0.5305164769729844,1.2694835230270156,19.634954084936208,11.486016316209488,225.52740298760142
0.5,25,0.1,5.0,1.8,2.6179938779914944,4.71238898038469,0.1061032953945969,0.5092958178940651,1.290704182105935,0.9817477042468105,12.164600329384884,11.942568446453604
0.5,25,0.2,5.0,1.8,2.6179938779914944,4.71238898038469,0.1061032953945969,0.5092958178940651,1.290704182105935,1.963495408493621,12.164600329384884,23.88513689290721
0.5,25,0.3,5.0,1.8,2.6179938779914944,4.71238898038469,0.1061032953945969,0.5092958178940651,1.290704182105935,2.945243112740431,12.164600329384884,35.827705339360804
0.5,25,0.4,5.0,1.8,2.6179938779914944,4.71238898038469,0.1061032953945969,0.5092958178940651,1.290704182105935,3.926990816987242,12.164600329384884,47.77027378581442
0.5,25,0.5,5.0,1.8,2.6179938779914944,4.71238898038469,0.1061032953945969,0.5092958178940651,1.290704182105935,4.908738521234052,12.164600329384884,59.71284223226802
0.5,25,0.6,5.0,1.8,2.6179938779914944,4.71238898038469,0.1061032953945969,0.5092958178940651,1.290704182105935,5.890486225480862,12.164600329384884,71.65541067872161
0.5,25,0.7,5.0,1.8,2.6179938779914944,4.71238898038469,0.1061032953945969,0.5092958178940651,1.290704182105935,6.872233929727671,12.164600329384884,83.5979791251752
0.5,25,0.8,5.0,1.8,2.6179938779914944,4.71238898038469,0.1061032953945969,0.5092958178940651,1.290704182105935,7.853981633974484,12.164600329384884,95.54054757162884
0.5,25,0.9,5.0,1.8,2.6179938779914944,4.71238898038469,0.1061032953945969,0.5092958178940651,1.290704182105935,8.835729338221293,12.164600329384884,107.48311601808243
0.5,25,1.0,5.0,1.8,2.6179938779914944,4.71238898038469,0.1061032953945969,0.5092958178940651,1.290704182105935,9.817477042468104,12.164600329384884,119.42568446453603
0.5,25,1.1,5.0,1.8,2.6179938779914944,4.71238898038469,0.1061032953945969,0.5092958178940651,1.290704182105935,10.799224746714915,12.164600329384884,131.36825291098964
0.5,25,1.2,5.0,1.8,2.6179938779914944,4.71238898038469,0.1061032953945969,0.5092958178940651,1.290704182105935,11.780972450961723,12.164600329384884,143.31082135744322
0.5,25,1.3,5.0,1.8,2.6179938779914944,4.71238898038469,0.1061032953945969,0.5092958178940651,1.290704182105935,12.762720155208536,12.164600329384884,155.25338980389685
0.5,25,1.4,5.0,1.8,2.6179938779914944,4.71238898038469,0.1061032953945969,0.5092958178940651,1.290704182105935,13.744467859455343,12.164600329384884,167.1959582503504
0.5,25,1.5,5.0,1.8,2.6179938779914944,4.71238898038469,0.1061032953945969,0.5092958178940651,1.290704182105935,14.726215563702155,12.164600329384884,179.13852669680404
0.5,25,1.6,5.0,1.8,2.6179938779914944,4.71238898038469,0.1061032953945969,0.5092958178940651,1.290704182105935,15.707963267948967,12.164600329384884,191.08109514325767
0.5,25,1.7,5.0,1.8,2.6179938779914944,4.71238898038469,0.1061032953945969,0.5092958178940651,1.290704182105935,16.689710972195776,12.164600329384884,203.02366358971125
0.5,25,1.8,5.0,1.8,2.6179938779914944,4.71238898038469,0.1061032953945969,0.5092958178940651,1.290704182105935,17.671458676442587,12.164600329384884,214.96623203616485
0.5,25,1.9,5.0,1.8,2.6179938779914944,4.71238898038469,0.1061032953945969,0.5092958178940651,1.290704182105935,18.653206380689394,12.164600329384884,226.9088004826184
0.5,25,2.0,5.0,1.8,2.6179938779914944,4.71238898038469,0.1061032953945969,0.5092958178940651,1.290704182105935,19.634954084936208,12.164600329384884,238.85136892907207
0.5,26,0.1,5.0,1.8,2.7227136331111543,4.900884539600078,0.10202239941788162,0.6529433562744423,1.1470566437255578,0.9817477042468105,11.243184342560282,11.037970416732241
0.5,26,0.2,5.0,1.8,2.7227136331111543,4.900884539600078,0.10202239941788162,0.6529433562744423,1.1470566437255578,1.963495408493621,11.243184342560282,22.075940833464482
0.5,26,0.3,5.0,1.8,2.7227136331111543,4.900884539600078,0.10202239941788162,0.6529433562744423,1.1470566437255578,2.945243112740431,11.243184342560282,33.11391125019672
0.5,26,0.4,5.0,1.8,2.7227136331111543,4.900884539600078,0.10202239941788162,0.6529433562744423,1.1470566437255578,3.926990816987242,11.243184342560282,44.151881666928965
0.5,26,0.5,5.0,1.8,2.7227136331111543,4.900884539600078,0.10202239941788162,0.6529433562744423,1.1470566437255578,4.908738521234052,11.243184342560282,55.1898520836612
0.5,26,0.6,5.0,1.8,2.7227136331111543,4.900884539600078,0.10202239941788162,0.6529433562744423,1.1470566437255578,5.890486225480862,11.243184342560282,66.22782250039344
0.5,26,0.7,5.0,1.8,2.7227136331111543,4.900884539600078,0.10202239941788162,0.6529433562744423,1.1470566437255578,6.872233929727671,11.243184342560282,77.26579291712567
0.5,26,0.8,5.0,1.8,2.7227136331111543,4.900884539600078,0.10202239941788162,0.6529433562744423,1.1470566437255578,7.853981633974484,11.243184342560282,88.30376333385793
0.5,26,0.9,5.0,1.8,2.7227136331111543,4.900884539600078,0.10202239941788162,0.6529433562744423,1.1470566437255578,8.835729338221293,11.243184342560282,99.34173375059017
0.5,26,1.0,5.0,1.8,2.7227136331111543,4.900884539600078,0.10202239941788162,0.6529433562744423,1.1470566437255578,9.817477042468104,11.243184342560282,110.3797041673224
0.5,26,1.1,5.0,1.8,2.7227136331111543,4.900884539600078,0.10202239941788162,0.6529433562744423,1.1470566437255578,10.799224746714915,11.243184342560282,121.41767458405465
0.5,26,1.2,5.0,1.8,2.7227136331111543,4.900884539600078,0.10202239941788162,0.6529433562744423,1.1470566437255578,11.780972450961723,11.243184342560282,132.4556450007869
0.5,26,1.3,5.0,1.8,2.7227136331111543,4.900884539600078,0.10202239941788162,0.6529433562744423,1.1470566437255578,12.762720155208536,11.243184342560282,143.49361541751912
0.5,26,1.4,5.0,1.8,2.7227136331111543,4.900884539600078,0.10202239941788162,0.6529433562744423,1.1470566437255578,13.744467859455343,11.243184342560282,154.53158583425133
0.5,26,1.5,5.0,1.8,2.7227136331111543,4.900884539600078,0.10202239941788162,0.6529433562744423,1.1470566437255578,14.726215563702155,11.243184342560282,165.5695562509836
0.5,26,1.6,5.0,1.8,2.7227136331111543,4.900884539600078,0.10202239941788162,0.6529433562744423,1.1470566437255578,15.707963267948967,11.243184342560282,176.60752666771586
0.5,26,1.7,5.0,1.8,2.7227136331111543,4.900884539600078,0.10202239941788162,0.6529433562744423,1.1470566437255578,16.689710972195776,11.243184342560282,187.6454970844481
0.5,26,1.8,5.0,1.8,2.7227136331111543,4.900884539600078,0.10202239941788162,0.6529433562744423,1.1470566437255578,17.671458676442587,11.243184342560282,198.68346750118033
0.5,26,1.9,5.0,1.8,2.7227136331111543,4.900884539600078,0.10202239941788162,0.6529433562744423,1.1470566437255578,18.653206380689394,11.243184342560282,209.72143791791254
0.5,26,2.0,5.0,1.8,2.7227136331111543,4.900884539600078,0.10202239941788162,0.6529433562744423,1.1470566437255578,19.634954084936208,11.243184342560282,220.7594083346448
0.5,27,0.1,5.0,1.8,2.827433388230814,5.089380098815465,0.09824379203203415,0.6287602690050186,1.1712397309949814,0.9817477042468105,11.921768355735674,11.704168713805771
0.5,27,0.2,5.0,1.8,2.827433388230814,5.089380098815465,0.09824379203203415,0.6287602690050186,1.1712397309949814,1.963495408493621,11.921768355735674,23.408337427611542
0.5,27,0.3,5.0,1.8,2.827433388230814,5.089380098815465,0.09824379203203415,0.6287602690050186,1.1712397309949814,2.945243112740431,11.921768355735674,35.112506141417306
0.5,27,0.4,5.0,1.8,2.827433388230814,5.089380098815465,0.09824379203203415,0.6287602690050186,1.1712397309949814,3.926990816987242,11.921768355735674,46.816674855223084
0.5,27,0.5,5.0,1.8,2.827433388230814,5.089380098815465,0.09824379203203415,0.6287602690050186,1.1712397309949814,4.908738521234052,11.921768355735674,58.52084356902885
0.5,27,0.6,5.0,1.8,2.827433388230814,5.089380098815465,0.09824379203203415,0.6287602690050186,1.1712397309949814,5.890486225480862,11.921768355735674,70.22501228283461
0.5,27,0.7,5.0,1.8,2.827433388230814,5.089380098815465,0.09824379203203415,0.6287602690050186,1.1712397309949814,6.872233929727671,11.921768355735674,81.92918099664037
0.5,27,0.8,5.0,1.8,2.827433388230814,5.089380098815465,0.09824379203203415,0.6287602690050186,1.1712397309949814,7.853981633974484,11.921768355735674,93.63334971044617
0.5,27,0.9,5.0,1.8,2.827433388230814,5.089380098815465,0.09824379203203415,0.6287602690050186,1.1712397309949814,8.835729338221293,11.921768355735674,105.33751842425193
0.5,27,1.0,5.0,1.8,2.827433388230814,5.089380098815465,0.09824379203203415,0.6287602690050186,1.1712397309949814,9.817477042468104,11.921768355735674,117.0416871380577
0.5,27,1.1,5.0,1.8,2.827433388230814,5.089380098815465,0.09824379203203415,0.6287602690050186,1.1712397309949814,10.799224746714915,11.921768355735674,128.74585585186347
0.5,27,1.2,5.0,1.8,2.827433388230814,5.089380098815465,0.09824379203203415,0.6287602690050186,1.1712397309949814,11.780972450961723,11.921768355735674,140.45002456566922
0.5,27,1.3,5.0,1.8,2.827433388230814,5.089380098815465,0.09824379203203415,0.6287602690050186,1.1712397309949814,12.762720155208536,11.921768355735674,152.154193279475
0.5,27,1.4,5.0,1.8,2.827433388230814,5.089380098815465,0.09824379203203415,0.6287602690050186,1.1712397309949814,13.744467859455343,11.921768355735674,163.85836199328074
0.5,27,1.5,5.0,1.8,2.827433388230814,5.089380098815465,0.09824379203203415,0.6287602690050186,1.1712397309949814,14.726215563702155,11.921768355735674,175.56253070708652
0.5,27,1.6,5.0,1.8,2.827433388230814,5.089380098815465,0.09824379203203415,0.6287602690050186,1.1712397309949814,15.707963267948967,11.921768355735674,187.26669942089234
0.5,27,1.7,5.0,1.8,2.827433388230814,5.089380098815465,0.09824379203203415,0.6287602690050186,1.1712397309949814,16.689710972195776,11.921768355735674,198.97086813469807
0.5,27,1.8,5.0,1.8,2.827433388230814,5.089380098815465,0.09824379203203415,0.6287602690050186,1.1712397309949814,17.671458676442587,11.921768355735674,210.67503684850385
0.5,27,1.9,5.0,1.8,2.827433388230814,5.089380098815465,0.09824379203203415,0.6287602690050186,1.1712397309949814,18.653206380689394,11.921768355735674,222.37920556230958
0.5,27,2.0,5.0,1.8,2.827433388230814,5.089380098815465,0.09824379203203415,0.6287602690050186,1.1712397309949814,19.634954084936208,11.921768355735674,234.0833742761154
0.5,28,0.1,5.0,1.8,2.9321531433504737,5.277875658030853,0.09473508517374722,0.6063045451119822,1.1936954548880179,0.9817477042468105,12.600352368911071,12.370367010879304
0.5,28,0.2,5.0,1.8,2.9321531433504737,5.277875658030853,0.09473508517374722,0.6063045451119822,1.1936954548880179,1.963495408493621,12.600352368911071,24.74073402175861
0.5,28,0.3,5.0,1.8,2.9321531433504737,5.277875658030853,0.09473508517374722,0.6063045451119822,1.1936954548880179,2.945243112740431,12.600352368911071,37.111101032637904
0.5,28,0.4,5.0,1.8,2.9321531433504737,5.277875658030853,0.09473508517374722,0.6063045451119822,1.1936954548880179,3.926990816987242,12.600352368911071,49.48146804351722
0.5,28,0.5,5.0,1.8,2.9321531433504737,5.277875658030853,0.09473508517374722,0.6063045451119822,1.1936954548880179,4.908738521234052,12.600352368911071,61.85183505439652
0.5,28,0.6,5.0,1.8,2.9321531433504737,5.277875658030853,0.09473508517374722,0.6063045451119822,1.1936954548880179,5.890486225480862,12.600352368911071,74.22220206527581
0.5,28,0.7,5.0,1.8,2.9321531433504737,5.277875658030853,0.09473508517374722,0.6063045451119822,1.1936954548880179,6.872233929727671,12.600352368911071,86.5925690761551
0.5,28,0.8,5.0,1.8,2.9321531433504737,5.277875658030853,0.09473508517374722,0.6063045451119822,1.1936954548880179,7.853981633974484,12.600352368911071,98.96293608703444
0.5,28,0.9,5.0,1.8,2.9321531433504737,5.277875658030853,0.09473508517374722,0.6063045451119822,1.1936954548880179,8.835729338221293,12.600352368911071,111.33330309791373
0.5,28,1.0,5.0,1.8,2.9321531433504737,5.277875658030853,0.09473508517374722,0.6063045451119822,1.1936954548880179,9.817477042468104,12.600352368911071,123.70367010879303
0.5,28,1.1,5.0,1.8,2.9321531433504737,5.277875658030853,0.09473508517374722,0.6063045451119822,1.1936954548880179,10.799224746714915,12.600352368911071,136.07403711967234
0.5,28,1.2,5.0,1.8,2.9321531433504737,5.277875658030853,0.09473508517374722,0.6063045451119822,1.1936954548880179,11.780972450961723,12.600352368911071,148.44440413055162
0.5,28,1.3,5.0,1.8,2.9321531433504737,5.277875658030853,0.09473508517374722,0.6063045451119822,1.1936954548880179,12.762720155208536,12.600352368911071,160.81477114143095
0.5,28,1.4,5.0,1.8,2.9321531433504737,5.277875658030853,0.09473508517374722,0.6063045451119822,1.1936954548880179,13.744467859455343,12.600352368911071,173.1851381523102
0.5,28,1.5,5.0,1.8,2.9321531433504737,5.277875658030853,0.09473508517374722,0.6063045451119822,1.1936954548880179,14.726215563702155,12.600352368911071,185.55550516318954
0.5,28,1.6,5.0,1.8,2.9321531433504737,5.277875658030853,0.09473508517374722,0.6063045451119822,1.1936954548880179,15.707963267948967,12.600352368911071,197.92587217406887
0.5,28,1.7,5.0,1.8,2.9321531433504737,5.277875658030853,0.09473508517374722,0.6063045451119822,1.1936954548880179,16.689710972195776,12.600352368911071,210.29623918494815
0.5,28,1.8,5.0,1.8,2.9321531433504737,5.277875658030853,0.09473508517374722,0.6063045451119822,1.1936954548880179,17.671458676442587,12.600352368911071,222.66660619582746
0.5,28,1.9,5.0,1.8,2.9321531433504737,5.277875658030853,0.09473508517374722,0.6063045451119822,1.1936954548880179,18.653206380689394,12.600352368911071,235.0369732067067
0.5,28,2.0,5.0,1.8,2.9321531433504737,5.277875658030853,0.09473508517374722,0.6063045451119822,1.1936954548880179,19.634954084936208,12.600352368911071,247.40734021758607
0.5,29,0.1,5.0,1.8,3.0368728984701336,5.466371217246241,0.0914683580987904,0.5853974918322586,1.2146025081677414,0.9817477042468105,13.278936382086469,13.036565307952838
0.5,29,0.2,5.0,1.8,3.0368728984701336,5.466371217246241,0.0914683580987904,0.5853974918322586,1.2146025081677414,1.963495408493621,13.278936382086469,26.073130615905676
0.5,29,0.3,5.0,1.8,3.0368728984701336,5.466371217246241,0.0914683580987904,0.5853974918322586,1.2146025081677414,2.945243112740431,13.278936382086469,39.10969592385851
0.5,29,0.4,5.0,1.8,3.0368728984701336,5.466371217246241,0.0914683580987904,0.5853974918322586,1.2146025081677414,3.926990816987242,13.278936382086469,52.14626123181135
0.5,29,0.5,5.0,1.8,3.0368728984701336,5.466371217246241,0.0914683580987904,0.5853974918322586,1.2146025081677414,4.908738521234052,13.278936382086469,65.18282653976419
0.5,29,0.6,5.0,1.8,3.0368728984701336,5.466371217246241,0.0914683580987904,0.5853974918322586,1.2146025081677414,5.890486225480862,13.278936382086469,78.21939184771702
0.5,29,0.7,5.0,1.8,3.0368728984701336,5.466371217246241,0.0914683580987904,0.5853974918322586,1.2146025081677414,6.872233929727671,13.278936382086469,91.25595715566985
0.5,29,0.8,5.0,1.8,3.0368728984701336,5.466371217246241,0.0914683580987904,0.5853974918322586,1.2146025081677414,7.853981633974484,13.278936382086469,104.2925224636227
0.5,29,0.9,5.0,1.8,3.0368728984701336,5.466371217246241,0.0914683580987904,0.5853974918322586,1.2146025081677414,8.835729338221293,13.278936382086469,117.32908777157553
0.5,29,1.0,5.0,1.8,3.0368728984701336,5.466371217246241,0.0914683580987904,0.5853974918322586,1.2146025081677414,9.817477042468104,13.278936382086469,130.36565307952839
0.5,29,1.1,5.0,1.8,3.0368728984701336,5.466371217246241,0.0914683580987904,0.5853974918322586,1.2146025081677414,10.799224746714915,13.278936382086469,143.4022183874812
0.5,29,1.2,5.0,1.8,3.0368728984701336,5.466371217246241,0.0914683580987904,0.5853974918322586,1.2146025081677414,11.780972450961723,13.278936382086469,156.43878369543404
0.5,29,1.3,5.0,1.8,3.0368728984701336,5.466371217246241,0.0914683580987904,0.5853974918322586,1.2146025081677414,12.762720155208536,13.278936382086469,169.4753490033869
0.5,29,1.4,5.0,1.8,3.0368728984701336,5.466371217246241,0.0914683580987904,0.5853974918322586,1.2146025081677414,13.744467859455343,13.278936382086469,182.5119143113397
0.5,29,1.5,5.0,1.8,3.0368728984701336,5.466371217246241,0.0914683580987904,0.5853974918322586,1.2146025081677414,14.726215563702155,13.278936382086469,195.54847961929255
0.5,29,1.6,5.0,1.8,3.0368728984701336,5.466371217246241,0.0914683580987904,0.5853974918322586,1.2146025081677414,15.707963267948967,13.278936382086469,208.5850449272454
0.5,29,1.7,5.0,1.8,3.0368728984701336,5.466371217246241,0.0914683580987904,0.5853974918322586,1.2146025081677414,16.689710972195776,13.278936382086469,221.62161023519823
0.5,29,1.8,5.0,1.8,3.0368728984701336,5.466371217246241,0.0914683580987904,0.5853974918322586,1.2146025081677414,17.671458676442587,13.278936382086469,234.65817554315106
0.5,29,1.9,5.0,1.8,3.0368728984701336,5.466371217246241,0.0914683580987904,0.5853974918322586,1.2146025081677414,18.653206380689394,13.278936382086469,247.69474085110386
0.5,29,2.0,5.0,1.8,3.0368728984701336,5.466371217246241,0.0914683580987904,0.5853974918322586,1.2146025081677414,19.634954084936208,13.278936382086469,260.73130615905677
0.5,30,0.1,5.0,1.8,3.1415926535897927,5.654866776461627,0.08841941282883076,0.5658842421045168,1.2341157578954833,0.9817477042468105,13.95752039526186,13.702763605026364
0.5,30,0.2,5.0,1.8,3.1415926535897927,5.654866776461627,0.08841941282883076,0.5658842421045168,1.2341157578954833,1.963495408493621,13.95752039526186,27.40552721005273
0.5,30,0.3,5.0,1.8,3.1415926535897927,5.654866776461627,0.08841941282883076,0.5658842421045168,1.2341157578954833,2.945243112740431,13.95752039526186,41.10829081507909
0.5,30,0.4,5.0,1.8,3.1415926535897927,5.654866776461627,0.08841941282883076,0.5658842421045168,1.2341157578954833,3.926990816987242,13.95752039526186,54.81105442010546
0.5,30,0.5,5.0,1.8,3.1415926535897927,5.654866776461627,0.08841941282883076,0.5658842421045168,1.2341157578954833,4.908738521234052,13.95752039526186,68.51381802513183
0.5,30,0.6,5.0,1.8,3.1415926535897927,5.654866776461627,0.08841941282883076,0.5658842421045168,1.2341157578954833,5.890486225480862,13.95752039526186,82.21658163015817
0.5,30,0.7,5.0,1.8,3.1415926535897927,5.654866776461627,0.08841941282883076,0.5658842421045168,1.2341157578954833,6.872233929727671,13.95752039526186,95.91934523518452
0.5,30,0.8,5.0,1.8,3.1415926535897927,5.654866776461627,0.08841941282883076,0.5658842421045168,1.2341157578954833,7.853981633974484,13.95752039526186,109.62210884021091
0.5,30,0.9,5.0,1.8,3.1415926535897927,5.654866776461627,0.08841941282883076,0.5658842421045168,1.2341157578954833,8.835729338221293,13.95752039526186,123.32487244523728
0.5,30,1.0,5.0,1.8,3.1415926535897927,5.654866776461627,0.08841941282883076,0.5658842421045168,1.2341157578954833,9.817477042468104,13.95752039526186,137.02763605026365
0.5,30,1.1,5.0,1.8,3.1415926535897927,5.654866776461627,0.08841941282883076,0.5658842421045168,1.2341157578954833,10.799224746714915,13.95752039526186,150.73039965529
0.5,30,1.2,5.0,1.8,3.1415926535897927,5.654866776461627,0.08841941282883076,0.5658842421045168,1.2341157578954833,11.780972450961723,13.95752039526186,164.43316326031635
0.5,30,1.3,5.0,1.8,3.1415926535897927,5.654866776461627,0.08841941282883076,0.5658842421045168,1.2341157578954833,12.762720155208536,13.95752039526186,178.13592686534275
0.5,30,1.4,5.0,1.8,3.1415926535897927,5.654866776461627,0.08841941282883076,0.5658842421045168,1.2341157578954833,13.744467859455343,13.95752039526186,191.83869047036904
0.5,30,1.5,5.0,1.8,3.1415926535897927,5.654866776461627,0.08841941282883076,0.5658842421045168,1.2341157578954833,14.726215563702155,13.95752039526186,205.54145407539545
0.5,30,1.6,5.0,1.8,3.1415926535897927,5.654866776461627,0.08841941282883076,0.5658842421045168,1.2341157578954833,15.707963267948967,13.95752039526186,219.24421768042183
0.5,30,1.7,5.0,1.8,3.1415926535897927,5.654866776461627,0.08841941282883076,0.5658842421045168,1.2341157578954833,16.689710972195776,13.95752039526186,232.94698128544817
0.5,30,1.8,5.0,1.8,3.1415926535897927,5.654866776461627,0.08841941282883076,0.5658842421045168,1.2341157578954833,17.671458676442587,13.95752039526186,246.64974489047455
0.5,30,1.9,5.0,1.8,3.1415926535897927,5.654866776461627,0.08841941282883076,0.5658842421045168,1.2341157578954833,18.653206380689394,13.95752039526186,260.35250849550084
0.5,30,2.0,5.0,1.8,3.1415926535897927,5.654866776461627,0.08841941282883076,0.5658842421045168,1.2341157578954833,19.634954084936208,13.95752039526186,274.0552721005273
0.5,31,0.1,5.0,1.8,3.2463124087094526,5.843362335677015,0.08556717370532008,0.5476299117140485,1.2523700882859514,0.9817477042468105,14.636104408437253,14.368961902099896
0.5,31,0.2,5.0,1.8,3.2463124087094526,5.843362335677015,0.08556717370532008,0.5476299117140485,1.2523700882859514,1.963495408493621,14.636104408437253,28.73792380419979
0.5,31,0.3,5.0,1.8,3.2463124087094526,5.843362335677015,0.08556717370532008,0.5476299117140485,1.2523700882859514,2.945243112740431,14.636104408437253,43.10688570629968
0.5,31,0.4,5.0,1.8,3.2463124087094526,5.843362335677015,0.08556717370532008,0.5476299117140485,1.2523700882859514,3.926990816987242,14.636104408437253,57.47584760839958
0.5,31,0.5,5.0,1.8,3.2463124087094526,5.843362335677015,0.08556717370532008,0.5476299117140485,1.2523700882859514,4.908738521234052,14.636104408437253,71.84480951049947
0.5,31,0.6,5.0,1.8,3.2463124087094526,5.843362335677015,0.08556717370532008,0.5476299117140485,1.2523700882859514,5.890486225480862,14.636104408437253,86.21377141259936
0.5,31,0.7,5.0,1.8,3.2463124087094526,5.843362335677015,0.08556717370532008,0.5476299117140485,1.2523700882859514,6.872233929727671,14.636104408437253,100.58273331469924
0.5,31,0.8,5.0,1.8,3.2463124087094526,5.843362335677015,0.08556717370532008,0.5476299117140485,1.2523700882859514,7.853981633974484,14.636104408437253,114.95169521679917
0.5,31,0.9,5.0,1.8,3.2463124087094526,5.843362335677015,0.08556717370532008,0.5476299117140485,1.2523700882859514,8.835729338221293,14.636104408437253,129.32065711889905
0.5,31,1.0,5.0,1.8,3.2463124087094526,5.843362335677015,0.08556717370532008,0.5476299117140485,1.2523700882859514,9.817477042468104,14.636104408437253,143.68961902099895
0.5,31,1.1,5.0,1.8,3.2463124087094526,5.843362335677015,0.08556717370532008,0.5476299117140485,1.2523700882859514,10.799224746714915,14.636104408437253,158.05858092309884
0.5,31,1.2,5.0,1.8,3.2463124087094526,5.843362335677015,0.08556717370532008,0.5476299117140485,1.2523700882859514,11.780972450961723,14.636104408437253,172.4275428251987
0.5,31,1.3,5.0,1.8,3.2463124087094526,5.843362335677015,0.08556717370532008,0.5476299117140485,1.2523700882859514,12.762720155208536,14.636104408437253,186.79650472729864
0.5,31,1.4,5.0,1.8,3.2463124087094526,5.843362335677015,0.08556717370532008,0.5476299117140485,1.2523700882859514,13.744467859455343,14.636104408437253,201.16546662939848
0.5,31,1.5,5.0,1.8,3.2463124087094526,5.843362335677015,0.08556717370532008,0.5476299117140485,1.2523700882859514,14.726215563702155,14.636104408437253,215.5344285314984
0.5,31,1.6,5.0,1.8,3.2463124087094526,5.843362335677015,0.08556717370532008,0.5476299117140485,1.2523700882859514,15.707963267948967,14.636104408437253,229.90339043359833
0.5,31,1.7,5.0,1.8,3.2463124087094526,5.843362335677015,0.08556717370532008,0.5476299117140485,1.2523700882859514,16.689710972195776,14.636104408437253,244.2723523356982
0.5,31,1.8,5.0,1.8,3.2463124087094526,5.843362335677015,0.08556717370532008,0.5476299117140485,1.2523700882859514,17.671458676442587,14.636104408437253,258.6413142377981
0.5,31,1.9,5.0,1.8,3.2463124087094526,5.843362335677015,0.08556717370532008,0.5476299117140485,1.2523700882859514,18.653206380689394,14.636104408437253,273.01027613989794
0.5,31,2.0,5.0,1.8,3.2463124087094526,5.843362335677015,0.08556717370532008,0.5476299117140485,1.2523700882859514,19.634954084936208,14.636104408437253,287.3792380419979
0.5,32,0.1,5.0,1.8,3.3510321638291125,6.031857894892402,0.08289319952702882,0.5305164769729844,1.2694835230270156,0.9817477042468105,15.31468842161265,15.03516019917343
0.5,32,0.2,5.0,1.8,3.3510321638291125,6.031857894892402,0.08289319952702882,0.5305164769729844,1.2694835230270156,1.963495408493621,15.31468842161265,30.07032039834686
0.5,32,0.3,5.0,1.8,3.3510321638291125,6.031857894892402,0.08289319952702882,0.5305164769729844,1.2694835230270156,2.945243112740431,15.31468842161265,45.10548059752028
0.5,32,0.4,5.0,1.8,3.3510321638291125,6.031857894892402,0.08289319952702882,0.5305164769729844,1.2694835230270156,3.926990816987242,15.31468842161265,60.14064079669372
0.5,32,0.5,5.0,1.8,3.3510321638291125,6.031857894892402,0.08289319952702882,0.5305164769729844,1.2694835230270156,4.908738521234052,15.31468842161265,75.17580099586714
0.5,32,0.6,5.0,1.8,3.3510321638291125,6.031857894892402,0.08289319952702882,0.5305164769729844,1.2694835230270156,5.890486225480862,15.31468842161265,90.21096119504055
0.5,32,0.7,5.0,1.8,3.3510321638291125,6.031857894892402,0.08289319952702882,0.5305164769729844,1.2694835230270156,6.872233929727671,15.31468842161265,105.24612139421397
0.5,32,0.8,5.0,1.8,3.3510321638291125,6.031857894892402,0.08289319952702882,0.5305164769729844,1.2694835230270156,7.853981633974484,15.31468842161265,120.28128159338743
0.5,32,0.9,5.0,1.8,3.3510321638291125,6.031857894892402,0.08289319952702882,0.5305164769729844,1.2694835230270156,8.835729338221293,15.31468842161265,135.31644179256085
0.5,32,1.0,5.0,1.8,3.3510321638291125,6.031857894892402,0.08289319952702882,0.5305164769729844,1.2694835230270156,9.817477042468104,15.31468842161265,150.35160199173427
0.5,32,1.1,5.0,1.8,3.3510321638291125,6.031857894892402,0.08289319952702882,0.5305164769729844,1.2694835230270156,10.799224746714915,15.31468842161265,165.38676219090772
0.5,32,1.2,5.0,1.8,3.3510321638291125,6.031857894892402,0.08289319952702882,0.5305164769729844,1.2694835230270156,11.780972450961723,15.31468842161265,180.4219223900811
0.5,32,1.3,5.0,1.8,3.3510321638291125,6.031857894892402,0.08289319952702882,0.5305164769729844,1.2694835230270156,12.762720155208536,15.31468842161265,195.45708258925458
0.5,32,1.4,5.0,1.8,3.3510321638291125,6.031857894892402,0.08289319952702882,0.5305164769729844,1.2694835230270156,13.744467859455343,15.31468842161265,210.49224278842794
0.5,32,1.5,5.0,1.8,3.3510321638291125,6.031857894892402,0.08289319952702882,0.5305164769729844,1.2694835230270156,14.726215563702155,15.31468842161265,225.52740298760142
0.5,32,1.6,5.0,1.8,3.3510321638291125,6.031857894892402,0.08289319952702882,0.5305164769729844,1.2694835230270156,15.707963267948967,15.31468842161265,240.56256318677487
0.5,32,1.7,5.0,1.8,3.3510321638291125,6.031857894892402,0.08289319952702882,0.5305164769729844,1.2694835230270156,16.689710972195776,15.31468842161265,255.59772338594829
0.5,32,1.8,5.0,1.8,3.3510321638291125,6.031857894892402,0.08289319952702882,0.5305164769729844,1.2694835230270156,17.671458676442587,15.31468842161265,270.6328835851217
0.5,32,1.9,5.0,1.8,3.3510321638291125,6.031857894892402,0.08289319952702882,0.5305164769729844,1.2694835230270156,18.653206380689394,15.31468842161265,285.6680437842951
0.5,32,2.0,5.0,1.8,3.3510321638291125,6.031857894892402,0.08289319952702882,0.5305164769729844,1.2694835230270156,19.634954084936208,15.31468842161265,300.70320398346854
0.5,33,0.1,5.0,1.8,3.4557519189487724,6.220353454107791,0.08038128438984612,0.5144402200950152,1.2855597799049847,0.9817477042468105,15.993272434788047,15.70135849624696
0.5,33,0.2,5.0,1.8,3.4557519189487724,6.220353454107791,0.08038128438984612,0.5144402200950152,1.2855597799049847,1.963495408493621,15.993272434788047,31.40271699249392
0.5,33,0.3,5.0,1.8,3.4557519189487724,6.220353454107791,0.08038128438984612,0.5144402200950152,1.2855597799049847,2.945243112740431,15.993272434788047,47.104075488740875
0.5,33,0.4,5.0,1.8,3.4557519189487724,6.220353454107791,0.08038128438984612,0.5144402200950152,1.2855597799049847,3.926990816987242,15.993272434788047,62.80543398498784
0.5,33,0.5,5.0,1.8,3.4557519189487724,6.220353454107791,0.08038128438984612,0.5144402200950152,1.2855597799049847,4.908738521234052,15.993272434788047,78.5067924812348
0.5,33,0.6,5.0,1.8,3.4557519189487724,6.220353454107791,0.08038128438984612,0.5144402200950152,1.2855597799049847,5.890486225480862,15.993272434788047,94.20815097748175
0.5,33,0.7,5.0,1.8,3.4557519189487724,6.220353454107791,0.08038128438984612,0.5144402200950152,1.2855597799049847,6.872233929727671,15.993272434788047,109.9095094737287
0.5,33,0.8,5.0,1.8,3.4557519189487724,6.220353454107791,0.08038128438984612,0.5144402200950152,1.2855597799049847,7.853981633974484,15.993272434788047,125.61086796997569
0.5,33,0.9,5.0,1.8,3.4557519189487724,6.220353454107791,0.08038128438984612,0.5144402200950152,1.2855597799049847,8.835729338221293,15.993272434788047,141.31222646622265
0.5,33,1.0,5.0,1.8,3.4557519189487724,6.220353454107791,0.08038128438984612,0.5144402200950152,1.2855597799049847,9.817477042468104,15.993272434788047,157.0135849624696
0.5,33,1.1,5.0,1.8,3.4557519189487724,6.220353454107791,0.08038128438984612,0.5144402200950152,1.2855597799049847,10.799224746714915,15.993272434788047,172.71494345871656
0.5,33,1.2,5.0,1.8,3.4557519189487724,6.220353454107791,0.08038128438984612,0.5144402200950152,1.2855597799049847,11.780972450961723,15.993272434788047,188.4163019549635
0.5,33,1.3,5.0,1.8,3.4557519189487724,6.220353454107791,0.08038128438984612,0.5144402200950152,1.2855597799049847,12.762720155208536,15.993272434788047,204.1176604512105
0.5,33,1.4,5.0,1.8,3.4557519189487724,6.220353454107791,0.08038128438984612,0.5144402200950152,1.2855597799049847,13.744467859455343,15.993272434788047,219.8190189474574
0.5,33,1.5,5.0,1.8,3.4557519189487724,6.220353454107791,0.08038128438984612,0.5144402200950152,1.2855597799049847,14.726215563702155,15.993272434788047,235.5203774437044
0.5,33,1.6,5.0,1.8,3.4557519189487724,6.220353454107791,0.08038128438984612,0.5144402200950152,1.2855597799049847,15.707963267948967,15.993272434788047,251.22173593995137
0.5,33,1.7,5.0,1.8,3.4557519189487724,6.220353454107791,0.08038128438984612,0.5144402200950152,1.2855597799049847,16.689710972195776,15.993272434788047,266.9230944361983
0.5,33,1.8,5.0,1.8,3.4557519189487724,6.220353454107791,0.08038128438984612,0.5144402200950152,1.2855597799049847,17.671458676442587,15.993272434788047,282.6244529324453
0.5,33,1.9,5.0,1.8,3.4557519189487724,6.220353454107791,0.08038128438984612,0.5144402200950152,1.2855597799049847,18.653206380689394,15.993272434788047,298.3258114286922
0.5,33,2.0,5.0,1.8,3.4557519189487724,6.220353454107791,0.08038128438984612,0.5144402200950152,1.2855597799049847,19.634954084936208,15.993272434788047,314.0271699249392
0.5,34,0.1,5.0,1.8,3.5604716740684323,6.408849013323178,0.07801712896661536,0.6241370317329229,1.1758629682670771,0.9817477042468105,15.071856447963441,14.796760466525596
0.5,34,0.2,5.0,1.8,3.5604716740684323,6.408849013323178,0.07801712896661536,0.6241370317329229,1.1758629682670771,1.963495408493621,15.071856447963441,29.59352093305119
0.5,34,0.3,5.0,1.8,3.5604716740684323,6.408849013323178,0.07801712896661536,0.6241370317329229,1.1758629682670771,2.945243112740431,15.071856447963441,44.39028139957678
0.5,34,0.4,5.0,1.8,3.5604716740684323,6.408849013323178,0.07801712896661536,0.6241370317329229,1.1758629682670771,3.926990816987242,15.071856447963441,59.18704186610238
0.5,34,0.5,5.0,1.8,3.5604716740684323,6.408849013323178,0.07801712896661536,0.6241370317329229,1.1758629682670771,4.908738521234052,15.071856447963441,73.98380233262797
0.5,34,0.6,5.0,1.8,3.5604716740684323,6.408849013323178,0.07801712896661536,0.6241370317329229,1.1758629682670771,5.890486225480862,15.071856447963441,88.78056279915356
0.5,34,0.7,5.0,1.8,3.5604716740684323,6.408849013323178,0.07801712896661536,0.6241370317329229,1.1758629682670771,6.872233929727671,15.071856447963441,103.57732326567914
0.5,34,0.8,5.0,1.8,3.5604716740684323,6.408849013323178,0.07801712896661536,0.6241370317329229,1.1758629682670771,7.853981633974484,15.071856447963441,118.37408373220477
0.5,34,0.9,5.0,1.8,3.5604716740684323,6.408849013323178,0.07801712896661536,0.6241370317329229,1.1758629682670771,8.835729338221293,15.071856447963441,133.17084419873035
0.5,34,1.0,5.0,1.8,3.5604716740684323,6.408849013323178,0.07801712896661536,0.6241370317329229,1.1758629682670771,9.817477042468104,15.071856447963441,147.96760466525595
0.5,34,1.1,5.0,1.8,3.5604716740684323,6.408849013323178,0.07801712896661536,0.6241370317329229,1.1758629682670771,10.799224746714915,15.071856447963441,162.76436513178155
0.5,34,1.2,5.0,1.8,3.5604716740684323,6.408849013323178,0.07801712896661536,0.6241370317329229,1.1758629682670771,11.780972450961723,15.071856447963441,177.56112559830711
0.5,34,1.3,5.0,1.8,3.5604716740684323,6.408849013323178,0.07801712896661536,0.6241370317329229,1.1758629682670771,12.762720155208536,15.071856447963441,192.35788606483274
0.5,34,1.4,5.0,1.8,3.5604716740684323,6.408849013323178,0.07801712896661536,0.6241370317329229,1.1758629682670771,13.744467859455343,15.071856447963441,207.15464653135828
0.5,34,1.5,5.0,1.8,3.5604716740684323,6.408849013323178,0.07801712896661536,0.6241370317329229,1.1758629682670771,14.726215563702155,15.071856447963441,221.9514069978839
0.5,34,1.6,5.0,1.8,3.5604716740684323,6.408849013323178,0.07801712896661536,0.6241370317329229,1.1758629682670771,15.707963267948967,15.071856447963441,236.74816746440953
0.5,34,1.7,5.0,1.8,3.5604716740684323,6.408849013323178,0.07801712896661536,0.6241370317329229,1.1758629682670771,16.689710972195776,15.071856447963441,251.5449279309351
0.5,34,1.8,5.0,1.8,3.5604716740684323,6.408849013323178,0.07801712896661536,0.6241370317329229,1.1758629682670771,17.671458676442587,15.071856447963441,266.3416883974607
0.5,34,1.9,5.0,1.8,3.5604716740684323,6.408849013323178,0.07801712896661536,0.6241370317329229,1.1758629682670771,18.653206380689394,15.071856447963441,281.13844886398624
0.5,34,2.0,5.0,1.8,3.5604716740684323,6.408849013323178,0.07801712896661536,0.6241370317329229,1.1758629682670771,19.634954084936208,15.071856447963441,295.9352093305119
0.5,35,0.1,5.0,1.8,3.665191429188092,6.5973445725385655,0.07578806813899779,0.6063045451119822,1.1936954548880179,0.9817477042468105,15.750440461138837,15.462958763599127
0.5,35,0.2,5.0,1.8,3.665191429188092,6.5973445725385655,0.07578806813899779,0.6063045451119822,1.1936954548880179,1.963495408493621,15.750440461138837,30.925917527198255
0.5,35,0.3,5.0,1.8,3.665191429188092,6.5973445725385655,0.07578806813899779,0.6063045451119822,1.1936954548880179,2.945243112740431,15.750440461138837,46.38887629079738
0.5,35,0.4,5.0,1.8,3.665191429188092,6.5973445725385655,0.07578806813899779,0.6063045451119822,1.1936954548880179,3.926990816987242,15.750440461138837,61.85183505439651
0.5,35,0.5,5.0,1.8,3.665191429188092,6.5973445725385655,0.07578806813899779,0.6063045451119822,1.1936954548880179,4.908738521234052,15.750440461138837,77.31479381799564
0.5,35,0.6,5.0,1.8,3.665191429188092,6.5973445725385655,0.07578806813899779,0.6063045451119822,1.1936954548880179,5.890486225480862,15.750440461138837,92.77775258159475
0.5,35,0.7,5.0,1.8,3.665191429188092,6.5973445725385655,0.07578806813899779,0.6063045451119822,1.1936954548880179,6.872233929727671,15.750440461138837,108.24071134519386
0.5,35,0.8,5.0,1.8,3.665191429188092,6.5973445725385655,0.07578806813899779,0.6063045451119822,1.1936954548880179,7.853981633974484,15.750440461138837,123.70367010879302
0.5,35,0.9,5.0,1.8,3.665191429188092,6.5973445725385655,0.07578806813899779,0.6063045451119822,1.1936954548880179,8.835729338221293,15.750440461138837,139.16662887239212
0.5,35,1.0,5.0,1.8,3.665191429188092,6.5973445725385655,0.07578806813899779,0.6063045451119822,1.1936954548880179,9.817477042468104,15.750440461138837,154.62958763599127
0.5,35,1.1,5.0,1.8,3.665191429188092,6.5973445725385655,0.07578806813899779,0.6063045451119822,1.1936954548880179,10.799224746714915,15.750440461138837,170.0925463995904
0.5,35,1.2,5.0,1.8,3.665191429188092,6.5973445725385655,0.07578806813899779,0.6063045451119822,1.1936954548880179,11.780972450961723,15.750440461138837,185.5555051631895
0.5,35,1.3,5.0,1.8,3.665191429188092,6.5973445725385655,0.07578806813899779,0.6063045451119822,1.1936954548880179,12.762720155208536,15.750440461138837,201.01846392678866
0.5,35,1.4,5.0,1.8,3.665191429188092,6.5973445725385655,0.07578806813899779,0.6063045451119822,1.1936954548880179,13.744467859455343,15.750440461138837,216.48142269038772
0.5,35,1.5,5.0,1.8,3.665191429188092,6.5973445725385655,0.07578806813899779,0.6063045451119822,1.1936954548880179,14.726215563702155,15.750440461138837,231.9443814539869
0.5,35,1.6,5.0,1.8,3.665191429188092,6.5973445725385655,0.07578806813899779,0.6063045451119822,1.1936954548880179,15.707963267948967,15.750440461138837,247.40734021758604
0.5,35,1.7,5.0,1.8,3.665191429188092,6.5973445725385655,0.07578806813899779,0.6063045451119822,1.1936954548880179,16.689710972195776,15.750440461138837,262.87029898118516
0.5,35,1.8,5.0,1.8,3.665191429188092,6.5973445725385655,0.07578806813899779,0.6063045451119822,1.1936954548880179,17.671458676442587,15.750440461138837,278.33325774478425
0.5,35,1.9,5.0,1.8,3.665191429188092,6.5973445725385655,0.07578806813899779,0.6063045451119822,1.1936954548880179,18.653206380689394,15.750440461138837,293.79621650838334
0.5,35,2.0,5.0,1.8,3.665191429188092,6.5973445725385655,0.07578806813899779,0.6063045451119822,1.1936954548880179,19.634954084936208,15.750440461138837,309.25917527198254
0.6,10,0.1,5.0,1.8,1.0471975511965976,1.8849555921538759,0.2652582384864922,0.8488263631567752,0.9511736368432249,1.1780972450961724,3.5858401317539537,4.224468380574629
0.6,10,0.2,5.0,1.8,1.0471975511965976,1.8849555921538759,0.2652582384864922,0.8488263631567752,0.9511736368432249,2.356194490192345,3.5858401317539537,8.448936761149257
0.6,10,0.3,5.0,1.8,1.0471975511965976,1.8849555921538759,0.2652582384864922,0.8488263631567752,0.9511736368432249,3.534291735288517,3.5858401317539537,12.673405141723885
0.6,10,0.4,5.0,1.8,1.0471975511965976,1.8849555921538759,0.2652582384864922,0.8488263631567752,0.9511736368432249,4.71238898038469,3.5858401317539537,16.897873522298514
0.6,10,0.5,5.0,1.8,1.0471975511965976,1.8849555921538759,0.2652582384864922,0.8488263631567752,0.9511736368432249,5.890486225480862,3.5858401317539537,21.122341902873142
0.6,10,0.6,5.0,1.8,1.0471975511965976,1.8849555921538759,0.2652582384864922,0.8488263631567752,0.9511736368432249,7.068583470577034,3.5858401317539537,25.34681028344777
0.6,10,0.7,5.0,1.8,1.0471975511965976,1.8849555921538759,0.2652582384864922,0.8488263631567752,0.9511736368432249,8.246680715673206,3.5858401317539537,29.571278664022397
0.6,10,0.8,5.0,1.8,1.0471975511965976,1.8849555921538759,0.2652582384864922,0.8488263631567752,0.9511736368432249,9.42477796076938,3.5858401317539537,33.79574704459703
0.6,10,0.9,5.0,1.8,1.0471975511965976,1.8849555921538759,0.2652582384864922,0.8488263631567752,0.9511736368432249,10.602875205865551,3.5858401317539537,38.020215425171656
0.6,10,1.0,5.0,1.8,1.0471975511965976,1.8849555921538759,0.2652582384864922,0.8488263631567752,0.9511736368432249,11.780972450961723,3.5858401317539537,42.244683805746284
0.6,10,1.1,5.0,1.8,1.0471975511965976,1.8849555921538759,0.2652582384864922,0.8488263631567752,0.9511736368432249,12.959069696057897,3.5858401317539537,46.46915218632092
0.6,10,1.2,5.0,1.8,1.0471975511965976,1.8849555921538759,0.2652582384864922,0.8488263631567752,0.9511736368432249,14.137166941154067,3.5858401317539537,50.69362056689554
0.6,10,1.3,5.0,1.8,1.0471975511965976,1.8849555921538759,0.2652582384864922,0.8488263631567752,0.9511736368432249,15.315264186250241,3.5858401317539537,54.918088947470174
0.6,10,1.4,5.0,1.8,1.0471975511965976,1.8849555921538759,0.2652582384864922,0.8488263631567752,0.9511736368432249,16.49336143134641,3.5858401317539537,59.142557328044795
0.6,10,1.5,5.0,1.8,1.0471975511965976,1.8849555921538759,0.2652582384864922,0.8488263631567752,0.9511736368432249,17.671458676442587,3.5858401317539537,63.36702570861943
0.6,10,1.6,5.0,1.8,1.0471975511965976,1.8849555921538759,0.2652582384864922,0.8488263631567752,0.9511736368432249,18.84955592153876,3.5858401317539537,67.59149408919406
0.6,10,1.7,5.0,1.8,1.0471975511965976,1.8849555921538759,0.2652582384864922,0.8488263631567752,0.9511736368432249,20.02765316663493,3.5858401317539537,71.81596246976869
0.6,10,1.8,5.0,1.8,1.0471975511965976,1.8849555921538759,0.2652582384864922,0.8488263631567752,0.9511736368432249,21.205750411731103,3.5858401317539537,76.04043085034331
0.6,10,1.9,5.0,1.8,1.0471975511965976,1.8849555921538759,0.2652582384864922,0.8488263631567752,0.9511736368432249,22.383847656827275,3.5858401317539537,80.26489923091795
0.6,10,2.0,5.0,1.8,1.0471975511965976,1.8849555921538759,0.2652582384864922,0.8488263631567752,0.9511736368432249,23.561944901923447,3.5858401317539537,84.48936761149257
0.6,11,0.1,5.0,1.8,1.1519173063162573,2.0734511513692633,0.24114385316953843,0.7716603301425229,1.0283396698574772,1.1780972450961724,4.264424144929348,5.023906337062865
0.6,11,0.2,5.0,1.8,1.1519173063162573,2.0734511513692633,0.24114385316953843,0.7716603301425229,1.0283396698574772,2.356194490192345,4.264424144929348,10.04781267412573
0.6,11,0.3,5.0,1.8,1.1519173063162573,2.0734511513692633,0.24114385316953843,0.7716603301425229,1.0283396698574772,3.534291735288517,4.264424144929348,15.071719011188593
0.6,11,0.4,5.0,1.8,1.1519173063162573,2.0734511513692633,0.24114385316953843,0.7716603301425229,1.0283396698574772,4.71238898038469,4.264424144929348,20.09562534825146
0.6,11,0.5,5.0,1.8,1.1519173063162573,2.0734511513692633,0.24114385316953843,0.7716603301425229,1.0283396698574772,5.890486225480862,4.264424144929348,25.119531685314325
0.6,11,0.6,5.0,1.8,1.1519173063162573,2.0734511513692633,0.24114385316953843,0.7716603301425229,1.0283396698574772,7.068583470577034,4.264424144929348,30.143438022377186
0.6,11,0.7,5.0,1.8,1.1519173063162573,2.0734511513692633,0.24114385316953843,0.7716603301425229,1.0283396698574772,8.246680715673206,4.264424144929348,35.16734435944005
0.6,11,0.8,5.0,1.8,1.1519173063162573,2.0734511513692633,0.24114385316953843,0.7716603301425229,1.0283396698574772,9.42477796076938,4.264424144929348,40.19125069650292
0.6,11,0.9,5.0,1.8,1.1519173063162573,2.0734511513692633,0.24114385316953843,0.7716603301425229,1.0283396698574772,10.602875205865551,4.264424144929348,45.21515703356578
0.6,11,1.0,5.0,1.8,1.1519173063162573,2.0734511513692633,0.24114385316953843,0.7716603301425229,1.0283396698574772,11.780972450961723,4.264424144929348,50.23906337062865
0.6,11,1.1,5.0,1.8,1.1519173063162573,2.0734511513692633,0.24114385316953843,0.7716603301425229,1.0283396698574772,12.959069696057897,4.264424144929348,55.26296970769152
0.6,11,1.2,5.0,1.8,1.1519173063162573,2.0734511513692633,0.24114385316953843,0.7716603301425229,1.0283396698574772,14.137166941154067,4.264424144929348,60.28687604475437
0.6,11,1.3,5.0,1.8,1.1519173063162573,2.0734511513692633,0.24114385316953843,0.7716603301425229,1.0283396698574772,15.315264186250241,4.264424144929348,65.31078238181725
0.6,11,1.4,5.0,1.8,1.1519173063162573,2.0734511513692633,0.24114385316953843,0.7716603301425229,1.0283396698574772,16.49336143134641,4.264424144929348,70.3346887188801
0.6,11,1.5,5.0,1.8,1.1519173063162573,2.0734511513692633,0.24114385316953843,0.7716603301425229,1.0283396698574772,17.671458676442587,4.264424144929348,75.35859505594298
0.6,11,1.6,5.0,1.8,1.1519173063162573,2.0734511513692633,0.24114385316953843,0.7716603301425229,1.0283396698574772,18.84955592153876,4.264424144929348,80.38250139300584
0.6,11,1.7,5.0,1.8,1.1519173063162573,2.0734511513692633,0.24114385316953843,0.7716603301425229,1.0283396698574772,20.02765316663493,4.264424144929348,85.40640773006871
0.6,11,1.8,5.0,1.8,1.1519173063162573,2.0734511513692633,0.24114385316953843,0.7716603301425229,1.0283396698574772,21.205750411731103,4.264424144929348,90.43031406713156
0.6,11,1.9,5.0,1.8,1.1519173063162573,2.0734511513692633,0.24114385316953843,0.7716603301425229,1.0283396698574772,22.383847656827275,4.264424144929348,95.45422040419443
0.6,11,2.0,5.0,1.8,1.1519173063162573,2.0734511513692633,0.24114385316953843,0.7716603301425229,1.0283396698574772,23.561944901923447,4.264424144929348,100.4781267412573
0.6,12,0.1,5.0,1.8,1.2566370614359172,2.261946710584651,0.22104853207207686,0.7073553026306459,1.0926446973693542,1.1780972450961724,4.943008158104744,5.823344293551105
0.6,12,0.2,5.0,1.8,1.2566370614359172,2.261946710584651,0.22104853207207686,0.7073553026306459,1.0926446973693542,2.356194490192345,4.943008158104744,11.64668858710221
0.6,12,0.3,5.0,1.8,1.2566370614359172,2.261946710584651,0.22104853207207686,0.7073553026306459,1.0926446973693542,3.534291735288517,4.943008158104744,17.47003288065331
0.6,12,0.4,5.0,1.8,1.2566370614359172,2.261946710584651,0.22104853207207686,0.7073553026306459,1.0926446973693542,4.71238898038469,4.943008158104744,23.29337717420442
0.6,12,0.5,5.0,1.8,1.2566370614359172,2.261946710584651,0.22104853207207686,0.7073553026306459,1.0926446973693542,5.890486225480862,4.943008158104744,29.11672146775552
0.6,12,0.6,5.0,1.8,1.2566370614359172,2.261946710584651,0.22104853207207686,0.7073553026306459,1.0926446973693542,7.068583470577034,4.943008158104744,34.94006576130662
0.6,12,0.7,5.0,1.8,1.2566370614359172,2.261946710584651,0.22104853207207686,0.7073553026306459,1.0926446973693542,8.246680715673206,4.943008158104744,40.76341005485773
0.6,12,0.8,5.0,1.8,1.2566370614359172,2.261946710584651,0.22104853207207686,0.7073553026306459,1.0926446973693542,9.42477796076938,4.943008158104744,46.58675434840884
0.6,12,0.9,5.0,1.8,1.2566370614359172,2.261946710584651,0.22104853207207686,0.7073553026306459,1.0926446973693542,10.602875205865551,4.943008158104744,52.41009864195994
0.6,12,1.0,5.0,1.8,1.2566370614359172,2.261946710584651,0.22104853207207686,0.7073553026306459,1.0926446973693542,11.780972450961723,4.943008158104744,58.23344293551104
0.6,12,1.1,5.0,1.8,1.2566370614359172,2.261946710584651,0.22104853207207686,0.7073553026306459,1.0926446973693542,12.959069696057897,4.943008158104744,64.05678722906215
0.6,12,1.2,5.0,1.8,1.2566370614359172,2.261946710584651,0.22104853207207686,0.7073553026306459,1.0926446973693542,14.137166941154067,4.943008158104744,69.88013152261324
0.6,12,1.3,5.0,1.8,1.2566370614359172,2.261946710584651,0.22104853207207686,0.7073553026306459,1.0926446973693542,15.315264186250241,4.943008158104744,75.70347581616436
0.6,12,1.4,5.0,1.8,1.2566370614359172,2.261946710584651,0.22104853207207686,0.7073553026306459,1.0926446973693542,16.49336143134641,4.943008158104744,81.52682010971546
0.6,12,1.5,5.0,1.8,1.2566370614359172,2.261946710584651,0.22104853207207686,0.7073553026306459,1.0926446973693542,17.671458676442587,4.943008158104744,87.35016440326658
0.6,12,1.6,5.0,1.8,1.2566370614359172,2.261946710584651,0.22104853207207686,0.7073553026306459,1.0926446973693542,18.84955592153876,4.943008158104744,93.17350869681768
0.6,12,1.7,5.0,1.8,1.2566370614359172,2.261946710584651,0.22104853207207686,0.7073553026306459,1.0926446973693542,20.02765316663493,4.943008158104744,98.99685299036878
0.6,12,1.8,5.0,1.8,1.2566370614359172,2.261946710584651,0.22104853207207686,0.7073553026306459,1.0926446973693542,21.205750411731103,4.943008158104744,104.82019728391988
0.6,12,1.9,5.0,1.8,1.2566370614359172,2.261946710584651,0.22104853207207686,0.7073553026306459,1.0926446973693542,22.383847656827275,4.943008158104744,110.64354157747098
0.6,12,2.0,5.0,1.8,1.2566370614359172,2.261946710584651,0.22104853207207686,0.7073553026306459,1.0926446973693542,23.561944901923447,4.943008158104744,116.46688587102209
0.6,13,0.1,5.0,1.8,1.3613568165555772,2.450442269800039,0.20404479883576324,0.6529433562744423,1.1470566437255578,1.1780972450961724,5.621592171280141,6.622782250039344
0.6,13,0.2,5.0,1.8,1.3613568165555772,2.450442269800039,0.20404479883576324,0.6529433562744423,1.1470566437255578,2.356194490192345,5.621592171280141,13.245564500078688
0.6,13,0.3,5.0,1.8,1.3613568165555772,2.450442269800039,0.20404479883576324,0.6529433562744423,1.1470566437255578,3.534291735288517,5.621592171280141,19.86834675011803
0.6,13,0.4,5.0,1.8,1.3613568165555772,2.450442269800039,0.20404479883576324,0.6529433562744423,1.1470566437255578,4.71238898038469,5.621592171280141,26.491129000157375
0.6,13,0.5,5.0,1.8,1.3613568165555772,2.450442269800039,0.20404479883576324,0.6529433562744423,1.1470566437255578,5.890486225480862,5.621592171280141,33.11391125019672
0.6,13,0.6,5.0,1.8,1.3613568165555772,2.450442269800039,0.20404479883576324,0.6529433562744423,1.1470566437255578,7.068583470577034,5.621592171280141,39.73669350023606
0.6,13,0.7,5.0,1.8,1.3613568165555772,2.450442269800039,0.20404479883576324,0.6529433562744423,1.1470566437255578,8.246680715673206,5.621592171280141,46.3594757502754
0.6,13,0.8,5.0,1.8,1.3613568165555772,2.450442269800039,0.20404479883576324,0.6529433562744423,1.1470566437255578,9.42477796076938,5.621592171280141,52.98225800031475
0.6,13,0.9,5.0,1.8,1.3613568165555772,2.450442269800039,0.20404479883576324,0.6529433562744423,1.1470566437255578,10.602875205865551,5.621592171280141,59.605040250354094
0.6,13,1.0,5.0,1.8,1.3613568165555772,2.450442269800039,0.20404479883576324,0.6529433562744423,1.1470566437255578,11.780972450961723,5.621592171280141,66.22782250039344
0.6,13,1.1,5.0,1.8,1.3613568165555772,2.450442269800039,0.20404479883576324,0.6529433562744423,1.1470566437255578,12.959069696057897,5.621592171280141,72.8506047504328
0.6,13,1.2,5.0,1.8,1.3613568165555772,2.450442269800039,0.20404479883576324,0.6529433562744423,1.1470566437255578,14.137166941154067,5.621592171280141,79.47338700047212
0.6,13,1.3,5.0,1.8,1.3613568165555772,2.450442269800039,0.20404479883576324,0.6529433562744423,1.1470566437255578,15.315264186250241,5.621592171280141,86.09616925051147
0.6,13,1.4,5.0,1.8,1.3613568165555772,2.450442269800039,0.20404479883576324,0.6529433562744423,1.1470566437255578,16.49336143134641,5.621592171280141,92.7189515005508
0.6,13,1.5,5.0,1.8,1.3613568165555772,2.450442269800039,0.20404479883576324,0.6529433562744423,1.1470566437255578,17.671458676442587,5.621592171280141,99.34173375059017
0.6,13,1.6,5.0,1.8,1.3613568165555772,2.450442269800039,0.20404479883576324,0.6529433562744423,1.1470566437255578,18.84955592153876,5.621592171280141,105.9645160006295
0.6,13,1.7,5.0,1.8,1.3613568165555772,2.450442269800039,0.20404479883576324,0.6529433562744423,1.1470566437255578,20.02765316663493,5.621592171280141,112.58729825066885
0.6,13,1.8,5.0,1.8,1.3613568165555772,2.450442269800039,0.20404479883576324,0.6529433562744423,1.1470566437255578,21.205750411731103,5.621592171280141,119.21008050070819
0.6,13,1.9,5.0,1.8,1.3613568165555772,2.450442269800039,0.20404479883576324,0.6529433562744423,1.1470566437255578,22.383847656827275,5.621592171280141,125.83286275074754
0.6,13,2.0,5.0,1.8,1.3613568165555772,2.450442269800039,0.20404479883576324,0.6529433562744423,1.1470566437255578,23.561944901923447,5.621592171280141,132.4556450007869
0.6,14,0.1,5.0,1.8,1.4660765716752369,2.6389378290154264,0.18947017034749444,0.6063045451119822,1.1936954548880179,1.1780972450961724,6.300176184455536,7.422220206527582
0.6,14,0.2,5.0,1.8,1.4660765716752369,2.6389378290154264,0.18947017034749444,0.6063045451119822,1.1936954548880179,2.356194490192345,6.300176184455536,14.844440413055164
0.6,14,0.3,5.0,1.8,1.4660765716752369,2.6389378290154264,0.18947017034749444,0.6063045451119822,1.1936954548880179,3.534291735288517,6.300176184455536,22.26666061958274
0.6,14,0.4,5.0,1.8,1.4660765716752369,2.6389378290154264,0.18947017034749444,0.6063045451119822,1.1936954548880179,4.71238898038469,6.300176184455536,29.688880826110328
0.6,14,0.5,5.0,1.8,1.4660765716752369,2.6389378290154264,0.18947017034749444,0.6063045451119822,1.1936954548880179,5.890486225480862,6.300176184455536,37.111101032637904
0.6,14,0.6,5.0,1.8,1.4660765716752369,2.6389378290154264,0.18947017034749444,0.6063045451119822,1.1936954548880179,7.068583470577034,6.300176184455536,44.53332123916548
0.6,14,0.7,5.0,1.8,1.4660765716752369,2.6389378290154264,0.18947017034749444,0.6063045451119822,1.1936954548880179,8.246680715673206,6.300176184455536,51.955541445693065
0.6,14,0.8,5.0,1.8,1.4660765716752369,2.6389378290154264,0.18947017034749444,0.6063045451119822,1.1936954548880179,9.42477796076938,6.300176184455536,59.377761652220656
0.6,14,0.9,5.0,1.8,1.4660765716752369,2.6389378290154264,0.18947017034749444,0.6063045451119822,1.1936954548880179,10.602875205865551,6.300176184455536,66.79998185874823
0.6,14,1.0,5.0,1.8,1.4660765716752369,2.6389378290154264,0.18947017034749444,0.6063045451119822,1.1936954548880179,11.780972450961723,6.300176184455536,74.22220206527581
0.6,14,1.1,5.0,1.8,1.4660765716752369,2.6389378290154264,0.18947017034749444,0.6063045451119822,1.1936954548880179,12.959069696057897,6.300176184455536,81.6444222718034
0.6,14,1.2,5.0,1.8,1.4660765716752369,2.6389378290154264,0.18947017034749444,0.6063045451119822,1.1936954548880179,14.137166941154067,6.300176184455536,89.06664247833096
0.6,14,1.3,5.0,1.8,1.4660765716752369,2.6389378290154264,0.18947017034749444,0.6063045451119822,1.1936954548880179,15.315264186250241,6.300176184455536,96.48886268485856
0.6,14,1.4,5.0,1.8,1.4660765716752369,2.6389378290154264,0.18947017034749444,0.6063045451119822,1.1936954548880179,16.49336143134641,6.300176184455536,103.91108289138613
0.6,14,1.5,5.0,1.8,1.4660765716752369,2.6389378290154264,0.18947017034749444,0.6063045451119822,1.1936954548880179,17.671458676442587,6.300176184455536,111.33330309791373
0.6,14,1.6,5.0,1.8,1.4660765716752369,2.6389378290154264,0.18947017034749444,0.6063045451119822,1.1936954548880179,18.84955592153876,6.300176184455536,118.75552330444131
0.6,14,1.7,5.0,1.8,1.4660765716752369,2.6389378290154264,0.18947017034749444,0.6063045451119822,1.1936954548880179,20.02765316663493,6.300176184455536,126.17774351096888
0.6,14,1.8,5.0,1.8,1.4660765716752369,2.6389378290154264,0.18947017034749444,0.6063045451119822,1.1936954548880179,21.205750411731103,6.300176184455536,133.59996371749645
0.6,14,1.9,5.0,1.8,1.4660765716752369,2.6389378290154264,0.18947017034749444,0.6063045451119822,1.1936954548880179,22.383847656827275,6.300176184455536,141.02218392402403
0.6,14,2.0,5.0,1.8,1.4660765716752369,2.6389378290154264,0.18947017034749444,0.6063045451119822,1.1936954548880179,23.561944901923447,6.300176184455536,148.44440413055162
0.6,15,0.1,5.0,1.8,1.5707963267948963,2.8274333882308134,0.1768388256576615,0.5658842421045168,1.2341157578954833,1.1780972450961724,6.97876019763093,8.221658163015817
0.6,15,0.2,5.0,1.8,1.5707963267948963,2.8274333882308134,0.1768388256576615,0.5658842421045168,1.2341157578954833,2.356194490192345,6.97876019763093,16.443316326031635
0.6,15,0.3,5.0,1.8,1.5707963267948963,2.8274333882308134,0.1768388256576615,0.5658842421045168,1.2341157578954833,3.534291735288517,6.97876019763093,24.664974489047452
0.6,15,0.4,5.0,1.8,1.5707963267948963,2.8274333882308134,0.1768388256576615,0.5658842421045168,1.2341157578954833,4.71238898038469,6.97876019763093,32.88663265206327
0.6,15,0.5,5.0,1.8,1.5707963267948963,2.8274333882308134,0.1768388256576615,0.5658842421045168,1.2341157578954833,5.890486225480862,6.97876019763093,41.10829081507909
0.6,15,0.6,5.0,1.8,1.5707963267948963,2.8274333882308134,0.1768388256576615,0.5658842421045168,1.2341157578954833,7.068583470577034,6.97876019763093,49.329948978094905
0.6,15,0.7,5.0,1.8,1.5707963267948963,2.8274333882308134,0.1768388256576615,0.5658842421045168,1.2341157578954833,8.246680715673206,6.97876019763093,57.551607141110715
0.6,15,0.8,5.0,1.8,1.5707963267948963,2.8274333882308134,0.1768388256576615,0.5658842421045168,1.2341157578954833,9.42477796076938,6.97876019763093,65.77326530412654
0.6,15,0.9,5.0,1.8,1.5707963267948963,2.8274333882308134,0.1768388256576615,0.5658842421045168,1.2341157578954833,10.602875205865551,6.97876019763093,73.99492346714236
0.6,15,1.0,5.0,1.8,1.5707963267948963,2.8274333882308134,0.1768388256576615,0.5658842421045168,1.2341157578954833,11.780972450961723,6.97876019763093,82.21658163015817
0.6,15,1.1,5.0,1.8,1.5707963267948963,2.8274333882308134,0.1768388256576615,0.5658842421045168,1.2341157578954833,12.959069696057897,6.97876019763093,90.438239793174
0.6,15,1.2,5.0,1.8,1.5707963267948963,2.8274333882308134,0.1768388256576615,0.5658842421045168,1.2341157578954833,14.137166941154067,6.97876019763093,98.65989795618981
0.6,15,1.3,5.0,1.8,1.5707963267948963,2.8274333882308134,0.1768388256576615,0.5658842421045168,1.2341157578954833,15.315264186250241,6.97876019763093,106.88155611920563
0.6,15,1.4,5.0,1.8,1.5707963267948963,2.8274333882308134,0.1768388256576615,0.5658842421045168,1.2341157578954833,16.49336143134641,6.97876019763093,115.10321428222143
0.6,15,1.5,5.0,1.8,1.5707963267948963,2.8274333882308134,0.1768388256576615,0.5658842421045168,1.2341157578954833,17.671458676442587,6.97876019763093,123.32487244523728
0.6,15,1.6,5.0,1.8,1.5707963267948963,2.8274333882308134,0.1768388256576615,0.5658842421045168,1.2341157578954833,18.84955592153876,6.97876019763093,131.54653060825308
0.6,15,1.7,5.0,1.8,1.5707963267948963,2.8274333882308134,0.1768388256576615,0.5658842421045168,1.2341157578954833,20.02765316663493,6.97876019763093,139.7681887712689
0.6,15,1.8,5.0,1.8,1.5707963267948963,2.8274333882308134,0.1768388256576615,0.5658842421045168,1.2341157578954833,21.205750411731103,6.97876019763093,147.9898469342847
0.6,15,1.9,5.0,1.8,1.5707963267948963,2.8274333882308134,0.1768388256576615,0.5658842421045168,1.2341157578954833,22.383847656827275,6.97876019763093,156.21150509730055
0.6,15,2.0,5.0,1.8,1.5707963267948963,2.8274333882308134,0.1768388256576615,0.5658842421045168,1.2341157578954833,23.561944901923447,6.97876019763093,164.43316326031635
0.6,16,0.1,5.0,1.8,1.6755160819145563,3.015928947446201,0.16578639905405765,0.5305164769729844,1.2694835230270156,1.1780972450961724,7.657344210806325,9.021096119504056
0.6,16,0.2,5.0,1.8,1.6755160819145563,3.015928947446201,0.16578639905405765,0.5305164769729844,1.2694835230270156,2.356194490192345,7.657344210806325,18.042192239008113
0.6,16,0.3,5.0,1.8,1.6755160819145563,3.015928947446201,0.16578639905405765,0.5305164769729844,1.2694835230270156,3.534291735288517,7.657344210806325,27.063288358512168
0.6,16,0.4,5.0,1.8,1.6755160819145563,3.015928947446201,0.16578639905405765,0.5305164769729844,1.2694835230270156,4.71238898038469,7.657344210806325,36.084384478016226
0.6,16,0.5,5.0,1.8,1.6755160819145563,3.015928947446201,0.16578639905405765,0.5305164769729844,1.2694835230270156,5.890486225480862,7.657344210806325,45.10548059752028
0.6,16,0.6,5.0,1.8,1.6755160819145563,3.015928947446201,0.16578639905405765,0.5305164769729844,1.2694835230270156,7.068583470577034,7.657344210806325,54.126576717024335
0.6,16,0.7,5.0,1.8,1.6755160819145563,3.015928947446201,0.16578639905405765,0.5305164769729844,1.2694835230270156,8.246680715673206,7.657344210806325,63.147672836528386
0.6,16,0.8,5.0,1.8,1.6755160819145563,3.015928947446201,0.16578639905405765,0.5305164769729844,1.2694835230270156,9.42477796076938,7.657344210806325,72.16876895603245
0.6,16,0.9,5.0,1.8,1.6755160819145563,3.015928947446201,0.16578639905405765,0.5305164769729844,1.2694835230270156,10.602875205865551,7.657344210806325,81.1898650755365
0.6,16,1.0,5.0,1.8,1.6755160819145563,3.015928947446201,0.16578639905405765,0.5305164769729844,1.2694835230270156,11.780972450961723,7.657344210806325,90.21096119504055
0.6,16,1.1,5.0,1.8,1.6755160819145563,3.015928947446201,0.16578639905405765,0.5305164769729844,1.2694835230270156,12.959069696057897,7.657344210806325,99.23205731454462
0.6,16,1.2,5.0,1.8,1.6755160819145563,3.015928947446201,0.16578639905405765,0.5305164769729844,1.2694835230270156,14.137166941154067,7.657344210806325,108.25315343404867
0.6,16,1.3,5.0,1.8,1.6755160819145563,3.015928947446201,0.16578639905405765,0.5305164769729844,1.2694835230270156,15.315264186250241,7.657344210806325,117.27424955355274
0.6,16,1.4,5.0,1.8,1.6755160819145563,3.015928947446201,0.16578639905405765,0.5305164769729844,1.2694835230270156,16.49336143134641,7.657344210806325,126.29534567305677
0.6,16,1.5,5.0,1.8,1.6755160819145563,3.015928947446201,0.16578639905405765,0.5305164769729844,1.2694835230270156,17.671458676442587,7.657344210806325,135.31644179256085
0.6,16,1.6,5.0,1.8,1.6755160819145563,3.015928947446201,0.16578639905405765,0.5305164769729844,1.2694835230270156,18.84955592153876,7.657344210806325,144.3375379120649
0.6,16,1.7,5.0,1.8,1.6755160819145563,3.015928947446201,0.16578639905405765,0.5305164769729844,1.2694835230270156,20.02765316663493,7.657344210806325,153.35863403156895
0.6,16,1.8,5.0,1.8,1.6755160819145563,3.015928947446201,0.16578639905405765,0.5305164769729844,1.2694835230270156,21.205750411731103,7.657344210806325,162.379730151073
0.6,16,1.9,5.0,1.8,1.6755160819145563,3.015928947446201,0.16578639905405765,0.5305164769729844,1.2694835230270156,22.383847656827275,7.657344210806325,171.40082627057706
0.6,16,2.0,5.0,1.8,1.6755160819145563,3.015928947446201,0.16578639905405765,0.5305164769729844,1.2694835230270156,23.561944901923447,7.657344210806325,180.4219223900811
0.6,17,0.1,5.0,1.8,1.7802358370342162,3.204424506661589,0.15603425793323072,0.7489644380795074,1.0510355619204925,1.1780972450961724,6.735928223981721,7.935578483838419
0.6,17,0.2,5.0,1.8,1.7802358370342162,3.204424506661589,0.15603425793323072,0.7489644380795074,1.0510355619204925,2.356194490192345,6.735928223981721,15.871156967676837
0.6,17,0.3,5.0,1.8,1.7802358370342162,3.204424506661589,0.15603425793323072,0.7489644380795074,1.0510355619204925,3.534291735288517,6.735928223981721,23.80673545151525
0.6,17,0.4,5.0,1.8,1.7802358370342162,3.204424506661589,0.15603425793323072,0.7489644380795074,1.0510355619204925,4.71238898038469,6.735928223981721,31.742313935353675
0.6,17,0.5,5.0,1.8,1.7802358370342162,3.204424506661589,0.15603425793323072,0.7489644380795074,1.0510355619204925,5.890486225480862,6.735928223981721,39.67789241919209
0.6,17,0.6,5.0,1.8,1.7802358370342162,3.204424506661589,0.15603425793323072,0.7489644380795074,1.0510355619204925,7.068583470577034,6.735928223981721,47.6134709030305
0.6,17,0.7,5.0,1.8,1.7802358370342162,3.204424506661589,0.15603425793323072,0.7489644380795074,1.0510355619204925,8.246680715673206,6.735928223981721,55.54904938686892
0.6,17,0.8,5.0,1.8,1.7802358370342162,3.204424506661589,0.15603425793323072,0.7489644380795074,1.0510355619204925,9.42477796076938,6.735928223981721,63.48462787070735
0.6,17,0.9,5.0,1.8,1.7802358370342162,3.204424506661589,0.15603425793323072,0.7489644380795074,1.0510355619204925,10.602875205865551,6.735928223981721,71.42020635454577
0.6,17,1.0,5.0,1.8,1.7802358370342162,3.204424506661589,0.15603425793323072,0.7489644380795074,1.0510355619204925,11.780972450961723,6.735928223981721,79.35578483838418
0.6,17,1.1,5.0,1.8,1.7802358370342162,3.204424506661589,0.15603425793323072,0.7489644380795074,1.0510355619204925,12.959069696057897,6.735928223981721,87.29136332222261
0.6,17,1.2,5.0,1.8,1.7802358370342162,3.204424506661589,0.15603425793323072,0.7489644380795074,1.0510355619204925,14.137166941154067,6.735928223981721,95.226941806061
0.6,17,1.3,5.0,1.8,1.7802358370342162,3.204424506661589,0.15603425793323072,0.7489644380795074,1.0510355619204925,15.315264186250241,6.735928223981721,103.16252028989943
0.6,17,1.4,5.0,1.8,1.7802358370342162,3.204424506661589,0.15603425793323072,0.7489644380795074,1.0510355619204925,16.49336143134641,6.735928223981721,111.09809877373785
0.6,17,1.5,5.0,1.8,1.7802358370342162,3.204424506661589,0.15603425793323072,0.7489644380795074,1.0510355619204925,17.671458676442587,6.735928223981721,119.03367725757629
0.6,17,1.6,5.0,1.8,1.7802358370342162,3.204424506661589,0.15603425793323072,0.7489644380795074,1.0510355619204925,18.84955592153876,6.735928223981721,126.9692557414147
0.6,17,1.7,5.0,1.8,1.7802358370342162,3.204424506661589,0.15603425793323072,0.7489644380795074,1.0510355619204925,20.02765316663493,6.735928223981721,134.90483422525313
0.6,17,1.8,5.0,1.8,1.7802358370342162,3.204424506661589,0.15603425793323072,0.7489644380795074,1.0510355619204925,21.205750411731103,6.735928223981721,142.84041270909154
0.6,17,1.9,5.0,1.8,1.7802358370342162,3.204424506661589,0.15603425793323072,0.7489644380795074,1.0510355619204925,22.383847656827275,6.735928223981721,150.77599119292995
0.6,17,2.0,5.0,1.8,1.7802358370342162,3.204424506661589,0.15603425793323072,0.7489644380795074,1.0510355619204925,23.561944901923447,6.735928223981721,158.71156967676836
0.6,18,0.1,5.0,1.8,1.8849555921538759,3.3929200658769765,0.14736568804805125,0.7073553026306459,1.0926446973693542,1.1780972450961724,7.414512237157116,8.735016440326657
0.6,18,0.2,5.0,1.8,1.8849555921538759,3.3929200658769765,0.14736568804805125,0.7073553026306459,1.0926446973693542,2.356194490192345,7.414512237157116,17.470032880653314
0.6,18,0.3,5.0,1.8,1.8849555921538759,3.3929200658769765,0.14736568804805125,0.7073553026306459,1.0926446973693542,3.534291735288517,7.414512237157116,26.205049320979967
0.6,18,0.4,5.0,1.8,1.8849555921538759,3.3929200658769765,0.14736568804805125,0.7073553026306459,1.0926446973693542,4.71238898038469,7.414512237157116,34.94006576130663
0.6,18,0.5,5.0,1.8,1.8849555921538759,3.3929200658769765,0.14736568804805125,0.7073553026306459,1.0926446973693542,5.890486225480862,7.414512237157116,43.67508220163328
0.6,18,0.6,5.0,1.8,1.8849555921538759,3.3929200658769765,0.14736568804805125,0.7073553026306459,1.0926446973693542,7.068583470577034,7.414512237157116,52.410098641959934
0.6,18,0.7,5.0,1.8,1.8849555921538759,3.3929200658769765,0.14736568804805125,0.7073553026306459,1.0926446973693542,8.246680715673206,7.414512237157116,61.14511508228659
0.6,18,0.8,5.0,1.8,1.8849555921538759,3.3929200658769765,0.14736568804805125,0.7073553026306459,1.0926446973693542,9.42477796076938,7.414512237157116,69.88013152261325
0.6,18,0.9,5.0,1.8,1.8849555921538759,3.3929200658769765,0.14736568804805125,0.7073553026306459,1.0926446973693542,10.602875205865551,7.414512237157116,78.61514796293991
0.6,18,1.0,5.0,1.8,1.8849555921538759,3.3929200658769765,0.14736568804805125,0.7073553026306459,1.0926446973693542,11.780972450961723,7.414512237157116,87.35016440326656
0.6,18,1.1,5.0,1.8,1.8849555921538759,3.3929200658769765,0.14736568804805125,0.7073553026306459,1.0926446973693542,12.959069696057897,7.414512237157116,96.08518084359324
0.6,18,1.2,5.0,1.8,1.8849555921538759,3.3929200658769765,0.14736568804805125,0.7073553026306459,1.0926446973693542,14.137166941154067,7.414512237157116,104.82019728391987
0.6,18,1.3,5.0,1.8,1.8849555921538759,3.3929200658769765,0.14736568804805125,0.7073553026306459,1.0926446973693542,15.315264186250241,7.414512237157116,113.55521372424654
0.6,18,1.4,5.0,1.8,1.8849555921538759,3.3929200658769765,0.14736568804805125,0.7073553026306459,1.0926446973693542,16.49336143134641,7.414512237157116,122.29023016457317
0.6,18,1.5,5.0,1.8,1.8849555921538759,3.3929200658769765,0.14736568804805125,0.7073553026306459,1.0926446973693542,17.671458676442587,7.414512237157116,131.02524660489985
0.6,18,1.6,5.0,1.8,1.8849555921538759,3.3929200658769765,0.14736568804805125,0.7073553026306459,1.0926446973693542,18.84955592153876,7.414512237157116,139.7602630452265
0.6,18,1.7,5.0,1.8,1.8849555921538759,3.3929200658769765,0.14736568804805125,0.7073553026306459,1.0926446973693542,20.02765316663493,7.414512237157116,148.49527948555317
0.6,18,1.8,5.0,1.8,1.8849555921538759,3.3929200658769765,0.14736568804805125,0.7073553026306459,1.0926446973693542,21.205750411731103,7.414512237157116,157.23029592587983
0.6,18,1.9,5.0,1.8,1.8849555921538759,3.3929200658769765,0.14736568804805125,0.7073553026306459,1.0926446973693542,22.383847656827275,7.414512237157116,165.96531236620646
0.6,18,2.0,5.0,1.8,1.8849555921538759,3.3929200658769765,0.14736568804805125,0.7073553026306459,1.0926446973693542,23.561944901923447,7.414512237157116,174.70032880653312
0.6,19,0.1,5.0,1.8,1.9896753472735356,3.581415625092364,0.13960959920341698,0.6701260761764014,1.1298739238235986,1.1780972450961724,8.093096250332511,9.534454396814894
0.6,19,0.2,5.0,1.8,1.9896753472735356,3.581415625092364,0.13960959920341698,0.6701260761764014,1.1298739238235986,2.356194490192345,8.093096250332511,19.068908793629788
0.6,19,0.3,5.0,1.8,1.9896753472735356,3.581415625092364,0.13960959920341698,0.6701260761764014,1.1298739238235986,3.534291735288517,8.093096250332511,28.60336319044468
0.6,19,0.4,5.0,1.8,1.9896753472735356,3.581415625092364,0.13960959920341698,0.6701260761764014,1.1298739238235986,4.71238898038469,8.093096250332511,38.137817587259576
0.6,19,0.5,5.0,1.8,1.9896753472735356,3.581415625092364,0.13960959920341698,0.6701260761764014,1.1298739238235986,5.890486225480862,8.093096250332511,47.67227198407447
0.6,19,0.6,5.0,1.8,1.9896753472735356,3.581415625092364,0.13960959920341698,0.6701260761764014,1.1298739238235986,7.068583470577034,8.093096250332511,57.20672638088936
0.6,19,0.7,5.0,1.8,1.9896753472735356,3.581415625092364,0.13960959920341698,0.6701260761764014,1.1298739238235986,8.246680715673206,8.093096250332511,66.74118077770424
0.6,19,0.8,5.0,1.8,1.9896753472735356,3.581415625092364,0.13960959920341698,0.6701260761764014,1.1298739238235986,9.42477796076938,8.093096250332511,76.27563517451915
0.6,19,0.9,5.0,1.8,1.9896753472735356,3.581415625092364,0.13960959920341698,0.6701260761764014,1.1298739238235986,10.602875205865551,8.093096250332511,85.81008957133405
0.6,19,1.0,5.0,1.8,1.9896753472735356,3.581415625092364,0.13960959920341698,0.6701260761764014,1.1298739238235986,11.780972450961723,8.093096250332511,95.34454396814894
0.6,19,1.1,5.0,1.8,1.9896753472735356,3.581415625092364,0.13960959920341698,0.6701260761764014,1.1298739238235986,12.959069696057897,8.093096250332511,104.87899836496385
0.6,19,1.2,5.0,1.8,1.9896753472735356,3.581415625092364,0.13960959920341698,0.6701260761764014,1.1298739238235986,14.137166941154067,8.093096250332511,114.41345276177871
0.6,19,1.3,5.0,1.8,1.9896753472735356,3.581415625092364,0.13960959920341698,0.6701260761764014,1.1298739238235986,15.315264186250241,8.093096250332511,123.94790715859362
0.6,19,1.4,5.0,1.8,1.9896753472735356,3.581415625092364,0.13960959920341698,0.6701260761764014,1.1298739238235986,16.49336143134641,8.093096250332511,133.4823615554085
0.6,19,1.5,5.0,1.8,1.9896753472735356,3.581415625092364,0.13960959920341698,0.6701260761764014,1.1298739238235986,17.671458676442587,8.093096250332511,143.01681595222342
0.6,19,1.6,5.0,1.8,1.9896753472735356,3.581415625092364,0.13960959920341698,0.6701260761764014,1.1298739238235986,18.84955592153876,8.093096250332511,152.5512703490383
0.6,19,1.7,5.0,1.8,1.9896753472735356,3.581415625092364,0.13960959920341698,0.6701260761764014,1.1298739238235986,20.02765316663493,8.093096250332511,162.0857247458532
0.6,19,1.8,5.0,1.8,1.9896753472735356,3.581415625092364,0.13960959920341698,0.6701260761764014,1.1298739238235986,21.205750411731103,8.093096250332511,171.6201791426681
0.6,19,1.9,5.0,1.8,1.9896753472735356,3.581415625092364,0.13960959920341698,0.6701260761764014,1.1298739238235986,22.383847656827275,8.093096250332511,181.15463353948297
0.6,19,2.0,5.0,1.8,1.9896753472735356,3.581415625092364,0.13960959920341698,0.6701260761764014,1.1298739238235986,23.561944901923447,8.093096250332511,190.68908793629788
0.6,20,0.1,5.0,1.8,2.0943951023931953,3.7699111843077517,0.1326291192432461,0.6366197723675814,1.1633802276324188,1.1780972450961724,8.771680263507909,10.333892353303135
0.6,20,0.2,5.0,1.8,2.0943951023931953,3.7699111843077517,0.1326291192432461,0.6366197723675814,1.1633802276324188,2.356194490192345,8.771680263507909,20.66778470660627
0.6,20,0.3,5.0,1.8,2.0943951023931953,3.7699111843077517,0.1326291192432461,0.6366197723675814,1.1633802276324188,3.534291735288517,8.771680263507909,31.0016770599094
0.6,20,0.4,5.0,1.8,2.0943951023931953,3.7699111843077517,0.1326291192432461,0.6366197723675814,1.1633802276324188,4.71238898038469,8.771680263507909,41.33556941321254
0.6,20,0.5,5.0,1.8,2.0943951023931953,3.7699111843077517,0.1326291192432461,0.6366197723675814,1.1633802276324188,5.890486225480862,8.771680263507909,51.669461766515674
0.6,20,0.6,5.0,1.8,2.0943951023931953,3.7699111843077517,0.1326291192432461,0.6366197723675814,1.1633802276324188,7.068583470577034,8.771680263507909,62.0033541198188
0.6,20,0.7,5.0,1.8,2.0943951023931953,3.7699111843077517,0.1326291192432461,0.6366197723675814,1.1633802276324188,8.246680715673206,8.771680263507909,72.33724647312194
0.6,20,0.8,5.0,1.8,2.0943951023931953,3.7699111843077517,0.1326291192432461,0.6366197723675814,1.1633802276324188,9.42477796076938,8.771680263507909,82.67113882642508
0.6,20,0.9,5.0,1.8,2.0943951023931953,3.7699111843077517,0.1326291192432461,0.6366197723675814,1.1633802276324188,10.602875205865551,8.771680263507909,93.0050311797282
0.6,20,1.0,5.0,1.8,2.0943951023931953,3.7699111843077517,0.1326291192432461,0.6366197723675814,1.1633802276324188,11.780972450961723,8.771680263507909,103.33892353303135
0.6,20,1.1,5.0,1.8,2.0943951023931953,3.7699111843077517,0.1326291192432461,0.6366197723675814,1.1633802276324188,12.959069696057897,8.771680263507909,113.67281588633449
0.6,20,1.2,5.0,1.8,2.0943951023931953,3.7699111843077517,0.1326291192432461,0.6366197723675814,1.1633802276324188,14.137166941154067,8.771680263507909,124.0067082396376
0.6,20,1.3,5.0,1.8,2.0943951023931953,3.7699111843077517,0.1326291192432461,0.6366197723675814,1.1633802276324188,15.315264186250241,8.771680263507909,134.34060059294075
0.6,20,1.4,5.0,1.8,2.0943951023931953,3.7699111843077517,0.1326291192432461,0.6366197723675814,1.1633802276324188,16.49336143134641,8.771680263507909,144.67449294624387
0.6,20,1.5,5.0,1.8,2.0943951023931953,3.7699111843077517,0.1326291192432461,0.6366197723675814,1.1633802276324188,17.671458676442587,8.771680263507909,155.00838529954703
0.6,20,1.6,5.0,1.8,2.0943951023931953,3.7699111843077517,0.1326291192432461,0.6366197723675814,1.1633802276324188,18.84955592153876,8.771680263507909,165.34227765285016
0.6,20,1.7,5.0,1.8,2.0943951023931953,3.7699111843077517,0.1326291192432461,0.6366197723675814,1.1633802276324188,20.02765316663493,8.771680263507909,175.67617000615328
0.6,20,1.8,5.0,1.8,2.0943951023931953,3.7699111843077517,0.1326291192432461,0.6366197723675814,1.1633802276324188,21.205750411731103,8.771680263507909,186.0100623594564
0.6,20,1.9,5.0,1.8,2.0943951023931953,3.7699111843077517,0.1326291192432461,0.6366197723675814,1.1633802276324188,22.383847656827275,8.771680263507909,196.34395471275954
0.6,20,2.0,5.0,1.8,2.0943951023931953,3.7699111843077517,0.1326291192432461,0.6366197723675814,1.1633802276324188,23.561944901923447,8.771680263507909,206.6778470660627
0.6,21,0.1,5.0,1.8,2.199114857512855,3.9584067435231396,0.12631344689832963,0.6063045451119822,1.1936954548880179,1.1780972450961724,9.450264276683303,11.133330309791372
0.6,21,0.2,5.0,1.8,2.199114857512855,3.9584067435231396,0.12631344689832963,0.6063045451119822,1.1936954548880179,2.356194490192345,9.450264276683303,22.266660619582744
0.6,21,0.3,5.0,1.8,2.199114857512855,3.9584067435231396,0.12631344689832963,0.6063045451119822,1.1936954548880179,3.534291735288517,9.450264276683303,33.39999092937411
0.6,21,0.4,5.0,1.8,2.199114857512855,3.9584067435231396,0.12631344689832963,0.6063045451119822,1.1936954548880179,4.71238898038469,9.450264276683303,44.53332123916549
0.6,21,0.5,5.0,1.8,2.199114857512855,3.9584067435231396,0.12631344689832963,0.6063045451119822,1.1936954548880179,5.890486225480862,9.450264276683303,55.66665154895685
0.6,21,0.6,5.0,1.8,2.199114857512855,3.9584067435231396,0.12631344689832963,0.6063045451119822,1.1936954548880179,7.068583470577034,9.450264276683303,66.79998185874823
0.6,21,0.7,5.0,1.8,2.199114857512855,3.9584067435231396,0.12631344689832963,0.6063045451119822,1.1936954548880179,8.246680715673206,9.450264276683303,77.93331216853959
0.6,21,0.8,5.0,1.8,2.199114857512855,3.9584067435231396,0.12631344689832963,0.6063045451119822,1.1936954548880179,9.42477796076938,9.450264276683303,89.06664247833098
0.6,21,0.9,5.0,1.8,2.199114857512855,3.9584067435231396,0.12631344689832963,0.6063045451119822,1.1936954548880179,10.602875205865551,9.450264276683303,100.19997278812234
0.6,21,1.0,5.0,1.8,2.199114857512855,3.9584067435231396,0.12631344689832963,0.6063045451119822,1.1936954548880179,11.780972450961723,9.450264276683303,111.3333030979137
0.6,21,1.1,5.0,1.8,2.199114857512855,3.9584067435231396,0.12631344689832963,0.6063045451119822,1.1936954548880179,12.959069696057897,9.450264276683303,122.46663340770509
0.6,21,1.2,5.0,1.8,2.199114857512855,3.9584067435231396,0.12631344689832963,0.6063045451119822,1.1936954548880179,14.137166941154067,9.450264276683303,133.59996371749645
0.6,21,1.3,5.0,1.8,2.199114857512855,3.9584067435231396,0.12631344689832963,0.6063045451119822,1.1936954548880179,15.315264186250241,9.450264276683303,144.73329402728783
0.6,21,1.4,5.0,1.8,2.199114857512855,3.9584067435231396,0.12631344689832963,0.6063045451119822,1.1936954548880179,16.49336143134641,9.450264276683303,155.86662433707917
0.6,21,1.5,5.0,1.8,2.199114857512855,3.9584067435231396,0.12631344689832963,0.6063045451119822,1.1936954548880179,17.671458676442587,9.450264276683303,166.99995464687058
0.6,21,1.6,5.0,1.8,2.199114857512855,3.9584067435231396,0.12631344689832963,0.6063045451119822,1.1936954548880179,18.84955592153876,9.450264276683303,178.13328495666195
0.6,21,1.7,5.0,1.8,2.199114857512855,3.9584067435231396,0.12631344689832963,0.6063045451119822,1.1936954548880179,20.02765316663493,9.450264276683303,189.2666152664533
0.6,21,1.8,5.0,1.8,2.199114857512855,3.9584067435231396,0.12631344689832963,0.6063045451119822,1.1936954548880179,21.205750411731103,9.450264276683303,200.39994557624468
0.6,21,1.9,5.0,1.8,2.199114857512855,3.9584067435231396,0.12631344689832963,0.6063045451119822,1.1936954548880179,22.383847656827275,9.450264276683303,211.53327588603605
0.6,21,2.0,5.0,1.8,2.199114857512855,3.9584067435231396,0.12631344689832963,0.6063045451119822,1.1936954548880179,23.561944901923447,9.450264276683303,222.6666061958274
0.6,22,0.1,5.0,1.8,2.3038346126325147,4.146902302738527,0.12057192658476922,0.5787452476068922,1.2212547523931079,1.1780972450961724,10.128848289858695,11.932768266279606
0.6,22,0.2,5.0,1.8,2.3038346126325147,4.146902302738527,0.12057192658476922,0.5787452476068922,1.2212547523931079,2.356194490192345,10.128848289858695,23.86553653255921
0.6,22,0.3,5.0,1.8,2.3038346126325147,4.146902302738527,0.12057192658476922,0.5787452476068922,1.2212547523931079,3.534291735288517,10.128848289858695,35.798304798838814
0.6,22,0.4,5.0,1.8,2.3038346126325147,4.146902302738527,0.12057192658476922,0.5787452476068922,1.2212547523931079,4.71238898038469,10.128848289858695,47.73107306511842
0.6,22,0.5,5.0,1.8,2.3038346126325147,4.146902302738527,0.12057192658476922,0.5787452476068922,1.2212547523931079,5.890486225480862,10.128848289858695,59.663841331398025
0.6,22,0.6,5.0,1.8,2.3038346126325147,4.146902302738527,0.12057192658476922,0.5787452476068922,1.2212547523931079,7.068583470577034,10.128848289858695,71.59660959767763
0.6,22,0.7,5.0,1.8,2.3038346126325147,4.146902302738527,0.12057192658476922,0.5787452476068922,1.2212547523931079,8.246680715673206,10.128848289858695,83.52937786395722
0.6,22,0.8,5.0,1.8,2.3038346126325147,4.146902302738527,0.12057192658476922,0.5787452476068922,1.2212547523931079,9.42477796076938,10.128848289858695,95.46214613023685
0.6,22,0.9,5.0,1.8,2.3038346126325147,4.146902302738527,0.12057192658476922,0.5787452476068922,1.2212547523931079,10.602875205865551,10.128848289858695,107.39491439651644
0.6,22,1.0,5.0,1.8,2.3038346126325147,4.146902302738527,0.12057192658476922,0.5787452476068922,1.2212547523931079,11.780972450961723,10.128848289858695,119.32768266279605
0.6,22,1.1,5.0,1.8,2.3038346126325147,4.146902302738527,0.12057192658476922,0.5787452476068922,1.2212547523931079,12.959069696057897,10.128848289858695,131.26045092907566
0.6,22,1.2,5.0,1.8,2.3038346126325147,4.146902302738527,0.12057192658476922,0.5787452476068922,1.2212547523931079,14.137166941154067,10.128848289858695,143.19321919535525
0.6,22,1.3,5.0,1.8,2.3038346126325147,4.146902302738527,0.12057192658476922,0.5787452476068922,1.2212547523931079,15.315264186250241,10.128848289858695,155.12598746163488
0.6,22,1.4,5.0,1.8,2.3038346126325147,4.146902302738527,0.12057192658476922,0.5787452476068922,1.2212547523931079,16.49336143134641,10.128848289858695,167.05875572791444
0.6,22,1.5,5.0,1.8,2.3038346126325147,4.146902302738527,0.12057192658476922,0.5787452476068922,1.2212547523931079,17.671458676442587,10.128848289858695,178.9915239941941
0.6,22,1.6,5.0,1.8,2.3038346126325147,4.146902302738527,0.12057192658476922,0.5787452476068922,1.2212547523931079,18.84955592153876,10.128848289858695,190.9242922604737
0.6,22,1.7,5.0,1.8,2.3038346126325147,4.146902302738527,0.12057192658476922,0.5787452476068922,1.2212547523931079,20.02765316663493,10.128848289858695,202.8570605267533
0.6,22,1.8,5.0,1.8,2.3038346126325147,4.146902302738527,0.12057192658476922,0.5787452476068922,1.2212547523931079,21.205750411731103,10.128848289858695,214.78982879303288
0.6,22,1.9,5.0,1.8,2.3038346126325147,4.146902302738527,0.12057192658476922,0.5787452476068922,1.2212547523931079,22.383847656827275,10.128848289858695,226.7225970593125
0.6,22,2.0,5.0,1.8,2.3038346126325147,4.146902302738527,0.12057192658476922,0.5787452476068922,1.2212547523931079,23.561944901923447,10.128848289858695,238.6553653255921
0.6,23,0.1,5.0,1.8,2.4085543677521746,4.335397861953914,0.11532966890717056,0.5535824107544186,1.2464175892455813,1.1780972450961724,10.807432303034089,12.732206222767843
0.6,23,0.2,5.0,1.8,2.4085543677521746,4.335397861953914,0.11532966890717056,0.5535824107544186,1.2464175892455813,2.356194490192345,10.807432303034089,25.464412445535686
0.6,23,0.3,5.0,1.8,2.4085543677521746,4.335397861953914,0.11532966890717056,0.5535824107544186,1.2464175892455813,3.534291735288517,10.807432303034089,38.19661866830352
0.6,23,0.4,5.0,1.8,2.4085543677521746,4.335397861953914,0.11532966890717056,0.5535824107544186,1.2464175892455813,4.71238898038469,10.807432303034089,50.92882489107137
0.6,23,0.5,5.0,1.8,2.4085543677521746,4.335397861953914,0.11532966890717056,0.5535824107544186,1.2464175892455813,5.890486225480862,10.807432303034089,63.66103111383921
0.6,23,0.6,5.0,1.8,2.4085543677521746,4.335397861953914,0.11532966890717056,0.5535824107544186,1.2464175892455813,7.068583470577034,10.807432303034089,76.39323733660704
0.6,23,0.7,5.0,1.8,2.4085543677521746,4.335397861953914,0.11532966890717056,0.5535824107544186,1.2464175892455813,8.246680715673206,10.807432303034089,89.12544355937489
0.6,23,0.8,5.0,1.8,2.4085543677521746,4.335397861953914,0.11532966890717056,0.5535824107544186,1.2464175892455813,9.42477796076938,10.807432303034089,101.85764978214274
0.6,23,0.9,5.0,1.8,2.4085543677521746,4.335397861953914,0.11532966890717056,0.5535824107544186,1.2464175892455813,10.602875205865551,10.807432303034089,114.58985600491057
0.6,23,1.0,5.0,1.8,2.4085543677521746,4.335397861953914,0.11532966890717056,0.5535824107544186,1.2464175892455813,11.780972450961723,10.807432303034089,127.32206222767842
0.6,23,1.1,5.0,1.8,2.4085543677521746,4.335397861953914,0.11532966890717056,0.5535824107544186,1.2464175892455813,12.959069696057897,10.807432303034089,140.05426845044627
0.6,23,1.2,5.0,1.8,2.4085543677521746,4.335397861953914,0.11532966890717056,0.5535824107544186,1.2464175892455813,14.137166941154067,10.807432303034089,152.7864746732141
0.6,23,1.3,5.0,1.8,2.4085543677521746,4.335397861953914,0.11532966890717056,0.5535824107544186,1.2464175892455813,15.315264186250241,10.807432303034089,165.51868089598193
0.6,23,1.4,5.0,1.8,2.4085543677521746,4.335397861953914,0.11532966890717056,0.5535824107544186,1.2464175892455813,16.49336143134641,10.807432303034089,178.25088711874977
0.6,23,1.5,5.0,1.8,2.4085543677521746,4.335397861953914,0.11532966890717056,0.5535824107544186,1.2464175892455813,17.671458676442587,10.807432303034089,190.98309334151764
0.6,23,1.6,5.0,1.8,2.4085543677521746,4.335397861953914,0.11532966890717056,0.5535824107544186,1.2464175892455813,18.84955592153876,10.807432303034089,203.7152995642855
0.6,23,1.7,5.0,1.8,2.4085543677521746,4.335397861953914,0.11532966890717056,0.5535824107544186,1.2464175892455813,20.02765316663493,10.807432303034089,216.4475057870533
0.6,23,1.8,5.0,1.8,2.4085543677521746,4.335397861953914,0.11532966890717056,0.5535824107544186,1.2464175892455813,21.205750411731103,10.807432303034089,229.17971200982115
0.6,23,1.9,5.0,1.8,2.4085543677521746,4.335397861953914,0.11532966890717056,0.5535824107544186,1.2464175892455813,22.383847656827275,10.807432303034089,241.911918232589
0.6,23,2.0,5.0,1.8,2.4085543677521746,4.335397861953914,0.11532966890717056,0.5535824107544186,1.2464175892455813,23.561944901923447,10.807432303034089,254.64412445535683
0.6,24,0.1,5.0,1.8,2.5132741228718345,4.523893421169302,0.11052426603603843,0.5305164769729844,1.2694835230270156,1.1780972450961724,11.486016316209488,13.531644179256086
0.6,24,0.2,5.0,1.8,2.5132741228718345,4.523893421169302,0.11052426603603843,0.5305164769729844,1.2694835230270156,2.356194490192345,11.486016316209488,27.06328835851217
0.6,24,0.3,5.0,1.8,2.5132741228718345,4.523893421169302,0.11052426603603843,0.5305164769729844,1.2694835230270156,3.534291735288517,11.486016316209488,40.59493253776825
0.6,24,0.4,5.0,1.8,2.5132741228718345,4.523893421169302,0.11052426603603843,0.5305164769729844,1.2694835230270156,4.71238898038469,11.486016316209488,54.12657671702434
0.6,24,0.5,5.0,1.8,2.5132741228718345,4.523893421169302,0.11052426603603843,0.5305164769729844,1.2694835230270156,5.890486225480862,11.486016316209488,67.65822089628043
0.6,24,0.6,5.0,1.8,2.5132741228718345,4.523893421169302,0.11052426603603843,0.5305164769729844,1.2694835230270156,7.068583470577034,11.486016316209488,81.1898650755365
0.6,24,0.7,5.0,1.8,2.5132741228718345,4.523893421169302,0.11052426603603843,0.5305164769729844,1.2694835230270156,8.246680715673206,11.486016316209488,94.72150925479258
0.6,24,0.8,5.0,1.8,2.5132741228718345,4.523893421169302,0.11052426603603843,0.5305164769729844,1.2694835230270156,9.42477796076938,11.486016316209488,108.25315343404868
0.6,24,0.9,5.0,1.8,2.5132741228718345,4.523893421169302,0.11052426603603843,0.5305164769729844,1.2694835230270156,10.602875205865551,11.486016316209488,121.78479761330476
0.6,24,1.0,5.0,1.8,2.5132741228718345,4.523893421169302,0.11052426603603843,0.5305164769729844,1.2694835230270156,11.780972450961723,11.486016316209488,135.31644179256085
0.6,24,1.1,5.0,1.8,2.5132741228718345,4.523893421169302,0.11052426603603843,0.5305164769729844,1.2694835230270156,12.959069696057897,11.486016316209488,148.84808597181694
0.6,24,1.2,5.0,1.8,2.5132741228718345,4.523893421169302,0.11052426603603843,0.5305164769729844,1.2694835230270156,14.137166941154067,11.486016316209488,162.379730151073
0.6,24,1.3,5.0,1.8,2.5132741228718345,4.523893421169302,0.11052426603603843,0.5305164769729844,1.2694835230270156,15.315264186250241,11.486016316209488,175.9113743303291
0.6,24,1.4,5.0,1.8,2.5132741228718345,4.523893421169302,0.11052426603603843,0.5305164769729844,1.2694835230270156,16.49336143134641,11.486016316209488,189.44301850958516
0.6,24,1.5,5.0,1.8,2.5132741228718345,4.523893421169302,0.11052426603603843,0.5305164769729844,1.2694835230270156,17.671458676442587,11.486016316209488,202.97466268884128
0.6,24,1.6,5.0,1.8,2.5132741228718345,4.523893421169302,0.11052426603603843,0.5305164769729844,1.2694835230270156,18.84955592153876,11.486016316209488,216.50630686809737
0.6,24,1.7,5.0,1.8,2.5132741228718345,4.523893421169302,0.11052426603603843,0.5305164769729844,1.2694835230270156,20.02765316663493,11.486016316209488,230.03795104735343
0.6,24,1.8,5.0,1.8,2.5132741228718345,4.523893421169302,0.11052426603603843,0.5305164769729844,1.2694835230270156,21.205750411731103,11.486016316209488,243.56959522660952
0.6,24,1.9,5.0,1.8,2.5132741228718345,4.523893421169302,0.11052426603603843,0.5305164769729844,1.2694835230270156,22.383847656827275,11.486016316209488,257.1012394058656
0.6,24,2.0,5.0,1.8,2.5132741228718345,4.523893421169302,0.11052426603603843,0.5305164769729844,1.2694835230270156,23.561944901923447,11.486016316209488,270.6328835851217
0.6,25,0.1,5.0,1.8,2.6179938779914944,4.71238898038469,0.1061032953945969,0.5092958178940651,1.290704182105935,1.1780972450961724,12.164600329384884,14.331082135744323
0.6,25,0.2,5.0,1.8,2.6179938779914944,4.71238898038469,0.1061032953945969,0.5092958178940651,1.290704182105935,2.356194490192345,12.164600329384884,28.662164271488646
0.6,25,0.3,5.0,1.8,2.6179938779914944,4.71238898038469,0.1061032953945969,0.5092958178940651,1.290704182105935,3.534291735288517,12.164600329384884,42.99324640723297
0.6,25,0.4,5.0,1.8,2.6179938779914944,4.71238898038469,0.1061032953945969,0.5092958178940651,1.290704182105935,4.71238898038469,12.164600329384884,57.32432854297729
0.6,25,0.5,5.0,1.8,2.6179938779914944,4.71238898038469,0.1061032953945969,0.5092958178940651,1.290704182105935,5.890486225480862,12.164600329384884,71.65541067872161
0.6,25,0.6,5.0,1.8,2.6179938779914944,4.71238898038469,0.1061032953945969,0.5092958178940651,1.290704182105935,7.068583470577034,12.164600329384884,85.98649281446593
0.6,25,0.7,5.0,1.8,2.6179938779914944,4.71238898038469,0.1061032953945969,0.5092958178940651,1.290704182105935,8.246680715673206,12.164600329384884,100.31757495021024
0.6,25,0.8,5.0,1.8,2.6179938779914944,4.71238898038469,0.1061032953945969,0.5092958178940651,1.290704182105935,9.42477796076938,12.164600329384884,114.64865708595458
0.6,25,0.9,5.0,1.8,2.6179938779914944,4.71238898038469,0.1061032953945969,0.5092958178940651,1.290704182105935,10.602875205865551,12.164600329384884,128.9797392216989
0.6,25,1.0,5.0,1.8,2.6179938779914944,4.71238898038469,0.1061032953945969,0.5092958178940651,1.290704182105935,11.780972450961723,12.164600329384884,143.31082135744322
0.6,25,1.1,5.0,1.8,2.6179938779914944,4.71238898038469,0.1061032953945969,0.5092958178940651,1.290704182105935,12.959069696057897,12.164600329384884,157.64190349318756
0.6,25,1.2,5.0,1.8,2.6179938779914944,4.71238898038469,0.1061032953945969,0.5092958178940651,1.290704182105935,14.137166941154067,12.164600329384884,171.97298562893187
0.6,25,1.3,5.0,1.8,2.6179938779914944,4.71238898038469,0.1061032953945969,0.5092958178940651,1.290704182105935,15.315264186250241,12.164600329384884,186.3040677646762
0.6,25,1.4,5.0,1.8,2.6179938779914944,4.71238898038469,0.1061032953945969,0.5092958178940651,1.290704182105935,16.49336143134641,12.164600329384884,200.6351499004205
0.6,25,1.5,5.0,1.8,2.6179938779914944,4.71238898038469,0.1061032953945969,0.5092958178940651,1.290704182105935,17.671458676442587,12.164600329384884,214.96623203616485
0.6,25,1.6,5.0,1.8,2.6179938779914944,4.71238898038469,0.1061032953945969,0.5092958178940651,1.290704182105935,18.84955592153876,12.164600329384884,229.29731417190916
0.6,25,1.7,5.0,1.8,2.6179938779914944,4.71238898038469,0.1061032953945969,0.5092958178940651,1.290704182105935,20.02765316663493,12.164600329384884,243.6283963076535
0.6,25,1.8,5.0,1.8,2.6179938779914944,4.71238898038469,0.1061032953945969,0.5092958178940651,1.290704182105935,21.205750411731103,12.164600329384884,257.9594784433978
0.6,25,1.9,5.0,1.8,2.6179938779914944,4.71238898038469,0.1061032953945969,0.5092958178940651,1.290704182105935,22.383847656827275,12.164600329384884,272.29056057914215
0.6,25,2.0,5.0,1.8,2.6179938779914944,4.71238898038469,0.1061032953945969,0.5092958178940651,1.290704182105935,23.561944901923447,12.164600329384884,286.62164271488643
0.6,26,0.1,5.0,1.8,2.7227136331111543,4.900884539600078,0.10202239941788162,0.6529433562744423,1.1470566437255578,1.1780972450961724,11.243184342560282,13.245564500078688
0.6,26,0.2,5.0,1.8,2.7227136331111543,4.900884539600078,0.10202239941788162,0.6529433562744423,1.1470566437255578,2.356194490192345,11.243184342560282,26.491129000157375
0.6,26,0.3,5.0,1.8,2.7227136331111543,4.900884539600078,0.10202239941788162,0.6529433562744423,1.1470566437255578,3.534291735288517,11.243184342560282,39.73669350023606
0.6,26,0.4,5.0,1.8,2.7227136331111543,4.900884539600078,0.10202239941788162,0.6529433562744423,1.1470566437255578,4.71238898038469,11.243184342560282,52.98225800031475
0.6,26,0.5,5.0,1.8,2.7227136331111543,4.900884539600078,0.10202239941788162,0.6529433562744423,1.1470566437255578,5.890486225480862,11.243184342560282,66.22782250039344
0.6,26,0.6,5.0,1.8,2.7227136331111543,4.900884539600078,0.10202239941788162,0.6529433562744423,1.1470566437255578,7.068583470577034,11.243184342560282,79.47338700047212
0.6,26,0.7,5.0,1.8,2.7227136331111543,4.900884539600078,0.10202239941788162,0.6529433562744423,1.1470566437255578,8.246680715673206,11.243184342560282,92.7189515005508
0.6,26,0.8,5.0,1.8,2.7227136331111543,4.900884539600078,0.10202239941788162,0.6529433562744423,1.1470566437255578,9.42477796076938,11.243184342560282,105.9645160006295
0.6,26,0.9,5.0,1.8,2.7227136331111543,4.900884539600078,0.10202239941788162,0.6529433562744423,1.1470566437255578,10.602875205865551,11.243184342560282,119.21008050070819
0.6,26,1.0,5.0,1.8,2.7227136331111543,4.900884539600078,0.10202239941788162,0.6529433562744423,1.1470566437255578,11.780972450961723,11.243184342560282,132.4556450007869
0.6,26,1.1,5.0,1.8,2.7227136331111543,4.900884539600078,0.10202239941788162,0.6529433562744423,1.1470566437255578,12.959069696057897,11.243184342560282,145.7012095008656
0.6,26,1.2,5.0,1.8,2.7227136331111543,4.900884539600078,0.10202239941788162,0.6529433562744423,1.1470566437255578,14.137166941154067,11.243184342560282,158.94677400094423
0.6,26,1.3,5.0,1.8,2.7227136331111543,4.900884539600078,0.10202239941788162,0.6529433562744423,1.1470566437255578,15.315264186250241,11.243184342560282,172.19233850102293
0.6,26,1.4,5.0,1.8,2.7227136331111543,4.900884539600078,0.10202239941788162,0.6529433562744423,1.1470566437255578,16.49336143134641,11.243184342560282,185.4379030011016
0.6,26,1.5,5.0,1.8,2.7227136331111543,4.900884539600078,0.10202239941788162,0.6529433562744423,1.1470566437255578,17.671458676442587,11.243184342560282,198.68346750118033
0.6,26,1.6,5.0,1.8,2.7227136331111543,4.900884539600078,0.10202239941788162,0.6529433562744423,1.1470566437255578,18.84955592153876,11.243184342560282,211.929032001259
0.6,26,1.7,5.0,1.8,2.7227136331111543,4.900884539600078,0.10202239941788162,0.6529433562744423,1.1470566437255578,20.02765316663493,11.243184342560282,225.1745965013377
0.6,26,1.8,5.0,1.8,2.7227136331111543,4.900884539600078,0.10202239941788162,0.6529433562744423,1.1470566437255578,21.205750411731103,11.243184342560282,238.42016100141637
0.6,26,1.9,5.0,1.8,2.7227136331111543,4.900884539600078,0.10202239941788162,0.6529433562744423,1.1470566437255578,22.383847656827275,11.243184342560282,251.66572550149507
0.6,26,2.0,5.0,1.8,2.7227136331111543,4.900884539600078,0.10202239941788162,0.6529433562744423,1.1470566437255578,23.561944901923447,11.243184342560282,264.9112900015738
0.6,27,0.1,5.0,1.8,2.827433388230814,5.089380098815465,0.09824379203203415,0.6287602690050186,1.1712397309949814,1.1780972450961724,11.921768355735674,14.045002456566923
0.6,27,0.2,5.0,1.8,2.827433388230814,5.089380098815465,0.09824379203203415,0.6287602690050186,1.1712397309949814,2.356194490192345,11.921768355735674,28.090004913133846
0.6,27,0.3,5.0,1.8,2.827433388230814,5.089380098815465,0.09824379203203415,0.6287602690050186,1.1712397309949814,3.534291735288517,11.921768355735674,42.135007369700766
0.6,27,0.4,5.0,1.8,2.827433388230814,5.089380098815465,0.09824379203203415,0.6287602690050186,1.1712397309949814,4.71238898038469,11.921768355735674,56.18000982626769
0.6,27,0.5,5.0,1.8,2.827433388230814,5.089380098815465,0.09824379203203415,0.6287602690050186,1.1712397309949814,5.890486225480862,11.921768355735674,70.22501228283461
0.6,27,0.6,5.0,1.8,2.827433388230814,5.089380098815465,0.09824379203203415,0.6287602690050186,1.1712397309949814,7.068583470577034,11.921768355735674,84.27001473940153
0.6,27,0.7,5.0,1.8,2.827433388230814,5.089380098815465,0.09824379203203415,0.6287602690050186,1.1712397309949814,8.246680715673206,11.921768355735674,98.31501719596844
0.6,27,0.8,5.0,1.8,2.827433388230814,5.089380098815465,0.09824379203203415,0.6287602690050186,1.1712397309949814,9.42477796076938,11.921768355735674,112.36001965253539
0.6,27,0.9,5.0,1.8,2.827433388230814,5.089380098815465,0.09824379203203415,0.6287602690050186,1.1712397309949814,10.602875205865551,11.921768355735674,126.4050221091023
0.6,27,1.0,5.0,1.8,2.827433388230814,5.089380098815465,0.09824379203203415,0.6287602690050186,1.1712397309949814,11.780972450961723,11.921768355735674,140.45002456566922
0.6,27,1.1,5.0,1.8,2.827433388230814,5.089380098815465,0.09824379203203415,0.6287602690050186,1.1712397309949814,12.959069696057897,11.921768355735674,154.49502702223614
0.6,27,1.2,5.0,1.8,2.827433388230814,5.089380098815465,0.09824379203203415,0.6287602690050186,1.1712397309949814,14.137166941154067,11.921768355735674,168.54002947880306
0.6,27,1.3,5.0,1.8,2.827433388230814,5.089380098815465,0.09824379203203415,0.6287602690050186,1.1712397309949814,15.315264186250241,11.921768355735674,182.58503193536998
0.6,27,1.4,5.0,1.8,2.827433388230814,5.089380098815465,0.09824379203203415,0.6287602690050186,1.1712397309949814,16.49336143134641,11.921768355735674,196.63003439193687
0.6,27,1.5,5.0,1.8,2.827433388230814,5.089380098815465,0.09824379203203415,0.6287602690050186,1.1712397309949814,17.671458676442587,11.921768355735674,210.67503684850385
0.6,27,1.6,5.0,1.8,2.827433388230814,5.089380098815465,0.09824379203203415,0.6287602690050186,1.1712397309949814,18.84955592153876,11.921768355735674,224.72003930507077
0.6,27,1.7,5.0,1.8,2.827433388230814,5.089380098815465,0.09824379203203415,0.6287602690050186,1.1712397309949814,20.02765316663493,11.921768355735674,238.7650417616377
0.6,27,1.8,5.0,1.8,2.827433388230814,5.089380098815465,0.09824379203203415,0.6287602690050186,1.1712397309949814,21.205750411731103,11.921768355735674,252.8100442182046
0.6,27,1.9,5.0,1.8,2.827433388230814,5.089380098815465,0.09824379203203415,0.6287602690050186,1.1712397309949814,22.383847656827275,11.921768355735674,266.85504667477153
0.6,27,2.0,5.0,1.8,2.827433388230814,5.089380098815465,0.09824379203203415,0.6287602690050186,1.1712397309949814,23.561944901923447,11.921768355735674,280.90004913133845
0.6,28,0.1,5.0,1.8,2.9321531433504737,5.277875658030853,0.09473508517374722,0.6063045451119822,1.1936954548880179,1.1780972450961724,12.600352368911071,14.844440413055164
0.6,28,0.2,5.0,1.8,2.9321531433504737,5.277875658030853,0.09473508517374722,0.6063045451119822,1.1936954548880179,2.356194490192345,12.600352368911071,29.688880826110328
0.6,28,0.3,5.0,1.8,2.9321531433504737,5.277875658030853,0.09473508517374722,0.6063045451119822,1.1936954548880179,3.534291735288517,12.600352368911071,44.53332123916548
0.6,28,0.4,5.0,1.8,2.9321531433504737,5.277875658030853,0.09473508517374722,0.6063045451119822,1.1936954548880179,4.71238898038469,12.600352368911071,59.377761652220656
0.6,28,0.5,5.0,1.8,2.9321531433504737,5.277875658030853,0.09473508517374722,0.6063045451119822,1.1936954548880179,5.890486225480862,12.600352368911071,74.22220206527581
0.6,28,0.6,5.0,1.8,2.9321531433504737,5.277875658030853,0.09473508517374722,0.6063045451119822,1.1936954548880179,7.068583470577034,12.600352368911071,89.06664247833096
0.6,28,0.7,5.0,1.8,2.9321531433504737,5.277875658030853,0.09473508517374722,0.6063045451119822,1.1936954548880179,8.246680715673206,12.600352368911071,103.91108289138613
0.6,28,0.8,5.0,1.8,2.9321531433504737,5.277875658030853,0.09473508517374722,0.6063045451119822,1.1936954548880179,9.42477796076938,12.600352368911071,118.75552330444131
0.6,28,0.9,5.0,1.8,2.9321531433504737,5.277875658030853,0.09473508517374722,0.6063045451119822,1.1936954548880179,10.602875205865551,12.600352368911071,133.59996371749645
0.6,28,1.0,5.0,1.8,2.9321531433504737,5.277875658030853,0.09473508517374722,0.6063045451119822,1.1936954548880179,11.780972450961723,12.600352368911071,148.44440413055162
0.6,28,1.1,5.0,1.8,2.9321531433504737,5.277875658030853,0.09473508517374722,0.6063045451119822,1.1936954548880179,12.959069696057897,12.600352368911071,163.2888445436068
0.6,28,1.2,5.0,1.8,2.9321531433504737,5.277875658030853,0.09473508517374722,0.6063045451119822,1.1936954548880179,14.137166941154067,12.600352368911071,178.13328495666192
0.6,28,1.3,5.0,1.8,2.9321531433504737,5.277875658030853,0.09473508517374722,0.6063045451119822,1.1936954548880179,15.315264186250241,12.600352368911071,192.97772536971712
0.6,28,1.4,5.0,1.8,2.9321531433504737,5.277875658030853,0.09473508517374722,0.6063045451119822,1.1936954548880179,16.49336143134641,12.600352368911071,207.82216578277226
0.6,28,1.5,5.0,1.8,2.9321531433504737,5.277875658030853,0.09473508517374722,0.6063045451119822,1.1936954548880179,17.671458676442587,12.600352368911071,222.66660619582746
0.6,28,1.6,5.0,1.8,2.9321531433504737,5.277875658030853,0.09473508517374722,0.6063045451119822,1.1936954548880179,18.84955592153876,12.600352368911071,237.51104660888262
0.6,28,1.7,5.0,1.8,2.9321531433504737,5.277875658030853,0.09473508517374722,0.6063045451119822,1.1936954548880179,20.02765316663493,12.600352368911071,252.35548702193776
0.6,28,1.8,5.0,1.8,2.9321531433504737,5.277875658030853,0.09473508517374722,0.6063045451119822,1.1936954548880179,21.205750411731103,12.600352368911071,267.1999274349929
0.6,28,1.9,5.0,1.8,2.9321531433504737,5.277875658030853,0.09473508517374722,0.6063045451119822,1.1936954548880179,22.383847656827275,12.600352368911071,282.04436784804807
0.6,28,2.0,5.0,1.8,2.9321531433504737,5.277875658030853,0.09473508517374722,0.6063045451119822,1.1936954548880179,23.561944901923447,12.600352368911071,296.88880826110324
0.6,29,0.1,5.0,1.8,3.0368728984701336,5.466371217246241,0.0914683580987904,0.5853974918322586,1.2146025081677414,1.1780972450961724,13.278936382086469,15.643878369543405
0.6,29,0.2,5.0,1.8,3.0368728984701336,5.466371217246241,0.0914683580987904,0.5853974918322586,1.2146025081677414,2.356194490192345,13.278936382086469,31.28775673908681
0.6,29,0.3,5.0,1.8,3.0368728984701336,5.466371217246241,0.0914683580987904,0.5853974918322586,1.2146025081677414,3.534291735288517,13.278936382086469,46.9316351086302
0.6,29,0.4,5.0,1.8,3.0368728984701336,5.466371217246241,0.0914683580987904,0.5853974918322586,1.2146025081677414,4.71238898038469,13.278936382086469,62.57551347817362
0.6,29,0.5,5.0,1.8,3.0368728984701336,5.466371217246241,0.0914683580987904,0.5853974918322586,1.2146025081677414,5.890486225480862,13.278936382086469,78.21939184771702
0.6,29,0.6,5.0,1.8,3.0368728984701336,5.466371217246241,0.0914683580987904,0.5853974918322586,1.2146025081677414,7.068583470577034,13.278936382086469,93.8632702172604
0.6,29,0.7,5.0,1.8,3.0368728984701336,5.466371217246241,0.0914683580987904,0.5853974918322586,1.2146025081677414,8.246680715673206,13.278936382086469,109.50714858680381
0.6,29,0.8,5.0,1.8,3.0368728984701336,5.466371217246241,0.0914683580987904,0.5853974918322586,1.2146025081677414,9.42477796076938,13.278936382086469,125.15102695634724
0.6,29,0.9,5.0,1.8,3.0368728984701336,5.466371217246241,0.0914683580987904,0.5853974918322586,1.2146025081677414,10.602875205865551,13.278936382086469,140.79490532589062
0.6,29,1.0,5.0,1.8,3.0368728984701336,5.466371217246241,0.0914683580987904,0.5853974918322586,1.2146025081677414,11.780972450961723,13.278936382086469,156.43878369543404
0.6,29,1.1,5.0,1.8,3.0368728984701336,5.466371217246241,0.0914683580987904,0.5853974918322586,1.2146025081677414,12.959069696057897,13.278936382086469,172.08266206497746
0.6,29,1.2,5.0,1.8,3.0368728984701336,5.466371217246241,0.0914683580987904,0.5853974918322586,1.2146025081677414,14.137166941154067,13.278936382086469,187.7265404345208
0.6,29,1.3,5.0,1.8,3.0368728984701336,5.466371217246241,0.0914683580987904,0.5853974918322586,1.2146025081677414,15.315264186250241,13.278936382086469,203.37041880406426
0.6,29,1.4,5.0,1.8,3.0368728984701336,5.466371217246241,0.0914683580987904,0.5853974918322586,1.2146025081677414,16.49336143134641,13.278936382086469,219.01429717360762
0.6,29,1.5,5.0,1.8,3.0368728984701336,5.466371217246241,0.0914683580987904,0.5853974918322586,1.2146025081677414,17.671458676442587,13.278936382086469,234.65817554315106
0.6,29,1.6,5.0,1.8,3.0368728984701336,5.466371217246241,0.0914683580987904,0.5853974918322586,1.2146025081677414,18.84955592153876,13.278936382086469,250.30205391269448
0.6,29,1.7,5.0,1.8,3.0368728984701336,5.466371217246241,0.0914683580987904,0.5853974918322586,1.2146025081677414,20.02765316663493,13.278936382086469,265.94593228223783
0.6,29,1.8,5.0,1.8,3.0368728984701336,5.466371217246241,0.0914683580987904,0.5853974918322586,1.2146025081677414,21.205750411731103,13.278936382086469,281.58981065178125
0.6,29,1.9,5.0,1.8,3.0368728984701336,5.466371217246241,0.0914683580987904,0.5853974918322586,1.2146025081677414,22.383847656827275,13.278936382086469,297.23368902132466
0.6,29,2.0,5.0,1.8,3.0368728984701336,5.466371217246241,0.0914683580987904,0.5853974918322586,1.2146025081677414,23.561944901923447,13.278936382086469,312.8775673908681
0.6,30,0.1,5.0,1.8,3.1415926535897927,5.654866776461627,0.08841941282883076,0.5658842421045168,1.2341157578954833,1.1780972450961724,13.95752039526186,16.443316326031635
0.6,30,0.2,5.0,1.8,3.1415926535897927,5.654866776461627,0.08841941282883076,0.5658842421045168,1.2341157578954833,2.356194490192345,13.95752039526186,32.88663265206327
0.6,30,0.3,5.0,1.8,3.1415926535897927,5.654866776461627,0.08841941282883076,0.5658842421045168,1.2341157578954833,3.534291735288517,13.95752039526186,49.329948978094905
0.6,30,0.4,5.0,1.8,3.1415926535897927,5.654866776461627,0.08841941282883076,0.5658842421045168,1.2341157578954833,4.71238898038469,13.95752039526186,65.77326530412654
0.6,30,0.5,5.0,1.8,3.1415926535897927,5.654866776461627,0.08841941282883076,0.5658842421045168,1.2341157578954833,5.890486225480862,13.95752039526186,82.21658163015817
0.6,30,0.6,5.0,1.8,3.1415926535897927,5.654866776461627,0.08841941282883076,0.5658842421045168,1.2341157578954833,7.068583470577034,13.95752039526186,98.65989795618981
0.6,30,0.7,5.0,1.8,3.1415926535897927,5.654866776461627,0.08841941282883076,0.5658842421045168,1.2341157578954833,8.246680715673206,13.95752039526186,115.10321428222143
0.6,30,0.8,5.0,1.8,3.1415926535897927,5.654866776461627,0.08841941282883076,0.5658842421045168,1.2341157578954833,9.42477796076938,13.95752039526186,131.54653060825308
0.6,30,0.9,5.0,1.8,3.1415926535897927,5.654866776461627,0.08841941282883076,0.5658842421045168,1.2341157578954833,10.602875205865551,13.95752039526186,147.9898469342847
0.6,30,1.0,5.0,1.8,3.1415926535897927,5.654866776461627,0.08841941282883076,0.5658842421045168,1.2341157578954833,11.780972450961723,13.95752039526186,164.43316326031635
0.6,30,1.1,5.0,1.8,3.1415926535897927,5.654866776461627,0.08841941282883076,0.5658842421045168,1.2341157578954833,12.959069696057897,13.95752039526186,180.876479586348
0.6,30,1.2,5.0,1.8,3.1415926535897927,5.654866776461627,0.08841941282883076,0.5658842421045168,1.2341157578954833,14.137166941154067,13.95752039526186,197.31979591237962
0.6,30,1.3,5.0,1.8,3.1415926535897927,5.654866776461627,0.08841941282883076,0.5658842421045168,1.2341157578954833,15.315264186250241,13.95752039526186,213.76311223841125
0.6,30,1.4,5.0,1.8,3.1415926535897927,5.654866776461627,0.08841941282883076,0.5658842421045168,1.2341157578954833,16.49336143134641,13.95752039526186,230.20642856444286
0.6,30,1.5,5.0,1.8,3.1415926535897927,5.654866776461627,0.08841941282883076,0.5658842421045168,1.2341157578954833,17.671458676442587,13.95752039526186,246.64974489047455
0.6,30,1.6,5.0,1.8,3.1415926535897927,5.654866776461627,0.08841941282883076,0.5658842421045168,1.2341157578954833,18.84955592153876,13.95752039526186,263.09306121650616
0.6,30,1.7,5.0,1.8,3.1415926535897927,5.654866776461627,0.08841941282883076,0.5658842421045168,1.2341157578954833,20.02765316663493,13.95752039526186,279.5363775425378
0.6,30,1.8,5.0,1.8,3.1415926535897927,5.654866776461627,0.08841941282883076,0.5658842421045168,1.2341157578954833,21.205750411731103,13.95752039526186,295.9796938685694
0.6,30,1.9,5.0,1.8,3.1415926535897927,5.654866776461627,0.08841941282883076,0.5658842421045168,1.2341157578954833,22.383847656827275,13.95752039526186,312.4230101946011
0.6,30,2.0,5.0,1.8,3.1415926535897927,5.654866776461627,0.08841941282883076,0.5658842421045168,1.2341157578954833,23.561944901923447,13.95752039526186,328.8663265206327
0.6,31,0.1,5.0,1.8,3.2463124087094526,5.843362335677015,0.08556717370532008,0.5476299117140485,1.2523700882859514,1.1780972450961724,14.636104408437253,17.242754282519872
0.6,31,0.2,5.0,1.8,3.2463124087094526,5.843362335677015,0.08556717370532008,0.5476299117140485,1.2523700882859514,2.356194490192345,14.636104408437253,34.485508565039744
0.6,31,0.3,5.0,1.8,3.2463124087094526,5.843362335677015,0.08556717370532008,0.5476299117140485,1.2523700882859514,3.534291735288517,14.636104408437253,51.72826284755961
0.6,31,0.4,5.0,1.8,3.2463124087094526,5.843362335677015,0.08556717370532008,0.5476299117140485,1.2523700882859514,4.71238898038469,14.636104408437253,68.97101713007949
0.6,31,0.5,5.0,1.8,3.2463124087094526,5.843362335677015,0.08556717370532008,0.5476299117140485,1.2523700882859514,5.890486225480862,14.636104408437253,86.21377141259936
0.6,31,0.6,5.0,1.8,3.2463124087094526,5.843362335677015,0.08556717370532008,0.5476299117140485,1.2523700882859514,7.068583470577034,14.636104408437253,103.45652569511923
0.6,31,0.7,5.0,1.8,3.2463124087094526,5.843362335677015,0.08556717370532008,0.5476299117140485,1.2523700882859514,8.246680715673206,14.636104408437253,120.6992799776391
0.6,31,0.8,5.0,1.8,3.2463124087094526,5.843362335677015,0.08556717370532008,0.5476299117140485,1.2523700882859514,9.42477796076938,14.636104408437253,137.94203426015898
0.6,31,0.9,5.0,1.8,3.2463124087094526,5.843362335677015,0.08556717370532008,0.5476299117140485,1.2523700882859514,10.602875205865551,14.636104408437253,155.18478854267886
0.6,31,1.0,5.0,1.8,3.2463124087094526,5.843362335677015,0.08556717370532008,0.5476299117140485,1.2523700882859514,11.780972450961723,14.636104408437253,172.4275428251987
0.6,31,1.1,5.0,1.8,3.2463124087094526,5.843362335677015,0.08556717370532008,0.5476299117140485,1.2523700882859514,12.959069696057897,14.636104408437253,189.6702971077186
0.6,31,1.2,5.0,1.8,3.2463124087094526,5.843362335677015,0.08556717370532008,0.5476299117140485,1.2523700882859514,14.137166941154067,14.636104408437253,206.91305139023845
0.6,31,1.3,5.0,1.8,3.2463124087094526,5.843362335677015,0.08556717370532008,0.5476299117140485,1.2523700882859514,15.315264186250241,14.636104408437253,224.15580567275833
0.6,31,1.4,5.0,1.8,3.2463124087094526,5.843362335677015,0.08556717370532008,0.5476299117140485,1.2523700882859514,16.49336143134641,14.636104408437253,241.3985599552782
0.6,31,1.5,5.0,1.8,3.2463124087094526,5.843362335677015,0.08556717370532008,0.5476299117140485,1.2523700882859514,17.671458676442587,14.636104408437253,258.6413142377981
0.6,31,1.6,5.0,1.8,3.2463124087094526,5.843362335677015,0.08556717370532008,0.5476299117140485,1.2523700882859514,18.84955592153876,14.636104408437253,275.88406852031795
0.6,31,1.7,5.0,1.8,3.2463124087094526,5.843362335677015,0.08556717370532008,0.5476299117140485,1.2523700882859514,20.02765316663493,14.636104408437253,293.1268228028378
0.6,31,1.8,5.0,1.8,3.2463124087094526,5.843362335677015,0.08556717370532008,0.5476299117140485,1.2523700882859514,21.205750411731103,14.636104408437253,310.3695770853577
0.6,31,1.9,5.0,1.8,3.2463124087094526,5.843362335677015,0.08556717370532008,0.5476299117140485,1.2523700882859514,22.383847656827275,14.636104408437253,327.6123313678776
0.6,31,2.0,5.0,1.8,3.2463124087094526,5.843362335677015,0.08556717370532008,0.5476299117140485,1.2523700882859514,23.561944901923447,14.636104408437253,344.8550856503974
0.6,32,0.1,5.0,1.8,3.3510321638291125,6.031857894892402,0.08289319952702882,0.5305164769729844,1.2694835230270156,1.1780972450961724,15.31468842161265,18.042192239008113
0.6,32,0.2,5.0,1.8,3.3510321638291125,6.031857894892402,0.08289319952702882,0.5305164769729844,1.2694835230270156,2.356194490192345,15.31468842161265,36.084384478016226
0.6,32,0.3,5.0,1.8,3.3510321638291125,6.031857894892402,0.08289319952702882,0.5305164769729844,1.2694835230270156,3.534291735288517,15.31468842161265,54.126576717024335
0.6,32,0.4,5.0,1.8,3.3510321638291125,6.031857894892402,0.08289319952702882,0.5305164769729844,1.2694835230270156,4.71238898038469,15.31468842161265,72.16876895603245
0.6,32,0.5,5.0,1.8,3.3510321638291125,6.031857894892402,0.08289319952702882,0.5305164769729844,1.2694835230270156,5.890486225480862,15.31468842161265,90.21096119504055
0.6,32,0.6,5.0,1.8,3.3510321638291125,6.031857894892402,0.08289319952702882,0.5305164769729844,1.2694835230270156,7.068583470577034,15.31468842161265,108.25315343404867
0.6,32,0.7,5.0,1.8,3.3510321638291125,6.031857894892402,0.08289319952702882,0.5305164769729844,1.2694835230270156,8.246680715673206,15.31468842161265,126.29534567305677
0.6,32,0.8,5.0,1.8,3.3510321638291125,6.031857894892402,0.08289319952702882,0.5305164769729844,1.2694835230270156,9.42477796076938,15.31468842161265,144.3375379120649
0.6,32,0.9,5.0,1.8,3.3510321638291125,6.031857894892402,0.08289319952702882,0.5305164769729844,1.2694835230270156,10.602875205865551,15.31468842161265,162.379730151073
0.6,32,1.0,5.0,1.8,3.3510321638291125,6.031857894892402,0.08289319952702882,0.5305164769729844,1.2694835230270156,11.780972450961723,15.31468842161265,180.4219223900811
0.6,32,1.1,5.0,1.8,3.3510321638291125,6.031857894892402,0.08289319952702882,0.5305164769729844,1.2694835230270156,12.959069696057897,15.31468842161265,198.46411462908924
0.6,32,1.2,5.0,1.8,3.3510321638291125,6.031857894892402,0.08289319952702882,0.5305164769729844,1.2694835230270156,14.137166941154067,15.31468842161265,216.50630686809734
0.6,32,1.3,5.0,1.8,3.3510321638291125,6.031857894892402,0.08289319952702882,0.5305164769729844,1.2694835230270156,15.315264186250241,15.31468842161265,234.54849910710547
0.6,32,1.4,5.0,1.8,3.3510321638291125,6.031857894892402,0.08289319952702882,0.5305164769729844,1.2694835230270156,16.49336143134641,15.31468842161265,252.59069134611354
0.6,32,1.5,5.0,1.8,3.3510321638291125,6.031857894892402,0.08289319952702882,0.5305164769729844,1.2694835230270156,17.671458676442587,15.31468842161265,270.6328835851217
0.6,32,1.6,5.0,1.8,3.3510321638291125,6.031857894892402,0.08289319952702882,0.5305164769729844,1.2694835230270156,18.84955592153876,15.31468842161265,288.6750758241298
0.6,32,1.7,5.0,1.8,3.3510321638291125,6.031857894892402,0.08289319952702882,0.5305164769729844,1.2694835230270156,20.02765316663493,15.31468842161265,306.7172680631379
0.6,32,1.8,5.0,1.8,3.3510321638291125,6.031857894892402,0.08289319952702882,0.5305164769729844,1.2694835230270156,21.205750411731103,15.31468842161265,324.759460302146
0.6,32,1.9,5.0,1.8,3.3510321638291125,6.031857894892402,0.08289319952702882,0.5305164769729844,1.2694835230270156,22.383847656827275,15.31468842161265,342.8016525411541
0.6,32,2.0,5.0,1.8,3.3510321638291125,6.031857894892402,0.08289319952702882,0.5305164769729844,1.2694835230270156,23.561944901923447,15.31468842161265,360.8438447801622
0.6,33,0.1,5.0,1.8,3.4557519189487724,6.220353454107791,0.08038128438984612,0.5144402200950152,1.2855597799049847,1.1780972450961724,15.993272434788047,18.84163019549635
0.6,33,0.2,5.0,1.8,3.4557519189487724,6.220353454107791,0.08038128438984612,0.5144402200950152,1.2855597799049847,2.356194490192345,15.993272434788047,37.6832603909927
0.6,33,0.3,5.0,1.8,3.4557519189487724,6.220353454107791,0.08038128438984612,0.5144402200950152,1.2855597799049847,3.534291735288517,15.993272434788047,56.52489058648905
0.6,33,0.4,5.0,1.8,3.4557519189487724,6.220353454107791,0.08038128438984612,0.5144402200950152,1.2855597799049847,4.71238898038469,15.993272434788047,75.3665207819854
0.6,33,0.5,5.0,1.8,3.4557519189487724,6.220353454107791,0.08038128438984612,0.5144402200950152,1.2855597799049847,5.890486225480862,15.993272434788047,94.20815097748175
0.6,33,0.6,5.0,1.8,3.4557519189487724,6.220353454107791,0.08038128438984612,0.5144402200950152,1.2855597799049847,7.068583470577034,15.993272434788047,113.0497811729781
0.6,33,0.7,5.0,1.8,3.4557519189487724,6.220353454107791,0.08038128438984612,0.5144402200950152,1.2855597799049847,8.246680715673206,15.993272434788047,131.89141136847445
0.6,33,0.8,5.0,1.8,3.4557519189487724,6.220353454107791,0.08038128438984612,0.5144402200950152,1.2855597799049847,9.42477796076938,15.993272434788047,150.7330415639708
0.6,33,0.9,5.0,1.8,3.4557519189487724,6.220353454107791,0.08038128438984612,0.5144402200950152,1.2855597799049847,10.602875205865551,15.993272434788047,169.57467175946715
0.6,33,1.0,5.0,1.8,3.4557519189487724,6.220353454107791,0.08038128438984612,0.5144402200950152,1.2855597799049847,11.780972450961723,15.993272434788047,188.4163019549635
0.6,33,1.1,5.0,1.8,3.4557519189487724,6.220353454107791,0.08038128438984612,0.5144402200950152,1.2855597799049847,12.959069696057897,15.993272434788047,207.25793215045988
0.6,33,1.2,5.0,1.8,3.4557519189487724,6.220353454107791,0.08038128438984612,0.5144402200950152,1.2855597799049847,14.137166941154067,15.993272434788047,226.0995623459562
0.6,33,1.3,5.0,1.8,3.4557519189487724,6.220353454107791,0.08038128438984612,0.5144402200950152,1.2855597799049847,15.315264186250241,15.993272434788047,244.94119254145255
0.6,33,1.4,5.0,1.8,3.4557519189487724,6.220353454107791,0.08038128438984612,0.5144402200950152,1.2855597799049847,16.49336143134641,15.993272434788047,263.7828227369489
0.6,33,1.5,5.0,1.8,3.4557519189487724,6.220353454107791,0.08038128438984612,0.5144402200950152,1.2855597799049847,17.671458676442587,15.993272434788047,282.6244529324453
0.6,33,1.6,5.0,1.8,3.4557519189487724,6.220353454107791,0.08038128438984612,0.5144402200950152,1.2855597799049847,18.84955592153876,15.993272434788047,301.4660831279416
0.6,33,1.7,5.0,1.8,3.4557519189487724,6.220353454107791,0.08038128438984612,0.5144402200950152,1.2855597799049847,20.02765316663493,15.993272434788047,320.30771332343795
0.6,33,1.8,5.0,1.8,3.4557519189487724,6.220353454107791,0.08038128438984612,0.5144402200950152,1.2855597799049847,21.205750411731103,15.993272434788047,339.1493435189343
0.6,33,1.9,5.0,1.8,3.4557519189487724,6.220353454107791,0.08038128438984612,0.5144402200950152,1.2855597799049847,22.383847656827275,15.993272434788047,357.99097371443065
0.6,33,2.0,5.0,1.8,3.4557519189487724,6.220353454107791,0.08038128438984612,0.5144402200950152,1.2855597799049847,23.561944901923447,15.993272434788047,376.832603909927
0.6,34,0.1,5.0,1.8,3.5604716740684323,6.408849013323178,0.07801712896661536,0.6241370317329229,1.1758629682670771,1.1780972450961724,15.071856447963441,17.75611255983071
0.6,34,0.2,5.0,1.8,3.5604716740684323,6.408849013323178,0.07801712896661536,0.6241370317329229,1.1758629682670771,2.356194490192345,15.071856447963441,35.51222511966142
0.6,34,0.3,5.0,1.8,3.5604716740684323,6.408849013323178,0.07801712896661536,0.6241370317329229,1.1758629682670771,3.534291735288517,15.071856447963441,53.26833767949213
0.6,34,0.4,5.0,1.8,3.5604716740684323,6.408849013323178,0.07801712896661536,0.6241370317329229,1.1758629682670771,4.71238898038469,15.071856447963441,71.02445023932285
0.6,34,0.5,5.0,1.8,3.5604716740684323,6.408849013323178,0.07801712896661536,0.6241370317329229,1.1758629682670771,5.890486225480862,15.071856447963441,88.78056279915356
0.6,34,0.6,5.0,1.8,3.5604716740684323,6.408849013323178,0.07801712896661536,0.6241370317329229,1.1758629682670771,7.068583470577034,15.071856447963441,106.53667535898425
0.6,34,0.7,5.0,1.8,3.5604716740684323,6.408849013323178,0.07801712896661536,0.6241370317329229,1.1758629682670771,8.246680715673206,15.071856447963441,124.29278791881497
0.6,34,0.8,5.0,1.8,3.5604716740684323,6.408849013323178,0.07801712896661536,0.6241370317329229,1.1758629682670771,9.42477796076938,15.071856447963441,142.0489004786457
0.6,34,0.9,5.0,1.8,3.5604716740684323,6.408849013323178,0.07801712896661536,0.6241370317329229,1.1758629682670771,10.602875205865551,15.071856447963441,159.8050130384764
0.6,34,1.0,5.0,1.8,3.5604716740684323,6.408849013323178,0.07801712896661536,0.6241370317329229,1.1758629682670771,11.780972450961723,15.071856447963441,177.56112559830711
0.6,34,1.1,5.0,1.8,3.5604716740684323,6.408849013323178,0.07801712896661536,0.6241370317329229,1.1758629682670771,12.959069696057897,15.071856447963441,195.31723815813785
0.6,34,1.2,5.0,1.8,3.5604716740684323,6.408849013323178,0.07801712896661536,0.6241370317329229,1.1758629682670771,14.137166941154067,15.071856447963441,213.0733507179685
0.6,34,1.3,5.0,1.8,3.5604716740684323,6.408849013323178,0.07801712896661536,0.6241370317329229,1.1758629682670771,15.315264186250241,15.071856447963441,230.82946327779925
0.6,34,1.4,5.0,1.8,3.5604716740684323,6.408849013323178,0.07801712896661536,0.6241370317329229,1.1758629682670771,16.49336143134641,15.071856447963441,248.58557583762993
0.6,34,1.5,5.0,1.8,3.5604716740684323,6.408849013323178,0.07801712896661536,0.6241370317329229,1.1758629682670771,17.671458676442587,15.071856447963441,266.3416883974607
0.6,34,1.6,5.0,1.8,3.5604716740684323,6.408849013323178,0.07801712896661536,0.6241370317329229,1.1758629682670771,18.84955592153876,15.071856447963441,284.0978009572914
0.6,34,1.7,5.0,1.8,3.5604716740684323,6.408849013323178,0.07801712896661536,0.6241370317329229,1.1758629682670771,20.02765316663493,15.071856447963441,301.8539135171221
0.6,34,1.8,5.0,1.8,3.5604716740684323,6.408849013323178,0.07801712896661536,0.6241370317329229,1.1758629682670771,21.205750411731103,15.071856447963441,319.6100260769528
0.6,34,1.9,5.0,1.8,3.5604716740684323,6.408849013323178,0.07801712896661536,0.6241370317329229,1.1758629682670771,22.383847656827275,15.071856447963441,337.3661386367835
0.6,34,2.0,5.0,1.8,3.5604716740684323,6.408849013323178,0.07801712896661536,0.6241370317329229,1.1758629682670771,23.561944901923447,15.071856447963441,355.12225119661423
0.6,35,0.1,5.0,1.8,3.665191429188092,6.5973445725385655,0.07578806813899779,0.6063045451119822,1.1936954548880179,1.1780972450961724,15.750440461138837,18.555550516318952
0.6,35,0.2,5.0,1.8,3.665191429188092,6.5973445725385655,0.07578806813899779,0.6063045451119822,1.1936954548880179,2.356194490192345,15.750440461138837,37.111101032637904
0.6,35,0.3,5.0,1.8,3.665191429188092,6.5973445725385655,0.07578806813899779,0.6063045451119822,1.1936954548880179,3.534291735288517,15.750440461138837,55.66665154895684
0.6,35,0.4,5.0,1.8,3.665191429188092,6.5973445725385655,0.07578806813899779,0.6063045451119822,1.1936954548880179,4.71238898038469,15.750440461138837,74.22220206527581
0.6,35,0.5,5.0,1.8,3.665191429188092,6.5973445725385655,0.07578806813899779,0.6063045451119822,1.1936954548880179,5.890486225480862,15.750440461138837,92.77775258159475
0.6,35,0.6,5.0,1.8,3.665191429188092,6.5973445725385655,0.07578806813899779,0.6063045451119822,1.1936954548880179,7.068583470577034,15.750440461138837,111.33330309791369
0.6,35,0.7,5.0,1.8,3.665191429188092,6.5973445725385655,0.07578806813899779,0.6063045451119822,1.1936954548880179,8.246680715673206,15.750440461138837,129.88885361423263
0.6,35,0.8,5.0,1.8,3.665191429188092,6.5973445725385655,0.07578806813899779,0.6063045451119822,1.1936954548880179,9.42477796076938,15.750440461138837,148.44440413055162
0.6,35,0.9,5.0,1.8,3.665191429188092,6.5973445725385655,0.07578806813899779,0.6063045451119822,1.1936954548880179,10.602875205865551,15.750440461138837,166.99995464687055
0.6,35,1.0,5.0,1.8,3.665191429188092,6.5973445725385655,0.07578806813899779,0.6063045451119822,1.1936954548880179,11.780972450961723,15.750440461138837,185.5555051631895
0.6,35,1.1,5.0,1.8,3.665191429188092,6.5973445725385655,0.07578806813899779,0.6063045451119822,1.1936954548880179,12.959069696057897,15.750440461138837,204.11105567950847
0.6,35,1.2,5.0,1.8,3.665191429188092,6.5973445725385655,0.07578806813899779,0.6063045451119822,1.1936954548880179,14.137166941154067,15.750440461138837,222.66660619582737
0.6,35,1.3,5.0,1.8,3.665191429188092,6.5973445725385655,0.07578806813899779,0.6063045451119822,1.1936954548880179,15.315264186250241,15.750440461138837,241.22215671214636
0.6,35,1.4,5.0,1.8,3.665191429188092,6.5973445725385655,0.07578806813899779,0.6063045451119822,1.1936954548880179,16.49336143134641,15.750440461138837,259.77770722846526
0.6,35,1.5,5.0,1.8,3.665191429188092,6.5973445725385655,0.07578806813899779,0.6063045451119822,1.1936954548880179,17.671458676442587,15.750440461138837,278.33325774478425
0.6,35,1.6,5.0,1.8,3.665191429188092,6.5973445725385655,0.07578806813899779,0.6063045451119822,1.1936954548880179,18.84955592153876,15.750440461138837,296.88880826110324
0.6,35,1.7,5.0,1.8,3.665191429188092,6.5973445725385655,0.07578806813899779,0.6063045451119822,1.1936954548880179,20.02765316663493,15.750440461138837,315.44435877742217
0.6,35,1.8,5.0,1.8,3.665191429188092,6.5973445725385655,0.07578806813899779,0.6063045451119822,1.1936954548880179,21.205750411731103,15.750440461138837,333.9999092937411
0.6,35,1.9,5.0,1.8,3.665191429188092,6.5973445725385655,0.07578806813899779,0.6063045451119822,1.1936954548880179,22.383847656827275,15.750440461138837,352.55545981006003
0.6,35,2.0,5.0,1.8,3.665191429188092,6.5973445725385655,0.07578806813899779,0.6063045451119822,1.1936954548880179,23.561944901923447,15.750440461138837,371.111010326379
