throughput_kg_h,density_g_cm3,pipe_diameter_mm,pipe_tilt_deg_from_vertical,penetration_depth_mm,probe_diameter_mm,acquisition_time_s,throughput_g_s,pipe_area_cm2,superficial_velocity_cm_s,optical_mass_per_refresh_mg,crossing_time_s,n_refresh,effective_sample_mass_proxy_mg,passed_volume_cm3,passed_mass_mg
40,0.4,65.0,26.5,0.1,5.0,1.8,11.11111111111111,33.18307240354219,0.8371068670185159,0.7853981633974484,0.5972953032637595,3.0135847212666573,2.3668639053254443,0.2958579881656805,118.3431952662722
40,0.4,65.0,26.5,0.2,5.0,1.8,11.11111111111111,33.18307240354219,0.8371068670185159,1.5707963267948968,0.5972953032637595,3.0135847212666573,4.733727810650889,0.2958579881656805,118.3431952662722
40,0.4,65.0,26.5,0.3,5.0,1.8,11.11111111111111,33.18307240354219,0.8371068670185159,2.356194490192345,0.5972953032637595,3.0135847212666573,7.100591715976331,0.2958579881656805,118.3431952662722
40,0.4,65.0,26.5,0.4,5.0,1.8,11.11111111111111,33.18307240354219,0.8371068670185159,3.1415926535897936,0.5972953032637595,3.0135847212666573,9.467455621301777,0.2958579881656805,118.3431952662722
40,0.4,65.0,26.5,0.5,5.0,1.8,11.11111111111111,33.18307240354219,0.8371068670185159,3.926990816987242,0.5972953032637595,3.0135847212666573,11.83431952662722,0.2958579881656805,118.3431952662722
40,0.4,65.0,26.5,0.6,5.0,1.8,11.11111111111111,33.18307240354219,0.8371068670185159,4.71238898038469,0.5972953032637595,3.0135847212666573,14.201183431952662,0.2958579881656805,118.3431952662722
40,0.4,65.0,26.5,0.7,5.0,1.8,11.11111111111111,33.18307240354219,0.8371068670185159,5.497787143782138,0.5972953032637595,3.0135847212666573,16.568047337278106,0.2958579881656805,118.3431952662722
40,0.4,65.0,26.5,0.8,5.0,1.8,11.11111111111111,33.18307240354219,0.8371068670185159,6.283185307179587,0.5972953032637595,3.0135847212666573,18.934911242603555,0.2958579881656805,118.3431952662722
40,0.4,65.0,26.5,0.9,5.0,1.8,11.11111111111111,33.18307240354219,0.8371068670185159,7.068583470577035,0.5972953032637595,3.0135847212666573,21.301775147928996,0.2958579881656805,118.3431952662722
40,0.4,65.0,26.5,1.0,5.0,1.8,11.11111111111111,33.18307240354219,0.8371068670185159,7.853981633974484,0.5972953032637595,3.0135847212666573,23.66863905325444,0.2958579881656805,118.3431952662722
40,0.4,65.0,26.5,1.1,5.0,1.8,11.11111111111111,33.18307240354219,0.8371068670185159,8.639379797371934,0.5972953032637595,3.0135847212666573,26.035502958579887,0.2958579881656805,118.3431952662722
40,0.4,65.0,26.5,1.2,5.0,1.8,11.11111111111111,33.18307240354219,0.8371068670185159,9.42477796076938,0.5972953032637595,3.0135847212666573,28.402366863905325,0.2958579881656805,118.3431952662722
40,0.4,65.0,26.5,1.3,5.0,1.8,11.11111111111111,33.18307240354219,0.8371068670185159,10.210176124166829,0.5972953032637595,3.0135847212666573,30.769230769230774,0.2958579881656805,118.3431952662722
40,0.4,65.0,26.5,1.4,5.0,1.8,11.11111111111111,33.18307240354219,0.8371068670185159,10.995574287564276,0.5972953032637595,3.0135847212666573,33.13609467455621,0.2958579881656805,118.3431952662722
40,0.4,65.0,26.5,1.5,5.0,1.8,11.11111111111111,33.18307240354219,0.8371068670185159,11.780972450961725,0.5972953032637595,3.0135847212666573,35.50295857988166,0.2958579881656805,118.3431952662722
40,0.4,65.0,26.5,1.6,5.0,1.8,11.11111111111111,33.18307240354219,0.8371068670185159,12.566370614359174,0.5972953032637595,3.0135847212666573,37.86982248520711,0.2958579881656805,118.3431952662722
40,0.4,65.0,26.5,1.7,5.0,1.8,11.11111111111111,33.18307240354219,0.8371068670185159,13.351768777756622,0.5972953032637595,3.0135847212666573,40.23668639053255,0.2958579881656805,118.3431952662722
40,0.4,65.0,26.5,1.8,5.0,1.8,11.11111111111111,33.18307240354219,0.8371068670185159,14.13716694115407,0.5972953032637595,3.0135847212666573,42.60355029585799,0.2958579881656805,118.3431952662722
40,0.4,65.0,26.5,1.9,5.0,1.8,11.11111111111111,33.18307240354219,0.8371068670185159,14.922565104551516,0.5972953032637595,3.0135847212666573,44.97041420118343,0.2958579881656805,118.3431952662722
40,0.4,65.0,26.5,2.0,5.0,1.8,11.11111111111111,33.18307240354219,0.8371068670185159,15.707963267948967,0.5972953032637595,3.0135847212666573,47.33727810650888,0.2958579881656805,118.3431952662722
45,0.4,65.0,26.5,0.1,5.0,1.8,12.5,33.18307240354219,0.9417452253958304,0.7853981633974484,0.5309291584566751,3.3902828114249894,2.6627218934911245,0.33284023668639057,133.13609467455623
45,0.4,65.0,26.5,0.2,5.0,1.8,12.5,33.18307240354219,0.9417452253958304,1.5707963267948968,0.5309291584566751,3.3902828114249894,5.325443786982249,0.33284023668639057,133.13609467455623
45,0.4,65.0,26.5,0.3,5.0,1.8,12.5,33.18307240354219,0.9417452253958304,2.356194490192345,0.5309291584566751,3.3902828114249894,7.988165680473372,0.33284023668639057,133.13609467455623
45,0.4,65.0,26.5,0.4,5.0,1.8,12.5,33.18307240354219,0.9417452253958304,3.1415926535897936,0.5309291584566751,3.3902828114249894,10.650887573964498,0.33284023668639057,133.13609467455623
45,0.4,65.0,26.5,0.5,5.0,1.8,12.5,33.18307240354219,0.9417452253958304,3.926990816987242,0.5309291584566751,3.3902828114249894,13.313609467455622,0.33284023668639057,133.13609467455623
45,0.4,65.0,26.5,0.6,5.0,1.8,12.5,33.18307240354219,0.9417452253958304,4.71238898038469,0.5309291584566751,3.3902828114249894,15.976331360946745,0.33284023668639057,133.13609467455623
45,0.4,65.0,26.5,0.7,5.0,1.8,12.5,33.18307240354219,0.9417452253958304,5.497787143782138,0.5309291584566751,3.3902828114249894,18.63905325443787,0.33284023668639057,133.13609467455623
45,0.4,65.0,26.5,0.8,5.0,1.8,12.5,33.18307240354219,0.9417452253958304,6.283185307179587,0.5309291584566751,3.3902828114249894,21.301775147928996,0.33284023668639057,133.13609467455623
45,0.4,65.0,26.5,0.9,5.0,1.8,12.5,33.18307240354219,0.9417452253958304,7.068583470577035,0.5309291584566751,3.3902828114249894,23.96449704142012,0.33284023668639057,133.13609467455623
45,0.4,65.0,26.5,1.0,5.0,1.8,12.5,33.18307240354219,0.9417452253958304,7.853981633974484,0.5309291584566751,3.3902828114249894,26.627218934911244,0.33284023668639057,133.13609467455623
45,0.4,65.0,26.5,1.1,5.0,1.8,12.5,33.18307240354219,0.9417452253958304,8.639379797371934,0.5309291584566751,3.3902828114249894,29.289940828402376,0.33284023668639057,133.13609467455623
45,0.4,65.0,26.5,1.2,5.0,1.8,12.5,33.18307240354219,0.9417452253958304,9.42477796076938,0.5309291584566751,3.3902828114249894,31.95266272189349,0.33284023668639057,133.13609467455623
45,0.4,65.0,26.5,1.3,5.0,1.8,12.5,33.18307240354219,0.9417452253958304,10.210176124166829,0.5309291584566751,3.3902828114249894,34.61538461538462,0.33284023668639057,133.13609467455623
45,0.4,65.0,26.5,1.4,5.0,1.8,12.5,33.18307240354219,0.9417452253958304,10.995574287564276,0.5309291584566751,3.3902828114249894,37.27810650887574,0.33284023668639057,133.13609467455623
45,0.4,65.0,26.5,1.5,5.0,1.8,12.5,33.18307240354219,0.9417452253958304,11.780972450961725,0.5309291584566751,3.3902828114249894,39.94082840236687,0.33284023668639057,133.13609467455623
45,0.4,65.0,26.5,1.6,5.0,1.8,12.5,33.18307240354219,0.9417452253958304,12.566370614359174,0.5309291584566751,3.3902828114249894,42.60355029585799,0.33284023668639057,133.13609467455623
45,0.4,65.0,26.5,1.7,5.0,1.8,12.5,33.18307240354219,0.9417452253958304,13.351768777756622,0.5309291584566751,3.3902828114249894,45.26627218934912,0.33284023668639057,133.13609467455623
45,0.4,65.0,26.5,1.8,5.0,1.8,12.5,33.18307240354219,0.9417452253958304,14.13716694115407,0.5309291584566751,3.3902828114249894,47.92899408284024,0.33284023668639057,133.13609467455623
45,0.4,65.0,26.5,1.9,5.0,1.8,12.5,33.18307240354219,0.9417452253958304,14.922565104551516,0.5309291584566751,3.3902828114249894,50.59171597633136,0.33284023668639057,133.13609467455623
45,0.4,65.0,26.5,2.0,5.0,1.8,12.5,33.18307240354219,0.9417452253958304,15.707963267948967,0.5309291584566751,3.3902828114249894,53.25443786982249,0.33284023668639057,133.13609467455623
50,0.4,65.0,26.5,0.1,5.0,1.8,13.88888888888889,33.18307240354219,1.046383583773145,0.7853981633974484,0.4778362426110075,3.766980901583322,2.9585798816568056,0.36982248520710065,147.92899408284026
50,0.4,65.0,26.5,0.2,5.0,1.8,13.88888888888889,33.18307240354219,1.046383583773145,1.5707963267948968,0.4778362426110075,3.766980901583322,5.917159763313611,0.36982248520710065,147.92899408284026
50,0.4,65.0,26.5,0.3,5.0,1.8,13.88888888888889,33.18307240354219,1.046383583773145,2.356194490192345,0.4778362426110075,3.766980901583322,8.875739644970414,0.36982248520710065,147.92899408284026
50,0.4,65.0,26.5,0.4,5.0,1.8,13.88888888888889,33.18307240354219,1.046383583773145,3.1415926535897936,0.4778362426110075,3.766980901583322,11.834319526627223,0.36982248520710065,147.92899408284026
50,0.4,65.0,26.5,0.5,5.0,1.8,13.88888888888889,33.18307240354219,1.046383583773145,3.926990816987242,0.4778362426110075,3.766980901583322,14.792899408284025,0.36982248520710065,147.92899408284026
50,0.4,65.0,26.5,0.6,5.0,1.8,13.88888888888889,33.18307240354219,1.046383583773145,4.71238898038469,0.4778362426110075,3.766980901583322,17.75147928994083,0.36982248520710065,147.92899408284026
50,0.4,65.0,26.5,0.7,5.0,1.8,13.88888888888889,33.18307240354219,1.046383583773145,5.497787143782138,0.4778362426110075,3.766980901583322,20.710059171597635,0.36982248520710065,147.92899408284026
50,0.4,65.0,26.5,0.8,5.0,1.8,13.88888888888889,33.18307240354219,1.046383583773145,6.283185307179587,0.4778362426110075,3.766980901583322,23.668639053254445,0.36982248520710065,147.92899408284026
50,0.4,65.0,26.5,0.9,5.0,1.8,13.88888888888889,33.18307240354219,1.046383583773145,7.068583470577035,0.4778362426110075,3.766980901583322,26.627218934911248,0.36982248520710065,147.92899408284026
50,0.4,65.0,26.5,1.0,5.0,1.8,13.88888888888889,33.18307240354219,1.046383583773145,7.853981633974484,0.4778362426110075,3.766980901583322,29.58579881656805,0.36982248520710065,147.92899408284026
50,0.4,65.0,26.5,1.1,5.0,1.8,13.88888888888889,33.18307240354219,1.046383583773145,8.639379797371934,0.4778362426110075,3.766980901583322,32.54437869822487,0.36982248520710065,147.92899408284026
50,0.4,65.0,26.5,1.2,5.0,1.8,13.88888888888889,33.18307240354219,1.046383583773145,9.42477796076938,0.4778362426110075,3.766980901583322,35.50295857988166,0.36982248520710065,147.92899408284026
50,0.4,65.0,26.5,1.3,5.0,1.8,13.88888888888889,33.18307240354219,1.046383583773145,10.210176124166829,0.4778362426110075,3.766980901583322,38.461538461538474,0.36982248520710065,147.92899408284026
50,0.4,65.0,26.5,1.4,5.0,1.8,13.88888888888889,33.18307240354219,1.046383583773145,10.995574287564276,0.4778362426110075,3.766980901583322,41.42011834319527,0.36982248520710065,147.92899408284026
50,0.4,65.0,26.5,1.5,5.0,1.8,13.88888888888889,33.18307240354219,1.046383583773145,11.780972450961725,0.4778362426110075,3.766980901583322,44.37869822485207,0.36982248520710065,147.92899408284026
50,0.4,65.0,26.5,1.6,5.0,1.8,13.88888888888889,33.18307240354219,1.046383583773145,12.566370614359174,0.4778362426110075,3.766980901583322,47.33727810650889,0.36982248520710065,147.92899408284026
50,0.4,65.0,26.5,1.7,5.0,1.8,13.88888888888889,33.18307240354219,1.046383583773145,13.351768777756622,0.4778362426110075,3.766980901583322,50.295857988165686,0.36982248520710065,147.92899408284026
50,0.4,65.0,26.5,1.8,5.0,1.8,13.88888888888889,33.18307240354219,1.046383583773145,14.13716694115407,0.4778362426110075,3.766980901583322,53.254437869822496,0.36982248520710065,147.92899408284026
50,0.4,65.0,26.5,1.9,5.0,1.8,13.88888888888889,33.18307240354219,1.046383583773145,14.922565104551516,0.4778362426110075,3.766980901583322,56.21301775147929,0.36982248520710065,147.92899408284026
50,0.4,65.0,26.5,2.0,5.0,1.8,13.88888888888889,33.18307240354219,1.046383583773145,15.707963267948967,0.4778362426110075,3.766980901583322,59.1715976331361,0.36982248520710065,147.92899408284026
55,0.4,65.0,26.5,0.1,5.0,1.8,15.277777777777779,33.18307240354219,1.1510219421504595,0.7853981633974484,0.434396584191825,4.1436789917416545,3.2544378698224863,0.40680473372781073,162.72189349112432
55,0.4,65.0,26.5,0.2,5.0,1.8,15.277777777777779,33.18307240354219,1.1510219421504595,1.5707963267948968,0.434396584191825,4.1436789917416545,6.508875739644973,0.40680473372781073,162.72189349112432
55,0.4,65.0,26.5,0.3,5.0,1.8,15.277777777777779,33.18307240354219,1.1510219421504595,2.356194490192345,0.434396584191825,4.1436789917416545,9.763313609467456,0.40680473372781073,162.72189349112432
55,0.4,65.0,26.5,0.4,5.0,1.8,15.277777777777779,33.18307240354219,1.1510219421504595,3.1415926535897936,0.434396584191825,4.1436789917416545,13.017751479289945,0.40680473372781073,162.72189349112432
55,0.4,65.0,26.5,0.5,5.0,1.8,15.277777777777779,33.18307240354219,1.1510219421504595,3.926990816987242,0.434396584191825,4.1436789917416545,16.27218934911243,0.40680473372781073,162.72189349112432
55,0.4,65.0,26.5,0.6,5.0,1.8,15.277777777777779,33.18307240354219,1.1510219421504595,4.71238898038469,0.434396584191825,4.1436789917416545,19.526627218934912,0.40680473372781073,162.72189349112432
55,0.4,65.0,26.5,0.7,5.0,1.8,15.277777777777779,33.18307240354219,1.1510219421504595,5.497787143782138,0.434396584191825,4.1436789917416545,22.7810650887574,0.40680473372781073,162.72189349112432
55,0.4,65.0,26.5,0.8,5.0,1.8,15.277777777777779,33.18307240354219,1.1510219421504595,6.283185307179587,0.434396584191825,4.1436789917416545,26.03550295857989,0.40680473372781073,162.72189349112432
55,0.4,65.0,26.5,0.9,5.0,1.8,15.277777777777779,33.18307240354219,1.1510219421504595,7.068583470577035,0.434396584191825,4.1436789917416545,29.289940828402376,0.40680473372781073,162.72189349112432
55,0.4,65.0,26.5,1.0,5.0,1.8,15.277777777777779,33.18307240354219,1.1510219421504595,7.853981633974484,0.434396584191825,4.1436789917416545,32.54437869822486,0.40680473372781073,162.72189349112432
55,0.4,65.0,26.5,1.1,5.0,1.8,15.277777777777779,33.18307240354219,1.1510219421504595,8.639379797371934,0.434396584191825,4.1436789917416545,35.79881656804735,0.40680473372781073,162.72189349112432
55,0.4,65.0,26.5,1.2,5.0,1.8,15.277777777777779,33.18307240354219,1.1510219421504595,9.42477796076938,0.434396584191825,4.1436789917416545,39.053254437869825,0.40680473372781073,162.72189349112432
55,0.4,65.0,26.5,1.3,5.0,1.8,15.277777777777779,33.18307240354219,1.1510219421504595,10.210176124166829,0.434396584191825,4.1436789917416545,42.30769230769232,0.40680473372781073,162.72189349112432
55,0.4,65.0,26.5,1.4,5.0,1.8,15.277777777777779,33.18307240354219,1.1510219421504595,10.995574287564276,0.434396584191825,4.1436789917416545,45.5621301775148,0.40680473372781073,162.72189349112432
55,0.4,65.0,26.5,1.5,5.0,1.8,15.277777777777779,33.18307240354219,1.1510219421504595,11.780972450961725,0.434396584191825,4.1436789917416545,48.81656804733729,0.40680473372781073,162.72189349112432
55,0.4,65.0,26.5,1.6,5.0,1.8,15.277777777777779,33.18307240354219,1.1510219421504595,12.566370614359174,0.434396584191825,4.1436789917416545,52.07100591715978,0.40680473372781073,162.72189349112432
55,0.4,65.0,26.5,1.7,5.0,1.8,15.277777777777779,33.18307240354219,1.1510219421504595,13.351768777756622,0.434396584191825,4.1436789917416545,55.32544378698226,0.40680473372781073,162.72189349112432
55,0.4,65.0,26.5,1.8,5.0,1.8,15.277777777777779,33.18307240354219,1.1510219421504595,14.13716694115407,0.434396584191825,4.1436789917416545,58.57988165680475,0.40680473372781073,162.72189349112432
55,0.4,65.0,26.5,1.9,5.0,1.8,15.277777777777779,33.18307240354219,1.1510219421504595,14.922565104551516,0.434396584191825,4.1436789917416545,61.834319526627226,0.40680473372781073,162.72189349112432
55,0.4,65.0,26.5,2.0,5.0,1.8,15.277777777777779,33.18307240354219,1.1510219421504595,15.707963267948967,0.434396584191825,4.1436789917416545,65.08875739644972,0.40680473372781073,162.72189349112432
60,0.4,65.0,26.5,0.1,5.0,1.8,16.666666666666668,33.18307240354219,1.255660300527774,0.7853981633974484,0.39819686884250627,4.520377081899986,3.5502958579881665,0.44378698224852076,177.5147928994083
60,0.4,65.0,26.5,0.2,5.0,1.8,16.666666666666668,33.18307240354219,1.255660300527774,1.5707963267948968,0.39819686884250627,4.520377081899986,7.100591715976333,0.44378698224852076,177.5147928994083
60,0.4,65.0,26.5,0.3,5.0,1.8,16.666666666666668,33.18307240354219,1.255660300527774,2.356194490192345,0.39819686884250627,4.520377081899986,10.650887573964496,0.44378698224852076,177.5147928994083
60,0.4,65.0,26.5,0.4,5.0,1.8,16.666666666666668,33.18307240354219,1.255660300527774,3.1415926535897936,0.39819686884250627,4.520377081899986,14.201183431952666,0.44378698224852076,177.5147928994083
60,0.4,65.0,26.5,0.5,5.0,1.8,16.666666666666668,33.18307240354219,1.255660300527774,3.926990816987242,0.39819686884250627,4.520377081899986,17.751479289940832,0.44378698224852076,177.5147928994083
60,0.4,65.0,26.5,0.6,5.0,1.8,16.666666666666668,33.18307240354219,1.255660300527774,4.71238898038469,0.39819686884250627,4.520377081899986,21.301775147928993,0.44378698224852076,177.5147928994083
60,0.4,65.0,26.5,0.7,5.0,1.8,16.666666666666668,33.18307240354219,1.255660300527774,5.497787143782138,0.39819686884250627,4.520377081899986,24.85207100591716,0.44378698224852076,177.5147928994083
60,0.4,65.0,26.5,0.8,5.0,1.8,16.666666666666668,33.18307240354219,1.255660300527774,6.283185307179587,0.39819686884250627,4.520377081899986,28.402366863905332,0.44378698224852076,177.5147928994083
60,0.4,65.0,26.5,0.9,5.0,1.8,16.666666666666668,33.18307240354219,1.255660300527774,7.068583470577035,0.39819686884250627,4.520377081899986,31.952662721893496,0.44378698224852076,177.5147928994083
60,0.4,65.0,26.5,1.0,5.0,1.8,16.666666666666668,33.18307240354219,1.255660300527774,7.853981633974484,0.39819686884250627,4.520377081899986,35.502958579881664,0.44378698224852076,177.5147928994083
60,0.4,65.0,26.5,1.1,5.0,1.8,16.666666666666668,33.18307240354219,1.255660300527774,8.639379797371934,0.39819686884250627,4.520377081899986,39.05325443786983,0.44378698224852076,177.5147928994083
60,0.4,65.0,26.5,1.2,5.0,1.8,16.666666666666668,33.18307240354219,1.255660300527774,9.42477796076938,0.39819686884250627,4.520377081899986,42.603550295857985,0.44378698224852076,177.5147928994083
60,0.4,65.0,26.5,1.3,5.0,1.8,16.666666666666668,33.18307240354219,1.255660300527774,10.210176124166829,0.39819686884250627,4.520377081899986,46.15384615384616,0.44378698224852076,177.5147928994083
60,0.4,65.0,26.5,1.4,5.0,1.8,16.666666666666668,33.18307240354219,1.255660300527774,10.995574287564276,0.39819686884250627,4.520377081899986,49.70414201183432,0.44378698224852076,177.5147928994083
60,0.4,65.0,26.5,1.5,5.0,1.8,16.666666666666668,33.18307240354219,1.255660300527774,11.780972450961725,0.39819686884250627,4.520377081899986,53.254437869822496,0.44378698224852076,177.5147928994083
60,0.4,65.0,26.5,1.6,5.0,1.8,16.666666666666668,33.18307240354219,1.255660300527774,12.566370614359174,0.39819686884250627,4.520377081899986,56.804733727810664,0.44378698224852076,177.5147928994083
60,0.4,65.0,26.5,1.7,5.0,1.8,16.666666666666668,33.18307240354219,1.255660300527774,13.351768777756622,0.39819686884250627,4.520377081899986,60.355029585798825,0.44378698224852076,177.5147928994083
60,0.4,65.0,26.5,1.8,5.0,1.8,16.666666666666668,33.18307240354219,1.255660300527774,14.13716694115407,0.39819686884250627,4.520377081899986,63.90532544378699,0.44378698224852076,177.5147928994083
60,0.4,65.0,26.5,1.9,5.0,1.8,16.666666666666668,33.18307240354219,1.255660300527774,14.922565104551516,0.39819686884250627,4.520377081899986,67.45562130177515,0.44378698224852076,177.5147928994083
60,0.4,65.0,26.5,2.0,5.0,1.8,16.666666666666668,33.18307240354219,1.255660300527774,15.707963267948967,0.39819686884250627,4.520377081899986,71.00591715976333,0.44378698224852076,177.5147928994083
65,0.4,65.0,26.5,0.1,5.0,1.8,18.055555555555557,33.18307240354219,1.3602986589050885,0.7853981633974484,0.36756634047000575,4.897075172058319,3.846153846153847,0.4807692307692308,192.30769230769232
65,0.4,65.0,26.5,0.2,5.0,1.8,18.055555555555557,33.18307240354219,1.3602986589050885,1.5707963267948968,0.36756634047000575,4.897075172058319,7.692307692307694,0.4807692307692308,192.30769230769232
65,0.4,65.0,26.5,0.3,5.0,1.8,18.055555555555557,33.18307240354219,1.3602986589050885,2.356194490192345,0.36756634047000575,4.897075172058319,11.538461538461538,0.4807692307692308,192.30769230769232
65,0.4,65.0,26.5,0.4,5.0,1.8,18.055555555555557,33.18307240354219,1.3602986589050885,3.1415926535897936,0.36756634047000575,4.897075172058319,15.384615384615389,0.4807692307692308,192.30769230769232
65,0.4,65.0,26.5,0.5,5.0,1.8,18.055555555555557,33.18307240354219,1.3602986589050885,3.926990816987242,0.36756634047000575,4.897075172058319,19.230769230769237,0.4807692307692308,192.30769230769232
65,0.4,65.0,26.5,0.6,5.0,1.8,18.055555555555557,33.18307240354219,1.3602986589050885,4.71238898038469,0.36756634047000575,4.897075172058319,23.076923076923077,0.4807692307692308,192.30769230769232
65,0.4,65.0,26.5,0.7,5.0,1.8,18.055555555555557,33.18307240354219,1.3602986589050885,5.497787143782138,0.36756634047000575,4.897075172058319,26.923076923076923,0.4807692307692308,192.30769230769232
65,0.4,65.0,26.5,0.8,5.0,1.8,18.055555555555557,33.18307240354219,1.3602986589050885,6.283185307179587,0.36756634047000575,4.897075172058319,30.769230769230777,0.4807692307692308,192.30769230769232
65,0.4,65.0,26.5,0.9,5.0,1.8,18.055555555555557,33.18307240354219,1.3602986589050885,7.068583470577035,0.36756634047000575,4.897075172058319,34.61538461538463,0.4807692307692308,192.30769230769232
65,0.4,65.0,26.5,1.0,5.0,1.8,18.055555555555557,33.18307240354219,1.3602986589050885,7.853981633974484,0.36756634047000575,4.897075172058319,38.461538461538474,0.4807692307692308,192.30769230769232
65,0.4,65.0,26.5,1.1,5.0,1.8,18.055555555555557,33.18307240354219,1.3602986589050885,8.639379797371934,0.36756634047000575,4.897075172058319,42.30769230769232,0.4807692307692308,192.30769230769232
65,0.4,65.0,26.5,1.2,5.0,1.8,18.055555555555557,33.18307240354219,1.3602986589050885,9.42477796076938,0.36756634047000575,4.897075172058319,46.15384615384615,0.4807692307692308,192.30769230769232
65,0.4,65.0,26.5,1.3,5.0,1.8,18.055555555555557,33.18307240354219,1.3602986589050885,10.210176124166829,0.36756634047000575,4.897075172058319,50.000000000000014,0.4807692307692308,192.30769230769232
65,0.4,65.0,26.5,1.4,5.0,1.8,18.055555555555557,33.18307240354219,1.3602986589050885,10.995574287564276,0.36756634047000575,4.897075172058319,53.84615384615385,0.4807692307692308,192.30769230769232
65,0.4,65.0,26.5,1.5,5.0,1.8,18.055555555555557,33.18307240354219,1.3602986589050885,11.780972450961725,0.36756634047000575,4.897075172058319,57.6923076923077,0.4807692307692308,192.30769230769232
65,0.4,65.0,26.5,1.6,5.0,1.8,18.055555555555557,33.18307240354219,1.3602986589050885,12.566370614359174,0.36756634047000575,4.897075172058319,61.538461538461554,0.4807692307692308,192.30769230769232
65,0.4,65.0,26.5,1.7,5.0,1.8,18.055555555555557,33.18307240354219,1.3602986589050885,13.351768777756622,0.36756634047000575,4.897075172058319,65.38461538461539,0.4807692307692308,192.30769230769232
65,0.4,65.0,26.5,1.8,5.0,1.8,18.055555555555557,33.18307240354219,1.3602986589050885,14.13716694115407,0.36756634047000575,4.897075172058319,69.23076923076925,0.4807692307692308,192.30769230769232
65,0.4,65.0,26.5,1.9,5.0,1.8,18.055555555555557,33.18307240354219,1.3602986589050885,14.922565104551516,0.36756634047000575,4.897075172058319,73.07692307692308,0.4807692307692308,192.30769230769232
65,0.4,65.0,26.5,2.0,5.0,1.8,18.055555555555557,33.18307240354219,1.3602986589050885,15.707963267948967,0.36756634047000575,4.897075172058319,76.92307692307695,0.4807692307692308,192.30769230769232
70,0.4,65.0,26.5,0.1,5.0,1.8,19.444444444444443,33.18307240354219,1.4649370172824028,0.7853981633974484,0.3413116018650054,5.2737732622166495,4.1420118343195265,0.5177514792899408,207.10059171597632
70,0.4,65.0,26.5,0.2,5.0,1.8,19.444444444444443,33.18307240354219,1.4649370172824028,1.5707963267948968,0.3413116018650054,5.2737732622166495,8.284023668639053,0.5177514792899408,207.10059171597632
70,0.4,65.0,26.5,0.3,5.0,1.8,19.444444444444443,33.18307240354219,1.4649370172824028,2.356194490192345,0.3413116018650054,5.2737732622166495,12.426035502958579,0.5177514792899408,207.10059171597632
70,0.4,65.0,26.5,0.4,5.0,1.8,19.444444444444443,33.18307240354219,1.4649370172824028,3.1415926535897936,0.3413116018650054,5.2737732622166495,16.568047337278106,0.5177514792899408,207.10059171597632
70,0.4,65.0,26.5,0.5,5.0,1.8,19.444444444444443,33.18307240354219,1.4649370172824028,3.926990816987242,0.3413116018650054,5.2737732622166495,20.71005917159763,0.5177514792899408,207.10059171597632
70,0.4,65.0,26.5,0.6,5.0,1.8,19.444444444444443,33.18307240354219,1.4649370172824028,4.71238898038469,0.3413116018650054,5.2737732622166495,24.852071005917157,0.5177514792899408,207.10059171597632
70,0.4,65.0,26.5,0.7,5.0,1.8,19.444444444444443,33.18307240354219,1.4649370172824028,5.497787143782138,0.3413116018650054,5.2737732622166495,28.99408284023668,0.5177514792899408,207.10059171597632
70,0.4,65.0,26.5,0.8,5.0,1.8,19.444444444444443,33.18307240354219,1.4649370172824028,6.283185307179587,0.3413116018650054,5.2737732622166495,33.13609467455621,0.5177514792899408,207.10059171597632
70,0.4,65.0,26.5,0.9,5.0,1.8,19.444444444444443,33.18307240354219,1.4649370172824028,7.068583470577035,0.3413116018650054,5.2737732622166495,37.27810650887574,0.5177514792899408,207.10059171597632
70,0.4,65.0,26.5,1.0,5.0,1.8,19.444444444444443,33.18307240354219,1.4649370172824028,7.853981633974484,0.3413116018650054,5.2737732622166495,41.42011834319526,0.5177514792899408,207.10059171597632
70,0.4,65.0,26.5,1.1,5.0,1.8,19.444444444444443,33.18307240354219,1.4649370172824028,8.639379797371934,0.3413116018650054,5.2737732622166495,45.562130177514796,0.5177514792899408,207.10059171597632
70,0.4,65.0,26.5,1.2,5.0,1.8,19.444444444444443,33.18307240354219,1.4649370172824028,9.42477796076938,0.3413116018650054,5.2737732622166495,49.704142011834314,0.5177514792899408,207.10059171597632
70,0.4,65.0,26.5,1.3,5.0,1.8,19.444444444444443,33.18307240354219,1.4649370172824028,10.210176124166829,0.3413116018650054,5.2737732622166495,53.84615384615385,0.5177514792899408,207.10059171597632
70,0.4,65.0,26.5,1.4,5.0,1.8,19.444444444444443,33.18307240354219,1.4649370172824028,10.995574287564276,0.3413116018650054,5.2737732622166495,57.98816568047336,0.5177514792899408,207.10059171597632
70,0.4,65.0,26.5,1.5,5.0,1.8,19.444444444444443,33.18307240354219,1.4649370172824028,11.780972450961725,0.3413116018650054,5.2737732622166495,62.1301775147929,0.5177514792899408,207.10059171597632
70,0.4,65.0,26.5,1.6,5.0,1.8,19.444444444444443,33.18307240354219,1.4649370172824028,12.566370614359174,0.3413116018650054,5.2737732622166495,66.27218934911242,0.5177514792899408,207.10059171597632
70,0.4,65.0,26.5,1.7,5.0,1.8,19.444444444444443,33.18307240354219,1.4649370172824028,13.351768777756622,0.3413116018650054,5.2737732622166495,70.41420118343194,0.5177514792899408,207.10059171597632
70,0.4,65.0,26.5,1.8,5.0,1.8,19.444444444444443,33.18307240354219,1.4649370172824028,14.13716694115407,0.3413116018650054,5.2737732622166495,74.55621301775147,0.5177514792899408,207.10059171597632
70,0.4,65.0,26.5,1.9,5.0,1.8,19.444444444444443,33.18307240354219,1.4649370172824028,14.922565104551516,0.3413116018650054,5.2737732622166495,78.698224852071,0.5177514792899408,207.10059171597632
70,0.4,65.0,26.5,2.0,5.0,1.8,19.444444444444443,33.18307240354219,1.4649370172824028,15.707963267948967,0.3413116018650054,5.2737732622166495,82.84023668639053,0.5177514792899408,207.10059171597632
75,0.4,65.0,26.5,0.1,5.0,1.8,20.833333333333332,33.18307240354219,1.5695753756597173,0.7853981633974484,0.31855749507400505,5.650471352374982,4.437869822485207,0.5547337278106509,221.89349112426038
75,0.4,65.0,26.5,0.2,5.0,1.8,20.833333333333332,33.18307240354219,1.5695753756597173,1.5707963267948968,0.31855749507400505,5.650471352374982,8.875739644970414,0.5547337278106509,221.89349112426038
75,0.4,65.0,26.5,0.3,5.0,1.8,20.833333333333332,33.18307240354219,1.5695753756597173,2.356194490192345,0.31855749507400505,5.650471352374982,13.31360946745562,0.5547337278106509,221.89349112426038
75,0.4,65.0,26.5,0.4,5.0,1.8,20.833333333333332,33.18307240354219,1.5695753756597173,3.1415926535897936,0.31855749507400505,5.650471352374982,17.75147928994083,0.5547337278106509,221.89349112426038
75,0.4,65.0,26.5,0.5,5.0,1.8,20.833333333333332,33.18307240354219,1.5695753756597173,3.926990816987242,0.31855749507400505,5.650471352374982,22.189349112426033,0.5547337278106509,221.89349112426038
75,0.4,65.0,26.5,0.6,5.0,1.8,20.833333333333332,33.18307240354219,1.5695753756597173,4.71238898038469,0.31855749507400505,5.650471352374982,26.62721893491124,0.5547337278106509,221.89349112426038
75,0.4,65.0,26.5,0.7,5.0,1.8,20.833333333333332,33.18307240354219,1.5695753756597173,5.497787143782138,0.31855749507400505,5.650471352374982,31.065088757396445,0.5547337278106509,221.89349112426038
75,0.4,65.0,26.5,0.8,5.0,1.8,20.833333333333332,33.18307240354219,1.5695753756597173,6.283185307179587,0.31855749507400505,5.650471352374982,35.50295857988166,0.5547337278106509,221.89349112426038
75,0.4,65.0,26.5,0.9,5.0,1.8,20.833333333333332,33.18307240354219,1.5695753756597173,7.068583470577035,0.31855749507400505,5.650471352374982,39.94082840236687,0.5547337278106509,221.89349112426038
75,0.4,65.0,26.5,1.0,5.0,1.8,20.833333333333332,33.18307240354219,1.5695753756597173,7.853981633974484,0.31855749507400505,5.650471352374982,44.378698224852066,0.5547337278106509,221.89349112426038
75,0.4,65.0,26.5,1.1,5.0,1.8,20.833333333333332,33.18307240354219,1.5695753756597173,8.639379797371934,0.31855749507400505,5.650471352374982,48.816568047337284,0.5547337278106509,221.89349112426038
75,0.4,65.0,26.5,1.2,5.0,1.8,20.833333333333332,33.18307240354219,1.5695753756597173,9.42477796076938,0.31855749507400505,5.650471352374982,53.25443786982248,0.5547337278106509,221.89349112426038
75,0.4,65.0,26.5,1.3,5.0,1.8,20.833333333333332,33.18307240354219,1.5695753756597173,10.210176124166829,0.31855749507400505,5.650471352374982,57.69230769230769,0.5547337278106509,221.89349112426038
75,0.4,65.0,26.5,1.4,5.0,1.8,20.833333333333332,33.18307240354219,1.5695753756597173,10.995574287564276,0.31855749507400505,5.650471352374982,62.13017751479289,0.5547337278106509,221.89349112426038
75,0.4,65.0,26.5,1.5,5.0,1.8,20.833333333333332,33.18307240354219,1.5695753756597173,11.780972450961725,0.31855749507400505,5.650471352374982,66.56804733727812,0.5547337278106509,221.89349112426038
75,0.4,65.0,26.5,1.6,5.0,1.8,20.833333333333332,33.18307240354219,1.5695753756597173,12.566370614359174,0.31855749507400505,5.650471352374982,71.00591715976331,0.5547337278106509,221.89349112426038
75,0.4,65.0,26.5,1.7,5.0,1.8,20.833333333333332,33.18307240354219,1.5695753756597173,13.351768777756622,0.31855749507400505,5.650471352374982,75.44378698224851,0.5547337278106509,221.89349112426038
75,0.4,65.0,26.5,1.8,5.0,1.8,20.833333333333332,33.18307240354219,1.5695753756597173,14.13716694115407,0.31855749507400505,5.650471352374982,79.88165680473374,0.5547337278106509,221.89349112426038
75,0.4,65.0,26.5,1.9,5.0,1.8,20.833333333333332,33.18307240354219,1.5695753756597173,14.922565104551516,0.31855749507400505,5.650471352374982,84.31952662721892,0.5547337278106509,221.89349112426038
75,0.4,65.0,26.5,2.0,5.0,1.8,20.833333333333332,33.18307240354219,1.5695753756597173,15.707963267948967,0.31855749507400505,5.650471352374982,88.75739644970413,0.5547337278106509,221.89349112426038
80,0.4,65.0,26.5,0.1,5.0,1.8,22.22222222222222,33.18307240354219,1.6742137340370318,0.7853981633974484,0.29864765163187973,6.027169442533315,4.733727810650889,0.591715976331361,236.6863905325444
80,0.4,65.0,26.5,0.2,5.0,1.8,22.22222222222222,33.18307240354219,1.6742137340370318,1.5707963267948968,0.29864765163187973,6.027169442533315,9.467455621301777,0.591715976331361,236.6863905325444
80,0.4,65.0,26.5,0.3,5.0,1.8,22.22222222222222,33.18307240354219,1.6742137340370318,2.356194490192345,0.29864765163187973,6.027169442533315,14.201183431952662,0.591715976331361,236.6863905325444
80,0.4,65.0,26.5,0.4,5.0,1.8,22.22222222222222,33.18307240354219,1.6742137340370318,3.1415926535897936,0.29864765163187973,6.027169442533315,18.934911242603555,0.591715976331361,236.6863905325444
80,0.4,65.0,26.5,0.5,5.0,1.8,22.22222222222222,33.18307240354219,1.6742137340370318,3.926990816987242,0.29864765163187973,6.027169442533315,23.66863905325444,0.591715976331361,236.6863905325444
80,0.4,65.0,26.5,0.6,5.0,1.8,22.22222222222222,33.18307240354219,1.6742137340370318,4.71238898038469,0.29864765163187973,6.027169442533315,28.402366863905325,0.591715976331361,236.6863905325444
80,0.4,65.0,26.5,0.7,5.0,1.8,22.22222222222222,33.18307240354219,1.6742137340370318,5.497787143782138,0.29864765163187973,6.027169442533315,33.13609467455621,0.591715976331361,236.6863905325444
80,0.4,65.0,26.5,0.8,5.0,1.8,22.22222222222222,33.18307240354219,1.6742137340370318,6.283185307179587,0.29864765163187973,6.027169442533315,37.86982248520711,0.591715976331361,236.6863905325444
80,0.4,65.0,26.5,0.9,5.0,1.8,22.22222222222222,33.18307240354219,1.6742137340370318,7.068583470577035,0.29864765163187973,6.027169442533315,42.60355029585799,0.591715976331361,236.6863905325444
80,0.4,65.0,26.5,1.0,5.0,1.8,22.22222222222222,33.18307240354219,1.6742137340370318,7.853981633974484,0.29864765163187973,6.027169442533315,47.33727810650888,0.591715976331361,236.6863905325444
80,0.4,65.0,26.5,1.1,5.0,1.8,22.22222222222222,33.18307240354219,1.6742137340370318,8.639379797371934,0.29864765163187973,6.027169442533315,52.07100591715977,0.591715976331361,236.6863905325444
80,0.4,65.0,26.5,1.2,5.0,1.8,22.22222222222222,33.18307240354219,1.6742137340370318,9.42477796076938,0.29864765163187973,6.027169442533315,56.80473372781065,0.591715976331361,236.6863905325444
80,0.4,65.0,26.5,1.3,5.0,1.8,22.22222222222222,33.18307240354219,1.6742137340370318,10.210176124166829,0.29864765163187973,6.027169442533315,61.53846153846155,0.591715976331361,236.6863905325444
80,0.4,65.0,26.5,1.4,5.0,1.8,22.22222222222222,33.18307240354219,1.6742137340370318,10.995574287564276,0.29864765163187973,6.027169442533315,66.27218934911242,0.591715976331361,236.6863905325444
80,0.4,65.0,26.5,1.5,5.0,1.8,22.22222222222222,33.18307240354219,1.6742137340370318,11.780972450961725,0.29864765163187973,6.027169442533315,71.00591715976331,0.591715976331361,236.6863905325444
80,0.4,65.0,26.5,1.6,5.0,1.8,22.22222222222222,33.18307240354219,1.6742137340370318,12.566370614359174,0.29864765163187973,6.027169442533315,75.73964497041422,0.591715976331361,236.6863905325444
80,0.4,65.0,26.5,1.7,5.0,1.8,22.22222222222222,33.18307240354219,1.6742137340370318,13.351768777756622,0.29864765163187973,6.027169442533315,80.4733727810651,0.591715976331361,236.6863905325444
80,0.4,65.0,26.5,1.8,5.0,1.8,22.22222222222222,33.18307240354219,1.6742137340370318,14.13716694115407,0.29864765163187973,6.027169442533315,85.20710059171599,0.591715976331361,236.6863905325444
80,0.4,65.0,26.5,1.9,5.0,1.8,22.22222222222222,33.18307240354219,1.6742137340370318,14.922565104551516,0.29864765163187973,6.027169442533315,89.94082840236686,0.591715976331361,236.6863905325444
80,0.4,65.0,26.5,2.0,5.0,1.8,22.22222222222222,33.18307240354219,1.6742137340370318,15.707963267948967,0.29864765163187973,6.027169442533315,94.67455621301777,0.591715976331361,236.6863905325444
85,0.4,65.0,26.5,0.1,5.0,1.8,23.61111111111111,33.18307240354219,1.7788520924143463,0.7853981633974484,0.2810801427123574,6.403867532691647,5.029585798816569,0.628698224852071,251.4792899408284
85,0.4,65.0,26.5,0.2,5.0,1.8,23.61111111111111,33.18307240354219,1.7788520924143463,1.5707963267948968,0.2810801427123574,6.403867532691647,10.059171597633139,0.628698224852071,251.4792899408284
85,0.4,65.0,26.5,0.3,5.0,1.8,23.61111111111111,33.18307240354219,1.7788520924143463,2.356194490192345,0.2810801427123574,6.403867532691647,15.088757396449706,0.628698224852071,251.4792899408284
85,0.4,65.0,26.5,0.4,5.0,1.8,23.61111111111111,33.18307240354219,1.7788520924143463,3.1415926535897936,0.2810801427123574,6.403867532691647,20.118343195266277,0.628698224852071,251.4792899408284
85,0.4,65.0,26.5,0.5,5.0,1.8,23.61111111111111,33.18307240354219,1.7788520924143463,3.926990816987242,0.2810801427123574,6.403867532691647,25.147928994082843,0.628698224852071,251.4792899408284
85,0.4,65.0,26.5,0.6,5.0,1.8,23.61111111111111,33.18307240354219,1.7788520924143463,4.71238898038469,0.2810801427123574,6.403867532691647,30.177514792899412,0.628698224852071,251.4792899408284
85,0.4,65.0,26.5,0.7,5.0,1.8,23.61111111111111,33.18307240354219,1.7788520924143463,5.497787143782138,0.2810801427123574,6.403867532691647,35.20710059171598,0.628698224852071,251.4792899408284
85,0.4,65.0,26.5,0.8,5.0,1.8,23.61111111111111,33.18307240354219,1.7788520924143463,6.283185307179587,0.2810801427123574,6.403867532691647,40.236686390532554,0.628698224852071,251.4792899408284
85,0.4,65.0,26.5,0.9,5.0,1.8,23.61111111111111,33.18307240354219,1.7788520924143463,7.068583470577035,0.2810801427123574,6.403867532691647,45.266272189349124,0.628698224852071,251.4792899408284
85,0.4,65.0,26.5,1.0,5.0,1.8,23.61111111111111,33.18307240354219,1.7788520924143463,7.853981633974484,0.2810801427123574,6.403867532691647,50.295857988165686,0.628698224852071,251.4792899408284
85,0.4,65.0,26.5,1.1,5.0,1.8,23.61111111111111,33.18307240354219,1.7788520924143463,8.639379797371934,0.2810801427123574,6.403867532691647,55.32544378698227,0.628698224852071,251.4792899408284
85,0.4,65.0,26.5,1.2,5.0,1.8,23.61111111111111,33.18307240354219,1.7788520924143463,9.42477796076938,0.2810801427123574,6.403867532691647,60.355029585798825,0.628698224852071,251.4792899408284
85,0.4,65.0,26.5,1.3,5.0,1.8,23.61111111111111,33.18307240354219,1.7788520924143463,10.210176124166829,0.2810801427123574,6.403867532691647,65.3846153846154,0.628698224852071,251.4792899408284
85,0.4,65.0,26.5,1.4,5.0,1.8,23.61111111111111,33.18307240354219,1.7788520924143463,10.995574287564276,0.2810801427123574,6.403867532691647,70.41420118343196,0.628698224852071,251.4792899408284
85,0.4,65.0,26.5,1.5,5.0,1.8,23.61111111111111,33.18307240354219,1.7788520924143463,11.780972450961725,0.2810801427123574,6.403867532691647,75.44378698224853,0.628698224852071,251.4792899408284
85,0.4,65.0,26.5,1.6,5.0,1.8,23.61111111111111,33.18307240354219,1.7788520924143463,12.566370614359174,0.2810801427123574,6.403867532691647,80.47337278106511,0.628698224852071,251.4792899408284
85,0.4,65.0,26.5,1.7,5.0,1.8,23.61111111111111,33.18307240354219,1.7788520924143463,13.351768777756622,0.2810801427123574,6.403867532691647,85.50295857988166,0.628698224852071,251.4792899408284
85,0.4,65.0,26.5,1.8,5.0,1.8,23.61111111111111,33.18307240354219,1.7788520924143463,14.13716694115407,0.2810801427123574,6.403867532691647,90.53254437869825,0.628698224852071,251.4792899408284
85,0.4,65.0,26.5,1.9,5.0,1.8,23.61111111111111,33.18307240354219,1.7788520924143463,14.922565104551516,0.2810801427123574,6.403867532691647,95.5621301775148,0.628698224852071,251.4792899408284
85,0.4,65.0,26.5,2.0,5.0,1.8,23.61111111111111,33.18307240354219,1.7788520924143463,15.707963267948967,0.2810801427123574,6.403867532691647,100.59171597633137,0.628698224852071,251.4792899408284
90,0.4,65.0,26.5,0.1,5.0,1.8,25.0,33.18307240354219,1.8834904507916608,0.7853981633974484,0.26546457922833755,6.780565622849979,5.325443786982249,0.6656804733727811,266.27218934911247
90,0.4,65.0,26.5,0.2,5.0,1.8,25.0,33.18307240354219,1.8834904507916608,1.5707963267948968,0.26546457922833755,6.780565622849979,10.650887573964498,0.6656804733727811,266.27218934911247
90,0.4,65.0,26.5,0.3,5.0,1.8,25.0,33.18307240354219,1.8834904507916608,2.356194490192345,0.26546457922833755,6.780565622849979,15.976331360946745,0.6656804733727811,266.27218934911247
90,0.4,65.0,26.5,0.4,5.0,1.8,25.0,33.18307240354219,1.8834904507916608,3.1415926535897936,0.26546457922833755,6.780565622849979,21.301775147928996,0.6656804733727811,266.27218934911247
90,0.4,65.0,26.5,0.5,5.0,1.8,25.0,33.18307240354219,1.8834904507916608,3.926990816987242,0.26546457922833755,6.780565622849979,26.627218934911244,0.6656804733727811,266.27218934911247
90,0.4,65.0,26.5,0.6,5.0,1.8,25.0,33.18307240354219,1.8834904507916608,4.71238898038469,0.26546457922833755,6.780565622849979,31.95266272189349,0.6656804733727811,266.27218934911247
90,0.4,65.0,26.5,0.7,5.0,1.8,25.0,33.18307240354219,1.8834904507916608,5.497787143782138,0.26546457922833755,6.780565622849979,37.27810650887574,0.6656804733727811,266.27218934911247
90,0.4,65.0,26.5,0.8,5.0,1.8,25.0,33.18307240354219,1.8834904507916608,6.283185307179587,0.26546457922833755,6.780565622849979,42.60355029585799,0.6656804733727811,266.27218934911247
90,0.4,65.0,26.5,0.9,5.0,1.8,25.0,33.18307240354219,1.8834904507916608,7.068583470577035,0.26546457922833755,6.780565622849979,47.92899408284024,0.6656804733727811,266.27218934911247
90,0.4,65.0,26.5,1.0,5.0,1.8,25.0,33.18307240354219,1.8834904507916608,7.853981633974484,0.26546457922833755,6.780565622849979,53.25443786982249,0.6656804733727811,266.27218934911247
90,0.4,65.0,26.5,1.1,5.0,1.8,25.0,33.18307240354219,1.8834904507916608,8.639379797371934,0.26546457922833755,6.780565622849979,58.57988165680475,0.6656804733727811,266.27218934911247
90,0.4,65.0,26.5,1.2,5.0,1.8,25.0,33.18307240354219,1.8834904507916608,9.42477796076938,0.26546457922833755,6.780565622849979,63.90532544378698,0.6656804733727811,266.27218934911247
90,0.4,65.0,26.5,1.3,5.0,1.8,25.0,33.18307240354219,1.8834904507916608,10.210176124166829,0.26546457922833755,6.780565622849979,69.23076923076924,0.6656804733727811,266.27218934911247
90,0.4,65.0,26.5,1.4,5.0,1.8,25.0,33.18307240354219,1.8834904507916608,10.995574287564276,0.26546457922833755,6.780565622849979,74.55621301775147,0.6656804733727811,266.27218934911247
90,0.4,65.0,26.5,1.5,5.0,1.8,25.0,33.18307240354219,1.8834904507916608,11.780972450961725,0.26546457922833755,6.780565622849979,79.88165680473374,0.6656804733727811,266.27218934911247
90,0.4,65.0,26.5,1.6,5.0,1.8,25.0,33.18307240354219,1.8834904507916608,12.566370614359174,0.26546457922833755,6.780565622849979,85.20710059171599,0.6656804733727811,266.27218934911247
90,0.4,65.0,26.5,1.7,5.0,1.8,25.0,33.18307240354219,1.8834904507916608,13.351768777756622,0.26546457922833755,6.780565622849979,90.53254437869823,0.6656804733727811,266.27218934911247
90,0.4,65.0,26.5,1.8,5.0,1.8,25.0,33.18307240354219,1.8834904507916608,14.13716694115407,0.26546457922833755,6.780565622849979,95.85798816568048,0.6656804733727811,266.27218934911247
90,0.4,65.0,26.5,1.9,5.0,1.8,25.0,33.18307240354219,1.8834904507916608,14.922565104551516,0.26546457922833755,6.780565622849979,101.18343195266272,0.6656804733727811,266.27218934911247
90,0.4,65.0,26.5,2.0,5.0,1.8,25.0,33.18307240354219,1.8834904507916608,15.707963267948967,0.26546457922833755,6.780565622849979,106.50887573964498,0.6656804733727811,266.27218934911247
95,0.4,65.0,26.5,0.1,5.0,1.8,26.38888888888889,33.18307240354219,1.9881288091689753,0.7853981633974484,0.2514927592689513,7.157263713008312,5.621301775147931,0.7026627218934912,281.0650887573965
95,0.4,65.0,26.5,0.2,5.0,1.8,26.38888888888889,33.18307240354219,1.9881288091689753,1.5707963267948968,0.2514927592689513,7.157263713008312,11.242603550295861,0.7026627218934912,281.0650887573965
95,0.4,65.0,26.5,0.3,5.0,1.8,26.38888888888889,33.18307240354219,1.9881288091689753,2.356194490192345,0.2514927592689513,7.157263713008312,16.86390532544379,0.7026627218934912,281.0650887573965
95,0.4,65.0,26.5,0.4,5.0,1.8,26.38888888888889,33.18307240354219,1.9881288091689753,3.1415926535897936,0.2514927592689513,7.157263713008312,22.485207100591722,0.7026627218934912,281.0650887573965
95,0.4,65.0,26.5,0.5,5.0,1.8,26.38888888888889,33.18307240354219,1.9881288091689753,3.926990816987242,0.2514927592689513,7.157263713008312,28.106508875739653,0.7026627218934912,281.0650887573965
95,0.4,65.0,26.5,0.6,5.0,1.8,26.38888888888889,33.18307240354219,1.9881288091689753,4.71238898038469,0.2514927592689513,7.157263713008312,33.72781065088758,0.7026627218934912,281.0650887573965
95,0.4,65.0,26.5,0.7,5.0,1.8,26.38888888888889,33.18307240354219,1.9881288091689753,5.497787143782138,0.2514927592689513,7.157263713008312,39.349112426035504,0.7026627218934912,281.0650887573965
95,0.4,65.0,26.5,0.8,5.0,1.8,26.38888888888889,33.18307240354219,1.9881288091689753,6.283185307179587,0.2514927592689513,7.157263713008312,44.970414201183445,0.7026627218934912,281.0650887573965
95,0.4,65.0,26.5,0.9,5.0,1.8,26.38888888888889,33.18307240354219,1.9881288091689753,7.068583470577035,0.2514927592689513,7.157263713008312,50.59171597633137,0.7026627218934912,281.0650887573965
95,0.4,65.0,26.5,1.0,5.0,1.8,26.38888888888889,33.18307240354219,1.9881288091689753,7.853981633974484,0.2514927592689513,7.157263713008312,56.213017751479306,0.7026627218934912,281.0650887573965
95,0.4,65.0,26.5,1.1,5.0,1.8,26.38888888888889,33.18307240354219,1.9881288091689753,8.639379797371934,0.2514927592689513,7.157263713008312,61.83431952662724,0.7026627218934912,281.0650887573965
95,0.4,65.0,26.5,1.2,5.0,1.8,26.38888888888889,33.18307240354219,1.9881288091689753,9.42477796076938,0.2514927592689513,7.157263713008312,67.45562130177515,0.7026627218934912,281.0650887573965
95,0.4,65.0,26.5,1.3,5.0,1.8,26.38888888888889,33.18307240354219,1.9881288091689753,10.210176124166829,0.2514927592689513,7.157263713008312,73.0769230769231,0.7026627218934912,281.0650887573965
95,0.4,65.0,26.5,1.4,5.0,1.8,26.38888888888889,33.18307240354219,1.9881288091689753,10.995574287564276,0.2514927592689513,7.157263713008312,78.69822485207101,0.7026627218934912,281.0650887573965
95,0.4,65.0,26.5,1.5,5.0,1.8,26.38888888888889,33.18307240354219,1.9881288091689753,11.780972450961725,0.2514927592689513,7.157263713008312,84.31952662721895,0.7026627218934912,281.0650887573965
95,0.4,65.0,26.5,1.6,5.0,1.8,26.38888888888889,33.18307240354219,1.9881288091689753,12.566370614359174,0.2514927592689513,7.157263713008312,89.94082840236689,0.7026627218934912,281.0650887573965
95,0.4,65.0,26.5,1.7,5.0,1.8,26.38888888888889,33.18307240354219,1.9881288091689753,13.351768777756622,0.2514927592689513,7.157263713008312,95.56213017751482,0.7026627218934912,281.0650887573965
95,0.4,65.0,26.5,1.8,5.0,1.8,26.38888888888889,33.18307240354219,1.9881288091689753,14.13716694115407,0.2514927592689513,7.157263713008312,101.18343195266274,0.7026627218934912,281.0650887573965
95,0.4,65.0,26.5,1.9,5.0,1.8,26.38888888888889,33.18307240354219,1.9881288091689753,14.922565104551516,0.2514927592689513,7.157263713008312,106.80473372781067,0.7026627218934912,281.0650887573965
95,0.4,65.0,26.5,2.0,5.0,1.8,26.38888888888889,33.18307240354219,1.9881288091689753,15.707963267948967,0.2514927592689513,7.157263713008312,112.42603550295861,0.7026627218934912,281.0650887573965
100,0.4,65.0,26.5,0.1,5.0,1.8,27.77777777777778,33.18307240354219,2.09276716754629,0.7853981633974484,0.23891812130550374,7.533961803166644,5.917159763313611,0.7396449704142013,295.8579881656805
100,0.4,65.0,26.5,0.2,5.0,1.8,27.77777777777778,33.18307240354219,2.09276716754629,1.5707963267948968,0.23891812130550374,7.533961803166644,11.834319526627223,0.7396449704142013,295.8579881656805
100,0.4,65.0,26.5,0.3,5.0,1.8,27.77777777777778,33.18307240354219,2.09276716754629,2.356194490192345,0.23891812130550374,7.533961803166644,17.75147928994083,0.7396449704142013,295.8579881656805
100,0.4,65.0,26.5,0.4,5.0,1.8,27.77777777777778,33.18307240354219,2.09276716754629,3.1415926535897936,0.23891812130550374,7.533961803166644,23.668639053254445,0.7396449704142013,295.8579881656805
100,0.4,65.0,26.5,0.5,5.0,1.8,27.77777777777778,33.18307240354219,2.09276716754629,3.926990816987242,0.23891812130550374,7.533961803166644,29.58579881656805,0.7396449704142013,295.8579881656805
100,0.4,65.0,26.5,0.6,5.0,1.8,27.77777777777778,33.18307240354219,2.09276716754629,4.71238898038469,0.23891812130550374,7.533961803166644,35.50295857988166,0.7396449704142013,295.8579881656805
100,0.4,65.0,26.5,0.7,5.0,1.8,27.77777777777778,33.18307240354219,2.09276716754629,5.497787143782138,0.23891812130550374,7.533961803166644,41.42011834319527,0.7396449704142013,295.8579881656805
100,0.4,65.0,26.5,0.8,5.0,1.8,27.77777777777778,33.18307240354219,2.09276716754629,6.283185307179587,0.23891812130550374,7.533961803166644,47.33727810650889,0.7396449704142013,295.8579881656805
100,0.4,65.0,26.5,0.9,5.0,1.8,27.77777777777778,33.18307240354219,2.09276716754629,7.068583470577035,0.23891812130550374,7.533961803166644,53.254437869822496,0.7396449704142013,295.8579881656805
100,0.4,65.0,26.5,1.0,5.0,1.8,27.77777777777778,33.18307240354219,2.09276716754629,7.853981633974484,0.23891812130550374,7.533961803166644,59.1715976331361,0.7396449704142013,295.8579881656805
100,0.4,65.0,26.5,1.1,5.0,1.8,27.77777777777778,33.18307240354219,2.09276716754629,8.639379797371934,0.23891812130550374,7.533961803166644,65.08875739644974,0.7396449704142013,295.8579881656805
100,0.4,65.0,26.5,1.2,5.0,1.8,27.77777777777778,33.18307240354219,2.09276716754629,9.42477796076938,0.23891812130550374,7.533961803166644,71.00591715976331,0.7396449704142013,295.8579881656805
100,0.4,65.0,26.5,1.3,5.0,1.8,27.77777777777778,33.18307240354219,2.09276716754629,10.210176124166829,0.23891812130550374,7.533961803166644,76.92307692307695,0.7396449704142013,295.8579881656805
100,0.4,65.0,26.5,1.4,5.0,1.8,27.77777777777778,33.18307240354219,2.09276716754629,10.995574287564276,0.23891812130550374,7.533961803166644,82.84023668639054,0.7396449704142013,295.8579881656805
100,0.4,65.0,26.5,1.5,5.0,1.8,27.77777777777778,33.18307240354219,2.09276716754629,11.780972450961725,0.23891812130550374,7.533961803166644,88.75739644970415,0.7396449704142013,295.8579881656805
100,0.4,65.0,26.5,1.6,5.0,1.8,27.77777777777778,33.18307240354219,2.09276716754629,12.566370614359174,0.23891812130550374,7.533961803166644,94.67455621301778,0.7396449704142013,295.8579881656805
100,0.4,65.0,26.5,1.7,5.0,1.8,27.77777777777778,33.18307240354219,2.09276716754629,13.351768777756622,0.23891812130550374,7.533961803166644,100.59171597633137,0.7396449704142013,295.8579881656805
100,0.4,65.0,26.5,1.8,5.0,1.8,27.77777777777778,33.18307240354219,2.09276716754629,14.13716694115407,0.23891812130550374,7.533961803166644,106.50887573964499,0.7396449704142013,295.8579881656805
100,0.4,65.0,26.5,1.9,5.0,1.8,27.77777777777778,33.18307240354219,2.09276716754629,14.922565104551516,0.23891812130550374,7.533961803166644,112.42603550295858,0.7396449704142013,295.8579881656805
100,0.4,65.0,26.5,2.0,5.0,1.8,27.77777777777778,33.18307240354219,2.09276716754629,15.707963267948967,0.23891812130550374,7.533961803166644,118.3431952662722,0.7396449704142013,295.8579881656805
40,0.5,65.0,26.5,0.1,5.0,1.8,11.11111111111111,33.18307240354219,0.6696854936148127,0.9817477042468105,0.7466191290796994,2.4108677770133253,2.3668639053254434,0.23668639053254437,118.34319526627219
40,0.5,65.0,26.5,0.2,5.0,1.8,11.11111111111111,33.18307240354219,0.6696854936148127,1.963495408493621,0.7466191290796994,2.4108677770133253,4.733727810650887,0.23668639053254437,118.34319526627219
40,0.5,65.0,26.5,0.3,5.0,1.8,11.11111111111111,33.18307240354219,0.6696854936148127,2.945243112740431,0.7466191290796994,2.4108677770133253,7.100591715976329,0.23668639053254437,118.34319526627219
40,0.5,65.0,26.5,0.4,5.0,1.8,11.11111111111111,33.18307240354219,0.6696854936148127,3.926990816987242,0.7466191290796994,2.4108677770133253,9.467455621301774,0.23668639053254437,118.34319526627219
40,0.5,65.0,26.5,0.5,5.0,1.8,11.11111111111111,33.18307240354219,0.6696854936148127,4.908738521234052,0.7466191290796994,2.4108677770133253,11.834319526627217,0.23668639053254437,118.34319526627219
40,0.5,65.0,26.5,0.6,5.0,1.8,11.11111111111111,33.18307240354219,0.6696854936148127,5.890486225480862,0.7466191290796994,2.4108677770133253,14.201183431952659,0.23668639053254437,118.34319526627219
40,0.5,65.0,26.5,0.7,5.0,1.8,11.11111111111111,33.18307240354219,0.6696854936148127,6.872233929727671,0.7466191290796994,2.4108677770133253,16.5680473372781,0.23668639053254437,118.34319526627219
40,0.5,65.0,26.5,0.8,5.0,1.8,11.11111111111111,33.18307240354219,0.6696854936148127,7.853981633974484,0.7466191290796994,2.4108677770133253,18.934911242603548,0.23668639053254437,118.34319526627219
40,0.5,65.0,26.5,0.9,5.0,1.8,11.11111111111111,33.18307240354219,0.6696854936148127,8.835729338221293,0.7466191290796994,2.4108677770133253,21.30177514792899,0.23668639053254437,118.34319526627219
40,0.5,65.0,26.5,1.0,5.0,1.8,11.11111111111111,33.18307240354219,0.6696854936148127,9.817477042468104,0.7466191290796994,2.4108677770133253,23.668639053254434,0.23668639053254437,118.34319526627219
40,0.5,65.0,26.5,1.1,5.0,1.8,11.11111111111111,33.18307240354219,0.6696854936148127,10.799224746714915,0.7466191290796994,2.4108677770133253,26.035502958579876,0.23668639053254437,118.34319526627219
40,0.5,65.0,26.5,1.2,5.0,1.8,11.11111111111111,33.18307240354219,0.6696854936148127,11.780972450961723,0.7466191290796994,2.4108677770133253,28.402366863905318,0.23668639053254437,118.34319526627219
40,0.5,65.0,26.5,1.3,5.0,1.8,11.11111111111111,33.18307240354219,0.6696854936148127,12.762720155208536,0.7466191290796994,2.4108677770133253,30.769230769230763,0.23668639053254437,118.34319526627219
40,0.5,65.0,26.5,1.4,5.0,1.8,11.11111111111111,33.18307240354219,0.6696854936148127,13.744467859455343,0.7466191290796994,2.4108677770133253,33.1360946745562,0.23668639053254437,118.34319526627219
40,0.5,65.0,26.5,1.5,5.0,1.8,11.11111111111111,33.18307240354219,0.6696854936148127,14.726215563702155,0.7466191290796994,2.4108677770133253,35.50295857988165,0.23668639053254437,118.34319526627219
40,0.5,65.0,26.5,1.6,5.0,1.8,11.11111111111111,33.18307240354219,0.6696854936148127,15.707963267948967,0.7466191290796994,2.4108677770133253,37.869822485207095,0.23668639053254437,118.34319526627219
40,0.5,65.0,26.5,1.7,5.0,1.8,11.11111111111111,33.18307240354219,0.6696854936148127,16.689710972195776,0.7466191290796994,2.4108677770133253,40.23668639053253,0.23668639053254437,118.34319526627219
40,0.5,65.0,26.5,1.8,5.0,1.8,11.11111111111111,33.18307240354219,0.6696854936148127,17.671458676442587,0.7466191290796994,2.4108677770133253,42.60355029585798,0.23668639053254437,118.34319526627219
40,0.5,65.0,26.5,1.9,5.0,1.8,11.11111111111111,33.18307240354219,0.6696854936148127,18.653206380689394,0.7466191290796994,2.4108677770133253,44.97041420118342,0.23668639053254437,118.34319526627219
40,0.5,65.0,26.5,2.0,5.0,1.8,11.11111111111111,33.18307240354219,0.6696854936148127,19.634954084936208,0.7466191290796994,2.4108677770133253,47.33727810650887,0.23668639053254437,118.34319526627219
45,0.5,65.0,26.5,0.1,5.0,1.8,12.5,33.18307240354219,0.7533961803166643,0.9817477042468105,0.6636614480708438,2.7122262491399916,2.662721893491124,0.26627218934911245,133.13609467455623
45,0.5,65.0,26.5,0.2,5.0,1.8,12.5,33.18307240354219,0.7533961803166643,1.963495408493621,0.6636614480708438,2.7122262491399916,5.325443786982248,0.26627218934911245,133.13609467455623
45,0.5,65.0,26.5,0.3,5.0,1.8,12.5,33.18307240354219,0.7533961803166643,2.945243112740431,0.6636614480708438,2.7122262491399916,7.988165680473372,0.26627218934911245,133.13609467455623
45,0.5,65.0,26.5,0.4,5.0,1.8,12.5,33.18307240354219,0.7533961803166643,3.926990816987242,0.6636614480708438,2.7122262491399916,10.650887573964496,0.26627218934911245,133.13609467455623
45,0.5,65.0,26.5,0.5,5.0,1.8,12.5,33.18307240354219,0.7533961803166643,4.908738521234052,0.6636614480708438,2.7122262491399916,13.313609467455622,0.26627218934911245,133.13609467455623
45,0.5,65.0,26.5,0.6,5.0,1.8,12.5,33.18307240354219,0.7533961803166643,5.890486225480862,0.6636614480708438,2.7122262491399916,15.976331360946745,0.26627218934911245,133.13609467455623
45,0.5,65.0,26.5,0.7,5.0,1.8,12.5,33.18307240354219,0.7533961803166643,6.872233929727671,0.6636614480708438,2.7122262491399916,18.639053254437865,0.26627218934911245,133.13609467455623
45,0.5,65.0,26.5,0.8,5.0,1.8,12.5,33.18307240354219,0.7533961803166643,7.853981633974484,0.6636614480708438,2.7122262491399916,21.301775147928993,0.26627218934911245,133.13609467455623
45,0.5,65.0,26.5,0.9,5.0,1.8,12.5,33.18307240354219,0.7533961803166643,8.835729338221293,0.6636614480708438,2.7122262491399916,23.964497041420117,0.26627218934911245,133.13609467455623
45,0.5,65.0,26.5,1.0,5.0,1.8,12.5,33.18307240354219,0.7533961803166643,9.817477042468104,0.6636614480708438,2.7122262491399916,26.627218934911244,0.26627218934911245,133.13609467455623
45,0.5,65.0,26.5,1.1,5.0,1.8,12.5,33.18307240354219,0.7533961803166643,10.799224746714915,0.6636614480708438,2.7122262491399916,29.289940828402372,0.26627218934911245,133.13609467455623
45,0.5,65.0,26.5,1.2,5.0,1.8,12.5,33.18307240354219,0.7533961803166643,11.780972450961723,0.6636614480708438,2.7122262491399916,31.95266272189349,0.26627218934911245,133.13609467455623
45,0.5,65.0,26.5,1.3,5.0,1.8,12.5,33.18307240354219,0.7533961803166643,12.762720155208536,0.6636614480708438,2.7122262491399916,34.61538461538462,0.26627218934911245,133.13609467455623
45,0.5,65.0,26.5,1.4,5.0,1.8,12.5,33.18307240354219,0.7533961803166643,13.744467859455343,0.6636614480708438,2.7122262491399916,37.27810650887573,0.26627218934911245,133.13609467455623
45,0.5,65.0,26.5,1.5,5.0,1.8,12.5,33.18307240354219,0.7533961803166643,14.726215563702155,0.6636614480708438,2.7122262491399916,39.94082840236686,0.26627218934911245,133.13609467455623
45,0.5,65.0,26.5,1.6,5.0,1.8,12.5,33.18307240354219,0.7533961803166643,15.707963267948967,0.6636614480708438,2.7122262491399916,42.603550295857985,0.26627218934911245,133.13609467455623
45,0.5,65.0,26.5,1.7,5.0,1.8,12.5,33.18307240354219,0.7533961803166643,16.689710972195776,0.6636614480708438,2.7122262491399916,45.26627218934911,0.26627218934911245,133.13609467455623
45,0.5,65.0,26.5,1.8,5.0,1.8,12.5,33.18307240354219,0.7533961803166643,17.671458676442587,0.6636614480708438,2.7122262491399916,47.928994082840234,0.26627218934911245,133.13609467455623
45,0.5,65.0,26.5,1.9,5.0,1.8,12.5,33.18307240354219,0.7533961803166643,18.653206380689394,0.6636614480708438,2.7122262491399916,50.59171597633136,0.26627218934911245,133.13609467455623
45,0.5,65.0,26.5,2.0,5.0,1.8,12.5,33.18307240354219,0.7533961803166643,19.634954084936208,0.6636614480708438,2.7122262491399916,53.25443786982249,0.26627218934911245,133.13609467455623
50,0.5,65.0,26.5,0.1,5.0,1.8,13.88888888888889,33.18307240354219,0.8371068670185159,0.9817477042468105,0.5972953032637595,3.0135847212666573,2.958579881656805,0.2958579881656805,147.92899408284023
50,0.5,65.0,26.5,0.2,5.0,1.8,13.88888888888889,33.18307240354219,0.8371068670185159,1.963495408493621,0.5972953032637595,3.0135847212666573,5.91715976331361,0.2958579881656805,147.92899408284023
50,0.5,65.0,26.5,0.3,5.0,1.8,13.88888888888889,33.18307240354219,0.8371068670185159,2.945243112740431,0.5972953032637595,3.0135847212666573,8.875739644970414,0.2958579881656805,147.92899408284023
50,0.5,65.0,26.5,0.4,5.0,1.8,13.88888888888889,33.18307240354219,0.8371068670185159,3.926990816987242,0.5972953032637595,3.0135847212666573,11.83431952662722,0.2958579881656805,147.92899408284023
50,0.5,65.0,26.5,0.5,5.0,1.8,13.88888888888889,33.18307240354219,0.8371068670185159,4.908738521234052,0.5972953032637595,3.0135847212666573,14.792899408284024,0.2958579881656805,147.92899408284023
50,0.5,65.0,26.5,0.6,5.0,1.8,13.88888888888889,33.18307240354219,0.8371068670185159,5.890486225480862,0.5972953032637595,3.0135847212666573,17.75147928994083,0.2958579881656805,147.92899408284023
50,0.5,65.0,26.5,0.7,5.0,1.8,13.88888888888889,33.18307240354219,0.8371068670185159,6.872233929727671,0.5972953032637595,3.0135847212666573,20.71005917159763,0.2958579881656805,147.92899408284023
50,0.5,65.0,26.5,0.8,5.0,1.8,13.88888888888889,33.18307240354219,0.8371068670185159,7.853981633974484,0.5972953032637595,3.0135847212666573,23.66863905325444,0.2958579881656805,147.92899408284023
50,0.5,65.0,26.5,0.9,5.0,1.8,13.88888888888889,33.18307240354219,0.8371068670185159,8.835729338221293,0.5972953032637595,3.0135847212666573,26.627218934911244,0.2958579881656805,147.92899408284023
50,0.5,65.0,26.5,1.0,5.0,1.8,13.88888888888889,33.18307240354219,0.8371068670185159,9.817477042468104,0.5972953032637595,3.0135847212666573,29.585798816568047,0.2958579881656805,147.92899408284023
50,0.5,65.0,26.5,1.1,5.0,1.8,13.88888888888889,33.18307240354219,0.8371068670185159,10.799224746714915,0.5972953032637595,3.0135847212666573,32.54437869822486,0.2958579881656805,147.92899408284023
50,0.5,65.0,26.5,1.2,5.0,1.8,13.88888888888889,33.18307240354219,0.8371068670185159,11.780972450961723,0.5972953032637595,3.0135847212666573,35.50295857988166,0.2958579881656805,147.92899408284023
50,0.5,65.0,26.5,1.3,5.0,1.8,13.88888888888889,33.18307240354219,0.8371068670185159,12.762720155208536,0.5972953032637595,3.0135847212666573,38.46153846153847,0.2958579881656805,147.92899408284023
50,0.5,65.0,26.5,1.4,5.0,1.8,13.88888888888889,33.18307240354219,0.8371068670185159,13.744467859455343,0.5972953032637595,3.0135847212666573,41.42011834319526,0.2958579881656805,147.92899408284023
50,0.5,65.0,26.5,1.5,5.0,1.8,13.88888888888889,33.18307240354219,0.8371068670185159,14.726215563702155,0.5972953032637595,3.0135847212666573,44.378698224852066,0.2958579881656805,147.92899408284023
50,0.5,65.0,26.5,1.6,5.0,1.8,13.88888888888889,33.18307240354219,0.8371068670185159,15.707963267948967,0.5972953032637595,3.0135847212666573,47.33727810650888,0.2958579881656805,147.92899408284023
50,0.5,65.0,26.5,1.7,5.0,1.8,13.88888888888889,33.18307240354219,0.8371068670185159,16.689710972195776,0.5972953032637595,3.0135847212666573,50.29585798816568,0.2958579881656805,147.92899408284023
50,0.5,65.0,26.5,1.8,5.0,1.8,13.88888888888889,33.18307240354219,0.8371068670185159,17.671458676442587,0.5972953032637595,3.0135847212666573,53.25443786982249,0.2958579881656805,147.92899408284023
50,0.5,65.0,26.5,1.9,5.0,1.8,13.88888888888889,33.18307240354219,0.8371068670185159,18.653206380689394,0.5972953032637595,3.0135847212666573,56.213017751479285,0.2958579881656805,147.92899408284023
50,0.5,65.0,26.5,2.0,5.0,1.8,13.88888888888889,33.18307240354219,0.8371068670185159,19.634954084936208,0.5972953032637595,3.0135847212666573,59.171597633136095,0.2958579881656805,147.92899408284023
55,0.5,65.0,26.5,0.1,5.0,1.8,15.277777777777779,33.18307240354219,0.9208175537203676,0.9817477042468105,0.5429957302397813,3.314943193393323,3.2544378698224854,0.3254437869822485,162.72189349112426
55,0.5,65.0,26.5,0.2,5.0,1.8,15.277777777777779,33.18307240354219,0.9208175537203676,1.963495408493621,0.5429957302397813,3.314943193393323,6.508875739644971,0.3254437869822485,162.72189349112426
55,0.5,65.0,26.5,0.3,5.0,1.8,15.277777777777779,33.18307240354219,0.9208175537203676,2.945243112740431,0.5429957302397813,3.314943193393323,9.763313609467454,0.3254437869822485,162.72189349112426
55,0.5,65.0,26.5,0.4,5.0,1.8,15.277777777777779,33.18307240354219,0.9208175537203676,3.926990816987242,0.5429957302397813,3.314943193393323,13.017751479289942,0.3254437869822485,162.72189349112426
55,0.5,65.0,26.5,0.5,5.0,1.8,15.277777777777779,33.18307240354219,0.9208175537203676,4.908738521234052,0.5429957302397813,3.314943193393323,16.272189349112427,0.3254437869822485,162.72189349112426
55,0.5,65.0,26.5,0.6,5.0,1.8,15.277777777777779,33.18307240354219,0.9208175537203676,5.890486225480862,0.5429957302397813,3.314943193393323,19.52662721893491,0.3254437869822485,162.72189349112426
55,0.5,65.0,26.5,0.7,5.0,1.8,15.277777777777779,33.18307240354219,0.9208175537203676,6.872233929727671,0.5429957302397813,3.314943193393323,22.781065088757394,0.3254437869822485,162.72189349112426
55,0.5,65.0,26.5,0.8,5.0,1.8,15.277777777777779,33.18307240354219,0.9208175537203676,7.853981633974484,0.5429957302397813,3.314943193393323,26.035502958579883,0.3254437869822485,162.72189349112426
55,0.5,65.0,26.5,0.9,5.0,1.8,15.277777777777779,33.18307240354219,0.9208175537203676,8.835729338221293,0.5429957302397813,3.314943193393323,29.28994082840237,0.3254437869822485,162.72189349112426
55,0.5,65.0,26.5,1.0,5.0,1.8,15.277777777777779,33.18307240354219,0.9208175537203676,9.817477042468104,0.5429957302397813,3.314943193393323,32.544378698224854,0.3254437869822485,162.72189349112426
55,0.5,65.0,26.5,1.1,5.0,1.8,15.277777777777779,33.18307240354219,0.9208175537203676,10.799224746714915,0.5429957302397813,3.314943193393323,35.79881656804734,0.3254437869822485,162.72189349112426
55,0.5,65.0,26.5,1.2,5.0,1.8,15.277777777777779,33.18307240354219,0.9208175537203676,11.780972450961723,0.5429957302397813,3.314943193393323,39.05325443786982,0.3254437869822485,162.72189349112426
55,0.5,65.0,26.5,1.3,5.0,1.8,15.277777777777779,33.18307240354219,0.9208175537203676,12.762720155208536,0.5429957302397813,3.314943193393323,42.30769230769231,0.3254437869822485,162.72189349112426
55,0.5,65.0,26.5,1.4,5.0,1.8,15.277777777777779,33.18307240354219,0.9208175537203676,13.744467859455343,0.5429957302397813,3.314943193393323,45.56213017751479,0.3254437869822485,162.72189349112426
55,0.5,65.0,26.5,1.5,5.0,1.8,15.277777777777779,33.18307240354219,0.9208175537203676,14.726215563702155,0.5429957302397813,3.314943193393323,48.81656804733728,0.3254437869822485,162.72189349112426
55,0.5,65.0,26.5,1.6,5.0,1.8,15.277777777777779,33.18307240354219,0.9208175537203676,15.707963267948967,0.5429957302397813,3.314943193393323,52.071005917159766,0.3254437869822485,162.72189349112426
55,0.5,65.0,26.5,1.7,5.0,1.8,15.277777777777779,33.18307240354219,0.9208175537203676,16.689710972195776,0.5429957302397813,3.314943193393323,55.32544378698225,0.3254437869822485,162.72189349112426
55,0.5,65.0,26.5,1.8,5.0,1.8,15.277777777777779,33.18307240354219,0.9208175537203676,17.671458676442587,0.5429957302397813,3.314943193393323,58.57988165680474,0.3254437869822485,162.72189349112426
55,0.5,65.0,26.5,1.9,5.0,1.8,15.277777777777779,33.18307240354219,0.9208175537203676,18.653206380689394,0.5429957302397813,3.314943193393323,61.83431952662721,0.3254437869822485,162.72189349112426
55,0.5,65.0,26.5,2.0,5.0,1.8,15.277777777777779,33.18307240354219,0.9208175537203676,19.634954084936208,0.5429957302397813,3.314943193393323,65.08875739644971,0.3254437869822485,162.72189349112426
60,0.5,65.0,26.5,0.1,5.0,1.8,16.666666666666668,33.18307240354219,1.004528240422219,0.9817477042468105,0.49774608605313286,3.616301665519989,3.550295857988166,0.3550295857988166,177.5147928994083
60,0.5,65.0,26.5,0.2,5.0,1.8,16.666666666666668,33.18307240354219,1.004528240422219,1.963495408493621,0.49774608605313286,3.616301665519989,7.100591715976332,0.3550295857988166,177.5147928994083
60,0.5,65.0,26.5,0.3,5.0,1.8,16.666666666666668,33.18307240354219,1.004528240422219,2.945243112740431,0.49774608605313286,3.616301665519989,10.650887573964496,0.3550295857988166,177.5147928994083
60,0.5,65.0,26.5,0.4,5.0,1.8,16.666666666666668,33.18307240354219,1.004528240422219,3.926990816987242,0.49774608605313286,3.616301665519989,14.201183431952664,0.3550295857988166,177.5147928994083
60,0.5,65.0,26.5,0.5,5.0,1.8,16.666666666666668,33.18307240354219,1.004528240422219,4.908738521234052,0.49774608605313286,3.616301665519989,17.75147928994083,0.3550295857988166,177.5147928994083
60,0.5,65.0,26.5,0.6,5.0,1.8,16.666666666666668,33.18307240354219,1.004528240422219,5.890486225480862,0.49774608605313286,3.616301665519989,21.301775147928993,0.3550295857988166,177.5147928994083
60,0.5,65.0,26.5,0.7,5.0,1.8,16.666666666666668,33.18307240354219,1.004528240422219,6.872233929727671,0.49774608605313286,3.616301665519989,24.85207100591716,0.3550295857988166,177.5147928994083
60,0.5,65.0,26.5,0.8,5.0,1.8,16.666666666666668,33.18307240354219,1.004528240422219,7.853981633974484,0.49774608605313286,3.616301665519989,28.40236686390533,0.3550295857988166,177.5147928994083
60,0.5,65.0,26.5,0.9,5.0,1.8,16.666666666666668,33.18307240354219,1.004528240422219,8.835729338221293,0.49774608605313286,3.616301665519989,31.952662721893496,0.3550295857988166,177.5147928994083
60,0.5,65.0,26.5,1.0,5.0,1.8,16.666666666666668,33.18307240354219,1.004528240422219,9.817477042468104,0.49774608605313286,3.616301665519989,35.50295857988166,0.3550295857988166,177.5147928994083
60,0.5,65.0,26.5,1.1,5.0,1.8,16.666666666666668,33.18307240354219,1.004528240422219,10.799224746714915,0.49774608605313286,3.616301665519989,39.053254437869825,0.3550295857988166,177.5147928994083
60,0.5,65.0,26.5,1.2,5.0,1.8,16.666666666666668,33.18307240354219,1.004528240422219,11.780972450961723,0.49774608605313286,3.616301665519989,42.603550295857985,0.3550295857988166,177.5147928994083
60,0.5,65.0,26.5,1.3,5.0,1.8,16.666666666666668,33.18307240354219,1.004528240422219,12.762720155208536,0.49774608605313286,3.616301665519989,46.15384615384615,0.3550295857988166,177.5147928994083
60,0.5,65.0,26.5,1.4,5.0,1.8,16.666666666666668,33.18307240354219,1.004528240422219,13.744467859455343,0.49774608605313286,3.616301665519989,49.70414201183432,0.3550295857988166,177.5147928994083
60,0.5,65.0,26.5,1.5,5.0,1.8,16.666666666666668,33.18307240354219,1.004528240422219,14.726215563702155,0.49774608605313286,3.616301665519989,53.25443786982249,0.3550295857988166,177.5147928994083
60,0.5,65.0,26.5,1.6,5.0,1.8,16.666666666666668,33.18307240354219,1.004528240422219,15.707963267948967,0.49774608605313286,3.616301665519989,56.80473372781066,0.3550295857988166,177.5147928994083
60,0.5,65.0,26.5,1.7,5.0,1.8,16.666666666666668,33.18307240354219,1.004528240422219,16.689710972195776,0.49774608605313286,3.616301665519989,60.35502958579882,0.3550295857988166,177.5147928994083
60,0.5,65.0,26.5,1.8,5.0,1.8,16.666666666666668,33.18307240354219,1.004528240422219,17.671458676442587,0.49774608605313286,3.616301665519989,63.90532544378699,0.3550295857988166,177.5147928994083
60,0.5,65.0,26.5,1.9,5.0,1.8,16.666666666666668,33.18307240354219,1.004528240422219,18.653206380689394,0.49774608605313286,3.616301665519989,67.45562130177514,0.3550295857988166,177.5147928994083
60,0.5,65.0,26.5,2.0,5.0,1.8,16.666666666666668,33.18307240354219,1.004528240422219,19.634954084936208,0.49774608605313286,3.616301665519989,71.00591715976331,0.3550295857988166,177.5147928994083
65,0.5,65.0,26.5,0.1,5.0,1.8,18.055555555555557,33.18307240354219,1.0882389271240707,0.9817477042468105,0.45945792558750725,3.9176601376466547,3.8461538461538463,0.3846153846153846,192.3076923076923
65,0.5,65.0,26.5,0.2,5.0,1.8,18.055555555555557,33.18307240354219,1.0882389271240707,1.963495408493621,0.45945792558750725,3.9176601376466547,7.6923076923076925,0.3846153846153846,192.3076923076923
65,0.5,65.0,26.5,0.3,5.0,1.8,18.055555555555557,33.18307240354219,1.0882389271240707,2.945243112740431,0.45945792558750725,3.9176601376466547,11.538461538461537,0.3846153846153846,192.3076923076923
65,0.5,65.0,26.5,0.4,5.0,1.8,18.055555555555557,33.18307240354219,1.0882389271240707,3.926990816987242,0.45945792558750725,3.9176601376466547,15.384615384615385,0.3846153846153846,192.3076923076923
65,0.5,65.0,26.5,0.5,5.0,1.8,18.055555555555557,33.18307240354219,1.0882389271240707,4.908738521234052,0.45945792558750725,3.9176601376466547,19.230769230769234,0.3846153846153846,192.3076923076923
65,0.5,65.0,26.5,0.6,5.0,1.8,18.055555555555557,33.18307240354219,1.0882389271240707,5.890486225480862,0.45945792558750725,3.9176601376466547,23.076923076923073,0.3846153846153846,192.3076923076923
65,0.5,65.0,26.5,0.7,5.0,1.8,18.055555555555557,33.18307240354219,1.0882389271240707,6.872233929727671,0.45945792558750725,3.9176601376466547,26.92307692307692,0.3846153846153846,192.3076923076923
65,0.5,65.0,26.5,0.8,5.0,1.8,18.055555555555557,33.18307240354219,1.0882389271240707,7.853981633974484,0.45945792558750725,3.9176601376466547,30.76923076923077,0.3846153846153846,192.3076923076923
65,0.5,65.0,26.5,0.9,5.0,1.8,18.055555555555557,33.18307240354219,1.0882389271240707,8.835729338221293,0.45945792558750725,3.9176601376466547,34.61538461538462,0.3846153846153846,192.3076923076923
65,0.5,65.0,26.5,1.0,5.0,1.8,18.055555555555557,33.18307240354219,1.0882389271240707,9.817477042468104,0.45945792558750725,3.9176601376466547,38.46153846153847,0.3846153846153846,192.3076923076923
65,0.5,65.0,26.5,1.1,5.0,1.8,18.055555555555557,33.18307240354219,1.0882389271240707,10.799224746714915,0.45945792558750725,3.9176601376466547,42.307692307692314,0.3846153846153846,192.3076923076923
65,0.5,65.0,26.5,1.2,5.0,1.8,18.055555555555557,33.18307240354219,1.0882389271240707,11.780972450961723,0.45945792558750725,3.9176601376466547,46.153846153846146,0.3846153846153846,192.3076923076923
65,0.5,65.0,26.5,1.3,5.0,1.8,18.055555555555557,33.18307240354219,1.0882389271240707,12.762720155208536,0.45945792558750725,3.9176601376466547,50.0,0.3846153846153846,192.3076923076923
65,0.5,65.0,26.5,1.4,5.0,1.8,18.055555555555557,33.18307240354219,1.0882389271240707,13.744467859455343,0.45945792558750725,3.9176601376466547,53.84615384615384,0.3846153846153846,192.3076923076923
65,0.5,65.0,26.5,1.5,5.0,1.8,18.055555555555557,33.18307240354219,1.0882389271240707,14.726215563702155,0.45945792558750725,3.9176601376466547,57.69230769230769,0.3846153846153846,192.3076923076923
65,0.5,65.0,26.5,1.6,5.0,1.8,18.055555555555557,33.18307240354219,1.0882389271240707,15.707963267948967,0.45945792558750725,3.9176601376466547,61.53846153846154,0.3846153846153846,192.3076923076923
65,0.5,65.0,26.5,1.7,5.0,1.8,18.055555555555557,33.18307240354219,1.0882389271240707,16.689710972195776,0.45945792558750725,3.9176601376466547,65.38461538461539,0.3846153846153846,192.3076923076923
65,0.5,65.0,26.5,1.8,5.0,1.8,18.055555555555557,33.18307240354219,1.0882389271240707,17.671458676442587,0.45945792558750725,3.9176601376466547,69.23076923076924,0.3846153846153846,192.3076923076923
65,0.5,65.0,26.5,1.9,5.0,1.8,18.055555555555557,33.18307240354219,1.0882389271240707,18.653206380689394,0.45945792558750725,3.9176601376466547,73.07692307692307,0.3846153846153846,192.3076923076923
65,0.5,65.0,26.5,2.0,5.0,1.8,18.055555555555557,33.18307240354219,1.0882389271240707,19.634954084936208,0.45945792558750725,3.9176601376466547,76.92307692307693,0.3846153846153846,192.3076923076923
70,0.5,65.0,26.5,0.1,5.0,1.8,19.444444444444443,33.18307240354219,1.1719496138259222,0.9817477042468105,0.42663950233125675,4.21901860977332,4.1420118343195265,0.4142011834319526,207.1005917159763
70,0.5,65.0,26.5,0.2,5.0,1.8,19.444444444444443,33.18307240354219,1.1719496138259222,1.963495408493621,0.42663950233125675,4.21901860977332,8.284023668639053,0.4142011834319526,207.1005917159763
70,0.5,65.0,26.5,0.3,5.0,1.8,19.444444444444443,33.18307240354219,1.1719496138259222,2.945243112740431,0.42663950233125675,4.21901860977332,12.426035502958579,0.4142011834319526,207.1005917159763
70,0.5,65.0,26.5,0.4,5.0,1.8,19.444444444444443,33.18307240354219,1.1719496138259222,3.926990816987242,0.42663950233125675,4.21901860977332,16.568047337278106,0.4142011834319526,207.1005917159763
70,0.5,65.0,26.5,0.5,5.0,1.8,19.444444444444443,33.18307240354219,1.1719496138259222,4.908738521234052,0.42663950233125675,4.21901860977332,20.71005917159763,0.4142011834319526,207.1005917159763
70,0.5,65.0,26.5,0.6,5.0,1.8,19.444444444444443,33.18307240354219,1.1719496138259222,5.890486225480862,0.42663950233125675,4.21901860977332,24.852071005917157,0.4142011834319526,207.1005917159763
70,0.5,65.0,26.5,0.7,5.0,1.8,19.444444444444443,33.18307240354219,1.1719496138259222,6.872233929727671,0.42663950233125675,4.21901860977332,28.99408284023668,0.4142011834319526,207.1005917159763
70,0.5,65.0,26.5,0.8,5.0,1.8,19.444444444444443,33.18307240354219,1.1719496138259222,7.853981633974484,0.42663950233125675,4.21901860977332,33.13609467455621,0.4142011834319526,207.1005917159763
70,0.5,65.0,26.5,0.9,5.0,1.8,19.444444444444443,33.18307240354219,1.1719496138259222,8.835729338221293,0.42663950233125675,4.21901860977332,37.27810650887574,0.4142011834319526,207.1005917159763
70,0.5,65.0,26.5,1.0,5.0,1.8,19.444444444444443,33.18307240354219,1.1719496138259222,9.817477042468104,0.42663950233125675,4.21901860977332,41.42011834319526,0.4142011834319526,207.1005917159763
70,0.5,65.0,26.5,1.1,5.0,1.8,19.444444444444443,33.18307240354219,1.1719496138259222,10.799224746714915,0.42663950233125675,4.21901860977332,45.562130177514796,0.4142011834319526,207.1005917159763
70,0.5,65.0,26.5,1.2,5.0,1.8,19.444444444444443,33.18307240354219,1.1719496138259222,11.780972450961723,0.42663950233125675,4.21901860977332,49.704142011834314,0.4142011834319526,207.1005917159763
70,0.5,65.0,26.5,1.3,5.0,1.8,19.444444444444443,33.18307240354219,1.1719496138259222,12.762720155208536,0.42663950233125675,4.21901860977332,53.84615384615384,0.4142011834319526,207.1005917159763
70,0.5,65.0,26.5,1.4,5.0,1.8,19.444444444444443,33.18307240354219,1.1719496138259222,13.744467859455343,0.42663950233125675,4.21901860977332,57.98816568047336,0.4142011834319526,207.1005917159763
70,0.5,65.0,26.5,1.5,5.0,1.8,19.444444444444443,33.18307240354219,1.1719496138259222,14.726215563702155,0.42663950233125675,4.21901860977332,62.1301775147929,0.4142011834319526,207.1005917159763
70,0.5,65.0,26.5,1.6,5.0,1.8,19.444444444444443,33.18307240354219,1.1719496138259222,15.707963267948967,0.42663950233125675,4.21901860977332,66.27218934911242,0.4142011834319526,207.1005917159763
70,0.5,65.0,26.5,1.7,5.0,1.8,19.444444444444443,33.18307240354219,1.1719496138259222,16.689710972195776,0.42663950233125675,4.21901860977332,70.41420118343194,0.4142011834319526,207.1005917159763
70,0.5,65.0,26.5,1.8,5.0,1.8,19.444444444444443,33.18307240354219,1.1719496138259222,17.671458676442587,0.42663950233125675,4.21901860977332,74.55621301775147,0.4142011834319526,207.1005917159763
70,0.5,65.0,26.5,1.9,5.0,1.8,19.444444444444443,33.18307240354219,1.1719496138259222,18.653206380689394,0.42663950233125675,4.21901860977332,78.698224852071,0.4142011834319526,207.1005917159763
70,0.5,65.0,26.5,2.0,5.0,1.8,19.444444444444443,33.18307240354219,1.1719496138259222,19.634954084936208,0.42663950233125675,4.21901860977332,82.84023668639053,0.4142011834319526,207.1005917159763
75,0.5,65.0,26.5,0.1,5.0,1.8,20.833333333333332,33.18307240354219,1.2556603005277738,0.9817477042468105,0.3981968688425063,4.520377081899985,4.437869822485207,0.4437869822485207,221.89349112426035
75,0.5,65.0,26.5,0.2,5.0,1.8,20.833333333333332,33.18307240354219,1.2556603005277738,1.963495408493621,0.3981968688425063,4.520377081899985,8.875739644970414,0.4437869822485207,221.89349112426035
75,0.5,65.0,26.5,0.3,5.0,1.8,20.833333333333332,33.18307240354219,1.2556603005277738,2.945243112740431,0.3981968688425063,4.520377081899985,13.313609467455619,0.4437869822485207,221.89349112426035
75,0.5,65.0,26.5,0.4,5.0,1.8,20.833333333333332,33.18307240354219,1.2556603005277738,3.926990816987242,0.3981968688425063,4.520377081899985,17.75147928994083,0.4437869822485207,221.89349112426035
75,0.5,65.0,26.5,0.5,5.0,1.8,20.833333333333332,33.18307240354219,1.2556603005277738,4.908738521234052,0.3981968688425063,4.520377081899985,22.18934911242603,0.4437869822485207,221.89349112426035
75,0.5,65.0,26.5,0.6,5.0,1.8,20.833333333333332,33.18307240354219,1.2556603005277738,5.890486225480862,0.3981968688425063,4.520377081899985,26.627218934911237,0.4437869822485207,221.89349112426035
75,0.5,65.0,26.5,0.7,5.0,1.8,20.833333333333332,33.18307240354219,1.2556603005277738,6.872233929727671,0.3981968688425063,4.520377081899985,31.065088757396442,0.4437869822485207,221.89349112426035
75,0.5,65.0,26.5,0.8,5.0,1.8,20.833333333333332,33.18307240354219,1.2556603005277738,7.853981633974484,0.3981968688425063,4.520377081899985,35.50295857988166,0.4437869822485207,221.89349112426035
75,0.5,65.0,26.5,0.9,5.0,1.8,20.833333333333332,33.18307240354219,1.2556603005277738,8.835729338221293,0.3981968688425063,4.520377081899985,39.94082840236686,0.4437869822485207,221.89349112426035
75,0.5,65.0,26.5,1.0,5.0,1.8,20.833333333333332,33.18307240354219,1.2556603005277738,9.817477042468104,0.3981968688425063,4.520377081899985,44.37869822485206,0.4437869822485207,221.89349112426035
75,0.5,65.0,26.5,1.1,5.0,1.8,20.833333333333332,33.18307240354219,1.2556603005277738,10.799224746714915,0.3981968688425063,4.520377081899985,48.81656804733728,0.4437869822485207,221.89349112426035
75,0.5,65.0,26.5,1.2,5.0,1.8,20.833333333333332,33.18307240354219,1.2556603005277738,11.780972450961723,0.3981968688425063,4.520377081899985,53.254437869822475,0.4437869822485207,221.89349112426035
75,0.5,65.0,26.5,1.3,5.0,1.8,20.833333333333332,33.18307240354219,1.2556603005277738,12.762720155208536,0.3981968688425063,4.520377081899985,57.692307692307686,0.4437869822485207,221.89349112426035
75,0.5,65.0,26.5,1.4,5.0,1.8,20.833333333333332,33.18307240354219,1.2556603005277738,13.744467859455343,0.3981968688425063,4.520377081899985,62.130177514792884,0.4437869822485207,221.89349112426035
75,0.5,65.0,26.5,1.5,5.0,1.8,20.833333333333332,33.18307240354219,1.2556603005277738,14.726215563702155,0.3981968688425063,4.520377081899985,66.5680473372781,0.4437869822485207,221.89349112426035
75,0.5,65.0,26.5,1.6,5.0,1.8,20.833333333333332,33.18307240354219,1.2556603005277738,15.707963267948967,0.3981968688425063,4.520377081899985,71.00591715976331,0.4437869822485207,221.89349112426035
75,0.5,65.0,26.5,1.7,5.0,1.8,20.833333333333332,33.18307240354219,1.2556603005277738,16.689710972195776,0.3981968688425063,4.520377081899985,75.4437869822485,0.4437869822485207,221.89349112426035
75,0.5,65.0,26.5,1.8,5.0,1.8,20.833333333333332,33.18307240354219,1.2556603005277738,17.671458676442587,0.3981968688425063,4.520377081899985,79.88165680473372,0.4437869822485207,221.89349112426035
75,0.5,65.0,26.5,1.9,5.0,1.8,20.833333333333332,33.18307240354219,1.2556603005277738,18.653206380689394,0.3981968688425063,4.520377081899985,84.31952662721892,0.4437869822485207,221.89349112426035
75,0.5,65.0,26.5,2.0,5.0,1.8,20.833333333333332,33.18307240354219,1.2556603005277738,19.634954084936208,0.3981968688425063,4.520377081899985,88.75739644970412,0.4437869822485207,221.89349112426035
80,0.5,65.0,26.5,0.1,5.0,1.8,22.22222222222222,33.18307240354219,1.3393709872296253,0.9817477042468105,0.3733095645398497,4.821735554026651,4.733727810650887,0.47337278106508873,236.68639053254438
80,0.5,65.0,26.5,0.2,5.0,1.8,22.22222222222222,33.18307240354219,1.3393709872296253,1.963495408493621,0.3733095645398497,4.821735554026651,9.467455621301774,0.47337278106508873,236.68639053254438
80,0.5,65.0,26.5,0.3,5.0,1.8,22.22222222222222,33.18307240354219,1.3393709872296253,2.945243112740431,0.3733095645398497,4.821735554026651,14.201183431952659,0.47337278106508873,236.68639053254438
80,0.5,65.0,26.5,0.4,5.0,1.8,22.22222222222222,33.18307240354219,1.3393709872296253,3.926990816987242,0.3733095645398497,4.821735554026651,18.934911242603548,0.47337278106508873,236.68639053254438
80,0.5,65.0,26.5,0.5,5.0,1.8,22.22222222222222,33.18307240354219,1.3393709872296253,4.908738521234052,0.3733095645398497,4.821735554026651,23.668639053254434,0.47337278106508873,236.68639053254438
80,0.5,65.0,26.5,0.6,5.0,1.8,22.22222222222222,33.18307240354219,1.3393709872296253,5.890486225480862,0.3733095645398497,4.821735554026651,28.402366863905318,0.47337278106508873,236.68639053254438
80,0.5,65.0,26.5,0.7,5.0,1.8,22.22222222222222,33.18307240354219,1.3393709872296253,6.872233929727671,0.3733095645398497,4.821735554026651,33.1360946745562,0.47337278106508873,236.68639053254438
80,0.5,65.0,26.5,0.8,5.0,1.8,22.22222222222222,33.18307240354219,1.3393709872296253,7.853981633974484,0.3733095645398497,4.821735554026651,37.869822485207095,0.47337278106508873,236.68639053254438
80,0.5,65.0,26.5,0.9,5.0,1.8,22.22222222222222,33.18307240354219,1.3393709872296253,8.835729338221293,0.3733095645398497,4.821735554026651,42.60355029585798,0.47337278106508873,236.68639053254438
80,0.5,65.0,26.5,1.0,5.0,1.8,22.22222222222222,33.18307240354219,1.3393709872296253,9.817477042468104,0.3733095645398497,4.821735554026651,47.33727810650887,0.47337278106508873,236.68639053254438
80,0.5,65.0,26.5,1.1,5.0,1.8,22.22222222222222,33.18307240354219,1.3393709872296253,10.799224746714915,0.3733095645398497,4.821735554026651,52.07100591715975,0.47337278106508873,236.68639053254438
80,0.5,65.0,26.5,1.2,5.0,1.8,22.22222222222222,33.18307240354219,1.3393709872296253,11.780972450961723,0.3733095645398497,4.821735554026651,56.804733727810635,0.47337278106508873,236.68639053254438
80,0.5,65.0,26.5,1.3,5.0,1.8,22.22222222222222,33.18307240354219,1.3393709872296253,12.762720155208536,0.3733095645398497,4.821735554026651,61.538461538461526,0.47337278106508873,236.68639053254438
80,0.5,65.0,26.5,1.4,5.0,1.8,22.22222222222222,33.18307240354219,1.3393709872296253,13.744467859455343,0.3733095645398497,4.821735554026651,66.2721893491124,0.47337278106508873,236.68639053254438
80,0.5,65.0,26.5,1.5,5.0,1.8,22.22222222222222,33.18307240354219,1.3393709872296253,14.726215563702155,0.3733095645398497,4.821735554026651,71.0059171597633,0.47337278106508873,236.68639053254438
80,0.5,65.0,26.5,1.6,5.0,1.8,22.22222222222222,33.18307240354219,1.3393709872296253,15.707963267948967,0.3733095645398497,4.821735554026651,75.73964497041419,0.47337278106508873,236.68639053254438
80,0.5,65.0,26.5,1.7,5.0,1.8,22.22222222222222,33.18307240354219,1.3393709872296253,16.689710972195776,0.3733095645398497,4.821735554026651,80.47337278106507,0.47337278106508873,236.68639053254438
80,0.5,65.0,26.5,1.8,5.0,1.8,22.22222222222222,33.18307240354219,1.3393709872296253,17.671458676442587,0.3733095645398497,4.821735554026651,85.20710059171596,0.47337278106508873,236.68639053254438
80,0.5,65.0,26.5,1.9,5.0,1.8,22.22222222222222,33.18307240354219,1.3393709872296253,18.653206380689394,0.3733095645398497,4.821735554026651,89.94082840236683,0.47337278106508873,236.68639053254438
80,0.5,65.0,26.5,2.0,5.0,1.8,22.22222222222222,33.18307240354219,1.3393709872296253,19.634954084936208,0.3733095645398497,4.821735554026651,94.67455621301774,0.47337278106508873,236.68639053254438
85,0.5,65.0,26.5,0.1,5.0,1.8,23.61111111111111,33.18307240354219,1.423081673931477,0.9817477042468105,0.3513501783904467,5.123094026153318,5.029585798816569,0.5029585798816568,251.4792899408284
85,0.5,65.0,26.5,0.2,5.0,1.8,23.61111111111111,33.18307240354219,1.423081673931477,1.963495408493621,0.3513501783904467,5.123094026153318,10.059171597633139,0.5029585798816568,251.4792899408284
85,0.5,65.0,26.5,0.3,5.0,1.8,23.61111111111111,33.18307240354219,1.423081673931477,2.945243112740431,0.3513501783904467,5.123094026153318,15.088757396449704,0.5029585798816568,251.4792899408284
85,0.5,65.0,26.5,0.4,5.0,1.8,23.61111111111111,33.18307240354219,1.423081673931477,3.926990816987242,0.3513501783904467,5.123094026153318,20.118343195266277,0.5029585798816568,251.4792899408284
85,0.5,65.0,26.5,0.5,5.0,1.8,23.61111111111111,33.18307240354219,1.423081673931477,4.908738521234052,0.3513501783904467,5.123094026153318,25.14792899408284,0.5029585798816568,251.4792899408284
85,0.5,65.0,26.5,0.6,5.0,1.8,23.61111111111111,33.18307240354219,1.423081673931477,5.890486225480862,0.3513501783904467,5.123094026153318,30.17751479289941,0.5029585798816568,251.4792899408284
85,0.5,65.0,26.5,0.7,5.0,1.8,23.61111111111111,33.18307240354219,1.423081673931477,6.872233929727671,0.3513501783904467,5.123094026153318,35.20710059171597,0.5029585798816568,251.4792899408284
85,0.5,65.0,26.5,0.8,5.0,1.8,23.61111111111111,33.18307240354219,1.423081673931477,7.853981633974484,0.3513501783904467,5.123094026153318,40.236686390532554,0.5029585798816568,251.4792899408284
85,0.5,65.0,26.5,0.9,5.0,1.8,23.61111111111111,33.18307240354219,1.423081673931477,8.835729338221293,0.3513501783904467,5.123094026153318,45.26627218934912,0.5029585798816568,251.4792899408284
85,0.5,65.0,26.5,1.0,5.0,1.8,23.61111111111111,33.18307240354219,1.423081673931477,9.817477042468104,0.3513501783904467,5.123094026153318,50.29585798816568,0.5029585798816568,251.4792899408284
85,0.5,65.0,26.5,1.1,5.0,1.8,23.61111111111111,33.18307240354219,1.423081673931477,10.799224746714915,0.3513501783904467,5.123094026153318,55.32544378698226,0.5029585798816568,251.4792899408284
85,0.5,65.0,26.5,1.2,5.0,1.8,23.61111111111111,33.18307240354219,1.423081673931477,11.780972450961723,0.3513501783904467,5.123094026153318,60.35502958579882,0.5029585798816568,251.4792899408284
85,0.5,65.0,26.5,1.3,5.0,1.8,23.61111111111111,33.18307240354219,1.423081673931477,12.762720155208536,0.3513501783904467,5.123094026153318,65.38461538461539,0.5029585798816568,251.4792899408284
85,0.5,65.0,26.5,1.4,5.0,1.8,23.61111111111111,33.18307240354219,1.423081673931477,13.744467859455343,0.3513501783904467,5.123094026153318,70.41420118343194,0.5029585798816568,251.4792899408284
85,0.5,65.0,26.5,1.5,5.0,1.8,23.61111111111111,33.18307240354219,1.423081673931477,14.726215563702155,0.3513501783904467,5.123094026153318,75.44378698224853,0.5029585798816568,251.4792899408284
85,0.5,65.0,26.5,1.6,5.0,1.8,23.61111111111111,33.18307240354219,1.423081673931477,15.707963267948967,0.3513501783904467,5.123094026153318,80.47337278106511,0.5029585798816568,251.4792899408284
85,0.5,65.0,26.5,1.7,5.0,1.8,23.61111111111111,33.18307240354219,1.423081673931477,16.689710972195776,0.3513501783904467,5.123094026153318,85.50295857988166,0.5029585798816568,251.4792899408284
85,0.5,65.0,26.5,1.8,5.0,1.8,23.61111111111111,33.18307240354219,1.423081673931477,17.671458676442587,0.3513501783904467,5.123094026153318,90.53254437869823,0.5029585798816568,251.4792899408284
85,0.5,65.0,26.5,1.9,5.0,1.8,23.61111111111111,33.18307240354219,1.423081673931477,18.653206380689394,0.3513501783904467,5.123094026153318,95.56213017751479,0.5029585798816568,251.4792899408284
85,0.5,65.0,26.5,2.0,5.0,1.8,23.61111111111111,33.18307240354219,1.423081673931477,19.634954084936208,0.3513501783904467,5.123094026153318,100.59171597633136,0.5029585798816568,251.4792899408284
90,0.5,65.0,26.5,0.1,5.0,1.8,25.0,33.18307240354219,1.5067923606333287,0.9817477042468105,0.3318307240354219,5.424452498279983,5.325443786982248,0.5325443786982249,266.27218934911247
90,0.5,65.0,26.5,0.2,5.0,1.8,25.0,33.18307240354219,1.5067923606333287,1.963495408493621,0.3318307240354219,5.424452498279983,10.650887573964496,0.5325443786982249,266.27218934911247
90,0.5,65.0,26.5,0.3,5.0,1.8,25.0,33.18307240354219,1.5067923606333287,2.945243112740431,0.3318307240354219,5.424452498279983,15.976331360946745,0.5325443786982249,266.27218934911247
90,0.5,65.0,26.5,0.4,5.0,1.8,25.0,33.18307240354219,1.5067923606333287,3.926990816987242,0.3318307240354219,5.424452498279983,21.301775147928993,0.5325443786982249,266.27218934911247
90,0.5,65.0,26.5,0.5,5.0,1.8,25.0,33.18307240354219,1.5067923606333287,4.908738521234052,0.3318307240354219,5.424452498279983,26.627218934911244,0.5325443786982249,266.27218934911247
90,0.5,65.0,26.5,0.6,5.0,1.8,25.0,33.18307240354219,1.5067923606333287,5.890486225480862,0.3318307240354219,5.424452498279983,31.95266272189349,0.5325443786982249,266.27218934911247
90,0.5,65.0,26.5,0.7,5.0,1.8,25.0,33.18307240354219,1.5067923606333287,6.872233929727671,0.3318307240354219,5.424452498279983,37.27810650887573,0.5325443786982249,266.27218934911247
90,0.5,65.0,26.5,0.8,5.0,1.8,25.0,33.18307240354219,1.5067923606333287,7.853981633974484,0.3318307240354219,5.424452498279983,42.603550295857985,0.5325443786982249,266.27218934911247
90,0.5,65.0,26.5,0.9,5.0,1.8,25.0,33.18307240354219,1.5067923606333287,8.835729338221293,0.3318307240354219,5.424452498279983,47.928994082840234,0.5325443786982249,266.27218934911247
90,0.5,65.0,26.5,1.0,5.0,1.8,25.0,33.18307240354219,1.5067923606333287,9.817477042468104,0.3318307240354219,5.424452498279983,53.25443786982249,0.5325443786982249,266.27218934911247
90,0.5,65.0,26.5,1.1,5.0,1.8,25.0,33.18307240354219,1.5067923606333287,10.799224746714915,0.3318307240354219,5.424452498279983,58.579881656804744,0.5325443786982249,266.27218934911247
90,0.5,65.0,26.5,1.2,5.0,1.8,25.0,33.18307240354219,1.5067923606333287,11.780972450961723,0.3318307240354219,5.424452498279983,63.90532544378698,0.5325443786982249,266.27218934911247
90,0.5,65.0,26.5,1.3,5.0,1.8,25.0,33.18307240354219,1.5067923606333287,12.762720155208536,0.3318307240354219,5.424452498279983,69.23076923076924,0.5325443786982249,266.27218934911247
90,0.5,65.0,26.5,1.4,5.0,1.8,25.0,33.18307240354219,1.5067923606333287,13.744467859455343,0.3318307240354219,5.424452498279983,74.55621301775146,0.5325443786982249,266.27218934911247
90,0.5,65.0,26.5,1.5,5.0,1.8,25.0,33.18307240354219,1.5067923606333287,14.726215563702155,0.3318307240354219,5.424452498279983,79.88165680473372,0.5325443786982249,266.27218934911247
90,0.5,65.0,26.5,1.6,5.0,1.8,25.0,33.18307240354219,1.5067923606333287,15.707963267948967,0.3318307240354219,5.424452498279983,85.20710059171597,0.5325443786982249,266.27218934911247
90,0.5,65.0,26.5,1.7,5.0,1.8,25.0,33.18307240354219,1.5067923606333287,16.689710972195776,0.3318307240354219,5.424452498279983,90.53254437869822,0.5325443786982249,266.27218934911247
90,0.5,65.0,26.5,1.8,5.0,1.8,25.0,33.18307240354219,1.5067923606333287,17.671458676442587,0.3318307240354219,5.424452498279983,95.85798816568047,0.5325443786982249,266.27218934911247
90,0.5,65.0,26.5,1.9,5.0,1.8,25.0,33.18307240354219,1.5067923606333287,18.653206380689394,0.3318307240354219,5.424452498279983,101.18343195266272,0.5325443786982249,266.27218934911247
90,0.5,65.0,26.5,2.0,5.0,1.8,25.0,33.18307240354219,1.5067923606333287,19.634954084936208,0.3318307240354219,5.424452498279983,106.50887573964498,0.5325443786982249,266.27218934911247
95,0.5,65.0,26.5,0.1,5.0,1.8,26.38888888888889,33.18307240354219,1.5905030473351802,0.9817477042468105,0.3143659490861892,5.725810970406648,5.621301775147929,0.5621301775147929,281.06508875739644
95,0.5,65.0,26.5,0.2,5.0,1.8,26.38888888888889,33.18307240354219,1.5905030473351802,1.963495408493621,0.3143659490861892,5.725810970406648,11.242603550295858,0.5621301775147929,281.06508875739644
95,0.5,65.0,26.5,0.3,5.0,1.8,26.38888888888889,33.18307240354219,1.5905030473351802,2.945243112740431,0.3143659490861892,5.725810970406648,16.863905325443785,0.5621301775147929,281.06508875739644
95,0.5,65.0,26.5,0.4,5.0,1.8,26.38888888888889,33.18307240354219,1.5905030473351802,3.926990816987242,0.3143659490861892,5.725810970406648,22.485207100591715,0.5621301775147929,281.06508875739644
95,0.5,65.0,26.5,0.5,5.0,1.8,26.38888888888889,33.18307240354219,1.5905030473351802,4.908738521234052,0.3143659490861892,5.725810970406648,28.106508875739642,0.5621301775147929,281.06508875739644
95,0.5,65.0,26.5,0.6,5.0,1.8,26.38888888888889,33.18307240354219,1.5905030473351802,5.890486225480862,0.3143659490861892,5.725810970406648,33.72781065088757,0.5621301775147929,281.06508875739644
95,0.5,65.0,26.5,0.7,5.0,1.8,26.38888888888889,33.18307240354219,1.5905030473351802,6.872233929727671,0.3143659490861892,5.725810970406648,39.3491124260355,0.5621301775147929,281.06508875739644
95,0.5,65.0,26.5,0.8,5.0,1.8,26.38888888888889,33.18307240354219,1.5905030473351802,7.853981633974484,0.3143659490861892,5.725810970406648,44.97041420118343,0.5621301775147929,281.06508875739644
95,0.5,65.0,26.5,0.9,5.0,1.8,26.38888888888889,33.18307240354219,1.5905030473351802,8.835729338221293,0.3143659490861892,5.725810970406648,50.59171597633136,0.5621301775147929,281.06508875739644
95,0.5,65.0,26.5,1.0,5.0,1.8,26.38888888888889,33.18307240354219,1.5905030473351802,9.817477042468104,0.3143659490861892,5.725810970406648,56.213017751479285,0.5621301775147929,281.06508875739644
95,0.5,65.0,26.5,1.1,5.0,1.8,26.38888888888889,33.18307240354219,1.5905030473351802,10.799224746714915,0.3143659490861892,5.725810970406648,61.83431952662722,0.5621301775147929,281.06508875739644
95,0.5,65.0,26.5,1.2,5.0,1.8,26.38888888888889,33.18307240354219,1.5905030473351802,11.780972450961723,0.3143659490861892,5.725810970406648,67.45562130177514,0.5621301775147929,281.06508875739644
95,0.5,65.0,26.5,1.3,5.0,1.8,26.38888888888889,33.18307240354219,1.5905030473351802,12.762720155208536,0.3143659490861892,5.725810970406648,73.07692307692307,0.5621301775147929,281.06508875739644
95,0.5,65.0,26.5,1.4,5.0,1.8,26.38888888888889,33.18307240354219,1.5905030473351802,13.744467859455343,0.3143659490861892,5.725810970406648,78.698224852071,0.5621301775147929,281.06508875739644
95,0.5,65.0,26.5,1.5,5.0,1.8,26.38888888888889,33.18307240354219,1.5905030473351802,14.726215563702155,0.3143659490861892,5.725810970406648,84.31952662721892,0.5621301775147929,281.06508875739644
95,0.5,65.0,26.5,1.6,5.0,1.8,26.38888888888889,33.18307240354219,1.5905030473351802,15.707963267948967,0.3143659490861892,5.725810970406648,89.94082840236686,0.5621301775147929,281.06508875739644
95,0.5,65.0,26.5,1.7,5.0,1.8,26.38888888888889,33.18307240354219,1.5905030473351802,16.689710972195776,0.3143659490861892,5.725810970406648,95.56213017751477,0.5621301775147929,281.06508875739644
95,0.5,65.0,26.5,1.8,5.0,1.8,26.38888888888889,33.18307240354219,1.5905030473351802,17.671458676442587,0.3143659490861892,5.725810970406648,101.18343195266272,0.5621301775147929,281.06508875739644
95,0.5,65.0,26.5,1.9,5.0,1.8,26.38888888888889,33.18307240354219,1.5905030473351802,18.653206380689394,0.3143659490861892,5.725810970406648,106.80473372781063,0.5621301775147929,281.06508875739644
95,0.5,65.0,26.5,2.0,5.0,1.8,26.38888888888889,33.18307240354219,1.5905030473351802,19.634954084936208,0.3143659490861892,5.725810970406648,112.42603550295857,0.5621301775147929,281.06508875739644
100,0.5,65.0,26.5,0.1,5.0,1.8,27.77777777777778,33.18307240354219,1.6742137340370318,0.9817477042468105,0.29864765163187973,6.027169442533315,5.91715976331361,0.591715976331361,295.85798816568047
100,0.5,65.0,26.5,0.2,5.0,1.8,27.77777777777778,33.18307240354219,1.6742137340370318,1.963495408493621,0.29864765163187973,6.027169442533315,11.83431952662722,0.591715976331361,295.85798816568047
100,0.5,65.0,26.5,0.3,5.0,1.8,27.77777777777778,33.18307240354219,1.6742137340370318,2.945243112740431,0.29864765163187973,6.027169442533315,17.75147928994083,0.591715976331361,295.85798816568047
100,0.5,65.0,26.5,0.4,5.0,1.8,27.77777777777778,33.18307240354219,1.6742137340370318,3.926990816987242,0.29864765163187973,6.027169442533315,23.66863905325444,0.591715976331361,295.85798816568047
100,0.5,65.0,26.5,0.5,5.0,1.8,27.77777777777778,33.18307240354219,1.6742137340370318,4.908738521234052,0.29864765163187973,6.027169442533315,29.585798816568047,0.591715976331361,295.85798816568047
100,0.5,65.0,26.5,0.6,5.0,1.8,27.77777777777778,33.18307240354219,1.6742137340370318,5.890486225480862,0.29864765163187973,6.027169442533315,35.50295857988166,0.591715976331361,295.85798816568047
100,0.5,65.0,26.5,0.7,5.0,1.8,27.77777777777778,33.18307240354219,1.6742137340370318,6.872233929727671,0.29864765163187973,6.027169442533315,41.42011834319526,0.591715976331361,295.85798816568047
100,0.5,65.0,26.5,0.8,5.0,1.8,27.77777777777778,33.18307240354219,1.6742137340370318,7.853981633974484,0.29864765163187973,6.027169442533315,47.33727810650888,0.591715976331361,295.85798816568047
100,0.5,65.0,26.5,0.9,5.0,1.8,27.77777777777778,33.18307240354219,1.6742137340370318,8.835729338221293,0.29864765163187973,6.027169442533315,53.25443786982249,0.591715976331361,295.85798816568047
100,0.5,65.0,26.5,1.0,5.0,1.8,27.77777777777778,33.18307240354219,1.6742137340370318,9.817477042468104,0.29864765163187973,6.027169442533315,59.171597633136095,0.591715976331361,295.85798816568047
100,0.5,65.0,26.5,1.1,5.0,1.8,27.77777777777778,33.18307240354219,1.6742137340370318,10.799224746714915,0.29864765163187973,6.027169442533315,65.08875739644972,0.591715976331361,295.85798816568047
100,0.5,65.0,26.5,1.2,5.0,1.8,27.77777777777778,33.18307240354219,1.6742137340370318,11.780972450961723,0.29864765163187973,6.027169442533315,71.00591715976331,0.591715976331361,295.85798816568047
100,0.5,65.0,26.5,1.3,5.0,1.8,27.77777777777778,33.18307240354219,1.6742137340370318,12.762720155208536,0.29864765163187973,6.027169442533315,76.92307692307693,0.591715976331361,295.85798816568047
100,0.5,65.0,26.5,1.4,5.0,1.8,27.77777777777778,33.18307240354219,1.6742137340370318,13.744467859455343,0.29864765163187973,6.027169442533315,82.84023668639053,0.591715976331361,295.85798816568047
100,0.5,65.0,26.5,1.5,5.0,1.8,27.77777777777778,33.18307240354219,1.6742137340370318,14.726215563702155,0.29864765163187973,6.027169442533315,88.75739644970413,0.591715976331361,295.85798816568047
100,0.5,65.0,26.5,1.6,5.0,1.8,27.77777777777778,33.18307240354219,1.6742137340370318,15.707963267948967,0.29864765163187973,6.027169442533315,94.67455621301777,0.591715976331361,295.85798816568047
100,0.5,65.0,26.5,1.7,5.0,1.8,27.77777777777778,33.18307240354219,1.6742137340370318,16.689710972195776,0.29864765163187973,6.027169442533315,100.59171597633136,0.591715976331361,295.85798816568047
100,0.5,65.0,26.5,1.8,5.0,1.8,27.77777777777778,33.18307240354219,1.6742137340370318,17.671458676442587,0.29864765163187973,6.027169442533315,106.50887573964498,0.591715976331361,295.85798816568047
100,0.5,65.0,26.5,1.9,5.0,1.8,27.77777777777778,33.18307240354219,1.6742137340370318,18.653206380689394,0.29864765163187973,6.027169442533315,112.42603550295857,0.591715976331361,295.85798816568047
100,0.5,65.0,26.5,2.0,5.0,1.8,27.77777777777778,33.18307240354219,1.6742137340370318,19.634954084936208,0.29864765163187973,6.027169442533315,118.34319526627219,0.591715976331361,295.85798816568047
40,0.6,65.0,26.5,0.1,5.0,1.8,11.11111111111111,33.18307240354219,0.5580712446790106,1.1780972450961724,0.8959429548956391,2.009056480844438,2.366863905325444,0.19723865877712032,118.34319526627219
40,0.6,65.0,26.5,0.2,5.0,1.8,11.11111111111111,33.18307240354219,0.5580712446790106,2.356194490192345,0.8959429548956391,2.009056480844438,4.733727810650888,0.19723865877712032,118.34319526627219
40,0.6,65.0,26.5,0.3,5.0,1.8,11.11111111111111,33.18307240354219,0.5580712446790106,3.534291735288517,0.8959429548956391,2.009056480844438,7.10059171597633,0.19723865877712032,118.34319526627219
40,0.6,65.0,26.5,0.4,5.0,1.8,11.11111111111111,33.18307240354219,0.5580712446790106,4.71238898038469,0.8959429548956391,2.009056480844438,9.467455621301776,0.19723865877712032,118.34319526627219
40,0.6,65.0,26.5,0.5,5.0,1.8,11.11111111111111,33.18307240354219,0.5580712446790106,5.890486225480862,0.8959429548956391,2.009056480844438,11.834319526627219,0.19723865877712032,118.34319526627219
40,0.6,65.0,26.5,0.6,5.0,1.8,11.11111111111111,33.18307240354219,0.5580712446790106,7.068583470577034,0.8959429548956391,2.009056480844438,14.20118343195266,0.19723865877712032,118.34319526627219
40,0.6,65.0,26.5,0.7,5.0,1.8,11.11111111111111,33.18307240354219,0.5580712446790106,8.246680715673206,0.8959429548956391,2.009056480844438,16.568047337278102,0.19723865877712032,118.34319526627219
40,0.6,65.0,26.5,0.8,5.0,1.8,11.11111111111111,33.18307240354219,0.5580712446790106,9.42477796076938,0.8959429548956391,2.009056480844438,18.93491124260355,0.19723865877712032,118.34319526627219
40,0.6,65.0,26.5,0.9,5.0,1.8,11.11111111111111,33.18307240354219,0.5580712446790106,10.602875205865551,0.8959429548956391,2.009056480844438,21.301775147928993,0.19723865877712032,118.34319526627219
40,0.6,65.0,26.5,1.0,5.0,1.8,11.11111111111111,33.18307240354219,0.5580712446790106,11.780972450961723,0.8959429548956391,2.009056480844438,23.668639053254438,0.19723865877712032,118.34319526627219
40,0.6,65.0,26.5,1.1,5.0,1.8,11.11111111111111,33.18307240354219,0.5580712446790106,12.959069696057897,0.8959429548956391,2.009056480844438,26.035502958579883,0.19723865877712032,118.34319526627219
40,0.6,65.0,26.5,1.2,5.0,1.8,11.11111111111111,33.18307240354219,0.5580712446790106,14.137166941154067,0.8959429548956391,2.009056480844438,28.40236686390532,0.19723865877712032,118.34319526627219
40,0.6,65.0,26.5,1.3,5.0,1.8,11.11111111111111,33.18307240354219,0.5580712446790106,15.315264186250241,0.8959429548956391,2.009056480844438,30.769230769230766,0.19723865877712032,118.34319526627219
40,0.6,65.0,26.5,1.4,5.0,1.8,11.11111111111111,33.18307240354219,0.5580712446790106,16.49336143134641,0.8959429548956391,2.009056480844438,33.136094674556205,0.19723865877712032,118.34319526627219
40,0.6,65.0,26.5,1.5,5.0,1.8,11.11111111111111,33.18307240354219,0.5580712446790106,17.671458676442587,0.8959429548956391,2.009056480844438,35.50295857988166,0.19723865877712032,118.34319526627219
40,0.6,65.0,26.5,1.6,5.0,1.8,11.11111111111111,33.18307240354219,0.5580712446790106,18.84955592153876,0.8959429548956391,2.009056480844438,37.8698224852071,0.19723865877712032,118.34319526627219
40,0.6,65.0,26.5,1.7,5.0,1.8,11.11111111111111,33.18307240354219,0.5580712446790106,20.02765316663493,0.8959429548956391,2.009056480844438,40.23668639053255,0.19723865877712032,118.34319526627219
40,0.6,65.0,26.5,1.8,5.0,1.8,11.11111111111111,33.18307240354219,0.5580712446790106,21.205750411731103,0.8959429548956391,2.009056480844438,42.603550295857985,0.19723865877712032,118.34319526627219
40,0.6,65.0,26.5,1.9,5.0,1.8,11.11111111111111,33.18307240354219,0.5580712446790106,22.383847656827275,0.8959429548956391,2.009056480844438,44.97041420118343,0.19723865877712032,118.34319526627219
40,0.6,65.0,26.5,2.0,5.0,1.8,11.11111111111111,33.18307240354219,0.5580712446790106,23.561944901923447,0.8959429548956391,2.009056480844438,47.337278106508876,0.19723865877712032,118.34319526627219
45,0.6,65.0,26.5,0.1,5.0,1.8,12.5,33.18307240354219,0.6278301502638869,1.1780972450961724,0.7963937376850126,2.2601885409499927,2.6627218934911236,0.22189349112426035,133.1360946745562
45,0.6,65.0,26.5,0.2,5.0,1.8,12.5,33.18307240354219,0.6278301502638869,2.356194490192345,0.7963937376850126,2.2601885409499927,5.325443786982247,0.22189349112426035,133.1360946745562
45,0.6,65.0,26.5,0.3,5.0,1.8,12.5,33.18307240354219,0.6278301502638869,3.534291735288517,0.7963937376850126,2.2601885409499927,7.9881656804733705,0.22189349112426035,133.1360946745562
45,0.6,65.0,26.5,0.4,5.0,1.8,12.5,33.18307240354219,0.6278301502638869,4.71238898038469,0.7963937376850126,2.2601885409499927,10.650887573964495,0.22189349112426035,133.1360946745562
45,0.6,65.0,26.5,0.5,5.0,1.8,12.5,33.18307240354219,0.6278301502638869,5.890486225480862,0.7963937376850126,2.2601885409499927,13.313609467455619,0.22189349112426035,133.1360946745562
45,0.6,65.0,26.5,0.6,5.0,1.8,12.5,33.18307240354219,0.6278301502638869,7.068583470577034,0.7963937376850126,2.2601885409499927,15.976331360946741,0.22189349112426035,133.1360946745562
45,0.6,65.0,26.5,0.7,5.0,1.8,12.5,33.18307240354219,0.6278301502638869,8.246680715673206,0.7963937376850126,2.2601885409499927,18.639053254437865,0.22189349112426035,133.1360946745562
45,0.6,65.0,26.5,0.8,5.0,1.8,12.5,33.18307240354219,0.6278301502638869,9.42477796076938,0.7963937376850126,2.2601885409499927,21.30177514792899,0.22189349112426035,133.1360946745562
45,0.6,65.0,26.5,0.9,5.0,1.8,12.5,33.18307240354219,0.6278301502638869,10.602875205865551,0.7963937376850126,2.2601885409499927,23.964497041420117,0.22189349112426035,133.1360946745562
45,0.6,65.0,26.5,1.0,5.0,1.8,12.5,33.18307240354219,0.6278301502638869,11.780972450961723,0.7963937376850126,2.2601885409499927,26.627218934911237,0.22189349112426035,133.1360946745562
45,0.6,65.0,26.5,1.1,5.0,1.8,12.5,33.18307240354219,0.6278301502638869,12.959069696057897,0.7963937376850126,2.2601885409499927,29.289940828402365,0.22189349112426035,133.1360946745562
45,0.6,65.0,26.5,1.2,5.0,1.8,12.5,33.18307240354219,0.6278301502638869,14.137166941154067,0.7963937376850126,2.2601885409499927,31.952662721893482,0.22189349112426035,133.1360946745562
45,0.6,65.0,26.5,1.3,5.0,1.8,12.5,33.18307240354219,0.6278301502638869,15.315264186250241,0.7963937376850126,2.2601885409499927,34.61538461538461,0.22189349112426035,133.1360946745562
45,0.6,65.0,26.5,1.4,5.0,1.8,12.5,33.18307240354219,0.6278301502638869,16.49336143134641,0.7963937376850126,2.2601885409499927,37.27810650887573,0.22189349112426035,133.1360946745562
45,0.6,65.0,26.5,1.5,5.0,1.8,12.5,33.18307240354219,0.6278301502638869,17.671458676442587,0.7963937376850126,2.2601885409499927,39.94082840236686,0.22189349112426035,133.1360946745562
45,0.6,65.0,26.5,1.6,5.0,1.8,12.5,33.18307240354219,0.6278301502638869,18.84955592153876,0.7963937376850126,2.2601885409499927,42.60355029585798,0.22189349112426035,133.1360946745562
45,0.6,65.0,26.5,1.7,5.0,1.8,12.5,33.18307240354219,0.6278301502638869,20.02765316663493,0.7963937376850126,2.2601885409499927,45.2662721893491,0.22189349112426035,133.1360946745562
45,0.6,65.0,26.5,1.8,5.0,1.8,12.5,33.18307240354219,0.6278301502638869,21.205750411731103,0.7963937376850126,2.2601885409499927,47.928994082840234,0.22189349112426035,133.1360946745562
45,0.6,65.0,26.5,1.9,5.0,1.8,12.5,33.18307240354219,0.6278301502638869,22.383847656827275,0.7963937376850126,2.2601885409499927,50.59171597633135,0.22189349112426035,133.1360946745562
45,0.6,65.0,26.5,2.0,5.0,1.8,12.5,33.18307240354219,0.6278301502638869,23.561944901923447,0.7963937376850126,2.2601885409499927,53.254437869822475,0.22189349112426035,133.1360946745562
50,0.6,65.0,26.5,0.1,5.0,1.8,13.88888888888889,33.18307240354219,0.6975890558487633,1.1780972450961724,0.7167543639165113,2.511320601055548,2.958579881656805,0.2465483234714004,147.92899408284023
50,0.6,65.0,26.5,0.2,5.0,1.8,13.88888888888889,33.18307240354219,0.6975890558487633,2.356194490192345,0.7167543639165113,2.511320601055548,5.91715976331361,0.2465483234714004,147.92899408284023
50,0.6,65.0,26.5,0.3,5.0,1.8,13.88888888888889,33.18307240354219,0.6975890558487633,3.534291735288517,0.7167543639165113,2.511320601055548,8.875739644970414,0.2465483234714004,147.92899408284023
50,0.6,65.0,26.5,0.4,5.0,1.8,13.88888888888889,33.18307240354219,0.6975890558487633,4.71238898038469,0.7167543639165113,2.511320601055548,11.83431952662722,0.2465483234714004,147.92899408284023
50,0.6,65.0,26.5,0.5,5.0,1.8,13.88888888888889,33.18307240354219,0.6975890558487633,5.890486225480862,0.7167543639165113,2.511320601055548,14.792899408284025,0.2465483234714004,147.92899408284023
50,0.6,65.0,26.5,0.6,5.0,1.8,13.88888888888889,33.18307240354219,0.6975890558487633,7.068583470577034,0.7167543639165113,2.511320601055548,17.75147928994083,0.2465483234714004,147.92899408284023
50,0.6,65.0,26.5,0.7,5.0,1.8,13.88888888888889,33.18307240354219,0.6975890558487633,8.246680715673206,0.7167543639165113,2.511320601055548,20.71005917159763,0.2465483234714004,147.92899408284023
50,0.6,65.0,26.5,0.8,5.0,1.8,13.88888888888889,33.18307240354219,0.6975890558487633,9.42477796076938,0.7167543639165113,2.511320601055548,23.66863905325444,0.2465483234714004,147.92899408284023
50,0.6,65.0,26.5,0.9,5.0,1.8,13.88888888888889,33.18307240354219,0.6975890558487633,10.602875205865551,0.7167543639165113,2.511320601055548,26.627218934911244,0.2465483234714004,147.92899408284023
50,0.6,65.0,26.5,1.0,5.0,1.8,13.88888888888889,33.18307240354219,0.6975890558487633,11.780972450961723,0.7167543639165113,2.511320601055548,29.58579881656805,0.2465483234714004,147.92899408284023
50,0.6,65.0,26.5,1.1,5.0,1.8,13.88888888888889,33.18307240354219,0.6975890558487633,12.959069696057897,0.7167543639165113,2.511320601055548,32.54437869822486,0.2465483234714004,147.92899408284023
50,0.6,65.0,26.5,1.2,5.0,1.8,13.88888888888889,33.18307240354219,0.6975890558487633,14.137166941154067,0.7167543639165113,2.511320601055548,35.50295857988166,0.2465483234714004,147.92899408284023
50,0.6,65.0,26.5,1.3,5.0,1.8,13.88888888888889,33.18307240354219,0.6975890558487633,15.315264186250241,0.7167543639165113,2.511320601055548,38.46153846153847,0.2465483234714004,147.92899408284023
50,0.6,65.0,26.5,1.4,5.0,1.8,13.88888888888889,33.18307240354219,0.6975890558487633,16.49336143134641,0.7167543639165113,2.511320601055548,41.42011834319526,0.2465483234714004,147.92899408284023
50,0.6,65.0,26.5,1.5,5.0,1.8,13.88888888888889,33.18307240354219,0.6975890558487633,17.671458676442587,0.7167543639165113,2.511320601055548,44.37869822485207,0.2465483234714004,147.92899408284023
50,0.6,65.0,26.5,1.6,5.0,1.8,13.88888888888889,33.18307240354219,0.6975890558487633,18.84955592153876,0.7167543639165113,2.511320601055548,47.33727810650888,0.2465483234714004,147.92899408284023
50,0.6,65.0,26.5,1.7,5.0,1.8,13.88888888888889,33.18307240354219,0.6975890558487633,20.02765316663493,0.7167543639165113,2.511320601055548,50.29585798816568,0.2465483234714004,147.92899408284023
50,0.6,65.0,26.5,1.8,5.0,1.8,13.88888888888889,33.18307240354219,0.6975890558487633,21.205750411731103,0.7167543639165113,2.511320601055548,53.25443786982249,0.2465483234714004,147.92899408284023
50,0.6,65.0,26.5,1.9,5.0,1.8,13.88888888888889,33.18307240354219,0.6975890558487633,22.383847656827275,0.7167543639165113,2.511320601055548,56.21301775147929,0.2465483234714004,147.92899408284023
50,0.6,65.0,26.5,2.0,5.0,1.8,13.88888888888889,33.18307240354219,0.6975890558487633,23.561944901923447,0.7167543639165113,2.511320601055548,59.1715976331361,0.2465483234714004,147.92899408284023
55,0.6,65.0,26.5,0.1,5.0,1.8,15.277777777777779,33.18307240354219,0.7673479614336396,1.1780972450961724,0.6515948762877376,2.7624526611611024,3.254437869822485,0.27120315581854043,162.72189349112426
55,0.6,65.0,26.5,0.2,5.0,1.8,15.277777777777779,33.18307240354219,0.7673479614336396,2.356194490192345,0.6515948762877376,2.7624526611611024,6.50887573964497,0.27120315581854043,162.72189349112426
55,0.6,65.0,26.5,0.3,5.0,1.8,15.277777777777779,33.18307240354219,0.7673479614336396,3.534291735288517,0.6515948762877376,2.7624526611611024,9.763313609467454,0.27120315581854043,162.72189349112426
55,0.6,65.0,26.5,0.4,5.0,1.8,15.277777777777779,33.18307240354219,0.7673479614336396,4.71238898038469,0.6515948762877376,2.7624526611611024,13.01775147928994,0.27120315581854043,162.72189349112426
55,0.6,65.0,26.5,0.5,5.0,1.8,15.277777777777779,33.18307240354219,0.7673479614336396,5.890486225480862,0.6515948762877376,2.7624526611611024,16.272189349112427,0.27120315581854043,162.72189349112426
55,0.6,65.0,26.5,0.6,5.0,1.8,15.277777777777779,33.18307240354219,0.7673479614336396,7.068583470577034,0.6515948762877376,2.7624526611611024,19.52662721893491,0.27120315581854043,162.72189349112426
55,0.6,65.0,26.5,0.7,5.0,1.8,15.277777777777779,33.18307240354219,0.7673479614336396,8.246680715673206,0.6515948762877376,2.7624526611611024,22.781065088757394,0.27120315581854043,162.72189349112426
55,0.6,65.0,26.5,0.8,5.0,1.8,15.277777777777779,33.18307240354219,0.7673479614336396,9.42477796076938,0.6515948762877376,2.7624526611611024,26.03550295857988,0.27120315581854043,162.72189349112426
55,0.6,65.0,26.5,0.9,5.0,1.8,15.277777777777779,33.18307240354219,0.7673479614336396,10.602875205865551,0.6515948762877376,2.7624526611611024,29.289940828402365,0.27120315581854043,162.72189349112426
55,0.6,65.0,26.5,1.0,5.0,1.8,15.277777777777779,33.18307240354219,0.7673479614336396,11.780972450961723,0.6515948762877376,2.7624526611611024,32.544378698224854,0.27120315581854043,162.72189349112426
55,0.6,65.0,26.5,1.1,5.0,1.8,15.277777777777779,33.18307240354219,0.7673479614336396,12.959069696057897,0.6515948762877376,2.7624526611611024,35.798816568047336,0.27120315581854043,162.72189349112426
55,0.6,65.0,26.5,1.2,5.0,1.8,15.277777777777779,33.18307240354219,0.7673479614336396,14.137166941154067,0.6515948762877376,2.7624526611611024,39.05325443786982,0.27120315581854043,162.72189349112426
55,0.6,65.0,26.5,1.3,5.0,1.8,15.277777777777779,33.18307240354219,0.7673479614336396,15.315264186250241,0.6515948762877376,2.7624526611611024,42.30769230769231,0.27120315581854043,162.72189349112426
55,0.6,65.0,26.5,1.4,5.0,1.8,15.277777777777779,33.18307240354219,0.7673479614336396,16.49336143134641,0.6515948762877376,2.7624526611611024,45.56213017751479,0.27120315581854043,162.72189349112426
55,0.6,65.0,26.5,1.5,5.0,1.8,15.277777777777779,33.18307240354219,0.7673479614336396,17.671458676442587,0.6515948762877376,2.7624526611611024,48.81656804733728,0.27120315581854043,162.72189349112426
55,0.6,65.0,26.5,1.6,5.0,1.8,15.277777777777779,33.18307240354219,0.7673479614336396,18.84955592153876,0.6515948762877376,2.7624526611611024,52.07100591715976,0.27120315581854043,162.72189349112426
55,0.6,65.0,26.5,1.7,5.0,1.8,15.277777777777779,33.18307240354219,0.7673479614336396,20.02765316663493,0.6515948762877376,2.7624526611611024,55.32544378698225,0.27120315581854043,162.72189349112426
55,0.6,65.0,26.5,1.8,5.0,1.8,15.277777777777779,33.18307240354219,0.7673479614336396,21.205750411731103,0.6515948762877376,2.7624526611611024,58.57988165680473,0.27120315581854043,162.72189349112426
55,0.6,65.0,26.5,1.9,5.0,1.8,15.277777777777779,33.18307240354219,0.7673479614336396,22.383847656827275,0.6515948762877376,2.7624526611611024,61.83431952662721,0.27120315581854043,162.72189349112426
55,0.6,65.0,26.5,2.0,5.0,1.8,15.277777777777779,33.18307240354219,0.7673479614336396,23.561944901923447,0.6515948762877376,2.7624526611611024,65.08875739644971,0.27120315581854043,162.72189349112426
60,0.6,65.0,26.5,0.1,5.0,1.8,16.666666666666668,33.18307240354219,0.837106867018516,1.1780972450961724,0.5972953032637593,3.0135847212666578,3.5502958579881665,0.2958579881656805,177.51479289940826
60,0.6,65.0,26.5,0.2,5.0,1.8,16.666666666666668,33.18307240354219,0.837106867018516,2.356194490192345,0.5972953032637593,3.0135847212666578,7.100591715976333,0.2958579881656805,177.51479289940826
60,0.6,65.0,26.5,0.3,5.0,1.8,16.666666666666668,33.18307240354219,0.837106867018516,3.534291735288517,0.5972953032637593,3.0135847212666578,10.650887573964496,0.2958579881656805,177.51479289940826
60,0.6,65.0,26.5,0.4,5.0,1.8,16.666666666666668,33.18307240354219,0.837106867018516,4.71238898038469,0.5972953032637593,3.0135847212666578,14.201183431952666,0.2958579881656805,177.51479289940826
60,0.6,65.0,26.5,0.5,5.0,1.8,16.666666666666668,33.18307240354219,0.837106867018516,5.890486225480862,0.5972953032637593,3.0135847212666578,17.75147928994083,0.2958579881656805,177.51479289940826
60,0.6,65.0,26.5,0.6,5.0,1.8,16.666666666666668,33.18307240354219,0.837106867018516,7.068583470577034,0.5972953032637593,3.0135847212666578,21.301775147928993,0.2958579881656805,177.51479289940826
60,0.6,65.0,26.5,0.7,5.0,1.8,16.666666666666668,33.18307240354219,0.837106867018516,8.246680715673206,0.5972953032637593,3.0135847212666578,24.85207100591716,0.2958579881656805,177.51479289940826
60,0.6,65.0,26.5,0.8,5.0,1.8,16.666666666666668,33.18307240354219,0.837106867018516,9.42477796076938,0.5972953032637593,3.0135847212666578,28.402366863905332,0.2958579881656805,177.51479289940826
60,0.6,65.0,26.5,0.9,5.0,1.8,16.666666666666668,33.18307240354219,0.837106867018516,10.602875205865551,0.5972953032637593,3.0135847212666578,31.952662721893496,0.2958579881656805,177.51479289940826
60,0.6,65.0,26.5,1.0,5.0,1.8,16.666666666666668,33.18307240354219,0.837106867018516,11.780972450961723,0.5972953032637593,3.0135847212666578,35.50295857988166,0.2958579881656805,177.51479289940826
60,0.6,65.0,26.5,1.1,5.0,1.8,16.666666666666668,33.18307240354219,0.837106867018516,12.959069696057897,0.5972953032637593,3.0135847212666578,39.053254437869825,0.2958579881656805,177.51479289940826
60,0.6,65.0,26.5,1.2,5.0,1.8,16.666666666666668,33.18307240354219,0.837106867018516,14.137166941154067,0.5972953032637593,3.0135847212666578,42.603550295857985,0.2958579881656805,177.51479289940826
60,0.6,65.0,26.5,1.3,5.0,1.8,16.666666666666668,33.18307240354219,0.837106867018516,15.315264186250241,0.5972953032637593,3.0135847212666578,46.15384615384615,0.2958579881656805,177.51479289940826
60,0.6,65.0,26.5,1.4,5.0,1.8,16.666666666666668,33.18307240354219,0.837106867018516,16.49336143134641,0.5972953032637593,3.0135847212666578,49.70414201183432,0.2958579881656805,177.51479289940826
60,0.6,65.0,26.5,1.5,5.0,1.8,16.666666666666668,33.18307240354219,0.837106867018516,17.671458676442587,0.5972953032637593,3.0135847212666578,53.254437869822496,0.2958579881656805,177.51479289940826
60,0.6,65.0,26.5,1.6,5.0,1.8,16.666666666666668,33.18307240354219,0.837106867018516,18.84955592153876,0.5972953032637593,3.0135847212666578,56.804733727810664,0.2958579881656805,177.51479289940826
60,0.6,65.0,26.5,1.7,5.0,1.8,16.666666666666668,33.18307240354219,0.837106867018516,20.02765316663493,0.5972953032637593,3.0135847212666578,60.355029585798825,0.2958579881656805,177.51479289940826
60,0.6,65.0,26.5,1.8,5.0,1.8,16.666666666666668,33.18307240354219,0.837106867018516,21.205750411731103,0.5972953032637593,3.0135847212666578,63.90532544378699,0.2958579881656805,177.51479289940826
60,0.6,65.0,26.5,1.9,5.0,1.8,16.666666666666668,33.18307240354219,0.837106867018516,22.383847656827275,0.5972953032637593,3.0135847212666578,67.45562130177515,0.2958579881656805,177.51479289940826
60,0.6,65.0,26.5,2.0,5.0,1.8,16.666666666666668,33.18307240354219,0.837106867018516,23.561944901923447,0.5972953032637593,3.0135847212666578,71.00591715976331,0.2958579881656805,177.51479289940826
65,0.6,65.0,26.5,0.1,5.0,1.8,18.055555555555557,33.18307240354219,0.9068657726033923,1.1780972450961724,0.5513495107050087,3.264716781372212,3.8461538461538463,0.32051282051282054,192.30769230769232
65,0.6,65.0,26.5,0.2,5.0,1.8,18.055555555555557,33.18307240354219,0.9068657726033923,2.356194490192345,0.5513495107050087,3.264716781372212,7.6923076923076925,0.32051282051282054,192.30769230769232
65,0.6,65.0,26.5,0.3,5.0,1.8,18.055555555555557,33.18307240354219,0.9068657726033923,3.534291735288517,0.5513495107050087,3.264716781372212,11.538461538461537,0.32051282051282054,192.30769230769232
65,0.6,65.0,26.5,0.4,5.0,1.8,18.055555555555557,33.18307240354219,0.9068657726033923,4.71238898038469,0.5513495107050087,3.264716781372212,15.384615384615385,0.32051282051282054,192.30769230769232
65,0.6,65.0,26.5,0.5,5.0,1.8,18.055555555555557,33.18307240354219,0.9068657726033923,5.890486225480862,0.5513495107050087,3.264716781372212,19.23076923076923,0.32051282051282054,192.30769230769232
65,0.6,65.0,26.5,0.6,5.0,1.8,18.055555555555557,33.18307240354219,0.9068657726033923,7.068583470577034,0.5513495107050087,3.264716781372212,23.076923076923073,0.32051282051282054,192.30769230769232
65,0.6,65.0,26.5,0.7,5.0,1.8,18.055555555555557,33.18307240354219,0.9068657726033923,8.246680715673206,0.5513495107050087,3.264716781372212,26.92307692307692,0.32051282051282054,192.30769230769232
65,0.6,65.0,26.5,0.8,5.0,1.8,18.055555555555557,33.18307240354219,0.9068657726033923,9.42477796076938,0.5513495107050087,3.264716781372212,30.76923076923077,0.32051282051282054,192.30769230769232
65,0.6,65.0,26.5,0.9,5.0,1.8,18.055555555555557,33.18307240354219,0.9068657726033923,10.602875205865551,0.5513495107050087,3.264716781372212,34.61538461538462,0.32051282051282054,192.30769230769232
65,0.6,65.0,26.5,1.0,5.0,1.8,18.055555555555557,33.18307240354219,0.9068657726033923,11.780972450961723,0.5513495107050087,3.264716781372212,38.46153846153846,0.32051282051282054,192.30769230769232
65,0.6,65.0,26.5,1.1,5.0,1.8,18.055555555555557,33.18307240354219,0.9068657726033923,12.959069696057897,0.5513495107050087,3.264716781372212,42.30769230769231,0.32051282051282054,192.30769230769232
65,0.6,65.0,26.5,1.2,5.0,1.8,18.055555555555557,33.18307240354219,0.9068657726033923,14.137166941154067,0.5513495107050087,3.264716781372212,46.153846153846146,0.32051282051282054,192.30769230769232
65,0.6,65.0,26.5,1.3,5.0,1.8,18.055555555555557,33.18307240354219,0.9068657726033923,15.315264186250241,0.5513495107050087,3.264716781372212,50.0,0.32051282051282054,192.30769230769232
65,0.6,65.0,26.5,1.4,5.0,1.8,18.055555555555557,33.18307240354219,0.9068657726033923,16.49336143134641,0.5513495107050087,3.264716781372212,53.84615384615384,0.32051282051282054,192.30769230769232
65,0.6,65.0,26.5,1.5,5.0,1.8,18.055555555555557,33.18307240354219,0.9068657726033923,17.671458676442587,0.5513495107050087,3.264716781372212,57.69230769230769,0.32051282051282054,192.30769230769232
65,0.6,65.0,26.5,1.6,5.0,1.8,18.055555555555557,33.18307240354219,0.9068657726033923,18.84955592153876,0.5513495107050087,3.264716781372212,61.53846153846154,0.32051282051282054,192.30769230769232
65,0.6,65.0,26.5,1.7,5.0,1.8,18.055555555555557,33.18307240354219,0.9068657726033923,20.02765316663493,0.5513495107050087,3.264716781372212,65.38461538461539,0.32051282051282054,192.30769230769232
65,0.6,65.0,26.5,1.8,5.0,1.8,18.055555555555557,33.18307240354219,0.9068657726033923,21.205750411731103,0.5513495107050087,3.264716781372212,69.23076923076924,0.32051282051282054,192.30769230769232
65,0.6,65.0,26.5,1.9,5.0,1.8,18.055555555555557,33.18307240354219,0.9068657726033923,22.383847656827275,0.5513495107050087,3.264716781372212,73.07692307692308,0.32051282051282054,192.30769230769232
65,0.6,65.0,26.5,2.0,5.0,1.8,18.055555555555557,33.18307240354219,0.9068657726033923,23.561944901923447,0.5513495107050087,3.264716781372212,76.92307692307692,0.32051282051282054,192.30769230769232
70,0.6,65.0,26.5,0.1,5.0,1.8,19.444444444444443,33.18307240354219,0.9766246781882685,1.1780972450961724,0.5119674027975081,3.515848841477767,4.1420118343195265,0.34516765285996054,207.1005917159763
70,0.6,65.0,26.5,0.2,5.0,1.8,19.444444444444443,33.18307240354219,0.9766246781882685,2.356194490192345,0.5119674027975081,3.515848841477767,8.284023668639053,0.34516765285996054,207.1005917159763
70,0.6,65.0,26.5,0.3,5.0,1.8,19.444444444444443,33.18307240354219,0.9766246781882685,3.534291735288517,0.5119674027975081,3.515848841477767,12.42603550295858,0.34516765285996054,207.1005917159763
70,0.6,65.0,26.5,0.4,5.0,1.8,19.444444444444443,33.18307240354219,0.9766246781882685,4.71238898038469,0.5119674027975081,3.515848841477767,16.568047337278106,0.34516765285996054,207.1005917159763
70,0.6,65.0,26.5,0.5,5.0,1.8,19.444444444444443,33.18307240354219,0.9766246781882685,5.890486225480862,0.5119674027975081,3.515848841477767,20.71005917159763,0.34516765285996054,207.1005917159763
70,0.6,65.0,26.5,0.6,5.0,1.8,19.444444444444443,33.18307240354219,0.9766246781882685,7.068583470577034,0.5119674027975081,3.515848841477767,24.85207100591716,0.34516765285996054,207.1005917159763
70,0.6,65.0,26.5,0.7,5.0,1.8,19.444444444444443,33.18307240354219,0.9766246781882685,8.246680715673206,0.5119674027975081,3.515848841477767,28.994082840236683,0.34516765285996054,207.1005917159763
70,0.6,65.0,26.5,0.8,5.0,1.8,19.444444444444443,33.18307240354219,0.9766246781882685,9.42477796076938,0.5119674027975081,3.515848841477767,33.13609467455621,0.34516765285996054,207.1005917159763
70,0.6,65.0,26.5,0.9,5.0,1.8,19.444444444444443,33.18307240354219,0.9766246781882685,10.602875205865551,0.5119674027975081,3.515848841477767,37.27810650887574,0.34516765285996054,207.1005917159763
70,0.6,65.0,26.5,1.0,5.0,1.8,19.444444444444443,33.18307240354219,0.9766246781882685,11.780972450961723,0.5119674027975081,3.515848841477767,41.42011834319526,0.34516765285996054,207.1005917159763
70,0.6,65.0,26.5,1.1,5.0,1.8,19.444444444444443,33.18307240354219,0.9766246781882685,12.959069696057897,0.5119674027975081,3.515848841477767,45.5621301775148,0.34516765285996054,207.1005917159763
70,0.6,65.0,26.5,1.2,5.0,1.8,19.444444444444443,33.18307240354219,0.9766246781882685,14.137166941154067,0.5119674027975081,3.515848841477767,49.70414201183432,0.34516765285996054,207.1005917159763
70,0.6,65.0,26.5,1.3,5.0,1.8,19.444444444444443,33.18307240354219,0.9766246781882685,15.315264186250241,0.5119674027975081,3.515848841477767,53.84615384615385,0.34516765285996054,207.1005917159763
70,0.6,65.0,26.5,1.4,5.0,1.8,19.444444444444443,33.18307240354219,0.9766246781882685,16.49336143134641,0.5119674027975081,3.515848841477767,57.988165680473365,0.34516765285996054,207.1005917159763
70,0.6,65.0,26.5,1.5,5.0,1.8,19.444444444444443,33.18307240354219,0.9766246781882685,17.671458676442587,0.5119674027975081,3.515848841477767,62.130177514792905,0.34516765285996054,207.1005917159763
70,0.6,65.0,26.5,1.6,5.0,1.8,19.444444444444443,33.18307240354219,0.9766246781882685,18.84955592153876,0.5119674027975081,3.515848841477767,66.27218934911242,0.34516765285996054,207.1005917159763
70,0.6,65.0,26.5,1.7,5.0,1.8,19.444444444444443,33.18307240354219,0.9766246781882685,20.02765316663493,0.5119674027975081,3.515848841477767,70.41420118343196,0.34516765285996054,207.1005917159763
70,0.6,65.0,26.5,1.8,5.0,1.8,19.444444444444443,33.18307240354219,0.9766246781882685,21.205750411731103,0.5119674027975081,3.515848841477767,74.55621301775147,0.34516765285996054,207.1005917159763
70,0.6,65.0,26.5,1.9,5.0,1.8,19.444444444444443,33.18307240354219,0.9766246781882685,22.383847656827275,0.5119674027975081,3.515848841477767,78.69822485207101,0.34516765285996054,207.1005917159763
70,0.6,65.0,26.5,2.0,5.0,1.8,19.444444444444443,33.18307240354219,0.9766246781882685,23.561944901923447,0.5119674027975081,3.515848841477767,82.84023668639053,0.34516765285996054,207.1005917159763
75,0.6,65.0,26.5,0.1,5.0,1.8,20.833333333333332,33.18307240354219,1.0463835837731448,1.1780972450961724,0.4778362426110076,3.766980901583321,4.437869822485206,0.3698224852071006,221.89349112426035
75,0.6,65.0,26.5,0.2,5.0,1.8,20.833333333333332,33.18307240354219,1.0463835837731448,2.356194490192345,0.4778362426110076,3.766980901583321,8.875739644970412,0.3698224852071006,221.89349112426035
75,0.6,65.0,26.5,0.3,5.0,1.8,20.833333333333332,33.18307240354219,1.0463835837731448,3.534291735288517,0.4778362426110076,3.766980901583321,13.313609467455619,0.3698224852071006,221.89349112426035
75,0.6,65.0,26.5,0.4,5.0,1.8,20.833333333333332,33.18307240354219,1.0463835837731448,4.71238898038469,0.4778362426110076,3.766980901583321,17.751479289940825,0.3698224852071006,221.89349112426035
75,0.6,65.0,26.5,0.5,5.0,1.8,20.833333333333332,33.18307240354219,1.0463835837731448,5.890486225480862,0.4778362426110076,3.766980901583321,22.18934911242603,0.3698224852071006,221.89349112426035
75,0.6,65.0,26.5,0.6,5.0,1.8,20.833333333333332,33.18307240354219,1.0463835837731448,7.068583470577034,0.4778362426110076,3.766980901583321,26.627218934911237,0.3698224852071006,221.89349112426035
75,0.6,65.0,26.5,0.7,5.0,1.8,20.833333333333332,33.18307240354219,1.0463835837731448,8.246680715673206,0.4778362426110076,3.766980901583321,31.065088757396442,0.3698224852071006,221.89349112426035
75,0.6,65.0,26.5,0.8,5.0,1.8,20.833333333333332,33.18307240354219,1.0463835837731448,9.42477796076938,0.4778362426110076,3.766980901583321,35.50295857988165,0.3698224852071006,221.89349112426035
75,0.6,65.0,26.5,0.9,5.0,1.8,20.833333333333332,33.18307240354219,1.0463835837731448,10.602875205865551,0.4778362426110076,3.766980901583321,39.94082840236686,0.3698224852071006,221.89349112426035
75,0.6,65.0,26.5,1.0,5.0,1.8,20.833333333333332,33.18307240354219,1.0463835837731448,11.780972450961723,0.4778362426110076,3.766980901583321,44.37869822485206,0.3698224852071006,221.89349112426035
75,0.6,65.0,26.5,1.1,5.0,1.8,20.833333333333332,33.18307240354219,1.0463835837731448,12.959069696057897,0.4778362426110076,3.766980901583321,48.81656804733727,0.3698224852071006,221.89349112426035
75,0.6,65.0,26.5,1.2,5.0,1.8,20.833333333333332,33.18307240354219,1.0463835837731448,14.137166941154067,0.4778362426110076,3.766980901583321,53.254437869822475,0.3698224852071006,221.89349112426035
75,0.6,65.0,26.5,1.3,5.0,1.8,20.833333333333332,33.18307240354219,1.0463835837731448,15.315264186250241,0.4778362426110076,3.766980901583321,57.69230769230768,0.3698224852071006,221.89349112426035
75,0.6,65.0,26.5,1.4,5.0,1.8,20.833333333333332,33.18307240354219,1.0463835837731448,16.49336143134641,0.4778362426110076,3.766980901583321,62.130177514792884,0.3698224852071006,221.89349112426035
75,0.6,65.0,26.5,1.5,5.0,1.8,20.833333333333332,33.18307240354219,1.0463835837731448,17.671458676442587,0.4778362426110076,3.766980901583321,66.5680473372781,0.3698224852071006,221.89349112426035
75,0.6,65.0,26.5,1.6,5.0,1.8,20.833333333333332,33.18307240354219,1.0463835837731448,18.84955592153876,0.4778362426110076,3.766980901583321,71.0059171597633,0.3698224852071006,221.89349112426035
75,0.6,65.0,26.5,1.7,5.0,1.8,20.833333333333332,33.18307240354219,1.0463835837731448,20.02765316663493,0.4778362426110076,3.766980901583321,75.4437869822485,0.3698224852071006,221.89349112426035
75,0.6,65.0,26.5,1.8,5.0,1.8,20.833333333333332,33.18307240354219,1.0463835837731448,21.205750411731103,0.4778362426110076,3.766980901583321,79.88165680473372,0.3698224852071006,221.89349112426035
75,0.6,65.0,26.5,1.9,5.0,1.8,20.833333333333332,33.18307240354219,1.0463835837731448,22.383847656827275,0.4778362426110076,3.766980901583321,84.31952662721892,0.3698224852071006,221.89349112426035
75,0.6,65.0,26.5,2.0,5.0,1.8,20.833333333333332,33.18307240354219,1.0463835837731448,23.561944901923447,0.4778362426110076,3.766980901583321,88.75739644970412,0.3698224852071006,221.89349112426035
80,0.6,65.0,26.5,0.1,5.0,1.8,22.22222222222222,33.18307240354219,1.1161424893580212,1.1780972450961724,0.44797147744781957,4.018112961688876,4.733727810650888,0.39447731755424065,236.68639053254438
80,0.6,65.0,26.5,0.2,5.0,1.8,22.22222222222222,33.18307240354219,1.1161424893580212,2.356194490192345,0.44797147744781957,4.018112961688876,9.467455621301776,0.39447731755424065,236.68639053254438
80,0.6,65.0,26.5,0.3,5.0,1.8,22.22222222222222,33.18307240354219,1.1161424893580212,3.534291735288517,0.44797147744781957,4.018112961688876,14.20118343195266,0.39447731755424065,236.68639053254438
80,0.6,65.0,26.5,0.4,5.0,1.8,22.22222222222222,33.18307240354219,1.1161424893580212,4.71238898038469,0.44797147744781957,4.018112961688876,18.93491124260355,0.39447731755424065,236.68639053254438
80,0.6,65.0,26.5,0.5,5.0,1.8,22.22222222222222,33.18307240354219,1.1161424893580212,5.890486225480862,0.44797147744781957,4.018112961688876,23.668639053254438,0.39447731755424065,236.68639053254438
80,0.6,65.0,26.5,0.6,5.0,1.8,22.22222222222222,33.18307240354219,1.1161424893580212,7.068583470577034,0.44797147744781957,4.018112961688876,28.40236686390532,0.39447731755424065,236.68639053254438
80,0.6,65.0,26.5,0.7,5.0,1.8,22.22222222222222,33.18307240354219,1.1161424893580212,8.246680715673206,0.44797147744781957,4.018112961688876,33.136094674556205,0.39447731755424065,236.68639053254438
80,0.6,65.0,26.5,0.8,5.0,1.8,22.22222222222222,33.18307240354219,1.1161424893580212,9.42477796076938,0.44797147744781957,4.018112961688876,37.8698224852071,0.39447731755424065,236.68639053254438
80,0.6,65.0,26.5,0.9,5.0,1.8,22.22222222222222,33.18307240354219,1.1161424893580212,10.602875205865551,0.44797147744781957,4.018112961688876,42.603550295857985,0.39447731755424065,236.68639053254438
80,0.6,65.0,26.5,1.0,5.0,1.8,22.22222222222222,33.18307240354219,1.1161424893580212,11.780972450961723,0.44797147744781957,4.018112961688876,47.337278106508876,0.39447731755424065,236.68639053254438
80,0.6,65.0,26.5,1.1,5.0,1.8,22.22222222222222,33.18307240354219,1.1161424893580212,12.959069696057897,0.44797147744781957,4.018112961688876,52.071005917159766,0.39447731755424065,236.68639053254438
80,0.6,65.0,26.5,1.2,5.0,1.8,22.22222222222222,33.18307240354219,1.1161424893580212,14.137166941154067,0.44797147744781957,4.018112961688876,56.80473372781064,0.39447731755424065,236.68639053254438
80,0.6,65.0,26.5,1.3,5.0,1.8,22.22222222222222,33.18307240354219,1.1161424893580212,15.315264186250241,0.44797147744781957,4.018112961688876,61.53846153846153,0.39447731755424065,236.68639053254438
80,0.6,65.0,26.5,1.4,5.0,1.8,22.22222222222222,33.18307240354219,1.1161424893580212,16.49336143134641,0.44797147744781957,4.018112961688876,66.27218934911241,0.39447731755424065,236.68639053254438
80,0.6,65.0,26.5,1.5,5.0,1.8,22.22222222222222,33.18307240354219,1.1161424893580212,17.671458676442587,0.44797147744781957,4.018112961688876,71.00591715976331,0.39447731755424065,236.68639053254438
80,0.6,65.0,26.5,1.6,5.0,1.8,22.22222222222222,33.18307240354219,1.1161424893580212,18.84955592153876,0.44797147744781957,4.018112961688876,75.7396449704142,0.39447731755424065,236.68639053254438
80,0.6,65.0,26.5,1.7,5.0,1.8,22.22222222222222,33.18307240354219,1.1161424893580212,20.02765316663493,0.44797147744781957,4.018112961688876,80.4733727810651,0.39447731755424065,236.68639053254438
80,0.6,65.0,26.5,1.8,5.0,1.8,22.22222222222222,33.18307240354219,1.1161424893580212,21.205750411731103,0.44797147744781957,4.018112961688876,85.20710059171597,0.39447731755424065,236.68639053254438
80,0.6,65.0,26.5,1.9,5.0,1.8,22.22222222222222,33.18307240354219,1.1161424893580212,22.383847656827275,0.44797147744781957,4.018112961688876,89.94082840236686,0.39447731755424065,236.68639053254438
80,0.6,65.0,26.5,2.0,5.0,1.8,22.22222222222222,33.18307240354219,1.1161424893580212,23.561944901923447,0.44797147744781957,4.018112961688876,94.67455621301775,0.39447731755424065,236.68639053254438
85,0.6,65.0,26.5,0.1,5.0,1.8,23.61111111111111,33.18307240354219,1.1859013949428976,1.1780972450961724,0.42162021406853606,4.269245021794432,5.029585798816569,0.4191321499013807,251.4792899408284
85,0.6,65.0,26.5,0.2,5.0,1.8,23.61111111111111,33.18307240354219,1.1859013949428976,2.356194490192345,0.42162021406853606,4.269245021794432,10.059171597633139,0.4191321499013807,251.4792899408284
85,0.6,65.0,26.5,0.3,5.0,1.8,23.61111111111111,33.18307240354219,1.1859013949428976,3.534291735288517,0.42162021406853606,4.269245021794432,15.088757396449704,0.4191321499013807,251.4792899408284
85,0.6,65.0,26.5,0.4,5.0,1.8,23.61111111111111,33.18307240354219,1.1859013949428976,4.71238898038469,0.42162021406853606,4.269245021794432,20.118343195266277,0.4191321499013807,251.4792899408284
85,0.6,65.0,26.5,0.5,5.0,1.8,23.61111111111111,33.18307240354219,1.1859013949428976,5.890486225480862,0.42162021406853606,4.269245021794432,25.14792899408284,0.4191321499013807,251.4792899408284
85,0.6,65.0,26.5,0.6,5.0,1.8,23.61111111111111,33.18307240354219,1.1859013949428976,7.068583470577034,0.42162021406853606,4.269245021794432,30.17751479289941,0.4191321499013807,251.4792899408284
85,0.6,65.0,26.5,0.7,5.0,1.8,23.61111111111111,33.18307240354219,1.1859013949428976,8.246680715673206,0.42162021406853606,4.269245021794432,35.20710059171597,0.4191321499013807,251.4792899408284
85,0.6,65.0,26.5,0.8,5.0,1.8,23.61111111111111,33.18307240354219,1.1859013949428976,9.42477796076938,0.42162021406853606,4.269245021794432,40.236686390532554,0.4191321499013807,251.4792899408284
85,0.6,65.0,26.5,0.9,5.0,1.8,23.61111111111111,33.18307240354219,1.1859013949428976,10.602875205865551,0.42162021406853606,4.269245021794432,45.26627218934912,0.4191321499013807,251.4792899408284
85,0.6,65.0,26.5,1.0,5.0,1.8,23.61111111111111,33.18307240354219,1.1859013949428976,11.780972450961723,0.42162021406853606,4.269245021794432,50.29585798816568,0.4191321499013807,251.4792899408284
85,0.6,65.0,26.5,1.1,5.0,1.8,23.61111111111111,33.18307240354219,1.1859013949428976,12.959069696057897,0.42162021406853606,4.269245021794432,55.32544378698226,0.4191321499013807,251.4792899408284
85,0.6,65.0,26.5,1.2,5.0,1.8,23.61111111111111,33.18307240354219,1.1859013949428976,14.137166941154067,0.42162021406853606,4.269245021794432,60.35502958579882,0.4191321499013807,251.4792899408284
85,0.6,65.0,26.5,1.3,5.0,1.8,23.61111111111111,33.18307240354219,1.1859013949428976,15.315264186250241,0.42162021406853606,4.269245021794432,65.38461538461539,0.4191321499013807,251.4792899408284
85,0.6,65.0,26.5,1.4,5.0,1.8,23.61111111111111,33.18307240354219,1.1859013949428976,16.49336143134641,0.42162021406853606,4.269245021794432,70.41420118343194,0.4191321499013807,251.4792899408284
85,0.6,65.0,26.5,1.5,5.0,1.8,23.61111111111111,33.18307240354219,1.1859013949428976,17.671458676442587,0.42162021406853606,4.269245021794432,75.44378698224853,0.4191321499013807,251.4792899408284
85,0.6,65.0,26.5,1.6,5.0,1.8,23.61111111111111,33.18307240354219,1.1859013949428976,18.84955592153876,0.42162021406853606,4.269245021794432,80.47337278106511,0.4191321499013807,251.4792899408284
85,0.6,65.0,26.5,1.7,5.0,1.8,23.61111111111111,33.18307240354219,1.1859013949428976,20.02765316663493,0.42162021406853606,4.269245021794432,85.50295857988166,0.4191321499013807,251.4792899408284
85,0.6,65.0,26.5,1.8,5.0,1.8,23.61111111111111,33.18307240354219,1.1859013949428976,21.205750411731103,0.42162021406853606,4.269245021794432,90.53254437869823,0.4191321499013807,251.4792899408284
85,0.6,65.0,26.5,1.9,5.0,1.8,23.61111111111111,33.18307240354219,1.1859013949428976,22.383847656827275,0.42162021406853606,4.269245021794432,95.5621301775148,0.4191321499013807,251.4792899408284
85,0.6,65.0,26.5,2.0,5.0,1.8,23.61111111111111,33.18307240354219,1.1859013949428976,23.561944901923447,0.42162021406853606,4.269245021794432,100.59171597633136,0.4191321499013807,251.4792899408284
90,0.6,65.0,26.5,0.1,5.0,1.8,25.0,33.18307240354219,1.2556603005277738,1.1780972450961724,0.3981968688425063,4.520377081899985,5.325443786982247,0.4437869822485207,266.2721893491124
90,0.6,65.0,26.5,0.2,5.0,1.8,25.0,33.18307240354219,1.2556603005277738,2.356194490192345,0.3981968688425063,4.520377081899985,10.650887573964495,0.4437869822485207,266.2721893491124
90,0.6,65.0,26.5,0.3,5.0,1.8,25.0,33.18307240354219,1.2556603005277738,3.534291735288517,0.3981968688425063,4.520377081899985,15.976331360946741,0.4437869822485207,266.2721893491124
90,0.6,65.0,26.5,0.4,5.0,1.8,25.0,33.18307240354219,1.2556603005277738,4.71238898038469,0.3981968688425063,4.520377081899985,21.30177514792899,0.4437869822485207,266.2721893491124
90,0.6,65.0,26.5,0.5,5.0,1.8,25.0,33.18307240354219,1.2556603005277738,5.890486225480862,0.3981968688425063,4.520377081899985,26.627218934911237,0.4437869822485207,266.2721893491124
90,0.6,65.0,26.5,0.6,5.0,1.8,25.0,33.18307240354219,1.2556603005277738,7.068583470577034,0.3981968688425063,4.520377081899985,31.952662721893482,0.4437869822485207,266.2721893491124
90,0.6,65.0,26.5,0.7,5.0,1.8,25.0,33.18307240354219,1.2556603005277738,8.246680715673206,0.3981968688425063,4.520377081899985,37.27810650887573,0.4437869822485207,266.2721893491124
90,0.6,65.0,26.5,0.8,5.0,1.8,25.0,33.18307240354219,1.2556603005277738,9.42477796076938,0.3981968688425063,4.520377081899985,42.60355029585798,0.4437869822485207,266.2721893491124
90,0.6,65.0,26.5,0.9,5.0,1.8,25.0,33.18307240354219,1.2556603005277738,10.602875205865551,0.3981968688425063,4.520377081899985,47.928994082840234,0.4437869822485207,266.2721893491124
90,0.6,65.0,26.5,1.0,5.0,1.8,25.0,33.18307240354219,1.2556603005277738,11.780972450961723,0.3981968688425063,4.520377081899985,53.254437869822475,0.4437869822485207,266.2721893491124
90,0.6,65.0,26.5,1.1,5.0,1.8,25.0,33.18307240354219,1.2556603005277738,12.959069696057897,0.3981968688425063,4.520377081899985,58.57988165680473,0.4437869822485207,266.2721893491124
90,0.6,65.0,26.5,1.2,5.0,1.8,25.0,33.18307240354219,1.2556603005277738,14.137166941154067,0.3981968688425063,4.520377081899985,63.905325443786964,0.4437869822485207,266.2721893491124
90,0.6,65.0,26.5,1.3,5.0,1.8,25.0,33.18307240354219,1.2556603005277738,15.315264186250241,0.3981968688425063,4.520377081899985,69.23076923076923,0.4437869822485207,266.2721893491124
90,0.6,65.0,26.5,1.4,5.0,1.8,25.0,33.18307240354219,1.2556603005277738,16.49336143134641,0.3981968688425063,4.520377081899985,74.55621301775146,0.4437869822485207,266.2721893491124
90,0.6,65.0,26.5,1.5,5.0,1.8,25.0,33.18307240354219,1.2556603005277738,17.671458676442587,0.3981968688425063,4.520377081899985,79.88165680473372,0.4437869822485207,266.2721893491124
90,0.6,65.0,26.5,1.6,5.0,1.8,25.0,33.18307240354219,1.2556603005277738,18.84955592153876,0.3981968688425063,4.520377081899985,85.20710059171596,0.4437869822485207,266.2721893491124
90,0.6,65.0,26.5,1.7,5.0,1.8,25.0,33.18307240354219,1.2556603005277738,20.02765316663493,0.3981968688425063,4.520377081899985,90.5325443786982,0.4437869822485207,266.2721893491124
90,0.6,65.0,26.5,1.8,5.0,1.8,25.0,33.18307240354219,1.2556603005277738,21.205750411731103,0.3981968688425063,4.520377081899985,95.85798816568047,0.4437869822485207,266.2721893491124
90,0.6,65.0,26.5,1.9,5.0,1.8,25.0,33.18307240354219,1.2556603005277738,22.383847656827275,0.3981968688425063,4.520377081899985,101.1834319526627,0.4437869822485207,266.2721893491124
90,0.6,65.0,26.5,2.0,5.0,1.8,25.0,33.18307240354219,1.2556603005277738,23.561944901923447,0.3981968688425063,4.520377081899985,106.50887573964495,0.4437869822485207,266.2721893491124
95,0.6,65.0,26.5,0.1,5.0,1.8,26.38888888888889,33.18307240354219,1.3254192061126502,1.1780972450961724,0.37723913890342703,4.771509142005541,5.621301775147929,0.46844181459566075,281.06508875739644
95,0.6,65.0,26.5,0.2,5.0,1.8,26.38888888888889,33.18307240354219,1.3254192061126502,2.356194490192345,0.37723913890342703,4.771509142005541,11.242603550295858,0.46844181459566075,281.06508875739644
95,0.6,65.0,26.5,0.3,5.0,1.8,26.38888888888889,33.18307240354219,1.3254192061126502,3.534291735288517,0.37723913890342703,4.771509142005541,16.863905325443785,0.46844181459566075,281.06508875739644
95,0.6,65.0,26.5,0.4,5.0,1.8,26.38888888888889,33.18307240354219,1.3254192061126502,4.71238898038469,0.37723913890342703,4.771509142005541,22.485207100591715,0.46844181459566075,281.06508875739644
95,0.6,65.0,26.5,0.5,5.0,1.8,26.38888888888889,33.18307240354219,1.3254192061126502,5.890486225480862,0.37723913890342703,4.771509142005541,28.106508875739642,0.46844181459566075,281.06508875739644
95,0.6,65.0,26.5,0.6,5.0,1.8,26.38888888888889,33.18307240354219,1.3254192061126502,7.068583470577034,0.37723913890342703,4.771509142005541,33.72781065088757,0.46844181459566075,281.06508875739644
95,0.6,65.0,26.5,0.7,5.0,1.8,26.38888888888889,33.18307240354219,1.3254192061126502,8.246680715673206,0.37723913890342703,4.771509142005541,39.3491124260355,0.46844181459566075,281.06508875739644
95,0.6,65.0,26.5,0.8,5.0,1.8,26.38888888888889,33.18307240354219,1.3254192061126502,9.42477796076938,0.37723913890342703,4.771509142005541,44.97041420118343,0.46844181459566075,281.06508875739644
95,0.6,65.0,26.5,0.9,5.0,1.8,26.38888888888889,33.18307240354219,1.3254192061126502,10.602875205865551,0.37723913890342703,4.771509142005541,50.59171597633136,0.46844181459566075,281.06508875739644
95,0.6,65.0,26.5,1.0,5.0,1.8,26.38888888888889,33.18307240354219,1.3254192061126502,11.780972450961723,0.37723913890342703,4.771509142005541,56.213017751479285,0.46844181459566075,281.06508875739644
95,0.6,65.0,26.5,1.1,5.0,1.8,26.38888888888889,33.18307240354219,1.3254192061126502,12.959069696057897,0.37723913890342703,4.771509142005541,61.83431952662722,0.46844181459566075,281.06508875739644
95,0.6,65.0,26.5,1.2,5.0,1.8,26.38888888888889,33.18307240354219,1.3254192061126502,14.137166941154067,0.37723913890342703,4.771509142005541,67.45562130177514,0.46844181459566075,281.06508875739644
95,0.6,65.0,26.5,1.3,5.0,1.8,26.38888888888889,33.18307240354219,1.3254192061126502,15.315264186250241,0.37723913890342703,4.771509142005541,73.07692307692307,0.46844181459566075,281.06508875739644
95,0.6,65.0,26.5,1.4,5.0,1.8,26.38888888888889,33.18307240354219,1.3254192061126502,16.49336143134641,0.37723913890342703,4.771509142005541,78.698224852071,0.46844181459566075,281.06508875739644
95,0.6,65.0,26.5,1.5,5.0,1.8,26.38888888888889,33.18307240354219,1.3254192061126502,17.671458676442587,0.37723913890342703,4.771509142005541,84.31952662721893,0.46844181459566075,281.06508875739644
95,0.6,65.0,26.5,1.6,5.0,1.8,26.38888888888889,33.18307240354219,1.3254192061126502,18.84955592153876,0.37723913890342703,4.771509142005541,89.94082840236686,0.46844181459566075,281.06508875739644
95,0.6,65.0,26.5,1.7,5.0,1.8,26.38888888888889,33.18307240354219,1.3254192061126502,20.02765316663493,0.37723913890342703,4.771509142005541,95.56213017751479,0.46844181459566075,281.06508875739644
95,0.6,65.0,26.5,1.8,5.0,1.8,26.38888888888889,33.18307240354219,1.3254192061126502,21.205750411731103,0.37723913890342703,4.771509142005541,101.18343195266272,0.46844181459566075,281.06508875739644
95,0.6,65.0,26.5,1.9,5.0,1.8,26.38888888888889,33.18307240354219,1.3254192061126502,22.383847656827275,0.37723913890342703,4.771509142005541,106.80473372781064,0.46844181459566075,281.06508875739644
95,0.6,65.0,26.5,2.0,5.0,1.8,26.38888888888889,33.18307240354219,1.3254192061126502,23.561944901923447,0.37723913890342703,4.771509142005541,112.42603550295857,0.46844181459566075,281.06508875739644
100,0.6,65.0,26.5,0.1,5.0,1.8,27.77777777777778,33.18307240354219,1.3951781116975266,1.1780972450961724,0.35837718195825563,5.022641202111096,5.91715976331361,0.4930966469428008,295.85798816568047
100,0.6,65.0,26.5,0.2,5.0,1.8,27.77777777777778,33.18307240354219,1.3951781116975266,2.356194490192345,0.35837718195825563,5.022641202111096,11.83431952662722,0.4930966469428008,295.85798816568047
100,0.6,65.0,26.5,0.3,5.0,1.8,27.77777777777778,33.18307240354219,1.3951781116975266,3.534291735288517,0.35837718195825563,5.022641202111096,17.75147928994083,0.4930966469428008,295.85798816568047
100,0.6,65.0,26.5,0.4,5.0,1.8,27.77777777777778,33.18307240354219,1.3951781116975266,4.71238898038469,0.35837718195825563,5.022641202111096,23.66863905325444,0.4930966469428008,295.85798816568047
100,0.6,65.0,26.5,0.5,5.0,1.8,27.77777777777778,33.18307240354219,1.3951781116975266,5.890486225480862,0.35837718195825563,5.022641202111096,29.58579881656805,0.4930966469428008,295.85798816568047
100,0.6,65.0,26.5,0.6,5.0,1.8,27.77777777777778,33.18307240354219,1.3951781116975266,7.068583470577034,0.35837718195825563,5.022641202111096,35.50295857988166,0.4930966469428008,295.85798816568047
100,0.6,65.0,26.5,0.7,5.0,1.8,27.77777777777778,33.18307240354219,1.3951781116975266,8.246680715673206,0.35837718195825563,5.022641202111096,41.42011834319526,0.4930966469428008,295.85798816568047
100,0.6,65.0,26.5,0.8,5.0,1.8,27.77777777777778,33.18307240354219,1.3951781116975266,9.42477796076938,0.35837718195825563,5.022641202111096,47.33727810650888,0.4930966469428008,295.85798816568047
100,0.6,65.0,26.5,0.9,5.0,1.8,27.77777777777778,33.18307240354219,1.3951781116975266,10.602875205865551,0.35837718195825563,5.022641202111096,53.25443786982249,0.4930966469428008,295.85798816568047
100,0.6,65.0,26.5,1.0,5.0,1.8,27.77777777777778,33.18307240354219,1.3951781116975266,11.780972450961723,0.35837718195825563,5.022641202111096,59.1715976331361,0.4930966469428008,295.85798816568047
100,0.6,65.0,26.5,1.1,5.0,1.8,27.77777777777778,33.18307240354219,1.3951781116975266,12.959069696057897,0.35837718195825563,5.022641202111096,65.08875739644972,0.4930966469428008,295.85798816568047
100,0.6,65.0,26.5,1.2,5.0,1.8,27.77777777777778,33.18307240354219,1.3951781116975266,14.137166941154067,0.35837718195825563,5.022641202111096,71.00591715976331,0.4930966469428008,295.85798816568047
100,0.6,65.0,26.5,1.3,5.0,1.8,27.77777777777778,33.18307240354219,1.3951781116975266,15.315264186250241,0.35837718195825563,5.022641202111096,76.92307692307693,0.4930966469428008,295.85798816568047
100,0.6,65.0,26.5,1.4,5.0,1.8,27.77777777777778,33.18307240354219,1.3951781116975266,16.49336143134641,0.35837718195825563,5.022641202111096,82.84023668639053,0.4930966469428008,295.85798816568047
100,0.6,65.0,26.5,1.5,5.0,1.8,27.77777777777778,33.18307240354219,1.3951781116975266,17.671458676442587,0.35837718195825563,5.022641202111096,88.75739644970415,0.4930966469428008,295.85798816568047
100,0.6,65.0,26.5,1.6,5.0,1.8,27.77777777777778,33.18307240354219,1.3951781116975266,18.84955592153876,0.35837718195825563,5.022641202111096,94.67455621301777,0.4930966469428008,295.85798816568047
100,0.6,65.0,26.5,1.7,5.0,1.8,27.77777777777778,33.18307240354219,1.3951781116975266,20.02765316663493,0.35837718195825563,5.022641202111096,100.59171597633136,0.4930966469428008,295.85798816568047
100,0.6,65.0,26.5,1.8,5.0,1.8,27.77777777777778,33.18307240354219,1.3951781116975266,21.205750411731103,0.35837718195825563,5.022641202111096,106.50887573964498,0.4930966469428008,295.85798816568047
100,0.6,65.0,26.5,1.9,5.0,1.8,27.77777777777778,33.18307240354219,1.3951781116975266,22.383847656827275,0.35837718195825563,5.022641202111096,112.42603550295858,0.4930966469428008,295.85798816568047
100,0.6,65.0,26.5,2.0,5.0,1.8,27.77777777777778,33.18307240354219,1.3951781116975266,23.561944901923447,0.35837718195825563,5.022641202111096,118.3431952662722,0.4930966469428008,295.85798816568047
