setup,pipe_diameter_cm,pipe_area_cm2,total_rig_height_cm,maintained_fill_fraction,filled_height_cm,probe_height_from_bottom_cm,probe_submergence_cm,probe_is_covered,coverage_factor,nir_spot_diameter_cm,nir_spot_area_cm2,measurement_depth_cm,bulk_density_g_per_cm3,throughput_kg,throughput_time_s,mass_flow_g_s,vol_flow_cm3_s,velocity_source,velocity_cm_s,velocity_mm_s,acquisition_time_s,axial_length_model,axial_sampling_length_cm,advance_dz_cm_per_acq,raw_refresh_fraction_per_acq,refresh_fraction_per_acq,probe_volume_cm3,probe_mass_g_instant,probe_mass_mg_instant,new_mass_g_per_acq,new_mass_mg_per_acq,mass_passed_g_per_acq,mass_passed_mg_per_acq,mass_time_exposure_g_s,mass_time_exposure_mg_s,effective_sample_size_mg
E,10.0,78.53981633974483,80.0,0.5,40.0,20.0,20.0,True,1.0,2.5,4.908738521234052,0.1,0.3,95.0,3600.0,26.38888888888889,87.96296296296296,derived_from_throughput,1.1199792291651893,11.199792291651892,0.1,spot_diameter,2.5,0.11199792291651894,0.044799169166607575,0.044799169166607575,0.49087385212340523,0.14726215563702155,147.26215563702155,0.006597222222222222,6.597222222222222,0.16493055555555558,164.93055555555557,0.014726215563702155,14.726215563702155,6.597222222222222
E,10.0,78.53981633974483,80.0,0.5,40.0,20.0,20.0,True,1.0,2.5,4.908738521234052,0.1,0.3,95.0,3600.0,26.38888888888889,87.96296296296296,derived_from_throughput,1.1199792291651893,11.199792291651892,0.35789473684210527,spot_diameter,2.5,0.40083467149069935,0.16033386859627974,0.16033386859627974,0.49087385212340523,0.14726215563702155,147.26215563702155,0.02361111111111111,23.61111111111111,0.5902777777777778,590.2777777777778,0.05270435043851298,52.70435043851298,23.61111111111111
E,10.0,78.53981633974483,80.0,0.5,40.0,20.0,20.0,True,1.0,2.5,4.908738521234052,0.1,0.3,95.0,3600.0,26.38888888888889,87.96296296296296,derived_from_throughput,1.1199792291651893,11.199792291651892,0.6157894736842106,spot_diameter,2.5,0.6896714200648798,0.27586856802595194,0.27586856802595194,0.49087385212340523,0.14726215563702155,147.26215563702155,0.040625,40.625,1.015625,1015.625,0.0906824853133238,90.68248531332381,40.625
E,10.0,78.53981633974483,80.0,0.5,40.0,20.0,20.0,True,1.0,2.5,4.908738521234052,0.1,0.3,95.0,3600.0,26.38888888888889,87.96296296296296,derived_from_throughput,1.1199792291651893,11.199792291651892,0.8736842105263158,spot_diameter,2.5,0.9785081686390602,0.3914032674556241,0.3914032674556241,0.49087385212340523,0.14726215563702155,147.26215563702155,0.057638888888888885,57.638888888888886,1.4409722222222223,1440.9722222222224,0.12866062018813462,128.66062018813463,57.638888888888886
E,10.0,78.53981633974483,80.0,0.5,40.0,20.0,20.0,True,1.0,2.5,4.908738521234052,0.1,0.3,95.0,3600.0,26.38888888888889,87.96296296296296,derived_from_throughput,1.1199792291651893,11.199792291651892,1.1315789473684212,spot_diameter,2.5,1.2673449172132407,0.5069379668852962,0.5069379668852962,0.49087385212340523,0.14726215563702155,147.26215563702155,0.07465277777777778,74.65277777777777,1.8663194444444449,1866.3194444444448,0.16663875506294548,166.63875506294548,74.65277777777777
E,10.0,78.53981633974483,80.0,0.5,40.0,20.0,20.0,True,1.0,2.5,4.908738521234052,0.1,0.3,95.0,3600.0,26.38888888888889,87.96296296296296,derived_from_throughput,1.1199792291651893,11.199792291651892,1.3894736842105266,spot_diameter,2.5,1.5561816657874212,0.6224726663149684,0.6224726663149684,0.49087385212340523,0.14726215563702155,147.26215563702155,0.09166666666666666,91.66666666666666,2.2916666666666674,2291.6666666666674,0.2046168899377563,204.61688993775633,91.66666666666666
E,10.0,78.53981633974483,80.0,0.5,40.0,20.0,20.0,True,1.0,2.5,4.908738521234052,0.1,0.3,95.0,3600.0,26.38888888888889,87.96296296296296,derived_from_throughput,1.1199792291651893,11.199792291651892,1.6473684210526318,spot_diameter,2.5,1.8450184143616015,0.7380073657446407,0.7380073657446407,0.49087385212340523,0.14726215563702155,147.26215563702155,0.10868055555555556,108.68055555555556,2.7170138888888893,2717.013888888889,0.24259502481256712,242.59502481256712,108.68055555555556
E,10.0,78.53981633974483,80.0,0.5,40.0,20.0,20.0,True,1.0,2.5,4.908738521234052,0.1,0.3,95.0,3600.0,26.38888888888889,87.96296296296296,derived_from_throughput,1.1199792291651893,11.199792291651892,1.905263157894737,spot_diameter,2.5,2.133855162935782,0.8535420651743127,0.8535420651743127,0.49087385212340523,0.14726215563702155,147.26215563702155,0.12569444444444444,125.69444444444444,3.1423611111111116,3142.3611111111118,0.28057315968737795,280.57315968737794,125.69444444444444
E,10.0,78.53981633974483,80.0,0.5,40.0,20.0,20.0,True,1.0,2.5,4.908738521234052,0.1,0.3,95.0,3600.0,26.38888888888889,87.96296296296296,derived_from_throughput,1.1199792291651893,11.199792291651892,2.1631578947368424,spot_diameter,2.5,2.4226919115099625,0.9690767646039851,0.9690767646039851,0.49087385212340523,0.14726215563702155,147.26215563702155,0.14270833333333335,142.70833333333334,3.567708333333334,3567.708333333334,0.3185512945621888,318.5512945621888,142.70833333333334
E,10.0,78.53981633974483,80.0,0.5,40.0,20.0,20.0,True,1.0,2.5,4.908738521234052,0.1,0.3,95.0,3600.0,26.38888888888889,87.96296296296296,derived_from_throughput,1.1199792291651893,11.199792291651892,2.421052631578948,spot_diameter,2.5,2.711528660084143,1.0,1.0,0.49087385212340523,0.14726215563702155,147.26215563702155,0.14726215563702155,147.26215563702155,3.9930555555555562,3993.055555555556,0.3565294294369996,356.52942943699964,147.26215563702155
E,10.0,78.53981633974483,80.0,0.5,40.0,20.0,20.0,True,1.0,2.5,4.908738521234052,0.1,0.3,95.0,3600.0,26.38888888888889,87.96296296296296,derived_from_throughput,1.1199792291651893,11.199792291651892,2.678947368421053,spot_diameter,2.5,3.0003654086583236,1.0,1.0,0.49087385212340523,0.14726215563702155,147.26215563702155,0.14726215563702155,147.26215563702155,4.418402777777779,4418.402777777778,0.39450756431181044,394.5075643118104,147.26215563702155
E,10.0,78.53981633974483,80.0,0.5,40.0,20.0,20.0,True,1.0,2.5,4.908738521234052,0.1,0.3,95.0,3600.0,26.38888888888889,87.96296296296296,derived_from_throughput,1.1199792291651893,11.199792291651892,2.936842105263158,spot_diameter,2.5,3.289202157232504,1.0,1.0,0.49087385212340523,0.14726215563702155,147.26215563702155,0.14726215563702155,147.26215563702155,4.843750000000001,4843.750000000001,0.4324856991866212,432.4856991866212,147.26215563702155
E,10.0,78.53981633974483,80.0,0.5,40.0,20.0,20.0,True,1.0,2.5,4.908738521234052,0.1,0.3,95.0,3600.0,26.38888888888889,87.96296296296296,derived_from_throughput,1.1199792291651893,11.199792291651892,3.1947368421052635,spot_diameter,2.5,3.578038905806684,1.0,1.0,0.49087385212340523,0.14726215563702155,147.26215563702155,0.14726215563702155,147.26215563702155,5.269097222222223,5269.0972222222235,0.47046383406143205,470.46383406143207,147.26215563702155
E,10.0,78.53981633974483,80.0,0.5,40.0,20.0,20.0,True,1.0,2.5,4.908738521234052,0.1,0.3,95.0,3600.0,26.38888888888889,87.96296296296296,derived_from_throughput,1.1199792291651893,11.199792291651892,3.452631578947369,spot_diameter,2.5,3.866875654380865,1.0,1.0,0.49087385212340523,0.14726215563702155,147.26215563702155,0.14726215563702155,147.26215563702155,5.6944444444444455,5694.444444444445,0.5084419689362429,508.4419689362429,147.26215563702155
E,10.0,78.53981633974483,80.0,0.5,40.0,20.0,20.0,True,1.0,2.5,4.908738521234052,0.1,0.3,95.0,3600.0,26.38888888888889,87.96296296296296,derived_from_throughput,1.1199792291651893,11.199792291651892,3.710526315789474,spot_diameter,2.5,4.155712402955045,1.0,1.0,0.49087385212340523,0.14726215563702155,147.26215563702155,0.14726215563702155,147.26215563702155,6.119791666666667,6119.791666666667,0.5464201038110537,546.4201038110537,147.26215563702155
E,10.0,78.53981633974483,80.0,0.5,40.0,20.0,20.0,True,1.0,2.5,4.908738521234052,0.1,0.3,95.0,3600.0,26.38888888888889,87.96296296296296,derived_from_throughput,1.1199792291651893,11.199792291651892,3.9684210526315793,spot_diameter,2.5,4.444549151529225,1.0,1.0,0.49087385212340523,0.14726215563702155,147.26215563702155,0.14726215563702155,147.26215563702155,6.545138888888889,6545.13888888889,0.5843982386858645,584.3982386858645,147.26215563702155
E,10.0,78.53981633974483,80.0,0.5,40.0,20.0,20.0,True,1.0,2.5,4.908738521234052,0.1,0.3,95.0,3600.0,26.38888888888889,87.96296296296296,derived_from_throughput,1.1199792291651893,11.199792291651892,4.226315789473684,spot_diameter,2.5,4.733385900103405,1.0,1.0,0.49087385212340523,0.14726215563702155,147.26215563702155,0.14726215563702155,147.26215563702155,6.970486111111112,6970.486111111111,0.6223763735606753,622.3763735606753,147.26215563702155
E,10.0,78.53981633974483,80.0,0.5,40.0,20.0,20.0,True,1.0,2.5,4.908738521234052,0.1,0.3,95.0,3600.0,26.38888888888889,87.96296296296296,derived_from_throughput,1.1199792291651893,11.199792291651892,4.484210526315789,spot_diameter,2.5,5.022222648677586,1.0,1.0,0.49087385212340523,0.14726215563702155,147.26215563702155,0.14726215563702155,147.26215563702155,7.395833333333333,7395.833333333333,0.660354508435486,660.3545084354861,147.26215563702155
E,10.0,78.53981633974483,80.0,0.5,40.0,20.0,20.0,True,1.0,2.5,4.908738521234052,0.1,0.3,95.0,3600.0,26.38888888888889,87.96296296296296,derived_from_throughput,1.1199792291651893,11.199792291651892,4.742105263157895,spot_diameter,2.5,5.311059397251767,1.0,1.0,0.49087385212340523,0.14726215563702155,147.26215563702155,0.14726215563702155,147.26215563702155,7.821180555555556,7821.180555555557,0.698332643310297,698.3326433102969,147.26215563702155
E,10.0,78.53981633974483,80.0,0.5,40.0,20.0,20.0,True,1.0,2.5,4.908738521234052,0.1,0.3,95.0,3600.0,26.38888888888889,87.96296296296296,derived_from_throughput,1.1199792291651893,11.199792291651892,5.0,spot_diameter,2.5,5.599896145825946,1.0,1.0,0.49087385212340523,0.14726215563702155,147.26215563702155,0.14726215563702155,147.26215563702155,8.246527777777779,8246.52777777778,0.7363107781851077,736.3107781851077,147.26215563702155
E,10.0,78.53981633974483,80.0,0.5,40.0,20.0,20.0,True,1.0,2.5,4.908738521234052,0.1,0.3,10.0,3600.0,2.7777777777777777,9.25925925925926,derived_from_throughput,0.11789255043844099,1.1789255043844098,0.1,spot_diameter,2.5,0.0117892550438441,0.00471570201753764,0.00471570201753764,0.49087385212340523,0.14726215563702155,147.26215563702155,0.0006944444444444445,0.6944444444444444,0.017361111111111115,17.361111111111114,0.014726215563702155,14.726215563702155,0.6944444444444444
E,10.0,78.53981633974483,80.0,0.5,40.0,20.0,20.0,True,1.0,2.5,4.908738521234052,0.1,0.3,10.0,3600.0,2.7777777777777777,9.25925925925926,derived_from_throughput,0.11789255043844099,1.1789255043844098,0.35789473684210527,spot_diameter,2.5,0.04219312331481046,0.016877249325924184,0.016877249325924184,0.49087385212340523,0.14726215563702155,147.26215563702155,0.002485380116959064,2.485380116959064,0.06213450292397662,62.13450292397662,0.05270435043851298,52.70435043851298,2.485380116959064
E,10.0,78.53981633974483,80.0,0.5,40.0,20.0,20.0,True,1.0,2.5,4.908738521234052,0.1,0.3,10.0,3600.0,2.7777777777777777,9.25925925925926,derived_from_throughput,0.11789255043844099,1.1789255043844098,0.6157894736842106,spot_diameter,2.5,0.07259699158577683,0.02903879663431073,0.02903879663431073,0.49087385212340523,0.14726215563702155,147.26215563702155,0.0042763157894736845,4.276315789473684,0.10690789473684212,106.90789473684212,0.0906824853133238,90.68248531332381,4.276315789473684
E,10.0,78.53981633974483,80.0,0.5,40.0,20.0,20.0,True,1.0,2.5,4.908738521234052,0.1,0.3,10.0,3600.0,2.7777777777777777,9.25925925925926,derived_from_throughput,0.11789255043844099,1.1789255043844098,0.8736842105263158,spot_diameter,2.5,0.10300085985674319,0.041200343942697275,0.041200343942697275,0.49087385212340523,0.14726215563702155,147.26215563702155,0.0060672514619883045,6.067251461988304,0.15168128654970764,151.68128654970764,0.12866062018813462,128.66062018813463,6.067251461988304
E,10.0,78.53981633974483,80.0,0.5,40.0,20.0,20.0,True,1.0,2.5,4.908738521234052,0.1,0.3,10.0,3600.0,2.7777777777777777,9.25925925925926,derived_from_throughput,0.11789255043844099,1.1789255043844098,1.1315789473684212,spot_diameter,2.5,0.13340472812770957,0.05336189125108383,0.05336189125108383,0.49087385212340523,0.14726215563702155,147.26215563702155,0.007858187134502925,7.858187134502925,0.19645467836257316,196.45467836257316,0.16663875506294548,166.63875506294548,7.858187134502925
E,10.0,78.53981633974483,80.0,0.5,40.0,20.0,20.0,True,1.0,2.5,4.908738521234052,0.1,0.3,10.0,3600.0,2.7777777777777777,9.25925925925926,derived_from_throughput,0.11789255043844099,1.1789255043844098,1.3894736842105266,spot_diameter,2.5,0.16380859639867595,0.06552343855947038,0.06552343855947038,0.49087385212340523,0.14726215563702155,147.26215563702155,0.009649122807017546,9.649122807017546,0.24122807017543868,241.2280701754387,0.2046168899377563,204.61688993775633,9.649122807017546
E,10.0,78.53981633974483,80.0,0.5,40.0,20.0,20.0,True,1.0,2.5,4.908738521234052,0.1,0.3,10.0,3600.0,2.7777777777777777,9.25925925925926,derived_from_throughput,0.11789255043844099,1.1789255043844098,1.6473684210526318,spot_diameter,2.5,0.1942124646696423,0.07768498586785691,0.07768498586785691,0.49087385212340523,0.14726215563702155,147.26215563702155,0.011440058479532163,11.440058479532164,0.2860014619883042,286.0014619883042,0.24259502481256712,242.59502481256712,11.440058479532164
E,10.0,78.53981633974483,80.0,0.5,40.0,20.0,20.0,True,1.0,2.5,4.908738521234052,0.1,0.3,10.0,3600.0,2.7777777777777777,9.25925925925926,derived_from_throughput,0.11789255043844099,1.1789255043844098,1.905263157894737,spot_diameter,2.5,0.22461633294060865,0.08984653317624346,0.08984653317624346,0.49087385212340523,0.14726215563702155,147.26215563702155,0.013230994152046784,13.230994152046785,0.33077485380116967,330.7748538011697,0.28057315968737795,280.57315968737794,13.230994152046785
E,10.0,78.53981633974483,80.0,0.5,40.0,20.0,20.0,True,1.0,2.5,4.908738521234052,0.1,0.3,10.0,3600.0,2.7777777777777777,9.25925925925926,derived_from_throughput,0.11789255043844099,1.1789255043844098,2.1631578947368424,spot_diameter,2.5,0.25502020121157504,0.10200808048463002,0.10200808048463002,0.49087385212340523,0.14726215563702155,147.26215563702155,0.015021929824561407,15.021929824561408,0.37554824561403516,375.5482456140352,0.3185512945621888,318.5512945621888,15.021929824561408
E,10.0,78.53981633974483,80.0,0.5,40.0,20.0,20.0,True,1.0,2.5,4.908738521234052,0.1,0.3,10.0,3600.0,2.7777777777777777,9.25925925925926,derived_from_throughput,0.11789255043844099,1.1789255043844098,2.421052631578948,spot_diameter,2.5,0.2854240694825414,0.11416962779301656,0.11416962779301656,0.49087385212340523,0.14726215563702155,147.26215563702155,0.016812865497076026,16.812865497076025,0.4203216374269007,420.3216374269007,0.3565294294369996,356.52942943699964,16.812865497076025
E,10.0,78.53981633974483,80.0,0.5,40.0,20.0,20.0,True,1.0,2.5,4.908738521234052,0.1,0.3,10.0,3600.0,2.7777777777777777,9.25925925925926,derived_from_throughput,0.11789255043844099,1.1789255043844098,2.678947368421053,spot_diameter,2.5,0.31582793775350776,0.1263311751014031,0.1263311751014031,0.49087385212340523,0.14726215563702155,147.26215563702155,0.018603801169590647,18.603801169590646,0.46509502923976626,465.09502923976623,0.39450756431181044,394.5075643118104,18.603801169590646
E,10.0,78.53981633974483,80.0,0.5,40.0,20.0,20.0,True,1.0,2.5,4.908738521234052,0.1,0.3,10.0,3600.0,2.7777777777777777,9.25925925925926,derived_from_throughput,0.11789255043844099,1.1789255043844098,2.936842105263158,spot_diameter,2.5,0.3462318060244741,0.13849272240978966,0.13849272240978966,0.49087385212340523,0.14726215563702155,147.26215563702155,0.020394736842105268,20.394736842105267,0.5098684210526316,509.8684210526316,0.4324856991866212,432.4856991866212,20.394736842105267
E,10.0,78.53981633974483,80.0,0.5,40.0,20.0,20.0,True,1.0,2.5,4.908738521234052,0.1,0.3,10.0,3600.0,2.7777777777777777,9.25925925925926,derived_from_throughput,0.11789255043844099,1.1789255043844098,3.1947368421052635,spot_diameter,2.5,0.3766356742954405,0.1506542697181762,0.1506542697181762,0.49087385212340523,0.14726215563702155,147.26215563702155,0.022185672514619885,22.185672514619885,0.5546418128654972,554.6418128654972,0.47046383406143205,470.46383406143207,22.185672514619885
E,10.0,78.53981633974483,80.0,0.5,40.0,20.0,20.0,True,1.0,2.5,4.908738521234052,0.1,0.3,10.0,3600.0,2.7777777777777777,9.25925925925926,derived_from_throughput,0.11789255043844099,1.1789255043844098,3.452631578947369,spot_diameter,2.5,0.40703954256640684,0.16281581702656273,0.16281581702656273,0.49087385212340523,0.14726215563702155,147.26215563702155,0.023976608187134502,23.976608187134502,0.5994152046783627,599.4152046783628,0.5084419689362429,508.4419689362429,23.976608187134502
E,10.0,78.53981633974483,80.0,0.5,40.0,20.0,20.0,True,1.0,2.5,4.908738521234052,0.1,0.3,10.0,3600.0,2.7777777777777777,9.25925925925926,derived_from_throughput,0.11789255043844099,1.1789255043844098,3.710526315789474,spot_diameter,2.5,0.43744341083737315,0.17497736433494926,0.17497736433494926,0.49087385212340523,0.14726215563702155,147.26215563702155,0.025767543859649123,25.767543859649123,0.6441885964912282,644.1885964912282,0.5464201038110537,546.4201038110537,25.767543859649123
E,10.0,78.53981633974483,80.0,0.5,40.0,20.0,20.0,True,1.0,2.5,4.908738521234052,0.1,0.3,10.0,3600.0,2.7777777777777777,9.25925925925926,derived_from_throughput,0.11789255043844099,1.1789255043844098,3.9684210526315793,spot_diameter,2.5,0.46784727910833956,0.18713891164333582,0.18713891164333582,0.49087385212340523,0.14726215563702155,147.26215563702155,0.027558479532163744,27.558479532163744,0.6889619883040937,688.9619883040937,0.5843982386858645,584.3982386858645,27.558479532163744
E,10.0,78.53981633974483,80.0,0.5,40.0,20.0,20.0,True,1.0,2.5,4.908738521234052,0.1,0.3,10.0,3600.0,2.7777777777777777,9.25925925925926,derived_from_throughput,0.11789255043844099,1.1789255043844098,4.226315789473684,spot_diameter,2.5,0.49825114737930587,0.19930045895172235,0.19930045895172235,0.49087385212340523,0.14726215563702155,147.26215563702155,0.02934941520467836,29.349415204678362,0.7337353801169592,733.7353801169592,0.6223763735606753,622.3763735606753,29.349415204678362
E,10.0,78.53981633974483,80.0,0.5,40.0,20.0,20.0,True,1.0,2.5,4.908738521234052,0.1,0.3,10.0,3600.0,2.7777777777777777,9.25925925925926,derived_from_throughput,0.11789255043844099,1.1789255043844098,4.484210526315789,spot_diameter,2.5,0.5286550156502722,0.21146200626010886,0.21146200626010886,0.49087385212340523,0.14726215563702155,147.26215563702155,0.031140350877192975,31.140350877192976,0.7785087719298246,778.5087719298245,0.660354508435486,660.3545084354861,31.140350877192976
E,10.0,78.53981633974483,80.0,0.5,40.0,20.0,20.0,True,1.0,2.5,4.908738521234052,0.1,0.3,10.0,3600.0,2.7777777777777777,9.25925925925926,derived_from_throughput,0.11789255043844099,1.1789255043844098,4.742105263157895,spot_diameter,2.5,0.5590588839212386,0.22362355356849545,0.22362355356849545,0.49087385212340523,0.14726215563702155,147.26215563702155,0.0329312865497076,32.9312865497076,0.8232821637426903,823.2821637426903,0.698332643310297,698.3326433102969,32.9312865497076
E,10.0,78.53981633974483,80.0,0.5,40.0,20.0,20.0,True,1.0,2.5,4.908738521234052,0.1,0.3,10.0,3600.0,2.7777777777777777,9.25925925925926,derived_from_throughput,0.11789255043844099,1.1789255043844098,5.0,spot_diameter,2.5,0.5894627521922049,0.23578510087688195,0.23578510087688195,0.49087385212340523,0.14726215563702155,147.26215563702155,0.03472222222222222,34.722222222222214,0.8680555555555557,868.0555555555557,0.7363107781851077,736.3107781851077,34.722222222222214
E,10.0,78.53981633974483,80.0,0.5,40.0,20.0,20.0,True,1.0,2.5,4.908738521234052,0.1,0.3,14.210526315789473,3600.0,3.9473684210526314,13.157894736842104,derived_from_throughput,0.16753151904410035,1.6753151904410035,0.1,spot_diameter,2.5,0.016753151904410037,0.006701260761764015,0.006701260761764015,0.49087385212340523,0.14726215563702155,147.26215563702155,0.000986842105263158,0.986842105263158,0.02467105263157895,24.671052631578952,0.014726215563702155,14.726215563702155,0.986842105263158
E,10.0,78.53981633974483,80.0,0.5,40.0,20.0,20.0,True,1.0,2.5,4.908738521234052,0.1,0.3,14.210526315789473,3600.0,3.9473684210526314,13.157894736842104,derived_from_throughput,0.16753151904410035,1.6753151904410035,0.35789473684210527,spot_diameter,2.5,0.059958648921046444,0.023983459568418578,0.023983459568418578,0.49087385212340523,0.14726215563702155,147.26215563702155,0.0035318559556786703,3.53185595567867,0.08829639889196676,88.29639889196676,0.05270435043851298,52.70435043851298,3.53185595567867
E,10.0,78.53981633974483,80.0,0.5,40.0,20.0,20.0,True,1.0,2.5,4.908738521234052,0.1,0.3,14.210526315789473,3600.0,3.9473684210526314,13.157894736842104,derived_from_throughput,0.16753151904410035,1.6753151904410035,0.6157894736842106,spot_diameter,2.5,0.10316414593768285,0.041265658375073136,0.041265658375073136,0.49087385212340523,0.14726215563702155,147.26215563702155,0.006076869806094182,6.076869806094182,0.1519217451523546,151.9217451523546,0.0906824853133238,90.68248531332381,6.076869806094182
E,10.0,78.53981633974483,80.0,0.5,40.0,20.0,20.0,True,1.0,2.5,4.908738521234052,0.1,0.3,14.210526315789473,3600.0,3.9473684210526314,13.157894736842104,derived_from_throughput,0.16753151904410035,1.6753151904410035,0.8736842105263158,spot_diameter,2.5,0.14636964295431926,0.058547857181727704,0.058547857181727704,0.49087385212340523,0.14726215563702155,147.26215563702155,0.008621883656509696,8.621883656509695,0.21554709141274242,215.54709141274242,0.12866062018813462,128.66062018813463,8.621883656509695
E,10.0,78.53981633974483,80.0,0.5,40.0,20.0,20.0,True,1.0,2.5,4.908738521234052,0.1,0.3,14.210526315789473,3600.0,3.9473684210526314,13.157894736842104,derived_from_throughput,0.16753151904410035,1.6753151904410035,1.1315789473684212,spot_diameter,2.5,0.18957513997095568,0.07583005598838227,0.07583005598838227,0.49087385212340523,0.14726215563702155,147.26215563702155,0.011166897506925209,11.166897506925208,0.27917243767313027,279.1724376731303,0.16663875506294548,166.63875506294548,11.166897506925208
E,10.0,78.53981633974483,80.0,0.5,40.0,20.0,20.0,True,1.0,2.5,4.908738521234052,0.1,0.3,14.210526315789473,3600.0,3.9473684210526314,13.157894736842104,derived_from_throughput,0.16753151904410035,1.6753151904410035,1.3894736842105266,spot_diameter,2.5,0.23278063698759213,0.09311225479503685,0.09311225479503685,0.49087385212340523,0.14726215563702155,147.26215563702155,0.013711911357340723,13.711911357340723,0.3427977839335181,342.79778393351813,0.2046168899377563,204.61688993775633,13.711911357340723
E,10.0,78.53981633974483,80.0,0.5,40.0,20.0,20.0,True,1.0,2.5,4.908738521234052,0.1,0.3,14.210526315789473,3600.0,3.9473684210526314,13.157894736842104,derived_from_throughput,0.16753151904410035,1.6753151904410035,1.6473684210526318,spot_diameter,2.5,0.2759861340042285,0.1103944536016914,0.1103944536016914,0.49087385212340523,0.14726215563702155,147.26215563702155,0.016256925207756234,16.256925207756233,0.4064231301939059,406.42313019390593,0.24259502481256712,242.59502481256712,16.256925207756233
E,10.0,78.53981633974483,80.0,0.5,40.0,20.0,20.0,True,1.0,2.5,4.908738521234052,0.1,0.3,14.210526315789473,3600.0,3.9473684210526314,13.157894736842104,derived_from_throughput,0.16753151904410035,1.6753151904410035,1.905263157894737,spot_diameter,2.5,0.3191916310208649,0.12767665240834597,0.12767665240834597,0.49087385212340523,0.14726215563702155,147.26215563702155,0.018801939058171745,18.801939058171744,0.4700484764542937,470.04847645429373,0.28057315968737795,280.57315968737794,18.801939058171744
E,10.0,78.53981633974483,80.0,0.5,40.0,20.0,20.0,True,1.0,2.5,4.908738521234052,0.1,0.3,14.210526315789473,3600.0,3.9473684210526314,13.157894736842104,derived_from_throughput,0.16753151904410035,1.6753151904410035,2.1631578947368424,spot_diameter,2.5,0.36239712803750135,0.14495885121500054,0.14495885121500054,0.49087385212340523,0.14726215563702155,147.26215563702155,0.02134695290858726,21.34695290858726,0.5336738227146816,533.6738227146816,0.3185512945621888,318.5512945621888,21.34695290858726
E,10.0,78.53981633974483,80.0,0.5,40.0,20.0,20.0,True,1.0,2.5,4.908738521234052,0.1,0.3,14.210526315789473,3600.0,3.9473684210526314,13.157894736842104,derived_from_throughput,0.16753151904410035,1.6753151904410035,2.421052631578948,spot_diameter,2.5,0.40560262505413774,0.1622410500216551,0.1622410500216551,0.49087385212340523,0.14726215563702155,147.26215563702155,0.02389196675900277,23.89196675900277,0.5972991689750694,597.2991689750694,0.3565294294369996,356.52942943699964,23.89196675900277
E,10.0,78.53981633974483,80.0,0.5,40.0,20.0,20.0,True,1.0,2.5,4.908738521234052,0.1,0.3,14.210526315789473,3600.0,3.9473684210526314,13.157894736842104,derived_from_throughput,0.16753151904410035,1.6753151904410035,2.678947368421053,spot_diameter,2.5,0.4488081220707742,0.17952324882830967,0.17952324882830967,0.49087385212340523,0.14726215563702155,147.26215563702155,0.026436980609418285,26.436980609418285,0.6609245152354573,660.9245152354573,0.39450756431181044,394.5075643118104,26.436980609418285
E,10.0,78.53981633974483,80.0,0.5,40.0,20.0,20.0,True,1.0,2.5,4.908738521234052,0.1,0.3,14.210526315789473,3600.0,3.9473684210526314,13.157894736842104,derived_from_throughput,0.16753151904410035,1.6753151904410035,2.936842105263158,spot_diameter,2.5,0.49201361908741054,0.19680544763496421,0.19680544763496421,0.49087385212340523,0.14726215563702155,147.26215563702155,0.028981994459833797,28.981994459833796,0.724549861495845,724.549861495845,0.4324856991866212,432.4856991866212,28.981994459833796
E,10.0,78.53981633974483,80.0,0.5,40.0,20.0,20.0,True,1.0,2.5,4.908738521234052,0.1,0.3,14.210526315789473,3600.0,3.9473684210526314,13.157894736842104,derived_from_throughput,0.16753151904410035,1.6753151904410035,3.1947368421052635,spot_diameter,2.5,0.5352191161040469,0.21408764644161876,0.21408764644161876,0.49087385212340523,0.14726215563702155,147.26215563702155,0.03152700831024931,31.527008310249307,0.7881752077562328,788.1752077562328,0.47046383406143205,470.46383406143207,31.527008310249307
E,10.0,78.53981633974483,80.0,0.5,40.0,20.0,20.0,True,1.0,2.5,4.908738521234052,0.1,0.3,14.210526315789473,3600.0,3.9473684210526314,13.157894736842104,derived_from_throughput,0.16753151904410035,1.6753151904410035,3.452631578947369,spot_diameter,2.5,0.5784246131206834,0.23136984524827336,0.23136984524827336,0.49087385212340523,0.14726215563702155,147.26215563702155,0.03407202216066482,34.07202216066482,0.8518005540166207,851.8005540166207,0.5084419689362429,508.4419689362429,34.07202216066482
E,10.0,78.53981633974483,80.0,0.5,40.0,20.0,20.0,True,1.0,2.5,4.908738521234052,0.1,0.3,14.210526315789473,3600.0,3.9473684210526314,13.157894736842104,derived_from_throughput,0.16753151904410035,1.6753151904410035,3.710526315789474,spot_diameter,2.5,0.6216301101373197,0.24865204405492788,0.24865204405492788,0.49087385212340523,0.14726215563702155,147.26215563702155,0.03661703601108033,36.61703601108033,0.9154259002770084,915.4259002770084,0.5464201038110537,546.4201038110537,36.61703601108033
E,10.0,78.53981633974483,80.0,0.5,40.0,20.0,20.0,True,1.0,2.5,4.908738521234052,0.1,0.3,14.210526315789473,3600.0,3.9473684210526314,13.157894736842104,derived_from_throughput,0.16753151904410035,1.6753151904410035,3.9684210526315793,spot_diameter,2.5,0.6648356071539562,0.26593424286158246,0.26593424286158246,0.49087385212340523,0.14726215563702155,147.26215563702155,0.039162049861495844,39.162049861495845,0.9790512465373963,979.0512465373963,0.5843982386858645,584.3982386858645,39.162049861495845
E,10.0,78.53981633974483,80.0,0.5,40.0,20.0,20.0,True,1.0,2.5,4.908738521234052,0.1,0.3,14.210526315789473,3600.0,3.9473684210526314,13.157894736842104,derived_from_throughput,0.16753151904410035,1.6753151904410035,4.226315789473684,spot_diameter,2.5,0.7080411041705925,0.283216441668237,0.283216441668237,0.49087385212340523,0.14726215563702155,147.26215563702155,0.04170706371191135,41.70706371191135,1.042676592797784,1042.676592797784,0.6223763735606753,622.3763735606753,41.70706371191135
E,10.0,78.53981633974483,80.0,0.5,40.0,20.0,20.0,True,1.0,2.5,4.908738521234052,0.1,0.3,14.210526315789473,3600.0,3.9473684210526314,13.157894736842104,derived_from_throughput,0.16753151904410035,1.6753151904410035,4.484210526315789,spot_diameter,2.5,0.7512466011872289,0.30049864047489155,0.30049864047489155,0.49087385212340523,0.14726215563702155,147.26215563702155,0.044252077562326866,44.25207756232687,1.1063019390581716,1106.3019390581717,0.660354508435486,660.3545084354861,44.25207756232687
E,10.0,78.53981633974483,80.0,0.5,40.0,20.0,20.0,True,1.0,2.5,4.908738521234052,0.1,0.3,14.210526315789473,3600.0,3.9473684210526314,13.157894736842104,derived_from_throughput,0.16753151904410035,1.6753151904410035,4.742105263157895,spot_diameter,2.5,0.7944520982038654,0.31778083928154616,0.31778083928154616,0.49087385212340523,0.14726215563702155,147.26215563702155,0.04679709141274238,46.79709141274238,1.1699272853185596,1169.9272853185596,0.698332643310297,698.3326433102969,46.79709141274238
E,10.0,78.53981633974483,80.0,0.5,40.0,20.0,20.0,True,1.0,2.5,4.908738521234052,0.1,0.3,14.210526315789473,3600.0,3.9473684210526314,13.157894736842104,derived_from_throughput,0.16753151904410035,1.6753151904410035,5.0,spot_diameter,2.5,0.8376575952205018,0.3350630380882007,0.3350630380882007,0.49087385212340523,0.14726215563702155,147.26215563702155,0.049342105263157895,49.3421052631579,1.2335526315789473,1233.5526315789473,0.7363107781851077,736.3107781851077,49.3421052631579
E,10.0,78.53981633974483,80.0,0.5,40.0,20.0,20.0,True,1.0,2.5,4.908738521234052,0.1,0.3,18.421052631578945,3600.0,5.116959064327485,17.056530214424953,derived_from_throughput,0.21717048764975974,2.1717048764975972,0.1,spot_diameter,2.5,0.021717048764975974,0.00868681950599039,0.00868681950599039,0.49087385212340523,0.14726215563702155,147.26215563702155,0.0012792397660818715,1.2792397660818715,0.03198099415204679,31.98099415204679,0.014726215563702155,14.726215563702155,1.2792397660818715
E,10.0,78.53981633974483,80.0,0.5,40.0,20.0,20.0,True,1.0,2.5,4.908738521234052,0.1,0.3,18.421052631578945,3600.0,5.116959064327485,17.056530214424953,derived_from_throughput,0.21717048764975974,2.1717048764975972,0.35789473684210527,spot_diameter,2.5,0.07772417452728243,0.031089669810912973,0.031089669810912973,0.49087385212340523,0.14726215563702155,147.26215563702155,0.004578331794398277,4.578331794398277,0.11445829485995693,114.45829485995692,0.05270435043851298,52.70435043851298,4.578331794398277
E,10.0,78.53981633974483,80.0,0.5,40.0,20.0,20.0,True,1.0,2.5,4.908738521234052,0.1,0.3,18.421052631578945,3600.0,5.116959064327485,17.056530214424953,derived_from_throughput,0.21717048764975974,2.1717048764975972,0.6157894736842106,spot_diameter,2.5,0.1337313002895889,0.053492520115835565,0.053492520115835565,0.49087385212340523,0.14726215563702155,147.26215563702155,0.007877423822714683,7.8774238227146824,0.19693559556786708,196.93559556786707,0.0906824853133238,90.68248531332381,7.8774238227146824
E,10.0,78.53981633974483,80.0,0.5,40.0,20.0,20.0,True,1.0,2.5,4.908738521234052,0.1,0.3,18.421052631578945,3600.0,5.116959064327485,17.056530214424953,derived_from_throughput,0.21717048764975974,2.1717048764975972,0.8736842105263158,spot_diameter,2.5,0.18973842605189536,0.07589537042075814,0.07589537042075814,0.49087385212340523,0.14726215563702155,147.26215563702155,0.011176515851031087,11.176515851031088,0.2794128962757772,279.4128962757772,0.12866062018813462,128.66062018813463,11.176515851031088
E,10.0,78.53981633974483,80.0,0.5,40.0,20.0,20.0,True,1.0,2.5,4.908738521234052,0.1,0.3,18.421052631578945,3600.0,5.116959064327485,17.056530214424953,derived_from_throughput,0.21717048764975974,2.1717048764975972,1.1315789473684212,spot_diameter,2.5,0.24574555181420185,0.09829822072568074,0.09829822072568074,0.49087385212340523,0.14726215563702155,147.26215563702155,0.014475607879347496,14.475607879347496,0.3618901969836874,361.8901969836874,0.16663875506294548,166.63875506294548,14.475607879347496
E,10.0,78.53981633974483,80.0,0.5,40.0,20.0,20.0,True,1.0,2.5,4.908738521234052,0.1,0.3,18.421052631578945,3600.0,5.116959064327485,17.056530214424953,derived_from_throughput,0.21717048764975974,2.1717048764975972,1.3894736842105266,spot_diameter,2.5,0.30175267757650837,0.12070107103060335,0.12070107103060335,0.49087385212340523,0.14726215563702155,147.26215563702155,0.017774699907663904,17.774699907663905,0.44436749769159756,444.3674976915976,0.2046168899377563,204.61688993775633,17.774699907663905
E,10.0,78.53981633974483,80.0,0.5,40.0,20.0,20.0,True,1.0,2.5,4.908738521234052,0.1,0.3,18.421052631578945,3600.0,5.116959064327485,17.056530214424953,derived_from_throughput,0.21717048764975974,2.1717048764975972,1.6473684210526318,spot_diameter,2.5,0.3577598033388148,0.1431039213355259,0.1431039213355259,0.49087385212340523,0.14726215563702155,147.26215563702155,0.021073791935980305,21.073791935980307,0.5268447983995077,526.8447983995077,0.24259502481256712,242.59502481256712,21.073791935980307
E,10.0,78.53981633974483,80.0,0.5,40.0,20.0,20.0,True,1.0,2.5,4.908738521234052,0.1,0.3,18.421052631578945,3600.0,5.116959064327485,17.056530214424953,derived_from_throughput,0.21717048764975974,2.1717048764975972,1.905263157894737,spot_diameter,2.5,0.41376692910112123,0.1655067716404485,0.1655067716404485,0.49087385212340523,0.14726215563702155,147.26215563702155,0.02437288396429671,24.37288396429671,0.6093220991074177,609.3220991074178,0.28057315968737795,280.57315968737794,24.37288396429671
E,10.0,78.53981633974483,80.0,0.5,40.0,20.0,20.0,True,1.0,2.5,4.908738521234052,0.1,0.3,18.421052631578945,3600.0,5.116959064327485,17.056530214424953,derived_from_throughput,0.21717048764975974,2.1717048764975972,2.1631578947368424,spot_diameter,2.5,0.4697740548634277,0.18790962194537109,0.18790962194537109,0.49087385212340523,0.14726215563702155,147.26215563702155,0.027671975992613118,27.671975992613117,0.691799399815328,691.799399815328,0.3185512945621888,318.5512945621888,27.671975992613117
E,10.0,78.53981633974483,80.0,0.5,40.0,20.0,20.0,True,1.0,2.5,4.908738521234052,0.1,0.3,18.421052631578945,3600.0,5.116959064327485,17.056530214424953,derived_from_throughput,0.21717048764975974,2.1717048764975972,2.421052631578948,spot_diameter,2.5,0.5257811806257342,0.21031247225029367,0.21031247225029367,0.49087385212340523,0.14726215563702155,147.26215563702155,0.030971068020929523,30.971068020929522,0.7742767005232382,774.2767005232381,0.3565294294369996,356.52942943699964,30.971068020929522
E,10.0,78.53981633974483,80.0,0.5,40.0,20.0,20.0,True,1.0,2.5,4.908738521234052,0.1,0.3,18.421052631578945,3600.0,5.116959064327485,17.056530214424953,derived_from_throughput,0.21717048764975974,2.1717048764975972,2.678947368421053,spot_diameter,2.5,0.5817883063880407,0.23271532255521626,0.23271532255521626,0.49087385212340523,0.14726215563702155,147.26215563702155,0.03427016004924593,34.27016004924593,0.8567540012311483,856.7540012311483,0.39450756431181044,394.5075643118104,34.27016004924593
E,10.0,78.53981633974483,80.0,0.5,40.0,20.0,20.0,True,1.0,2.5,4.908738521234052,0.1,0.3,18.421052631578945,3600.0,5.116959064327485,17.056530214424953,derived_from_throughput,0.21717048764975974,2.1717048764975972,2.936842105263158,spot_diameter,2.5,0.6377954321503471,0.2551181728601388,0.2551181728601388,0.49087385212340523,0.14726215563702155,147.26215563702155,0.03756925207756233,37.56925207756233,0.9392313019390583,939.2313019390583,0.4324856991866212,432.4856991866212,37.56925207756233
E,10.0,78.53981633974483,80.0,0.5,40.0,20.0,20.0,True,1.0,2.5,4.908738521234052,0.1,0.3,18.421052631578945,3600.0,5.116959064327485,17.056530214424953,derived_from_throughput,0.21717048764975974,2.1717048764975972,3.1947368421052635,spot_diameter,2.5,0.6938025579126536,0.27752102316506144,0.27752102316506144,0.49087385212340523,0.14726215563702155,147.26215563702155,0.040868344105878744,40.86834410587874,1.0217086026469686,1021.7086026469686,0.47046383406143205,470.46383406143207,40.86834410587874
E,10.0,78.53981633974483,80.0,0.5,40.0,20.0,20.0,True,1.0,2.5,4.908738521234052,0.1,0.3,18.421052631578945,3600.0,5.116959064327485,17.056530214424953,derived_from_throughput,0.21717048764975974,2.1717048764975972,3.452631578947369,spot_diameter,2.5,0.74980968367496,0.299923873469984,0.299923873469984,0.49087385212340523,0.14726215563702155,147.26215563702155,0.044167436134195145,44.16743613419514,1.1041859033548787,1104.1859033548787,0.5084419689362429,508.4419689362429,44.16743613419514
E,10.0,78.53981633974483,80.0,0.5,40.0,20.0,20.0,True,1.0,2.5,4.908738521234052,0.1,0.3,18.421052631578945,3600.0,5.116959064327485,17.056530214424953,derived_from_throughput,0.21717048764975974,2.1717048764975972,3.710526315789474,spot_diameter,2.5,0.8058168094372664,0.32232672377490657,0.32232672377490657,0.49087385212340523,0.14726215563702155,147.26215563702155,0.04746652816251155,47.466528162511544,1.1866632040627887,1186.6632040627887,0.5464201038110537,546.4201038110537,47.466528162511544
E,10.0,78.53981633974483,80.0,0.5,40.0,20.0,20.0,True,1.0,2.5,4.908738521234052,0.1,0.3,18.421052631578945,3600.0,5.116959064327485,17.056530214424953,derived_from_throughput,0.21717048764975974,2.1717048764975972,3.9684210526315793,spot_diameter,2.5,0.8618239351995729,0.3447295740798292,0.3447295740798292,0.49087385212340523,0.14726215563702155,147.26215563702155,0.050765620190827955,50.76562019082795,1.269140504770699,1269.140504770699,0.5843982386858645,584.3982386858645,50.76562019082795
E,10.0,78.53981633974483,80.0,0.5,40.0,20.0,20.0,True,1.0,2.5,4.908738521234052,0.1,0.3,18.421052631578945,3600.0,5.116959064327485,17.056530214424953,derived_from_throughput,0.21717048764975974,2.1717048764975972,4.226315789473684,spot_diameter,2.5,0.9178310609618794,0.36713242438475174,0.36713242438475174,0.49087385212340523,0.14726215563702155,147.26215563702155,0.054064712219144356,54.064712219144354,1.351617805478609,1351.617805478609,0.6223763735606753,622.3763735606753,54.064712219144354
E,10.0,78.53981633974483,80.0,0.5,40.0,20.0,20.0,True,1.0,2.5,4.908738521234052,0.1,0.3,18.421052631578945,3600.0,5.116959064327485,17.056530214424953,derived_from_throughput,0.21717048764975974,2.1717048764975972,4.484210526315789,spot_diameter,2.5,0.9738381867241858,0.3895352746896743,0.3895352746896743,0.49087385212340523,0.14726215563702155,147.26215563702155,0.05736380424746076,57.363804247460756,1.434095106186519,1434.095106186519,0.660354508435486,660.3545084354861,57.363804247460756
E,10.0,78.53981633974483,80.0,0.5,40.0,20.0,20.0,True,1.0,2.5,4.908738521234052,0.1,0.3,18.421052631578945,3600.0,5.116959064327485,17.056530214424953,derived_from_throughput,0.21717048764975974,2.1717048764975972,4.742105263157895,spot_diameter,2.5,1.0298453124864924,0.4119381249945969,0.4119381249945969,0.49087385212340523,0.14726215563702155,147.26215563702155,0.06066289627577717,60.66289627577717,1.5165724068944293,1516.5724068944294,0.698332643310297,698.3326433102969,60.66289627577717
E,10.0,78.53981633974483,80.0,0.5,40.0,20.0,20.0,True,1.0,2.5,4.908738521234052,0.1,0.3,18.421052631578945,3600.0,5.116959064327485,17.056530214424953,derived_from_throughput,0.21717048764975974,2.1717048764975972,5.0,spot_diameter,2.5,1.0858524382487986,0.4343409752995194,0.4343409752995194,0.49087385212340523,0.14726215563702155,147.26215563702155,0.06396198830409357,63.961988304093566,1.5990497076023393,1599.0497076023394,0.7363107781851077,736.3107781851077,63.961988304093566
E,10.0,78.53981633974483,80.0,0.5,40.0,20.0,20.0,True,1.0,2.5,4.908738521234052,0.1,0.3,22.63157894736842,3600.0,6.286549707602338,20.955165692007796,derived_from_throughput,0.2668094562554191,2.6680945625541908,0.1,spot_diameter,2.5,0.026680945625541908,0.010672378250216764,0.010672378250216764,0.49087385212340523,0.14726215563702155,147.26215563702155,0.0015716374269005848,1.5716374269005848,0.039290935672514626,39.29093567251463,0.014726215563702155,14.726215563702155,1.5716374269005848
E,10.0,78.53981633974483,80.0,0.5,40.0,20.0,20.0,True,1.0,2.5,4.908738521234052,0.1,0.3,22.63157894736842,3600.0,6.286549707602338,20.955165692007796,derived_from_throughput,0.2668094562554191,2.6680945625541908,0.35789473684210527,spot_diameter,2.5,0.0954897001335184,0.03819588005340736,0.03819588005340736,0.49087385212340523,0.14726215563702155,147.26215563702155,0.005624807633117882,5.624807633117882,0.14062019082794708,140.62019082794708,0.05270435043851298,52.70435043851298,5.624807633117882
E,10.0,78.53981633974483,80.0,0.5,40.0,20.0,20.0,True,1.0,2.5,4.908738521234052,0.1,0.3,22.63157894736842,3600.0,6.286549707602338,20.955165692007796,derived_from_throughput,0.2668094562554191,2.6680945625541908,0.6157894736842106,spot_diameter,2.5,0.16429845464149492,0.06571938185659797,0.06571938185659797,0.49087385212340523,0.14726215563702155,147.26215563702155,0.00967797783933518,9.67797783933518,0.24194944598337953,241.94944598337952,0.0906824853133238,90.68248531332381,9.67797783933518
E,10.0,78.53981633974483,80.0,0.5,40.0,20.0,20.0,True,1.0,2.5,4.908738521234052,0.1,0.3,22.63157894736842,3600.0,6.286549707602338,20.955165692007796,derived_from_throughput,0.2668094562554191,2.6680945625541908,0.8736842105263158,spot_diameter,2.5,0.23310720914947142,0.09324288365978857,0.09324288365978857,0.49087385212340523,0.14726215563702155,147.26215563702155,0.013731148045552479,13.731148045552478,0.343278701138812,343.278701138812,0.12866062018813462,128.66062018813463,13.731148045552478
E,10.0,78.53981633974483,80.0,0.5,40.0,20.0,20.0,True,1.0,2.5,4.908738521234052,0.1,0.3,22.63157894736842,3600.0,6.286549707602338,20.955165692007796,derived_from_throughput,0.2668094562554191,2.6680945625541908,1.1315789473684212,spot_diameter,2.5,0.30191596365744794,0.12076638546297917,0.12076638546297917,0.49087385212340523,0.14726215563702155,147.26215563702155,0.017784318251769776,17.784318251769776,0.4446079562942445,444.6079562942445,0.16663875506294548,166.63875506294548,17.784318251769776
E,10.0,78.53981633974483,80.0,0.5,40.0,20.0,20.0,True,1.0,2.5,4.908738521234052,0.1,0.3,22.63157894736842,3600.0,6.286549707602338,20.955165692007796,derived_from_throughput,0.2668094562554191,2.6680945625541908,1.3894736842105266,spot_diameter,2.5,0.37072471816542446,0.1482898872661698,0.1482898872661698,0.49087385212340523,0.14726215563702155,147.26215563702155,0.021837488457987077,21.837488457987078,0.545937211449677,545.937211449677,0.2046168899377563,204.61688993775633,21.837488457987078
E,10.0,78.53981633974483,80.0,0.5,40.0,20.0,20.0,True,1.0,2.5,4.908738521234052,0.1,0.3,22.63157894736842,3600.0,6.286549707602338,20.955165692007796,derived_from_throughput,0.2668094562554191,2.6680945625541908,1.6473684210526318,spot_diameter,2.5,0.439533472673401,0.1758133890693604,0.1758133890693604,0.49087385212340523,0.14726215563702155,147.26215563702155,0.025890658664204372,25.890658664204373,0.6472664666051093,647.2664666051094,0.24259502481256712,242.59502481256712,25.890658664204373
E,10.0,78.53981633974483,80.0,0.5,40.0,20.0,20.0,True,1.0,2.5,4.908738521234052,0.1,0.3,22.63157894736842,3600.0,6.286549707602338,20.955165692007796,derived_from_throughput,0.2668094562554191,2.6680945625541908,1.905263157894737,spot_diameter,2.5,0.5083422271813774,0.20333689087255097,0.20333689087255097,0.49087385212340523,0.14726215563702155,147.26215563702155,0.029943828870421667,29.94382887042167,0.7485957217605418,748.5957217605418,0.28057315968737795,280.57315968737794,29.94382887042167
E,10.0,78.53981633974483,80.0,0.5,40.0,20.0,20.0,True,1.0,2.5,4.908738521234052,0.1,0.3,22.63157894736842,3600.0,6.286549707602338,20.955165692007796,derived_from_throughput,0.2668094562554191,2.6680945625541908,2.1631578947368424,spot_diameter,2.5,0.577150981689354,0.2308603926757416,0.2308603926757416,0.49087385212340523,0.14726215563702155,147.26215563702155,0.03399699907663897,33.99699907663897,0.8499249769159742,849.9249769159742,0.3185512945621888,318.5512945621888,33.99699907663897
E,10.0,78.53981633974483,80.0,0.5,40.0,20.0,20.0,True,1.0,2.5,4.908738521234052,0.1,0.3,22.63157894736842,3600.0,6.286549707602338,20.955165692007796,derived_from_throughput,0.2668094562554191,2.6680945625541908,2.421052631578948,spot_diameter,2.5,0.6459597361973305,0.2583838944789322,0.2583838944789322,0.49087385212340523,0.14726215563702155,147.26215563702155,0.03805016928285626,38.05016928285626,0.9512542320714068,951.2542320714068,0.3565294294369996,356.52942943699964,38.05016928285626
E,10.0,78.53981633974483,80.0,0.5,40.0,20.0,20.0,True,1.0,2.5,4.908738521234052,0.1,0.3,22.63157894736842,3600.0,6.286549707602338,20.955165692007796,derived_from_throughput,0.2668094562554191,2.6680945625541908,2.678947368421053,spot_diameter,2.5,0.714768490705307,0.2859073962821228,0.2859073962821228,0.49087385212340523,0.14726215563702155,147.26215563702155,0.04210333948907356,42.10333948907356,1.0525834872268394,1052.5834872268395,0.39450756431181044,394.5075643118104,42.10333948907356
E,10.0,78.53981633974483,80.0,0.5,40.0,20.0,20.0,True,1.0,2.5,4.908738521234052,0.1,0.3,22.63157894736842,3600.0,6.286549707602338,20.955165692007796,derived_from_throughput,0.2668094562554191,2.6680945625541908,2.936842105263158,spot_diameter,2.5,0.7835772452132834,0.3134308980853134,0.3134308980853134,0.49087385212340523,0.14726215563702155,147.26215563702155,0.04615650969529086,46.15650969529086,1.1539127423822715,1153.9127423822715,0.4324856991866212,432.4856991866212,46.15650969529086
E,10.0,78.53981633974483,80.0,0.5,40.0,20.0,20.0,True,1.0,2.5,4.908738521234052,0.1,0.3,22.63157894736842,3600.0,6.286549707602338,20.955165692007796,derived_from_throughput,0.2668094562554191,2.6680945625541908,3.1947368421052635,spot_diameter,2.5,0.85238599972126,0.34095439988850396,0.34095439988850396,0.49087385212340523,0.14726215563702155,147.26215563702155,0.05020967990150815,50.20967990150815,1.255241997537704,1255.241997537704,0.47046383406143205,470.46383406143207,50.20967990150815
E,10.0,78.53981633974483,80.0,0.5,40.0,20.0,20.0,True,1.0,2.5,4.908738521234052,0.1,0.3,22.63157894736842,3600.0,6.286549707602338,20.955165692007796,derived_from_throughput,0.2668094562554191,2.6680945625541908,3.452631578947369,spot_diameter,2.5,0.9211947542292366,0.36847790169169464,0.36847790169169464,0.49087385212340523,0.14726215563702155,147.26215563702155,0.05426285010772546,54.26285010772546,1.3565712526931366,1356.5712526931366,0.5084419689362429,508.4419689362429,54.26285010772546
E,10.0,78.53981633974483,80.0,0.5,40.0,20.0,20.0,True,1.0,2.5,4.908738521234052,0.1,0.3,22.63157894736842,3600.0,6.286549707602338,20.955165692007796,derived_from_throughput,0.2668094562554191,2.6680945625541908,3.710526315789474,spot_diameter,2.5,0.990003508737213,0.3960014034948852,0.3960014034948852,0.49087385212340523,0.14726215563702155,147.26215563702155,0.05831602031394276,58.31602031394276,1.457900507848569,1457.9005078485689,0.5464201038110537,546.4201038110537,58.31602031394276
E,10.0,78.53981633974483,80.0,0.5,40.0,20.0,20.0,True,1.0,2.5,4.908738521234052,0.1,0.3,22.63157894736842,3600.0,6.286549707602338,20.955165692007796,derived_from_throughput,0.2668094562554191,2.6680945625541908,3.9684210526315793,spot_diameter,2.5,1.0588122632451895,0.4235249052980758,0.4235249052980758,0.49087385212340523,0.14726215563702155,147.26215563702155,0.06236919052016005,62.36919052016005,1.5592297630040015,1559.2297630040016,0.5843982386858645,584.3982386858645,62.36919052016005
E,10.0,78.53981633974483,80.0,0.5,40.0,20.0,20.0,True,1.0,2.5,4.908738521234052,0.1,0.3,22.63157894736842,3600.0,6.286549707602338,20.955165692007796,derived_from_throughput,0.2668094562554191,2.6680945625541908,4.226315789473684,spot_diameter,2.5,1.1276210177531658,0.4510484071012663,0.4510484071012663,0.49087385212340523,0.14726215563702155,147.26215563702155,0.06642236072637733,66.42236072637733,1.6605590181594336,1660.5590181594337,0.6223763735606753,622.3763735606753,66.42236072637733
E,10.0,78.53981633974483,80.0,0.5,40.0,20.0,20.0,True,1.0,2.5,4.908738521234052,0.1,0.3,22.63157894736842,3600.0,6.286549707602338,20.955165692007796,derived_from_throughput,0.2668094562554191,2.6680945625541908,4.484210526315789,spot_diameter,2.5,1.1964297722611423,0.47857190890445694,0.47857190890445694,0.49087385212340523,0.14726215563702155,147.26215563702155,0.07047553093259463,70.47553093259464,1.761888273314866,1761.888273314866,0.660354508435486,660.3545084354861,70.47553093259464
E,10.0,78.53981633974483,80.0,0.5,40.0,20.0,20.0,True,1.0,2.5,4.908738521234052,0.1,0.3,22.63157894736842,3600.0,6.286549707602338,20.955165692007796,derived_from_throughput,0.2668094562554191,2.6680945625541908,4.742105263157895,spot_diameter,2.5,1.2652385267691189,0.5060954107076475,0.5060954107076475,0.49087385212340523,0.14726215563702155,147.26215563702155,0.07452870113881194,74.52870113881194,1.8632175284702988,1863.2175284702987,0.698332643310297,698.3326433102969,74.52870113881194
E,10.0,78.53981633974483,80.0,0.5,40.0,20.0,20.0,True,1.0,2.5,4.908738521234052,0.1,0.3,22.63157894736842,3600.0,6.286549707602338,20.955165692007796,derived_from_throughput,0.2668094562554191,2.6680945625541908,5.0,spot_diameter,2.5,1.3340472812770954,0.5336189125108382,0.5336189125108382,0.49087385212340523,0.14726215563702155,147.26215563702155,0.07858187134502924,78.58187134502924,1.964546783625731,1964.546783625731,0.7363107781851077,736.3107781851077,78.58187134502924
E,10.0,78.53981633974483,80.0,0.5,40.0,20.0,20.0,True,1.0,2.5,4.908738521234052,0.1,0.3,26.842105263157894,3600.0,7.456140350877193,24.853801169590643,derived_from_throughput,0.31644842486107844,3.1644842486107843,0.1,spot_diameter,2.5,0.03164484248610785,0.012657936994443139,0.012657936994443139,0.49087385212340523,0.14726215563702155,147.26215563702155,0.0018640350877192984,1.8640350877192984,0.046600877192982455,46.60087719298245,0.014726215563702155,14.726215563702155,1.8640350877192984
E,10.0,78.53981633974483,80.0,0.5,40.0,20.0,20.0,True,1.0,2.5,4.908738521234052,0.1,0.3,26.842105263157894,3600.0,7.456140350877193,24.853801169590643,derived_from_throughput,0.31644842486107844,3.1644842486107843,0.35789473684210527,spot_diameter,2.5,0.11325522573975438,0.04530209029590175,0.04530209029590175,0.49087385212340523,0.14726215563702155,147.26215563702155,0.0066712834718374876,6.671283471837487,0.1667820867959372,166.7820867959372,0.05270435043851298,52.70435043851298,6.671283471837487
E,10.0,78.53981633974483,80.0,0.5,40.0,20.0,20.0,True,1.0,2.5,4.908738521234052,0.1,0.3,26.842105263157894,3600.0,7.456140350877193,24.853801169590643,derived_from_throughput,0.31644842486107844,3.1644842486107843,0.6157894736842106,spot_diameter,2.5,0.19486560899340094,0.07794624359736038,0.07794624359736038,0.49087385212340523,0.14726215563702155,147.26215563702155,0.01147853185595568,11.47853185595568,0.28696329639889195,286.96329639889194,0.0906824853133238,90.68248531332381,11.47853185595568
E,10.0,78.53981633974483,80.0,0.5,40.0,20.0,20.0,True,1.0,2.5,4.908738521234052,0.1,0.3,26.842105263157894,3600.0,7.456140350877193,24.853801169590643,derived_from_throughput,0.31644842486107844,3.1644842486107843,0.8736842105263158,spot_diameter,2.5,0.2764759922470475,0.110590396898819,0.110590396898819,0.49087385212340523,0.14726215563702155,147.26215563702155,0.01628578024007387,16.28578024007387,0.4071445060018467,407.1445060018467,0.12866062018813462,128.66062018813463,16.28578024007387
E,10.0,78.53981633974483,80.0,0.5,40.0,20.0,20.0,True,1.0,2.5,4.908738521234052,0.1,0.3,26.842105263157894,3600.0,7.456140350877193,24.853801169590643,derived_from_throughput,0.31644842486107844,3.1644842486107843,1.1315789473684212,spot_diameter,2.5,0.35808637550069405,0.14323455020027762,0.14323455020027762,0.49087385212340523,0.14726215563702155,147.26215563702155,0.02109302862419206,21.09302862419206,0.5273257156048016,527.3257156048015,0.16663875506294548,166.63875506294548,21.09302862419206
E,10.0,78.53981633974483,80.0,0.5,40.0,20.0,20.0,True,1.0,2.5,4.908738521234052,0.1,0.3,26.842105263157894,3600.0,7.456140350877193,24.853801169590643,derived_from_throughput,0.31644842486107844,3.1644842486107843,1.3894736842105266,spot_diameter,2.5,0.43969675875434067,0.17587870350173626,0.17587870350173626,0.49087385212340523,0.14726215563702155,147.26215563702155,0.02590027700831025,25.90027700831025,0.6475069252077563,647.5069252077564,0.2046168899377563,204.61688993775633,25.90027700831025
E,10.0,78.53981633974483,80.0,0.5,40.0,20.0,20.0,True,1.0,2.5,4.908738521234052,0.1,0.3,26.842105263157894,3600.0,7.456140350877193,24.853801169590643,derived_from_throughput,0.31644842486107844,3.1644842486107843,1.6473684210526318,spot_diameter,2.5,0.5213071420079872,0.20852285680319488,0.20852285680319488,0.49087385212340523,0.14726215563702155,147.26215563702155,0.030707525392428443,30.707525392428444,0.7676881348107111,767.6881348107111,0.24259502481256712,242.59502481256712,30.707525392428444
E,10.0,78.53981633974483,80.0,0.5,40.0,20.0,20.0,True,1.0,2.5,4.908738521234052,0.1,0.3,26.842105263157894,3600.0,7.456140350877193,24.853801169590643,derived_from_throughput,0.31644842486107844,3.1644842486107843,1.905263157894737,spot_diameter,2.5,0.6029175252616337,0.24116701010465347,0.24116701010465347,0.49087385212340523,0.14726215563702155,147.26215563702155,0.035514773776546625,35.514773776546626,0.8878693444136657,887.8693444136658,0.28057315968737795,280.57315968737794,35.514773776546626
E,10.0,78.53981633974483,80.0,0.5,40.0,20.0,20.0,True,1.0,2.5,4.908738521234052,0.1,0.3,26.842105263157894,3600.0,7.456140350877193,24.853801169590643,derived_from_throughput,0.31644842486107844,3.1644842486107843,2.1631578947368424,spot_diameter,2.5,0.6845279085152803,0.2738111634061121,0.2738111634061121,0.49087385212340523,0.14726215563702155,147.26215563702155,0.04032202216066482,40.32202216066482,1.0080505540166207,1008.0505540166207,0.3185512945621888,318.5512945621888,40.32202216066482
E,10.0,78.53981633974483,80.0,0.5,40.0,20.0,20.0,True,1.0,2.5,4.908738521234052,0.1,0.3,26.842105263157894,3600.0,7.456140350877193,24.853801169590643,derived_from_throughput,0.31644842486107844,3.1644842486107843,2.421052631578948,spot_diameter,2.5,0.7661382917689269,0.30645531670757076,0.30645531670757076,0.49087385212340523,0.14726215563702155,147.26215563702155,0.045129270544783016,45.12927054478302,1.1282317636195753,1128.2317636195753,0.3565294294369996,356.52942943699964,45.12927054478302
E,10.0,78.53981633974483,80.0,0.5,40.0,20.0,20.0,True,1.0,2.5,4.908738521234052,0.1,0.3,26.842105263157894,3600.0,7.456140350877193,24.853801169590643,derived_from_throughput,0.31644842486107844,3.1644842486107843,2.678947368421053,spot_diameter,2.5,0.8477486750225735,0.3390994700090294,0.3390994700090294,0.49087385212340523,0.14726215563702155,147.26215563702155,0.04993651892890121,49.936518928901215,1.2484129732225302,1248.4129732225301,0.39450756431181044,394.5075643118104,49.936518928901215
E,10.0,78.53981633974483,80.0,0.5,40.0,20.0,20.0,True,1.0,2.5,4.908738521234052,0.1,0.3,26.842105263157894,3600.0,7.456140350877193,24.853801169590643,derived_from_throughput,0.31644842486107844,3.1644842486107843,2.936842105263158,spot_diameter,2.5,0.9293590582762199,0.37174362331048794,0.37174362331048794,0.49087385212340523,0.14726215563702155,147.26215563702155,0.05474376731301939,54.74376731301939,1.3685941828254848,1368.594182825485,0.4324856991866212,432.4856991866212,54.74376731301939
E,10.0,78.53981633974483,80.0,0.5,40.0,20.0,20.0,True,1.0,2.5,4.908738521234052,0.1,0.3,26.842105263157894,3600.0,7.456140350877193,24.853801169590643,derived_from_throughput,0.31644842486107844,3.1644842486107843,3.1947368421052635,spot_diameter,2.5,1.0109694415298665,0.4043877766119466,0.4043877766119466,0.49087385212340523,0.14726215563702155,147.26215563702155,0.05955101569713758,59.55101569713758,1.4887753924284397,1488.7753924284398,0.47046383406143205,470.46383406143207,59.55101569713758
E,10.0,78.53981633974483,80.0,0.5,40.0,20.0,20.0,True,1.0,2.5,4.908738521234052,0.1,0.3,26.842105263157894,3600.0,7.456140350877193,24.853801169590643,derived_from_throughput,0.31644842486107844,3.1644842486107843,3.452631578947369,spot_diameter,2.5,1.092579824783513,0.4370319299134052,0.4370319299134052,0.49087385212340523,0.14726215563702155,147.26215563702155,0.06435826408125578,64.35826408125578,1.6089566020313943,1608.9566020313944,0.5084419689362429,508.4419689362429,64.35826408125578
E,10.0,78.53981633974483,80.0,0.5,40.0,20.0,20.0,True,1.0,2.5,4.908738521234052,0.1,0.3,26.842105263157894,3600.0,7.456140350877193,24.853801169590643,derived_from_throughput,0.31644842486107844,3.1644842486107843,3.710526315789474,spot_diameter,2.5,1.1741902080371596,0.4696760832148638,0.4696760832148638,0.49087385212340523,0.14726215563702155,147.26215563702155,0.06916551246537396,69.16551246537396,1.729137811634349,1729.137811634349,0.5464201038110537,546.4201038110537,69.16551246537396
E,10.0,78.53981633974483,80.0,0.5,40.0,20.0,20.0,True,1.0,2.5,4.908738521234052,0.1,0.3,26.842105263157894,3600.0,7.456140350877193,24.853801169590643,derived_from_throughput,0.31644842486107844,3.1644842486107843,3.9684210526315793,spot_diameter,2.5,1.2558005912908061,0.5023202365163224,0.5023202365163224,0.49087385212340523,0.14726215563702155,147.26215563702155,0.07397276084949214,73.97276084949215,1.8493190212373039,1849.3190212373038,0.5843982386858645,584.3982386858645,73.97276084949215
E,10.0,78.53981633974483,80.0,0.5,40.0,20.0,20.0,True,1.0,2.5,4.908738521234052,0.1,0.3,26.842105263157894,3600.0,7.456140350877193,24.853801169590643,derived_from_throughput,0.31644842486107844,3.1644842486107843,4.226315789473684,spot_diameter,2.5,1.3374109745444525,0.5349643898177809,0.5349643898177809,0.49087385212340523,0.14726215563702155,147.26215563702155,0.07878000923361032,78.78000923361033,1.9695002308402585,1969.5002308402584,0.6223763735606753,622.3763735606753,78.78000923361033
E,10.0,78.53981633974483,80.0,0.5,40.0,20.0,20.0,True,1.0,2.5,4.908738521234052,0.1,0.3,26.842105263157894,3600.0,7.456140350877193,24.853801169590643,derived_from_throughput,0.31644842486107844,3.1644842486107843,4.484210526315789,spot_diameter,2.5,1.419021357798099,0.5676085431192396,0.5676085431192396,0.49087385212340523,0.14726215563702155,147.26215563702155,0.08358725761772852,83.58725761772853,2.089681440443213,2089.681440443213,0.660354508435486,660.3545084354861,83.58725761772853
E,10.0,78.53981633974483,80.0,0.5,40.0,20.0,20.0,True,1.0,2.5,4.908738521234052,0.1,0.3,26.842105263157894,3600.0,7.456140350877193,24.853801169590643,derived_from_throughput,0.31644842486107844,3.1644842486107843,4.742105263157895,spot_diameter,2.5,1.5006317410517458,0.6002526964206983,0.6002526964206983,0.49087385212340523,0.14726215563702155,147.26215563702155,0.08839450600184673,88.39450600184674,2.209862650046168,2209.8626500461683,0.698332643310297,698.3326433102969,88.39450600184674
E,10.0,78.53981633974483,80.0,0.5,40.0,20.0,20.0,True,1.0,2.5,4.908738521234052,0.1,0.3,26.842105263157894,3600.0,7.456140350877193,24.853801169590643,derived_from_throughput,0.31644842486107844,3.1644842486107843,5.0,spot_diameter,2.5,1.5822421243053921,0.6328968497221569,0.6328968497221569,0.49087385212340523,0.14726215563702155,147.26215563702155,0.09320175438596491,93.2017543859649,2.330043859649123,2330.043859649123,0.7363107781851077,736.3107781851077,93.2017543859649
E,10.0,78.53981633974483,80.0,0.5,40.0,20.0,20.0,True,1.0,2.5,4.908738521234052,0.1,0.3,31.052631578947366,3600.0,8.625730994152047,28.75243664717349,derived_from_throughput,0.3660873934667378,3.6608739346673778,0.1,spot_diameter,2.5,0.03660873934667378,0.014643495738669512,0.014643495738669512,0.49087385212340523,0.14726215563702155,147.26215563702155,0.0021564327485380117,2.1564327485380117,0.0539108187134503,53.9108187134503,0.014726215563702155,14.726215563702155,2.1564327485380117
E,10.0,78.53981633974483,80.0,0.5,40.0,20.0,20.0,True,1.0,2.5,4.908738521234052,0.1,0.3,31.052631578947366,3600.0,8.625730994152047,28.75243664717349,derived_from_throughput,0.3660873934667378,3.6608739346673778,0.35789473684210527,spot_diameter,2.5,0.13102075134599037,0.052408300538396145,0.052408300538396145,0.49087385212340523,0.14726215563702155,147.26215563702155,0.007717759310557093,7.717759310557093,0.19294398276392735,192.94398276392735,0.05270435043851298,52.70435043851298,7.717759310557093
E,10.0,78.53981633974483,80.0,0.5,40.0,20.0,20.0,True,1.0,2.5,4.908738521234052,0.1,0.3,31.052631578947366,3600.0,8.625730994152047,28.75243664717349,derived_from_throughput,0.3660873934667378,3.6608739346673778,0.6157894736842106,spot_diameter,2.5,0.22543276334530696,0.09017310533812278,0.09017310533812278,0.49087385212340523,0.14726215563702155,147.26215563702155,0.013279085872576176,13.279085872576175,0.33197714681440443,331.9771468144044,0.0906824853133238,90.68248531332381,13.279085872576175
E,10.0,78.53981633974483,80.0,0.5,40.0,20.0,20.0,True,1.0,2.5,4.908738521234052,0.1,0.3,31.052631578947366,3600.0,8.625730994152047,28.75243664717349,derived_from_throughput,0.3660873934667378,3.6608739346673778,0.8736842105263158,spot_diameter,2.5,0.3198447753446236,0.12793791013784944,0.12793791013784944,0.49087385212340523,0.14726215563702155,147.26215563702155,0.018840412434595263,18.84041243459526,0.47101031086488154,471.01031086488155,0.12866062018813462,128.66062018813463,18.84041243459526
E,10.0,78.53981633974483,80.0,0.5,40.0,20.0,20.0,True,1.0,2.5,4.908738521234052,0.1,0.3,31.052631578947366,3600.0,8.625730994152047,28.75243664717349,derived_from_throughput,0.3660873934667378,3.6608739346673778,1.1315789473684212,spot_diameter,2.5,0.4142567873439402,0.1657027149375761,0.1657027149375761,0.49087385212340523,0.14726215563702155,147.26215563702155,0.02440173899661435,24.40173899661435,0.6100434749153587,610.0434749153587,0.16663875506294548,166.63875506294548,24.40173899661435
E,10.0,78.53981633974483,80.0,0.5,40.0,20.0,20.0,True,1.0,2.5,4.908738521234052,0.1,0.3,31.052631578947366,3600.0,8.625730994152047,28.75243664717349,derived_from_throughput,0.3660873934667378,3.6608739346673778,1.3894736842105266,spot_diameter,2.5,0.5086687993432568,0.20346751973730273,0.20346751973730273,0.49087385212340523,0.14726215563702155,147.26215563702155,0.029963065558633428,29.963065558633428,0.7490766389658359,749.0766389658359,0.2046168899377563,204.61688993775633,29.963065558633428
E,10.0,78.53981633974483,80.0,0.5,40.0,20.0,20.0,True,1.0,2.5,4.908738521234052,0.1,0.3,31.052631578947366,3600.0,8.625730994152047,28.75243664717349,derived_from_throughput,0.3660873934667378,3.6608739346673778,1.6473684210526318,spot_diameter,2.5,0.6030808113425734,0.24123232453702936,0.24123232453702936,0.49087385212340523,0.14726215563702155,147.26215563702155,0.03552439212065251,35.52439212065251,0.8881098030163128,888.1098030163129,0.24259502481256712,242.59502481256712,35.52439212065251
E,10.0,78.53981633974483,80.0,0.5,40.0,20.0,20.0,True,1.0,2.5,4.908738521234052,0.1,0.3,31.052631578947366,3600.0,8.625730994152047,28.75243664717349,derived_from_throughput,0.3660873934667378,3.6608739346673778,1.905263157894737,spot_diameter,2.5,0.69749282334189,0.278997129336756,0.278997129336756,0.49087385212340523,0.14726215563702155,147.26215563702155,0.0410857186826716,41.0857186826716,1.0271429670667898,1027.1429670667897,0.28057315968737795,280.57315968737794,41.0857186826716
E,10.0,78.53981633974483,80.0,0.5,40.0,20.0,20.0,True,1.0,2.5,4.908738521234052,0.1,0.3,31.052631578947366,3600.0,8.625730994152047,28.75243664717349,derived_from_throughput,0.3660873934667378,3.6608739346673778,2.1631578947368424,spot_diameter,2.5,0.7919048353412066,0.3167619341364826,0.3167619341364826,0.49087385212340523,0.14726215563702155,147.26215563702155,0.046647045244690676,46.64704524469067,1.166176131117267,1166.176131117267,0.3185512945621888,318.5512945621888,46.64704524469067
E,10.0,78.53981633974483,80.0,0.5,40.0,20.0,20.0,True,1.0,2.5,4.908738521234052,0.1,0.3,31.052631578947366,3600.0,8.625730994152047,28.75243664717349,derived_from_throughput,0.3660873934667378,3.6608739346673778,2.421052631578948,spot_diameter,2.5,0.8863168473405233,0.35452673893620934,0.35452673893620934,0.49087385212340523,0.14726215563702155,147.26215563702155,0.05220837180670977,52.20837180670977,1.305209295167744,1305.2092951677441,0.3565294294369996,356.52942943699964,52.20837180670977
E,10.0,78.53981633974483,80.0,0.5,40.0,20.0,20.0,True,1.0,2.5,4.908738521234052,0.1,0.3,31.052631578947366,3600.0,8.625730994152047,28.75243664717349,derived_from_throughput,0.3660873934667378,3.6608739346673778,2.678947368421053,spot_diameter,2.5,0.9807288593398399,0.39229154373593594,0.39229154373593594,0.49087385212340523,0.14726215563702155,147.26215563702155,0.05776969836872885,57.76969836872885,1.4442424592182213,1444.2424592182213,0.39450756431181044,394.5075643118104,57.76969836872885
E,10.0,78.53981633974483,80.0,0.5,40.0,20.0,20.0,True,1.0,2.5,4.908738521234052,0.1,0.3,31.052631578947366,3600.0,8.625730994152047,28.75243664717349,derived_from_throughput,0.3660873934667378,3.6608739346673778,2.936842105263158,spot_diameter,2.5,1.0751408713391564,0.43005634853566255,0.43005634853566255,0.49087385212340523,0.14726215563702155,147.26215563702155,0.06333102493074792,63.33102493074792,1.5832756232686982,1583.2756232686982,0.4324856991866212,432.4856991866212,63.33102493074792
E,10.0,78.53981633974483,80.0,0.5,40.0,20.0,20.0,True,1.0,2.5,4.908738521234052,0.1,0.3,31.052631578947366,3600.0,8.625730994152047,28.75243664717349,derived_from_throughput,0.3660873934667378,3.6608739346673778,3.1947368421052635,spot_diameter,2.5,1.169552883338473,0.4678211533353892,0.4678211533353892,0.49087385212340523,0.14726215563702155,147.26215563702155,0.06889235149276701,68.892351492767,1.7223087873191754,1722.3087873191753,0.47046383406143205,470.46383406143207,68.892351492767
E,10.0,78.53981633974483,80.0,0.5,40.0,20.0,20.0,True,1.0,2.5,4.908738521234052,0.1,0.3,31.052631578947366,3600.0,8.625730994152047,28.75243664717349,derived_from_throughput,0.3660873934667378,3.6608739346673778,3.452631578947369,spot_diameter,2.5,1.2639648953377896,0.5055859581351159,0.5055859581351159,0.49087385212340523,0.14726215563702155,147.26215563702155,0.0744536780547861,74.4536780547861,1.8613419513696525,1861.3419513696526,0.5084419689362429,508.4419689362429,74.4536780547861
E,10.0,78.53981633974483,80.0,0.5,40.0,20.0,20.0,True,1.0,2.5,4.908738521234052,0.1,0.3,31.052631578947366,3600.0,8.625730994152047,28.75243664717349,derived_from_throughput,0.3660873934667378,3.6608739346673778,3.710526315789474,spot_diameter,2.5,1.3583769073371061,0.5433507629348424,0.5433507629348424,0.49087385212340523,0.14726215563702155,147.26215563702155,0.08001500461680516,80.01500461680516,2.0003751154201295,2000.3751154201295,0.5464201038110537,546.4201038110537,80.01500461680516
E,10.0,78.53981633974483,80.0,0.5,40.0,20.0,20.0,True,1.0,2.5,4.908738521234052,0.1,0.3,31.052631578947366,3600.0,8.625730994152047,28.75243664717349,derived_from_throughput,0.3660873934667378,3.6608739346673778,3.9684210526315793,spot_diameter,2.5,1.4527889193364227,0.5811155677345691,0.5811155677345691,0.49087385212340523,0.14726215563702155,147.26215563702155,0.08557633117882425,85.57633117882425,2.1394082794706066,2139.4082794706064,0.5843982386858645,584.3982386858645,85.57633117882425
E,10.0,78.53981633974483,80.0,0.5,40.0,20.0,20.0,True,1.0,2.5,4.908738521234052,0.1,0.3,31.052631578947366,3600.0,8.625730994152047,28.75243664717349,derived_from_throughput,0.3660873934667378,3.6608739346673778,4.226315789473684,spot_diameter,2.5,1.5472009313357393,0.6188803725342957,0.6188803725342957,0.49087385212340523,0.14726215563702155,147.26215563702155,0.09113765774084334,91.13765774084334,2.2784414435210834,2278.4414435210833,0.6223763735606753,622.3763735606753,91.13765774084334
E,10.0,78.53981633974483,80.0,0.5,40.0,20.0,20.0,True,1.0,2.5,4.908738521234052,0.1,0.3,31.052631578947366,3600.0,8.625730994152047,28.75243664717349,derived_from_throughput,0.3660873934667378,3.6608739346673778,4.484210526315789,spot_diameter,2.5,1.6416129433350557,0.6566451773340223,0.6566451773340223,0.49087385212340523,0.14726215563702155,147.26215563702155,0.0966989843028624,96.6989843028624,2.4174746075715605,2417.4746075715607,0.660354508435486,660.3545084354861,96.6989843028624
E,10.0,78.53981633974483,80.0,0.5,40.0,20.0,20.0,True,1.0,2.5,4.908738521234052,0.1,0.3,31.052631578947366,3600.0,8.625730994152047,28.75243664717349,derived_from_throughput,0.3660873934667378,3.6608739346673778,4.742105263157895,spot_diameter,2.5,1.7360249553343725,0.694409982133749,0.694409982133749,0.49087385212340523,0.14726215563702155,147.26215563702155,0.1022603108648815,102.2603108648815,2.5565077716220377,2556.5077716220376,0.698332643310297,698.3326433102969,102.2603108648815
E,10.0,78.53981633974483,80.0,0.5,40.0,20.0,20.0,True,1.0,2.5,4.908738521234052,0.1,0.3,31.052631578947366,3600.0,8.625730994152047,28.75243664717349,derived_from_throughput,0.3660873934667378,3.6608739346673778,5.0,spot_diameter,2.5,1.8304369673336889,0.7321747869334756,0.7321747869334756,0.49087385212340523,0.14726215563702155,147.26215563702155,0.10782163742690058,107.82163742690058,2.695540935672515,2695.540935672515,0.7363107781851077,736.3107781851077,107.82163742690058
E,10.0,78.53981633974483,80.0,0.5,40.0,20.0,20.0,True,1.0,2.5,4.908738521234052,0.1,0.3,35.26315789473684,3600.0,9.7953216374269,32.65107212475633,derived_from_throughput,0.41572636207239716,4.157263620723971,0.1,spot_diameter,2.5,0.04157263620723972,0.016629054482895887,0.016629054482895887,0.49087385212340523,0.14726215563702155,147.26215563702155,0.002448830409356725,2.448830409356725,0.06122076023391813,61.22076023391813,0.014726215563702155,14.726215563702155,2.448830409356725
E,10.0,78.53981633974483,80.0,0.5,40.0,20.0,20.0,True,1.0,2.5,4.908738521234052,0.1,0.3,35.26315789473684,3600.0,9.7953216374269,32.65107212475633,derived_from_throughput,0.41572636207239716,4.157263620723971,0.35789473684210527,spot_diameter,2.5,0.14878627695222635,0.05951451078089054,0.05951451078089054,0.49087385212340523,0.14726215563702155,147.26215563702155,0.008764235149276699,8.764235149276699,0.2191058787319175,219.1058787319175,0.05270435043851298,52.70435043851298,8.764235149276699
E,10.0,78.53981633974483,80.0,0.5,40.0,20.0,20.0,True,1.0,2.5,4.908738521234052,0.1,0.3,35.26315789473684,3600.0,9.7953216374269,32.65107212475633,derived_from_throughput,0.41572636207239716,4.157263620723971,0.6157894736842106,spot_diameter,2.5,0.255999917697213,0.10239996707888518,0.10239996707888518,0.49087385212340523,0.14726215563702155,147.26215563702155,0.015079639889196673,15.079639889196674,0.3769909972299169,376.9909972299169,0.0906824853133238,90.68248531332381,15.079639889196674
E,10.0,78.53981633974483,80.0,0.5,40.0,20.0,20.0,True,1.0,2.5,4.908738521234052,0.1,0.3,35.26315789473684,3600.0,9.7953216374269,32.65107212475633,derived_from_throughput,0.41572636207239716,4.157263620723971,0.8736842105263158,spot_diameter,2.5,0.36321355844219966,0.14528542337687986,0.14528542337687986,0.49087385212340523,0.14726215563702155,147.26215563702155,0.02139504462911665,21.39504462911665,0.5348761157279163,534.8761157279163,0.12866062018813462,128.66062018813463,21.39504462911665
E,10.0,78.53981633974483,80.0,0.5,40.0,20.0,20.0,True,1.0,2.5,4.908738521234052,0.1,0.3,35.26315789473684,3600.0,9.7953216374269,32.65107212475633,derived_from_throughput,0.41572636207239716,4.157263620723971,1.1315789473684212,spot_diameter,2.5,0.47042719918718634,0.18817087967487453,0.18817087967487453,0.49087385212340523,0.14726215563702155,147.26215563702155,0.02771044936903663,27.710449369036628,0.6927612342259157,692.7612342259157,0.16663875506294548,166.63875506294548,27.710449369036628
E,10.0,78.53981633974483,80.0,0.5,40.0,20.0,20.0,True,1.0,2.5,4.908738521234052,0.1,0.3,35.26315789473684,3600.0,9.7953216374269,32.65107212475633,derived_from_throughput,0.41572636207239716,4.157263620723971,1.3894736842105266,spot_diameter,2.5,0.5776408399321731,0.23105633597286923,0.23105633597286923,0.49087385212340523,0.14726215563702155,147.26215563702155,0.03402585410895661,34.02585410895661,0.8506463527239152,850.6463527239152,0.2046168899377563,204.61688993775633,34.02585410895661
E,10.0,78.53981633974483,80.0,0.5,40.0,20.0,20.0,True,1.0,2.5,4.908738521234052,0.1,0.3,35.26315789473684,3600.0,9.7953216374269,32.65107212475633,derived_from_throughput,0.41572636207239716,4.157263620723971,1.6473684210526318,spot_diameter,2.5,0.6848544806771596,0.27394179227086385,0.27394179227086385,0.49087385212340523,0.14726215563702155,147.26215563702155,0.04034125884887658,40.34125884887658,1.0085314712219144,1008.5314712219144,0.24259502481256712,242.59502481256712,40.34125884887658
E,10.0,78.53981633974483,80.0,0.5,40.0,20.0,20.0,True,1.0,2.5,4.908738521234052,0.1,0.3,35.26315789473684,3600.0,9.7953216374269,32.65107212475633,derived_from_throughput,0.41572636207239716,4.157263620723971,1.905263157894737,spot_diameter,2.5,0.7920681214221462,0.31682724856885847,0.31682724856885847,0.49087385212340523,0.14726215563702155,147.26215563702155,0.04665666358879655,46.65666358879655,1.166416589719914,1166.4165897199139,0.28057315968737795,280.57315968737794,46.65666358879655
E,10.0,78.53981633974483,80.0,0.5,40.0,20.0,20.0,True,1.0,2.5,4.908738521234052,0.1,0.3,35.26315789473684,3600.0,9.7953216374269,32.65107212475633,derived_from_throughput,0.41572636207239716,4.157263620723971,2.1631578947368424,spot_diameter,2.5,0.899281762167133,0.3597127048668532,0.3597127048668532,0.49087385212340523,0.14726215563702155,147.26215563702155,0.05297206832871654,52.97206832871654,1.3243017082179134,1324.3017082179133,0.3185512945621888,318.5512945621888,52.97206832871654
E,10.0,78.53981633974483,80.0,0.5,40.0,20.0,20.0,True,1.0,2.5,4.908738521234052,0.1,0.3,35.26315789473684,3600.0,9.7953216374269,32.65107212475633,derived_from_throughput,0.41572636207239716,4.157263620723971,2.421052631578948,spot_diameter,2.5,1.0064954029121196,0.4025981611648478,0.4025981611648478,0.49087385212340523,0.14726215563702155,147.26215563702155,0.059287473068636506,59.28747306863651,1.4821868267159128,1482.1868267159127,0.3565294294369996,356.52942943699964,59.28747306863651
E,10.0,78.53981633974483,80.0,0.5,40.0,20.0,20.0,True,1.0,2.5,4.908738521234052,0.1,0.3,35.26315789473684,3600.0,9.7953216374269,32.65107212475633,derived_from_throughput,0.41572636207239716,4.157263620723971,2.678947368421053,spot_diameter,2.5,1.1137090436571062,0.4454836174628425,0.4454836174628425,0.49087385212340523,0.14726215563702155,147.26215563702155,0.06560287780855648,65.60287780855647,1.6400719452139123,1640.0719452139124,0.39450756431181044,394.5075643118104,65.60287780855647
E,10.0,78.53981633974483,80.0,0.5,40.0,20.0,20.0,True,1.0,2.5,4.908738521234052,0.1,0.3,35.26315789473684,3600.0,9.7953216374269,32.65107212475633,derived_from_throughput,0.41572636207239716,4.157263620723971,2.936842105263158,spot_diameter,2.5,1.2209226844020928,0.48836907376083716,0.48836907376083716,0.49087385212340523,0.14726215563702155,147.26215563702155,0.07191828254847646,71.91828254847645,1.7979570637119113,1797.9570637119114,0.4324856991866212,432.4856991866212,71.91828254847645
E,10.0,78.53981633974483,80.0,0.5,40.0,20.0,20.0,True,1.0,2.5,4.908738521234052,0.1,0.3,35.26315789473684,3600.0,9.7953216374269,32.65107212475633,derived_from_throughput,0.41572636207239716,4.157263620723971,3.1947368421052635,spot_diameter,2.5,1.3281363251470795,0.5312545300588318,0.5312545300588318,0.49087385212340523,0.14726215563702155,147.26215563702155,0.07823368728839644,78.23368728839644,1.9558421822099108,1955.8421822099108,0.47046383406143205,470.46383406143207,78.23368728839644
E,10.0,78.53981633974483,80.0,0.5,40.0,20.0,20.0,True,1.0,2.5,4.908738521234052,0.1,0.3,35.26315789473684,3600.0,9.7953216374269,32.65107212475633,derived_from_throughput,0.41572636207239716,4.157263620723971,3.452631578947369,spot_diameter,2.5,1.435349965892066,0.5741399863568264,0.5741399863568264,0.49087385212340523,0.14726215563702155,147.26215563702155,0.0845490920283164,84.5490920283164,2.1137273007079105,2113.7273007079107,0.5084419689362429,508.4419689362429,84.5490920283164
E,10.0,78.53981633974483,80.0,0.5,40.0,20.0,20.0,True,1.0,2.5,4.908738521234052,0.1,0.3,35.26315789473684,3600.0,9.7953216374269,32.65107212475633,derived_from_throughput,0.41572636207239716,4.157263620723971,3.710526315789474,spot_diameter,2.5,1.5425636066370527,0.6170254426548211,0.6170254426548211,0.49087385212340523,0.14726215563702155,147.26215563702155,0.09086449676823638,90.86449676823638,2.2716124192059097,2271.6124192059096,0.5464201038110537,546.4201038110537,90.86449676823638
E,10.0,78.53981633974483,80.0,0.5,40.0,20.0,20.0,True,1.0,2.5,4.908738521234052,0.1,0.3,35.26315789473684,3600.0,9.7953216374269,32.65107212475633,derived_from_throughput,0.41572636207239716,4.157263620723971,3.9684210526315793,spot_diameter,2.5,1.6497772473820393,0.6599108989528157,0.6599108989528157,0.49087385212340523,0.14726215563702155,147.26215563702155,0.09717990150815635,97.17990150815635,2.429497537703909,2429.497537703909,0.5843982386858645,584.3982386858645,97.17990150815635
E,10.0,78.53981633974483,80.0,0.5,40.0,20.0,20.0,True,1.0,2.5,4.908738521234052,0.1,0.3,35.26315789473684,3600.0,9.7953216374269,32.65107212475633,derived_from_throughput,0.41572636207239716,4.157263620723971,4.226315789473684,spot_diameter,2.5,1.756990888127026,0.7027963552508104,0.7027963552508104,0.49087385212340523,0.14726215563702155,147.26215563702155,0.10349530624807633,103.49530624807633,2.587382656201908,2587.382656201908,0.6223763735606753,622.3763735606753,103.49530624807633
E,10.0,78.53981633974483,80.0,0.5,40.0,20.0,20.0,True,1.0,2.5,4.908738521234052,0.1,0.3,35.26315789473684,3600.0,9.7953216374269,32.65107212475633,derived_from_throughput,0.41572636207239716,4.157263620723971,4.484210526315789,spot_diameter,2.5,1.8642045288720124,0.745681811548805,0.745681811548805,0.49087385212340523,0.14726215563702155,147.26215563702155,0.10981071098799629,109.81071098799629,2.7452677746999075,2745.2677746999075,0.660354508435486,660.3545084354861,109.81071098799629
E,10.0,78.53981633974483,80.0,0.5,40.0,20.0,20.0,True,1.0,2.5,4.908738521234052,0.1,0.3,35.26315789473684,3600.0,9.7953216374269,32.65107212475633,derived_from_throughput,0.41572636207239716,4.157263620723971,4.742105263157895,spot_diameter,2.5,1.9714181696169992,0.7885672678467996,0.7885672678467996,0.49087385212340523,0.14726215563702155,147.26215563702155,0.11612611572791627,116.12611572791627,2.903152893197907,2903.1528931979074,0.698332643310297,698.3326433102969,116.12611572791627
E,10.0,78.53981633974483,80.0,0.5,40.0,20.0,20.0,True,1.0,2.5,4.908738521234052,0.1,0.3,35.26315789473684,3600.0,9.7953216374269,32.65107212475633,derived_from_throughput,0.41572636207239716,4.157263620723971,5.0,spot_diameter,2.5,2.0786318103619856,0.8314527241447942,0.8314527241447942,0.49087385212340523,0.14726215563702155,147.26215563702155,0.12244152046783623,122.44152046783623,3.0610380116959064,3061.0380116959063,0.7363107781851077,736.3107781851077,122.44152046783623
E,10.0,78.53981633974483,80.0,0.5,40.0,20.0,20.0,True,1.0,2.5,4.908738521234052,0.1,0.3,39.473684210526315,3600.0,10.964912280701753,36.54970760233918,derived_from_throughput,0.4653653306780566,4.653653306780566,0.1,spot_diameter,2.5,0.04653653306780566,0.018614613227122264,0.018614613227122264,0.49087385212340523,0.14726215563702155,147.26215563702155,0.002741228070175439,2.741228070175439,0.06853070175438597,68.53070175438597,0.014726215563702155,14.726215563702155,2.741228070175439
E,10.0,78.53981633974483,80.0,0.5,40.0,20.0,20.0,True,1.0,2.5,4.908738521234052,0.1,0.3,39.473684210526315,3600.0,10.964912280701753,36.54970760233918,derived_from_throughput,0.4653653306780566,4.653653306780566,0.35789473684210527,spot_diameter,2.5,0.16655180255846236,0.06662072102338494,0.06662072102338494,0.49087385212340523,0.14726215563702155,147.26215563702155,0.009810710987996307,9.810710987996307,0.24526777469990768,245.26777469990768,0.05270435043851298,52.70435043851298,9.810710987996307
E,10.0,78.53981633974483,80.0,0.5,40.0,20.0,20.0,True,1.0,2.5,4.908738521234052,0.1,0.3,39.473684210526315,3600.0,10.964912280701753,36.54970760233918,derived_from_throughput,0.4653653306780566,4.653653306780566,0.6157894736842106,spot_diameter,2.5,0.2865670720491191,0.11462682881964763,0.11462682881964763,0.49087385212340523,0.14726215563702155,147.26215563702155,0.016880193905817176,16.880193905817176,0.4220048476454294,422.0048476454294,0.0906824853133238,90.68248531332381,16.880193905817176
E,10.0,78.53981633974483,80.0,0.5,40.0,20.0,20.0,True,1.0,2.5,4.908738521234052,0.1,0.3,39.473684210526315,3600.0,10.964912280701753,36.54970760233918,derived_from_throughput,0.4653653306780566,4.653653306780566,0.8736842105263158,spot_diameter,2.5,0.4065823415397758,0.16263293661591033,0.16263293661591033,0.49087385212340523,0.14726215563702155,147.26215563702155,0.02394967682363805,23.94967682363805,0.5987419205909511,598.741920590951,0.12866062018813462,128.66062018813463,23.94967682363805
E,10.0,78.53981633974483,80.0,0.5,40.0,20.0,20.0,True,1.0,2.5,4.908738521234052,0.1,0.3,39.473684210526315,3600.0,10.964912280701753,36.54970760233918,derived_from_throughput,0.4653653306780566,4.653653306780566,1.1315789473684212,spot_diameter,2.5,0.5265976110304326,0.21063904441217302,0.21063904441217302,0.49087385212340523,0.14726215563702155,147.26215563702155,0.031019159741458916,31.019159741458918,0.775478993536473,775.478993536473,0.16663875506294548,166.63875506294548,31.019159741458918
E,10.0,78.53981633974483,80.0,0.5,40.0,20.0,20.0,True,1.0,2.5,4.908738521234052,0.1,0.3,39.473684210526315,3600.0,10.964912280701753,36.54970760233918,derived_from_throughput,0.4653653306780566,4.653653306780566,1.3894736842105266,spot_diameter,2.5,0.6466128805210893,0.25864515220843576,0.25864515220843576,0.49087385212340523,0.14726215563702155,147.26215563702155,0.038088642659279796,38.0886426592798,0.9522160664819947,952.2160664819947,0.2046168899377563,204.61688993775633,38.0886426592798
E,10.0,78.53981633974483,80.0,0.5,40.0,20.0,20.0,True,1.0,2.5,4.908738521234052,0.1,0.3,39.473684210526315,3600.0,10.964912280701753,36.54970760233918,derived_from_throughput,0.4653653306780566,4.653653306780566,1.6473684210526318,spot_diameter,2.5,0.7666281500117459,0.30665126000469833,0.30665126000469833,0.49087385212340523,0.14726215563702155,147.26215563702155,0.045158125577100645,45.15812557710065,1.1289531394275163,1128.9531394275164,0.24259502481256712,242.59502481256712,45.15812557710065
E,10.0,78.53981633974483,80.0,0.5,40.0,20.0,20.0,True,1.0,2.5,4.908738521234052,0.1,0.3,39.473684210526315,3600.0,10.964912280701753,36.54970760233918,derived_from_throughput,0.4653653306780566,4.653653306780566,1.905263157894737,spot_diameter,2.5,0.8866434195024026,0.354657367800961,0.354657367800961,0.49087385212340523,0.14726215563702155,147.26215563702155,0.052227608494921515,52.22760849492151,1.305690212373038,1305.690212373038,0.28057315968737795,280.57315968737794,52.22760849492151
E,10.0,78.53981633974483,80.0,0.5,40.0,20.0,20.0,True,1.0,2.5,4.908738521234052,0.1,0.3,39.473684210526315,3600.0,10.964912280701753,36.54970760233918,derived_from_throughput,0.4653653306780566,4.653653306780566,2.1631578947368424,spot_diameter,2.5,1.0066586889930593,0.4026634755972237,0.4026634755972237,0.49087385212340523,0.14726215563702155,147.26215563702155,0.059297091412742385,59.29709141274238,1.4824272853185598,1482.4272853185598,0.3185512945621888,318.5512945621888,59.29709141274238
E,10.0,78.53981633974483,80.0,0.5,40.0,20.0,20.0,True,1.0,2.5,4.908738521234052,0.1,0.3,39.473684210526315,3600.0,10.964912280701753,36.54970760233918,derived_from_throughput,0.4653653306780566,4.653653306780566,2.421052631578948,spot_diameter,2.5,1.1266739584837162,0.4506695833934865,0.4506695833934865,0.49087385212340523,0.14726215563702155,147.26215563702155,0.06636657433056327,66.36657433056327,1.6591643582640816,1659.1643582640816,0.3565294294369996,356.52942943699964,66.36657433056327
E,10.0,78.53981633974483,80.0,0.5,40.0,20.0,20.0,True,1.0,2.5,4.908738521234052,0.1,0.3,39.473684210526315,3600.0,10.964912280701753,36.54970760233918,derived_from_throughput,0.4653653306780566,4.653653306780566,2.678947368421053,spot_diameter,2.5,1.2466892279743729,0.49867569118974914,0.49867569118974914,0.49087385212340523,0.14726215563702155,147.26215563702155,0.07343605724838413,73.43605724838413,1.8359014312096034,1835.9014312096033,0.39450756431181044,394.5075643118104,73.43605724838413
E,10.0,78.53981633974483,80.0,0.5,40.0,20.0,20.0,True,1.0,2.5,4.908738521234052,0.1,0.3,39.473684210526315,3600.0,10.964912280701753,36.54970760233918,derived_from_throughput,0.4653653306780566,4.653653306780566,2.936842105263158,spot_diameter,2.5,1.3667044974650295,0.5466817989860118,0.5466817989860118,0.49087385212340523,0.14726215563702155,147.26215563702155,0.080505540166205,80.505540166205,2.012638504155125,2012.638504155125,0.4324856991866212,432.4856991866212,80.505540166205
E,10.0,78.53981633974483,80.0,0.5,40.0,20.0,20.0,True,1.0,2.5,4.908738521234052,0.1,0.3,39.473684210526315,3600.0,10.964912280701753,36.54970760233918,derived_from_throughput,0.4653653306780566,4.653653306780566,3.1947368421052635,spot_diameter,2.5,1.4867197669556862,0.5946879067822745,0.5946879067822745,0.49087385212340523,0.14726215563702155,147.26215563702155,0.08757502308402587,87.57502308402587,2.189375577100647,2189.3755771006468,0.47046383406143205,470.46383406143207,87.57502308402587
E,10.0,78.53981633974483,80.0,0.5,40.0,20.0,20.0,True,1.0,2.5,4.908738521234052,0.1,0.3,39.473684210526315,3600.0,10.964912280701753,36.54970760233918,derived_from_throughput,0.4653653306780566,4.653653306780566,3.452631578947369,spot_diameter,2.5,1.6067350364463429,0.6426940145785371,0.6426940145785371,0.49087385212340523,0.14726215563702155,147.26215563702155,0.09464450600184673,94.64450600184674,2.3661126500461687,2366.1126500461687,0.5084419689362429,508.4419689362429,94.64450600184674
E,10.0,78.53981633974483,80.0,0.5,40.0,20.0,20.0,True,1.0,2.5,4.908738521234052,0.1,0.3,39.473684210526315,3600.0,10.964912280701753,36.54970760233918,derived_from_throughput,0.4653653306780566,4.653653306780566,3.710526315789474,spot_diameter,2.5,1.7267503059369995,0.6907001223747998,0.6907001223747998,0.49087385212340523,0.14726215563702155,147.26215563702155,0.10171398891966761,101.71398891966761,2.54284972299169,2542.84972299169,0.5464201038110537,546.4201038110537,101.71398891966761
E,10.0,78.53981633974483,80.0,0.5,40.0,20.0,20.0,True,1.0,2.5,4.908738521234052,0.1,0.3,39.473684210526315,3600.0,10.964912280701753,36.54970760233918,derived_from_throughput,0.4653653306780566,4.653653306780566,3.9684210526315793,spot_diameter,2.5,1.8467655754276562,0.7387062301710625,0.7387062301710625,0.49087385212340523,0.14726215563702155,147.26215563702155,0.10878347183748847,108.78347183748848,2.7195867959372118,2719.5867959372117,0.5843982386858645,584.3982386858645,108.78347183748848
E,10.0,78.53981633974483,80.0,0.5,40.0,20.0,20.0,True,1.0,2.5,4.908738521234052,0.1,0.3,39.473684210526315,3600.0,10.964912280701753,36.54970760233918,derived_from_throughput,0.4653653306780566,4.653653306780566,4.226315789473684,spot_diameter,2.5,1.9667808449183128,0.7867123379673251,0.7867123379673251,0.49087385212340523,0.14726215563702155,147.26215563702155,0.11585295475530932,115.85295475530933,2.8963238688827335,2896.3238688827337,0.6223763735606753,622.3763735606753,115.85295475530933
E,10.0,78.53981633974483,80.0,0.5,40.0,20.0,20.0,True,1.0,2.5,4.908738521234052,0.1,0.3,39.473684210526315,3600.0,10.964912280701753,36.54970760233918,derived_from_throughput,0.4653653306780566,4.653653306780566,4.484210526315789,spot_diameter,2.5,2.0867961144089695,0.8347184457635878,0.8347184457635878,0.49087385212340523,0.14726215563702155,147.26215563702155,0.1229224376731302,122.9224376731302,3.073060941828255,3073.0609418282547,0.660354508435486,660.3545084354861,122.9224376731302
E,10.0,78.53981633974483,80.0,0.5,40.0,20.0,20.0,True,1.0,2.5,4.908738521234052,0.1,0.3,39.473684210526315,3600.0,10.964912280701753,36.54970760233918,derived_from_throughput,0.4653653306780566,4.653653306780566,4.742105263157895,spot_diameter,2.5,2.2068113838996264,0.8827245535598506,0.8827245535598506,0.49087385212340523,0.14726215563702155,147.26215563702155,0.12999192059095108,129.99192059095108,3.249798014773777,3249.798014773777,0.698332643310297,698.3326433102969,129.99192059095108
E,10.0,78.53981633974483,80.0,0.5,40.0,20.0,20.0,True,1.0,2.5,4.908738521234052,0.1,0.3,39.473684210526315,3600.0,10.964912280701753,36.54970760233918,derived_from_throughput,0.4653653306780566,4.653653306780566,5.0,spot_diameter,2.5,2.326826653390283,0.9307306613561132,0.9307306613561132,0.49087385212340523,0.14726215563702155,147.26215563702155,0.13706140350877194,137.06140350877195,3.4265350877192984,3426.535087719298,0.7363107781851077,736.3107781851077,137.06140350877195
E,10.0,78.53981633974483,80.0,0.5,40.0,20.0,20.0,True,1.0,2.5,4.908738521234052,0.1,0.3,43.68421052631579,3600.0,12.134502923976607,40.448343079922026,derived_from_throughput,0.5150042992837158,5.150042992837158,0.1,spot_diameter,2.5,0.05150042992837159,0.020600171971348634,0.020600171971348634,0.49087385212340523,0.14726215563702155,147.26215563702155,0.003033625730994152,3.0336257309941517,0.07584064327485379,75.84064327485379,0.014726215563702155,14.726215563702155,3.0336257309941517
E,10.0,78.53981633974483,80.0,0.5,40.0,20.0,20.0,True,1.0,2.5,4.908738521234052,0.1,0.3,43.68421052631579,3600.0,12.134502923976607,40.448343079922026,derived_from_throughput,0.5150042992837158,5.150042992837158,0.35789473684210527,spot_diameter,2.5,0.18431732816469829,0.07372693126587931,0.07372693126587931,0.49087385212340523,0.14726215563702155,147.26215563702155,0.01085718682671591,10.85718682671591,0.2714296706678978,271.4296706678978,0.05270435043851298,52.70435043851298,10.85718682671591
E,10.0,78.53981633974483,80.0,0.5,40.0,20.0,20.0,True,1.0,2.5,4.908738521234052,0.1,0.3,43.68421052631579,3600.0,12.134502923976607,40.448343079922026,derived_from_throughput,0.5150042992837158,5.150042992837158,0.6157894736842106,spot_diameter,2.5,0.317134226401025,0.12685369056041002,0.12685369056041002,0.49087385212340523,0.14726215563702155,147.26215563702155,0.018680747922437672,18.68074792243767,0.4670186980609418,467.0186980609418,0.0906824853133238,90.68248531332381,18.68074792243767
E,10.0,78.53981633974483,80.0,0.5,40.0,20.0,20.0,True,1.0,2.5,4.908738521234052,0.1,0.3,43.68421052631579,3600.0,12.134502923976607,40.448343079922026,derived_from_throughput,0.5150042992837158,5.150042992837158,0.8736842105263158,spot_diameter,2.5,0.44995112463735176,0.17998044985494072,0.17998044985494072,0.49087385212340523,0.14726215563702155,147.26215563702155,0.026504309018159432,26.504309018159432,0.6626077254539858,662.6077254539858,0.12866062018813462,128.66062018813463,26.504309018159432
E,10.0,78.53981633974483,80.0,0.5,40.0,20.0,20.0,True,1.0,2.5,4.908738521234052,0.1,0.3,43.68421052631579,3600.0,12.134502923976607,40.448343079922026,derived_from_throughput,0.5150042992837158,5.150042992837158,1.1315789473684212,spot_diameter,2.5,0.5827680228736786,0.23310720914947142,0.23310720914947142,0.49087385212340523,0.14726215563702155,147.26215563702155,0.03432787011388119,34.32787011388119,0.8581967528470299,858.1967528470299,0.16663875506294548,166.63875506294548,34.32787011388119
E,10.0,78.53981633974483,80.0,0.5,40.0,20.0,20.0,True,1.0,2.5,4.908738521234052,0.1,0.3,43.68421052631579,3600.0,12.134502923976607,40.448343079922026,derived_from_throughput,0.5150042992837158,5.150042992837158,1.3894736842105266,spot_diameter,2.5,0.7155849211100053,0.2862339684440021,0.2862339684440021,0.49087385212340523,0.14726215563702155,147.26215563702155,0.042151431209602956,42.151431209602954,1.053785780240074,1053.785780240074,0.2046168899377563,204.61688993775633,42.151431209602954
E,10.0,78.53981633974483,80.0,0.5,40.0,20.0,20.0,True,1.0,2.5,4.908738521234052,0.1,0.3,43.68421052631579,3600.0,12.134502923976607,40.448343079922026,derived_from_throughput,0.5150042992837158,5.150042992837158,1.6473684210526318,spot_diameter,2.5,0.848401819346332,0.33936072773853276,0.33936072773853276,0.49087385212340523,0.14726215563702155,147.26215563702155,0.049974992305324706,49.974992305324704,1.249374807633118,1249.3748076331178,0.24259502481256712,242.59502481256712,49.974992305324704
E,10.0,78.53981633974483,80.0,0.5,40.0,20.0,20.0,True,1.0,2.5,4.908738521234052,0.1,0.3,43.68421052631579,3600.0,12.134502923976607,40.448343079922026,derived_from_throughput,0.5150042992837158,5.150042992837158,1.905263157894737,spot_diameter,2.5,0.9812187175826587,0.39248748703306346,0.39248748703306346,0.49087385212340523,0.14726215563702155,147.26215563702155,0.05779855340104647,57.79855340104647,1.4449638350261618,1444.9638350261619,0.28057315968737795,280.57315968737794,57.79855340104647
E,10.0,78.53981633974483,80.0,0.5,40.0,20.0,20.0,True,1.0,2.5,4.908738521234052,0.1,0.3,43.68421052631579,3600.0,12.134502923976607,40.448343079922026,derived_from_throughput,0.5150042992837158,5.150042992837158,2.1631578947368424,spot_diameter,2.5,1.1140356158189855,0.44561424632759417,0.44561424632759417,0.49087385212340523,0.14726215563702155,147.26215563702155,0.06562211449676823,65.62211449676823,1.6405528624192058,1640.552862419206,0.3185512945621888,318.5512945621888,65.62211449676823
E,10.0,78.53981633974483,80.0,0.5,40.0,20.0,20.0,True,1.0,2.5,4.908738521234052,0.1,0.3,43.68421052631579,3600.0,12.134502923976607,40.448343079922026,derived_from_throughput,0.5150042992837158,5.150042992837158,2.421052631578948,spot_diameter,2.5,1.2468525140553122,0.49874100562212487,0.49874100562212487,0.49087385212340523,0.14726215563702155,147.26215563702155,0.07344567559248999,73.44567559248999,1.83614188981225,1836.14188981225,0.3565294294369996,356.52942943699964,73.44567559248999
E,10.0,78.53981633974483,80.0,0.5,40.0,20.0,20.0,True,1.0,2.5,4.908738521234052,0.1,0.3,43.68421052631579,3600.0,12.134502923976607,40.448343079922026,derived_from_throughput,0.5150042992837158,5.150042992837158,2.678947368421053,spot_diameter,2.5,1.379669412291639,0.5518677649166557,0.5518677649166557,0.49087385212340523,0.14726215563702155,147.26215563702155,0.08126923668821177,81.26923668821178,2.031730917205294,2031.730917205294,0.39450756431181044,394.5075643118104,81.26923668821178
E,10.0,78.53981633974483,80.0,0.5,40.0,20.0,20.0,True,1.0,2.5,4.908738521234052,0.1,0.3,43.68421052631579,3600.0,12.134502923976607,40.448343079922026,derived_from_throughput,0.5150042992837158,5.150042992837158,2.936842105263158,spot_diameter,2.5,1.5124863105279656,0.6049945242111863,0.6049945242111863,0.49087385212340523,0.14726215563702155,147.26215563702155,0.08909279778393352,89.09279778393352,2.227319944598338,2227.3199445983378,0.4324856991866212,432.4856991866212,89.09279778393352
E,10.0,78.53981633974483,80.0,0.5,40.0,20.0,20.0,True,1.0,2.5,4.908738521234052,0.1,0.3,43.68421052631579,3600.0,12.134502923976607,40.448343079922026,derived_from_throughput,0.5150042992837158,5.150042992837158,3.1947368421052635,spot_diameter,2.5,1.6453032087642923,0.6581212835057169,0.6581212835057169,0.49087385212340523,0.14726215563702155,147.26215563702155,0.09691635887965526,96.91635887965526,2.422908971991382,2422.9089719913823,0.47046383406143205,470.46383406143207,96.91635887965526
E,10.0,78.53981633974483,80.0,0.5,40.0,20.0,20.0,True,1.0,2.5,4.908738521234052,0.1,0.3,43.68421052631579,3600.0,12.134502923976607,40.448343079922026,derived_from_throughput,0.5150042992837158,5.150042992837158,3.452631578947369,spot_diameter,2.5,1.7781201070006192,0.7112480428002477,0.7112480428002477,0.49087385212340523,0.14726215563702155,147.26215563702155,0.10473991997537704,104.73991997537705,2.618497999384426,2618.497999384426,0.5084419689362429,508.4419689362429,104.73991997537705
E,10.0,78.53981633974483,80.0,0.5,40.0,20.0,20.0,True,1.0,2.5,4.908738521234052,0.1,0.3,43.68421052631579,3600.0,12.134502923976607,40.448343079922026,derived_from_throughput,0.5150042992837158,5.150042992837158,3.710526315789474,spot_diameter,2.5,1.9109370052369457,0.7643748020947783,0.7643748020947783,0.49087385212340523,0.14726215563702155,147.26215563702155,0.11256348107109879,112.56348107109879,2.81408702677747,2814.08702677747,0.5464201038110537,546.4201038110537,112.56348107109879
E,10.0,78.53981633974483,80.0,0.5,40.0,20.0,20.0,True,1.0,2.5,4.908738521234052,0.1,0.3,43.68421052631579,3600.0,12.134502923976607,40.448343079922026,derived_from_throughput,0.5150042992837158,5.150042992837158,3.9684210526315793,spot_diameter,2.5,2.0437539034732723,0.817501561389309,0.817501561389309,0.49087385212340523,0.14726215563702155,147.26215563702155,0.12038704216682054,120.38704216682055,3.009676054170514,3009.676054170514,0.5843982386858645,584.3982386858645,120.38704216682055
E,10.0,78.53981633974483,80.0,0.5,40.0,20.0,20.0,True,1.0,2.5,4.908738521234052,0.1,0.3,43.68421052631579,3600.0,12.134502923976607,40.448343079922026,derived_from_throughput,0.5150042992837158,5.150042992837158,4.226315789473684,spot_diameter,2.5,2.176570801709599,0.8706283206838397,0.8706283206838397,0.49087385212340523,0.14726215563702155,147.26215563702155,0.1282106032625423,128.2106032625423,3.2052650815635575,3205.2650815635575,0.6223763735606753,622.3763735606753,128.2106032625423
E,10.0,78.53981633974483,80.0,0.5,40.0,20.0,20.0,True,1.0,2.5,4.908738521234052,0.1,0.3,43.68421052631579,3600.0,12.134502923976607,40.448343079922026,derived_from_throughput,0.5150042992837158,5.150042992837158,4.484210526315789,spot_diameter,2.5,2.3093876999459257,0.9237550799783703,0.9237550799783703,0.49087385212340523,0.14726215563702155,147.26215563702155,0.13603416435826404,136.03416435826404,3.4008541089566013,3400.8541089566015,0.660354508435486,660.3545084354861,136.03416435826404
E,10.0,78.53981633974483,80.0,0.5,40.0,20.0,20.0,True,1.0,2.5,4.908738521234052,0.1,0.3,43.68421052631579,3600.0,12.134502923976607,40.448343079922026,derived_from_throughput,0.5150042992837158,5.150042992837158,4.742105263157895,spot_diameter,2.5,2.4422045981822524,0.976881839272901,0.976881839272901,0.49087385212340523,0.14726215563702155,147.26215563702155,0.1438577254539858,143.8577254539858,3.5964431363496456,3596.4431363496456,0.698332643310297,698.3326433102969,143.8577254539858
E,10.0,78.53981633974483,80.0,0.5,40.0,20.0,20.0,True,1.0,2.5,4.908738521234052,0.1,0.3,43.68421052631579,3600.0,12.134502923976607,40.448343079922026,derived_from_throughput,0.5150042992837158,5.150042992837158,5.0,spot_diameter,2.5,2.575021496418579,1.0,1.0,0.49087385212340523,0.14726215563702155,147.26215563702155,0.14726215563702155,147.26215563702155,3.7920321637426895,3792.0321637426896,0.7363107781851077,736.3107781851077,147.26215563702155
E,10.0,78.53981633974483,80.0,0.5,40.0,20.0,20.0,True,1.0,2.5,4.908738521234052,0.1,0.3,47.89473684210526,3600.0,13.304093567251462,44.346978557504876,derived_from_throughput,0.5646432678893752,5.646432678893753,0.1,spot_diameter,2.5,0.05646432678893753,0.02258573071557501,0.02258573071557501,0.49087385212340523,0.14726215563702155,147.26215563702155,0.0033260233918128656,3.3260233918128654,0.08315058479532164,83.15058479532163,0.014726215563702155,14.726215563702155,3.3260233918128654
E,10.0,78.53981633974483,80.0,0.5,40.0,20.0,20.0,True,1.0,2.5,4.908738521234052,0.1,0.3,47.89473684210526,3600.0,13.304093567251462,44.346978557504876,derived_from_throughput,0.5646432678893752,5.646432678893753,0.35789473684210527,spot_diameter,2.5,0.2020828537709343,0.08083314150837372,0.08083314150837372,0.49087385212340523,0.14726215563702155,147.26215563702155,0.011903662665435516,11.903662665435517,0.297591566635888,297.591566635888,0.05270435043851298,52.70435043851298,11.903662665435517
E,10.0,78.53981633974483,80.0,0.5,40.0,20.0,20.0,True,1.0,2.5,4.908738521234052,0.1,0.3,47.89473684210526,3600.0,13.304093567251462,44.346978557504876,derived_from_throughput,0.5646432678893752,5.646432678893753,0.6157894736842106,spot_diameter,2.5,0.3477013807529311,0.13908055230117244,0.13908055230117244,0.49087385212340523,0.14726215563702155,147.26215563702155,0.020481301939058172,20.48130193905817,0.5120325484764543,512.0325484764543,0.0906824853133238,90.68248531332381,20.48130193905817
E,10.0,78.53981633974483,80.0,0.5,40.0,20.0,20.0,True,1.0,2.5,4.908738521234052,0.1,0.3,47.89473684210526,3600.0,13.304093567251462,44.346978557504876,derived_from_throughput,0.5646432678893752,5.646432678893753,0.8736842105263158,spot_diameter,2.5,0.4933199077349279,0.19732796309397116,0.19732796309397116,0.49087385212340523,0.14726215563702155,147.26215563702155,0.029058941212680826,29.058941212680825,0.7264735303170207,726.4735303170206,0.12866062018813462,128.66062018813463,29.058941212680825
E,10.0,78.53981633974483,80.0,0.5,40.0,20.0,20.0,True,1.0,2.5,4.908738521234052,0.1,0.3,47.89473684210526,3600.0,13.304093567251462,44.346978557504876,derived_from_throughput,0.5646432678893752,5.646432678893753,1.1315789473684212,spot_diameter,2.5,0.6389384347169247,0.2555753738867699,0.2555753738867699,0.49087385212340523,0.14726215563702155,147.26215563702155,0.03763658048630348,37.63658048630348,0.940914512157587,940.9145121575871,0.16663875506294548,166.63875506294548,37.63658048630348
E,10.0,78.53981633974483,80.0,0.5,40.0,20.0,20.0,True,1.0,2.5,4.908738521234052,0.1,0.3,47.89473684210526,3600.0,13.304093567251462,44.346978557504876,derived_from_throughput,0.5646432678893752,5.646432678893753,1.3894736842105266,spot_diameter,2.5,0.7845569616989215,0.3138227846795686,0.3138227846795686,0.49087385212340523,0.14726215563702155,147.26215563702155,0.04621421975992613,46.21421975992613,1.1553554939981536,1155.3554939981536,0.2046168899377563,204.61688993775633,46.21421975992613
E,10.0,78.53981633974483,80.0,0.5,40.0,20.0,20.0,True,1.0,2.5,4.908738521234052,0.1,0.3,47.89473684210526,3600.0,13.304093567251462,44.346978557504876,derived_from_throughput,0.5646432678893752,5.646432678893753,1.6473684210526318,spot_diameter,2.5,0.9301754886809183,0.3720701954723673,0.3720701954723673,0.49087385212340523,0.14726215563702155,147.26215563702155,0.05479185903354879,54.79185903354879,1.3697964758387198,1369.7964758387197,0.24259502481256712,242.59502481256712,54.79185903354879
E,10.0,78.53981633974483,80.0,0.5,40.0,20.0,20.0,True,1.0,2.5,4.908738521234052,0.1,0.3,47.89473684210526,3600.0,13.304093567251462,44.346978557504876,derived_from_throughput,0.5646432678893752,5.646432678893753,1.905263157894737,spot_diameter,2.5,1.075794015662915,0.430317606265166,0.430317606265166,0.49087385212340523,0.14726215563702155,147.26215563702155,0.06336949830717144,63.36949830717144,1.584237457679286,1584.2374576792859,0.28057315968737795,280.57315968737794,63.36949830717144
E,10.0,78.53981633974483,80.0,0.5,40.0,20.0,20.0,True,1.0,2.5,4.908738521234052,0.1,0.3,47.89473684210526,3600.0,13.304093567251462,44.346978557504876,derived_from_throughput,0.5646432678893752,5.646432678893753,2.1631578947368424,spot_diameter,2.5,1.2214125426449118,0.48856501705796473,0.48856501705796473,0.49087385212340523,0.14726215563702155,147.26215563702155,0.07194713758079409,71.94713758079409,1.7986784395198525,1798.6784395198524,0.3185512945621888,318.5512945621888,71.94713758079409
E,10.0,78.53981633974483,80.0,0.5,40.0,20.0,20.0,True,1.0,2.5,4.908738521234052,0.1,0.3,47.89473684210526,3600.0,13.304093567251462,44.346978557504876,derived_from_throughput,0.5646432678893752,5.646432678893753,2.421052631578948,spot_diameter,2.5,1.3670310696269088,0.5468124278507636,0.5468124278507636,0.49087385212340523,0.14726215563702155,147.26215563702155,0.08052477685441677,80.52477685441677,2.013119421360419,2013.1194213604192,0.3565294294369996,356.52942943699964,80.52477685441677
E,10.0,78.53981633974483,80.0,0.5,40.0,20.0,20.0,True,1.0,2.5,4.908738521234052,0.1,0.3,47.89473684210526,3600.0,13.304093567251462,44.346978557504876,derived_from_throughput,0.5646432678893752,5.646432678893753,2.678947368421053,spot_diameter,2.5,1.5126495966089055,0.6050598386435622,0.6050598386435622,0.49087385212340523,0.14726215563702155,147.26215563702155,0.0891024161280394,89.10241612803941,2.2275604032009855,2227.5604032009855,0.39450756431181044,394.5075643118104,89.10241612803941
E,10.0,78.53981633974483,80.0,0.5,40.0,20.0,20.0,True,1.0,2.5,4.908738521234052,0.1,0.3,47.89473684210526,3600.0,13.304093567251462,44.346978557504876,derived_from_throughput,0.5646432678893752,5.646432678893753,2.936842105263158,spot_diameter,2.5,1.6582681235909023,0.6633072494363609,0.6633072494363609,0.49087385212340523,0.14726215563702155,147.26215563702155,0.09768005540166205,97.68005540166206,2.4420013850415514,2442.001385041551,0.4324856991866212,432.4856991866212,97.68005540166206
E,10.0,78.53981633974483,80.0,0.5,40.0,20.0,20.0,True,1.0,2.5,4.908738521234052,0.1,0.3,47.89473684210526,3600.0,13.304093567251462,44.346978557504876,derived_from_throughput,0.5646432678893752,5.646432678893753,3.1947368421052635,spot_diameter,2.5,1.803886650572899,0.7215546602291596,0.7215546602291596,0.49087385212340523,0.14726215563702155,147.26215563702155,0.1062576946752847,106.2576946752847,2.6564423668821178,2656.4423668821178,0.47046383406143205,470.46383406143207,106.2576946752847
E,10.0,78.53981633974483,80.0,0.5,40.0,20.0,20.0,True,1.0,2.5,4.908738521234052,0.1,0.3,47.89473684210526,3600.0,13.304093567251462,44.346978557504876,derived_from_throughput,0.5646432678893752,5.646432678893753,3.452631578947369,spot_diameter,2.5,1.949505177554896,0.7798020710219584,0.7798020710219584,0.49087385212340523,0.14726215563702155,147.26215563702155,0.11483533394890738,114.83533394890738,2.870883348722684,2870.8833487226843,0.5084419689362429,508.4419689362429,114.83533394890738
E,10.0,78.53981633974483,80.0,0.5,40.0,20.0,20.0,True,1.0,2.5,4.908738521234052,0.1,0.3,47.89473684210526,3600.0,13.304093567251462,44.346978557504876,derived_from_throughput,0.5646432678893752,5.646432678893753,3.710526315789474,spot_diameter,2.5,2.0951237045368925,0.838049481814757,0.838049481814757,0.49087385212340523,0.14726215563702155,147.26215563702155,0.12341297322253002,123.41297322253001,3.0853243305632505,3085.3243305632504,0.5464201038110537,546.4201038110537,123.41297322253001
E,10.0,78.53981633974483,80.0,0.5,40.0,20.0,20.0,True,1.0,2.5,4.908738521234052,0.1,0.3,47.89473684210526,3600.0,13.304093567251462,44.346978557504876,derived_from_throughput,0.5646432678893752,5.646432678893753,3.9684210526315793,spot_diameter,2.5,2.2407422315188894,0.8962968926075557,0.8962968926075557,0.49087385212340523,0.14726215563702155,147.26215563702155,0.13199061249615265,131.99061249615266,3.299765312403817,3299.765312403817,0.5843982386858645,584.3982386858645,131.99061249615266
E,10.0,78.53981633974483,80.0,0.5,40.0,20.0,20.0,True,1.0,2.5,4.908738521234052,0.1,0.3,47.89473684210526,3600.0,13.304093567251462,44.346978557504876,derived_from_throughput,0.5646432678893752,5.646432678893753,4.226315789473684,spot_diameter,2.5,2.386360758500886,0.9545443034003543,0.9545443034003543,0.49087385212340523,0.14726215563702155,147.26215563702155,0.1405682517697753,140.56825176977532,3.514206294244383,3514.2062942443827,0.6223763735606753,622.3763735606753,140.56825176977532
E,10.0,78.53981633974483,80.0,0.5,40.0,20.0,20.0,True,1.0,2.5,4.908738521234052,0.1,0.3,47.89473684210526,3600.0,13.304093567251462,44.346978557504876,derived_from_throughput,0.5646432678893752,5.646432678893753,4.484210526315789,spot_diameter,2.5,2.5319792854828824,1.0,1.0,0.49087385212340523,0.14726215563702155,147.26215563702155,0.14726215563702155,147.26215563702155,3.7286472760849487,3728.6472760849488,0.660354508435486,660.3545084354861,147.26215563702155
E,10.0,78.53981633974483,80.0,0.5,40.0,20.0,20.0,True,1.0,2.5,4.908738521234052,0.1,0.3,47.89473684210526,3600.0,13.304093567251462,44.346978557504876,derived_from_throughput,0.5646432678893752,5.646432678893753,4.742105263157895,spot_diameter,2.5,2.67759781246488,1.0,1.0,0.49087385212340523,0.14726215563702155,147.26215563702155,0.14726215563702155,147.26215563702155,3.9430882579255155,3943.0882579255153,0.698332643310297,698.3326433102969,147.26215563702155
E,10.0,78.53981633974483,80.0,0.5,40.0,20.0,20.0,True,1.0,2.5,4.908738521234052,0.1,0.3,47.89473684210526,3600.0,13.304093567251462,44.346978557504876,derived_from_throughput,0.5646432678893752,5.646432678893753,5.0,spot_diameter,2.5,2.8232163394468763,1.0,1.0,0.49087385212340523,0.14726215563702155,147.26215563702155,0.14726215563702155,147.26215563702155,4.157529239766082,4157.529239766082,0.7363107781851077,736.3107781851077,147.26215563702155
E,10.0,78.53981633974483,80.0,0.5,40.0,20.0,20.0,True,1.0,2.5,4.908738521234052,0.1,0.3,52.10526315789473,3600.0,14.473684210526315,48.24561403508772,derived_from_throughput,0.6142822364950347,6.142822364950346,0.1,spot_diameter,2.5,0.06142822364950347,0.024571289459801388,0.024571289459801388,0.49087385212340523,0.14726215563702155,147.26215563702155,0.0036184210526315794,3.618421052631579,0.09046052631578949,90.4605263157895,0.014726215563702155,14.726215563702155,3.618421052631579
E,10.0,78.53981633974483,80.0,0.5,40.0,20.0,20.0,True,1.0,2.5,4.908738521234052,0.1,0.3,52.10526315789473,3600.0,14.473684210526315,48.24561403508772,derived_from_throughput,0.6142822364950347,6.142822364950346,0.35789473684210527,spot_diameter,2.5,0.2198483793771703,0.08793935175086812,0.08793935175086812,0.49087385212340523,0.14726215563702155,147.26215563702155,0.012950138504155124,12.950138504155124,0.32375346260387816,323.7534626038782,0.05270435043851298,52.70435043851298,12.950138504155124
E,10.0,78.53981633974483,80.0,0.5,40.0,20.0,20.0,True,1.0,2.5,4.908738521234052,0.1,0.3,52.10526315789473,3600.0,14.473684210526315,48.24561403508772,derived_from_throughput,0.6142822364950347,6.142822364950346,0.6157894736842106,spot_diameter,2.5,0.37826853510483716,0.15130741404193487,0.15130741404193487,0.49087385212340523,0.14726215563702155,147.26215563702155,0.022281855955678675,22.281855955678676,0.5570463988919668,557.0463988919669,0.0906824853133238,90.68248531332381,22.281855955678676
E,10.0,78.53981633974483,80.0,0.5,40.0,20.0,20.0,True,1.0,2.5,4.908738521234052,0.1,0.3,52.10526315789473,3600.0,14.473684210526315,48.24561403508772,derived_from_throughput,0.6142822364950347,6.142822364950346,0.8736842105263158,spot_diameter,2.5,0.536688690832504,0.2146754763330016,0.2146754763330016,0.49087385212340523,0.14726215563702155,147.26215563702155,0.031613573407202215,31.613573407202214,0.7903393351800555,790.3393351800555,0.12866062018813462,128.66062018813463,31.613573407202214
E,10.0,78.53981633974483,80.0,0.5,40.0,20.0,20.0,True,1.0,2.5,4.908738521234052,0.1,0.3,52.10526315789473,3600.0,14.473684210526315,48.24561403508772,derived_from_throughput,0.6142822364950347,6.142822364950346,1.1315789473684212,spot_diameter,2.5,0.6951088465601709,0.2780435386240684,0.2780435386240684,0.49087385212340523,0.14726215563702155,147.26215563702155,0.04094529085872577,40.94529085872578,1.0236322714681443,1023.6322714681443,0.16663875506294548,166.63875506294548,40.94529085872578
E,10.0,78.53981633974483,80.0,0.5,40.0,20.0,20.0,True,1.0,2.5,4.908738521234052,0.1,0.3,52.10526315789473,3600.0,14.473684210526315,48.24561403508772,derived_from_throughput,0.6142822364950347,6.142822364950346,1.3894736842105266,spot_diameter,2.5,0.8535290022878378,0.3414116009151351,0.3414116009151351,0.49087385212340523,0.14726215563702155,147.26215563702155,0.05027700831024932,50.277008310249315,1.2569252077562332,1256.9252077562332,0.2046168899377563,204.61688993775633,50.277008310249315
E,10.0,78.53981633974483,80.0,0.5,40.0,20.0,20.0,True,1.0,2.5,4.908738521234052,0.1,0.3,52.10526315789473,3600.0,14.473684210526315,48.24561403508772,derived_from_throughput,0.6142822364950347,6.142822364950346,1.6473684210526318,spot_diameter,2.5,1.0119491580155047,0.40477966320620185,0.40477966320620185,0.49087385212340523,0.14726215563702155,147.26215563702155,0.05960872576177286,59.60872576177286,1.4902181440443216,1490.2181440443217,0.24259502481256712,242.59502481256712,59.60872576177286
E,10.0,78.53981633974483,80.0,0.5,40.0,20.0,20.0,True,1.0,2.5,4.908738521234052,0.1,0.3,52.10526315789473,3600.0,14.473684210526315,48.24561403508772,derived_from_throughput,0.6142822364950347,6.142822364950346,1.905263157894737,spot_diameter,2.5,1.1703693137431714,0.4681477254972686,0.4681477254972686,0.49087385212340523,0.14726215563702155,147.26215563702155,0.06894044321329641,68.94044321329642,1.7235110803324103,1723.5110803324103,0.28057315968737795,280.57315968737794,68.94044321329642
E,10.0,78.53981633974483,80.0,0.5,40.0,20.0,20.0,True,1.0,2.5,4.908738521234052,0.1,0.3,52.10526315789473,3600.0,14.473684210526315,48.24561403508772,derived_from_throughput,0.6142822364950347,6.142822364950346,2.1631578947368424,spot_diameter,2.5,1.3287894694708382,0.5315157877883353,0.5315157877883353,0.49087385212340523,0.14726215563702155,147.26215563702155,0.07827216066481996,78.27216066481995,1.956804016620499,1956.804016620499,0.3185512945621888,318.5512945621888,78.27216066481995
E,10.0,78.53981633974483,80.0,0.5,40.0,20.0,20.0,True,1.0,2.5,4.908738521234052,0.1,0.3,52.10526315789473,3600.0,14.473684210526315,48.24561403508772,derived_from_throughput,0.6142822364950347,6.142822364950346,2.421052631578948,spot_diameter,2.5,1.4872096251985052,0.594883850079402,0.594883850079402,0.49087385212340523,0.14726215563702155,147.26215563702155,0.0876038781163435,87.6038781163435,2.1900969529085876,2190.096952908588,0.3565294294369996,356.52942943699964,87.6038781163435
E,10.0,78.53981633974483,80.0,0.5,40.0,20.0,20.0,True,1.0,2.5,4.908738521234052,0.1,0.3,52.10526315789473,3600.0,14.473684210526315,48.24561403508772,derived_from_throughput,0.6142822364950347,6.142822364950346,2.678947368421053,spot_diameter,2.5,1.6456297809261722,0.6582519123704689,0.6582519123704689,0.49087385212340523,0.14726215563702155,147.26215563702155,0.09693559556786706,96.93559556786705,2.4233898891966765,2423.3898891966764,0.39450756431181044,394.5075643118104,96.93559556786705
E,10.0,78.53981633974483,80.0,0.5,40.0,20.0,20.0,True,1.0,2.5,4.908738521234052,0.1,0.3,52.10526315789473,3600.0,14.473684210526315,48.24561403508772,derived_from_throughput,0.6142822364950347,6.142822364950346,2.936842105263158,spot_diameter,2.5,1.8040499366538387,0.7216199746615355,0.7216199746615355,0.49087385212340523,0.14726215563702155,147.26215563702155,0.10626731301939059,106.26731301939058,2.656682825484765,2656.682825484765,0.4324856991866212,432.4856991866212,106.26731301939058
E,10.0,78.53981633974483,80.0,0.5,40.0,20.0,20.0,True,1.0,2.5,4.908738521234052,0.1,0.3,52.10526315789473,3600.0,14.473684210526315,48.24561403508772,derived_from_throughput,0.6142822364950347,6.142822364950346,3.1947368421052635,spot_diameter,2.5,1.9624700923815057,0.7849880369526023,0.7849880369526023,0.49087385212340523,0.14726215563702155,147.26215563702155,0.11559903047091415,115.59903047091414,2.889975761772854,2889.9757617728537,0.47046383406143205,470.46383406143207,115.59903047091414
E,10.0,78.53981633974483,80.0,0.5,40.0,20.0,20.0,True,1.0,2.5,4.908738521234052,0.1,0.3,52.10526315789473,3600.0,14.473684210526315,48.24561403508772,derived_from_throughput,0.6142822364950347,6.142822364950346,3.452631578947369,spot_diameter,2.5,2.1208902481091725,0.848356099243669,0.848356099243669,0.49087385212340523,0.14726215563702155,147.26215563702155,0.12493074792243768,124.93074792243767,3.1232686980609423,3123.2686980609424,0.5084419689362429,508.4419689362429,124.93074792243767
E,10.0,78.53981633974483,80.0,0.5,40.0,20.0,20.0,True,1.0,2.5,4.908738521234052,0.1,0.3,52.10526315789473,3600.0,14.473684210526315,48.24561403508772,derived_from_throughput,0.6142822364950347,6.142822364950346,3.710526315789474,spot_diameter,2.5,2.2793104038368392,0.9117241615347357,0.9117241615347357,0.49087385212340523,0.14726215563702155,147.26215563702155,0.13426246537396122,134.26246537396122,3.3565616343490308,3356.5616343490306,0.5464201038110537,546.4201038110537,134.26246537396122
E,10.0,78.53981633974483,80.0,0.5,40.0,20.0,20.0,True,1.0,2.5,4.908738521234052,0.1,0.3,52.10526315789473,3600.0,14.473684210526315,48.24561403508772,derived_from_throughput,0.6142822364950347,6.142822364950346,3.9684210526315793,spot_diameter,2.5,2.437730559564506,0.9750922238258024,0.9750922238258024,0.49087385212340523,0.14726215563702155,147.26215563702155,0.14359418282548478,143.59418282548478,3.5898545706371197,3589.8545706371197,0.5843982386858645,584.3982386858645,143.59418282548478
E,10.0,78.53981633974483,80.0,0.5,40.0,20.0,20.0,True,1.0,2.5,4.908738521234052,0.1,0.3,52.10526315789473,3600.0,14.473684210526315,48.24561403508772,derived_from_throughput,0.6142822364950347,6.142822364950346,4.226315789473684,spot_diameter,2.5,2.596150715292173,1.0,1.0,0.49087385212340523,0.14726215563702155,147.26215563702155,0.14726215563702155,147.26215563702155,3.823147506925208,3823.1475069252083,0.6223763735606753,622.3763735606753,147.26215563702155
E,10.0,78.53981633974483,80.0,0.5,40.0,20.0,20.0,True,1.0,2.5,4.908738521234052,0.1,0.3,52.10526315789473,3600.0,14.473684210526315,48.24561403508772,derived_from_throughput,0.6142822364950347,6.142822364950346,4.484210526315789,spot_diameter,2.5,2.7545708710198396,1.0,1.0,0.49087385212340523,0.14726215563702155,147.26215563702155,0.14726215563702155,147.26215563702155,4.0564404432132966,4056.4404432132965,0.660354508435486,660.3545084354861,147.26215563702155
E,10.0,78.53981633974483,80.0,0.5,40.0,20.0,20.0,True,1.0,2.5,4.908738521234052,0.1,0.3,52.10526315789473,3600.0,14.473684210526315,48.24561403508772,derived_from_throughput,0.6142822364950347,6.142822364950346,4.742105263157895,spot_diameter,2.5,2.9129910267475068,1.0,1.0,0.49087385212340523,0.14726215563702155,147.26215563702155,0.14726215563702155,147.26215563702155,4.289733379501386,4289.733379501386,0.698332643310297,698.3326433102969,147.26215563702155
E,10.0,78.53981633974483,80.0,0.5,40.0,20.0,20.0,True,1.0,2.5,4.908738521234052,0.1,0.3,52.10526315789473,3600.0,14.473684210526315,48.24561403508772,derived_from_throughput,0.6142822364950347,6.142822364950346,5.0,spot_diameter,2.5,3.071411182475173,1.0,1.0,0.49087385212340523,0.14726215563702155,147.26215563702155,0.14726215563702155,147.26215563702155,4.523026315789474,4523.026315789474,0.7363107781851077,736.3107781851077,147.26215563702155
E,10.0,78.53981633974483,80.0,0.5,40.0,20.0,20.0,True,1.0,2.5,4.908738521234052,0.1,0.3,56.315789473684205,3600.0,15.643274853801168,52.14424951267056,derived_from_throughput,0.663921205100694,6.63921205100694,0.1,spot_diameter,2.5,0.0663921205100694,0.02655684820402776,0.02655684820402776,0.49087385212340523,0.14726215563702155,147.26215563702155,0.003910818713450293,3.9108187134502925,0.09777046783625731,97.77046783625731,0.014726215563702155,14.726215563702155,3.9108187134502925
E,10.0,78.53981633974483,80.0,0.5,40.0,20.0,20.0,True,1.0,2.5,4.908738521234052,0.1,0.3,56.315789473684205,3600.0,15.643274853801168,52.14424951267056,derived_from_throughput,0.663921205100694,6.63921205100694,0.35789473684210527,spot_diameter,2.5,0.23761390498340626,0.0950455619933625,0.0950455619933625,0.49087385212340523,0.14726215563702155,147.26215563702155,0.01399661434287473,13.996614342874729,0.3499153585718683,349.9153585718683,0.05270435043851298,52.70435043851298,13.996614342874729
E,10.0,78.53981633974483,80.0,0.5,40.0,20.0,20.0,True,1.0,2.5,4.908738521234052,0.1,0.3,56.315789473684205,3600.0,15.643274853801168,52.14424951267056,derived_from_throughput,0.663921205100694,6.63921205100694,0.6157894736842106,spot_diameter,2.5,0.40883568945674315,0.16353427578269725,0.16353427578269725,0.49087385212340523,0.14726215563702155,147.26215563702155,0.024082409972299167,24.082409972299168,0.6020602493074793,602.0602493074792,0.0906824853133238,90.68248531332381,24.082409972299168
E,10.0,78.53981633974483,80.0,0.5,40.0,20.0,20.0,True,1.0,2.5,4.908738521234052,0.1,0.3,56.315789473684205,3600.0,15.643274853801168,52.14424951267056,derived_from_throughput,0.663921205100694,6.63921205100694,0.8736842105263158,spot_diameter,2.5,0.58005747393008,0.232022989572032,0.232022989572032,0.49087385212340523,0.14726215563702155,147.26215563702155,0.0341682056017236,34.1682056017236,0.8542051400430902,854.2051400430902,0.12866062018813462,128.66062018813463,34.1682056017236
E,10.0,78.53981633974483,80.0,0.5,40.0,20.0,20.0,True,1.0,2.5,4.908738521234052,0.1,0.3,56.315789473684205,3600.0,15.643274853801168,52.14424951267056,derived_from_throughput,0.663921205100694,6.63921205100694,1.1315789473684212,spot_diameter,2.5,0.751279258403417,0.3005117033613668,0.3005117033613668,0.49087385212340523,0.14726215563702155,147.26215563702155,0.044254001231148046,44.254001231148045,1.1063500307787013,1106.3500307787012,0.16663875506294548,166.63875506294548,44.254001231148045
E,10.0,78.53981633974483,80.0,0.5,40.0,20.0,20.0,True,1.0,2.5,4.908738521234052,0.1,0.3,56.315789473684205,3600.0,15.643274853801168,52.14424951267056,derived_from_throughput,0.663921205100694,6.63921205100694,1.3894736842105266,spot_diameter,2.5,0.9225010428767539,0.3690004171507016,0.3690004171507016,0.49087385212340523,0.14726215563702155,147.26215563702155,0.05433979686057249,54.33979686057249,1.3584949215143125,1358.4949215143124,0.2046168899377563,204.61688993775633,54.33979686057249
E,10.0,78.53981633974483,80.0,0.5,40.0,20.0,20.0,True,1.0,2.5,4.908738521234052,0.1,0.3,56.315789473684205,3600.0,15.643274853801168,52.14424951267056,derived_from_throughput,0.663921205100694,6.63921205100694,1.6473684210526318,spot_diameter,2.5,1.0937228273500907,0.4374891309400363,0.4374891309400363,0.49087385212340523,0.14726215563702155,147.26215563702155,0.06442559248999692,64.42559248999692,1.6106398122499233,1610.6398122499234,0.24259502481256712,242.59502481256712,64.42559248999692
E,10.0,78.53981633974483,80.0,0.5,40.0,20.0,20.0,True,1.0,2.5,4.908738521234052,0.1,0.3,56.315789473684205,3600.0,15.643274853801168,52.14424951267056,derived_from_throughput,0.663921205100694,6.63921205100694,1.905263157894737,spot_diameter,2.5,1.2649446118234275,0.505977844729371,0.505977844729371,0.49087385212340523,0.14726215563702155,147.26215563702155,0.07451138811942136,74.51138811942135,1.8627847029855342,1862.7847029855343,0.28057315968737795,280.57315968737794,74.51138811942135
E,10.0,78.53981633974483,80.0,0.5,40.0,20.0,20.0,True,1.0,2.5,4.908738521234052,0.1,0.3,56.315789473684205,3600.0,15.643274853801168,52.14424951267056,derived_from_throughput,0.663921205100694,6.63921205100694,2.1631578947368424,spot_diameter,2.5,1.4361663962967646,0.5744665585187059,0.5744665585187059,0.49087385212340523,0.14726215563702155,147.26215563702155,0.08459718374884581,84.59718374884581,2.114929593721145,2114.929593721145,0.3185512945621888,318.5512945621888,84.59718374884581
E,10.0,78.53981633974483,80.0,0.5,40.0,20.0,20.0,True,1.0,2.5,4.908738521234052,0.1,0.3,56.315789473684205,3600.0,15.643274853801168,52.14424951267056,derived_from_throughput,0.663921205100694,6.63921205100694,2.421052631578948,spot_diameter,2.5,1.6073881807701014,0.6429552723080405,0.6429552723080405,0.49087385212340523,0.14726215563702155,147.26215563702155,0.09468297937827024,94.68297937827023,2.3670744844567566,2367.0744844567566,0.3565294294369996,356.52942943699964,94.68297937827023
E,10.0,78.53981633974483,80.0,0.5,40.0,20.0,20.0,True,1.0,2.5,4.908738521234052,0.1,0.3,56.315789473684205,3600.0,15.643274853801168,52.14424951267056,derived_from_throughput,0.663921205100694,6.63921205100694,2.678947368421053,spot_diameter,2.5,1.7786099652434384,0.7114439860973754,0.7114439860973754,0.49087385212340523,0.14726215563702155,147.26215563702155,0.10476877500769469,104.76877500769469,2.6192193751923676,2619.219375192368,0.39450756431181044,394.5075643118104,104.76877500769469
E,10.0,78.53981633974483,80.0,0.5,40.0,20.0,20.0,True,1.0,2.5,4.908738521234052,0.1,0.3,56.315789473684205,3600.0,15.643274853801168,52.14424951267056,derived_from_throughput,0.663921205100694,6.63921205100694,2.936842105263158,spot_diameter,2.5,1.949831749716775,0.77993269988671,0.77993269988671,0.49087385212340523,0.14726215563702155,147.26215563702155,0.11485457063711911,114.85457063711911,2.871364265927978,2871.364265927978,0.4324856991866212,432.4856991866212,114.85457063711911
E,10.0,78.53981633974483,80.0,0.5,40.0,20.0,20.0,True,1.0,2.5,4.908738521234052,0.1,0.3,56.315789473684205,3600.0,15.643274853801168,52.14424951267056,derived_from_throughput,0.663921205100694,6.63921205100694,3.1947368421052635,spot_diameter,2.5,2.121053534190112,0.8484214136760448,0.8484214136760448,0.49087385212340523,0.14726215563702155,147.26215563702155,0.12494036626654356,124.94036626654356,3.123509156663589,3123.5091566635892,0.47046383406143205,470.46383406143207,124.94036626654356
E,10.0,78.53981633974483,80.0,0.5,40.0,20.0,20.0,True,1.0,2.5,4.908738521234052,0.1,0.3,56.315789473684205,3600.0,15.643274853801168,52.14424951267056,derived_from_throughput,0.663921205100694,6.63921205100694,3.452631578947369,spot_diameter,2.5,2.292275318663449,0.9169101274653796,0.9169101274653796,0.49087385212340523,0.14726215563702155,147.26215563702155,0.135026161895968,135.026161895968,3.3756540473992005,3375.6540473992004,0.5084419689362429,508.4419689362429,135.026161895968
E,10.0,78.53981633974483,80.0,0.5,40.0,20.0,20.0,True,1.0,2.5,4.908738521234052,0.1,0.3,56.315789473684205,3600.0,15.643274853801168,52.14424951267056,derived_from_throughput,0.663921205100694,6.63921205100694,3.710526315789474,spot_diameter,2.5,2.4634971031367856,0.9853988412547142,0.9853988412547142,0.49087385212340523,0.14726215563702155,147.26215563702155,0.1451119575253924,145.1119575253924,3.627798938134811,3627.798938134811,0.5464201038110537,546.4201038110537,145.1119575253924
E,10.0,78.53981633974483,80.0,0.5,40.0,20.0,20.0,True,1.0,2.5,4.908738521234052,0.1,0.3,56.315789473684205,3600.0,15.643274853801168,52.14424951267056,derived_from_throughput,0.663921205100694,6.63921205100694,3.9684210526315793,spot_diameter,2.5,2.6347188876101226,1.0,1.0,0.49087385212340523,0.14726215563702155,147.26215563702155,0.14726215563702155,147.26215563702155,3.879943828870422,3879.943828870422,0.5843982386858645,584.3982386858645,147.26215563702155
E,10.0,78.53981633974483,80.0,0.5,40.0,20.0,20.0,True,1.0,2.5,4.908738521234052,0.1,0.3,56.315789473684205,3600.0,15.643274853801168,52.14424951267056,derived_from_throughput,0.663921205100694,6.63921205100694,4.226315789473684,spot_diameter,2.5,2.805940672083459,1.0,1.0,0.49087385212340523,0.14726215563702155,147.26215563702155,0.14726215563702155,147.26215563702155,4.132088719606033,4132.088719606033,0.6223763735606753,622.3763735606753,147.26215563702155
E,10.0,78.53981633974483,80.0,0.5,40.0,20.0,20.0,True,1.0,2.5,4.908738521234052,0.1,0.3,56.315789473684205,3600.0,15.643274853801168,52.14424951267056,derived_from_throughput,0.663921205100694,6.63921205100694,4.484210526315789,spot_diameter,2.5,2.977162456556796,1.0,1.0,0.49087385212340523,0.14726215563702155,147.26215563702155,0.14726215563702155,147.26215563702155,4.384233610341643,4384.233610341643,0.660354508435486,660.3545084354861,147.26215563702155
E,10.0,78.53981633974483,80.0,0.5,40.0,20.0,20.0,True,1.0,2.5,4.908738521234052,0.1,0.3,56.315789473684205,3600.0,15.643274853801168,52.14424951267056,derived_from_throughput,0.663921205100694,6.63921205100694,4.742105263157895,spot_diameter,2.5,3.1483842410301333,1.0,1.0,0.49087385212340523,0.14726215563702155,147.26215563702155,0.14726215563702155,147.26215563702155,4.636378501077255,4636.378501077255,0.698332643310297,698.3326433102969,147.26215563702155
E,10.0,78.53981633974483,80.0,0.5,40.0,20.0,20.0,True,1.0,2.5,4.908738521234052,0.1,0.3,56.315789473684205,3600.0,15.643274853801168,52.14424951267056,derived_from_throughput,0.663921205100694,6.63921205100694,5.0,spot_diameter,2.5,3.31960602550347,1.0,1.0,0.49087385212340523,0.14726215563702155,147.26215563702155,0.14726215563702155,147.26215563702155,4.888523391812866,4888.523391812866,0.7363107781851077,736.3107781851077,147.26215563702155
E,10.0,78.53981633974483,80.0,0.5,40.0,20.0,20.0,True,1.0,2.5,4.908738521234052,0.1,0.3,60.526315789473685,3600.0,16.812865497076025,56.04288499025342,derived_from_throughput,0.7135601737063535,7.135601737063535,0.1,spot_diameter,2.5,0.07135601737063535,0.02854240694825414,0.02854240694825414,0.49087385212340523,0.14726215563702155,147.26215563702155,0.0042032163742690065,4.203216374269006,0.10508040935672519,105.08040935672518,0.014726215563702155,14.726215563702155,4.203216374269006
E,10.0,78.53981633974483,80.0,0.5,40.0,20.0,20.0,True,1.0,2.5,4.908738521234052,0.1,0.3,60.526315789473685,3600.0,16.812865497076025,56.04288499025342,derived_from_throughput,0.7135601737063535,7.135601737063535,0.35789473684210527,spot_diameter,2.5,0.2553794305896423,0.10215177223585692,0.10215177223585692,0.49087385212340523,0.14726215563702155,147.26215563702155,0.015043090181594339,15.043090181594339,0.3760772545398585,376.07725453985853,0.05270435043851298,52.70435043851298,15.043090181594339
E,10.0,78.53981633974483,80.0,0.5,40.0,20.0,20.0,True,1.0,2.5,4.908738521234052,0.1,0.3,60.526315789473685,3600.0,16.812865497076025,56.04288499025342,derived_from_throughput,0.7135601737063535,7.135601737063535,0.6157894736842106,spot_diameter,2.5,0.4394028438086493,0.17576113752345973,0.17576113752345973,0.49087385212340523,0.14726215563702155,147.26215563702155,0.025882963988919677,25.882963988919677,0.6470740997229919,647.074099722992,0.0906824853133238,90.68248531332381,25.882963988919677
E,10.0,78.53981633974483,80.0,0.5,40.0,20.0,20.0,True,1.0,2.5,4.908738521234052,0.1,0.3,60.526315789473685,3600.0,16.812865497076025,56.04288499025342,derived_from_throughput,0.7135601737063535,7.135601737063535,0.8736842105263158,spot_diameter,2.5,0.6234262570276562,0.2493705028110625,0.2493705028110625,0.49087385212340523,0.14726215563702155,147.26215563702155,0.036722837796245,36.722837796245,0.9180709449061253,918.0709449061253,0.12866062018813462,128.66062018813463,36.722837796245
E,10.0,78.53981633974483,80.0,0.5,40.0,20.0,20.0,True,1.0,2.5,4.908738521234052,0.1,0.3,60.526315789473685,3600.0,16.812865497076025,56.04288499025342,derived_from_throughput,0.7135601737063535,7.135601737063535,1.1315789473684212,spot_diameter,2.5,0.8074496702466633,0.3229798680986653,0.3229798680986653,0.49087385212340523,0.14726215563702155,147.26215563702155,0.04756271160357034,47.56271160357034,1.1890677900892588,1189.0677900892588,0.16663875506294548,166.63875506294548,47.56271160357034
E,10.0,78.53981633974483,80.0,0.5,40.0,20.0,20.0,True,1.0,2.5,4.908738521234052,0.1,0.3,60.526315789473685,3600.0,16.812865497076025,56.04288499025342,derived_from_throughput,0.7135601737063535,7.135601737063535,1.3894736842105266,spot_diameter,2.5,0.9914730834656703,0.3965892333862681,0.3965892333862681,0.49087385212340523,0.14726215563702155,147.26215563702155,0.05840258541089568,58.402585410895675,1.4600646352723923,1460.0646352723923,0.2046168899377563,204.61688993775633,58.402585410895675
E,10.0,78.53981633974483,80.0,0.5,40.0,20.0,20.0,True,1.0,2.5,4.908738521234052,0.1,0.3,60.526315789473685,3600.0,16.812865497076025,56.04288499025342,derived_from_throughput,0.7135601737063535,7.135601737063535,1.6473684210526318,spot_diameter,2.5,1.1754964966846773,0.4701985986738709,0.4701985986738709,0.49087385212340523,0.14726215563702155,147.26215563702155,0.06924245921822102,69.24245921822101,1.7310614804555255,1731.0614804555255,0.24259502481256712,242.59502481256712,69.24245921822101
E,10.0,78.53981633974483,80.0,0.5,40.0,20.0,20.0,True,1.0,2.5,4.908738521234052,0.1,0.3,60.526315789473685,3600.0,16.812865497076025,56.04288499025342,derived_from_throughput,0.7135601737063535,7.135601737063535,1.905263157894737,spot_diameter,2.5,1.359519909903684,0.5438079639614737,0.5438079639614737,0.49087385212340523,0.14726215563702155,147.26215563702155,0.08008233302554635,80.08233302554635,2.002058325638659,2002.058325638659,0.28057315968737795,280.57315968737794,80.08233302554635
E,10.0,78.53981633974483,80.0,0.5,40.0,20.0,20.0,True,1.0,2.5,4.908738521234052,0.1,0.3,60.526315789473685,3600.0,16.812865497076025,56.04288499025342,derived_from_throughput,0.7135601737063535,7.135601737063535,2.1631578947368424,spot_diameter,2.5,1.5435433231226912,0.6174173292490764,0.6174173292490764,0.49087385212340523,0.14726215563702155,147.26215563702155,0.09092220683287168,90.92220683287168,2.2730551708217925,2273.0551708217927,0.3185512945621888,318.5512945621888,90.92220683287168
E,10.0,78.53981633974483,80.0,0.5,40.0,20.0,20.0,True,1.0,2.5,4.908738521234052,0.1,0.3,60.526315789473685,3600.0,16.812865497076025,56.04288499025342,derived_from_throughput,0.7135601737063535,7.135601737063535,2.421052631578948,spot_diameter,2.5,1.7275667363416982,0.6910266945366793,0.6910266945366793,0.49087385212340523,0.14726215563702155,147.26215563702155,0.10176208064019703,101.76208064019703,2.544052016004926,2544.052016004926,0.3565294294369996,356.52942943699964,101.76208064019703
E,10.0,78.53981633974483,80.0,0.5,40.0,20.0,20.0,True,1.0,2.5,4.908738521234052,0.1,0.3,60.526315789473685,3600.0,16.812865497076025,56.04288499025342,derived_from_throughput,0.7135601737063535,7.135601737063535,2.678947368421053,spot_diameter,2.5,1.9115901495607053,0.7646360598242821,0.7646360598242821,0.49087385212340523,0.14726215563702155,147.26215563702155,0.11260195444752234,112.60195444752235,2.8150488611880595,2815.0488611880596,0.39450756431181044,394.5075643118104,112.60195444752235
E,10.0,78.53981633974483,80.0,0.5,40.0,20.0,20.0,True,1.0,2.5,4.908738521234052,0.1,0.3,60.526315789473685,3600.0,16.812865497076025,56.04288499025342,derived_from_throughput,0.7135601737063535,7.135601737063535,2.936842105263158,spot_diameter,2.5,2.095613562779712,0.8382454251118847,0.8382454251118847,0.49087385212340523,0.14726215563702155,147.26215563702155,0.12344182825484766,123.44182825484766,3.0860457063711926,3086.0457063711924,0.4324856991866212,432.4856991866212,123.44182825484766
E,10.0,78.53981633974483,80.0,0.5,40.0,20.0,20.0,True,1.0,2.5,4.908738521234052,0.1,0.3,60.526315789473685,3600.0,16.812865497076025,56.04288499025342,derived_from_throughput,0.7135601737063535,7.135601737063535,3.1947368421052635,spot_diameter,2.5,2.279636975998719,0.9118547903994877,0.9118547903994877,0.49087385212340523,0.14726215563702155,147.26215563702155,0.13428170206217302,134.28170206217303,3.357042551554326,3357.042551554326,0.47046383406143205,470.46383406143207,134.28170206217303
E,10.0,78.53981633974483,80.0,0.5,40.0,20.0,20.0,True,1.0,2.5,4.908738521234052,0.1,0.3,60.526315789473685,3600.0,16.812865497076025,56.04288499025342,derived_from_throughput,0.7135601737063535,7.135601737063535,3.452631578947369,spot_diameter,2.5,2.463660389217726,0.9854641556870904,0.9854641556870904,0.49087385212340523,0.14726215563702155,147.26215563702155,0.14512157586949836,145.12157586949837,3.6280393967374596,3628.0393967374594,0.5084419689362429,508.4419689362429,145.12157586949837
E,10.0,78.53981633974483,80.0,0.5,40.0,20.0,20.0,True,1.0,2.5,4.908738521234052,0.1,0.3,60.526315789473685,3600.0,16.812865497076025,56.04288499025342,derived_from_throughput,0.7135601737063535,7.135601737063535,3.710526315789474,spot_diameter,2.5,2.647683802436733,1.0,1.0,0.49087385212340523,0.14726215563702155,147.26215563702155,0.14726215563702155,147.26215563702155,3.8990362419205926,3899.0362419205926,0.5464201038110537,546.4201038110537,147.26215563702155
E,10.0,78.53981633974483,80.0,0.5,40.0,20.0,20.0,True,1.0,2.5,4.908738521234052,0.1,0.3,60.526315789473685,3600.0,16.812865497076025,56.04288499025342,derived_from_throughput,0.7135601737063535,7.135601737063535,3.9684210526315793,spot_diameter,2.5,2.83170721565574,1.0,1.0,0.49087385212340523,0.14726215563702155,147.26215563702155,0.14726215563702155,147.26215563702155,4.170033087103726,4170.033087103726,0.5843982386858645,584.3982386858645,147.26215563702155
E,10.0,78.53981633974483,80.0,0.5,40.0,20.0,20.0,True,1.0,2.5,4.908738521234052,0.1,0.3,60.526315789473685,3600.0,16.812865497076025,56.04288499025342,derived_from_throughput,0.7135601737063535,7.135601737063535,4.226315789473684,spot_diameter,2.5,3.0157306288747465,1.0,1.0,0.49087385212340523,0.14726215563702155,147.26215563702155,0.14726215563702155,147.26215563702155,4.441029932286859,4441.029932286859,0.6223763735606753,622.3763735606753,147.26215563702155
E,10.0,78.53981633974483,80.0,0.5,40.0,20.0,20.0,True,1.0,2.5,4.908738521234052,0.1,0.3,60.526315789473685,3600.0,16.812865497076025,56.04288499025342,derived_from_throughput,0.7135601737063535,7.135601737063535,4.484210526315789,spot_diameter,2.5,3.1997540420937534,1.0,1.0,0.49087385212340523,0.14726215563702155,147.26215563702155,0.14726215563702155,147.26215563702155,4.712026777469992,4712.026777469992,0.660354508435486,660.3545084354861,147.26215563702155
E,10.0,78.53981633974483,80.0,0.5,40.0,20.0,20.0,True,1.0,2.5,4.908738521234052,0.1,0.3,60.526315789473685,3600.0,16.812865497076025,56.04288499025342,derived_from_throughput,0.7135601737063535,7.135601737063535,4.742105263157895,spot_diameter,2.5,3.3837774553127606,1.0,1.0,0.49087385212340523,0.14726215563702155,147.26215563702155,0.14726215563702155,147.26215563702155,4.983023622653126,4983.023622653126,0.698332643310297,698.3326433102969,147.26215563702155
E,10.0,78.53981633974483,80.0,0.5,40.0,20.0,20.0,True,1.0,2.5,4.908738521234052,0.1,0.3,60.526315789473685,3600.0,16.812865497076025,56.04288499025342,derived_from_throughput,0.7135601737063535,7.135601737063535,5.0,spot_diameter,2.5,3.5678008685317675,1.0,1.0,0.49087385212340523,0.14726215563702155,147.26215563702155,0.14726215563702155,147.26215563702155,5.254020467836259,5254.020467836259,0.7363107781851077,736.3107781851077,147.26215563702155
E,10.0,78.53981633974483,80.0,0.5,40.0,20.0,20.0,True,1.0,2.5,4.908738521234052,0.1,0.3,64.73684210526315,3600.0,17.982456140350877,59.941520467836256,derived_from_throughput,0.7631991423120127,7.631991423120127,0.1,spot_diameter,2.5,0.07631991423120127,0.030527965692480508,0.030527965692480508,0.49087385212340523,0.14726215563702155,147.26215563702155,0.0044956140350877185,4.495614035087718,0.11239035087719298,112.39035087719299,0.014726215563702155,14.726215563702155,4.495614035087718
E,10.0,78.53981633974483,80.0,0.5,40.0,20.0,20.0,True,1.0,2.5,4.908738521234052,0.1,0.3,64.73684210526315,3600.0,17.982456140350877,59.941520467836256,derived_from_throughput,0.7631991423120127,7.631991423120127,0.35789473684210527,spot_diameter,2.5,0.27314495619587825,0.1092579824783513,0.1092579824783513,0.49087385212340523,0.14726215563702155,147.26215563702155,0.016089566020313945,16.089566020313946,0.4022391505078486,402.2391505078486,0.05270435043851298,52.70435043851298,16.089566020313946
E,10.0,78.53981633974483,80.0,0.5,40.0,20.0,20.0,True,1.0,2.5,4.908738521234052,0.1,0.3,64.73684210526315,3600.0,17.982456140350877,59.941520467836256,derived_from_throughput,0.7631991423120127,7.631991423120127,0.6157894736842106,spot_diameter,2.5,0.4699699981605552,0.18798799926422208,0.18798799926422208,0.49087385212340523,0.14726215563702155,147.26215563702155,0.027683518005540166,27.683518005540165,0.6920879501385042,692.0879501385042,0.0906824853133238,90.68248531332381,27.683518005540165
E,10.0,78.53981633974483,80.0,0.5,40.0,20.0,20.0,True,1.0,2.5,4.908738521234052,0.1,0.3,64.73684210526315,3600.0,17.982456140350877,59.941520467836256,derived_from_throughput,0.7631991423120127,7.631991423120127,0.8736842105263158,spot_diameter,2.5,0.6667950401252322,0.2667180160500929,0.2667180160500929,0.49087385212340523,0.14726215563702155,147.26215563702155,0.03927746999076639,39.277469990766384,0.9819367497691598,981.9367497691597,0.12866062018813462,128.66062018813463,39.277469990766384
E,10.0,78.53981633974483,80.0,0.5,40.0,20.0,20.0,True,1.0,2.5,4.908738521234052,0.1,0.3,64.73684210526315,3600.0,17.982456140350877,59.941520467836256,derived_from_throughput,0.7631991423120127,7.631991423120127,1.1315789473684212,spot_diameter,2.5,0.8636200820899093,0.3454480328359637,0.3454480328359637,0.49087385212340523,0.14726215563702155,147.26215563702155,0.05087142197599262,50.87142197599262,1.2717855493998156,1271.7855493998156,0.16663875506294548,166.63875506294548,50.87142197599262
E,10.0,78.53981633974483,80.0,0.5,40.0,20.0,20.0,True,1.0,2.5,4.908738521234052,0.1,0.3,64.73684210526315,3600.0,17.982456140350877,59.941520467836256,derived_from_throughput,0.7631991423120127,7.631991423120127,1.3894736842105266,spot_diameter,2.5,1.0604451240545862,0.4241780496218345,0.4241780496218345,0.49087385212340523,0.14726215563702155,147.26215563702155,0.06246537396121884,62.46537396121884,1.5616343490304712,1561.6343490304712,0.2046168899377563,204.61688993775633,62.46537396121884
E,10.0,78.53981633974483,80.0,0.5,40.0,20.0,20.0,True,1.0,2.5,4.908738521234052,0.1,0.3,64.73684210526315,3600.0,17.982456140350877,59.941520467836256,derived_from_throughput,0.7631991423120127,7.631991423120127,1.6473684210526318,spot_diameter,2.5,1.2572701660192631,0.5029080664077052,0.5029080664077052,0.49087385212340523,0.14726215563702155,147.26215563702155,0.07405932594644506,74.05932594644506,1.8514831486611267,1851.4831486611267,0.24259502481256712,242.59502481256712,74.05932594644506
E,10.0,78.53981633974483,80.0,0.5,40.0,20.0,20.0,True,1.0,2.5,4.908738521234052,0.1,0.3,64.73684210526315,3600.0,17.982456140350877,59.941520467836256,derived_from_throughput,0.7631991423120127,7.631991423120127,1.905263157894737,spot_diameter,2.5,1.45409520798394,0.581638083193576,0.581638083193576,0.49087385212340523,0.14726215563702155,147.26215563702155,0.08565327793167128,85.65327793167128,2.141331948291782,2141.3319482917823,0.28057315968737795,280.57315968737794,85.65327793167128
E,10.0,78.53981633974483,80.0,0.5,40.0,20.0,20.0,True,1.0,2.5,4.908738521234052,0.1,0.3,64.73684210526315,3600.0,17.982456140350877,59.941520467836256,derived_from_throughput,0.7631991423120127,7.631991423120127,2.1631578947368424,spot_diameter,2.5,1.650920249948617,0.6603680999794468,0.6603680999794468,0.49087385212340523,0.14726215563702155,147.26215563702155,0.0972472299168975,97.24722991689751,2.431180747922438,2431.180747922438,0.3185512945621888,318.5512945621888,97.24722991689751
E,10.0,78.53981633974483,80.0,0.5,40.0,20.0,20.0,True,1.0,2.5,4.908738521234052,0.1,0.3,64.73684210526315,3600.0,17.982456140350877,59.941520467836256,derived_from_throughput,0.7631991423120127,7.631991423120127,2.421052631578948,spot_diameter,2.5,1.8477452919132942,0.7390981167653177,0.7390981167653177,0.49087385212340523,0.14726215563702155,147.26215563702155,0.10884118190212375,108.84118190212375,2.7210295475530937,2721.029547553094,0.3565294294369996,356.52942943699964,108.84118190212375
E,10.0,78.53981633974483,80.0,0.5,40.0,20.0,20.0,True,1.0,2.5,4.908738521234052,0.1,0.3,64.73684210526315,3600.0,17.982456140350877,59.941520467836256,derived_from_throughput,0.7631991423120127,7.631991423120127,2.678947368421053,spot_diameter,2.5,2.0445703338779713,0.8178281335511886,0.8178281335511886,0.49087385212340523,0.14726215563702155,147.26215563702155,0.12043513388734997,120.43513388734998,3.0108783471837492,3010.878347183749,0.39450756431181044,394.5075643118104,120.43513388734998
E,10.0,78.53981633974483,80.0,0.5,40.0,20.0,20.0,True,1.0,2.5,4.908738521234052,0.1,0.3,64.73684210526315,3600.0,17.982456140350877,59.941520467836256,derived_from_throughput,0.7631991423120127,7.631991423120127,2.936842105263158,spot_diameter,2.5,2.241395375842648,0.8965581503370592,0.8965581503370592,0.49087385212340523,0.14726215563702155,147.26215563702155,0.13202908587257617,132.02908587257616,3.300727146814405,3300.727146814405,0.4324856991866212,432.4856991866212,132.02908587257616
E,10.0,78.53981633974483,80.0,0.5,40.0,20.0,20.0,True,1.0,2.5,4.908738521234052,0.1,0.3,64.73684210526315,3600.0,17.982456140350877,59.941520467836256,derived_from_throughput,0.7631991423120127,7.631991423120127,3.1947368421052635,spot_diameter,2.5,2.438220417807325,0.97528816712293,0.97528816712293,0.49087385212340523,0.14726215563702155,147.26215563702155,0.1436230378578024,143.6230378578024,3.5905759464450604,3590.5759464450603,0.47046383406143205,470.46383406143207,143.6230378578024
E,10.0,78.53981633974483,80.0,0.5,40.0,20.0,20.0,True,1.0,2.5,4.908738521234052,0.1,0.3,64.73684210526315,3600.0,17.982456140350877,59.941520467836256,derived_from_throughput,0.7631991423120127,7.631991423120127,3.452631578947369,spot_diameter,2.5,2.635045459772002,1.0,1.0,0.49087385212340523,0.14726215563702155,147.26215563702155,0.14726215563702155,147.26215563702155,3.880424746075716,3880.424746075716,0.5084419689362429,508.4419689362429,147.26215563702155
E,10.0,78.53981633974483,80.0,0.5,40.0,20.0,20.0,True,1.0,2.5,4.908738521234052,0.1,0.3,64.73684210526315,3600.0,17.982456140350877,59.941520467836256,derived_from_throughput,0.7631991423120127,7.631991423120127,3.710526315789474,spot_diameter,2.5,2.8318705017366788,1.0,1.0,0.49087385212340523,0.14726215563702155,147.26215563702155,0.14726215563702155,147.26215563702155,4.1702735457063715,4170.273545706372,0.5464201038110537,546.4201038110537,147.26215563702155
E,10.0,78.53981633974483,80.0,0.5,40.0,20.0,20.0,True,1.0,2.5,4.908738521234052,0.1,0.3,64.73684210526315,3600.0,17.982456140350877,59.941520467836256,derived_from_throughput,0.7631991423120127,7.631991423120127,3.9684210526315793,spot_diameter,2.5,3.028695543701356,1.0,1.0,0.49087385212340523,0.14726215563702155,147.26215563702155,0.14726215563702155,147.26215563702155,4.460122345337027,4460.122345337027,0.5843982386858645,584.3982386858645,147.26215563702155
E,10.0,78.53981633974483,80.0,0.5,40.0,20.0,20.0,True,1.0,2.5,4.908738521234052,0.1,0.3,64.73684210526315,3600.0,17.982456140350877,59.941520467836256,derived_from_throughput,0.7631991423120127,7.631991423120127,4.226315789473684,spot_diameter,2.5,3.2255205856660325,1.0,1.0,0.49087385212340523,0.14726215563702155,147.26215563702155,0.14726215563702155,147.26215563702155,4.749971144967683,4749.971144967682,0.6223763735606753,622.3763735606753,147.26215563702155
E,10.0,78.53981633974483,80.0,0.5,40.0,20.0,20.0,True,1.0,2.5,4.908738521234052,0.1,0.3,64.73684210526315,3600.0,17.982456140350877,59.941520467836256,derived_from_throughput,0.7631991423120127,7.631991423120127,4.484210526315789,spot_diameter,2.5,3.422345627630709,1.0,1.0,0.49087385212340523,0.14726215563702155,147.26215563702155,0.14726215563702155,147.26215563702155,5.039819944598338,5039.819944598338,0.660354508435486,660.3545084354861,147.26215563702155
E,10.0,78.53981633974483,80.0,0.5,40.0,20.0,20.0,True,1.0,2.5,4.908738521234052,0.1,0.3,64.73684210526315,3600.0,17.982456140350877,59.941520467836256,derived_from_throughput,0.7631991423120127,7.631991423120127,4.742105263157895,spot_diameter,2.5,3.6191706695953867,1.0,1.0,0.49087385212340523,0.14726215563702155,147.26215563702155,0.14726215563702155,147.26215563702155,5.329668744228994,5329.668744228994,0.698332643310297,698.3326433102969,147.26215563702155
E,10.0,78.53981633974483,80.0,0.5,40.0,20.0,20.0,True,1.0,2.5,4.908738521234052,0.1,0.3,64.73684210526315,3600.0,17.982456140350877,59.941520467836256,derived_from_throughput,0.7631991423120127,7.631991423120127,5.0,spot_diameter,2.5,3.8159957115600633,1.0,1.0,0.49087385212340523,0.14726215563702155,147.26215563702155,0.14726215563702155,147.26215563702155,5.619517543859649,5619.517543859649,0.7363107781851077,736.3107781851077,147.26215563702155
E,10.0,78.53981633974483,80.0,0.5,40.0,20.0,20.0,True,1.0,2.5,4.908738521234052,0.1,0.3,68.94736842105263,3600.0,19.152046783625728,63.8401559454191,derived_from_throughput,0.812838110917672,8.12838110917672,0.1,spot_diameter,2.5,0.0812838110917672,0.03251352443670688,0.03251352443670688,0.49087385212340523,0.14726215563702155,147.26215563702155,0.004788011695906432,4.788011695906432,0.1197002923976608,119.7002923976608,0.014726215563702155,14.726215563702155,4.788011695906432
E,10.0,78.53981633974483,80.0,0.5,40.0,20.0,20.0,True,1.0,2.5,4.908738521234052,0.1,0.3,68.94736842105263,3600.0,19.152046783625728,63.8401559454191,derived_from_throughput,0.812838110917672,8.12838110917672,0.35789473684210527,spot_diameter,2.5,0.2909104818021142,0.11636419272084568,0.11636419272084568,0.49087385212340523,0.14726215563702155,147.26215563702155,0.017136041859033547,17.136041859033547,0.42840104647583865,428.40104647583865,0.05270435043851298,52.70435043851298,17.136041859033547
E,10.0,78.53981633974483,80.0,0.5,40.0,20.0,20.0,True,1.0,2.5,4.908738521234052,0.1,0.3,68.94736842105263,3600.0,19.152046783625728,63.8401559454191,derived_from_throughput,0.812838110917672,8.12838110917672,0.6157894736842106,spot_diameter,2.5,0.5005371525124612,0.20021486100498448,0.20021486100498448,0.49087385212340523,0.14726215563702155,147.26215563702155,0.029484072022160662,29.484072022160664,0.7371018005540165,737.1018005540166,0.0906824853133238,90.68248531332381,29.484072022160664
E,10.0,78.53981633974483,80.0,0.5,40.0,20.0,20.0,True,1.0,2.5,4.908738521234052,0.1,0.3,68.94736842105263,3600.0,19.152046783625728,63.8401559454191,derived_from_throughput,0.812838110917672,8.12838110917672,0.8736842105263158,spot_diameter,2.5,0.7101638232228082,0.2840655292891233,0.2840655292891233,0.49087385212340523,0.14726215563702155,147.26215563702155,0.04183210218528778,41.83210218528778,1.0458025546321945,1045.8025546321944,0.12866062018813462,128.66062018813463,41.83210218528778
E,10.0,78.53981633974483,80.0,0.5,40.0,20.0,20.0,True,1.0,2.5,4.908738521234052,0.1,0.3,68.94736842105263,3600.0,19.152046783625728,63.8401559454191,derived_from_throughput,0.812838110917672,8.12838110917672,1.1315789473684212,spot_diameter,2.5,0.9197904939331553,0.3679161975732621,0.3679161975732621,0.49087385212340523,0.14726215563702155,147.26215563702155,0.05418013234841489,54.180132348414894,1.3545033087103724,1354.5033087103725,0.16663875506294548,166.63875506294548,54.180132348414894
E,10.0,78.53981633974483,80.0,0.5,40.0,20.0,20.0,True,1.0,2.5,4.908738521234052,0.1,0.3,68.94736842105263,3600.0,19.152046783625728,63.8401559454191,derived_from_throughput,0.812838110917672,8.12838110917672,1.3894736842105266,spot_diameter,2.5,1.1294171646435025,0.451766865857401,0.451766865857401,0.49087385212340523,0.14726215563702155,147.26215563702155,0.06652816251154202,66.52816251154202,1.6632040627885505,1663.2040627885506,0.2046168899377563,204.61688993775633,66.52816251154202
E,10.0,78.53981633974483,80.0,0.5,40.0,20.0,20.0,True,1.0,2.5,4.908738521234052,0.1,0.3,68.94736842105263,3600.0,19.152046783625728,63.8401559454191,derived_from_throughput,0.812838110917672,8.12838110917672,1.6473684210526318,spot_diameter,2.5,1.3390438353538494,0.5356175341415398,0.5356175341415398,0.49087385212340523,0.14726215563702155,147.26215563702155,0.07887619267466914,78.87619267466914,1.9719048168667281,1971.9048168667282,0.24259502481256712,242.59502481256712,78.87619267466914
E,10.0,78.53981633974483,80.0,0.5,40.0,20.0,20.0,True,1.0,2.5,4.908738521234052,0.1,0.3,68.94736842105263,3600.0,19.152046783625728,63.8401559454191,derived_from_throughput,0.812838110917672,8.12838110917672,1.905263157894737,spot_diameter,2.5,1.5486705060641963,0.6194682024256786,0.6194682024256786,0.49087385212340523,0.14726215563702155,147.26215563702155,0.09122422283779624,91.22422283779625,2.280605570944906,2280.605570944906,0.28057315968737795,280.57315968737794,91.22422283779625
E,10.0,78.53981633974483,80.0,0.5,40.0,20.0,20.0,True,1.0,2.5,4.908738521234052,0.1,0.3,68.94736842105263,3600.0,19.152046783625728,63.8401559454191,derived_from_throughput,0.812838110917672,8.12838110917672,2.1631578947368424,spot_diameter,2.5,1.7582971767745434,0.7033188707098174,0.7033188707098174,0.49087385212340523,0.14726215563702155,147.26215563702155,0.10357225300092336,103.57225300092337,2.589306325023084,2589.306325023084,0.3185512945621888,318.5512945621888,103.57225300092337
E,10.0,78.53981633974483,80.0,0.5,40.0,20.0,20.0,True,1.0,2.5,4.908738521234052,0.1,0.3,68.94736842105263,3600.0,19.152046783625728,63.8401559454191,derived_from_throughput,0.812838110917672,8.12838110917672,2.421052631578948,spot_diameter,2.5,1.9679238474848904,0.7871695389939561,0.7871695389939561,0.49087385212340523,0.14726215563702155,147.26215563702155,0.11592028316405048,115.92028316405047,2.898007079101262,2898.007079101262,0.3565294294369996,356.52942943699964,115.92028316405047
E,10.0,78.53981633974483,80.0,0.5,40.0,20.0,20.0,True,1.0,2.5,4.908738521234052,0.1,0.3,68.94736842105263,3600.0,19.152046783625728,63.8401559454191,derived_from_throughput,0.812838110917672,8.12838110917672,2.678947368421053,spot_diameter,2.5,2.1775505181952375,0.871020207278095,0.871020207278095,0.49087385212340523,0.14726215563702155,147.26215563702155,0.1282683133271776,128.26831332717762,3.20670783317944,3206.70783317944,0.39450756431181044,394.5075643118104,128.26831332717762
E,10.0,78.53981633974483,80.0,0.5,40.0,20.0,20.0,True,1.0,2.5,4.908738521234052,0.1,0.3,68.94736842105263,3600.0,19.152046783625728,63.8401559454191,derived_from_throughput,0.812838110917672,8.12838110917672,2.936842105263158,spot_diameter,2.5,2.3871771889055844,0.9548708755622337,0.9548708755622337,0.49087385212340523,0.14726215563702155,147.26215563702155,0.1406163434903047,140.6163434903047,3.5154085872576175,3515.4085872576175,0.4324856991866212,432.4856991866212,140.6163434903047
E,10.0,78.53981633974483,80.0,0.5,40.0,20.0,20.0,True,1.0,2.5,4.908738521234052,0.1,0.3,68.94736842105263,3600.0,19.152046783625728,63.8401559454191,derived_from_throughput,0.812838110917672,8.12838110917672,3.1947368421052635,spot_diameter,2.5,2.5968038596159313,1.0,1.0,0.49087385212340523,0.14726215563702155,147.26215563702155,0.14726215563702155,147.26215563702155,3.8241093413357956,3824.1093413357958,0.47046383406143205,470.46383406143207,147.26215563702155
E,10.0,78.53981633974483,80.0,0.5,40.0,20.0,20.0,True,1.0,2.5,4.908738521234052,0.1,0.3,68.94736842105263,3600.0,19.152046783625728,63.8401559454191,derived_from_throughput,0.812838110917672,8.12838110917672,3.452631578947369,spot_diameter,2.5,2.8064305303262786,1.0,1.0,0.49087385212340523,0.14726215563702155,147.26215563702155,0.14726215563702155,147.26215563702155,4.132810095413974,4132.810095413974,0.5084419689362429,508.4419689362429,147.26215563702155
E,10.0,78.53981633974483,80.0,0.5,40.0,20.0,20.0,True,1.0,2.5,4.908738521234052,0.1,0.3,68.94736842105263,3600.0,19.152046783625728,63.8401559454191,derived_from_throughput,0.812838110917672,8.12838110917672,3.710526315789474,spot_diameter,2.5,3.016057201036625,1.0,1.0,0.49087385212340523,0.14726215563702155,147.26215563702155,0.14726215563702155,147.26215563702155,4.441510849492151,4441.5108494921515,0.5464201038110537,546.4201038110537,147.26215563702155
E,10.0,78.53981633974483,80.0,0.5,40.0,20.0,20.0,True,1.0,2.5,4.908738521234052,0.1,0.3,68.94736842105263,3600.0,19.152046783625728,63.8401559454191,derived_from_throughput,0.812838110917672,8.12838110917672,3.9684210526315793,spot_diameter,2.5,3.2256838717469725,1.0,1.0,0.49087385212340523,0.14726215563702155,147.26215563702155,0.14726215563702155,147.26215563702155,4.750211603570329,4750.211603570329,0.5843982386858645,584.3982386858645,147.26215563702155
E,10.0,78.53981633974483,80.0,0.5,40.0,20.0,20.0,True,1.0,2.5,4.908738521234052,0.1,0.3,68.94736842105263,3600.0,19.152046783625728,63.8401559454191,derived_from_throughput,0.812838110917672,8.12838110917672,4.226315789473684,spot_diameter,2.5,3.435310542457319,1.0,1.0,0.49087385212340523,0.14726215563702155,147.26215563702155,0.14726215563702155,147.26215563702155,5.058912357648507,5058.912357648506,0.6223763735606753,622.3763735606753,147.26215563702155
E,10.0,78.53981633974483,80.0,0.5,40.0,20.0,20.0,True,1.0,2.5,4.908738521234052,0.1,0.3,68.94736842105263,3600.0,19.152046783625728,63.8401559454191,derived_from_throughput,0.812838110917672,8.12838110917672,4.484210526315789,spot_diameter,2.5,3.644937213167666,1.0,1.0,0.49087385212340523,0.14726215563702155,147.26215563702155,0.14726215563702155,147.26215563702155,5.367613111726684,5367.613111726684,0.660354508435486,660.3545084354861,147.26215563702155
E,10.0,78.53981633974483,80.0,0.5,40.0,20.0,20.0,True,1.0,2.5,4.908738521234052,0.1,0.3,68.94736842105263,3600.0,19.152046783625728,63.8401559454191,derived_from_throughput,0.812838110917672,8.12838110917672,4.742105263157895,spot_diameter,2.5,3.854563883878013,1.0,1.0,0.49087385212340523,0.14726215563702155,147.26215563702155,0.14726215563702155,147.26215563702155,5.676313865804863,5676.313865804863,0.698332643310297,698.3326433102969,147.26215563702155
E,10.0,78.53981633974483,80.0,0.5,40.0,20.0,20.0,True,1.0,2.5,4.908738521234052,0.1,0.3,68.94736842105263,3600.0,19.152046783625728,63.8401559454191,derived_from_throughput,0.812838110917672,8.12838110917672,5.0,spot_diameter,2.5,4.06419055458836,1.0,1.0,0.49087385212340523,0.14726215563702155,147.26215563702155,0.14726215563702155,147.26215563702155,5.9850146198830405,5985.014619883041,0.7363107781851077,736.3107781851077,147.26215563702155
E,10.0,78.53981633974483,80.0,0.5,40.0,20.0,20.0,True,1.0,2.5,4.908738521234052,0.1,0.3,73.15789473684211,3600.0,20.321637426900587,67.73879142300196,derived_from_throughput,0.8624770795233315,8.624770795233315,0.1,spot_diameter,2.5,0.08624770795233316,0.03449908318093327,0.03449908318093327,0.49087385212340523,0.14726215563702155,147.26215563702155,0.005080409356725148,5.080409356725148,0.12701023391812868,127.01023391812869,0.014726215563702155,14.726215563702155,5.080409356725148
E,10.0,78.53981633974483,80.0,0.5,40.0,20.0,20.0,True,1.0,2.5,4.908738521234052,0.1,0.3,73.15789473684211,3600.0,20.321637426900587,67.73879142300196,derived_from_throughput,0.8624770795233315,8.624770795233315,0.35789473684210527,spot_diameter,2.5,0.3086760074083502,0.12347040296334008,0.12347040296334008,0.49087385212340523,0.14726215563702155,147.26215563702155,0.018182517697753153,18.182517697753152,0.45456294244382894,454.56294244382894,0.05270435043851298,52.70435043851298,18.182517697753152
E,10.0,78.53981633974483,80.0,0.5,40.0,20.0,20.0,True,1.0,2.5,4.908738521234052,0.1,0.3,73.15789473684211,3600.0,20.321637426900587,67.73879142300196,derived_from_throughput,0.8624770795233315,8.624770795233315,0.6157894736842106,spot_diameter,2.5,0.5311043068643674,0.21244172274574696,0.21244172274574696,0.49087385212340523,0.14726215563702155,147.26215563702155,0.03128462603878117,31.28462603878117,0.7821156509695292,782.1156509695292,0.0906824853133238,90.68248531332381,31.28462603878117
E,10.0,78.53981633974483,80.0,0.5,40.0,20.0,20.0,True,1.0,2.5,4.908738521234052,0.1,0.3,73.15789473684211,3600.0,20.321637426900587,67.73879142300196,derived_from_throughput,0.8624770795233315,8.624770795233315,0.8736842105263158,spot_diameter,2.5,0.7535326063203844,0.30141304252815376,0.30141304252815376,0.49087385212340523,0.14726215563702155,147.26215563702155,0.044386734379809174,44.38673437980918,1.1096683594952295,1109.6683594952294,0.12866062018813462,128.66062018813463,44.38673437980918
E,10.0,78.53981633974483,80.0,0.5,40.0,20.0,20.0,True,1.0,2.5,4.908738521234052,0.1,0.3,73.15789473684211,3600.0,20.321637426900587,67.73879142300196,derived_from_throughput,0.8624770795233315,8.624770795233315,1.1315789473684212,spot_diameter,2.5,0.9759609057764016,0.3903843623105606,0.3903843623105606,0.49087385212340523,0.14726215563702155,147.26215563702155,0.05748884272083719,57.488842720837184,1.4372210680209299,1437.2210680209298,0.16663875506294548,166.63875506294548,57.488842720837184
E,10.0,78.53981633974483,80.0,0.5,40.0,20.0,20.0,True,1.0,2.5,4.908738521234052,0.1,0.3,73.15789473684211,3600.0,20.321637426900587,67.73879142300196,derived_from_throughput,0.8624770795233315,8.624770795233315,1.3894736842105266,spot_diameter,2.5,1.1983892052324188,0.4793556820929675,0.4793556820929675,0.49087385212340523,0.14726215563702155,147.26215563702155,0.0705909510618652,70.59095106186521,1.7647737765466303,1764.7737765466302,0.2046168899377563,204.61688993775633,70.59095106186521
E,10.0,78.53981633974483,80.0,0.5,40.0,20.0,20.0,True,1.0,2.5,4.908738521234052,0.1,0.3,73.15789473684211,3600.0,20.321637426900587,67.73879142300196,derived_from_throughput,0.8624770795233315,8.624770795233315,1.6473684210526318,spot_diameter,2.5,1.420817504688436,0.5683270018753743,0.5683270018753743,0.49087385212340523,0.14726215563702155,147.26215563702155,0.08369305940289322,83.69305940289321,2.0923264850723307,2092.326485072331,0.24259502481256712,242.59502481256712,83.69305940289321
E,10.0,78.53981633974483,80.0,0.5,40.0,20.0,20.0,True,1.0,2.5,4.908738521234052,0.1,0.3,73.15789473684211,3600.0,20.321637426900587,67.73879142300196,derived_from_throughput,0.8624770795233315,8.624770795233315,1.905263157894737,spot_diameter,2.5,1.6432458041444529,0.6572983216577811,0.6572983216577811,0.49087385212340523,0.14726215563702155,147.26215563702155,0.09679516774392122,96.79516774392121,2.4198791935980304,2419.8791935980303,0.28057315968737795,280.57315968737794,96.79516774392121
E,10.0,78.53981633974483,80.0,0.5,40.0,20.0,20.0,True,1.0,2.5,4.908738521234052,0.1,0.3,73.15789473684211,3600.0,20.321637426900587,67.73879142300196,derived_from_throughput,0.8624770795233315,8.624770795233315,2.1631578947368424,spot_diameter,2.5,1.86567410360047,0.746269641440188,0.746269641440188,0.49087385212340523,0.14726215563702155,147.26215563702155,0.10989727608494924,109.89727608494924,2.747431902123731,2747.431902123731,0.3185512945621888,318.5512945621888,109.89727608494924
E,10.0,78.53981633974483,80.0,0.5,40.0,20.0,20.0,True,1.0,2.5,4.908738521234052,0.1,0.3,73.15789473684211,3600.0,20.321637426900587,67.73879142300196,derived_from_throughput,0.8624770795233315,8.624770795233315,2.421052631578948,spot_diameter,2.5,2.0881024030564874,0.835240961222595,0.835240961222595,0.49087385212340523,0.14726215563702155,147.26215563702155,0.12299938442597726,122.99938442597725,3.0749846106494316,3074.9846106494315,0.3565294294369996,356.52942943699964,122.99938442597725
E,10.0,78.53981633974483,80.0,0.5,40.0,20.0,20.0,True,1.0,2.5,4.908738521234052,0.1,0.3,73.15789473684211,3600.0,20.321637426900587,67.73879142300196,derived_from_throughput,0.8624770795233315,8.624770795233315,2.678947368421053,spot_diameter,2.5,2.3105307025125046,0.9242122810050019,0.9242122810050019,0.49087385212340523,0.14726215563702155,147.26215563702155,0.13610149276700528,136.10149276700528,3.402537319175132,3402.537319175132,0.39450756431181044,394.5075643118104,136.10149276700528
E,10.0,78.53981633974483,80.0,0.5,40.0,20.0,20.0,True,1.0,2.5,4.908738521234052,0.1,0.3,73.15789473684211,3600.0,20.321637426900587,67.73879142300196,derived_from_throughput,0.8624770795233315,8.624770795233315,2.936842105263158,spot_diameter,2.5,2.5329590019685213,1.0,1.0,0.49087385212340523,0.14726215563702155,147.26215563702155,0.14726215563702155,147.26215563702155,3.7300900277008315,3730.0900277008313,0.4324856991866212,432.4856991866212,147.26215563702155
E,10.0,78.53981633974483,80.0,0.5,40.0,20.0,20.0,True,1.0,2.5,4.908738521234052,0.1,0.3,73.15789473684211,3600.0,20.321637426900587,67.73879142300196,derived_from_throughput,0.8624770795233315,8.624770795233315,3.1947368421052635,spot_diameter,2.5,2.7553873014245385,1.0,1.0,0.49087385212340523,0.14726215563702155,147.26215563702155,0.14726215563702155,147.26215563702155,4.057642736226532,4057.6427362265317,0.47046383406143205,470.46383406143207,147.26215563702155
E,10.0,78.53981633974483,80.0,0.5,40.0,20.0,20.0,True,1.0,2.5,4.908738521234052,0.1,0.3,73.15789473684211,3600.0,20.321637426900587,67.73879142300196,derived_from_throughput,0.8624770795233315,8.624770795233315,3.452631578947369,spot_diameter,2.5,2.9778156008805556,1.0,1.0,0.49087385212340523,0.14726215563702155,147.26215563702155,0.14726215563702155,147.26215563702155,4.385195444752233,4385.195444752233,0.5084419689362429,508.4419689362429,147.26215563702155
E,10.0,78.53981633974483,80.0,0.5,40.0,20.0,20.0,True,1.0,2.5,4.908738521234052,0.1,0.3,73.15789473684211,3600.0,20.321637426900587,67.73879142300196,derived_from_throughput,0.8624770795233315,8.624770795233315,3.710526315789474,spot_diameter,2.5,3.2002439003365724,1.0,1.0,0.49087385212340523,0.14726215563702155,147.26215563702155,0.14726215563702155,147.26215563702155,4.712748153277932,4712.748153277932,0.5464201038110537,546.4201038110537,147.26215563702155
E,10.0,78.53981633974483,80.0,0.5,40.0,20.0,20.0,True,1.0,2.5,4.908738521234052,0.1,0.3,73.15789473684211,3600.0,20.321637426900587,67.73879142300196,derived_from_throughput,0.8624770795233315,8.624770795233315,3.9684210526315793,spot_diameter,2.5,3.4226721997925895,1.0,1.0,0.49087385212340523,0.14726215563702155,147.26215563702155,0.14726215563702155,147.26215563702155,5.040300861803633,5040.300861803633,0.5843982386858645,584.3982386858645,147.26215563702155
E,10.0,78.53981633974483,80.0,0.5,40.0,20.0,20.0,True,1.0,2.5,4.908738521234052,0.1,0.3,73.15789473684211,3600.0,20.321637426900587,67.73879142300196,derived_from_throughput,0.8624770795233315,8.624770795233315,4.226315789473684,spot_diameter,2.5,3.6451004992486062,1.0,1.0,0.49087385212340523,0.14726215563702155,147.26215563702155,0.14726215563702155,147.26215563702155,5.367853570329332,5367.853570329333,0.6223763735606753,622.3763735606753,147.26215563702155
E,10.0,78.53981633974483,80.0,0.5,40.0,20.0,20.0,True,1.0,2.5,4.908738521234052,0.1,0.3,73.15789473684211,3600.0,20.321637426900587,67.73879142300196,derived_from_throughput,0.8624770795233315,8.624770795233315,4.484210526315789,spot_diameter,2.5,3.8675287987046234,1.0,1.0,0.49087385212340523,0.14726215563702155,147.26215563702155,0.14726215563702155,147.26215563702155,5.695406278855033,5695.406278855033,0.660354508435486,660.3545084354861,147.26215563702155
E,10.0,78.53981633974483,80.0,0.5,40.0,20.0,20.0,True,1.0,2.5,4.908738521234052,0.1,0.3,73.15789473684211,3600.0,20.321637426900587,67.73879142300196,derived_from_throughput,0.8624770795233315,8.624770795233315,4.742105263157895,spot_diameter,2.5,4.089957098160641,1.0,1.0,0.49087385212340523,0.14726215563702155,147.26215563702155,0.14726215563702155,147.26215563702155,6.022958987380734,6022.958987380734,0.698332643310297,698.3326433102969,147.26215563702155
E,10.0,78.53981633974483,80.0,0.5,40.0,20.0,20.0,True,1.0,2.5,4.908738521234052,0.1,0.3,73.15789473684211,3600.0,20.321637426900587,67.73879142300196,derived_from_throughput,0.8624770795233315,8.624770795233315,5.0,spot_diameter,2.5,4.312385397616658,1.0,1.0,0.49087385212340523,0.14726215563702155,147.26215563702155,0.14726215563702155,147.26215563702155,6.350511695906434,6350.5116959064335,0.7363107781851077,736.3107781851077,147.26215563702155
E,10.0,78.53981633974483,80.0,0.5,40.0,20.0,20.0,True,1.0,2.5,4.908738521234052,0.1,0.3,77.36842105263158,3600.0,21.49122807017544,71.6374269005848,derived_from_throughput,0.9121160481289908,9.121160481289909,0.1,spot_diameter,2.5,0.09121160481289908,0.036484641925159635,0.036484641925159635,0.49087385212340523,0.14726215563702155,147.26215563702155,0.00537280701754386,5.37280701754386,0.1343201754385965,134.3201754385965,0.014726215563702155,14.726215563702155,5.37280701754386
E,10.0,78.53981633974483,80.0,0.5,40.0,20.0,20.0,True,1.0,2.5,4.908738521234052,0.1,0.3,77.36842105263158,3600.0,21.49122807017544,71.6374269005848,derived_from_throughput,0.9121160481289908,9.121160481289909,0.35789473684210527,spot_diameter,2.5,0.32644153301458617,0.13057661320583447,0.13057661320583447,0.49087385212340523,0.14726215563702155,147.26215563702155,0.01922899353647276,19.228993536472757,0.480724838411819,480.724838411819,0.05270435043851298,52.70435043851298,19.228993536472757
E,10.0,78.53981633974483,80.0,0.5,40.0,20.0,20.0,True,1.0,2.5,4.908738521234052,0.1,0.3,77.36842105263158,3600.0,21.49122807017544,71.6374269005848,derived_from_throughput,0.9121160481289908,9.121160481289909,0.6157894736842106,spot_diameter,2.5,0.5616714612162733,0.22466858448650934,0.22466858448650934,0.49087385212340523,0.14726215563702155,147.26215563702155,0.03308518005540166,33.08518005540166,0.8271295013850416,827.1295013850416,0.0906824853133238,90.68248531332381,33.08518005540166
E,10.0,78.53981633974483,80.0,0.5,40.0,20.0,20.0,True,1.0,2.5,4.908738521234052,0.1,0.3,77.36842105263158,3600.0,21.49122807017544,71.6374269005848,derived_from_throughput,0.9121160481289908,9.121160481289909,0.8736842105263158,spot_diameter,2.5,0.7969013894179604,0.31876055576718415,0.31876055576718415,0.49087385212340523,0.14726215563702155,147.26215563702155,0.04694136657433056,46.94136657433056,1.1735341643582642,1173.5341643582642,0.12866062018813462,128.66062018813463,46.94136657433056
E,10.0,78.53981633974483,80.0,0.5,40.0,20.0,20.0,True,1.0,2.5,4.908738521234052,0.1,0.3,77.36842105263158,3600.0,21.49122807017544,71.6374269005848,derived_from_throughput,0.9121160481289908,9.121160481289909,1.1315789473684212,spot_diameter,2.5,1.0321313176196476,0.412852527047859,0.412852527047859,0.49087385212340523,0.14726215563702155,147.26215563702155,0.06079755309325947,60.79755309325947,1.5199388273314869,1519.938827331487,0.16663875506294548,166.63875506294548,60.79755309325947
E,10.0,78.53981633974483,80.0,0.5,40.0,20.0,20.0,True,1.0,2.5,4.908738521234052,0.1,0.3,77.36842105263158,3600.0,21.49122807017544,71.6374269005848,derived_from_throughput,0.9121160481289908,9.121160481289909,1.3894736842105266,spot_diameter,2.5,1.267361245821335,0.506944498328534,0.506944498328534,0.49087385212340523,0.14726215563702155,147.26215563702155,0.0746537396121884,74.65373961218839,1.8663434903047096,1866.3434903047096,0.2046168899377563,204.61688993775633,74.65373961218839
E,10.0,78.53981633974483,80.0,0.5,40.0,20.0,20.0,True,1.0,2.5,4.908738521234052,0.1,0.3,77.36842105263158,3600.0,21.49122807017544,71.6374269005848,derived_from_throughput,0.9121160481289908,9.121160481289909,1.6473684210526318,spot_diameter,2.5,1.502591174023022,0.6010364696092088,0.6010364696092088,0.49087385212340523,0.14726215563702155,147.26215563702155,0.08850992613111727,88.50992613111727,2.212748153277932,2212.748153277932,0.24259502481256712,242.59502481256712,88.50992613111727
E,10.0,78.53981633974483,80.0,0.5,40.0,20.0,20.0,True,1.0,2.5,4.908738521234052,0.1,0.3,77.36842105263158,3600.0,21.49122807017544,71.6374269005848,derived_from_throughput,0.9121160481289908,9.121160481289909,1.905263157894737,spot_diameter,2.5,1.737821102224709,0.6951284408898836,0.6951284408898836,0.49087385212340523,0.14726215563702155,147.26215563702155,0.10236611265004616,102.36611265004616,2.5591528162511543,2559.1528162511545,0.28057315968737795,280.57315968737794,102.36611265004616
E,10.0,78.53981633974483,80.0,0.5,40.0,20.0,20.0,True,1.0,2.5,4.908738521234052,0.1,0.3,77.36842105263158,3600.0,21.49122807017544,71.6374269005848,derived_from_throughput,0.9121160481289908,9.121160481289909,2.1631578947368424,spot_diameter,2.5,1.9730510304263962,0.7892204121705585,0.7892204121705585,0.49087385212340523,0.14726215563702155,147.26215563702155,0.11622229916897509,116.22229916897508,2.905557479224377,2905.557479224377,0.3185512945621888,318.5512945621888,116.22229916897508
E,10.0,78.53981633974483,80.0,0.5,40.0,20.0,20.0,True,1.0,2.5,4.908738521234052,0.1,0.3,77.36842105263158,3600.0,21.49122807017544,71.6374269005848,derived_from_throughput,0.9121160481289908,9.121160481289909,2.421052631578948,spot_diameter,2.5,2.2082809586280834,0.8833123834512333,0.8833123834512333,0.49087385212340523,0.14726215563702155,147.26215563702155,0.13007848568790398,130.07848568790396,3.2519621421975997,3251.9621421976,0.3565294294369996,356.52942943699964,130.07848568790396
E,10.0,78.53981633974483,80.0,0.5,40.0,20.0,20.0,True,1.0,2.5,4.908738521234052,0.1,0.3,77.36842105263158,3600.0,21.49122807017544,71.6374269005848,derived_from_throughput,0.9121160481289908,9.121160481289909,2.678947368421053,spot_diameter,2.5,2.443510886829771,0.9774043547319083,0.9774043547319083,0.49087385212340523,0.14726215563702155,147.26215563702155,0.1439346722068329,143.9346722068329,3.5983668051708224,3598.3668051708223,0.39450756431181044,394.5075643118104,143.9346722068329
E,10.0,78.53981633974483,80.0,0.5,40.0,20.0,20.0,True,1.0,2.5,4.908738521234052,0.1,0.3,77.36842105263158,3600.0,21.49122807017544,71.6374269005848,derived_from_throughput,0.9121160481289908,9.121160481289909,2.936842105263158,spot_diameter,2.5,2.6787408150314573,1.0,1.0,0.49087385212340523,0.14726215563702155,147.26215563702155,0.14726215563702155,147.26215563702155,3.9447714681440447,3944.771468144045,0.4324856991866212,432.4856991866212,147.26215563702155
E,10.0,78.53981633974483,80.0,0.5,40.0,20.0,20.0,True,1.0,2.5,4.908738521234052,0.1,0.3,77.36842105263158,3600.0,21.49122807017544,71.6374269005848,derived_from_throughput,0.9121160481289908,9.121160481289909,3.1947368421052635,spot_diameter,2.5,2.9139707432331448,1.0,1.0,0.49087385212340523,0.14726215563702155,147.26215563702155,0.14726215563702155,147.26215563702155,4.291176131117267,4291.176131117268,0.47046383406143205,470.46383406143207,147.26215563702155
E,10.0,78.53981633974483,80.0,0.5,40.0,20.0,20.0,True,1.0,2.5,4.908738521234052,0.1,0.3,77.36842105263158,3600.0,21.49122807017544,71.6374269005848,derived_from_throughput,0.9121160481289908,9.121160481289909,3.452631578947369,spot_diameter,2.5,3.149200671434832,1.0,1.0,0.49087385212340523,0.14726215563702155,147.26215563702155,0.14726215563702155,147.26215563702155,4.63758079409049,4637.58079409049,0.5084419689362429,508.4419689362429,147.26215563702155
E,10.0,78.53981633974483,80.0,0.5,40.0,20.0,20.0,True,1.0,2.5,4.908738521234052,0.1,0.3,77.36842105263158,3600.0,21.49122807017544,71.6374269005848,derived_from_throughput,0.9121160481289908,9.121160481289909,3.710526315789474,spot_diameter,2.5,3.3844305996365187,1.0,1.0,0.49087385212340523,0.14726215563702155,147.26215563702155,0.14726215563702155,147.26215563702155,4.983985457063712,4983.985457063712,0.5464201038110537,546.4201038110537,147.26215563702155
E,10.0,78.53981633974483,80.0,0.5,40.0,20.0,20.0,True,1.0,2.5,4.908738521234052,0.1,0.3,77.36842105263158,3600.0,21.49122807017544,71.6374269005848,derived_from_throughput,0.9121160481289908,9.121160481289909,3.9684210526315793,spot_diameter,2.5,3.619660527838206,1.0,1.0,0.49087385212340523,0.14726215563702155,147.26215563702155,0.14726215563702155,147.26215563702155,5.330390120036935,5330.390120036935,0.5843982386858645,584.3982386858645,147.26215563702155
E,10.0,78.53981633974483,80.0,0.5,40.0,20.0,20.0,True,1.0,2.5,4.908738521234052,0.1,0.3,77.36842105263158,3600.0,21.49122807017544,71.6374269005848,derived_from_throughput,0.9121160481289908,9.121160481289909,4.226315789473684,spot_diameter,2.5,3.8548904560398927,1.0,1.0,0.49087385212340523,0.14726215563702155,147.26215563702155,0.14726215563702155,147.26215563702155,5.676794783010157,5676.7947830101575,0.6223763735606753,622.3763735606753,147.26215563702155
E,10.0,78.53981633974483,80.0,0.5,40.0,20.0,20.0,True,1.0,2.5,4.908738521234052,0.1,0.3,77.36842105263158,3600.0,21.49122807017544,71.6374269005848,derived_from_throughput,0.9121160481289908,9.121160481289909,4.484210526315789,spot_diameter,2.5,4.09012038424158,1.0,1.0,0.49087385212340523,0.14726215563702155,147.26215563702155,0.14726215563702155,147.26215563702155,6.023199445983379,6023.1994459833795,0.660354508435486,660.3545084354861,147.26215563702155
E,10.0,78.53981633974483,80.0,0.5,40.0,20.0,20.0,True,1.0,2.5,4.908738521234052,0.1,0.3,77.36842105263158,3600.0,21.49122807017544,71.6374269005848,derived_from_throughput,0.9121160481289908,9.121160481289909,4.742105263157895,spot_diameter,2.5,4.325350312443267,1.0,1.0,0.49087385212340523,0.14726215563702155,147.26215563702155,0.14726215563702155,147.26215563702155,6.369604108956603,6369.604108956602,0.698332643310297,698.3326433102969,147.26215563702155
E,10.0,78.53981633974483,80.0,0.5,40.0,20.0,20.0,True,1.0,2.5,4.908738521234052,0.1,0.3,77.36842105263158,3600.0,21.49122807017544,71.6374269005848,derived_from_throughput,0.9121160481289908,9.121160481289909,5.0,spot_diameter,2.5,4.5605802406449545,1.0,1.0,0.49087385212340523,0.14726215563702155,147.26215563702155,0.14726215563702155,147.26215563702155,6.7160087719298245,6716.008771929824,0.7363107781851077,736.3107781851077,147.26215563702155
E,10.0,78.53981633974483,80.0,0.5,40.0,20.0,20.0,True,1.0,2.5,4.908738521234052,0.1,0.3,81.57894736842105,3600.0,22.660818713450293,75.53606237816764,derived_from_throughput,0.9617550167346501,9.6175501673465,0.1,spot_diameter,2.5,0.09617550167346502,0.03847020066938601,0.03847020066938601,0.49087385212340523,0.14726215563702155,147.26215563702155,0.005665204678362573,5.6652046783625725,0.14163011695906433,141.63011695906434,0.014726215563702155,14.726215563702155,5.6652046783625725
E,10.0,78.53981633974483,80.0,0.5,40.0,20.0,20.0,True,1.0,2.5,4.908738521234052,0.1,0.3,81.57894736842105,3600.0,22.660818713450293,75.53606237816764,derived_from_throughput,0.9617550167346501,9.6175501673465,0.35789473684210527,spot_diameter,2.5,0.3442070586208222,0.13768282344832888,0.13768282344832888,0.49087385212340523,0.14726215563702155,147.26215563702155,0.020275469375192368,20.27546937519237,0.5068867343798092,506.88673437980924,0.05270435043851298,52.70435043851298,20.27546937519237
E,10.0,78.53981633974483,80.0,0.5,40.0,20.0,20.0,True,1.0,2.5,4.908738521234052,0.1,0.3,81.57894736842105,3600.0,22.660818713450293,75.53606237816764,derived_from_throughput,0.9617550167346501,9.6175501673465,0.6157894736842106,spot_diameter,2.5,0.5922386155681794,0.23689544622727174,0.23689544622727174,0.49087385212340523,0.14726215563702155,147.26215563702155,0.03488573407202216,34.88573407202216,0.8721433518005541,872.1433518005541,0.0906824853133238,90.68248531332381,34.88573407202216
E,10.0,78.53981633974483,80.0,0.5,40.0,20.0,20.0,True,1.0,2.5,4.908738521234052,0.1,0.3,81.57894736842105,3600.0,22.660818713450293,75.53606237816764,derived_from_throughput,0.9617550167346501,9.6175501673465,0.8736842105263158,spot_diameter,2.5,0.8402701725155365,0.3361080690062146,0.3361080690062146,0.49087385212340523,0.14726215563702155,147.26215563702155,0.049495998768851954,49.495998768851955,1.237399969221299,1237.399969221299,0.12866062018813462,128.66062018813463,49.495998768851955
E,10.0,78.53981633974483,80.0,0.5,40.0,20.0,20.0,True,1.0,2.5,4.908738521234052,0.1,0.3,81.57894736842105,3600.0,22.660818713450293,75.53606237816764,derived_from_throughput,0.9617550167346501,9.6175501673465,1.1315789473684212,spot_diameter,2.5,1.0883017294628938,0.43532069178515753,0.43532069178515753,0.49087385212340523,0.14726215563702155,147.26215563702155,0.06410626346568175,64.10626346568175,1.6026565866420441,1602.6565866420442,0.16663875506294548,166.63875506294548,64.10626346568175
E,10.0,78.53981633974483,80.0,0.5,40.0,20.0,20.0,True,1.0,2.5,4.908738521234052,0.1,0.3,81.57894736842105,3600.0,22.660818713450293,75.53606237816764,derived_from_throughput,0.9617550167346501,9.6175501673465,1.3894736842105266,spot_diameter,2.5,1.336333286410251,0.5345333145641005,0.5345333145641005,0.49087385212340523,0.14726215563702155,147.26215563702155,0.07871652816251157,78.71652816251157,1.9679132040627891,1967.9132040627892,0.2046168899377563,204.61688993775633,78.71652816251157
E,10.0,78.53981633974483,80.0,0.5,40.0,20.0,20.0,True,1.0,2.5,4.908738521234052,0.1,0.3,81.57894736842105,3600.0,22.660818713450293,75.53606237816764,derived_from_throughput,0.9617550167346501,9.6175501673465,1.6473684210526318,spot_diameter,2.5,1.584364843357608,0.6337459373430432,0.6337459373430432,0.49087385212340523,0.14726215563702155,147.26215563702155,0.09332679285934134,93.32679285934134,2.333169821483534,2333.1698214835337,0.24259502481256712,242.59502481256712,93.32679285934134
E,10.0,78.53981633974483,80.0,0.5,40.0,20.0,20.0,True,1.0,2.5,4.908738521234052,0.1,0.3,81.57894736842105,3600.0,22.660818713450293,75.53606237816764,derived_from_throughput,0.9617550167346501,9.6175501673465,1.905263157894737,spot_diameter,2.5,1.832396400304965,0.732958560121986,0.732958560121986,0.49087385212340523,0.14726215563702155,147.26215563702155,0.10793705755617113,107.93705755617113,2.6984264389042787,2698.4264389042787,0.28057315968737795,280.57315968737794,107.93705755617113
E,10.0,78.53981633974483,80.0,0.5,40.0,20.0,20.0,True,1.0,2.5,4.908738521234052,0.1,0.3,81.57894736842105,3600.0,22.660818713450293,75.53606237816764,derived_from_throughput,0.9617550167346501,9.6175501673465,2.1631578947368424,spot_diameter,2.5,2.0804279572523225,0.8321711829009291,0.8321711829009291,0.49087385212340523,0.14726215563702155,147.26215563702155,0.12254732225300094,122.54732225300094,3.0636830563250235,3063.6830563250232,0.3185512945621888,318.5512945621888,122.54732225300094
E,10.0,78.53981633974483,80.0,0.5,40.0,20.0,20.0,True,1.0,2.5,4.908738521234052,0.1,0.3,81.57894736842105,3600.0,22.660818713450293,75.53606237816764,derived_from_throughput,0.9617550167346501,9.6175501673465,2.421052631578948,spot_diameter,2.5,2.32845951419968,0.9313838056798719,0.9313838056798719,0.49087385212340523,0.14726215563702155,147.26215563702155,0.13715758694983074,137.15758694983074,3.4289396737457687,3428.9396737457687,0.3565294294369996,356.52942943699964,137.15758694983074
E,10.0,78.53981633974483,80.0,0.5,40.0,20.0,20.0,True,1.0,2.5,4.908738521234052,0.1,0.3,81.57894736842105,3600.0,22.660818713450293,75.53606237816764,derived_from_throughput,0.9617550167346501,9.6175501673465,2.678947368421053,spot_diameter,2.5,2.576491071147037,1.0,1.0,0.49087385212340523,0.14726215563702155,147.26215563702155,0.14726215563702155,147.26215563702155,3.794196291166514,3794.196291166514,0.39450756431181044,394.5075643118104,147.26215563702155
E,10.0,78.53981633974483,80.0,0.5,40.0,20.0,20.0,True,1.0,2.5,4.908738521234052,0.1,0.3,81.57894736842105,3600.0,22.660818713450293,75.53606237816764,derived_from_throughput,0.9617550167346501,9.6175501673465,2.936842105263158,spot_diameter,2.5,2.824522628094394,1.0,1.0,0.49087385212340523,0.14726215563702155,147.26215563702155,0.14726215563702155,147.26215563702155,4.159452908587258,4159.452908587258,0.4324856991866212,432.4856991866212,147.26215563702155
E,10.0,78.53981633974483,80.0,0.5,40.0,20.0,20.0,True,1.0,2.5,4.908738521234052,0.1,0.3,81.57894736842105,3600.0,22.660818713450293,75.53606237816764,derived_from_throughput,0.9617550167346501,9.6175501673465,3.1947368421052635,spot_diameter,2.5,3.072554185041751,1.0,1.0,0.49087385212340523,0.14726215563702155,147.26215563702155,0.14726215563702155,147.26215563702155,4.524709526008003,4524.709526008003,0.47046383406143205,470.46383406143207,147.26215563702155
E,10.0,78.53981633974483,80.0,0.5,40.0,20.0,20.0,True,1.0,2.5,4.908738521234052,0.1,0.3,81.57894736842105,3600.0,22.660818713450293,75.53606237816764,derived_from_throughput,0.9617550167346501,9.6175501673465,3.452631578947369,spot_diameter,2.5,3.3205857419891083,1.0,1.0,0.49087385212340523,0.14726215563702155,147.26215563702155,0.14726215563702155,147.26215563702155,4.889966143428748,4889.966143428748,0.5084419689362429,508.4419689362429,147.26215563702155
E,10.0,78.53981633974483,80.0,0.5,40.0,20.0,20.0,True,1.0,2.5,4.908738521234052,0.1,0.3,81.57894736842105,3600.0,22.660818713450293,75.53606237816764,derived_from_throughput,0.9617550167346501,9.6175501673465,3.710526315789474,spot_diameter,2.5,3.568617298936465,1.0,1.0,0.49087385212340523,0.14726215563702155,147.26215563702155,0.14726215563702155,147.26215563702155,5.255222760849493,5255.222760849492,0.5464201038110537,546.4201038110537,147.26215563702155
E,10.0,78.53981633974483,80.0,0.5,40.0,20.0,20.0,True,1.0,2.5,4.908738521234052,0.1,0.3,81.57894736842105,3600.0,22.660818713450293,75.53606237816764,derived_from_throughput,0.9617550167346501,9.6175501673465,3.9684210526315793,spot_diameter,2.5,3.8166488558838223,1.0,1.0,0.49087385212340523,0.14726215563702155,147.26215563702155,0.14726215563702155,147.26215563702155,5.620479378270238,5620.479378270238,0.5843982386858645,584.3982386858645,147.26215563702155
E,10.0,78.53981633974483,80.0,0.5,40.0,20.0,20.0,True,1.0,2.5,4.908738521234052,0.1,0.3,81.57894736842105,3600.0,22.660818713450293,75.53606237816764,derived_from_throughput,0.9617550167346501,9.6175501673465,4.226315789473684,spot_diameter,2.5,4.064680412831179,1.0,1.0,0.49087385212340523,0.14726215563702155,147.26215563702155,0.14726215563702155,147.26215563702155,5.985735995690982,5985.735995690982,0.6223763735606753,622.3763735606753,147.26215563702155
E,10.0,78.53981633974483,80.0,0.5,40.0,20.0,20.0,True,1.0,2.5,4.908738521234052,0.1,0.3,81.57894736842105,3600.0,22.660818713450293,75.53606237816764,derived_from_throughput,0.9617550167346501,9.6175501673465,4.484210526315789,spot_diameter,2.5,4.312711969778536,1.0,1.0,0.49087385212340523,0.14726215563702155,147.26215563702155,0.14726215563702155,147.26215563702155,6.3509926131117265,6350.992613111726,0.660354508435486,660.3545084354861,147.26215563702155
E,10.0,78.53981633974483,80.0,0.5,40.0,20.0,20.0,True,1.0,2.5,4.908738521234052,0.1,0.3,81.57894736842105,3600.0,22.660818713450293,75.53606237816764,derived_from_throughput,0.9617550167346501,9.6175501673465,4.742105263157895,spot_diameter,2.5,4.560743526725894,1.0,1.0,0.49087385212340523,0.14726215563702155,147.26215563702155,0.14726215563702155,147.26215563702155,6.716249230532473,6716.249230532472,0.698332643310297,698.3326433102969,147.26215563702155
E,10.0,78.53981633974483,80.0,0.5,40.0,20.0,20.0,True,1.0,2.5,4.908738521234052,0.1,0.3,81.57894736842105,3600.0,22.660818713450293,75.53606237816764,derived_from_throughput,0.9617550167346501,9.6175501673465,5.0,spot_diameter,2.5,4.80877508367325,1.0,1.0,0.49087385212340523,0.14726215563702155,147.26215563702155,0.14726215563702155,147.26215563702155,7.081505847953217,7081.505847953217,0.7363107781851077,736.3107781851077,147.26215563702155
E,10.0,78.53981633974483,80.0,0.5,40.0,20.0,20.0,True,1.0,2.5,4.908738521234052,0.1,0.3,85.78947368421052,3600.0,23.830409356725145,79.43469785575049,derived_from_throughput,1.0113939853403096,10.113939853403096,0.1,spot_diameter,2.5,0.10113939853403096,0.04045575941361239,0.04045575941361239,0.49087385212340523,0.14726215563702155,147.26215563702155,0.005957602339181287,5.957602339181287,0.14894005847953218,148.94005847953218,0.014726215563702155,14.726215563702155,5.957602339181287
E,10.0,78.53981633974483,80.0,0.5,40.0,20.0,20.0,True,1.0,2.5,4.908738521234052,0.1,0.3,85.78947368421052,3600.0,23.830409356725145,79.43469785575049,derived_from_throughput,1.0113939853403096,10.113939853403096,0.35789473684210527,spot_diameter,2.5,0.36197258422705814,0.14478903369082324,0.14478903369082324,0.49087385212340523,0.14726215563702155,147.26215563702155,0.02132194521391197,21.32194521391197,0.5330486303477994,533.0486303477994,0.05270435043851298,52.70435043851298,21.32194521391197
E,10.0,78.53981633974483,80.0,0.5,40.0,20.0,20.0,True,1.0,2.5,4.908738521234052,0.1,0.3,85.78947368421052,3600.0,23.830409356725145,79.43469785575049,derived_from_throughput,1.0113939853403096,10.113939853403096,0.6157894736842106,spot_diameter,2.5,0.6228057699200854,0.24912230796803417,0.24912230796803417,0.49087385212340523,0.14726215563702155,147.26215563702155,0.03668628808864266,36.68628808864266,0.9171572022160666,917.1572022160666,0.0906824853133238,90.68248531332381,36.68628808864266
E,10.0,78.53981633974483,80.0,0.5,40.0,20.0,20.0,True,1.0,2.5,4.908738521234052,0.1,0.3,85.78947368421052,3600.0,23.830409356725145,79.43469785575049,derived_from_throughput,1.0113939853403096,10.113939853403096,0.8736842105263158,spot_diameter,2.5,0.8836389556131126,0.35345558224524504,0.35345558224524504,0.49087385212340523,0.14726215563702155,147.26215563702155,0.05205063096337335,52.050630963373344,1.3012657740843339,1301.2657740843338,0.12866062018813462,128.66062018813463,52.050630963373344
E,10.0,78.53981633974483,80.0,0.5,40.0,20.0,20.0,True,1.0,2.5,4.908738521234052,0.1,0.3,85.78947368421052,3600.0,23.830409356725145,79.43469785575049,derived_from_throughput,1.0113939853403096,10.113939853403096,1.1315789473684212,spot_diameter,2.5,1.14447214130614,0.45778885652245604,0.45778885652245604,0.49087385212340523,0.14726215563702155,147.26215563702155,0.06741497383810405,67.41497383810405,1.6853743459526012,1685.374345952601,0.16663875506294548,166.63875506294548,67.41497383810405
E,10.0,78.53981633974483,80.0,0.5,40.0,20.0,20.0,True,1.0,2.5,4.908738521234052,0.1,0.3,85.78947368421052,3600.0,23.830409356725145,79.43469785575049,derived_from_throughput,1.0113939853403096,10.113939853403096,1.3894736842105266,spot_diameter,2.5,1.4053053269991673,0.5621221307996669,0.5621221307996669,0.49087385212340523,0.14726215563702155,147.26215563702155,0.08277931671283473,82.77931671283473,2.0694829178208685,2069.4829178208684,0.2046168899377563,204.61688993775633,82.77931671283473
E,10.0,78.53981633974483,80.0,0.5,40.0,20.0,20.0,True,1.0,2.5,4.908738521234052,0.1,0.3,85.78947368421052,3600.0,23.830409356725145,79.43469785575049,derived_from_throughput,1.0113939853403096,10.113939853403096,1.6473684210526318,spot_diameter,2.5,1.6661385126921944,0.6664554050768777,0.6664554050768777,0.49087385212340523,0.14726215563702155,147.26215563702155,0.09814365958756541,98.14365958756541,2.4535914896891358,2453.591489689136,0.24259502481256712,242.59502481256712,98.14365958756541
E,10.0,78.53981633974483,80.0,0.5,40.0,20.0,20.0,True,1.0,2.5,4.908738521234052,0.1,0.3,85.78947368421052,3600.0,23.830409356725145,79.43469785575049,derived_from_throughput,1.0113939853403096,10.113939853403096,1.905263157894737,spot_diameter,2.5,1.9269716983852214,0.7707886793540886,0.7707886793540886,0.49087385212340523,0.14726215563702155,147.26215563702155,0.11350800246229609,113.50800246229609,2.8377000615574026,2837.7000615574025,0.28057315968737795,280.57315968737794,113.50800246229609
E,10.0,78.53981633974483,80.0,0.5,40.0,20.0,20.0,True,1.0,2.5,4.908738521234052,0.1,0.3,85.78947368421052,3600.0,23.830409356725145,79.43469785575049,derived_from_throughput,1.0113939853403096,10.113939853403096,2.1631578947368424,spot_diameter,2.5,2.1878048840782487,0.8751219536312995,0.8751219536312995,0.49087385212340523,0.14726215563702155,147.26215563702155,0.1288723453370268,128.8723453370268,3.2218086334256704,3221.8086334256705,0.3185512945621888,318.5512945621888,128.8723453370268
E,10.0,78.53981633974483,80.0,0.5,40.0,20.0,20.0,True,1.0,2.5,4.908738521234052,0.1,0.3,85.78947368421052,3600.0,23.830409356725145,79.43469785575049,derived_from_throughput,1.0113939853403096,10.113939853403096,2.421052631578948,spot_diameter,2.5,2.448638069771276,0.9794552279085105,0.9794552279085105,0.49087385212340523,0.14726215563702155,147.26215563702155,0.14423668821175747,144.23668821175747,3.6059172052939377,3605.9172052939375,0.3565294294369996,356.52942943699964,144.23668821175747
E,10.0,78.53981633974483,80.0,0.5,40.0,20.0,20.0,True,1.0,2.5,4.908738521234052,0.1,0.3,85.78947368421052,3600.0,23.830409356725145,79.43469785575049,derived_from_throughput,1.0113939853403096,10.113939853403096,2.678947368421053,spot_diameter,2.5,2.7094712554643037,1.0,1.0,0.49087385212340523,0.14726215563702155,147.26215563702155,0.14726215563702155,147.26215563702155,3.990025777162205,3990.025777162205,0.39450756431181044,394.5075643118104,147.26215563702155
E,10.0,78.53981633974483,80.0,0.5,40.0,20.0,20.0,True,1.0,2.5,4.908738521234052,0.1,0.3,85.78947368421052,3600.0,23.830409356725145,79.43469785575049,derived_from_throughput,1.0113939853403096,10.113939853403096,2.936842105263158,spot_diameter,2.5,2.9703044411573303,1.0,1.0,0.49087385212340523,0.14726215563702155,147.26215563702155,0.14726215563702155,147.26215563702155,4.374134349030472,4374.134349030472,0.4324856991866212,432.4856991866212,147.26215563702155
E,10.0,78.53981633974483,80.0,0.5,40.0,20.0,20.0,True,1.0,2.5,4.908738521234052,0.1,0.3,85.78947368421052,3600.0,23.830409356725145,79.43469785575049,derived_from_throughput,1.0113939853403096,10.113939853403096,3.1947368421052635,spot_diameter,2.5,3.2311376268503578,1.0,1.0,0.49087385212340523,0.14726215563702155,147.26215563702155,0.14726215563702155,147.26215563702155,4.758242920898739,4758.242920898739,0.47046383406143205,470.46383406143207,147.26215563702155
E,10.0,78.53981633974483,80.0,0.5,40.0,20.0,20.0,True,1.0,2.5,4.908738521234052,0.1,0.3,85.78947368421052,3600.0,23.830409356725145,79.43469785575049,derived_from_throughput,1.0113939853403096,10.113939853403096,3.452631578947369,spot_diameter,2.5,3.4919708125433853,1.0,1.0,0.49087385212340523,0.14726215563702155,147.26215563702155,0.14726215563702155,147.26215563702155,5.142351492767006,5142.351492767007,0.5084419689362429,508.4419689362429,147.26215563702155
E,10.0,78.53981633974483,80.0,0.5,40.0,20.0,20.0,True,1.0,2.5,4.908738521234052,0.1,0.3,85.78947368421052,3600.0,23.830409356725145,79.43469785575049,derived_from_throughput,1.0113939853403096,10.113939853403096,3.710526315789474,spot_diameter,2.5,3.752803998236412,1.0,1.0,0.49087385212340523,0.14726215563702155,147.26215563702155,0.14726215563702155,147.26215563702155,5.526460064635273,5526.460064635274,0.5464201038110537,546.4201038110537,147.26215563702155
E,10.0,78.53981633974483,80.0,0.5,40.0,20.0,20.0,True,1.0,2.5,4.908738521234052,0.1,0.3,85.78947368421052,3600.0,23.830409356725145,79.43469785575049,derived_from_throughput,1.0113939853403096,10.113939853403096,3.9684210526315793,spot_diameter,2.5,4.013637183929439,1.0,1.0,0.49087385212340523,0.14726215563702155,147.26215563702155,0.14726215563702155,147.26215563702155,5.910568636503541,5910.568636503541,0.5843982386858645,584.3982386858645,147.26215563702155
E,10.0,78.53981633974483,80.0,0.5,40.0,20.0,20.0,True,1.0,2.5,4.908738521234052,0.1,0.3,85.78947368421052,3600.0,23.830409356725145,79.43469785575049,derived_from_throughput,1.0113939853403096,10.113939853403096,4.226315789473684,spot_diameter,2.5,4.274470369622466,1.0,1.0,0.49087385212340523,0.14726215563702155,147.26215563702155,0.14726215563702155,147.26215563702155,6.294677208371807,6294.677208371807,0.6223763735606753,622.3763735606753,147.26215563702155
E,10.0,78.53981633974483,80.0,0.5,40.0,20.0,20.0,True,1.0,2.5,4.908738521234052,0.1,0.3,85.78947368421052,3600.0,23.830409356725145,79.43469785575049,derived_from_throughput,1.0113939853403096,10.113939853403096,4.484210526315789,spot_diameter,2.5,4.535303555315493,1.0,1.0,0.49087385212340523,0.14726215563702155,147.26215563702155,0.14726215563702155,147.26215563702155,6.678785780240074,6678.785780240074,0.660354508435486,660.3545084354861,147.26215563702155
E,10.0,78.53981633974483,80.0,0.5,40.0,20.0,20.0,True,1.0,2.5,4.908738521234052,0.1,0.3,85.78947368421052,3600.0,23.830409356725145,79.43469785575049,derived_from_throughput,1.0113939853403096,10.113939853403096,4.742105263157895,spot_diameter,2.5,4.796136741008521,1.0,1.0,0.49087385212340523,0.14726215563702155,147.26215563702155,0.14726215563702155,147.26215563702155,7.0628943521083425,7062.894352108343,0.698332643310297,698.3326433102969,147.26215563702155
E,10.0,78.53981633974483,80.0,0.5,40.0,20.0,20.0,True,1.0,2.5,4.908738521234052,0.1,0.3,85.78947368421052,3600.0,23.830409356725145,79.43469785575049,derived_from_throughput,1.0113939853403096,10.113939853403096,5.0,spot_diameter,2.5,5.056969926701548,1.0,1.0,0.49087385212340523,0.14726215563702155,147.26215563702155,0.14726215563702155,147.26215563702155,7.4470029239766085,7447.002923976608,0.7363107781851077,736.3107781851077,147.26215563702155
E,10.0,78.53981633974483,80.0,0.5,40.0,20.0,20.0,True,1.0,2.5,4.908738521234052,0.1,0.3,90.0,3600.0,25.0,83.33333333333334,derived_from_throughput,1.061032953945969,10.610329539459691,0.1,spot_diameter,2.5,0.10610329539459691,0.04244131815783876,0.04244131815783876,0.49087385212340523,0.14726215563702155,147.26215563702155,0.00625,6.25,0.15625000000000003,156.25000000000003,0.014726215563702155,14.726215563702155,6.25
E,10.0,78.53981633974483,80.0,0.5,40.0,20.0,20.0,True,1.0,2.5,4.908738521234052,0.1,0.3,90.0,3600.0,25.0,83.33333333333334,derived_from_throughput,1.061032953945969,10.610329539459691,0.35789473684210527,spot_diameter,2.5,0.3797381098332942,0.1518952439333177,0.1518952439333177,0.49087385212340523,0.14726215563702155,147.26215563702155,0.022368421052631583,22.368421052631582,0.5592105263157896,559.2105263157896,0.05270435043851298,52.70435043851298,22.368421052631582
E,10.0,78.53981633974483,80.0,0.5,40.0,20.0,20.0,True,1.0,2.5,4.908738521234052,0.1,0.3,90.0,3600.0,25.0,83.33333333333334,derived_from_throughput,1.061032953945969,10.610329539459691,0.6157894736842106,spot_diameter,2.5,0.6533729242719916,0.2613491697087966,0.2613491697087966,0.49087385212340523,0.14726215563702155,147.26215563702155,0.038486842105263167,38.486842105263165,0.9621710526315791,962.1710526315791,0.0906824853133238,90.68248531332381,38.486842105263165
E,10.0,78.53981633974483,80.0,0.5,40.0,20.0,20.0,True,1.0,2.5,4.908738521234052,0.1,0.3,90.0,3600.0,25.0,83.33333333333334,derived_from_throughput,1.061032953945969,10.610329539459691,0.8736842105263158,spot_diameter,2.5,0.9270077387106889,0.37080309548427554,0.37080309548427554,0.49087385212340523,0.14726215563702155,147.26215563702155,0.05460526315789475,54.60526315789475,1.3651315789473686,1365.1315789473686,0.12866062018813462,128.66062018813463,54.60526315789475
E,10.0,78.53981633974483,80.0,0.5,40.0,20.0,20.0,True,1.0,2.5,4.908738521234052,0.1,0.3,90.0,3600.0,25.0,83.33333333333334,derived_from_throughput,1.061032953945969,10.610329539459691,1.1315789473684212,spot_diameter,2.5,1.2006425531493863,0.4802570212597545,0.4802570212597545,0.49087385212340523,0.14726215563702155,147.26215563702155,0.07072368421052634,70.72368421052634,1.7680921052631584,1768.0921052631584,0.16663875506294548,166.63875506294548,70.72368421052634
E,10.0,78.53981633974483,80.0,0.5,40.0,20.0,20.0,True,1.0,2.5,4.908738521234052,0.1,0.3,90.0,3600.0,25.0,83.33333333333334,derived_from_throughput,1.061032953945969,10.610329539459691,1.3894736842105266,spot_diameter,2.5,1.4742773675880836,0.5897109470352334,0.5897109470352334,0.49087385212340523,0.14726215563702155,147.26215563702155,0.08684210526315791,86.84210526315792,2.1710526315789482,2171.0526315789484,0.2046168899377563,204.61688993775633,86.84210526315792
E,10.0,78.53981633974483,80.0,0.5,40.0,20.0,20.0,True,1.0,2.5,4.908738521234052,0.1,0.3,90.0,3600.0,25.0,83.33333333333334,derived_from_throughput,1.061032953945969,10.610329539459691,1.6473684210526318,spot_diameter,2.5,1.747912182026781,0.6991648728107124,0.6991648728107124,0.49087385212340523,0.14726215563702155,147.26215563702155,0.1029605263157895,102.96052631578951,2.5740131578947376,2574.0131578947376,0.24259502481256712,242.59502481256712,102.96052631578951
E,10.0,78.53981633974483,80.0,0.5,40.0,20.0,20.0,True,1.0,2.5,4.908738521234052,0.1,0.3,90.0,3600.0,25.0,83.33333333333334,derived_from_throughput,1.061032953945969,10.610329539459691,1.905263157894737,spot_diameter,2.5,2.021546996465478,0.8086187985861912,0.8086187985861912,0.49087385212340523,0.14726215563702155,147.26215563702155,0.11907894736842108,119.07894736842107,2.976973684210527,2976.973684210527,0.28057315968737795,280.57315968737794,119.07894736842107
E,10.0,78.53981633974483,80.0,0.5,40.0,20.0,20.0,True,1.0,2.5,4.908738521234052,0.1,0.3,90.0,3600.0,25.0,83.33333333333334,derived_from_throughput,1.061032953945969,10.610329539459691,2.1631578947368424,spot_diameter,2.5,2.2951818109041757,0.9180727243616703,0.9180727243616703,0.49087385212340523,0.14726215563702155,147.26215563702155,0.13519736842105268,135.1973684210527,3.379934210526317,3379.9342105263167,0.3185512945621888,318.5512945621888,135.1973684210527
E,10.0,78.53981633974483,80.0,0.5,40.0,20.0,20.0,True,1.0,2.5,4.908738521234052,0.1,0.3,90.0,3600.0,25.0,83.33333333333334,derived_from_throughput,1.061032953945969,10.610329539459691,2.421052631578948,spot_diameter,2.5,2.568816625342873,1.0,1.0,0.49087385212340523,0.14726215563702155,147.26215563702155,0.14726215563702155,147.26215563702155,3.7828947368421066,3782.894736842107,0.3565294294369996,356.52942943699964,147.26215563702155
E,10.0,78.53981633974483,80.0,0.5,40.0,20.0,20.0,True,1.0,2.5,4.908738521234052,0.1,0.3,90.0,3600.0,25.0,83.33333333333334,derived_from_throughput,1.061032953945969,10.610329539459691,2.678947368421053,spot_diameter,2.5,2.8424514397815703,1.0,1.0,0.49087385212340523,0.14726215563702155,147.26215563702155,0.14726215563702155,147.26215563702155,4.1858552631578965,4185.855263157897,0.39450756431181044,394.5075643118104,147.26215563702155
E,10.0,78.53981633974483,80.0,0.5,40.0,20.0,20.0,True,1.0,2.5,4.908738521234052,0.1,0.3,90.0,3600.0,25.0,83.33333333333334,derived_from_throughput,1.061032953945969,10.610329539459691,2.936842105263158,spot_diameter,2.5,3.116086254220267,1.0,1.0,0.49087385212340523,0.14726215563702155,147.26215563702155,0.14726215563702155,147.26215563702155,4.588815789473685,4588.815789473685,0.4324856991866212,432.4856991866212,147.26215563702155
E,10.0,78.53981633974483,80.0,0.5,40.0,20.0,20.0,True,1.0,2.5,4.908738521234052,0.1,0.3,90.0,3600.0,25.0,83.33333333333334,derived_from_throughput,1.061032953945969,10.610329539459691,3.1947368421052635,spot_diameter,2.5,3.389721068658965,1.0,1.0,0.49087385212340523,0.14726215563702155,147.26215563702155,0.14726215563702155,147.26215563702155,4.991776315789475,4991.776315789475,0.47046383406143205,470.46383406143207,147.26215563702155
E,10.0,78.53981633974483,80.0,0.5,40.0,20.0,20.0,True,1.0,2.5,4.908738521234052,0.1,0.3,90.0,3600.0,25.0,83.33333333333334,derived_from_throughput,1.061032953945969,10.610329539459691,3.452631578947369,spot_diameter,2.5,3.6633558830976622,1.0,1.0,0.49087385212340523,0.14726215563702155,147.26215563702155,0.14726215563702155,147.26215563702155,5.394736842105265,5394.736842105264,0.5084419689362429,508.4419689362429,147.26215563702155
E,10.0,78.53981633974483,80.0,0.5,40.0,20.0,20.0,True,1.0,2.5,4.908738521234052,0.1,0.3,90.0,3600.0,25.0,83.33333333333334,derived_from_throughput,1.061032953945969,10.610329539459691,3.710526315789474,spot_diameter,2.5,3.936990697536359,1.0,1.0,0.49087385212340523,0.14726215563702155,147.26215563702155,0.14726215563702155,147.26215563702155,5.797697368421054,5797.697368421054,0.5464201038110537,546.4201038110537,147.26215563702155
E,10.0,78.53981633974483,80.0,0.5,40.0,20.0,20.0,True,1.0,2.5,4.908738521234052,0.1,0.3,90.0,3600.0,25.0,83.33333333333334,derived_from_throughput,1.061032953945969,10.610329539459691,3.9684210526315793,spot_diameter,2.5,4.210625511975056,1.0,1.0,0.49087385212340523,0.14726215563702155,147.26215563702155,0.14726215563702155,147.26215563702155,6.200657894736843,6200.657894736843,0.5843982386858645,584.3982386858645,147.26215563702155
E,10.0,78.53981633974483,80.0,0.5,40.0,20.0,20.0,True,1.0,2.5,4.908738521234052,0.1,0.3,90.0,3600.0,25.0,83.33333333333334,derived_from_throughput,1.061032953945969,10.610329539459691,4.226315789473684,spot_diameter,2.5,4.484260326413754,1.0,1.0,0.49087385212340523,0.14726215563702155,147.26215563702155,0.14726215563702155,147.26215563702155,6.603618421052633,6603.618421052633,0.6223763735606753,622.3763735606753,147.26215563702155
E,10.0,78.53981633974483,80.0,0.5,40.0,20.0,20.0,True,1.0,2.5,4.908738521234052,0.1,0.3,90.0,3600.0,25.0,83.33333333333334,derived_from_throughput,1.061032953945969,10.610329539459691,4.484210526315789,spot_diameter,2.5,4.75789514085245,1.0,1.0,0.49087385212340523,0.14726215563702155,147.26215563702155,0.14726215563702155,147.26215563702155,7.006578947368421,7006.578947368421,0.660354508435486,660.3545084354861,147.26215563702155
E,10.0,78.53981633974483,80.0,0.5,40.0,20.0,20.0,True,1.0,2.5,4.908738521234052,0.1,0.3,90.0,3600.0,25.0,83.33333333333334,derived_from_throughput,1.061032953945969,10.610329539459691,4.742105263157895,spot_diameter,2.5,5.031529955291148,1.0,1.0,0.49087385212340523,0.14726215563702155,147.26215563702155,0.14726215563702155,147.26215563702155,7.409539473684212,7409.539473684213,0.698332643310297,698.3326433102969,147.26215563702155
E,10.0,78.53981633974483,80.0,0.5,40.0,20.0,20.0,True,1.0,2.5,4.908738521234052,0.1,0.3,90.0,3600.0,25.0,83.33333333333334,derived_from_throughput,1.061032953945969,10.610329539459691,5.0,spot_diameter,2.5,5.305164769729846,1.0,1.0,0.49087385212340523,0.14726215563702155,147.26215563702155,0.14726215563702155,147.26215563702155,7.812500000000001,7812.500000000001,0.7363107781851077,736.3107781851077,147.26215563702155
