setup,pipe_diameter_cm,pipe_area_cm2,total_rig_height_cm,maintained_fill_fraction,filled_height_cm,probe_height_from_bottom_cm,probe_submergence_cm,probe_is_covered,coverage_factor,nir_spot_diameter_cm,nir_spot_area_cm2,measurement_depth_cm,bulk_density_g_per_cm3,throughput_kg,throughput_time_s,mass_flow_g_s,vol_flow_cm3_s,velocity_source,velocity_cm_s,velocity_mm_s,acquisition_time_s,axial_length_model,axial_sampling_length_cm,advance_dz_cm_per_acq,raw_refresh_fraction_per_acq,refresh_fraction_per_acq,probe_volume_cm3,probe_mass_g_instant,probe_mass_mg_instant,new_mass_g_per_acq,new_mass_mg_per_acq,mass_passed_g_per_acq,mass_passed_mg_per_acq,mass_time_exposure_g_s,mass_time_exposure_mg_s,effective_sample_size_mg,sweep_type
E,10.0,78.53981633974483,80.0,0.5,40.0,20.0,20.0,True,1.0,2.5,4.908738521234052,0.01,0.3,95.0,3600.0,26.38888888888889,87.96296296296296,derived_from_throughput,1.1199792291651893,11.199792291651892,1.0,spot_diameter,2.5,1.1199792291651893,0.4479916916660757,0.4479916916660757,0.04908738521234052,0.014726215563702155,14.726215563702155,0.006597222222222221,6.597222222222221,1.6493055555555556,1649.3055555555557,0.014726215563702155,14.726215563702155,6.597222222222221,penetration_depth
E,10.0,78.53981633974483,80.0,0.5,40.0,20.0,20.0,True,1.0,2.5,4.908738521234052,0.02,0.3,95.0,3600.0,26.38888888888889,87.96296296296296,derived_from_throughput,1.1199792291651893,11.199792291651892,1.0,spot_diameter,2.5,1.1199792291651893,0.4479916916660757,0.4479916916660757,0.09817477042468103,0.02945243112740431,29.45243112740431,0.013194444444444443,13.194444444444443,1.6493055555555556,1649.3055555555557,0.02945243112740431,29.45243112740431,13.194444444444443,penetration_depth
E,10.0,78.53981633974483,80.0,0.5,40.0,20.0,20.0,True,1.0,2.5,4.908738521234052,0.03,0.3,95.0,3600.0,26.38888888888889,87.96296296296296,derived_from_throughput,1.1199792291651893,11.199792291651892,1.0,spot_diameter,2.5,1.1199792291651893,0.4479916916660757,0.4479916916660757,0.14726215563702155,0.044178646691106466,44.178646691106465,0.019791666666666666,19.791666666666664,1.6493055555555556,1649.3055555555557,0.044178646691106466,44.178646691106465,19.791666666666664,penetration_depth
E,10.0,78.53981633974483,80.0,0.5,40.0,20.0,20.0,True,1.0,2.5,4.908738521234052,0.04,0.3,95.0,3600.0,26.38888888888889,87.96296296296296,derived_from_throughput,1.1199792291651893,11.199792291651892,1.0,spot_diameter,2.5,1.1199792291651893,0.4479916916660757,0.4479916916660757,0.19634954084936207,0.05890486225480862,58.90486225480862,0.026388888888888885,26.388888888888886,1.6493055555555556,1649.3055555555557,0.05890486225480862,58.90486225480862,26.388888888888886,penetration_depth
E,10.0,78.53981633974483,80.0,0.5,40.0,20.0,20.0,True,1.0,2.5,4.908738521234052,0.05,0.3,95.0,3600.0,26.38888888888889,87.96296296296296,derived_from_throughput,1.1199792291651893,11.199792291651892,1.0,spot_diameter,2.5,1.1199792291651893,0.4479916916660757,0.4479916916660757,0.24543692606170261,0.07363107781851078,73.63107781851078,0.032986111111111105,32.98611111111111,1.6493055555555556,1649.3055555555557,0.07363107781851078,73.63107781851078,32.98611111111111,penetration_depth
E,10.0,78.53981633974483,80.0,0.5,40.0,20.0,20.0,True,1.0,2.5,4.908738521234052,0.06,0.3,95.0,3600.0,26.38888888888889,87.96296296296296,derived_from_throughput,1.1199792291651893,11.199792291651892,1.0,spot_diameter,2.5,1.1199792291651893,0.4479916916660757,0.4479916916660757,0.2945243112740431,0.08835729338221293,88.35729338221293,0.03958333333333333,39.58333333333333,1.6493055555555556,1649.3055555555557,0.08835729338221293,88.35729338221293,39.58333333333333,penetration_depth
E,10.0,78.53981633974483,80.0,0.5,40.0,20.0,20.0,True,1.0,2.5,4.908738521234052,0.07,0.3,95.0,3600.0,26.38888888888889,87.96296296296296,derived_from_throughput,1.1199792291651893,11.199792291651892,1.0,spot_diameter,2.5,1.1199792291651893,0.4479916916660757,0.4479916916660757,0.3436116964863837,0.1030835089459151,103.0835089459151,0.04618055555555556,46.18055555555556,1.6493055555555556,1649.3055555555557,0.1030835089459151,103.0835089459151,46.18055555555556,penetration_depth
E,10.0,78.53981633974483,80.0,0.5,40.0,20.0,20.0,True,1.0,2.5,4.908738521234052,0.08,0.3,95.0,3600.0,26.38888888888889,87.96296296296296,derived_from_throughput,1.1199792291651893,11.199792291651892,1.0,spot_diameter,2.5,1.1199792291651893,0.4479916916660757,0.4479916916660757,0.39269908169872414,0.11780972450961724,117.80972450961724,0.05277777777777777,52.77777777777777,1.6493055555555556,1649.3055555555557,0.11780972450961724,117.80972450961724,52.77777777777777,penetration_depth
E,10.0,78.53981633974483,80.0,0.5,40.0,20.0,20.0,True,1.0,2.5,4.908738521234052,0.09,0.3,95.0,3600.0,26.38888888888889,87.96296296296296,derived_from_throughput,1.1199792291651893,11.199792291651892,1.0,spot_diameter,2.5,1.1199792291651893,0.4479916916660757,0.4479916916660757,0.44178646691106466,0.1325359400733194,132.5359400733194,0.05937499999999999,59.37499999999999,1.6493055555555556,1649.3055555555557,0.1325359400733194,132.5359400733194,59.37499999999999,penetration_depth
E,10.0,78.53981633974483,80.0,0.5,40.0,20.0,20.0,True,1.0,2.5,4.908738521234052,0.1,0.3,95.0,3600.0,26.38888888888889,87.96296296296296,derived_from_throughput,1.1199792291651893,11.199792291651892,1.0,spot_diameter,2.5,1.1199792291651893,0.4479916916660757,0.4479916916660757,0.49087385212340523,0.14726215563702155,147.26215563702155,0.06597222222222221,65.97222222222221,1.6493055555555556,1649.3055555555557,0.14726215563702155,147.26215563702155,65.97222222222221,penetration_depth
E,10.0,78.53981633974483,80.0,0.5,40.0,20.0,20.0,True,1.0,2.5,4.908738521234052,0.11,0.3,95.0,3600.0,26.38888888888889,87.96296296296296,derived_from_throughput,1.1199792291651893,11.199792291651892,1.0,spot_diameter,2.5,1.1199792291651893,0.4479916916660757,0.4479916916660757,0.5399612373357457,0.1619883712007237,161.98837120072372,0.07256944444444444,72.56944444444444,1.6493055555555556,1649.3055555555557,0.1619883712007237,161.98837120072372,72.56944444444444,penetration_depth
E,10.0,78.53981633974483,80.0,0.5,40.0,20.0,20.0,True,1.0,2.5,4.908738521234052,0.12,0.3,95.0,3600.0,26.38888888888889,87.96296296296296,derived_from_throughput,1.1199792291651893,11.199792291651892,1.0,spot_diameter,2.5,1.1199792291651893,0.4479916916660757,0.4479916916660757,0.5890486225480862,0.17671458676442586,176.71458676442586,0.07916666666666666,79.16666666666666,1.6493055555555556,1649.3055555555557,0.17671458676442586,176.71458676442586,79.16666666666666,penetration_depth
E,10.0,78.53981633974483,80.0,0.5,40.0,20.0,20.0,True,1.0,2.5,4.908738521234052,0.13,0.3,95.0,3600.0,26.38888888888889,87.96296296296296,derived_from_throughput,1.1199792291651893,11.199792291651892,1.0,spot_diameter,2.5,1.1199792291651893,0.4479916916660757,0.4479916916660757,0.6381360077604268,0.19144080232812802,191.44080232812803,0.08576388888888888,85.76388888888887,1.6493055555555556,1649.3055555555557,0.19144080232812802,191.44080232812803,85.76388888888887,penetration_depth
E,10.0,78.53981633974483,80.0,0.5,40.0,20.0,20.0,True,1.0,2.5,4.908738521234052,0.14,0.3,95.0,3600.0,26.38888888888889,87.96296296296296,derived_from_throughput,1.1199792291651893,11.199792291651892,1.0,spot_diameter,2.5,1.1199792291651893,0.4479916916660757,0.4479916916660757,0.6872233929727674,0.2061670178918302,206.1670178918302,0.09236111111111112,92.36111111111111,1.6493055555555556,1649.3055555555557,0.2061670178918302,206.1670178918302,92.36111111111111,penetration_depth
E,10.0,78.53981633974483,80.0,0.5,40.0,20.0,20.0,True,1.0,2.5,4.908738521234052,0.15,0.3,95.0,3600.0,26.38888888888889,87.96296296296296,derived_from_throughput,1.1199792291651893,11.199792291651892,1.0,spot_diameter,2.5,1.1199792291651893,0.4479916916660757,0.4479916916660757,0.7363107781851078,0.22089323345553233,220.89323345553234,0.09895833333333331,98.95833333333331,1.6493055555555556,1649.3055555555557,0.22089323345553233,220.89323345553234,98.95833333333331,penetration_depth
E,10.0,78.53981633974483,80.0,0.5,40.0,20.0,20.0,True,1.0,2.5,4.908738521234052,0.16,0.3,95.0,3600.0,26.38888888888889,87.96296296296296,derived_from_throughput,1.1199792291651893,11.199792291651892,1.0,spot_diameter,2.5,1.1199792291651893,0.4479916916660757,0.4479916916660757,0.7853981633974483,0.23561944901923448,235.61944901923448,0.10555555555555554,105.55555555555554,1.6493055555555556,1649.3055555555557,0.23561944901923448,235.61944901923448,105.55555555555554,penetration_depth
E,10.0,78.53981633974483,80.0,0.5,40.0,20.0,20.0,True,1.0,2.5,4.908738521234052,0.17,0.3,95.0,3600.0,26.38888888888889,87.96296296296296,derived_from_throughput,1.1199792291651893,11.199792291651892,1.0,spot_diameter,2.5,1.1199792291651893,0.4479916916660757,0.4479916916660757,0.8344855486097889,0.25034566458293667,250.34566458293668,0.11215277777777778,112.15277777777779,1.6493055555555556,1649.3055555555557,0.25034566458293667,250.34566458293668,112.15277777777779,penetration_depth
E,10.0,78.53981633974483,80.0,0.5,40.0,20.0,20.0,True,1.0,2.5,4.908738521234052,0.18,0.3,95.0,3600.0,26.38888888888889,87.96296296296296,derived_from_throughput,1.1199792291651893,11.199792291651892,1.0,spot_diameter,2.5,1.1199792291651893,0.4479916916660757,0.4479916916660757,0.8835729338221293,0.2650718801466388,265.0718801466388,0.11874999999999998,118.74999999999999,1.6493055555555556,1649.3055555555557,0.2650718801466388,265.0718801466388,118.74999999999999,penetration_depth
E,10.0,78.53981633974483,80.0,0.5,40.0,20.0,20.0,True,1.0,2.5,4.908738521234052,0.19,0.3,95.0,3600.0,26.38888888888889,87.96296296296296,derived_from_throughput,1.1199792291651893,11.199792291651892,1.0,spot_diameter,2.5,1.1199792291651893,0.4479916916660757,0.4479916916660757,0.9326603190344699,0.279798095710341,279.798095710341,0.12534722222222222,125.34722222222221,1.6493055555555556,1649.3055555555557,0.279798095710341,279.798095710341,125.34722222222221,penetration_depth
E,10.0,78.53981633974483,80.0,0.5,40.0,20.0,20.0,True,1.0,2.5,4.908738521234052,0.2,0.3,95.0,3600.0,26.38888888888889,87.96296296296296,derived_from_throughput,1.1199792291651893,11.199792291651892,1.0,spot_diameter,2.5,1.1199792291651893,0.4479916916660757,0.4479916916660757,0.9817477042468105,0.2945243112740431,294.5243112740431,0.13194444444444442,131.94444444444443,1.6493055555555556,1649.3055555555557,0.2945243112740431,294.5243112740431,131.94444444444443,penetration_depth
E,10.0,78.53981633974483,80.0,0.5,40.0,20.0,20.0,True,1.0,2.5,4.908738521234052,0.1,0.3,95.0,3600.0,26.38888888888889,87.96296296296296,derived_from_throughput,1.1199792291651893,11.199792291651892,1.0,spot_diameter,2.5,1.1199792291651893,0.4479916916660757,0.4479916916660757,0.49087385212340523,0.14726215563702155,147.26215563702155,0.06597222222222221,65.97222222222221,1.6493055555555556,1649.3055555555557,0.14726215563702155,147.26215563702155,65.97222222222221,acquisition_time
E,10.0,78.53981633974483,80.0,0.5,40.0,20.0,20.0,True,1.0,2.5,4.908738521234052,0.1,0.3,95.0,3600.0,26.38888888888889,87.96296296296296,derived_from_throughput,1.1199792291651893,11.199792291651892,1.2105263157894737,spot_diameter,2.5,1.3557643300420712,0.5423057320168285,0.5423057320168285,0.49087385212340523,0.14726215563702155,147.26215563702155,0.0798611111111111,79.8611111111111,1.9965277777777777,1996.5277777777776,0.17826471471849978,178.2647147184998,79.8611111111111,acquisition_time
E,10.0,78.53981633974483,80.0,0.5,40.0,20.0,20.0,True,1.0,2.5,4.908738521234052,0.1,0.3,95.0,3600.0,26.38888888888889,87.96296296296296,derived_from_throughput,1.1199792291651893,11.199792291651892,1.4210526315789473,spot_diameter,2.5,1.5915494309189533,0.6366197723675813,0.6366197723675813,0.49087385212340523,0.14726215563702155,147.26215563702155,0.09374999999999999,93.74999999999999,2.34375,2343.75,0.209267273799978,209.267273799978,93.74999999999999,acquisition_time
E,10.0,78.53981633974483,80.0,0.5,40.0,20.0,20.0,True,1.0,2.5,4.908738521234052,0.1,0.3,95.0,3600.0,26.38888888888889,87.96296296296296,derived_from_throughput,1.1199792291651893,11.199792291651892,1.631578947368421,spot_diameter,2.5,1.8273345317958352,0.730933812718334,0.730933812718334,0.49087385212340523,0.14726215563702155,147.26215563702155,0.10763888888888887,107.63888888888887,2.6909722222222223,2690.972222222222,0.2402698328814562,240.2698328814562,107.63888888888887,acquisition_time
E,10.0,78.53981633974483,80.0,0.5,40.0,20.0,20.0,True,1.0,2.5,4.908738521234052,0.1,0.3,95.0,3600.0,26.38888888888889,87.96296296296296,derived_from_throughput,1.1199792291651893,11.199792291651892,1.8421052631578947,spot_diameter,2.5,2.0631196326727173,0.8252478530690869,0.8252478530690869,0.49087385212340523,0.14726215563702155,147.26215563702155,0.12152777777777776,121.52777777777776,3.038194444444444,3038.1944444444443,0.27127239196293446,271.2723919629345,121.52777777777776,acquisition_time
E,10.0,78.53981633974483,80.0,0.5,40.0,20.0,20.0,True,1.0,2.5,4.908738521234052,0.1,0.3,95.0,3600.0,26.38888888888889,87.96296296296296,derived_from_throughput,1.1199792291651893,11.199792291651892,2.052631578947368,spot_diameter,2.5,2.2989047335495987,0.9195618934198395,0.9195618934198395,0.49087385212340523,0.14726215563702155,147.26215563702155,0.13541666666666663,135.41666666666663,3.385416666666666,3385.416666666666,0.3022749510444126,302.2749510444126,135.41666666666663,acquisition_time
E,10.0,78.53981633974483,80.0,0.5,40.0,20.0,20.0,True,1.0,2.5,4.908738521234052,0.1,0.3,95.0,3600.0,26.38888888888889,87.96296296296296,derived_from_throughput,1.1199792291651893,11.199792291651892,2.263157894736842,spot_diameter,2.5,2.534689834426481,1.0,1.0,0.49087385212340523,0.14726215563702155,147.26215563702155,0.14726215563702155,147.26215563702155,3.732638888888889,3732.6388888888887,0.33327751012589085,333.27751012589084,147.26215563702155,acquisition_time
E,10.0,78.53981633974483,80.0,0.5,40.0,20.0,20.0,True,1.0,2.5,4.908738521234052,0.1,0.3,95.0,3600.0,26.38888888888889,87.96296296296296,derived_from_throughput,1.1199792291651893,11.199792291651892,2.473684210526316,spot_diameter,2.5,2.7704749353033633,1.0,1.0,0.49087385212340523,0.14726215563702155,147.26215563702155,0.14726215563702155,147.26215563702155,4.079861111111112,4079.8611111111118,0.3642800692073691,364.2800692073691,147.26215563702155,acquisition_time
E,10.0,78.53981633974483,80.0,0.5,40.0,20.0,20.0,True,1.0,2.5,4.908738521234052,0.1,0.3,95.0,3600.0,26.38888888888889,87.96296296296296,derived_from_throughput,1.1199792291651893,11.199792291651892,2.6842105263157894,spot_diameter,2.5,3.0062600361802447,1.0,1.0,0.49087385212340523,0.14726215563702155,147.26215563702155,0.14726215563702155,147.26215563702155,4.427083333333333,4427.083333333333,0.3952826282888473,395.2826282888473,147.26215563702155,acquisition_time
E,10.0,78.53981633974483,80.0,0.5,40.0,20.0,20.0,True,1.0,2.5,4.908738521234052,0.1,0.3,95.0,3600.0,26.38888888888889,87.96296296296296,derived_from_throughput,1.1199792291651893,11.199792291651892,2.894736842105263,spot_diameter,2.5,3.2420451370571266,1.0,1.0,0.49087385212340523,0.14726215563702155,147.26215563702155,0.14726215563702155,147.26215563702155,4.774305555555555,4774.305555555556,0.4262851873703255,426.2851873703255,147.26215563702155,acquisition_time
E,10.0,78.53981633974483,80.0,0.5,40.0,20.0,20.0,True,1.0,2.5,4.908738521234052,0.1,0.3,95.0,3600.0,26.38888888888889,87.96296296296296,derived_from_throughput,1.1199792291651893,11.199792291651892,3.1052631578947367,spot_diameter,2.5,3.477830237934009,1.0,1.0,0.49087385212340523,0.14726215563702155,147.26215563702155,0.14726215563702155,147.26215563702155,5.121527777777778,5121.527777777777,0.45728774645180376,457.28774645180374,147.26215563702155,acquisition_time
E,10.0,78.53981633974483,80.0,0.5,40.0,20.0,20.0,True,1.0,2.5,4.908738521234052,0.1,0.3,95.0,3600.0,26.38888888888889,87.96296296296296,derived_from_throughput,1.1199792291651893,11.199792291651892,3.3157894736842106,spot_diameter,2.5,3.7136153388108912,1.0,1.0,0.49087385212340523,0.14726215563702155,147.26215563702155,0.14726215563702155,147.26215563702155,5.46875,5468.75,0.488290305533282,488.29030553328204,147.26215563702155,acquisition_time
E,10.0,78.53981633974483,80.0,0.5,40.0,20.0,20.0,True,1.0,2.5,4.908738521234052,0.1,0.3,95.0,3600.0,26.38888888888889,87.96296296296296,derived_from_throughput,1.1199792291651893,11.199792291651892,3.526315789473684,spot_diameter,2.5,3.9494004396877727,1.0,1.0,0.49087385212340523,0.14726215563702155,147.26215563702155,0.14726215563702155,147.26215563702155,5.815972222222222,5815.972222222223,0.5192928646147602,519.2928646147602,147.26215563702155,acquisition_time
E,10.0,78.53981633974483,80.0,0.5,40.0,20.0,20.0,True,1.0,2.5,4.908738521234052,0.1,0.3,95.0,3600.0,26.38888888888889,87.96296296296296,derived_from_throughput,1.1199792291651893,11.199792291651892,3.7368421052631575,spot_diameter,2.5,4.185185540564654,1.0,1.0,0.49087385212340523,0.14726215563702155,147.26215563702155,0.14726215563702155,147.26215563702155,6.163194444444444,6163.194444444443,0.5502954236962384,550.2954236962385,147.26215563702155,acquisition_time
E,10.0,78.53981633974483,80.0,0.5,40.0,20.0,20.0,True,1.0,2.5,4.908738521234052,0.1,0.3,95.0,3600.0,26.38888888888889,87.96296296296296,derived_from_throughput,1.1199792291651893,11.199792291651892,3.9473684210526314,spot_diameter,2.5,4.420970641441537,1.0,1.0,0.49087385212340523,0.14726215563702155,147.26215563702155,0.14726215563702155,147.26215563702155,6.510416666666666,6510.416666666666,0.5812979827777166,581.2979827777166,147.26215563702155,acquisition_time
E,10.0,78.53981633974483,80.0,0.5,40.0,20.0,20.0,True,1.0,2.5,4.908738521234052,0.1,0.3,95.0,3600.0,26.38888888888889,87.96296296296296,derived_from_throughput,1.1199792291651893,11.199792291651892,4.157894736842105,spot_diameter,2.5,4.656755742318419,1.0,1.0,0.49087385212340523,0.14726215563702155,147.26215563702155,0.14726215563702155,147.26215563702155,6.857638888888889,6857.63888888889,0.6123005418591949,612.3005418591949,147.26215563702155,acquisition_time
E,10.0,78.53981633974483,80.0,0.5,40.0,20.0,20.0,True,1.0,2.5,4.908738521234052,0.1,0.3,95.0,3600.0,26.38888888888889,87.96296296296296,derived_from_throughput,1.1199792291651893,11.199792291651892,4.368421052631579,spot_diameter,2.5,4.892540843195301,1.0,1.0,0.49087385212340523,0.14726215563702155,147.26215563702155,0.14726215563702155,147.26215563702155,7.204861111111111,7204.86111111111,0.6433031009406731,643.3031009406731,147.26215563702155,acquisition_time
E,10.0,78.53981633974483,80.0,0.5,40.0,20.0,20.0,True,1.0,2.5,4.908738521234052,0.1,0.3,95.0,3600.0,26.38888888888889,87.96296296296296,derived_from_throughput,1.1199792291651893,11.199792291651892,4.578947368421052,spot_diameter,2.5,5.1283259440721825,1.0,1.0,0.49087385212340523,0.14726215563702155,147.26215563702155,0.14726215563702155,147.26215563702155,7.552083333333333,7552.083333333333,0.6743056600221513,674.3056600221513,147.26215563702155,acquisition_time
E,10.0,78.53981633974483,80.0,0.5,40.0,20.0,20.0,True,1.0,2.5,4.908738521234052,0.1,0.3,95.0,3600.0,26.38888888888889,87.96296296296296,derived_from_throughput,1.1199792291651893,11.199792291651892,4.789473684210526,spot_diameter,2.5,5.364111044949064,1.0,1.0,0.49087385212340523,0.14726215563702155,147.26215563702155,0.14726215563702155,147.26215563702155,7.8993055555555545,7899.305555555555,0.7053082191036294,705.3082191036294,147.26215563702155,acquisition_time
E,10.0,78.53981633974483,80.0,0.5,40.0,20.0,20.0,True,1.0,2.5,4.908738521234052,0.1,0.3,95.0,3600.0,26.38888888888889,87.96296296296296,derived_from_throughput,1.1199792291651893,11.199792291651892,5.0,spot_diameter,2.5,5.599896145825946,1.0,1.0,0.49087385212340523,0.14726215563702155,147.26215563702155,0.14726215563702155,147.26215563702155,8.246527777777779,8246.52777777778,0.7363107781851077,736.3107781851077,147.26215563702155,acquisition_time
E,10.0,78.53981633974483,80.0,0.5,40.0,20.0,20.0,True,1.0,2.5,4.908738521234052,0.1,0.3,10.0,3600.0,2.7777777777777777,9.25925925925926,derived_from_throughput,0.11789255043844099,1.1789255043844098,1.0,spot_diameter,2.5,0.11789255043844099,0.047157020175376395,0.047157020175376395,0.49087385212340523,0.14726215563702155,147.26215563702155,0.006944444444444444,6.944444444444444,0.17361111111111113,173.61111111111114,0.14726215563702155,147.26215563702155,6.944444444444444,throughput_acquisition
E,10.0,78.53981633974483,80.0,0.5,40.0,20.0,20.0,True,1.0,2.5,4.908738521234052,0.1,0.3,10.0,3600.0,2.7777777777777777,9.25925925925926,derived_from_throughput,0.11789255043844099,1.1789255043844098,1.2105263157894737,spot_diameter,2.5,0.14271203474127067,0.05708481389650827,0.05708481389650827,0.49087385212340523,0.14726215563702155,147.26215563702155,0.008406432748538011,8.40643274853801,0.21016081871345033,210.16081871345034,0.17826471471849978,178.2647147184998,8.40643274853801,throughput_acquisition
E,10.0,78.53981633974483,80.0,0.5,40.0,20.0,20.0,True,1.0,2.5,4.908738521234052,0.1,0.3,10.0,3600.0,2.7777777777777777,9.25925925925926,derived_from_throughput,0.11789255043844099,1.1789255043844098,1.4210526315789473,spot_diameter,2.5,0.16753151904410035,0.06701260761764014,0.06701260761764014,0.49087385212340523,0.14726215563702155,147.26215563702155,0.009868421052631578,9.868421052631579,0.2467105263157895,246.71052631578948,0.209267273799978,209.267273799978,9.868421052631579,throughput_acquisition
E,10.0,78.53981633974483,80.0,0.5,40.0,20.0,20.0,True,1.0,2.5,4.908738521234052,0.1,0.3,10.0,3600.0,2.7777777777777777,9.25925925925926,derived_from_throughput,0.11789255043844099,1.1789255043844098,1.631578947368421,spot_diameter,2.5,0.19235100334693003,0.07694040133877202,0.07694040133877202,0.49087385212340523,0.14726215563702155,147.26215563702155,0.011330409356725146,11.330409356725145,0.28326023391812866,283.2602339181287,0.2402698328814562,240.2698328814562,11.330409356725145,throughput_acquisition
E,10.0,78.53981633974483,80.0,0.5,40.0,20.0,20.0,True,1.0,2.5,4.908738521234052,0.1,0.3,10.0,3600.0,2.7777777777777777,9.25925925925926,derived_from_throughput,0.11789255043844099,1.1789255043844098,1.8421052631578947,spot_diameter,2.5,0.2171704876497597,0.08686819505990388,0.08686819505990388,0.49087385212340523,0.14726215563702155,147.26215563702155,0.012792397660818713,12.792397660818713,0.3198099415204679,319.8099415204679,0.27127239196293446,271.2723919629345,12.792397660818713,throughput_acquisition
E,10.0,78.53981633974483,80.0,0.5,40.0,20.0,20.0,True,1.0,2.5,4.908738521234052,0.1,0.3,10.0,3600.0,2.7777777777777777,9.25925925925926,derived_from_throughput,0.11789255043844099,1.1789255043844098,2.052631578947368,spot_diameter,2.5,0.24198997195258937,0.09679598878103575,0.09679598878103575,0.49087385212340523,0.14726215563702155,147.26215563702155,0.014254385964912278,14.254385964912279,0.356359649122807,356.359649122807,0.3022749510444126,302.2749510444126,14.254385964912279,throughput_acquisition
E,10.0,78.53981633974483,80.0,0.5,40.0,20.0,20.0,True,1.0,2.5,4.908738521234052,0.1,0.3,10.0,3600.0,2.7777777777777777,9.25925925925926,derived_from_throughput,0.11789255043844099,1.1789255043844098,2.263157894736842,spot_diameter,2.5,0.2668094562554191,0.10672378250216763,0.10672378250216763,0.49087385212340523,0.14726215563702155,147.26215563702155,0.015716374269005847,15.716374269005847,0.3929093567251462,392.9093567251462,0.33327751012589085,333.27751012589084,15.716374269005847,throughput_acquisition
E,10.0,78.53981633974483,80.0,0.5,40.0,20.0,20.0,True,1.0,2.5,4.908738521234052,0.1,0.3,10.0,3600.0,2.7777777777777777,9.25925925925926,derived_from_throughput,0.11789255043844099,1.1789255043844098,2.473684210526316,spot_diameter,2.5,0.2916289405582488,0.11665157622329951,0.11665157622329951,0.49087385212340523,0.14726215563702155,147.26215563702155,0.017178362573099414,17.178362573099413,0.4294590643274855,429.45906432748546,0.3642800692073691,364.2800692073691,17.178362573099413,throughput_acquisition
E,10.0,78.53981633974483,80.0,0.5,40.0,20.0,20.0,True,1.0,2.5,4.908738521234052,0.1,0.3,10.0,3600.0,2.7777777777777777,9.25925925925926,derived_from_throughput,0.11789255043844099,1.1789255043844098,2.6842105263157894,spot_diameter,2.5,0.31644842486107844,0.12657936994443136,0.12657936994443136,0.49087385212340523,0.14726215563702155,147.26215563702155,0.018640350877192978,18.64035087719298,0.4660087719298246,466.0087719298246,0.3952826282888473,395.2826282888473,18.64035087719298,throughput_acquisition
E,10.0,78.53981633974483,80.0,0.5,40.0,20.0,20.0,True,1.0,2.5,4.908738521234052,0.1,0.3,10.0,3600.0,2.7777777777777777,9.25925925925926,derived_from_throughput,0.11789255043844099,1.1789255043844098,2.894736842105263,spot_diameter,2.5,0.3412679091639081,0.13650716366556323,0.13650716366556323,0.49087385212340523,0.14726215563702155,147.26215563702155,0.020102339181286545,20.102339181286546,0.5025584795321637,502.5584795321637,0.4262851873703255,426.2851873703255,20.102339181286546,throughput_acquisition
E,10.0,78.53981633974483,80.0,0.5,40.0,20.0,20.0,True,1.0,2.5,4.908738521234052,0.1,0.3,10.0,3600.0,2.7777777777777777,9.25925925925926,derived_from_throughput,0.11789255043844099,1.1789255043844098,3.1052631578947367,spot_diameter,2.5,0.3660873934667378,0.14643495738669512,0.14643495738669512,0.49087385212340523,0.14726215563702155,147.26215563702155,0.021564327485380116,21.564327485380115,0.5391081871345029,539.1081871345029,0.45728774645180376,457.28774645180374,21.564327485380115,throughput_acquisition
E,10.0,78.53981633974483,80.0,0.5,40.0,20.0,20.0,True,1.0,2.5,4.908738521234052,0.1,0.3,10.0,3600.0,2.7777777777777777,9.25925925925926,derived_from_throughput,0.11789255043844099,1.1789255043844098,3.3157894736842106,spot_diameter,2.5,0.3909068777695675,0.156362751107827,0.156362751107827,0.49087385212340523,0.14726215563702155,147.26215563702155,0.023026315789473683,23.02631578947368,0.5756578947368421,575.6578947368422,0.488290305533282,488.29030553328204,23.02631578947368,throughput_acquisition
E,10.0,78.53981633974483,80.0,0.5,40.0,20.0,20.0,True,1.0,2.5,4.908738521234052,0.1,0.3,10.0,3600.0,2.7777777777777777,9.25925925925926,derived_from_throughput,0.11789255043844099,1.1789255043844098,3.526315789473684,spot_diameter,2.5,0.41572636207239716,0.16629054482895886,0.16629054482895886,0.49087385212340523,0.14726215563702155,147.26215563702155,0.02448830409356725,24.48830409356725,0.6122076023391814,612.2076023391813,0.5192928646147602,519.2928646147602,24.48830409356725,throughput_acquisition
E,10.0,78.53981633974483,80.0,0.5,40.0,20.0,20.0,True,1.0,2.5,4.908738521234052,0.1,0.3,10.0,3600.0,2.7777777777777777,9.25925925925926,derived_from_throughput,0.11789255043844099,1.1789255043844098,3.7368421052631575,spot_diameter,2.5,0.4405458463752268,0.17621833855009073,0.17621833855009073,0.49087385212340523,0.14726215563702155,147.26215563702155,0.025950292397660814,25.950292397660814,0.6487573099415205,648.7573099415205,0.5502954236962384,550.2954236962385,25.950292397660814,throughput_acquisition
E,10.0,78.53981633974483,80.0,0.5,40.0,20.0,20.0,True,1.0,2.5,4.908738521234052,0.1,0.3,10.0,3600.0,2.7777777777777777,9.25925925925926,derived_from_throughput,0.11789255043844099,1.1789255043844098,3.9473684210526314,spot_diameter,2.5,0.4653653306780565,0.18614613227122262,0.18614613227122262,0.49087385212340523,0.14726215563702155,147.26215563702155,0.027412280701754384,27.412280701754383,0.6853070175438597,685.3070175438597,0.5812979827777166,581.2979827777166,27.412280701754383,throughput_acquisition
E,10.0,78.53981633974483,80.0,0.5,40.0,20.0,20.0,True,1.0,2.5,4.908738521234052,0.1,0.3,10.0,3600.0,2.7777777777777777,9.25925925925926,derived_from_throughput,0.11789255043844099,1.1789255043844098,4.157894736842105,spot_diameter,2.5,0.49018481498088623,0.1960739259923545,0.1960739259923545,0.49087385212340523,0.14726215563702155,147.26215563702155,0.02887426900584795,28.874269005847953,0.7218567251461989,721.8567251461989,0.6123005418591949,612.3005418591949,28.874269005847953,throughput_acquisition
E,10.0,78.53981633974483,80.0,0.5,40.0,20.0,20.0,True,1.0,2.5,4.908738521234052,0.1,0.3,10.0,3600.0,2.7777777777777777,9.25925925925926,derived_from_throughput,0.11789255043844099,1.1789255043844098,4.368421052631579,spot_diameter,2.5,0.5150042992837159,0.20600171971348638,0.20600171971348638,0.49087385212340523,0.14726215563702155,147.26215563702155,0.030336257309941522,30.336257309941523,0.758406432748538,758.406432748538,0.6433031009406731,643.3031009406731,30.336257309941523,throughput_acquisition
E,10.0,78.53981633974483,80.0,0.5,40.0,20.0,20.0,True,1.0,2.5,4.908738521234052,0.1,0.3,10.0,3600.0,2.7777777777777777,9.25925925925926,derived_from_throughput,0.11789255043844099,1.1789255043844098,4.578947368421052,spot_diameter,2.5,0.5398237835865456,0.21592951343461825,0.21592951343461825,0.49087385212340523,0.14726215563702155,147.26215563702155,0.03179824561403509,31.79824561403509,0.7949561403508772,794.9561403508773,0.6743056600221513,674.3056600221513,31.79824561403509,throughput_acquisition
E,10.0,78.53981633974483,80.0,0.5,40.0,20.0,20.0,True,1.0,2.5,4.908738521234052,0.1,0.3,10.0,3600.0,2.7777777777777777,9.25925925925926,derived_from_throughput,0.11789255043844099,1.1789255043844098,4.789473684210526,spot_diameter,2.5,0.5646432678893752,0.2258573071557501,0.2258573071557501,0.49087385212340523,0.14726215563702155,147.26215563702155,0.03326023391812865,33.26023391812865,0.8315058479532164,831.5058479532164,0.7053082191036294,705.3082191036294,33.26023391812865,throughput_acquisition
E,10.0,78.53981633974483,80.0,0.5,40.0,20.0,20.0,True,1.0,2.5,4.908738521234052,0.1,0.3,10.0,3600.0,2.7777777777777777,9.25925925925926,derived_from_throughput,0.11789255043844099,1.1789255043844098,5.0,spot_diameter,2.5,0.5894627521922049,0.23578510087688195,0.23578510087688195,0.49087385212340523,0.14726215563702155,147.26215563702155,0.03472222222222222,34.722222222222214,0.8680555555555557,868.0555555555557,0.7363107781851077,736.3107781851077,34.722222222222214,throughput_acquisition
E,10.0,78.53981633974483,80.0,0.5,40.0,20.0,20.0,True,1.0,2.5,4.908738521234052,0.1,0.3,14.736842105263158,3600.0,4.093567251461988,13.645224171539962,derived_from_throughput,0.1737363901198078,1.737363901198078,1.0,spot_diameter,2.5,0.1737363901198078,0.06949455604792312,0.06949455604792312,0.49087385212340523,0.14726215563702155,147.26215563702155,0.010233918128654972,10.233918128654972,0.2558479532163743,255.84795321637432,0.14726215563702155,147.26215563702155,10.233918128654972,throughput_acquisition
E,10.0,78.53981633974483,80.0,0.5,40.0,20.0,20.0,True,1.0,2.5,4.908738521234052,0.1,0.3,14.736842105263158,3600.0,4.093567251461988,13.645224171539962,derived_from_throughput,0.1737363901198078,1.737363901198078,1.2105263157894737,spot_diameter,2.5,0.21031247225029365,0.08412498890011746,0.08412498890011746,0.49087385212340523,0.14726215563702155,147.26215563702155,0.012388427208371808,12.388427208371809,0.3097106802092952,309.7106802092952,0.17826471471849978,178.2647147184998,12.388427208371809,throughput_acquisition
E,10.0,78.53981633974483,80.0,0.5,40.0,20.0,20.0,True,1.0,2.5,4.908738521234052,0.1,0.3,14.736842105263158,3600.0,4.093567251461988,13.645224171539962,derived_from_throughput,0.1737363901198078,1.737363901198078,1.4210526315789473,spot_diameter,2.5,0.2468885543807795,0.0987554217523118,0.0987554217523118,0.49087385212340523,0.14726215563702155,147.26215563702155,0.014542936288088644,14.542936288088644,0.36357340720221615,363.5734072022162,0.209267273799978,209.267273799978,14.542936288088644,throughput_acquisition
E,10.0,78.53981633974483,80.0,0.5,40.0,20.0,20.0,True,1.0,2.5,4.908738521234052,0.1,0.3,14.736842105263158,3600.0,4.093567251461988,13.645224171539962,derived_from_throughput,0.1737363901198078,1.737363901198078,1.631578947368421,spot_diameter,2.5,0.28346463651126536,0.11338585460450615,0.11338585460450615,0.49087385212340523,0.14726215563702155,147.26215563702155,0.016697445367805482,16.697445367805482,0.41743613419513703,417.436134195137,0.2402698328814562,240.2698328814562,16.697445367805482,throughput_acquisition
E,10.0,78.53981633974483,80.0,0.5,40.0,20.0,20.0,True,1.0,2.5,4.908738521234052,0.1,0.3,14.736842105263158,3600.0,4.093567251461988,13.645224171539962,derived_from_throughput,0.1737363901198078,1.737363901198078,1.8421052631578947,spot_diameter,2.5,0.3200407186417512,0.1280162874567005,0.1280162874567005,0.49087385212340523,0.14726215563702155,147.26215563702155,0.01885195444752232,18.851954447522317,0.47129886118805797,471.29886118805797,0.27127239196293446,271.2723919629345,18.851954447522317,throughput_acquisition
E,10.0,78.53981633974483,80.0,0.5,40.0,20.0,20.0,True,1.0,2.5,4.908738521234052,0.1,0.3,14.736842105263158,3600.0,4.093567251461988,13.645224171539962,derived_from_throughput,0.1737363901198078,1.737363901198078,2.052631578947368,spot_diameter,2.5,0.356616800772237,0.1426467203088948,0.1426467203088948,0.49087385212340523,0.14726215563702155,147.26215563702155,0.02100646352723915,21.006463527239152,0.5251615881809788,525.1615881809788,0.3022749510444126,302.2749510444126,21.006463527239152,throughput_acquisition
E,10.0,78.53981633974483,80.0,0.5,40.0,20.0,20.0,True,1.0,2.5,4.908738521234052,0.1,0.3,14.736842105263158,3600.0,4.093567251461988,13.645224171539962,derived_from_throughput,0.1737363901198078,1.737363901198078,2.263157894736842,spot_diameter,2.5,0.39319288290272286,0.15727715316108914,0.15727715316108914,0.49087385212340523,0.14726215563702155,147.26215563702155,0.023160972606955987,23.160972606955987,0.5790243151738997,579.0243151738997,0.33327751012589085,333.27751012589084,23.160972606955987,throughput_acquisition
E,10.0,78.53981633974483,80.0,0.5,40.0,20.0,20.0,True,1.0,2.5,4.908738521234052,0.1,0.3,14.736842105263158,3600.0,4.093567251461988,13.645224171539962,derived_from_throughput,0.1737363901198078,1.737363901198078,2.473684210526316,spot_diameter,2.5,0.42976896503320877,0.17190758601328351,0.17190758601328351,0.49087385212340523,0.14726215563702155,147.26215563702155,0.025315481686672827,25.315481686672825,0.6328870421668207,632.8870421668207,0.3642800692073691,364.2800692073691,25.315481686672825,throughput_acquisition
E,10.0,78.53981633974483,80.0,0.5,40.0,20.0,20.0,True,1.0,2.5,4.908738521234052,0.1,0.3,14.736842105263158,3600.0,4.093567251461988,13.645224171539962,derived_from_throughput,0.1737363901198078,1.737363901198078,2.6842105263157894,spot_diameter,2.5,0.46634504716369457,0.18653801886547783,0.18653801886547783,0.49087385212340523,0.14726215563702155,147.26215563702155,0.02746999076638966,27.46999076638966,0.6867497691597416,686.7497691597416,0.3952826282888473,395.2826282888473,27.46999076638966,throughput_acquisition
E,10.0,78.53981633974483,80.0,0.5,40.0,20.0,20.0,True,1.0,2.5,4.908738521234052,0.1,0.3,14.736842105263158,3600.0,4.093567251461988,13.645224171539962,derived_from_throughput,0.1737363901198078,1.737363901198078,2.894736842105263,spot_diameter,2.5,0.5029211292941804,0.20116845171767217,0.20116845171767217,0.49087385212340523,0.14726215563702155,147.26215563702155,0.029624499846106496,29.624499846106495,0.7406124961526624,740.6124961526624,0.4262851873703255,426.2851873703255,29.624499846106495,throughput_acquisition
E,10.0,78.53981633974483,80.0,0.5,40.0,20.0,20.0,True,1.0,2.5,4.908738521234052,0.1,0.3,14.736842105263158,3600.0,4.093567251461988,13.645224171539962,derived_from_throughput,0.1737363901198078,1.737363901198078,3.1052631578947367,spot_diameter,2.5,0.5394972114246663,0.21579888456986654,0.21579888456986654,0.49087385212340523,0.14726215563702155,147.26215563702155,0.03177900892582333,31.779008925823334,0.7944752231455834,794.4752231455834,0.45728774645180376,457.28774645180374,31.779008925823334,throughput_acquisition
E,10.0,78.53981633974483,80.0,0.5,40.0,20.0,20.0,True,1.0,2.5,4.908738521234052,0.1,0.3,14.736842105263158,3600.0,4.093567251461988,13.645224171539962,derived_from_throughput,0.1737363901198078,1.737363901198078,3.3157894736842106,spot_diameter,2.5,0.5760732935551521,0.23042931742206085,0.23042931742206085,0.49087385212340523,0.14726215563702155,147.26215563702155,0.03393351800554017,33.933518005540165,0.8483379501385043,848.3379501385043,0.488290305533282,488.29030553328204,33.933518005540165,throughput_acquisition
E,10.0,78.53981633974483,80.0,0.5,40.0,20.0,20.0,True,1.0,2.5,4.908738521234052,0.1,0.3,14.736842105263158,3600.0,4.093567251461988,13.645224171539962,derived_from_throughput,0.1737363901198078,1.737363901198078,3.526315789473684,spot_diameter,2.5,0.6126493756856379,0.24505975027425517,0.24505975027425517,0.49087385212340523,0.14726215563702155,147.26215563702155,0.036088027085257,36.088027085256996,0.9022006771314253,902.2006771314252,0.5192928646147602,519.2928646147602,36.088027085256996,throughput_acquisition
E,10.0,78.53981633974483,80.0,0.5,40.0,20.0,20.0,True,1.0,2.5,4.908738521234052,0.1,0.3,14.736842105263158,3600.0,4.093567251461988,13.645224171539962,derived_from_throughput,0.1737363901198078,1.737363901198078,3.7368421052631575,spot_diameter,2.5,0.6492254578161238,0.25969018312644954,0.25969018312644954,0.49087385212340523,0.14726215563702155,147.26215563702155,0.03824253616497384,38.24253616497384,0.9560634041243461,956.0634041243461,0.5502954236962384,550.2954236962385,38.24253616497384,throughput_acquisition
E,10.0,78.53981633974483,80.0,0.5,40.0,20.0,20.0,True,1.0,2.5,4.908738521234052,0.1,0.3,14.736842105263158,3600.0,4.093567251461988,13.645224171539962,derived_from_throughput,0.1737363901198078,1.737363901198078,3.9473684210526314,spot_diameter,2.5,0.6858015399466096,0.2743206159786439,0.2743206159786439,0.49087385212340523,0.14726215563702155,147.26215563702155,0.04039704524469068,40.39704524469067,1.009926131117267,1009.9261311172669,0.5812979827777166,581.2979827777166,40.39704524469067,throughput_acquisition
E,10.0,78.53981633974483,80.0,0.5,40.0,20.0,20.0,True,1.0,2.5,4.908738521234052,0.1,0.3,14.736842105263158,3600.0,4.093567251461988,13.645224171539962,derived_from_throughput,0.1737363901198078,1.737363901198078,4.157894736842105,spot_diameter,2.5,0.7223776220770955,0.2889510488308382,0.2889510488308382,0.49087385212340523,0.14726215563702155,147.26215563702155,0.04255155432440751,42.55155432440751,1.063788858110188,1063.788858110188,0.6123005418591949,612.3005418591949,42.55155432440751,throughput_acquisition
E,10.0,78.53981633974483,80.0,0.5,40.0,20.0,20.0,True,1.0,2.5,4.908738521234052,0.1,0.3,14.736842105263158,3600.0,4.093567251461988,13.645224171539962,derived_from_throughput,0.1737363901198078,1.737363901198078,4.368421052631579,spot_diameter,2.5,0.7589537042075813,0.30358148168303256,0.30358148168303256,0.49087385212340523,0.14726215563702155,147.26215563702155,0.04470606340412435,44.70606340412435,1.1176515851031088,1117.6515851031088,0.6433031009406731,643.3031009406731,44.70606340412435,throughput_acquisition
E,10.0,78.53981633974483,80.0,0.5,40.0,20.0,20.0,True,1.0,2.5,4.908738521234052,0.1,0.3,14.736842105263158,3600.0,4.093567251461988,13.645224171539962,derived_from_throughput,0.1737363901198078,1.737363901198078,4.578947368421052,spot_diameter,2.5,0.7955297863380671,0.31821191453522685,0.31821191453522685,0.49087385212340523,0.14726215563702155,147.26215563702155,0.04686057248384118,46.86057248384118,1.1715143120960296,1171.5143120960297,0.6743056600221513,674.3056600221513,46.86057248384118,throughput_acquisition
E,10.0,78.53981633974483,80.0,0.5,40.0,20.0,20.0,True,1.0,2.5,4.908738521234052,0.1,0.3,14.736842105263158,3600.0,4.093567251461988,13.645224171539962,derived_from_throughput,0.1737363901198078,1.737363901198078,4.789473684210526,spot_diameter,2.5,0.8321058684685531,0.33284234738742124,0.33284234738742124,0.49087385212340523,0.14726215563702155,147.26215563702155,0.04901508156355802,49.01508156355802,1.2253770390889505,1225.3770390889504,0.7053082191036294,705.3082191036294,49.01508156355802,throughput_acquisition
E,10.0,78.53981633974483,80.0,0.5,40.0,20.0,20.0,True,1.0,2.5,4.908738521234052,0.1,0.3,14.736842105263158,3600.0,4.093567251461988,13.645224171539962,derived_from_throughput,0.1737363901198078,1.737363901198078,5.0,spot_diameter,2.5,0.868681950599039,0.3474727802396156,0.3474727802396156,0.49087385212340523,0.14726215563702155,147.26215563702155,0.05116959064327486,51.16959064327486,1.2792397660818717,1279.2397660818717,0.7363107781851077,736.3107781851077,51.16959064327486,throughput_acquisition
E,10.0,78.53981633974483,80.0,0.5,40.0,20.0,20.0,True,1.0,2.5,4.908738521234052,0.1,0.3,19.473684210526315,3600.0,5.409356725146199,18.031189083820664,derived_from_throughput,0.22958022980117457,2.2958022980117456,1.0,spot_diameter,2.5,0.22958022980117457,0.09183209192046983,0.09183209192046983,0.49087385212340523,0.14726215563702155,147.26215563702155,0.013523391812865498,13.523391812865498,0.33808479532163743,338.08479532163744,0.14726215563702155,147.26215563702155,13.523391812865498,throughput_acquisition
E,10.0,78.53981633974483,80.0,0.5,40.0,20.0,20.0,True,1.0,2.5,4.908738521234052,0.1,0.3,19.473684210526315,3600.0,5.409356725146199,18.031189083820664,derived_from_throughput,0.22958022980117457,2.2958022980117456,1.2105263157894737,spot_diameter,2.5,0.2779129097593166,0.11116516390372663,0.11116516390372663,0.49087385212340523,0.14726215563702155,147.26215563702155,0.0163704216682056,16.3704216682056,0.40926054170514004,409.26054170514004,0.17826471471849978,178.2647147184998,16.3704216682056,throughput_acquisition
E,10.0,78.53981633974483,80.0,0.5,40.0,20.0,20.0,True,1.0,2.5,4.908738521234052,0.1,0.3,19.473684210526315,3600.0,5.409356725146199,18.031189083820664,derived_from_throughput,0.22958022980117457,2.2958022980117456,1.4210526315789473,spot_diameter,2.5,0.3262455897174586,0.13049823588698345,0.13049823588698345,0.49087385212340523,0.14726215563702155,147.26215563702155,0.019217451523545707,19.217451523545705,0.48043628808864264,480.43628808864264,0.209267273799978,209.267273799978,19.217451523545705,throughput_acquisition
E,10.0,78.53981633974483,80.0,0.5,40.0,20.0,20.0,True,1.0,2.5,4.908738521234052,0.1,0.3,19.473684210526315,3600.0,5.409356725146199,18.031189083820664,derived_from_throughput,0.22958022980117457,2.2958022980117456,1.631578947368421,spot_diameter,2.5,0.3745782696756006,0.14983130787024024,0.14983130787024024,0.49087385212340523,0.14726215563702155,147.26215563702155,0.02206448137888581,22.06448137888581,0.5516120344721452,551.6120344721453,0.2402698328814562,240.2698328814562,22.06448137888581,throughput_acquisition
E,10.0,78.53981633974483,80.0,0.5,40.0,20.0,20.0,True,1.0,2.5,4.908738521234052,0.1,0.3,19.473684210526315,3600.0,5.409356725146199,18.031189083820664,derived_from_throughput,0.22958022980117457,2.2958022980117456,1.8421052631578947,spot_diameter,2.5,0.4229109496337426,0.16916437985349703,0.16916437985349703,0.49087385212340523,0.14726215563702155,147.26215563702155,0.024911511234225914,24.911511234225912,0.6227877808556479,622.787780855648,0.27127239196293446,271.2723919629345,24.911511234225912,throughput_acquisition
E,10.0,78.53981633974483,80.0,0.5,40.0,20.0,20.0,True,1.0,2.5,4.908738521234052,0.1,0.3,19.473684210526315,3600.0,5.409356725146199,18.031189083820664,derived_from_throughput,0.22958022980117457,2.2958022980117456,2.052631578947368,spot_diameter,2.5,0.4712436295918846,0.18849745183675384,0.18849745183675384,0.49087385212340523,0.14726215563702155,147.26215563702155,0.02775854108956602,27.75854108956602,0.6939635272391504,693.9635272391505,0.3022749510444126,302.2749510444126,27.75854108956602,throughput_acquisition
E,10.0,78.53981633974483,80.0,0.5,40.0,20.0,20.0,True,1.0,2.5,4.908738521234052,0.1,0.3,19.473684210526315,3600.0,5.409356725146199,18.031189083820664,derived_from_throughput,0.22958022980117457,2.2958022980117456,2.263157894736842,spot_diameter,2.5,0.5195763095500266,0.20783052382001066,0.20783052382001066,0.49087385212340523,0.14726215563702155,147.26215563702155,0.030605570944906124,30.605570944906123,0.7651392736226531,765.1392736226531,0.33327751012589085,333.27751012589084,30.605570944906123,throughput_acquisition
E,10.0,78.53981633974483,80.0,0.5,40.0,20.0,20.0,True,1.0,2.5,4.908738521234052,0.1,0.3,19.473684210526315,3600.0,5.409356725146199,18.031189083820664,derived_from_throughput,0.22958022980117457,2.2958022980117456,2.473684210526316,spot_diameter,2.5,0.5679089895081687,0.22716359580326748,0.22716359580326748,0.49087385212340523,0.14726215563702155,147.26215563702155,0.03345260080024623,33.45260080024623,0.8363150200061558,836.3150200061558,0.3642800692073691,364.2800692073691,33.45260080024623,throughput_acquisition
E,10.0,78.53981633974483,80.0,0.5,40.0,20.0,20.0,True,1.0,2.5,4.908738521234052,0.1,0.3,19.473684210526315,3600.0,5.409356725146199,18.031189083820664,derived_from_throughput,0.22958022980117457,2.2958022980117456,2.6842105263157894,spot_diameter,2.5,0.6162416694663106,0.24649666778652427,0.24649666778652427,0.49087385212340523,0.14726215563702155,147.26215563702155,0.036299630655586335,36.299630655586334,0.9074907663896583,907.4907663896583,0.3952826282888473,395.2826282888473,36.299630655586334,throughput_acquisition
E,10.0,78.53981633974483,80.0,0.5,40.0,20.0,20.0,True,1.0,2.5,4.908738521234052,0.1,0.3,19.473684210526315,3600.0,5.409356725146199,18.031189083820664,derived_from_throughput,0.22958022980117457,2.2958022980117456,2.894736842105263,spot_diameter,2.5,0.6645743494244526,0.265829739769781,0.265829739769781,0.49087385212340523,0.14726215563702155,147.26215563702155,0.03914666051092643,39.14666051092643,0.9786665127731609,978.6665127731609,0.4262851873703255,426.2851873703255,39.14666051092643,throughput_acquisition
E,10.0,78.53981633974483,80.0,0.5,40.0,20.0,20.0,True,1.0,2.5,4.908738521234052,0.1,0.3,19.473684210526315,3600.0,5.409356725146199,18.031189083820664,derived_from_throughput,0.22958022980117457,2.2958022980117456,3.1052631578947367,spot_diameter,2.5,0.7129070293825946,0.28516281175303787,0.28516281175303787,0.49087385212340523,0.14726215563702155,147.26215563702155,0.04199369036626654,41.99369036626654,1.0498422591566636,1049.8422591566637,0.45728774645180376,457.28774645180374,41.99369036626654,throughput_acquisition
E,10.0,78.53981633974483,80.0,0.5,40.0,20.0,20.0,True,1.0,2.5,4.908738521234052,0.1,0.3,19.473684210526315,3600.0,5.409356725146199,18.031189083820664,derived_from_throughput,0.22958022980117457,2.2958022980117456,3.3157894736842106,spot_diameter,2.5,0.7612397093407367,0.30449588373629466,0.30449588373629466,0.49087385212340523,0.14726215563702155,147.26215563702155,0.04484072022160664,44.840720221606645,1.1210180055401662,1121.018005540166,0.488290305533282,488.29030553328204,44.840720221606645,throughput_acquisition
E,10.0,78.53981633974483,80.0,0.5,40.0,20.0,20.0,True,1.0,2.5,4.908738521234052,0.1,0.3,19.473684210526315,3600.0,5.409356725146199,18.031189083820664,derived_from_throughput,0.22958022980117457,2.2958022980117456,3.526315789473684,spot_diameter,2.5,0.8095723892988788,0.3238289557195515,0.3238289557195515,0.49087385212340523,0.14726215563702155,147.26215563702155,0.047687750076946755,47.687750076946756,1.1921937519236687,1192.1937519236687,0.5192928646147602,519.2928646147602,47.687750076946756,throughput_acquisition
E,10.0,78.53981633974483,80.0,0.5,40.0,20.0,20.0,True,1.0,2.5,4.908738521234052,0.1,0.3,19.473684210526315,3600.0,5.409356725146199,18.031189083820664,derived_from_throughput,0.22958022980117457,2.2958022980117456,3.7368421052631575,spot_diameter,2.5,0.8579050692570207,0.3431620277028083,0.3431620277028083,0.49087385212340523,0.14726215563702155,147.26215563702155,0.050534779932286854,50.53477993228685,1.2633694983071713,1263.3694983071712,0.5502954236962384,550.2954236962385,50.53477993228685,throughput_acquisition
E,10.0,78.53981633974483,80.0,0.5,40.0,20.0,20.0,True,1.0,2.5,4.908738521234052,0.1,0.3,19.473684210526315,3600.0,5.409356725146199,18.031189083820664,derived_from_throughput,0.22958022980117457,2.2958022980117456,3.9473684210526314,spot_diameter,2.5,0.9062377492151628,0.3624950996860651,0.3624950996860651,0.49087385212340523,0.14726215563702155,147.26215563702155,0.05338180978762696,53.381809787626956,1.334545244690674,1334.545244690674,0.5812979827777166,581.2979827777166,53.381809787626956,throughput_acquisition
E,10.0,78.53981633974483,80.0,0.5,40.0,20.0,20.0,True,1.0,2.5,4.908738521234052,0.1,0.3,19.473684210526315,3600.0,5.409356725146199,18.031189083820664,derived_from_throughput,0.22958022980117457,2.2958022980117456,4.157894736842105,spot_diameter,2.5,0.9545704291733048,0.3818281716693219,0.3818281716693219,0.49087385212340523,0.14726215563702155,147.26215563702155,0.05622883964296707,56.228839642967074,1.4057209910741768,1405.7209910741767,0.6123005418591949,612.3005418591949,56.228839642967074,throughput_acquisition
E,10.0,78.53981633974483,80.0,0.5,40.0,20.0,20.0,True,1.0,2.5,4.908738521234052,0.1,0.3,19.473684210526315,3600.0,5.409356725146199,18.031189083820664,derived_from_throughput,0.22958022980117457,2.2958022980117456,4.368421052631579,spot_diameter,2.5,1.0029031091314466,0.40116124365257866,0.40116124365257866,0.49087385212340523,0.14726215563702155,147.26215563702155,0.05907586949830716,59.07586949830716,1.4768967374576794,1476.8967374576794,0.6433031009406731,643.3031009406731,59.07586949830716,throughput_acquisition
E,10.0,78.53981633974483,80.0,0.5,40.0,20.0,20.0,True,1.0,2.5,4.908738521234052,0.1,0.3,19.473684210526315,3600.0,5.409356725146199,18.031189083820664,derived_from_throughput,0.22958022980117457,2.2958022980117456,4.578947368421052,spot_diameter,2.5,1.0512357890895887,0.4204943156358355,0.4204943156358355,0.49087385212340523,0.14726215563702155,147.26215563702155,0.061922899353647275,61.922899353647274,1.5480724838411817,1548.0724838411816,0.6743056600221513,674.3056600221513,61.922899353647274,throughput_acquisition
E,10.0,78.53981633974483,80.0,0.5,40.0,20.0,20.0,True,1.0,2.5,4.908738521234052,0.1,0.3,19.473684210526315,3600.0,5.409356725146199,18.031189083820664,derived_from_throughput,0.22958022980117457,2.2958022980117456,4.789473684210526,spot_diameter,2.5,1.0995684690477308,0.4398273876190923,0.4398273876190923,0.49087385212340523,0.14726215563702155,147.26215563702155,0.06476992920898737,64.76992920898738,1.6192482302246842,1619.2482302246842,0.7053082191036294,705.3082191036294,64.76992920898738,throughput_acquisition
E,10.0,78.53981633974483,80.0,0.5,40.0,20.0,20.0,True,1.0,2.5,4.908738521234052,0.1,0.3,19.473684210526315,3600.0,5.409356725146199,18.031189083820664,derived_from_throughput,0.22958022980117457,2.2958022980117456,5.0,spot_diameter,2.5,1.1479011490058728,0.45916045960234914,0.45916045960234914,0.49087385212340523,0.14726215563702155,147.26215563702155,0.06761695906432749,67.61695906432749,1.6904239766081872,1690.4239766081873,0.7363107781851077,736.3107781851077,67.61695906432749,throughput_acquisition
E,10.0,78.53981633974483,80.0,0.5,40.0,20.0,20.0,True,1.0,2.5,4.908738521234052,0.1,0.3,24.210526315789473,3600.0,6.7251461988304095,22.417153996101366,derived_from_throughput,0.28542406948254134,2.8542406948254135,1.0,spot_diameter,2.5,0.28542406948254134,0.11416962779301654,0.11416962779301654,0.49087385212340523,0.14726215563702155,147.26215563702155,0.016812865497076022,16.81286549707602,0.4203216374269006,420.3216374269006,0.14726215563702155,147.26215563702155,16.81286549707602,throughput_acquisition
E,10.0,78.53981633974483,80.0,0.5,40.0,20.0,20.0,True,1.0,2.5,4.908738521234052,0.1,0.3,24.210526315789473,3600.0,6.7251461988304095,22.417153996101366,derived_from_throughput,0.28542406948254134,2.8542406948254135,1.2105263157894737,spot_diameter,2.5,0.34551334726833954,0.13820533890733583,0.13820533890733583,0.49087385212340523,0.14726215563702155,147.26215563702155,0.0203524161280394,20.3524161280394,0.5088104032009849,508.8104032009849,0.17826471471849978,178.2647147184998,20.3524161280394,throughput_acquisition
E,10.0,78.53981633974483,80.0,0.5,40.0,20.0,20.0,True,1.0,2.5,4.908738521234052,0.1,0.3,24.210526315789473,3600.0,6.7251461988304095,22.417153996101366,derived_from_throughput,0.28542406948254134,2.8542406948254135,1.4210526315789473,spot_diameter,2.5,0.4056026250541377,0.16224105002165506,0.16224105002165506,0.49087385212340523,0.14726215563702155,147.26215563702155,0.023891966759002767,23.891966759002766,0.5972991689750693,597.2991689750693,0.209267273799978,209.267273799978,23.891966759002766,throughput_acquisition
E,10.0,78.53981633974483,80.0,0.5,40.0,20.0,20.0,True,1.0,2.5,4.908738521234052,0.1,0.3,24.210526315789473,3600.0,6.7251461988304095,22.417153996101366,derived_from_throughput,0.28542406948254134,2.8542406948254135,1.631578947368421,spot_diameter,2.5,0.4656919028399359,0.18627676113597436,0.18627676113597436,0.49087385212340523,0.14726215563702155,147.26215563702155,0.02743151738996614,27.431517389966142,0.6857879347491536,685.7879347491536,0.2402698328814562,240.2698328814562,27.431517389966142,throughput_acquisition
E,10.0,78.53981633974483,80.0,0.5,40.0,20.0,20.0,True,1.0,2.5,4.908738521234052,0.1,0.3,24.210526315789473,3600.0,6.7251461988304095,22.417153996101366,derived_from_throughput,0.28542406948254134,2.8542406948254135,1.8421052631578947,spot_diameter,2.5,0.5257811806257341,0.21031247225029365,0.21031247225029365,0.49087385212340523,0.14726215563702155,147.26215563702155,0.03097106802092952,30.97106802092952,0.7742767005232379,774.276700523238,0.27127239196293446,271.2723919629345,30.97106802092952,throughput_acquisition
E,10.0,78.53981633974483,80.0,0.5,40.0,20.0,20.0,True,1.0,2.5,4.908738521234052,0.1,0.3,24.210526315789473,3600.0,6.7251461988304095,22.417153996101366,derived_from_throughput,0.28542406948254134,2.8542406948254135,2.052631578947368,spot_diameter,2.5,0.5858704584115322,0.23434818336461288,0.23434818336461288,0.49087385212340523,0.14726215563702155,147.26215563702155,0.03451061865189289,34.510618651892884,0.8627654662973222,862.7654662973222,0.3022749510444126,302.2749510444126,34.510618651892884,throughput_acquisition
E,10.0,78.53981633974483,80.0,0.5,40.0,20.0,20.0,True,1.0,2.5,4.908738521234052,0.1,0.3,24.210526315789473,3600.0,6.7251461988304095,22.417153996101366,derived_from_throughput,0.28542406948254134,2.8542406948254135,2.263157894736842,spot_diameter,2.5,0.6459597361973304,0.2583838944789322,0.2583838944789322,0.49087385212340523,0.14726215563702155,147.26215563702155,0.03805016928285626,38.05016928285626,0.9512542320714066,951.2542320714066,0.33327751012589085,333.27751012589084,38.05016928285626,throughput_acquisition
E,10.0,78.53981633974483,80.0,0.5,40.0,20.0,20.0,True,1.0,2.5,4.908738521234052,0.1,0.3,24.210526315789473,3600.0,6.7251461988304095,22.417153996101366,derived_from_throughput,0.28542406948254134,2.8542406948254135,2.473684210526316,spot_diameter,2.5,0.7060490139831286,0.2824196055932514,0.2824196055932514,0.49087385212340523,0.14726215563702155,147.26215563702155,0.04158971991381963,41.58971991381963,1.039742997845491,1039.7429978454911,0.3642800692073691,364.2800692073691,41.58971991381963,throughput_acquisition
E,10.0,78.53981633974483,80.0,0.5,40.0,20.0,20.0,True,1.0,2.5,4.908738521234052,0.1,0.3,24.210526315789473,3600.0,6.7251461988304095,22.417153996101366,derived_from_throughput,0.28542406948254134,2.8542406948254135,2.6842105263157894,spot_diameter,2.5,0.7661382917689268,0.3064553167075707,0.3064553167075707,0.49087385212340523,0.14726215563702155,147.26215563702155,0.04512927054478301,45.12927054478301,1.1282317636195753,1128.2317636195753,0.3952826282888473,395.2826282888473,45.12927054478301,throughput_acquisition
E,10.0,78.53981633974483,80.0,0.5,40.0,20.0,20.0,True,1.0,2.5,4.908738521234052,0.1,0.3,24.210526315789473,3600.0,6.7251461988304095,22.417153996101366,derived_from_throughput,0.28542406948254134,2.8542406948254135,2.894736842105263,spot_diameter,2.5,0.8262275695547249,0.33049102782188994,0.33049102782188994,0.49087385212340523,0.14726215563702155,147.26215563702155,0.04866882117574638,48.66882117574637,1.2167205293936594,1216.7205293936595,0.4262851873703255,426.2851873703255,48.66882117574637,throughput_acquisition
E,10.0,78.53981633974483,80.0,0.5,40.0,20.0,20.0,True,1.0,2.5,4.908738521234052,0.1,0.3,24.210526315789473,3600.0,6.7251461988304095,22.417153996101366,derived_from_throughput,0.28542406948254134,2.8542406948254135,3.1052631578947367,spot_diameter,2.5,0.8863168473405231,0.35452673893620923,0.35452673893620923,0.49087385212340523,0.14726215563702155,147.26215563702155,0.05220837180670975,52.20837180670975,1.3052092951677439,1305.209295167744,0.45728774645180376,457.28774645180374,52.20837180670975,throughput_acquisition
E,10.0,78.53981633974483,80.0,0.5,40.0,20.0,20.0,True,1.0,2.5,4.908738521234052,0.1,0.3,24.210526315789473,3600.0,6.7251461988304095,22.417153996101366,derived_from_throughput,0.28542406948254134,2.8542406948254135,3.3157894736842106,spot_diameter,2.5,0.9464061251263213,0.3785624500505285,0.3785624500505285,0.49087385212340523,0.14726215563702155,147.26215563702155,0.055747922437673125,55.747922437673125,1.3936980609418284,1393.6980609418283,0.488290305533282,488.29030553328204,55.747922437673125,throughput_acquisition
E,10.0,78.53981633974483,80.0,0.5,40.0,20.0,20.0,True,1.0,2.5,4.908738521234052,0.1,0.3,24.210526315789473,3600.0,6.7251461988304095,22.417153996101366,derived_from_throughput,0.28542406948254134,2.8542406948254135,3.526315789473684,spot_diameter,2.5,1.0064954029121194,0.40259816116484776,0.40259816116484776,0.49087385212340523,0.14726215563702155,147.26215563702155,0.0592874730686365,59.2874730686365,1.4821868267159126,1482.1868267159127,0.5192928646147602,519.2928646147602,59.2874730686365,throughput_acquisition
E,10.0,78.53981633974483,80.0,0.5,40.0,20.0,20.0,True,1.0,2.5,4.908738521234052,0.1,0.3,24.210526315789473,3600.0,6.7251461988304095,22.417153996101366,derived_from_throughput,0.28542406948254134,2.8542406948254135,3.7368421052631575,spot_diameter,2.5,1.0665846806979176,0.42663387227916705,0.42663387227916705,0.49087385212340523,0.14726215563702155,147.26215563702155,0.06282702369959987,62.82702369959988,1.5706755924899969,1570.675592489997,0.5502954236962384,550.2954236962385,62.82702369959988,throughput_acquisition
E,10.0,78.53981633974483,80.0,0.5,40.0,20.0,20.0,True,1.0,2.5,4.908738521234052,0.1,0.3,24.210526315789473,3600.0,6.7251461988304095,22.417153996101366,derived_from_throughput,0.28542406948254134,2.8542406948254135,3.9473684210526314,spot_diameter,2.5,1.1266739584837158,0.4506695833934863,0.4506695833934863,0.49087385212340523,0.14726215563702155,147.26215563702155,0.06636657433056324,66.36657433056324,1.6591643582640812,1659.164358264081,0.5812979827777166,581.2979827777166,66.36657433056324,throughput_acquisition
E,10.0,78.53981633974483,80.0,0.5,40.0,20.0,20.0,True,1.0,2.5,4.908738521234052,0.1,0.3,24.210526315789473,3600.0,6.7251461988304095,22.417153996101366,derived_from_throughput,0.28542406948254134,2.8542406948254135,4.157894736842105,spot_diameter,2.5,1.186763236269514,0.4747052945078056,0.4747052945078056,0.49087385212340523,0.14726215563702155,147.26215563702155,0.06990612496152662,69.90612496152663,1.7476531240381656,1747.6531240381657,0.6123005418591949,612.3005418591949,69.90612496152663,throughput_acquisition
E,10.0,78.53981633974483,80.0,0.5,40.0,20.0,20.0,True,1.0,2.5,4.908738521234052,0.1,0.3,24.210526315789473,3600.0,6.7251461988304095,22.417153996101366,derived_from_throughput,0.28542406948254134,2.8542406948254135,4.368421052631579,spot_diameter,2.5,1.2468525140553122,0.49874100562212487,0.49874100562212487,0.49087385212340523,0.14726215563702155,147.26215563702155,0.07344567559248999,73.44567559248999,1.83614188981225,1836.14188981225,0.6433031009406731,643.3031009406731,73.44567559248999,throughput_acquisition
E,10.0,78.53981633974483,80.0,0.5,40.0,20.0,20.0,True,1.0,2.5,4.908738521234052,0.1,0.3,24.210526315789473,3600.0,6.7251461988304095,22.417153996101366,derived_from_throughput,0.28542406948254134,2.8542406948254135,4.578947368421052,spot_diameter,2.5,1.3069417918411101,0.5227767167364441,0.5227767167364441,0.49087385212340523,0.14726215563702155,147.26215563702155,0.07698522622345336,76.98522622345335,1.9246306555863342,1924.6306555863341,0.6743056600221513,674.3056600221513,76.98522622345335,throughput_acquisition
E,10.0,78.53981633974483,80.0,0.5,40.0,20.0,20.0,True,1.0,2.5,4.908738521234052,0.1,0.3,24.210526315789473,3600.0,6.7251461988304095,22.417153996101366,derived_from_throughput,0.28542406948254134,2.8542406948254135,4.789473684210526,spot_diameter,2.5,1.3670310696269083,0.5468124278507633,0.5468124278507633,0.49087385212340523,0.14726215563702155,147.26215563702155,0.08052477685441672,80.52477685441673,2.013119421360418,2013.1194213604183,0.7053082191036294,705.3082191036294,80.52477685441673,throughput_acquisition
E,10.0,78.53981633974483,80.0,0.5,40.0,20.0,20.0,True,1.0,2.5,4.908738521234052,0.1,0.3,24.210526315789473,3600.0,6.7251461988304095,22.417153996101366,derived_from_throughput,0.28542406948254134,2.8542406948254135,5.0,spot_diameter,2.5,1.4271203474127068,0.5708481389650827,0.5708481389650827,0.49087385212340523,0.14726215563702155,147.26215563702155,0.08406432748538012,84.06432748538012,2.101608187134503,2101.608187134503,0.7363107781851077,736.3107781851077,84.06432748538012,throughput_acquisition
E,10.0,78.53981633974483,80.0,0.5,40.0,20.0,20.0,True,1.0,2.5,4.908738521234052,0.1,0.3,28.94736842105263,3600.0,8.04093567251462,26.803118908382064,derived_from_throughput,0.3412679091639081,3.412679091639081,1.0,spot_diameter,2.5,0.3412679091639081,0.13650716366556323,0.13650716366556323,0.49087385212340523,0.14726215563702155,147.26215563702155,0.020102339181286545,20.102339181286546,0.5025584795321637,502.5584795321637,0.14726215563702155,147.26215563702155,20.102339181286546,throughput_acquisition
E,10.0,78.53981633974483,80.0,0.5,40.0,20.0,20.0,True,1.0,2.5,4.908738521234052,0.1,0.3,28.94736842105263,3600.0,8.04093567251462,26.803118908382064,derived_from_throughput,0.3412679091639081,3.412679091639081,1.2105263157894737,spot_diameter,2.5,0.41311378477736244,0.16524551391094497,0.16524551391094497,0.49087385212340523,0.14726215563702155,147.26215563702155,0.02433441058787319,24.334410587873187,0.6083602646968297,608.3602646968297,0.17826471471849978,178.2647147184998,24.334410587873187,throughput_acquisition
E,10.0,78.53981633974483,80.0,0.5,40.0,20.0,20.0,True,1.0,2.5,4.908738521234052,0.1,0.3,28.94736842105263,3600.0,8.04093567251462,26.803118908382064,derived_from_throughput,0.3412679091639081,3.412679091639081,1.4210526315789473,spot_diameter,2.5,0.4849596603908167,0.19398386415632668,0.19398386415632668,0.49087385212340523,0.14726215563702155,147.26215563702155,0.028566481994459825,28.566481994459824,0.7141620498614958,714.1620498614958,0.209267273799978,209.267273799978,28.566481994459824,throughput_acquisition
E,10.0,78.53981633974483,80.0,0.5,40.0,20.0,20.0,True,1.0,2.5,4.908738521234052,0.1,0.3,28.94736842105263,3600.0,8.04093567251462,26.803118908382064,derived_from_throughput,0.3412679091639081,3.412679091639081,1.631578947368421,spot_diameter,2.5,0.5568055360042711,0.22272221440170842,0.22272221440170842,0.49087385212340523,0.14726215563702155,147.26215563702155,0.03279855340104647,32.79855340104647,0.8199638350261618,819.9638350261617,0.2402698328814562,240.2698328814562,32.79855340104647,throughput_acquisition
E,10.0,78.53981633974483,80.0,0.5,40.0,20.0,20.0,True,1.0,2.5,4.908738521234052,0.1,0.3,28.94736842105263,3600.0,8.04093567251462,26.803118908382064,derived_from_throughput,0.3412679091639081,3.412679091639081,1.8421052631578947,spot_diameter,2.5,0.6286514116177254,0.25146056464709016,0.25146056464709016,0.49087385212340523,0.14726215563702155,147.26215563702155,0.03703062480763311,37.03062480763311,0.9257656201908279,925.7656201908279,0.27127239196293446,271.2723919629345,37.03062480763311,throughput_acquisition
E,10.0,78.53981633974483,80.0,0.5,40.0,20.0,20.0,True,1.0,2.5,4.908738521234052,0.1,0.3,28.94736842105263,3600.0,8.04093567251462,26.803118908382064,derived_from_throughput,0.3412679091639081,3.412679091639081,2.052631578947368,spot_diameter,2.5,0.7004972872311797,0.28019891489247184,0.28019891489247184,0.49087385212340523,0.14726215563702155,147.26215563702155,0.04126269621421975,41.262696214219744,1.0315674053554937,1031.5674053554937,0.3022749510444126,302.2749510444126,41.262696214219744,throughput_acquisition
E,10.0,78.53981633974483,80.0,0.5,40.0,20.0,20.0,True,1.0,2.5,4.908738521234052,0.1,0.3,28.94736842105263,3600.0,8.04093567251462,26.803118908382064,derived_from_throughput,0.3412679091639081,3.412679091639081,2.263157894736842,spot_diameter,2.5,0.7723431628446341,0.30893726513785363,0.30893726513785363,0.49087385212340523,0.14726215563702155,147.26215563702155,0.0454947676208064,45.4947676208064,1.13736919052016,1137.36919052016,0.33327751012589085,333.27751012589084,45.4947676208064,throughput_acquisition
E,10.0,78.53981633974483,80.0,0.5,40.0,20.0,20.0,True,1.0,2.5,4.908738521234052,0.1,0.3,28.94736842105263,3600.0,8.04093567251462,26.803118908382064,derived_from_throughput,0.3412679091639081,3.412679091639081,2.473684210526316,spot_diameter,2.5,0.8441890384580885,0.3376756153832354,0.3376756153832354,0.49087385212340523,0.14726215563702155,147.26215563702155,0.049726839027393034,49.726839027393034,1.2431709756848262,1243.170975684826,0.3642800692073691,364.2800692073691,49.726839027393034,throughput_acquisition
E,10.0,78.53981633974483,80.0,0.5,40.0,20.0,20.0,True,1.0,2.5,4.908738521234052,0.1,0.3,28.94736842105263,3600.0,8.04093567251462,26.803118908382064,derived_from_throughput,0.3412679091639081,3.412679091639081,2.6842105263157894,spot_diameter,2.5,0.9160349140715427,0.36641396562861706,0.36641396562861706,0.49087385212340523,0.14726215563702155,147.26215563702155,0.05395891043397967,53.95891043397967,1.348972760849492,1348.9727608494918,0.3952826282888473,395.2826282888473,53.95891043397967,throughput_acquisition
E,10.0,78.53981633974483,80.0,0.5,40.0,20.0,20.0,True,1.0,2.5,4.908738521234052,0.1,0.3,28.94736842105263,3600.0,8.04093567251462,26.803118908382064,derived_from_throughput,0.3412679091639081,3.412679091639081,2.894736842105263,spot_diameter,2.5,0.987880789684997,0.3951523158739988,0.3951523158739988,0.49087385212340523,0.14726215563702155,147.26215563702155,0.058190981840566314,58.190981840566316,1.454774546014158,1454.774546014158,0.4262851873703255,426.2851873703255,58.190981840566316,throughput_acquisition
E,10.0,78.53981633974483,80.0,0.5,40.0,20.0,20.0,True,1.0,2.5,4.908738521234052,0.1,0.3,28.94736842105263,3600.0,8.04093567251462,26.803118908382064,derived_from_throughput,0.3412679091639081,3.412679091639081,3.1052631578947367,spot_diameter,2.5,1.0597266652984514,0.42389066611938053,0.42389066611938053,0.49087385212340523,0.14726215563702155,147.26215563702155,0.06242305324715296,62.42305324715296,1.560576331178824,1560.5763311788241,0.45728774645180376,457.28774645180374,62.42305324715296,throughput_acquisition
E,10.0,78.53981633974483,80.0,0.5,40.0,20.0,20.0,True,1.0,2.5,4.908738521234052,0.1,0.3,28.94736842105263,3600.0,8.04093567251462,26.803118908382064,derived_from_throughput,0.3412679091639081,3.412679091639081,3.3157894736842106,spot_diameter,2.5,1.1315725409119057,0.45262901636476227,0.45262901636476227,0.49087385212340523,0.14726215563702155,147.26215563702155,0.0666551246537396,66.6551246537396,1.6663781163434903,1666.3781163434903,0.488290305533282,488.29030553328204,66.6551246537396,throughput_acquisition
E,10.0,78.53981633974483,80.0,0.5,40.0,20.0,20.0,True,1.0,2.5,4.908738521234052,0.1,0.3,28.94736842105263,3600.0,8.04093567251462,26.803118908382064,derived_from_throughput,0.3412679091639081,3.412679091639081,3.526315789473684,spot_diameter,2.5,1.20341841652536,0.481367366610144,0.481367366610144,0.49087385212340523,0.14726215563702155,147.26215563702155,0.07088719606032624,70.88719606032625,1.772179901508156,1772.179901508156,0.5192928646147602,519.2928646147602,70.88719606032625,throughput_acquisition
E,10.0,78.53981633974483,80.0,0.5,40.0,20.0,20.0,True,1.0,2.5,4.908738521234052,0.1,0.3,28.94736842105263,3600.0,8.04093567251462,26.803118908382064,derived_from_throughput,0.3412679091639081,3.412679091639081,3.7368421052631575,spot_diameter,2.5,1.2752642921388142,0.5101057168555256,0.5101057168555256,0.49087385212340523,0.14726215563702155,147.26215563702155,0.07511926746691286,75.11926746691286,1.877981686672822,1877.981686672822,0.5502954236962384,550.2954236962385,75.11926746691286,throughput_acquisition
E,10.0,78.53981633974483,80.0,0.5,40.0,20.0,20.0,True,1.0,2.5,4.908738521234052,0.1,0.3,28.94736842105263,3600.0,8.04093567251462,26.803118908382064,derived_from_throughput,0.3412679091639081,3.412679091639081,3.9473684210526314,spot_diameter,2.5,1.3471101677522688,0.5388440671009075,0.5388440671009075,0.49087385212340523,0.14726215563702155,147.26215563702155,0.07935133887349952,79.35133887349951,1.9837834718374883,1983.7834718374884,0.5812979827777166,581.2979827777166,79.35133887349951,throughput_acquisition
E,10.0,78.53981633974483,80.0,0.5,40.0,20.0,20.0,True,1.0,2.5,4.908738521234052,0.1,0.3,28.94736842105263,3600.0,8.04093567251462,26.803118908382064,derived_from_throughput,0.3412679091639081,3.412679091639081,4.157894736842105,spot_diameter,2.5,1.4189560433657231,0.5675824173462892,0.5675824173462892,0.49087385212340523,0.14726215563702155,147.26215563702155,0.08358341028008616,83.58341028008616,2.0895852570021543,2089.5852570021543,0.6123005418591949,612.3005418591949,83.58341028008616,throughput_acquisition
E,10.0,78.53981633974483,80.0,0.5,40.0,20.0,20.0,True,1.0,2.5,4.908738521234052,0.1,0.3,28.94736842105263,3600.0,8.04093567251462,26.803118908382064,derived_from_throughput,0.3412679091639081,3.412679091639081,4.368421052631579,spot_diameter,2.5,1.4908019189791775,0.596320767591671,0.596320767591671,0.49087385212340523,0.14726215563702155,147.26215563702155,0.0878154816866728,87.8154816866728,2.1953870421668205,2195.3870421668203,0.6433031009406731,643.3031009406731,87.8154816866728,throughput_acquisition
E,10.0,78.53981633974483,80.0,0.5,40.0,20.0,20.0,True,1.0,2.5,4.908738521234052,0.1,0.3,28.94736842105263,3600.0,8.04093567251462,26.803118908382064,derived_from_throughput,0.3412679091639081,3.412679091639081,4.578947368421052,spot_diameter,2.5,1.5626477945926316,0.6250591178370526,0.6250591178370526,0.49087385212340523,0.14726215563702155,147.26215563702155,0.09204755309325943,92.04755309325944,2.301188827331486,2301.188827331486,0.6743056600221513,674.3056600221513,92.04755309325944,throughput_acquisition
E,10.0,78.53981633974483,80.0,0.5,40.0,20.0,20.0,True,1.0,2.5,4.908738521234052,0.1,0.3,28.94736842105263,3600.0,8.04093567251462,26.803118908382064,derived_from_throughput,0.3412679091639081,3.412679091639081,4.789473684210526,spot_diameter,2.5,1.634493670206086,0.6537974680824343,0.6537974680824343,0.49087385212340523,0.14726215563702155,147.26215563702155,0.09627962449984608,96.27962449984608,2.406990612496152,2406.990612496152,0.7053082191036294,705.3082191036294,96.27962449984608,throughput_acquisition
E,10.0,78.53981633974483,80.0,0.5,40.0,20.0,20.0,True,1.0,2.5,4.908738521234052,0.1,0.3,28.94736842105263,3600.0,8.04093567251462,26.803118908382064,derived_from_throughput,0.3412679091639081,3.412679091639081,5.0,spot_diameter,2.5,1.7063395458195405,0.6825358183278162,0.6825358183278162,0.49087385212340523,0.14726215563702155,147.26215563702155,0.10051169590643273,100.51169590643273,2.5127923976608186,2512.7923976608186,0.7363107781851077,736.3107781851077,100.51169590643273,throughput_acquisition
E,10.0,78.53981633974483,80.0,0.5,40.0,20.0,20.0,True,1.0,2.5,4.908738521234052,0.1,0.3,33.68421052631579,3600.0,9.35672514619883,31.189083820662766,derived_from_throughput,0.3971117488452749,3.971117488452749,1.0,spot_diameter,2.5,0.3971117488452749,0.15884469953810995,0.15884469953810995,0.49087385212340523,0.14726215563702155,147.26215563702155,0.023391812865497075,23.391812865497073,0.5847953216374269,584.7953216374269,0.14726215563702155,147.26215563702155,23.391812865497073,throughput_acquisition
E,10.0,78.53981633974483,80.0,0.5,40.0,20.0,20.0,True,1.0,2.5,4.908738521234052,0.1,0.3,33.68421052631579,3600.0,9.35672514619883,31.189083820662766,derived_from_throughput,0.3971117488452749,3.971117488452749,1.2105263157894737,spot_diameter,2.5,0.4807142222863854,0.19228568891455416,0.19228568891455416,0.49087385212340523,0.14726215563702155,147.26215563702155,0.028316405047706984,28.316405047706983,0.7079101261926746,707.9101261926746,0.17826471471849978,178.2647147184998,28.316405047706983,throughput_acquisition
E,10.0,78.53981633974483,80.0,0.5,40.0,20.0,20.0,True,1.0,2.5,4.908738521234052,0.1,0.3,33.68421052631579,3600.0,9.35672514619883,31.189083820662766,derived_from_throughput,0.3971117488452749,3.971117488452749,1.4210526315789473,spot_diameter,2.5,0.5643166957274959,0.22572667829099835,0.22572667829099835,0.49087385212340523,0.14726215563702155,147.26215563702155,0.03324099722991689,33.24099722991689,0.8310249307479224,831.0249307479224,0.209267273799978,209.267273799978,33.24099722991689,throughput_acquisition
E,10.0,78.53981633974483,80.0,0.5,40.0,20.0,20.0,True,1.0,2.5,4.908738521234052,0.1,0.3,33.68421052631579,3600.0,9.35672514619883,31.189083820662766,derived_from_throughput,0.3971117488452749,3.971117488452749,1.631578947368421,spot_diameter,2.5,0.6479191691686064,0.25916766766744254,0.25916766766744254,0.49087385212340523,0.14726215563702155,147.26215563702155,0.0381655894121268,38.1655894121268,0.9541397353031701,954.1397353031701,0.2402698328814562,240.2698328814562,38.1655894121268,throughput_acquisition
E,10.0,78.53981633974483,80.0,0.5,40.0,20.0,20.0,True,1.0,2.5,4.908738521234052,0.1,0.3,33.68421052631579,3600.0,9.35672514619883,31.189083820662766,derived_from_throughput,0.3971117488452749,3.971117488452749,1.8421052631578947,spot_diameter,2.5,0.7315216426097169,0.2926086570438867,0.2926086570438867,0.49087385212340523,0.14726215563702155,147.26215563702155,0.04309018159433671,43.09018159433671,1.077254539858418,1077.254539858418,0.27127239196293446,271.2723919629345,43.09018159433671,throughput_acquisition
E,10.0,78.53981633974483,80.0,0.5,40.0,20.0,20.0,True,1.0,2.5,4.908738521234052,0.1,0.3,33.68421052631579,3600.0,9.35672514619883,31.189083820662766,derived_from_throughput,0.3971117488452749,3.971117488452749,2.052631578947368,spot_diameter,2.5,0.8151241160508274,0.32604964642033096,0.32604964642033096,0.49087385212340523,0.14726215563702155,147.26215563702155,0.04801477377654662,48.01477377654662,1.2003693444136656,1200.3693444136657,0.3022749510444126,302.2749510444126,48.01477377654662,throughput_acquisition
E,10.0,78.53981633974483,80.0,0.5,40.0,20.0,20.0,True,1.0,2.5,4.908738521234052,0.1,0.3,33.68421052631579,3600.0,9.35672514619883,31.189083820662766,derived_from_throughput,0.3971117488452749,3.971117488452749,2.263157894736842,spot_diameter,2.5,0.8987265894919378,0.35949063579677515,0.35949063579677515,0.49087385212340523,0.14726215563702155,147.26215563702155,0.052939365958756535,52.93936595875653,1.3234841489689133,1323.4841489689134,0.33327751012589085,333.27751012589084,52.93936595875653,throughput_acquisition
E,10.0,78.53981633974483,80.0,0.5,40.0,20.0,20.0,True,1.0,2.5,4.908738521234052,0.1,0.3,33.68421052631579,3600.0,9.35672514619883,31.189083820662766,derived_from_throughput,0.3971117488452749,3.971117488452749,2.473684210526316,spot_diameter,2.5,0.9823290629330484,0.3929316251732194,0.3929316251732194,0.49087385212340523,0.14726215563702155,147.26215563702155,0.05786395814096645,57.863958140966446,1.4465989535241612,1446.5989535241613,0.3642800692073691,364.2800692073691,57.863958140966446,throughput_acquisition
E,10.0,78.53981633974483,80.0,0.5,40.0,20.0,20.0,True,1.0,2.5,4.908738521234052,0.1,0.3,33.68421052631579,3600.0,9.35672514619883,31.189083820662766,derived_from_throughput,0.3971117488452749,3.971117488452749,2.6842105263157894,spot_diameter,2.5,1.0659315363741588,0.4263726145496635,0.4263726145496635,0.49087385212340523,0.14726215563702155,147.26215563702155,0.06278855032317635,62.788550323176345,1.569713758079409,1569.713758079409,0.3952826282888473,395.2826282888473,62.788550323176345,throughput_acquisition
E,10.0,78.53981633974483,80.0,0.5,40.0,20.0,20.0,True,1.0,2.5,4.908738521234052,0.1,0.3,33.68421052631579,3600.0,9.35672514619883,31.189083820662766,derived_from_throughput,0.3971117488452749,3.971117488452749,2.894736842105263,spot_diameter,2.5,1.1495340098152693,0.4598136039261077,0.4598136039261077,0.49087385212340523,0.14726215563702155,147.26215563702155,0.06771314250538625,67.71314250538624,1.6928285626346566,1692.8285626346567,0.4262851873703255,426.2851873703255,67.71314250538624,throughput_acquisition
E,10.0,78.53981633974483,80.0,0.5,40.0,20.0,20.0,True,1.0,2.5,4.908738521234052,0.1,0.3,33.68421052631579,3600.0,9.35672514619883,31.189083820662766,derived_from_throughput,0.3971117488452749,3.971117488452749,3.1052631578947367,spot_diameter,2.5,1.2331364832563798,0.49325459330255195,0.49325459330255195,0.49087385212340523,0.14726215563702155,147.26215563702155,0.07263773468759617,72.63773468759616,1.8159433671899043,1815.9433671899044,0.45728774645180376,457.28774645180374,72.63773468759616,throughput_acquisition
E,10.0,78.53981633974483,80.0,0.5,40.0,20.0,20.0,True,1.0,2.5,4.908738521234052,0.1,0.3,33.68421052631579,3600.0,9.35672514619883,31.189083820662766,derived_from_throughput,0.3971117488452749,3.971117488452749,3.3157894736842106,spot_diameter,2.5,1.3167389566974905,0.5266955826789962,0.5266955826789962,0.49087385212340523,0.14726215563702155,147.26215563702155,0.07756232686980609,77.56232686980609,1.9390581717451523,1939.0581717451523,0.488290305533282,488.29030553328204,77.56232686980609,throughput_acquisition
E,10.0,78.53981633974483,80.0,0.5,40.0,20.0,20.0,True,1.0,2.5,4.908738521234052,0.1,0.3,33.68421052631579,3600.0,9.35672514619883,31.189083820662766,derived_from_throughput,0.3971117488452749,3.971117488452749,3.526315789473684,spot_diameter,2.5,1.4003414301386008,0.5601365720554403,0.5601365720554403,0.49087385212340523,0.14726215563702155,147.26215563702155,0.082486919052016,82.48691905201599,2.0621729763004,2062.1729763004,0.5192928646147602,519.2928646147602,82.48691905201599,throughput_acquisition
E,10.0,78.53981633974483,80.0,0.5,40.0,20.0,20.0,True,1.0,2.5,4.908738521234052,0.1,0.3,33.68421052631579,3600.0,9.35672514619883,31.189083820662766,derived_from_throughput,0.3971117488452749,3.971117488452749,3.7368421052631575,spot_diameter,2.5,1.4839439035797113,0.5935775614318846,0.5935775614318846,0.49087385212340523,0.14726215563702155,147.26215563702155,0.0874115112342259,87.4115112342259,2.1852877808556475,2185.2877808556473,0.5502954236962384,550.2954236962385,87.4115112342259,throughput_acquisition
E,10.0,78.53981633974483,80.0,0.5,40.0,20.0,20.0,True,1.0,2.5,4.908738521234052,0.1,0.3,33.68421052631579,3600.0,9.35672514619883,31.189083820662766,derived_from_throughput,0.3971117488452749,3.971117488452749,3.9473684210526314,spot_diameter,2.5,1.5675463770208218,0.6270185508083287,0.6270185508083287,0.49087385212340523,0.14726215563702155,147.26215563702155,0.0923361034164358,92.3361034164358,2.3084025854108954,2308.4025854108954,0.5812979827777166,581.2979827777166,92.3361034164358,throughput_acquisition
E,10.0,78.53981633974483,80.0,0.5,40.0,20.0,20.0,True,1.0,2.5,4.908738521234052,0.1,0.3,33.68421052631579,3600.0,9.35672514619883,31.189083820662766,derived_from_throughput,0.3971117488452749,3.971117488452749,4.157894736842105,spot_diameter,2.5,1.6511488504619325,0.660459540184773,0.660459540184773,0.49087385212340523,0.14726215563702155,147.26215563702155,0.09726069559864574,97.26069559864574,2.4315173899661433,2431.517389966143,0.6123005418591949,612.3005418591949,97.26069559864574,throughput_acquisition
E,10.0,78.53981633974483,80.0,0.5,40.0,20.0,20.0,True,1.0,2.5,4.908738521234052,0.1,0.3,33.68421052631579,3600.0,9.35672514619883,31.189083820662766,derived_from_throughput,0.3971117488452749,3.971117488452749,4.368421052631579,spot_diameter,2.5,1.734751323903043,0.6939005295612172,0.6939005295612172,0.49087385212340523,0.14726215563702155,147.26215563702155,0.10218528778085564,102.18528778085565,2.554632194521391,2554.632194521391,0.6433031009406731,643.3031009406731,102.18528778085565,throughput_acquisition
E,10.0,78.53981633974483,80.0,0.5,40.0,20.0,20.0,True,1.0,2.5,4.908738521234052,0.1,0.3,33.68421052631579,3600.0,9.35672514619883,31.189083820662766,derived_from_throughput,0.3971117488452749,3.971117488452749,4.578947368421052,spot_diameter,2.5,1.8183537973441533,0.7273415189376613,0.7273415189376613,0.49087385212340523,0.14726215563702155,147.26215563702155,0.10710987996306554,107.10987996306554,2.6777469990766387,2677.7469990766385,0.6743056600221513,674.3056600221513,107.10987996306554,throughput_acquisition
E,10.0,78.53981633974483,80.0,0.5,40.0,20.0,20.0,True,1.0,2.5,4.908738521234052,0.1,0.3,33.68421052631579,3600.0,9.35672514619883,31.189083820662766,derived_from_throughput,0.3971117488452749,3.971117488452749,4.789473684210526,spot_diameter,2.5,1.9019562707852637,0.7607825083141055,0.7607825083141055,0.49087385212340523,0.14726215563702155,147.26215563702155,0.11203447214527545,112.03447214527546,2.800861803631886,2800.8618036318862,0.7053082191036294,705.3082191036294,112.03447214527546,throughput_acquisition
E,10.0,78.53981633974483,80.0,0.5,40.0,20.0,20.0,True,1.0,2.5,4.908738521234052,0.1,0.3,33.68421052631579,3600.0,9.35672514619883,31.189083820662766,derived_from_throughput,0.3971117488452749,3.971117488452749,5.0,spot_diameter,2.5,1.9855587442263745,0.7942234976905498,0.7942234976905498,0.49087385212340523,0.14726215563702155,147.26215563702155,0.11695906432748537,116.95906432748538,2.923976608187134,2923.976608187134,0.7363107781851077,736.3107781851077,116.95906432748538,throughput_acquisition
E,10.0,78.53981633974483,80.0,0.5,40.0,20.0,20.0,True,1.0,2.5,4.908738521234052,0.1,0.3,38.421052631578945,3600.0,10.67251461988304,35.57504873294347,derived_from_throughput,0.4529555885266417,4.529555885266417,1.0,spot_diameter,2.5,0.4529555885266417,0.18118223541065667,0.18118223541065667,0.49087385212340523,0.14726215563702155,147.26215563702155,0.0266812865497076,26.6812865497076,0.66703216374269,667.03216374269,0.14726215563702155,147.26215563702155,26.6812865497076,throughput_acquisition
E,10.0,78.53981633974483,80.0,0.5,40.0,20.0,20.0,True,1.0,2.5,4.908738521234052,0.1,0.3,38.421052631578945,3600.0,10.67251461988304,35.57504873294347,derived_from_throughput,0.4529555885266417,4.529555885266417,1.2105263157894737,spot_diameter,2.5,0.5483146597954084,0.21932586391816336,0.21932586391816336,0.49087385212340523,0.14726215563702155,147.26215563702155,0.032298399507540786,32.298399507540786,0.8074599876885195,807.4599876885195,0.17826471471849978,178.2647147184998,32.298399507540786,throughput_acquisition
E,10.0,78.53981633974483,80.0,0.5,40.0,20.0,20.0,True,1.0,2.5,4.908738521234052,0.1,0.3,38.421052631578945,3600.0,10.67251461988304,35.57504873294347,derived_from_throughput,0.4529555885266417,4.529555885266417,1.4210526315789473,spot_diameter,2.5,0.643673731064175,0.25746949242567,0.25746949242567,0.49087385212340523,0.14726215563702155,147.26215563702155,0.03791551246537396,37.91551246537396,0.947887811634349,947.887811634349,0.209267273799978,209.267273799978,37.91551246537396,throughput_acquisition
E,10.0,78.53981633974483,80.0,0.5,40.0,20.0,20.0,True,1.0,2.5,4.908738521234052,0.1,0.3,38.421052631578945,3600.0,10.67251461988304,35.57504873294347,derived_from_throughput,0.4529555885266417,4.529555885266417,1.631578947368421,spot_diameter,2.5,0.7390328023329417,0.29561312093317665,0.29561312093317665,0.49087385212340523,0.14726215563702155,147.26215563702155,0.043532625423207134,43.532625423207136,1.0883156355801784,1088.3156355801784,0.2402698328814562,240.2698328814562,43.532625423207136,throughput_acquisition
E,10.0,78.53981633974483,80.0,0.5,40.0,20.0,20.0,True,1.0,2.5,4.908738521234052,0.1,0.3,38.421052631578945,3600.0,10.67251461988304,35.57504873294347,derived_from_throughput,0.4529555885266417,4.529555885266417,1.8421052631578947,spot_diameter,2.5,0.8343918736017084,0.33375674944068334,0.33375674944068334,0.49087385212340523,0.14726215563702155,147.26215563702155,0.049149738381040316,49.149738381040315,1.2287434595260078,1228.7434595260079,0.27127239196293446,271.2723919629345,49.149738381040315,throughput_acquisition
E,10.0,78.53981633974483,80.0,0.5,40.0,20.0,20.0,True,1.0,2.5,4.908738521234052,0.1,0.3,38.421052631578945,3600.0,10.67251461988304,35.57504873294347,derived_from_throughput,0.4529555885266417,4.529555885266417,2.052631578947368,spot_diameter,2.5,0.9297509448704749,0.37190037794819,0.37190037794819,0.49087385212340523,0.14726215563702155,147.26215563702155,0.05476685133887349,54.766851338873494,1.3691712834718373,1369.1712834718373,0.3022749510444126,302.2749510444126,54.766851338873494,throughput_acquisition
E,10.0,78.53981633974483,80.0,0.5,40.0,20.0,20.0,True,1.0,2.5,4.908738521234052,0.1,0.3,38.421052631578945,3600.0,10.67251461988304,35.57504873294347,derived_from_throughput,0.4529555885266417,4.529555885266417,2.263157894736842,spot_diameter,2.5,1.0251100161392417,0.41004400645569666,0.41004400645569666,0.49087385212340523,0.14726215563702155,147.26215563702155,0.06038396429670667,60.38396429670667,1.509599107417667,1509.5991074176668,0.33327751012589085,333.27751012589084,60.38396429670667,throughput_acquisition
E,10.0,78.53981633974483,80.0,0.5,40.0,20.0,20.0,True,1.0,2.5,4.908738521234052,0.1,0.3,38.421052631578945,3600.0,10.67251461988304,35.57504873294347,derived_from_throughput,0.4529555885266417,4.529555885266417,2.473684210526316,spot_diameter,2.5,1.1204690874080085,0.4481876349632034,0.4481876349632034,0.49087385212340523,0.14726215563702155,147.26215563702155,0.06600107725453987,66.00107725453987,1.6500269313634965,1650.0269313634965,0.3642800692073691,364.2800692073691,66.00107725453987,throughput_acquisition
E,10.0,78.53981633974483,80.0,0.5,40.0,20.0,20.0,True,1.0,2.5,4.908738521234052,0.1,0.3,38.421052631578945,3600.0,10.67251461988304,35.57504873294347,derived_from_throughput,0.4529555885266417,4.529555885266417,2.6842105263157894,spot_diameter,2.5,1.215828158676775,0.48633126347071,0.48633126347071,0.49087385212340523,0.14726215563702155,147.26215563702155,0.07161819021237303,71.61819021237304,1.7904547553093257,1790.4547553093257,0.3952826282888473,395.2826282888473,71.61819021237304,throughput_acquisition
E,10.0,78.53981633974483,80.0,0.5,40.0,20.0,20.0,True,1.0,2.5,4.908738521234052,0.1,0.3,38.421052631578945,3600.0,10.67251461988304,35.57504873294347,derived_from_throughput,0.4529555885266417,4.529555885266417,2.894736842105263,spot_diameter,2.5,1.3111872299455416,0.5244748919782166,0.5244748919782166,0.49087385212340523,0.14726215563702155,147.26215563702155,0.0772353031702062,77.23530317020621,1.9308825792551552,1930.8825792551552,0.4262851873703255,426.2851873703255,77.23530317020621,throughput_acquisition
E,10.0,78.53981633974483,80.0,0.5,40.0,20.0,20.0,True,1.0,2.5,4.908738521234052,0.1,0.3,38.421052631578945,3600.0,10.67251461988304,35.57504873294347,derived_from_throughput,0.4529555885266417,4.529555885266417,3.1052631578947367,spot_diameter,2.5,1.4065463012143085,0.5626185204857234,0.5626185204857234,0.49087385212340523,0.14726215563702155,147.26215563702155,0.0828524161280394,82.8524161280394,2.0713104032009846,2071.3104032009846,0.45728774645180376,457.28774645180374,82.8524161280394,throughput_acquisition
E,10.0,78.53981633974483,80.0,0.5,40.0,20.0,20.0,True,1.0,2.5,4.908738521234052,0.1,0.3,38.421052631578945,3600.0,10.67251461988304,35.57504873294347,derived_from_throughput,0.4529555885266417,4.529555885266417,3.3157894736842106,spot_diameter,2.5,1.501905372483075,0.60076214899323,0.60076214899323,0.49087385212340523,0.14726215563702155,147.26215563702155,0.08846952908587256,88.46952908587257,2.2117382271468142,2211.738227146814,0.488290305533282,488.29030553328204,88.46952908587257,throughput_acquisition
E,10.0,78.53981633974483,80.0,0.5,40.0,20.0,20.0,True,1.0,2.5,4.908738521234052,0.1,0.3,38.421052631578945,3600.0,10.67251461988304,35.57504873294347,derived_from_throughput,0.4529555885266417,4.529555885266417,3.526315789473684,spot_diameter,2.5,1.5972644437518417,0.6389057775007367,0.6389057775007367,0.49087385212340523,0.14726215563702155,147.26215563702155,0.09408664204370576,94.08664204370577,2.352166051092644,2352.166051092644,0.5192928646147602,519.2928646147602,94.08664204370577,throughput_acquisition
E,10.0,78.53981633974483,80.0,0.5,40.0,20.0,20.0,True,1.0,2.5,4.908738521234052,0.1,0.3,38.421052631578945,3600.0,10.67251461988304,35.57504873294347,derived_from_throughput,0.4529555885266417,4.529555885266417,3.7368421052631575,spot_diameter,2.5,1.6926235150206084,0.6770494060082434,0.6770494060082434,0.49087385212340523,0.14726215563702155,147.26215563702155,0.09970375500153893,99.70375500153892,2.492593875038473,2492.593875038473,0.5502954236962384,550.2954236962385,99.70375500153892,throughput_acquisition
E,10.0,78.53981633974483,80.0,0.5,40.0,20.0,20.0,True,1.0,2.5,4.908738521234052,0.1,0.3,38.421052631578945,3600.0,10.67251461988304,35.57504873294347,derived_from_throughput,0.4529555885266417,4.529555885266417,3.9473684210526314,spot_diameter,2.5,1.787982586289375,0.71519303451575,0.71519303451575,0.49087385212340523,0.14726215563702155,147.26215563702155,0.10532086795937211,105.32086795937211,2.6330216989843027,2633.021698984303,0.5812979827777166,581.2979827777166,105.32086795937211,throughput_acquisition
E,10.0,78.53981633974483,80.0,0.5,40.0,20.0,20.0,True,1.0,2.5,4.908738521234052,0.1,0.3,38.421052631578945,3600.0,10.67251461988304,35.57504873294347,derived_from_throughput,0.4529555885266417,4.529555885266417,4.157894736842105,spot_diameter,2.5,1.8833416575581419,0.7533366630232567,0.7533366630232567,0.49087385212340523,0.14726215563702155,147.26215563702155,0.11093798091720529,110.9379809172053,2.7734495229301324,2773.4495229301324,0.6123005418591949,612.3005418591949,110.9379809172053,throughput_acquisition
E,10.0,78.53981633974483,80.0,0.5,40.0,20.0,20.0,True,1.0,2.5,4.908738521234052,0.1,0.3,38.421052631578945,3600.0,10.67251461988304,35.57504873294347,derived_from_throughput,0.4529555885266417,4.529555885266417,4.368421052631579,spot_diameter,2.5,1.9787007288269083,0.7914802915307633,0.7914802915307633,0.49087385212340523,0.14726215563702155,147.26215563702155,0.11655509387503846,116.55509387503845,2.9138773468759616,2913.8773468759614,0.6433031009406731,643.3031009406731,116.55509387503845,throughput_acquisition
E,10.0,78.53981633974483,80.0,0.5,40.0,20.0,20.0,True,1.0,2.5,4.908738521234052,0.1,0.3,38.421052631578945,3600.0,10.67251461988304,35.57504873294347,derived_from_throughput,0.4529555885266417,4.529555885266417,4.578947368421052,spot_diameter,2.5,2.074059800095675,0.82962392003827,0.82962392003827,0.49087385212340523,0.14726215563702155,147.26215563702155,0.12217220683287164,122.17220683287164,3.0543051708217908,3054.305170821791,0.6743056600221513,674.3056600221513,122.17220683287164,throughput_acquisition
E,10.0,78.53981633974483,80.0,0.5,40.0,20.0,20.0,True,1.0,2.5,4.908738521234052,0.1,0.3,38.421052631578945,3600.0,10.67251461988304,35.57504873294347,derived_from_throughput,0.4529555885266417,4.529555885266417,4.789473684210526,spot_diameter,2.5,2.1694188713644413,0.8677675485457765,0.8677675485457765,0.49087385212340523,0.14726215563702155,147.26215563702155,0.1277893197907048,127.7893197907048,3.1947329947676204,3194.7329947676203,0.7053082191036294,705.3082191036294,127.7893197907048,throughput_acquisition
E,10.0,78.53981633974483,80.0,0.5,40.0,20.0,20.0,True,1.0,2.5,4.908738521234052,0.1,0.3,38.421052631578945,3600.0,10.67251461988304,35.57504873294347,derived_from_throughput,0.4529555885266417,4.529555885266417,5.0,spot_diameter,2.5,2.2647779426332084,0.9059111770532834,0.9059111770532834,0.49087385212340523,0.14726215563702155,147.26215563702155,0.133406432748538,133.406432748538,3.33516081871345,3335.16081871345,0.7363107781851077,736.3107781851077,133.406432748538,throughput_acquisition
E,10.0,78.53981633974483,80.0,0.5,40.0,20.0,20.0,True,1.0,2.5,4.908738521234052,0.1,0.3,43.1578947368421,3600.0,11.98830409356725,39.96101364522416,derived_from_throughput,0.5087994282080084,5.087994282080084,1.0,spot_diameter,2.5,0.5087994282080084,0.20351977128320337,0.20351977128320337,0.49087385212340523,0.14726215563702155,147.26215563702155,0.029970760233918124,29.970760233918124,0.7492690058479531,749.269005847953,0.14726215563702155,147.26215563702155,29.970760233918124,throughput_acquisition
E,10.0,78.53981633974483,80.0,0.5,40.0,20.0,20.0,True,1.0,2.5,4.908738521234052,0.1,0.3,43.1578947368421,3600.0,11.98830409356725,39.96101364522416,derived_from_throughput,0.5087994282080084,5.087994282080084,1.2105263157894737,spot_diameter,2.5,0.6159150973044312,0.24636603892177247,0.24636603892177247,0.49087385212340523,0.14726215563702155,147.26215563702155,0.03628039396737457,36.28039396737457,0.9070098491843642,907.0098491843643,0.17826471471849978,178.2647147184998,36.28039396737457,throughput_acquisition
E,10.0,78.53981633974483,80.0,0.5,40.0,20.0,20.0,True,1.0,2.5,4.908738521234052,0.1,0.3,43.1578947368421,3600.0,11.98830409356725,39.96101364522416,derived_from_throughput,0.5087994282080084,5.087994282080084,1.4210526315789473,spot_diameter,2.5,0.7230307664008541,0.28921230656034164,0.28921230656034164,0.49087385212340523,0.14726215563702155,147.26215563702155,0.04259002770083102,42.59002770083102,1.0647506925207755,1064.7506925207754,0.209267273799978,209.267273799978,42.59002770083102,throughput_acquisition
E,10.0,78.53981633974483,80.0,0.5,40.0,20.0,20.0,True,1.0,2.5,4.908738521234052,0.1,0.3,43.1578947368421,3600.0,11.98830409356725,39.96101364522416,derived_from_throughput,0.5087994282080084,5.087994282080084,1.631578947368421,spot_diameter,2.5,0.8301464354972768,0.3320585741989107,0.3320585741989107,0.49087385212340523,0.14726215563702155,147.26215563702155,0.04889966143428746,48.89966143428746,1.2224915358571866,1222.4915358571866,0.2402698328814562,240.2698328814562,48.89966143428746,throughput_acquisition
E,10.0,78.53981633974483,80.0,0.5,40.0,20.0,20.0,True,1.0,2.5,4.908738521234052,0.1,0.3,43.1578947368421,3600.0,11.98830409356725,39.96101364522416,derived_from_throughput,0.5087994282080084,5.087994282080084,1.8421052631578947,spot_diameter,2.5,0.9372621045936996,0.37490484183747985,0.37490484183747985,0.49087385212340523,0.14726215563702155,147.26215563702155,0.05520929516774391,55.20929516774391,1.3802323791935978,1380.2323791935978,0.27127239196293446,271.2723919629345,55.20929516774391,throughput_acquisition
E,10.0,78.53981633974483,80.0,0.5,40.0,20.0,20.0,True,1.0,2.5,4.908738521234052,0.1,0.3,43.1578947368421,3600.0,11.98830409356725,39.96101364522416,derived_from_throughput,0.5087994282080084,5.087994282080084,2.052631578947368,spot_diameter,2.5,1.0443777736901223,0.41775110947604893,0.41775110947604893,0.49087385212340523,0.14726215563702155,147.26215563702155,0.061518928901200344,61.51892890120035,1.5379732225300087,1537.9732225300086,0.3022749510444126,302.2749510444126,61.51892890120035,throughput_acquisition
E,10.0,78.53981633974483,80.0,0.5,40.0,20.0,20.0,True,1.0,2.5,4.908738521234052,0.1,0.3,43.1578947368421,3600.0,11.98830409356725,39.96101364522416,derived_from_throughput,0.5087994282080084,5.087994282080084,2.263157894736842,spot_diameter,2.5,1.1514934427865453,0.4605973771146181,0.4605973771146181,0.49087385212340523,0.14726215563702155,147.26215563702155,0.06782856263465681,67.8285626346568,1.69571406586642,1695.71406586642,0.33327751012589085,333.27751012589084,67.8285626346568,throughput_acquisition
E,10.0,78.53981633974483,80.0,0.5,40.0,20.0,20.0,True,1.0,2.5,4.908738521234052,0.1,0.3,43.1578947368421,3600.0,11.98830409356725,39.96101364522416,derived_from_throughput,0.5087994282080084,5.087994282080084,2.473684210526316,spot_diameter,2.5,1.258609111882968,0.5034436447531873,0.5034436447531873,0.49087385212340523,0.14726215563702155,147.26215563702155,0.07413819636811325,74.13819636811326,1.8534549092028314,1853.4549092028315,0.3642800692073691,364.2800692073691,74.13819636811326,throughput_acquisition
E,10.0,78.53981633974483,80.0,0.5,40.0,20.0,20.0,True,1.0,2.5,4.908738521234052,0.1,0.3,43.1578947368421,3600.0,11.98830409356725,39.96101364522416,derived_from_throughput,0.5087994282080084,5.087994282080084,2.6842105263157894,spot_diameter,2.5,1.3657247809793909,0.5462899123917564,0.5462899123917564,0.49087385212340523,0.14726215563702155,147.26215563702155,0.0804478301015697,80.44783010156969,2.0111957525392423,2011.1957525392422,0.3952826282888473,395.2826282888473,80.44783010156969,throughput_acquisition
E,10.0,78.53981633974483,80.0,0.5,40.0,20.0,20.0,True,1.0,2.5,4.908738521234052,0.1,0.3,43.1578947368421,3600.0,11.98830409356725,39.96101364522416,derived_from_throughput,0.5087994282080084,5.087994282080084,2.894736842105263,spot_diameter,2.5,1.4728404500758137,0.5891361800303254,0.5891361800303254,0.49087385212340523,0.14726215563702155,147.26215563702155,0.08675746383502612,86.75746383502613,2.1689365958756532,2168.9365958756534,0.4262851873703255,426.2851873703255,86.75746383502613,throughput_acquisition
E,10.0,78.53981633974483,80.0,0.5,40.0,20.0,20.0,True,1.0,2.5,4.908738521234052,0.1,0.3,43.1578947368421,3600.0,11.98830409356725,39.96101364522416,derived_from_throughput,0.5087994282080084,5.087994282080084,3.1052631578947367,spot_diameter,2.5,1.5799561191722364,0.6319824476688946,0.6319824476688946,0.49087385212340523,0.14726215563702155,147.26215563702155,0.09306709756848258,93.06709756848258,2.3266774392120646,2326.6774392120647,0.45728774645180376,457.28774645180374,93.06709756848258,throughput_acquisition
E,10.0,78.53981633974483,80.0,0.5,40.0,20.0,20.0,True,1.0,2.5,4.908738521234052,0.1,0.3,43.1578947368421,3600.0,11.98830409356725,39.96101364522416,derived_from_throughput,0.5087994282080084,5.087994282080084,3.3157894736842106,spot_diameter,2.5,1.6870717882686594,0.6748287153074638,0.6748287153074638,0.49087385212340523,0.14726215563702155,147.26215563702155,0.09937673130193904,99.37673130193905,2.484418282548476,2484.418282548476,0.488290305533282,488.29030553328204,99.37673130193905,throughput_acquisition
E,10.0,78.53981633974483,80.0,0.5,40.0,20.0,20.0,True,1.0,2.5,4.908738521234052,0.1,0.3,43.1578947368421,3600.0,11.98830409356725,39.96101364522416,derived_from_throughput,0.5087994282080084,5.087994282080084,3.526315789473684,spot_diameter,2.5,1.7941874573650822,0.7176749829460329,0.7176749829460329,0.49087385212340523,0.14726215563702155,147.26215563702155,0.1056863650353955,105.6863650353955,2.642159125884887,2642.159125884887,0.5192928646147602,519.2928646147602,105.6863650353955,throughput_acquisition
E,10.0,78.53981633974483,80.0,0.5,40.0,20.0,20.0,True,1.0,2.5,4.908738521234052,0.1,0.3,43.1578947368421,3600.0,11.98830409356725,39.96101364522416,derived_from_throughput,0.5087994282080084,5.087994282080084,3.7368421052631575,spot_diameter,2.5,1.9013031264615048,0.760521250584602,0.760521250584602,0.49087385212340523,0.14726215563702155,147.26215563702155,0.11199599876885193,111.99599876885192,2.7998999692212982,2799.8999692212983,0.5502954236962384,550.2954236962385,111.99599876885192,throughput_acquisition
E,10.0,78.53981633974483,80.0,0.5,40.0,20.0,20.0,True,1.0,2.5,4.908738521234052,0.1,0.3,43.1578947368421,3600.0,11.98830409356725,39.96101364522416,derived_from_throughput,0.5087994282080084,5.087994282080084,3.9473684210526314,spot_diameter,2.5,2.008418795557928,0.8033675182231711,0.8033675182231711,0.49087385212340523,0.14726215563702155,147.26215563702155,0.11830563250230837,118.30563250230837,2.9576408125577096,2957.6408125577095,0.5812979827777166,581.2979827777166,118.30563250230837,throughput_acquisition
E,10.0,78.53981633974483,80.0,0.5,40.0,20.0,20.0,True,1.0,2.5,4.908738521234052,0.1,0.3,43.1578947368421,3600.0,11.98830409356725,39.96101364522416,derived_from_throughput,0.5087994282080084,5.087994282080084,4.157894736842105,spot_diameter,2.5,2.115534464654351,0.8462137858617403,0.8462137858617403,0.49087385212340523,0.14726215563702155,147.26215563702155,0.12461526623576484,124.61526623576484,3.115381655894121,3115.381655894121,0.6123005418591949,612.3005418591949,124.61526623576484,throughput_acquisition
E,10.0,78.53981633974483,80.0,0.5,40.0,20.0,20.0,True,1.0,2.5,4.908738521234052,0.1,0.3,43.1578947368421,3600.0,11.98830409356725,39.96101364522416,derived_from_throughput,0.5087994282080084,5.087994282080084,4.368421052631579,spot_diameter,2.5,2.2226501337507734,0.8890600535003094,0.8890600535003094,0.49087385212340523,0.14726215563702155,147.26215563702155,0.13092489996922127,130.92489996922126,3.273122499230532,3273.122499230532,0.6433031009406731,643.3031009406731,130.92489996922126,throughput_acquisition
E,10.0,78.53981633974483,80.0,0.5,40.0,20.0,20.0,True,1.0,2.5,4.908738521234052,0.1,0.3,43.1578947368421,3600.0,11.98830409356725,39.96101364522416,derived_from_throughput,0.5087994282080084,5.087994282080084,4.578947368421052,spot_diameter,2.5,2.329765802847196,0.9319063211388784,0.9319063211388784,0.49087385212340523,0.14726215563702155,147.26215563702155,0.13723453370267769,137.23453370267768,3.430863342566943,3430.8633425669427,0.6743056600221513,674.3056600221513,137.23453370267768,throughput_acquisition
E,10.0,78.53981633974483,80.0,0.5,40.0,20.0,20.0,True,1.0,2.5,4.908738521234052,0.1,0.3,43.1578947368421,3600.0,11.98830409356725,39.96101364522416,derived_from_throughput,0.5087994282080084,5.087994282080084,4.789473684210526,spot_diameter,2.5,2.436881471943619,0.9747525887774475,0.9747525887774475,0.49087385212340523,0.14726215563702155,147.26215563702155,0.14354416743613416,143.54416743613416,3.5886041859033537,3588.604185903354,0.7053082191036294,705.3082191036294,143.54416743613416,throughput_acquisition
E,10.0,78.53981633974483,80.0,0.5,40.0,20.0,20.0,True,1.0,2.5,4.908738521234052,0.1,0.3,43.1578947368421,3600.0,11.98830409356725,39.96101364522416,derived_from_throughput,0.5087994282080084,5.087994282080084,5.0,spot_diameter,2.5,2.543997141040042,1.0,1.0,0.49087385212340523,0.14726215563702155,147.26215563702155,0.14726215563702155,147.26215563702155,3.7463450292397655,3746.3450292397656,0.7363107781851077,736.3107781851077,147.26215563702155,throughput_acquisition
E,10.0,78.53981633974483,80.0,0.5,40.0,20.0,20.0,True,1.0,2.5,4.908738521234052,0.1,0.3,47.89473684210526,3600.0,13.304093567251462,44.346978557504876,derived_from_throughput,0.5646432678893752,5.646432678893753,1.0,spot_diameter,2.5,0.5646432678893752,0.2258573071557501,0.2258573071557501,0.49087385212340523,0.14726215563702155,147.26215563702155,0.03326023391812865,33.26023391812865,0.8315058479532164,831.5058479532164,0.14726215563702155,147.26215563702155,33.26023391812865,throughput_acquisition
E,10.0,78.53981633974483,80.0,0.5,40.0,20.0,20.0,True,1.0,2.5,4.908738521234052,0.1,0.3,47.89473684210526,3600.0,13.304093567251462,44.346978557504876,derived_from_throughput,0.5646432678893752,5.646432678893753,1.2105263157894737,spot_diameter,2.5,0.6835155348134543,0.2734062139253817,0.2734062139253817,0.49087385212340523,0.14726215563702155,147.26215563702155,0.040262388427208376,40.26238842720838,1.0065597106802093,1006.5597106802094,0.17826471471849978,178.2647147184998,40.26238842720838,throughput_acquisition
E,10.0,78.53981633974483,80.0,0.5,40.0,20.0,20.0,True,1.0,2.5,4.908738521234052,0.1,0.3,47.89473684210526,3600.0,13.304093567251462,44.346978557504876,derived_from_throughput,0.5646432678893752,5.646432678893753,1.4210526315789473,spot_diameter,2.5,0.8023878017375332,0.3209551206950133,0.3209551206950133,0.49087385212340523,0.14726215563702155,147.26215563702155,0.04726454293628809,47.26454293628809,1.1816135734072022,1181.6135734072022,0.209267273799978,209.267273799978,47.26454293628809,throughput_acquisition
E,10.0,78.53981633974483,80.0,0.5,40.0,20.0,20.0,True,1.0,2.5,4.908738521234052,0.1,0.3,47.89473684210526,3600.0,13.304093567251462,44.346978557504876,derived_from_throughput,0.5646432678893752,5.646432678893753,1.631578947368421,spot_diameter,2.5,0.9212600686616123,0.3685040274646449,0.3685040274646449,0.49087385212340523,0.14726215563702155,147.26215563702155,0.0542666974453678,54.266697445367804,1.356667436134195,1356.667436134195,0.2402698328814562,240.2698328814562,54.266697445367804,throughput_acquisition
E,10.0,78.53981633974483,80.0,0.5,40.0,20.0,20.0,True,1.0,2.5,4.908738521234052,0.1,0.3,47.89473684210526,3600.0,13.304093567251462,44.346978557504876,derived_from_throughput,0.5646432678893752,5.646432678893753,1.8421052631578947,spot_diameter,2.5,1.0401323355856913,0.41605293423427653,0.41605293423427653,0.49087385212340523,0.14726215563702155,147.26215563702155,0.06126885195444752,61.26885195444752,1.531721298861188,1531.721298861188,0.27127239196293446,271.2723919629345,61.26885195444752,throughput_acquisition
E,10.0,78.53981633974483,80.0,0.5,40.0,20.0,20.0,True,1.0,2.5,4.908738521234052,0.1,0.3,47.89473684210526,3600.0,13.304093567251462,44.346978557504876,derived_from_throughput,0.5646432678893752,5.646432678893753,2.052631578947368,spot_diameter,2.5,1.15900460250977,0.463601841003908,0.463601841003908,0.49087385212340523,0.14726215563702155,147.26215563702155,0.06827100646352723,68.27100646352723,1.7067751615881808,1706.7751615881807,0.3022749510444126,302.2749510444126,68.27100646352723,throughput_acquisition
E,10.0,78.53981633974483,80.0,0.5,40.0,20.0,20.0,True,1.0,2.5,4.908738521234052,0.1,0.3,47.89473684210526,3600.0,13.304093567251462,44.346978557504876,derived_from_throughput,0.5646432678893752,5.646432678893753,2.263157894736842,spot_diameter,2.5,1.2778768694338491,0.5111507477735396,0.5111507477735396,0.49087385212340523,0.14726215563702155,147.26215563702155,0.07527316097260695,75.27316097260695,1.8818290243151738,1881.829024315174,0.33327751012589085,333.27751012589084,75.27316097260695,throughput_acquisition
E,10.0,78.53981633974483,80.0,0.5,40.0,20.0,20.0,True,1.0,2.5,4.908738521234052,0.1,0.3,47.89473684210526,3600.0,13.304093567251462,44.346978557504876,derived_from_throughput,0.5646432678893752,5.646432678893753,2.473684210526316,spot_diameter,2.5,1.3967491363579283,0.5586996545431713,0.5586996545431713,0.49087385212340523,0.14726215563702155,147.26215563702155,0.08227531548168666,82.27531548168666,2.0568828870421667,2056.8828870421667,0.3642800692073691,364.2800692073691,82.27531548168666,throughput_acquisition
E,10.0,78.53981633974483,80.0,0.5,40.0,20.0,20.0,True,1.0,2.5,4.908738521234052,0.1,0.3,47.89473684210526,3600.0,13.304093567251462,44.346978557504876,derived_from_throughput,0.5646432678893752,5.646432678893753,2.6842105263157894,spot_diameter,2.5,1.5156214032820072,0.6062485613128029,0.6062485613128029,0.49087385212340523,0.14726215563702155,147.26215563702155,0.08927746999076638,89.27746999076638,2.23193674976916,2231.9367497691596,0.3952826282888473,395.2826282888473,89.27746999076638,throughput_acquisition
E,10.0,78.53981633974483,80.0,0.5,40.0,20.0,20.0,True,1.0,2.5,4.908738521234052,0.1,0.3,47.89473684210526,3600.0,13.304093567251462,44.346978557504876,derived_from_throughput,0.5646432678893752,5.646432678893753,2.894736842105263,spot_diameter,2.5,1.6344936702060862,0.6537974680824344,0.6537974680824344,0.49087385212340523,0.14726215563702155,147.26215563702155,0.09627962449984609,96.2796244998461,2.4069906124961524,2406.9906124961526,0.4262851873703255,426.2851873703255,96.2796244998461,throughput_acquisition
E,10.0,78.53981633974483,80.0,0.5,40.0,20.0,20.0,True,1.0,2.5,4.908738521234052,0.1,0.3,47.89473684210526,3600.0,13.304093567251462,44.346978557504876,derived_from_throughput,0.5646432678893752,5.646432678893753,3.1052631578947367,spot_diameter,2.5,1.753365937130165,0.7013463748520661,0.7013463748520661,0.49087385212340523,0.14726215563702155,147.26215563702155,0.10328177900892581,103.28177900892581,2.5820444752231455,2582.0444752231456,0.45728774645180376,457.28774645180374,103.28177900892581,throughput_acquisition
E,10.0,78.53981633974483,80.0,0.5,40.0,20.0,20.0,True,1.0,2.5,4.908738521234052,0.1,0.3,47.89473684210526,3600.0,13.304093567251462,44.346978557504876,derived_from_throughput,0.5646432678893752,5.646432678893753,3.3157894736842106,spot_diameter,2.5,1.8722382040542442,0.7488952816216977,0.7488952816216977,0.49087385212340523,0.14726215563702155,147.26215563702155,0.11028393351800554,110.28393351800554,2.7570983379501386,2757.0983379501386,0.488290305533282,488.29030553328204,110.28393351800554,throughput_acquisition
E,10.0,78.53981633974483,80.0,0.5,40.0,20.0,20.0,True,1.0,2.5,4.908738521234052,0.1,0.3,47.89473684210526,3600.0,13.304093567251462,44.346978557504876,derived_from_throughput,0.5646432678893752,5.646432678893753,3.526315789473684,spot_diameter,2.5,1.9911104709783232,0.7964441883913292,0.7964441883913292,0.49087385212340523,0.14726215563702155,147.26215563702155,0.11728608802708525,117.28608802708524,2.9321522006771312,2932.152200677131,0.5192928646147602,519.2928646147602,117.28608802708524,throughput_acquisition
E,10.0,78.53981633974483,80.0,0.5,40.0,20.0,20.0,True,1.0,2.5,4.908738521234052,0.1,0.3,47.89473684210526,3600.0,13.304093567251462,44.346978557504876,derived_from_throughput,0.5646432678893752,5.646432678893753,3.7368421052631575,spot_diameter,2.5,2.109982737902402,0.8439930951609608,0.8439930951609608,0.49087385212340523,0.14726215563702155,147.26215563702155,0.12428824253616495,124.28824253616496,3.107206063404124,3107.206063404124,0.5502954236962384,550.2954236962385,124.28824253616496,throughput_acquisition
E,10.0,78.53981633974483,80.0,0.5,40.0,20.0,20.0,True,1.0,2.5,4.908738521234052,0.1,0.3,47.89473684210526,3600.0,13.304093567251462,44.346978557504876,derived_from_throughput,0.5646432678893752,5.646432678893753,3.9473684210526314,spot_diameter,2.5,2.2288550048264812,0.8915420019305925,0.8915420019305925,0.49087385212340523,0.14726215563702155,147.26215563702155,0.13129039704524467,131.29039704524467,3.282259926131117,3282.259926131117,0.5812979827777166,581.2979827777166,131.29039704524467,throughput_acquisition
E,10.0,78.53981633974483,80.0,0.5,40.0,20.0,20.0,True,1.0,2.5,4.908738521234052,0.1,0.3,47.89473684210526,3600.0,13.304093567251462,44.346978557504876,derived_from_throughput,0.5646432678893752,5.646432678893753,4.157894736842105,spot_diameter,2.5,2.34772727175056,0.939090908700224,0.939090908700224,0.49087385212340523,0.14726215563702155,147.26215563702155,0.13829255155432438,138.29255155432438,3.45731378885811,3457.31378885811,0.6123005418591949,612.3005418591949,138.29255155432438,throughput_acquisition
E,10.0,78.53981633974483,80.0,0.5,40.0,20.0,20.0,True,1.0,2.5,4.908738521234052,0.1,0.3,47.89473684210526,3600.0,13.304093567251462,44.346978557504876,derived_from_throughput,0.5646432678893752,5.646432678893753,4.368421052631579,spot_diameter,2.5,2.466599538674639,0.9866398154698557,0.9866398154698557,0.49087385212340523,0.14726215563702155,147.26215563702155,0.1452947060634041,145.2947060634041,3.632367651585103,3632.367651585103,0.6433031009406731,643.3031009406731,145.2947060634041,throughput_acquisition
E,10.0,78.53981633974483,80.0,0.5,40.0,20.0,20.0,True,1.0,2.5,4.908738521234052,0.1,0.3,47.89473684210526,3600.0,13.304093567251462,44.346978557504876,derived_from_throughput,0.5646432678893752,5.646432678893753,4.578947368421052,spot_diameter,2.5,2.585471805598718,1.0,1.0,0.49087385212340523,0.14726215563702155,147.26215563702155,0.14726215563702155,147.26215563702155,3.8074215143120957,3807.421514312096,0.6743056600221513,674.3056600221513,147.26215563702155,throughput_acquisition
E,10.0,78.53981633974483,80.0,0.5,40.0,20.0,20.0,True,1.0,2.5,4.908738521234052,0.1,0.3,47.89473684210526,3600.0,13.304093567251462,44.346978557504876,derived_from_throughput,0.5646432678893752,5.646432678893753,4.789473684210526,spot_diameter,2.5,2.704344072522797,1.0,1.0,0.49087385212340523,0.14726215563702155,147.26215563702155,0.14726215563702155,147.26215563702155,3.9824753770390884,3982.4753770390885,0.7053082191036294,705.3082191036294,147.26215563702155,throughput_acquisition
E,10.0,78.53981633974483,80.0,0.5,40.0,20.0,20.0,True,1.0,2.5,4.908738521234052,0.1,0.3,47.89473684210526,3600.0,13.304093567251462,44.346978557504876,derived_from_throughput,0.5646432678893752,5.646432678893753,5.0,spot_diameter,2.5,2.8232163394468763,1.0,1.0,0.49087385212340523,0.14726215563702155,147.26215563702155,0.14726215563702155,147.26215563702155,4.157529239766082,4157.529239766082,0.7363107781851077,736.3107781851077,147.26215563702155,throughput_acquisition
E,10.0,78.53981633974483,80.0,0.5,40.0,20.0,20.0,True,1.0,2.5,4.908738521234052,0.1,0.3,52.63157894736842,3600.0,14.619883040935672,48.732943469785575,derived_from_throughput,0.620487107570742,6.20487107570742,1.0,spot_diameter,2.5,0.620487107570742,0.2481948430282968,0.2481948430282968,0.49087385212340523,0.14726215563702155,147.26215563702155,0.03654970760233918,36.54970760233918,0.9137426900584795,913.7426900584795,0.14726215563702155,147.26215563702155,36.54970760233918,throughput_acquisition
E,10.0,78.53981633974483,80.0,0.5,40.0,20.0,20.0,True,1.0,2.5,4.908738521234052,0.1,0.3,52.63157894736842,3600.0,14.619883040935672,48.732943469785575,derived_from_throughput,0.620487107570742,6.20487107570742,1.2105263157894737,spot_diameter,2.5,0.7511159723224772,0.3004463889289909,0.3004463889289909,0.49087385212340523,0.14726215563702155,147.26215563702155,0.04424438288704217,44.24438288704217,1.106109572176054,1106.1095721760541,0.17826471471849978,178.2647147184998,44.24438288704217,throughput_acquisition
E,10.0,78.53981633974483,80.0,0.5,40.0,20.0,20.0,True,1.0,2.5,4.908738521234052,0.1,0.3,52.63157894736842,3600.0,14.619883040935672,48.732943469785575,derived_from_throughput,0.620487107570742,6.20487107570742,1.4210526315789473,spot_diameter,2.5,0.8817448370742123,0.3526979348296849,0.3526979348296849,0.49087385212340523,0.14726215563702155,147.26215563702155,0.05193905817174514,51.939058171745145,1.2984764542936287,1298.4764542936286,0.209267273799978,209.267273799978,51.939058171745145,throughput_acquisition
E,10.0,78.53981633974483,80.0,0.5,40.0,20.0,20.0,True,1.0,2.5,4.908738521234052,0.1,0.3,52.63157894736842,3600.0,14.619883040935672,48.732943469785575,derived_from_throughput,0.620487107570742,6.20487107570742,1.631578947368421,spot_diameter,2.5,1.0123737018259475,0.404949480730379,0.404949480730379,0.49087385212340523,0.14726215563702155,147.26215563702155,0.05963373345644813,59.633733456448134,1.4908433364112035,1490.8433364112034,0.2402698328814562,240.2698328814562,59.633733456448134,throughput_acquisition
E,10.0,78.53981633974483,80.0,0.5,40.0,20.0,20.0,True,1.0,2.5,4.908738521234052,0.1,0.3,52.63157894736842,3600.0,14.619883040935672,48.732943469785575,derived_from_throughput,0.620487107570742,6.20487107570742,1.8421052631578947,spot_diameter,2.5,1.1430025665776826,0.45720102663107304,0.45720102663107304,0.49087385212340523,0.14726215563702155,147.26215563702155,0.06732840874115112,67.32840874115112,1.683210218528778,1683.2102185287781,0.27127239196293446,271.2723919629345,67.32840874115112,throughput_acquisition
E,10.0,78.53981633974483,80.0,0.5,40.0,20.0,20.0,True,1.0,2.5,4.908738521234052,0.1,0.3,52.63157894736842,3600.0,14.619883040935672,48.732943469785575,derived_from_throughput,0.620487107570742,6.20487107570742,2.052631578947368,spot_diameter,2.5,1.2736314313294177,0.5094525725317671,0.5094525725317671,0.49087385212340523,0.14726215563702155,147.26215563702155,0.0750230840258541,75.0230840258541,1.8755771006463524,1875.5771006463524,0.3022749510444126,302.2749510444126,75.0230840258541,throughput_acquisition
E,10.0,78.53981633974483,80.0,0.5,40.0,20.0,20.0,True,1.0,2.5,4.908738521234052,0.1,0.3,52.63157894736842,3600.0,14.619883040935672,48.732943469785575,derived_from_throughput,0.620487107570742,6.20487107570742,2.263157894736842,spot_diameter,2.5,1.404260296081153,0.5617041184324612,0.5617041184324612,0.49087385212340523,0.14726215563702155,147.26215563702155,0.08271775931055708,82.71775931055708,2.067943982763927,2067.943982763927,0.33327751012589085,333.27751012589084,82.71775931055708,throughput_acquisition
E,10.0,78.53981633974483,80.0,0.5,40.0,20.0,20.0,True,1.0,2.5,4.908738521234052,0.1,0.3,52.63157894736842,3600.0,14.619883040935672,48.732943469785575,derived_from_throughput,0.620487107570742,6.20487107570742,2.473684210526316,spot_diameter,2.5,1.534889160832888,0.6139556643331552,0.6139556643331552,0.49087385212340523,0.14726215563702155,147.26215563702155,0.09041243459526006,90.41243459526007,2.260310864881502,2260.310864881502,0.3642800692073691,364.2800692073691,90.41243459526007,throughput_acquisition
E,10.0,78.53981633974483,80.0,0.5,40.0,20.0,20.0,True,1.0,2.5,4.908738521234052,0.1,0.3,52.63157894736842,3600.0,14.619883040935672,48.732943469785575,derived_from_throughput,0.620487107570742,6.20487107570742,2.6842105263157894,spot_diameter,2.5,1.6655180255846231,0.6662072102338492,0.6662072102338492,0.49087385212340523,0.14726215563702155,147.26215563702155,0.09810710987996304,98.10710987996305,2.4526777469990764,2452.6777469990766,0.3952826282888473,395.2826282888473,98.10710987996305,throughput_acquisition
E,10.0,78.53981633974483,80.0,0.5,40.0,20.0,20.0,True,1.0,2.5,4.908738521234052,0.1,0.3,52.63157894736842,3600.0,14.619883040935672,48.732943469785575,derived_from_throughput,0.620487107570742,6.20487107570742,2.894736842105263,spot_diameter,2.5,1.7961468903363582,0.7184587561345432,0.7184587561345432,0.49087385212340523,0.14726215563702155,147.26215563702155,0.10580178516466603,105.80178516466603,2.645044629116651,2645.0446291166513,0.4262851873703255,426.2851873703255,105.80178516466603,throughput_acquisition
E,10.0,78.53981633974483,80.0,0.5,40.0,20.0,20.0,True,1.0,2.5,4.908738521234052,0.1,0.3,52.63157894736842,3600.0,14.619883040935672,48.732943469785575,derived_from_throughput,0.620487107570742,6.20487107570742,3.1052631578947367,spot_diameter,2.5,1.9267757550880935,0.7707103020352374,0.7707103020352374,0.49087385212340523,0.14726215563702155,147.26215563702155,0.11349646044936902,113.49646044936902,2.837411511234226,2837.411511234226,0.45728774645180376,457.28774645180374,113.49646044936902,throughput_acquisition
E,10.0,78.53981633974483,80.0,0.5,40.0,20.0,20.0,True,1.0,2.5,4.908738521234052,0.1,0.3,52.63157894736842,3600.0,14.619883040935672,48.732943469785575,derived_from_throughput,0.620487107570742,6.20487107570742,3.3157894736842106,spot_diameter,2.5,2.057404619839829,0.8229618479359315,0.8229618479359315,0.49087385212340523,0.14726215563702155,147.26215563702155,0.12119113573407202,121.19113573407202,3.0297783933518008,3029.778393351801,0.488290305533282,488.29030553328204,121.19113573407202,throughput_acquisition
E,10.0,78.53981633974483,80.0,0.5,40.0,20.0,20.0,True,1.0,2.5,4.908738521234052,0.1,0.3,52.63157894736842,3600.0,14.619883040935672,48.732943469785575,derived_from_throughput,0.620487107570742,6.20487107570742,3.526315789473684,spot_diameter,2.5,2.1880334845915637,0.8752133938366254,0.8752133938366254,0.49087385212340523,0.14726215563702155,147.26215563702155,0.12888581101877497,128.88581101877497,3.222145275469375,3222.145275469375,0.5192928646147602,519.2928646147602,128.88581101877497,throughput_acquisition
E,10.0,78.53981633974483,80.0,0.5,40.0,20.0,20.0,True,1.0,2.5,4.908738521234052,0.1,0.3,52.63157894736842,3600.0,14.619883040935672,48.732943469785575,derived_from_throughput,0.620487107570742,6.20487107570742,3.7368421052631575,spot_diameter,2.5,2.318662349343299,0.9274649397373196,0.9274649397373196,0.49087385212340523,0.14726215563702155,147.26215563702155,0.13658048630347797,136.58048630347795,3.4145121575869495,3414.5121575869493,0.5502954236962384,550.2954236962385,136.58048630347795,throughput_acquisition
E,10.0,78.53981633974483,80.0,0.5,40.0,20.0,20.0,True,1.0,2.5,4.908738521234052,0.1,0.3,52.63157894736842,3600.0,14.619883040935672,48.732943469785575,derived_from_throughput,0.620487107570742,6.20487107570742,3.9473684210526314,spot_diameter,2.5,2.4492912140950343,0.9797164856380137,0.9797164856380137,0.49087385212340523,0.14726215563702155,147.26215563702155,0.14427516158818096,144.27516158818096,3.6068790397045243,3606.879039704524,0.5812979827777166,581.2979827777166,144.27516158818096,throughput_acquisition
E,10.0,78.53981633974483,80.0,0.5,40.0,20.0,20.0,True,1.0,2.5,4.908738521234052,0.1,0.3,52.63157894736842,3600.0,14.619883040935672,48.732943469785575,derived_from_throughput,0.620487107570742,6.20487107570742,4.157894736842105,spot_diameter,2.5,2.5799200788467695,1.0,1.0,0.49087385212340523,0.14726215563702155,147.26215563702155,0.14726215563702155,147.26215563702155,3.799245921822099,3799.2459218220993,0.6123005418591949,612.3005418591949,147.26215563702155,throughput_acquisition
E,10.0,78.53981633974483,80.0,0.5,40.0,20.0,20.0,True,1.0,2.5,4.908738521234052,0.1,0.3,52.63157894736842,3600.0,14.619883040935672,48.732943469785575,derived_from_throughput,0.620487107570742,6.20487107570742,4.368421052631579,spot_diameter,2.5,2.7105489435985044,1.0,1.0,0.49087385212340523,0.14726215563702155,147.26215563702155,0.14726215563702155,147.26215563702155,3.9916128039396734,3991.6128039396735,0.6433031009406731,643.3031009406731,147.26215563702155,throughput_acquisition
E,10.0,78.53981633974483,80.0,0.5,40.0,20.0,20.0,True,1.0,2.5,4.908738521234052,0.1,0.3,52.63157894736842,3600.0,14.619883040935672,48.732943469785575,derived_from_throughput,0.620487107570742,6.20487107570742,4.578947368421052,spot_diameter,2.5,2.8411778083502393,1.0,1.0,0.49087385212340523,0.14726215563702155,147.26215563702155,0.14726215563702155,147.26215563702155,4.183979686057248,4183.979686057248,0.6743056600221513,674.3056600221513,147.26215563702155,throughput_acquisition
E,10.0,78.53981633974483,80.0,0.5,40.0,20.0,20.0,True,1.0,2.5,4.908738521234052,0.1,0.3,52.63157894736842,3600.0,14.619883040935672,48.732943469785575,derived_from_throughput,0.620487107570742,6.20487107570742,4.789473684210526,spot_diameter,2.5,2.9718066731019745,1.0,1.0,0.49087385212340523,0.14726215563702155,147.26215563702155,0.14726215563702155,147.26215563702155,4.376346568174823,4376.346568174823,0.7053082191036294,705.3082191036294,147.26215563702155,throughput_acquisition
E,10.0,78.53981633974483,80.0,0.5,40.0,20.0,20.0,True,1.0,2.5,4.908738521234052,0.1,0.3,52.63157894736842,3600.0,14.619883040935672,48.732943469785575,derived_from_throughput,0.620487107570742,6.20487107570742,5.0,spot_diameter,2.5,3.10243553785371,1.0,1.0,0.49087385212340523,0.14726215563702155,147.26215563702155,0.14726215563702155,147.26215563702155,4.568713450292398,4568.713450292398,0.7363107781851077,736.3107781851077,147.26215563702155,throughput_acquisition
E,10.0,78.53981633974483,80.0,0.5,40.0,20.0,20.0,True,1.0,2.5,4.908738521234052,0.1,0.3,57.368421052631575,3600.0,15.935672514619881,53.11890838206627,derived_from_throughput,0.6763309472521087,6.763309472521088,1.0,spot_diameter,2.5,0.6763309472521087,0.2705323789008435,0.2705323789008435,0.49087385212340523,0.14726215563702155,147.26215563702155,0.039839181286549695,39.839181286549696,0.9959795321637426,995.9795321637425,0.14726215563702155,147.26215563702155,39.839181286549696,throughput_acquisition
E,10.0,78.53981633974483,80.0,0.5,40.0,20.0,20.0,True,1.0,2.5,4.908738521234052,0.1,0.3,57.368421052631575,3600.0,15.935672514619881,53.11890838206627,derived_from_throughput,0.6763309472521087,6.763309472521088,1.2105263157894737,spot_diameter,2.5,0.8187164098315001,0.3274865639326,0.3274865639326,0.49087385212340523,0.14726215563702155,147.26215563702155,0.04822637734687595,48.22637734687595,1.2056594336718989,1205.6594336718988,0.17826471471849978,178.2647147184998,48.22637734687595,throughput_acquisition
E,10.0,78.53981633974483,80.0,0.5,40.0,20.0,20.0,True,1.0,2.5,4.908738521234052,0.1,0.3,57.368421052631575,3600.0,15.935672514619881,53.11890838206627,derived_from_throughput,0.6763309472521087,6.763309472521088,1.4210526315789473,spot_diameter,2.5,0.9611018724108914,0.38444074896435654,0.38444074896435654,0.49087385212340523,0.14726215563702155,147.26215563702155,0.0566135734072022,56.6135734072022,1.4153393351800552,1415.339335180055,0.209267273799978,209.267273799978,56.6135734072022,throughput_acquisition
E,10.0,78.53981633974483,80.0,0.5,40.0,20.0,20.0,True,1.0,2.5,4.908738521234052,0.1,0.3,57.368421052631575,3600.0,15.935672514619881,53.11890838206627,derived_from_throughput,0.6763309472521087,6.763309472521088,1.631578947368421,spot_diameter,2.5,1.1034873349902827,0.44139493399611307,0.44139493399611307,0.49087385212340523,0.14726215563702155,147.26215563702155,0.06500076946752846,65.00076946752846,1.6250192366882115,1625.0192366882115,0.2402698328814562,240.2698328814562,65.00076946752846,throughput_acquisition
E,10.0,78.53981633974483,80.0,0.5,40.0,20.0,20.0,True,1.0,2.5,4.908738521234052,0.1,0.3,57.368421052631575,3600.0,15.935672514619881,53.11890838206627,derived_from_throughput,0.6763309472521087,6.763309472521088,1.8421052631578947,spot_diameter,2.5,1.245872797569674,0.4983491190278696,0.4983491190278696,0.49087385212340523,0.14726215563702155,147.26215563702155,0.07338796552785472,73.38796552785472,1.8346991381963678,1834.6991381963678,0.27127239196293446,271.2723919629345,73.38796552785472,throughput_acquisition
E,10.0,78.53981633974483,80.0,0.5,40.0,20.0,20.0,True,1.0,2.5,4.908738521234052,0.1,0.3,57.368421052631575,3600.0,15.935672514619881,53.11890838206627,derived_from_throughput,0.6763309472521087,6.763309472521088,2.052631578947368,spot_diameter,2.5,1.3882582601490652,0.555303304059626,0.555303304059626,0.49087385212340523,0.14726215563702155,147.26215563702155,0.08177516158818095,81.77516158818095,2.044379039704524,2044.3790397045238,0.3022749510444126,302.2749510444126,81.77516158818095,throughput_acquisition
E,10.0,78.53981633974483,80.0,0.5,40.0,20.0,20.0,True,1.0,2.5,4.908738521234052,0.1,0.3,57.368421052631575,3600.0,15.935672514619881,53.11890838206627,derived_from_throughput,0.6763309472521087,6.763309472521088,2.263157894736842,spot_diameter,2.5,1.5306437227284566,0.6122574890913827,0.6122574890913827,0.49087385212340523,0.14726215563702155,147.26215563702155,0.09016235764850722,90.16235764850722,2.2540589412126804,2254.0589412126806,0.33327751012589085,333.27751012589084,90.16235764850722,throughput_acquisition
E,10.0,78.53981633974483,80.0,0.5,40.0,20.0,20.0,True,1.0,2.5,4.908738521234052,0.1,0.3,57.368421052631575,3600.0,15.935672514619881,53.11890838206627,derived_from_throughput,0.6763309472521087,6.763309472521088,2.473684210526316,spot_diameter,2.5,1.673029185307848,0.6692116741231392,0.6692116741231392,0.49087385212340523,0.14726215563702155,147.26215563702155,0.09854955370883348,98.54955370883347,2.463738842720837,2463.738842720837,0.3642800692073691,364.2800692073691,98.54955370883347,throughput_acquisition
E,10.0,78.53981633974483,80.0,0.5,40.0,20.0,20.0,True,1.0,2.5,4.908738521234052,0.1,0.3,57.368421052631575,3600.0,15.935672514619881,53.11890838206627,derived_from_throughput,0.6763309472521087,6.763309472521088,2.6842105263157894,spot_diameter,2.5,1.8154146478872393,0.7261658591548957,0.7261658591548957,0.49087385212340523,0.14726215563702155,147.26215563702155,0.10693674976915973,106.93674976915973,2.673418744228993,2673.418744228993,0.3952826282888473,395.2826282888473,106.93674976915973,throughput_acquisition
E,10.0,78.53981633974483,80.0,0.5,40.0,20.0,20.0,True,1.0,2.5,4.908738521234052,0.1,0.3,57.368421052631575,3600.0,15.935672514619881,53.11890838206627,derived_from_throughput,0.6763309472521087,6.763309472521088,2.894736842105263,spot_diameter,2.5,1.9578001104666303,0.7831200441866522,0.7831200441866522,0.49087385212340523,0.14726215563702155,147.26215563702155,0.11532394582948596,115.32394582948596,2.883098645737149,2883.098645737149,0.4262851873703255,426.2851873703255,115.32394582948596,throughput_acquisition
E,10.0,78.53981633974483,80.0,0.5,40.0,20.0,20.0,True,1.0,2.5,4.908738521234052,0.1,0.3,57.368421052631575,3600.0,15.935672514619881,53.11890838206627,derived_from_throughput,0.6763309472521087,6.763309472521088,3.1052631578947367,spot_diameter,2.5,2.100185573046022,0.8400742292184088,0.8400742292184088,0.49087385212340523,0.14726215563702155,147.26215563702155,0.12371114188981223,123.71114188981224,3.092778547245306,3092.778547245306,0.45728774645180376,457.28774645180374,123.71114188981224,throughput_acquisition
E,10.0,78.53981633974483,80.0,0.5,40.0,20.0,20.0,True,1.0,2.5,4.908738521234052,0.1,0.3,57.368421052631575,3600.0,15.935672514619881,53.11890838206627,derived_from_throughput,0.6763309472521087,6.763309472521088,3.3157894736842106,spot_diameter,2.5,2.242571035625413,0.8970284142501652,0.8970284142501652,0.49087385212340523,0.14726215563702155,147.26215563702155,0.13209833795013848,132.09833795013847,3.3024584487534625,3302.4584487534626,0.488290305533282,488.29030553328204,132.09833795013847,throughput_acquisition
E,10.0,78.53981633974483,80.0,0.5,40.0,20.0,20.0,True,1.0,2.5,4.908738521234052,0.1,0.3,57.368421052631575,3600.0,15.935672514619881,53.11890838206627,derived_from_throughput,0.6763309472521087,6.763309472521088,3.526315789473684,spot_diameter,2.5,2.3849564982048044,0.9539825992819218,0.9539825992819218,0.49087385212340523,0.14726215563702155,147.26215563702155,0.14048553401046474,140.48553401046473,3.5121383502616186,3512.1383502616186,0.5192928646147602,519.2928646147602,140.48553401046473,throughput_acquisition
E,10.0,78.53981633974483,80.0,0.5,40.0,20.0,20.0,True,1.0,2.5,4.908738521234052,0.1,0.3,57.368421052631575,3600.0,15.935672514619881,53.11890838206627,derived_from_throughput,0.6763309472521087,6.763309472521088,3.7368421052631575,spot_diameter,2.5,2.5273419607841956,1.0,1.0,0.49087385212340523,0.14726215563702155,147.26215563702155,0.14726215563702155,147.26215563702155,3.7218182517697747,3721.8182517697746,0.5502954236962384,550.2954236962385,147.26215563702155,throughput_acquisition
E,10.0,78.53981633974483,80.0,0.5,40.0,20.0,20.0,True,1.0,2.5,4.908738521234052,0.1,0.3,57.368421052631575,3600.0,15.935672514619881,53.11890838206627,derived_from_throughput,0.6763309472521087,6.763309472521088,3.9473684210526314,spot_diameter,2.5,2.669727423363587,1.0,1.0,0.49087385212340523,0.14726215563702155,147.26215563702155,0.14726215563702155,147.26215563702155,3.931498153277931,3931.498153277931,0.5812979827777166,581.2979827777166,147.26215563702155,throughput_acquisition
E,10.0,78.53981633974483,80.0,0.5,40.0,20.0,20.0,True,1.0,2.5,4.908738521234052,0.1,0.3,57.368421052631575,3600.0,15.935672514619881,53.11890838206627,derived_from_throughput,0.6763309472521087,6.763309472521088,4.157894736842105,spot_diameter,2.5,2.8121128859429785,1.0,1.0,0.49087385212340523,0.14726215563702155,147.26215563702155,0.14726215563702155,147.26215563702155,4.141178054786088,4141.178054786088,0.6123005418591949,612.3005418591949,147.26215563702155,throughput_acquisition
E,10.0,78.53981633974483,80.0,0.5,40.0,20.0,20.0,True,1.0,2.5,4.908738521234052,0.1,0.3,57.368421052631575,3600.0,15.935672514619881,53.11890838206627,derived_from_throughput,0.6763309472521087,6.763309472521088,4.368421052631579,spot_diameter,2.5,2.9544983485223697,1.0,1.0,0.49087385212340523,0.14726215563702155,147.26215563702155,0.14726215563702155,147.26215563702155,4.350857956294243,4350.857956294243,0.6433031009406731,643.3031009406731,147.26215563702155,throughput_acquisition
E,10.0,78.53981633974483,80.0,0.5,40.0,20.0,20.0,True,1.0,2.5,4.908738521234052,0.1,0.3,57.368421052631575,3600.0,15.935672514619881,53.11890838206627,derived_from_throughput,0.6763309472521087,6.763309472521088,4.578947368421052,spot_diameter,2.5,3.096883811101761,1.0,1.0,0.49087385212340523,0.14726215563702155,147.26215563702155,0.14726215563702155,147.26215563702155,4.5605378578024,4560.5378578024,0.6743056600221513,674.3056600221513,147.26215563702155,throughput_acquisition
E,10.0,78.53981633974483,80.0,0.5,40.0,20.0,20.0,True,1.0,2.5,4.908738521234052,0.1,0.3,57.368421052631575,3600.0,15.935672514619881,53.11890838206627,derived_from_throughput,0.6763309472521087,6.763309472521088,4.789473684210526,spot_diameter,2.5,3.239269273681152,1.0,1.0,0.49087385212340523,0.14726215563702155,147.26215563702155,0.14726215563702155,147.26215563702155,4.7702177593105555,4770.217759310555,0.7053082191036294,705.3082191036294,147.26215563702155,throughput_acquisition
E,10.0,78.53981633974483,80.0,0.5,40.0,20.0,20.0,True,1.0,2.5,4.908738521234052,0.1,0.3,57.368421052631575,3600.0,15.935672514619881,53.11890838206627,derived_from_throughput,0.6763309472521087,6.763309472521088,5.0,spot_diameter,2.5,3.381654736260544,1.0,1.0,0.49087385212340523,0.14726215563702155,147.26215563702155,0.14726215563702155,147.26215563702155,4.979897660818713,4979.897660818713,0.7363107781851077,736.3107781851077,147.26215563702155,throughput_acquisition
E,10.0,78.53981633974483,80.0,0.5,40.0,20.0,20.0,True,1.0,2.5,4.908738521234052,0.1,0.3,62.10526315789473,3600.0,17.251461988304094,57.50487329434698,derived_from_throughput,0.7321747869334756,7.3217478693347555,1.0,spot_diameter,2.5,0.7321747869334756,0.29286991477339025,0.29286991477339025,0.49087385212340523,0.14726215563702155,147.26215563702155,0.04312865497076023,43.12865497076023,1.0782163742690059,1078.2163742690059,0.14726215563702155,147.26215563702155,43.12865497076023,throughput_acquisition
E,10.0,78.53981633974483,80.0,0.5,40.0,20.0,20.0,True,1.0,2.5,4.908738521234052,0.1,0.3,62.10526315789473,3600.0,17.251461988304094,57.50487329434698,derived_from_throughput,0.7321747869334756,7.3217478693347555,1.2105263157894737,spot_diameter,2.5,0.8863168473405231,0.35452673893620923,0.35452673893620923,0.49087385212340523,0.14726215563702155,147.26215563702155,0.05220837180670975,52.20837180670975,1.3052092951677439,1305.209295167744,0.17826471471849978,178.2647147184998,52.20837180670975,throughput_acquisition
E,10.0,78.53981633974483,80.0,0.5,40.0,20.0,20.0,True,1.0,2.5,4.908738521234052,0.1,0.3,62.10526315789473,3600.0,17.251461988304094,57.50487329434698,derived_from_throughput,0.7321747869334756,7.3217478693347555,1.4210526315789473,spot_diameter,2.5,1.0404589077475705,0.4161835630990282,0.4161835630990282,0.49087385212340523,0.14726215563702155,147.26215563702155,0.06128808864265927,61.28808864265927,1.5322022160664819,1532.202216066482,0.209267273799978,209.267273799978,61.28808864265927,throughput_acquisition
E,10.0,78.53981633974483,80.0,0.5,40.0,20.0,20.0,True,1.0,2.5,4.908738521234052,0.1,0.3,62.10526315789473,3600.0,17.251461988304094,57.50487329434698,derived_from_throughput,0.7321747869334756,7.3217478693347555,1.631578947368421,spot_diameter,2.5,1.1946009681546181,0.47784038726184724,0.47784038726184724,0.49087385212340523,0.14726215563702155,147.26215563702155,0.0703678054786088,70.3678054786088,1.7591951369652201,1759.1951369652202,0.2402698328814562,240.2698328814562,70.3678054786088,throughput_acquisition
E,10.0,78.53981633974483,80.0,0.5,40.0,20.0,20.0,True,1.0,2.5,4.908738521234052,0.1,0.3,62.10526315789473,3600.0,17.251461988304094,57.50487329434698,derived_from_throughput,0.7321747869334756,7.3217478693347555,1.8421052631578947,spot_diameter,2.5,1.3487430285616655,0.5394972114246662,0.5394972114246662,0.49087385212340523,0.14726215563702155,147.26215563702155,0.07944752231455832,79.44752231455831,1.9861880578639581,1986.1880578639582,0.27127239196293446,271.2723919629345,79.44752231455831,throughput_acquisition
E,10.0,78.53981633974483,80.0,0.5,40.0,20.0,20.0,True,1.0,2.5,4.908738521234052,0.1,0.3,62.10526315789473,3600.0,17.251461988304094,57.50487329434698,derived_from_throughput,0.7321747869334756,7.3217478693347555,2.052631578947368,spot_diameter,2.5,1.5028850889687129,0.6011540355874851,0.6011540355874851,0.49087385212340523,0.14726215563702155,147.26215563702155,0.08852723915050784,88.52723915050784,2.2131809787626957,2213.1809787626958,0.3022749510444126,302.2749510444126,88.52723915050784,throughput_acquisition
E,10.0,78.53981633974483,80.0,0.5,40.0,20.0,20.0,True,1.0,2.5,4.908738521234052,0.1,0.3,62.10526315789473,3600.0,17.251461988304094,57.50487329434698,derived_from_throughput,0.7321747869334756,7.3217478693347555,2.263157894736842,spot_diameter,2.5,1.6570271493757605,0.6628108597503042,0.6628108597503042,0.49087385212340523,0.14726215563702155,147.26215563702155,0.09760695598645736,97.60695598645735,2.4401738996614344,2440.1738996614345,0.33327751012589085,333.27751012589084,97.60695598645735,throughput_acquisition
E,10.0,78.53981633974483,80.0,0.5,40.0,20.0,20.0,True,1.0,2.5,4.908738521234052,0.1,0.3,62.10526315789473,3600.0,17.251461988304094,57.50487329434698,derived_from_throughput,0.7321747869334756,7.3217478693347555,2.473684210526316,spot_diameter,2.5,1.8111692097828083,0.7244676839131233,0.7244676839131233,0.49087385212340523,0.14726215563702155,147.26215563702155,0.1066866728224069,106.6866728224069,2.6671668205601726,2667.1668205601727,0.3642800692073691,364.2800692073691,106.6866728224069,throughput_acquisition
E,10.0,78.53981633974483,80.0,0.5,40.0,20.0,20.0,True,1.0,2.5,4.908738521234052,0.1,0.3,62.10526315789473,3600.0,17.251461988304094,57.50487329434698,derived_from_throughput,0.7321747869334756,7.3217478693347555,2.6842105263157894,spot_diameter,2.5,1.9653112701898554,0.7861245080759421,0.7861245080759421,0.49087385212340523,0.14726215563702155,147.26215563702155,0.1157663896583564,115.76638965835639,2.8941597414589104,2894.1597414589105,0.3952826282888473,395.2826282888473,115.76638965835639,throughput_acquisition
E,10.0,78.53981633974483,80.0,0.5,40.0,20.0,20.0,True,1.0,2.5,4.908738521234052,0.1,0.3,62.10526315789473,3600.0,17.251461988304094,57.50487329434698,derived_from_throughput,0.7321747869334756,7.3217478693347555,2.894736842105263,spot_diameter,2.5,2.1194533305969028,0.8477813322387611,0.8477813322387611,0.49087385212340523,0.14726215563702155,147.26215563702155,0.12484610649430591,124.84610649430591,3.121152662357648,3121.1526623576483,0.4262851873703255,426.2851873703255,124.84610649430591,throughput_acquisition
E,10.0,78.53981633974483,80.0,0.5,40.0,20.0,20.0,True,1.0,2.5,4.908738521234052,0.1,0.3,62.10526315789473,3600.0,17.251461988304094,57.50487329434698,derived_from_throughput,0.7321747869334756,7.3217478693347555,3.1052631578947367,spot_diameter,2.5,2.2735953910039504,0.9094381564015801,0.9094381564015801,0.49087385212340523,0.14726215563702155,147.26215563702155,0.13392582333025543,133.92582333025544,3.3481455832563864,3348.1455832563865,0.45728774645180376,457.28774645180374,133.92582333025544,throughput_acquisition
E,10.0,78.53981633974483,80.0,0.5,40.0,20.0,20.0,True,1.0,2.5,4.908738521234052,0.1,0.3,62.10526315789473,3600.0,17.251461988304094,57.50487329434698,derived_from_throughput,0.7321747869334756,7.3217478693347555,3.3157894736842106,spot_diameter,2.5,2.427737451410998,0.9710949805643991,0.9710949805643991,0.49087385212340523,0.14726215563702155,147.26215563702155,0.14300554016620495,143.00554016620495,3.5751385041551247,3575.138504155125,0.488290305533282,488.29030553328204,143.00554016620495,throughput_acquisition
E,10.0,78.53981633974483,80.0,0.5,40.0,20.0,20.0,True,1.0,2.5,4.908738521234052,0.1,0.3,62.10526315789473,3600.0,17.251461988304094,57.50487329434698,derived_from_throughput,0.7321747869334756,7.3217478693347555,3.526315789473684,spot_diameter,2.5,2.5818795118180455,1.0,1.0,0.49087385212340523,0.14726215563702155,147.26215563702155,0.14726215563702155,147.26215563702155,3.8021314250538625,3802.1314250538626,0.5192928646147602,519.2928646147602,147.26215563702155,throughput_acquisition
E,10.0,78.53981633974483,80.0,0.5,40.0,20.0,20.0,True,1.0,2.5,4.908738521234052,0.1,0.3,62.10526315789473,3600.0,17.251461988304094,57.50487329434698,derived_from_throughput,0.7321747869334756,7.3217478693347555,3.7368421052631575,spot_diameter,2.5,2.7360215722250927,1.0,1.0,0.49087385212340523,0.14726215563702155,147.26215563702155,0.14726215563702155,147.26215563702155,4.0291243459526,4029.1243459526004,0.5502954236962384,550.2954236962385,147.26215563702155,throughput_acquisition
E,10.0,78.53981633974483,80.0,0.5,40.0,20.0,20.0,True,1.0,2.5,4.908738521234052,0.1,0.3,62.10526315789473,3600.0,17.251461988304094,57.50487329434698,derived_from_throughput,0.7321747869334756,7.3217478693347555,3.9473684210526314,spot_diameter,2.5,2.8901636326321403,1.0,1.0,0.49087385212340523,0.14726215563702155,147.26215563702155,0.14726215563702155,147.26215563702155,4.256117266851339,4256.117266851339,0.5812979827777166,581.2979827777166,147.26215563702155,throughput_acquisition
E,10.0,78.53981633974483,80.0,0.5,40.0,20.0,20.0,True,1.0,2.5,4.908738521234052,0.1,0.3,62.10526315789473,3600.0,17.251461988304094,57.50487329434698,derived_from_throughput,0.7321747869334756,7.3217478693347555,4.157894736842105,spot_diameter,2.5,3.044305693039188,1.0,1.0,0.49087385212340523,0.14726215563702155,147.26215563702155,0.14726215563702155,147.26215563702155,4.483110187750077,4483.110187750077,0.6123005418591949,612.3005418591949,147.26215563702155,throughput_acquisition
E,10.0,78.53981633974483,80.0,0.5,40.0,20.0,20.0,True,1.0,2.5,4.908738521234052,0.1,0.3,62.10526315789473,3600.0,17.251461988304094,57.50487329434698,derived_from_throughput,0.7321747869334756,7.3217478693347555,4.368421052631579,spot_diameter,2.5,3.1984477534462354,1.0,1.0,0.49087385212340523,0.14726215563702155,147.26215563702155,0.14726215563702155,147.26215563702155,4.7101031086488145,4710.103108648815,0.6433031009406731,643.3031009406731,147.26215563702155,throughput_acquisition
E,10.0,78.53981633974483,80.0,0.5,40.0,20.0,20.0,True,1.0,2.5,4.908738521234052,0.1,0.3,62.10526315789473,3600.0,17.251461988304094,57.50487329434698,derived_from_throughput,0.7321747869334756,7.3217478693347555,4.578947368421052,spot_diameter,2.5,3.3525898138532826,1.0,1.0,0.49087385212340523,0.14726215563702155,147.26215563702155,0.14726215563702155,147.26215563702155,4.937096029547552,4937.0960295475525,0.6743056600221513,674.3056600221513,147.26215563702155,throughput_acquisition
E,10.0,78.53981633974483,80.0,0.5,40.0,20.0,20.0,True,1.0,2.5,4.908738521234052,0.1,0.3,62.10526315789473,3600.0,17.251461988304094,57.50487329434698,derived_from_throughput,0.7321747869334756,7.3217478693347555,4.789473684210526,spot_diameter,2.5,3.50673187426033,1.0,1.0,0.49087385212340523,0.14726215563702155,147.26215563702155,0.14726215563702155,147.26215563702155,5.16408895044629,5164.08895044629,0.7053082191036294,705.3082191036294,147.26215563702155,throughput_acquisition
E,10.0,78.53981633974483,80.0,0.5,40.0,20.0,20.0,True,1.0,2.5,4.908738521234052,0.1,0.3,62.10526315789473,3600.0,17.251461988304094,57.50487329434698,derived_from_throughput,0.7321747869334756,7.3217478693347555,5.0,spot_diameter,2.5,3.6608739346673778,1.0,1.0,0.49087385212340523,0.14726215563702155,147.26215563702155,0.14726215563702155,147.26215563702155,5.39108187134503,5391.08187134503,0.7363107781851077,736.3107781851077,147.26215563702155,throughput_acquisition
E,10.0,78.53981633974483,80.0,0.5,40.0,20.0,20.0,True,1.0,2.5,4.908738521234052,0.1,0.3,66.84210526315789,3600.0,18.567251461988302,61.89083820662768,derived_from_throughput,0.7880186266148423,7.880186266148423,1.0,spot_diameter,2.5,0.7880186266148423,0.3152074506459369,0.3152074506459369,0.49087385212340523,0.14726215563702155,147.26215563702155,0.046418128654970754,46.41812865497075,1.160453216374269,1160.453216374269,0.14726215563702155,147.26215563702155,46.41812865497075,throughput_acquisition
E,10.0,78.53981633974483,80.0,0.5,40.0,20.0,20.0,True,1.0,2.5,4.908738521234052,0.1,0.3,66.84210526315789,3600.0,18.567251461988302,61.89083820662768,derived_from_throughput,0.7880186266148423,7.880186266148423,1.2105263157894737,spot_diameter,2.5,0.953917284849546,0.3815669139398184,0.3815669139398184,0.49087385212340523,0.14726215563702155,147.26215563702155,0.05619036626654354,56.19036626654354,1.4047591566635886,1404.7591566635886,0.17826471471849978,178.2647147184998,56.19036626654354,throughput_acquisition
E,10.0,78.53981633974483,80.0,0.5,40.0,20.0,20.0,True,1.0,2.5,4.908738521234052,0.1,0.3,66.84210526315789,3600.0,18.567251461988302,61.89083820662768,derived_from_throughput,0.7880186266148423,7.880186266148423,1.4210526315789473,spot_diameter,2.5,1.1198159430842496,0.4479263772336998,0.4479263772336998,0.49087385212340523,0.14726215563702155,147.26215563702155,0.06596260387811632,65.96260387811633,1.6490650969529084,1649.0650969529083,0.209267273799978,209.267273799978,65.96260387811633,throughput_acquisition
E,10.0,78.53981633974483,80.0,0.5,40.0,20.0,20.0,True,1.0,2.5,4.908738521234052,0.1,0.3,66.84210526315789,3600.0,18.567251461988302,61.89083820662768,derived_from_throughput,0.7880186266148423,7.880186266148423,1.631578947368421,spot_diameter,2.5,1.2857146013189533,0.5142858405275813,0.5142858405275813,0.49087385212340523,0.14726215563702155,147.26215563702155,0.07573484148968912,75.73484148968912,1.893371037242228,1893.371037242228,0.2402698328814562,240.2698328814562,75.73484148968912,throughput_acquisition
E,10.0,78.53981633974483,80.0,0.5,40.0,20.0,20.0,True,1.0,2.5,4.908738521234052,0.1,0.3,66.84210526315789,3600.0,18.567251461988302,61.89083820662768,derived_from_throughput,0.7880186266148423,7.880186266148423,1.8421052631578947,spot_diameter,2.5,1.4516132595536568,0.5806453038214627,0.5806453038214627,0.49087385212340523,0.14726215563702155,147.26215563702155,0.08550707910126192,85.50707910126191,2.137676977531548,2137.676977531548,0.27127239196293446,271.2723919629345,85.50707910126191,throughput_acquisition
E,10.0,78.53981633974483,80.0,0.5,40.0,20.0,20.0,True,1.0,2.5,4.908738521234052,0.1,0.3,66.84210526315789,3600.0,18.567251461988302,61.89083820662768,derived_from_throughput,0.7880186266148423,7.880186266148423,2.052631578947368,spot_diameter,2.5,1.6175119177883603,0.6470047671153442,0.6470047671153442,0.49087385212340523,0.14726215563702155,147.26215563702155,0.0952793167128347,95.2793167128347,2.3819829178208676,2381.9829178208674,0.3022749510444126,302.2749510444126,95.2793167128347,throughput_acquisition
E,10.0,78.53981633974483,80.0,0.5,40.0,20.0,20.0,True,1.0,2.5,4.908738521234052,0.1,0.3,66.84210526315789,3600.0,18.567251461988302,61.89083820662768,derived_from_throughput,0.7880186266148423,7.880186266148423,2.263157894736842,spot_diameter,2.5,1.7834105760230643,0.7133642304092257,0.7133642304092257,0.49087385212340523,0.14726215563702155,147.26215563702155,0.10505155432440749,105.05155432440749,2.6262888581101875,2626.2888581101874,0.33327751012589085,333.27751012589084,105.05155432440749,throughput_acquisition
E,10.0,78.53981633974483,80.0,0.5,40.0,20.0,20.0,True,1.0,2.5,4.908738521234052,0.1,0.3,66.84210526315789,3600.0,18.567251461988302,61.89083820662768,derived_from_throughput,0.7880186266148423,7.880186266148423,2.473684210526316,spot_diameter,2.5,1.949309234257768,0.7797236937031072,0.7797236937031072,0.49087385212340523,0.14726215563702155,147.26215563702155,0.1148237919359803,114.8237919359803,2.8705947983995075,2870.5947983995075,0.3642800692073691,364.2800692073691,114.8237919359803,throughput_acquisition
E,10.0,78.53981633974483,80.0,0.5,40.0,20.0,20.0,True,1.0,2.5,4.908738521234052,0.1,0.3,66.84210526315789,3600.0,18.567251461988302,61.89083820662768,derived_from_throughput,0.7880186266148423,7.880186266148423,2.6842105263157894,spot_diameter,2.5,2.1152078924924713,0.8460831569969886,0.8460831569969886,0.49087385212340523,0.14726215563702155,147.26215563702155,0.12459602954755307,124.59602954755307,3.114900738688827,3114.900738688827,0.3952826282888473,395.2826282888473,124.59602954755307,throughput_acquisition
E,10.0,78.53981633974483,80.0,0.5,40.0,20.0,20.0,True,1.0,2.5,4.908738521234052,0.1,0.3,66.84210526315789,3600.0,18.567251461988302,61.89083820662768,derived_from_throughput,0.7880186266148423,7.880186266148423,2.894736842105263,spot_diameter,2.5,2.281106550727175,0.91244262029087,0.91244262029087,0.49087385212340523,0.14726215563702155,147.26215563702155,0.13436826715912586,134.36826715912588,3.3592066789781465,3359.2066789781466,0.4262851873703255,426.2851873703255,134.36826715912588,throughput_acquisition
E,10.0,78.53981633974483,80.0,0.5,40.0,20.0,20.0,True,1.0,2.5,4.908738521234052,0.1,0.3,66.84210526315789,3600.0,18.567251461988302,61.89083820662768,derived_from_throughput,0.7880186266148423,7.880186266148423,3.1052631578947367,spot_diameter,2.5,2.447005208961879,0.9788020835847515,0.9788020835847515,0.49087385212340523,0.14726215563702155,147.26215563702155,0.14414050477069865,144.14050477069864,3.6035126192674665,3603.5126192674666,0.45728774645180376,457.28774645180374,144.14050477069864,throughput_acquisition
E,10.0,78.53981633974483,80.0,0.5,40.0,20.0,20.0,True,1.0,2.5,4.908738521234052,0.1,0.3,66.84210526315789,3600.0,18.567251461988302,61.89083820662768,derived_from_throughput,0.7880186266148423,7.880186266148423,3.3157894736842106,spot_diameter,2.5,2.6129038671965827,1.0,1.0,0.49087385212340523,0.14726215563702155,147.26215563702155,0.14726215563702155,147.26215563702155,3.8478185595567864,3847.8185595567866,0.488290305533282,488.29030553328204,147.26215563702155,throughput_acquisition
E,10.0,78.53981633974483,80.0,0.5,40.0,20.0,20.0,True,1.0,2.5,4.908738521234052,0.1,0.3,66.84210526315789,3600.0,18.567251461988302,61.89083820662768,derived_from_throughput,0.7880186266148423,7.880186266148423,3.526315789473684,spot_diameter,2.5,2.7788025254312863,1.0,1.0,0.49087385212340523,0.14726215563702155,147.26215563702155,0.14726215563702155,147.26215563702155,4.092124499846106,4092.124499846106,0.5192928646147602,519.2928646147602,147.26215563702155,throughput_acquisition
E,10.0,78.53981633974483,80.0,0.5,40.0,20.0,20.0,True,1.0,2.5,4.908738521234052,0.1,0.3,66.84210526315789,3600.0,18.567251461988302,61.89083820662768,derived_from_throughput,0.7880186266148423,7.880186266148423,3.7368421052631575,spot_diameter,2.5,2.9447011836659893,1.0,1.0,0.49087385212340523,0.14726215563702155,147.26215563702155,0.14726215563702155,147.26215563702155,4.336430440135426,4336.430440135426,0.5502954236962384,550.2954236962385,147.26215563702155,throughput_acquisition
E,10.0,78.53981633974483,80.0,0.5,40.0,20.0,20.0,True,1.0,2.5,4.908738521234052,0.1,0.3,66.84210526315789,3600.0,18.567251461988302,61.89083820662768,derived_from_throughput,0.7880186266148423,7.880186266148423,3.9473684210526314,spot_diameter,2.5,3.1105998419006933,1.0,1.0,0.49087385212340523,0.14726215563702155,147.26215563702155,0.14726215563702155,147.26215563702155,4.580736380424746,4580.736380424746,0.5812979827777166,581.2979827777166,147.26215563702155,throughput_acquisition
E,10.0,78.53981633974483,80.0,0.5,40.0,20.0,20.0,True,1.0,2.5,4.908738521234052,0.1,0.3,66.84210526315789,3600.0,18.567251461988302,61.89083820662768,derived_from_throughput,0.7880186266148423,7.880186266148423,4.157894736842105,spot_diameter,2.5,3.2764985001353972,1.0,1.0,0.49087385212340523,0.14726215563702155,147.26215563702155,0.14726215563702155,147.26215563702155,4.825042320714066,4825.042320714066,0.6123005418591949,612.3005418591949,147.26215563702155,throughput_acquisition
E,10.0,78.53981633974483,80.0,0.5,40.0,20.0,20.0,True,1.0,2.5,4.908738521234052,0.1,0.3,66.84210526315789,3600.0,18.567251461988302,61.89083820662768,derived_from_throughput,0.7880186266148423,7.880186266148423,4.368421052631579,spot_diameter,2.5,3.4423971583701007,1.0,1.0,0.49087385212340523,0.14726215563702155,147.26215563702155,0.14726215563702155,147.26215563702155,5.069348261003385,5069.348261003385,0.6433031009406731,643.3031009406731,147.26215563702155,throughput_acquisition
E,10.0,78.53981633974483,80.0,0.5,40.0,20.0,20.0,True,1.0,2.5,4.908738521234052,0.1,0.3,66.84210526315789,3600.0,18.567251461988302,61.89083820662768,derived_from_throughput,0.7880186266148423,7.880186266148423,4.578947368421052,spot_diameter,2.5,3.6082958166048043,1.0,1.0,0.49087385212340523,0.14726215563702155,147.26215563702155,0.14726215563702155,147.26215563702155,5.313654201292705,5313.654201292705,0.6743056600221513,674.3056600221513,147.26215563702155,throughput_acquisition
E,10.0,78.53981633974483,80.0,0.5,40.0,20.0,20.0,True,1.0,2.5,4.908738521234052,0.1,0.3,66.84210526315789,3600.0,18.567251461988302,61.89083820662768,derived_from_throughput,0.7880186266148423,7.880186266148423,4.789473684210526,spot_diameter,2.5,3.7741944748395078,1.0,1.0,0.49087385212340523,0.14726215563702155,147.26215563702155,0.14726215563702155,147.26215563702155,5.557960141582024,5557.960141582024,0.7053082191036294,705.3082191036294,147.26215563702155,throughput_acquisition
E,10.0,78.53981633974483,80.0,0.5,40.0,20.0,20.0,True,1.0,2.5,4.908738521234052,0.1,0.3,66.84210526315789,3600.0,18.567251461988302,61.89083820662768,derived_from_throughput,0.7880186266148423,7.880186266148423,5.0,spot_diameter,2.5,3.9400931330742117,1.0,1.0,0.49087385212340523,0.14726215563702155,147.26215563702155,0.14726215563702155,147.26215563702155,5.802266081871345,5802.266081871345,0.7363107781851077,736.3107781851077,147.26215563702155,throughput_acquisition
E,10.0,78.53981633974483,80.0,0.5,40.0,20.0,20.0,True,1.0,2.5,4.908738521234052,0.1,0.3,71.57894736842104,3600.0,19.88304093567251,66.27680311890838,derived_from_throughput,0.8438624662962091,8.438624662962091,1.0,spot_diameter,2.5,0.8438624662962091,0.33754498651848364,0.33754498651848364,0.49087385212340523,0.14726215563702155,147.26215563702155,0.04970760233918128,49.70760233918128,1.242690058479532,1242.690058479532,0.14726215563702155,147.26215563702155,49.70760233918128,throughput_acquisition
E,10.0,78.53981633974483,80.0,0.5,40.0,20.0,20.0,True,1.0,2.5,4.908738521234052,0.1,0.3,71.57894736842104,3600.0,19.88304093567251,66.27680311890838,derived_from_throughput,0.8438624662962091,8.438624662962091,1.2105263157894737,spot_diameter,2.5,1.021517722358569,0.40860708894342757,0.40860708894342757,0.49087385212340523,0.14726215563702155,147.26215563702155,0.06017236072637734,60.17236072637734,1.5043090181594334,1504.3090181594334,0.17826471471849978,178.2647147184998,60.17236072637734,throughput_acquisition
E,10.0,78.53981633974483,80.0,0.5,40.0,20.0,20.0,True,1.0,2.5,4.908738521234052,0.1,0.3,71.57894736842104,3600.0,19.88304093567251,66.27680311890838,derived_from_throughput,0.8438624662962091,8.438624662962091,1.4210526315789473,spot_diameter,2.5,1.1991729784209286,0.47966919136837144,0.47966919136837144,0.49087385212340523,0.14726215563702155,147.26215563702155,0.07063711911357339,70.63711911357339,1.7659279778393349,1765.927977839335,0.209267273799978,209.267273799978,70.63711911357339,throughput_acquisition
E,10.0,78.53981633974483,80.0,0.5,40.0,20.0,20.0,True,1.0,2.5,4.908738521234052,0.1,0.3,71.57894736842104,3600.0,19.88304093567251,66.27680311890838,derived_from_throughput,0.8438624662962091,8.438624662962091,1.631578947368421,spot_diameter,2.5,1.3768282344832885,0.5507312937933154,0.5507312937933154,0.49087385212340523,0.14726215563702155,147.26215563702155,0.08110187750076946,81.10187750076946,2.027546937519236,2027.546937519236,0.2402698328814562,240.2698328814562,81.10187750076946,throughput_acquisition
E,10.0,78.53981633974483,80.0,0.5,40.0,20.0,20.0,True,1.0,2.5,4.908738521234052,0.1,0.3,71.57894736842104,3600.0,19.88304093567251,66.27680311890838,derived_from_throughput,0.8438624662962091,8.438624662962091,1.8421052631578947,spot_diameter,2.5,1.5544834905456484,0.6217933962182594,0.6217933962182594,0.49087385212340523,0.14726215563702155,147.26215563702155,0.09156663588796551,91.56663588796552,2.2891658971991378,2289.165897199138,0.27127239196293446,271.2723919629345,91.56663588796552,throughput_acquisition
E,10.0,78.53981633974483,80.0,0.5,40.0,20.0,20.0,True,1.0,2.5,4.908738521234052,0.1,0.3,71.57894736842104,3600.0,19.88304093567251,66.27680311890838,derived_from_throughput,0.8438624662962091,8.438624662962091,2.052631578947368,spot_diameter,2.5,1.7321387466080078,0.6928554986432032,0.6928554986432032,0.49087385212340523,0.14726215563702155,147.26215563702155,0.10203139427516156,102.03139427516156,2.550784856879039,2550.784856879039,0.3022749510444126,302.2749510444126,102.03139427516156,throughput_acquisition
E,10.0,78.53981633974483,80.0,0.5,40.0,20.0,20.0,True,1.0,2.5,4.908738521234052,0.1,0.3,71.57894736842104,3600.0,19.88304093567251,66.27680311890838,derived_from_throughput,0.8438624662962091,8.438624662962091,2.263157894736842,spot_diameter,2.5,1.909794002670368,0.7639176010681472,0.7639176010681472,0.49087385212340523,0.14726215563702155,147.26215563702155,0.11249615266235764,112.49615266235764,2.8124038165589407,2812.403816558941,0.33327751012589085,333.27751012589084,112.49615266235764,throughput_acquisition
E,10.0,78.53981633974483,80.0,0.5,40.0,20.0,20.0,True,1.0,2.5,4.908738521234052,0.1,0.3,71.57894736842104,3600.0,19.88304093567251,66.27680311890838,derived_from_throughput,0.8438624662962091,8.438624662962091,2.473684210526316,spot_diameter,2.5,2.087449258732728,0.8349797034930913,0.8349797034930913,0.49087385212340523,0.14726215563702155,147.26215563702155,0.12296091104955371,122.96091104955372,3.0740227762388423,3074.022776238842,0.3642800692073691,364.2800692073691,122.96091104955372,throughput_acquisition
E,10.0,78.53981633974483,80.0,0.5,40.0,20.0,20.0,True,1.0,2.5,4.908738521234052,0.1,0.3,71.57894736842104,3600.0,19.88304093567251,66.27680311890838,derived_from_throughput,0.8438624662962091,8.438624662962091,2.6842105263157894,spot_diameter,2.5,2.2651045147950875,0.906041805918035,0.906041805918035,0.49087385212340523,0.14726215563702155,147.26215563702155,0.13342566943674974,133.42566943674976,3.3356417359187436,3335.6417359187435,0.3952826282888473,395.2826282888473,133.42566943674976,throughput_acquisition
E,10.0,78.53981633974483,80.0,0.5,40.0,20.0,20.0,True,1.0,2.5,4.908738521234052,0.1,0.3,71.57894736842104,3600.0,19.88304093567251,66.27680311890838,derived_from_throughput,0.8438624662962091,8.438624662962091,2.894736842105263,spot_diameter,2.5,2.442759770857447,0.9771039083429788,0.9771039083429788,0.49087385212340523,0.14726215563702155,147.26215563702155,0.1438904278239458,143.8904278239458,3.597260695598645,3597.260695598645,0.4262851873703255,426.2851873703255,143.8904278239458,throughput_acquisition
E,10.0,78.53981633974483,80.0,0.5,40.0,20.0,20.0,True,1.0,2.5,4.908738521234052,0.1,0.3,71.57894736842104,3600.0,19.88304093567251,66.27680311890838,derived_from_throughput,0.8438624662962091,8.438624662962091,3.1052631578947367,spot_diameter,2.5,2.620415026919807,1.0,1.0,0.49087385212340523,0.14726215563702155,147.26215563702155,0.14726215563702155,147.26215563702155,3.8588796552785465,3858.8796552785466,0.45728774645180376,457.28774645180374,147.26215563702155,throughput_acquisition
E,10.0,78.53981633974483,80.0,0.5,40.0,20.0,20.0,True,1.0,2.5,4.908738521234052,0.1,0.3,71.57894736842104,3600.0,19.88304093567251,66.27680311890838,derived_from_throughput,0.8438624662962091,8.438624662962091,3.3157894736842106,spot_diameter,2.5,2.798070282982167,1.0,1.0,0.49087385212340523,0.14726215563702155,147.26215563702155,0.14726215563702155,147.26215563702155,4.120498614958448,4120.498614958448,0.488290305533282,488.29030553328204,147.26215563702155,throughput_acquisition
E,10.0,78.53981633974483,80.0,0.5,40.0,20.0,20.0,True,1.0,2.5,4.908738521234052,0.1,0.3,71.57894736842104,3600.0,19.88304093567251,66.27680311890838,derived_from_throughput,0.8438624662962091,8.438624662962091,3.526315789473684,spot_diameter,2.5,2.9757255390445265,1.0,1.0,0.49087385212340523,0.14726215563702155,147.26215563702155,0.14726215563702155,147.26215563702155,4.382117574638349,4382.11757463835,0.5192928646147602,519.2928646147602,147.26215563702155,throughput_acquisition
E,10.0,78.53981633974483,80.0,0.5,40.0,20.0,20.0,True,1.0,2.5,4.908738521234052,0.1,0.3,71.57894736842104,3600.0,19.88304093567251,66.27680311890838,derived_from_throughput,0.8438624662962091,8.438624662962091,3.7368421052631575,spot_diameter,2.5,3.1533807951068864,1.0,1.0,0.49087385212340523,0.14726215563702155,147.26215563702155,0.14726215563702155,147.26215563702155,4.643736534318251,4643.736534318251,0.5502954236962384,550.2954236962385,147.26215563702155,throughput_acquisition
E,10.0,78.53981633974483,80.0,0.5,40.0,20.0,20.0,True,1.0,2.5,4.908738521234052,0.1,0.3,71.57894736842104,3600.0,19.88304093567251,66.27680311890838,derived_from_throughput,0.8438624662962091,8.438624662962091,3.9473684210526314,spot_diameter,2.5,3.3310360511692463,1.0,1.0,0.49087385212340523,0.14726215563702155,147.26215563702155,0.14726215563702155,147.26215563702155,4.905355493998152,4905.355493998152,0.5812979827777166,581.2979827777166,147.26215563702155,throughput_acquisition
E,10.0,78.53981633974483,80.0,0.5,40.0,20.0,20.0,True,1.0,2.5,4.908738521234052,0.1,0.3,71.57894736842104,3600.0,19.88304093567251,66.27680311890838,derived_from_throughput,0.8438624662962091,8.438624662962091,4.157894736842105,spot_diameter,2.5,3.508691307231606,1.0,1.0,0.49087385212340523,0.14726215563702155,147.26215563702155,0.14726215563702155,147.26215563702155,5.166974453678054,5166.974453678054,0.6123005418591949,612.3005418591949,147.26215563702155,throughput_acquisition
E,10.0,78.53981633974483,80.0,0.5,40.0,20.0,20.0,True,1.0,2.5,4.908738521234052,0.1,0.3,71.57894736842104,3600.0,19.88304093567251,66.27680311890838,derived_from_throughput,0.8438624662962091,8.438624662962091,4.368421052631579,spot_diameter,2.5,3.686346563293966,1.0,1.0,0.49087385212340523,0.14726215563702155,147.26215563702155,0.14726215563702155,147.26215563702155,5.428593413357955,5428.593413357955,0.6433031009406731,643.3031009406731,147.26215563702155,throughput_acquisition
E,10.0,78.53981633974483,80.0,0.5,40.0,20.0,20.0,True,1.0,2.5,4.908738521234052,0.1,0.3,71.57894736842104,3600.0,19.88304093567251,66.27680311890838,derived_from_throughput,0.8438624662962091,8.438624662962091,4.578947368421052,spot_diameter,2.5,3.8640018193563255,1.0,1.0,0.49087385212340523,0.14726215563702155,147.26215563702155,0.14726215563702155,147.26215563702155,5.690212373037856,5690.212373037856,0.6743056600221513,674.3056600221513,147.26215563702155,throughput_acquisition
E,10.0,78.53981633974483,80.0,0.5,40.0,20.0,20.0,True,1.0,2.5,4.908738521234052,0.1,0.3,71.57894736842104,3600.0,19.88304093567251,66.27680311890838,derived_from_throughput,0.8438624662962091,8.438624662962091,4.789473684210526,spot_diameter,2.5,4.041657075418685,1.0,1.0,0.49087385212340523,0.14726215563702155,147.26215563702155,0.14726215563702155,147.26215563702155,5.951831332717758,5951.8313327177575,0.7053082191036294,705.3082191036294,147.26215563702155,throughput_acquisition
E,10.0,78.53981633974483,80.0,0.5,40.0,20.0,20.0,True,1.0,2.5,4.908738521234052,0.1,0.3,71.57894736842104,3600.0,19.88304093567251,66.27680311890838,derived_from_throughput,0.8438624662962091,8.438624662962091,5.0,spot_diameter,2.5,4.219312331481046,1.0,1.0,0.49087385212340523,0.14726215563702155,147.26215563702155,0.14726215563702155,147.26215563702155,6.21345029239766,6213.45029239766,0.7363107781851077,736.3107781851077,147.26215563702155,throughput_acquisition
E,10.0,78.53981633974483,80.0,0.5,40.0,20.0,20.0,True,1.0,2.5,4.908738521234052,0.1,0.3,76.3157894736842,3600.0,21.198830409356724,70.66276803118909,derived_from_throughput,0.8997063059775761,8.99706305977576,1.0,spot_diameter,2.5,0.8997063059775761,0.3598825223910304,0.3598825223910304,0.49087385212340523,0.14726215563702155,147.26215563702155,0.05299707602339181,52.99707602339181,1.3249269005847955,1324.9269005847955,0.14726215563702155,147.26215563702155,52.99707602339181,throughput_acquisition
E,10.0,78.53981633974483,80.0,0.5,40.0,20.0,20.0,True,1.0,2.5,4.908738521234052,0.1,0.3,76.3157894736842,3600.0,21.198830409356724,70.66276803118909,derived_from_throughput,0.8997063059775761,8.99706305977576,1.2105263157894737,spot_diameter,2.5,1.089118159867592,0.43564726394703684,0.43564726394703684,0.49087385212340523,0.14726215563702155,147.26215563702155,0.06415435518621115,64.15435518621115,1.6038588796552786,1603.8588796552785,0.17826471471849978,178.2647147184998,64.15435518621115,throughput_acquisition
E,10.0,78.53981633974483,80.0,0.5,40.0,20.0,20.0,True,1.0,2.5,4.908738521234052,0.1,0.3,76.3157894736842,3600.0,21.198830409356724,70.66276803118909,derived_from_throughput,0.8997063059775761,8.99706305977576,1.4210526315789473,spot_diameter,2.5,1.278530013757608,0.5114120055030432,0.5114120055030432,0.49087385212340523,0.14726215563702155,147.26215563702155,0.07531163434903047,75.31163434903047,1.882790858725762,1882.790858725762,0.209267273799978,209.267273799978,75.31163434903047,throughput_acquisition
E,10.0,78.53981633974483,80.0,0.5,40.0,20.0,20.0,True,1.0,2.5,4.908738521234052,0.1,0.3,76.3157894736842,3600.0,21.198830409356724,70.66276803118909,derived_from_throughput,0.8997063059775761,8.99706305977576,1.631578947368421,spot_diameter,2.5,1.4679418676476241,0.5871767470590497,0.5871767470590497,0.49087385212340523,0.14726215563702155,147.26215563702155,0.08646891351184981,86.4689135118498,2.161722837796245,2161.722837796245,0.2402698328814562,240.2698328814562,86.4689135118498,throughput_acquisition
E,10.0,78.53981633974483,80.0,0.5,40.0,20.0,20.0,True,1.0,2.5,4.908738521234052,0.1,0.3,76.3157894736842,3600.0,21.198830409356724,70.66276803118909,derived_from_throughput,0.8997063059775761,8.99706305977576,1.8421052631578947,spot_diameter,2.5,1.6573537215376402,0.6629414886150561,0.6629414886150561,0.49087385212340523,0.14726215563702155,147.26215563702155,0.09762619267466914,97.62619267466914,2.4406548168667284,2440.654816866728,0.27127239196293446,271.2723919629345,97.62619267466914,throughput_acquisition
E,10.0,78.53981633974483,80.0,0.5,40.0,20.0,20.0,True,1.0,2.5,4.908738521234052,0.1,0.3,76.3157894736842,3600.0,21.198830409356724,70.66276803118909,derived_from_throughput,0.8997063059775761,8.99706305977576,2.052631578947368,spot_diameter,2.5,1.846765575427656,0.7387062301710624,0.7387062301710624,0.49087385212340523,0.14726215563702155,147.26215563702155,0.10878347183748846,108.78347183748846,2.7195867959372113,2719.5867959372113,0.3022749510444126,302.2749510444126,108.78347183748846,throughput_acquisition
E,10.0,78.53981633974483,80.0,0.5,40.0,20.0,20.0,True,1.0,2.5,4.908738521234052,0.1,0.3,76.3157894736842,3600.0,21.198830409356724,70.66276803118909,derived_from_throughput,0.8997063059775761,8.99706305977576,2.263157894736842,spot_diameter,2.5,2.036177429317672,0.8144709717270688,0.8144709717270688,0.49087385212340523,0.14726215563702155,147.26215563702155,0.1199407510003078,119.9407510003078,2.9985187750076947,2998.518775007695,0.33327751012589085,333.27751012589084,119.9407510003078,throughput_acquisition
E,10.0,78.53981633974483,80.0,0.5,40.0,20.0,20.0,True,1.0,2.5,4.908738521234052,0.1,0.3,76.3157894736842,3600.0,21.198830409356724,70.66276803118909,derived_from_throughput,0.8997063059775761,8.99706305977576,2.473684210526316,spot_diameter,2.5,2.2255892832076882,0.8902357132830753,0.8902357132830753,0.49087385212340523,0.14726215563702155,147.26215563702155,0.13109803016312713,131.09803016312713,3.2774507540781785,3277.4507540781788,0.3642800692073691,364.2800692073691,131.09803016312713,throughput_acquisition
E,10.0,78.53981633974483,80.0,0.5,40.0,20.0,20.0,True,1.0,2.5,4.908738521234052,0.1,0.3,76.3157894736842,3600.0,21.198830409356724,70.66276803118909,derived_from_throughput,0.8997063059775761,8.99706305977576,2.6842105263157894,spot_diameter,2.5,2.415001137097704,0.9660004548390816,0.9660004548390816,0.49087385212340523,0.14726215563702155,147.26215563702155,0.14225530932594643,142.25530932594643,3.5563827331486615,3556.3827331486614,0.3952826282888473,395.2826282888473,142.25530932594643,throughput_acquisition
E,10.0,78.53981633974483,80.0,0.5,40.0,20.0,20.0,True,1.0,2.5,4.908738521234052,0.1,0.3,76.3157894736842,3600.0,21.198830409356724,70.66276803118909,derived_from_throughput,0.8997063059775761,8.99706305977576,2.894736842105263,spot_diameter,2.5,2.60441299098772,1.0,1.0,0.49087385212340523,0.14726215563702155,147.26215563702155,0.14726215563702155,147.26215563702155,3.8353147122191444,3835.3147122191444,0.4262851873703255,426.2851873703255,147.26215563702155,throughput_acquisition
E,10.0,78.53981633974483,80.0,0.5,40.0,20.0,20.0,True,1.0,2.5,4.908738521234052,0.1,0.3,76.3157894736842,3600.0,21.198830409356724,70.66276803118909,derived_from_throughput,0.8997063059775761,8.99706305977576,3.1052631578947367,spot_diameter,2.5,2.793824844877736,1.0,1.0,0.49087385212340523,0.14726215563702155,147.26215563702155,0.14726215563702155,147.26215563702155,4.114246691289628,4114.246691289628,0.45728774645180376,457.28774645180374,147.26215563702155,throughput_acquisition
E,10.0,78.53981633974483,80.0,0.5,40.0,20.0,20.0,True,1.0,2.5,4.908738521234052,0.1,0.3,76.3157894736842,3600.0,21.198830409356724,70.66276803118909,derived_from_throughput,0.8997063059775761,8.99706305977576,3.3157894736842106,spot_diameter,2.5,2.9832366987677523,1.0,1.0,0.49087385212340523,0.14726215563702155,147.26215563702155,0.14726215563702155,147.26215563702155,4.393178670360111,4393.178670360111,0.488290305533282,488.29030553328204,147.26215563702155,throughput_acquisition
E,10.0,78.53981633974483,80.0,0.5,40.0,20.0,20.0,True,1.0,2.5,4.908738521234052,0.1,0.3,76.3157894736842,3600.0,21.198830409356724,70.66276803118909,derived_from_throughput,0.8997063059775761,8.99706305977576,3.526315789473684,spot_diameter,2.5,3.172648552657768,1.0,1.0,0.49087385212340523,0.14726215563702155,147.26215563702155,0.14726215563702155,147.26215563702155,4.672110649430595,4672.110649430595,0.5192928646147602,519.2928646147602,147.26215563702155,throughput_acquisition
E,10.0,78.53981633974483,80.0,0.5,40.0,20.0,20.0,True,1.0,2.5,4.908738521234052,0.1,0.3,76.3157894736842,3600.0,21.198830409356724,70.66276803118909,derived_from_throughput,0.8997063059775761,8.99706305977576,3.7368421052631575,spot_diameter,2.5,3.362060406547784,1.0,1.0,0.49087385212340523,0.14726215563702155,147.26215563702155,0.14726215563702155,147.26215563702155,4.951042628501077,4951.042628501077,0.5502954236962384,550.2954236962385,147.26215563702155,throughput_acquisition
E,10.0,78.53981633974483,80.0,0.5,40.0,20.0,20.0,True,1.0,2.5,4.908738521234052,0.1,0.3,76.3157894736842,3600.0,21.198830409356724,70.66276803118909,derived_from_throughput,0.8997063059775761,8.99706305977576,3.9473684210526314,spot_diameter,2.5,3.5514722604378,1.0,1.0,0.49087385212340523,0.14726215563702155,147.26215563702155,0.14726215563702155,147.26215563702155,5.2299746075715605,5229.97460757156,0.5812979827777166,581.2979827777166,147.26215563702155,throughput_acquisition
E,10.0,78.53981633974483,80.0,0.5,40.0,20.0,20.0,True,1.0,2.5,4.908738521234052,0.1,0.3,76.3157894736842,3600.0,21.198830409356724,70.66276803118909,derived_from_throughput,0.8997063059775761,8.99706305977576,4.157894736842105,spot_diameter,2.5,3.7408841143278164,1.0,1.0,0.49087385212340523,0.14726215563702155,147.26215563702155,0.14726215563702155,147.26215563702155,5.508906586642044,5508.906586642044,0.6123005418591949,612.3005418591949,147.26215563702155,throughput_acquisition
E,10.0,78.53981633974483,80.0,0.5,40.0,20.0,20.0,True,1.0,2.5,4.908738521234052,0.1,0.3,76.3157894736842,3600.0,21.198830409356724,70.66276803118909,derived_from_throughput,0.8997063059775761,8.99706305977576,4.368421052631579,spot_diameter,2.5,3.9302959682178322,1.0,1.0,0.49087385212340523,0.14726215563702155,147.26215563702155,0.14726215563702155,147.26215563702155,5.787838565712527,5787.838565712527,0.6433031009406731,643.3031009406731,147.26215563702155,throughput_acquisition
E,10.0,78.53981633974483,80.0,0.5,40.0,20.0,20.0,True,1.0,2.5,4.908738521234052,0.1,0.3,76.3157894736842,3600.0,21.198830409356724,70.66276803118909,derived_from_throughput,0.8997063059775761,8.99706305977576,4.578947368421052,spot_diameter,2.5,4.119707822107848,1.0,1.0,0.49087385212340523,0.14726215563702155,147.26215563702155,0.14726215563702155,147.26215563702155,6.06677054478301,6066.770544783009,0.6743056600221513,674.3056600221513,147.26215563702155,throughput_acquisition
E,10.0,78.53981633974483,80.0,0.5,40.0,20.0,20.0,True,1.0,2.5,4.908738521234052,0.1,0.3,76.3157894736842,3600.0,21.198830409356724,70.66276803118909,derived_from_throughput,0.8997063059775761,8.99706305977576,4.789473684210526,spot_diameter,2.5,4.309119675997864,1.0,1.0,0.49087385212340523,0.14726215563702155,147.26215563702155,0.14726215563702155,147.26215563702155,6.345702523853493,6345.702523853493,0.7053082191036294,705.3082191036294,147.26215563702155,throughput_acquisition
E,10.0,78.53981633974483,80.0,0.5,40.0,20.0,20.0,True,1.0,2.5,4.908738521234052,0.1,0.3,76.3157894736842,3600.0,21.198830409356724,70.66276803118909,derived_from_throughput,0.8997063059775761,8.99706305977576,5.0,spot_diameter,2.5,4.49853152988788,1.0,1.0,0.49087385212340523,0.14726215563702155,147.26215563702155,0.14726215563702155,147.26215563702155,6.6246345029239775,6624.634502923977,0.7363107781851077,736.3107781851077,147.26215563702155,throughput_acquisition
E,10.0,78.53981633974483,80.0,0.5,40.0,20.0,20.0,True,1.0,2.5,4.908738521234052,0.1,0.3,81.05263157894737,3600.0,22.514619883040936,75.04873294346979,derived_from_throughput,0.9555501456589428,9.555501456589429,1.0,spot_diameter,2.5,0.9555501456589428,0.38222005826357713,0.38222005826357713,0.49087385212340523,0.14726215563702155,147.26215563702155,0.05628654970760234,56.28654970760234,1.4071637426900585,1407.1637426900586,0.14726215563702155,147.26215563702155,56.28654970760234,throughput_acquisition
E,10.0,78.53981633974483,80.0,0.5,40.0,20.0,20.0,True,1.0,2.5,4.908738521234052,0.1,0.3,81.05263157894737,3600.0,22.514619883040936,75.04873294346979,derived_from_throughput,0.9555501456589428,9.555501456589429,1.2105263157894737,spot_diameter,2.5,1.156718597376615,0.462687438950646,0.462687438950646,0.49087385212340523,0.14726215563702155,147.26215563702155,0.06813634964604494,68.13634964604493,1.7034087411511234,1703.4087411511234,0.17826471471849978,178.2647147184998,68.13634964604493,throughput_acquisition
E,10.0,78.53981633974483,80.0,0.5,40.0,20.0,20.0,True,1.0,2.5,4.908738521234052,0.1,0.3,81.05263157894737,3600.0,22.514619883040936,75.04873294346979,derived_from_throughput,0.9555501456589428,9.555501456589429,1.4210526315789473,spot_diameter,2.5,1.3578870490942871,0.5431548196377148,0.5431548196377148,0.49087385212340523,0.14726215563702155,147.26215563702155,0.07998614958448753,79.98614958448753,1.9996537396121883,1999.6537396121882,0.209267273799978,209.267273799978,79.98614958448753,throughput_acquisition
E,10.0,78.53981633974483,80.0,0.5,40.0,20.0,20.0,True,1.0,2.5,4.908738521234052,0.1,0.3,81.05263157894737,3600.0,22.514619883040936,75.04873294346979,derived_from_throughput,0.9555501456589428,9.555501456589429,1.631578947368421,spot_diameter,2.5,1.5590555008119593,0.6236222003247838,0.6236222003247838,0.49087385212340523,0.14726215563702155,147.26215563702155,0.09183594952293014,91.83594952293015,2.2958987380732534,2295.8987380732533,0.2402698328814562,240.2698328814562,91.83594952293015,throughput_acquisition
E,10.0,78.53981633974483,80.0,0.5,40.0,20.0,20.0,True,1.0,2.5,4.908738521234052,0.1,0.3,81.05263157894737,3600.0,22.514619883040936,75.04873294346979,derived_from_throughput,0.9555501456589428,9.555501456589429,1.8421052631578947,spot_diameter,2.5,1.7602239525296315,0.7040895810118526,0.7040895810118526,0.49087385212340523,0.14726215563702155,147.26215563702155,0.10368574946137273,103.68574946137272,2.592143736534318,2592.143736534318,0.27127239196293446,271.2723919629345,103.68574946137272,throughput_acquisition
E,10.0,78.53981633974483,80.0,0.5,40.0,20.0,20.0,True,1.0,2.5,4.908738521234052,0.1,0.3,81.05263157894737,3600.0,22.514619883040936,75.04873294346979,derived_from_throughput,0.9555501456589428,9.555501456589429,2.052631578947368,spot_diameter,2.5,1.9613924042473034,0.7845569616989214,0.7845569616989214,0.49087385212340523,0.14726215563702155,147.26215563702155,0.11553554939981532,115.53554939981532,2.8883887349953827,2888.388734995383,0.3022749510444126,302.2749510444126,115.53554939981532,throughput_acquisition
E,10.0,78.53981633974483,80.0,0.5,40.0,20.0,20.0,True,1.0,2.5,4.908738521234052,0.1,0.3,81.05263157894737,3600.0,22.514619883040936,75.04873294346979,derived_from_throughput,0.9555501456589428,9.555501456589429,2.263157894736842,spot_diameter,2.5,2.162560855964976,0.8650243423859904,0.8650243423859904,0.49087385212340523,0.14726215563702155,147.26215563702155,0.12738534933825793,127.38534933825792,3.1846337334564483,3184.633733456448,0.33327751012589085,333.27751012589084,127.38534933825792,throughput_acquisition
E,10.0,78.53981633974483,80.0,0.5,40.0,20.0,20.0,True,1.0,2.5,4.908738521234052,0.1,0.3,81.05263157894737,3600.0,22.514619883040936,75.04873294346979,derived_from_throughput,0.9555501456589428,9.555501456589429,2.473684210526316,spot_diameter,2.5,2.363729307682648,0.9454917230730592,0.9454917230730592,0.49087385212340523,0.14726215563702155,147.26215563702155,0.13923514927670053,139.23514927670053,3.4808787319175134,3480.8787319175135,0.3642800692073691,364.2800692073691,139.23514927670053,throughput_acquisition
E,10.0,78.53981633974483,80.0,0.5,40.0,20.0,20.0,True,1.0,2.5,4.908738521234052,0.1,0.3,81.05263157894737,3600.0,22.514619883040936,75.04873294346979,derived_from_throughput,0.9555501456589428,9.555501456589429,2.6842105263157894,spot_diameter,2.5,2.56489775940032,1.0,1.0,0.49087385212340523,0.14726215563702155,147.26215563702155,0.14726215563702155,147.26215563702155,3.777123730378578,3777.123730378578,0.3952826282888473,395.2826282888473,147.26215563702155,throughput_acquisition
E,10.0,78.53981633974483,80.0,0.5,40.0,20.0,20.0,True,1.0,2.5,4.908738521234052,0.1,0.3,81.05263157894737,3600.0,22.514619883040936,75.04873294346979,derived_from_throughput,0.9555501456589428,9.555501456589429,2.894736842105263,spot_diameter,2.5,2.766066211117992,1.0,1.0,0.49087385212340523,0.14726215563702155,147.26215563702155,0.14726215563702155,147.26215563702155,4.073368728839642,4073.3687288396422,0.4262851873703255,426.2851873703255,147.26215563702155,throughput_acquisition
E,10.0,78.53981633974483,80.0,0.5,40.0,20.0,20.0,True,1.0,2.5,4.908738521234052,0.1,0.3,81.05263157894737,3600.0,22.514619883040936,75.04873294346979,derived_from_throughput,0.9555501456589428,9.555501456589429,3.1052631578947367,spot_diameter,2.5,2.9672346628356645,1.0,1.0,0.49087385212340523,0.14726215563702155,147.26215563702155,0.14726215563702155,147.26215563702155,4.369613727300708,4369.613727300708,0.45728774645180376,457.28774645180374,147.26215563702155,throughput_acquisition
E,10.0,78.53981633974483,80.0,0.5,40.0,20.0,20.0,True,1.0,2.5,4.908738521234052,0.1,0.3,81.05263157894737,3600.0,22.514619883040936,75.04873294346979,derived_from_throughput,0.9555501456589428,9.555501456589429,3.3157894736842106,spot_diameter,2.5,3.1684031145533367,1.0,1.0,0.49087385212340523,0.14726215563702155,147.26215563702155,0.14726215563702155,147.26215563702155,4.665858725761773,4665.858725761774,0.488290305533282,488.29030553328204,147.26215563702155,throughput_acquisition
E,10.0,78.53981633974483,80.0,0.5,40.0,20.0,20.0,True,1.0,2.5,4.908738521234052,0.1,0.3,81.05263157894737,3600.0,22.514619883040936,75.04873294346979,derived_from_throughput,0.9555501456589428,9.555501456589429,3.526315789473684,spot_diameter,2.5,3.369571566271009,1.0,1.0,0.49087385212340523,0.14726215563702155,147.26215563702155,0.14726215563702155,147.26215563702155,4.962103724222838,4962.103724222838,0.5192928646147602,519.2928646147602,147.26215563702155,throughput_acquisition
E,10.0,78.53981633974483,80.0,0.5,40.0,20.0,20.0,True,1.0,2.5,4.908738521234052,0.1,0.3,81.05263157894737,3600.0,22.514619883040936,75.04873294346979,derived_from_throughput,0.9555501456589428,9.555501456589429,3.7368421052631575,spot_diameter,2.5,3.5707400179886806,1.0,1.0,0.49087385212340523,0.14726215563702155,147.26215563702155,0.14726215563702155,147.26215563702155,5.258348722683903,5258.348722683902,0.5502954236962384,550.2954236962385,147.26215563702155,throughput_acquisition
E,10.0,78.53981633974483,80.0,0.5,40.0,20.0,20.0,True,1.0,2.5,4.908738521234052,0.1,0.3,81.05263157894737,3600.0,22.514619883040936,75.04873294346979,derived_from_throughput,0.9555501456589428,9.555501456589429,3.9473684210526314,spot_diameter,2.5,3.771908469706353,1.0,1.0,0.49087385212340523,0.14726215563702155,147.26215563702155,0.14726215563702155,147.26215563702155,5.554593721144967,5554.593721144967,0.5812979827777166,581.2979827777166,147.26215563702155,throughput_acquisition
E,10.0,78.53981633974483,80.0,0.5,40.0,20.0,20.0,True,1.0,2.5,4.908738521234052,0.1,0.3,81.05263157894737,3600.0,22.514619883040936,75.04873294346979,derived_from_throughput,0.9555501456589428,9.555501456589429,4.157894736842105,spot_diameter,2.5,3.9730769214240254,1.0,1.0,0.49087385212340523,0.14726215563702155,147.26215563702155,0.14726215563702155,147.26215563702155,5.850838719606033,5850.838719606033,0.6123005418591949,612.3005418591949,147.26215563702155,throughput_acquisition
E,10.0,78.53981633974483,80.0,0.5,40.0,20.0,20.0,True,1.0,2.5,4.908738521234052,0.1,0.3,81.05263157894737,3600.0,22.514619883040936,75.04873294346979,derived_from_throughput,0.9555501456589428,9.555501456589429,4.368421052631579,spot_diameter,2.5,4.174245373141697,1.0,1.0,0.49087385212340523,0.14726215563702155,147.26215563702155,0.14726215563702155,147.26215563702155,6.147083718067098,6147.083718067098,0.6433031009406731,643.3031009406731,147.26215563702155,throughput_acquisition
E,10.0,78.53981633974483,80.0,0.5,40.0,20.0,20.0,True,1.0,2.5,4.908738521234052,0.1,0.3,81.05263157894737,3600.0,22.514619883040936,75.04873294346979,derived_from_throughput,0.9555501456589428,9.555501456589429,4.578947368421052,spot_diameter,2.5,4.375413824859369,1.0,1.0,0.49087385212340523,0.14726215563702155,147.26215563702155,0.14726215563702155,147.26215563702155,6.443328716528162,6443.328716528163,0.6743056600221513,674.3056600221513,147.26215563702155,throughput_acquisition
E,10.0,78.53981633974483,80.0,0.5,40.0,20.0,20.0,True,1.0,2.5,4.908738521234052,0.1,0.3,81.05263157894737,3600.0,22.514619883040936,75.04873294346979,derived_from_throughput,0.9555501456589428,9.555501456589429,4.789473684210526,spot_diameter,2.5,4.576582276577041,1.0,1.0,0.49087385212340523,0.14726215563702155,147.26215563702155,0.14726215563702155,147.26215563702155,6.739573714989227,6739.573714989227,0.7053082191036294,705.3082191036294,147.26215563702155,throughput_acquisition
E,10.0,78.53981633974483,80.0,0.5,40.0,20.0,20.0,True,1.0,2.5,4.908738521234052,0.1,0.3,81.05263157894737,3600.0,22.514619883040936,75.04873294346979,derived_from_throughput,0.9555501456589428,9.555501456589429,5.0,spot_diameter,2.5,4.7777507282947145,1.0,1.0,0.49087385212340523,0.14726215563702155,147.26215563702155,0.14726215563702155,147.26215563702155,7.0358187134502925,7035.818713450292,0.7363107781851077,736.3107781851077,147.26215563702155,throughput_acquisition
E,10.0,78.53981633974483,80.0,0.5,40.0,20.0,20.0,True,1.0,2.5,4.908738521234052,0.1,0.3,85.78947368421052,3600.0,23.830409356725145,79.43469785575049,derived_from_throughput,1.0113939853403096,10.113939853403096,1.0,spot_diameter,2.5,1.0113939853403096,0.4045575941361238,0.4045575941361238,0.49087385212340523,0.14726215563702155,147.26215563702155,0.05957602339181286,59.57602339181286,1.4894005847953218,1489.4005847953217,0.14726215563702155,147.26215563702155,59.57602339181286,throughput_acquisition
E,10.0,78.53981633974483,80.0,0.5,40.0,20.0,20.0,True,1.0,2.5,4.908738521234052,0.1,0.3,85.78947368421052,3600.0,23.830409356725145,79.43469785575049,derived_from_throughput,1.0113939853403096,10.113939853403096,1.2105263157894737,spot_diameter,2.5,1.2243190348856379,0.4897276139542551,0.4897276139542551,0.49087385212340523,0.14726215563702155,147.26215563702155,0.07211834410587872,72.11834410587872,1.8029586026469684,1802.9586026469683,0.17826471471849978,178.2647147184998,72.11834410587872,throughput_acquisition
E,10.0,78.53981633974483,80.0,0.5,40.0,20.0,20.0,True,1.0,2.5,4.908738521234052,0.1,0.3,85.78947368421052,3600.0,23.830409356725145,79.43469785575049,derived_from_throughput,1.0113939853403096,10.113939853403096,1.4210526315789473,spot_diameter,2.5,1.4372440844309662,0.5748976337723865,0.5748976337723865,0.49087385212340523,0.14726215563702155,147.26215563702155,0.0846606648199446,84.6606648199446,2.116516620498615,2116.516620498615,0.209267273799978,209.267273799978,84.6606648199446,throughput_acquisition
E,10.0,78.53981633974483,80.0,0.5,40.0,20.0,20.0,True,1.0,2.5,4.908738521234052,0.1,0.3,85.78947368421052,3600.0,23.830409356725145,79.43469785575049,derived_from_throughput,1.0113939853403096,10.113939853403096,1.631578947368421,spot_diameter,2.5,1.6501691339762945,0.6600676535905178,0.6600676535905178,0.49087385212340523,0.14726215563702155,147.26215563702155,0.09720298553401045,97.20298553401045,2.430074638350262,2430.074638350262,0.2402698328814562,240.2698328814562,97.20298553401045,throughput_acquisition
E,10.0,78.53981633974483,80.0,0.5,40.0,20.0,20.0,True,1.0,2.5,4.908738521234052,0.1,0.3,85.78947368421052,3600.0,23.830409356725145,79.43469785575049,derived_from_throughput,1.0113939853403096,10.113939853403096,1.8421052631578947,spot_diameter,2.5,1.8630941835216228,0.7452376734086491,0.7452376734086491,0.49087385212340523,0.14726215563702155,147.26215563702155,0.10974530624807632,109.74530624807632,2.7436326562019087,2743.6326562019085,0.27127239196293446,271.2723919629345,109.74530624807632,throughput_acquisition
E,10.0,78.53981633974483,80.0,0.5,40.0,20.0,20.0,True,1.0,2.5,4.908738521234052,0.1,0.3,85.78947368421052,3600.0,23.830409356725145,79.43469785575049,derived_from_throughput,1.0113939853403096,10.113939853403096,2.052631578947368,spot_diameter,2.5,2.0760192330669507,0.8304076932267803,0.8304076932267803,0.49087385212340523,0.14726215563702155,147.26215563702155,0.12228762696214217,122.28762696214217,3.0571906740535546,3057.1906740535546,0.3022749510444126,302.2749510444126,122.28762696214217,throughput_acquisition
E,10.0,78.53981633974483,80.0,0.5,40.0,20.0,20.0,True,1.0,2.5,4.908738521234052,0.1,0.3,85.78947368421052,3600.0,23.830409356725145,79.43469785575049,derived_from_throughput,1.0113939853403096,10.113939853403096,2.263157894736842,spot_diameter,2.5,2.2889442826122792,0.9155777130449116,0.9155777130449116,0.49087385212340523,0.14726215563702155,147.26215563702155,0.13482994767620804,134.82994767620804,3.370748691905202,3370.7486919052017,0.33327751012589085,333.27751012589084,134.82994767620804,throughput_acquisition
E,10.0,78.53981633974483,80.0,0.5,40.0,20.0,20.0,True,1.0,2.5,4.908738521234052,0.1,0.3,85.78947368421052,3600.0,23.830409356725145,79.43469785575049,derived_from_throughput,1.0113939853403096,10.113939853403096,2.473684210526316,spot_diameter,2.5,2.501869332157608,1.0,1.0,0.49087385212340523,0.14726215563702155,147.26215563702155,0.14726215563702155,147.26215563702155,3.6843067097568487,3684.3067097568487,0.3642800692073691,364.2800692073691,147.26215563702155,throughput_acquisition
E,10.0,78.53981633974483,80.0,0.5,40.0,20.0,20.0,True,1.0,2.5,4.908738521234052,0.1,0.3,85.78947368421052,3600.0,23.830409356725145,79.43469785575049,derived_from_throughput,1.0113939853403096,10.113939853403096,2.6842105263157894,spot_diameter,2.5,2.714794381702936,1.0,1.0,0.49087385212340523,0.14726215563702155,147.26215563702155,0.14726215563702155,147.26215563702155,3.997864727608495,3997.8647276084953,0.3952826282888473,395.2826282888473,147.26215563702155,throughput_acquisition
E,10.0,78.53981633974483,80.0,0.5,40.0,20.0,20.0,True,1.0,2.5,4.908738521234052,0.1,0.3,85.78947368421052,3600.0,23.830409356725145,79.43469785575049,derived_from_throughput,1.0113939853403096,10.113939853403096,2.894736842105263,spot_diameter,2.5,2.927719431248264,1.0,1.0,0.49087385212340523,0.14726215563702155,147.26215563702155,0.14726215563702155,147.26215563702155,4.311422745460142,4311.422745460142,0.4262851873703255,426.2851873703255,147.26215563702155,throughput_acquisition
E,10.0,78.53981633974483,80.0,0.5,40.0,20.0,20.0,True,1.0,2.5,4.908738521234052,0.1,0.3,85.78947368421052,3600.0,23.830409356725145,79.43469785575049,derived_from_throughput,1.0113939853403096,10.113939853403096,3.1052631578947367,spot_diameter,2.5,3.1406444807935925,1.0,1.0,0.49087385212340523,0.14726215563702155,147.26215563702155,0.14726215563702155,147.26215563702155,4.624980763311789,4624.980763311789,0.45728774645180376,457.28774645180374,147.26215563702155,throughput_acquisition
E,10.0,78.53981633974483,80.0,0.5,40.0,20.0,20.0,True,1.0,2.5,4.908738521234052,0.1,0.3,85.78947368421052,3600.0,23.830409356725145,79.43469785575049,derived_from_throughput,1.0113939853403096,10.113939853403096,3.3157894736842106,spot_diameter,2.5,3.3535695303389215,1.0,1.0,0.49087385212340523,0.14726215563702155,147.26215563702155,0.14726215563702155,147.26215563702155,4.938538781163436,4938.5387811634355,0.488290305533282,488.29030553328204,147.26215563702155,throughput_acquisition
E,10.0,78.53981633974483,80.0,0.5,40.0,20.0,20.0,True,1.0,2.5,4.908738521234052,0.1,0.3,85.78947368421052,3600.0,23.830409356725145,79.43469785575049,derived_from_throughput,1.0113939853403096,10.113939853403096,3.526315789473684,spot_diameter,2.5,3.566494579884249,1.0,1.0,0.49087385212340523,0.14726215563702155,147.26215563702155,0.14726215563702155,147.26215563702155,5.2520967990150815,5252.096799015081,0.5192928646147602,519.2928646147602,147.26215563702155,throughput_acquisition
E,10.0,78.53981633974483,80.0,0.5,40.0,20.0,20.0,True,1.0,2.5,4.908738521234052,0.1,0.3,85.78947368421052,3600.0,23.830409356725145,79.43469785575049,derived_from_throughput,1.0113939853403096,10.113939853403096,3.7368421052631575,spot_diameter,2.5,3.779419629429577,1.0,1.0,0.49087385212340523,0.14726215563702155,147.26215563702155,0.14726215563702155,147.26215563702155,5.565654816866728,5565.654816866729,0.5502954236962384,550.2954236962385,147.26215563702155,throughput_acquisition
E,10.0,78.53981633974483,80.0,0.5,40.0,20.0,20.0,True,1.0,2.5,4.908738521234052,0.1,0.3,85.78947368421052,3600.0,23.830409356725145,79.43469785575049,derived_from_throughput,1.0113939853403096,10.113939853403096,3.9473684210526314,spot_diameter,2.5,3.9923446789749057,1.0,1.0,0.49087385212340523,0.14726215563702155,147.26215563702155,0.14726215563702155,147.26215563702155,5.879212834718375,5879.212834718375,0.5812979827777166,581.2979827777166,147.26215563702155,throughput_acquisition
E,10.0,78.53981633974483,80.0,0.5,40.0,20.0,20.0,True,1.0,2.5,4.908738521234052,0.1,0.3,85.78947368421052,3600.0,23.830409356725145,79.43469785575049,derived_from_throughput,1.0113939853403096,10.113939853403096,4.157894736842105,spot_diameter,2.5,4.205269728520235,1.0,1.0,0.49087385212340523,0.14726215563702155,147.26215563702155,0.14726215563702155,147.26215563702155,6.192770852570022,6192.770852570022,0.6123005418591949,612.3005418591949,147.26215563702155,throughput_acquisition
E,10.0,78.53981633974483,80.0,0.5,40.0,20.0,20.0,True,1.0,2.5,4.908738521234052,0.1,0.3,85.78947368421052,3600.0,23.830409356725145,79.43469785575049,derived_from_throughput,1.0113939853403096,10.113939853403096,4.368421052631579,spot_diameter,2.5,4.418194778065563,1.0,1.0,0.49087385212340523,0.14726215563702155,147.26215563702155,0.14726215563702155,147.26215563702155,6.506328870421669,6506.328870421668,0.6433031009406731,643.3031009406731,147.26215563702155,throughput_acquisition
E,10.0,78.53981633974483,80.0,0.5,40.0,20.0,20.0,True,1.0,2.5,4.908738521234052,0.1,0.3,85.78947368421052,3600.0,23.830409356725145,79.43469785575049,derived_from_throughput,1.0113939853403096,10.113939853403096,4.578947368421052,spot_diameter,2.5,4.631119827610891,1.0,1.0,0.49087385212340523,0.14726215563702155,147.26215563702155,0.14726215563702155,147.26215563702155,6.819886888273315,6819.886888273315,0.6743056600221513,674.3056600221513,147.26215563702155,throughput_acquisition
E,10.0,78.53981633974483,80.0,0.5,40.0,20.0,20.0,True,1.0,2.5,4.908738521234052,0.1,0.3,85.78947368421052,3600.0,23.830409356725145,79.43469785575049,derived_from_throughput,1.0113939853403096,10.113939853403096,4.789473684210526,spot_diameter,2.5,4.844044877156219,1.0,1.0,0.49087385212340523,0.14726215563702155,147.26215563702155,0.14726215563702155,147.26215563702155,7.133444906124962,7133.444906124962,0.7053082191036294,705.3082191036294,147.26215563702155,throughput_acquisition
E,10.0,78.53981633974483,80.0,0.5,40.0,20.0,20.0,True,1.0,2.5,4.908738521234052,0.1,0.3,85.78947368421052,3600.0,23.830409356725145,79.43469785575049,derived_from_throughput,1.0113939853403096,10.113939853403096,5.0,spot_diameter,2.5,5.056969926701548,1.0,1.0,0.49087385212340523,0.14726215563702155,147.26215563702155,0.14726215563702155,147.26215563702155,7.4470029239766085,7447.002923976608,0.7363107781851077,736.3107781851077,147.26215563702155,throughput_acquisition
E,10.0,78.53981633974483,80.0,0.5,40.0,20.0,20.0,True,1.0,2.5,4.908738521234052,0.1,0.3,90.52631578947367,3600.0,25.14619883040935,83.82066276803117,derived_from_throughput,1.067237825021676,10.672378250216761,1.0,spot_diameter,2.5,1.067237825021676,0.4268951300086704,0.4268951300086704,0.49087385212340523,0.14726215563702155,147.26215563702155,0.06286549707602337,62.865497076023374,1.5716374269005844,1571.6374269005844,0.14726215563702155,147.26215563702155,62.865497076023374,throughput_acquisition
E,10.0,78.53981633974483,80.0,0.5,40.0,20.0,20.0,True,1.0,2.5,4.908738521234052,0.1,0.3,90.52631578947367,3600.0,25.14619883040935,83.82066276803117,derived_from_throughput,1.067237825021676,10.672378250216761,1.2105263157894737,spot_diameter,2.5,1.2919194723946605,0.5167677889578642,0.5167677889578642,0.49087385212340523,0.14726215563702155,147.26215563702155,0.07610033856571251,76.1003385657125,1.9025084641428127,1902.5084641428127,0.17826471471849978,178.2647147184998,76.1003385657125,throughput_acquisition
E,10.0,78.53981633974483,80.0,0.5,40.0,20.0,20.0,True,1.0,2.5,4.908738521234052,0.1,0.3,90.52631578947367,3600.0,25.14619883040935,83.82066276803117,derived_from_throughput,1.067237825021676,10.672378250216761,1.4210526315789473,spot_diameter,2.5,1.516601119767645,0.606640447907058,0.606640447907058,0.49087385212340523,0.14726215563702155,147.26215563702155,0.08933518005540163,89.33518005540162,2.233379501385041,2233.379501385041,0.209267273799978,209.267273799978,89.33518005540162,throughput_acquisition
E,10.0,78.53981633974483,80.0,0.5,40.0,20.0,20.0,True,1.0,2.5,4.908738521234052,0.1,0.3,90.52631578947367,3600.0,25.14619883040935,83.82066276803117,derived_from_throughput,1.067237825021676,10.672378250216761,1.631578947368421,spot_diameter,2.5,1.7412827671406295,0.6965131068562518,0.6965131068562518,0.49087385212340523,0.14726215563702155,147.26215563702155,0.10257002154509078,102.57002154509078,2.5642505386272694,2564.250538627269,0.2402698328814562,240.2698328814562,102.57002154509078,throughput_acquisition
E,10.0,78.53981633974483,80.0,0.5,40.0,20.0,20.0,True,1.0,2.5,4.908738521234052,0.1,0.3,90.52631578947367,3600.0,25.14619883040935,83.82066276803117,derived_from_throughput,1.067237825021676,10.672378250216761,1.8421052631578947,spot_diameter,2.5,1.9659644145136137,0.7863857658054455,0.7863857658054455,0.49087385212340523,0.14726215563702155,147.26215563702155,0.1158048630347799,115.8048630347799,2.8951215758694975,2895.1215758694975,0.27127239196293446,271.2723919629345,115.8048630347799,throughput_acquisition
E,10.0,78.53981633974483,80.0,0.5,40.0,20.0,20.0,True,1.0,2.5,4.908738521234052,0.1,0.3,90.52631578947367,3600.0,25.14619883040935,83.82066276803117,derived_from_throughput,1.067237825021676,10.672378250216761,2.052631578947368,spot_diameter,2.5,2.190646061886598,0.8762584247546392,0.8762584247546392,0.49087385212340523,0.14726215563702155,147.26215563702155,0.12903970452446903,129.03970452446902,3.2259926131117256,3225.9926131117254,0.3022749510444126,302.2749510444126,129.03970452446902,throughput_acquisition
E,10.0,78.53981633974483,80.0,0.5,40.0,20.0,20.0,True,1.0,2.5,4.908738521234052,0.1,0.3,90.52631578947367,3600.0,25.14619883040935,83.82066276803117,derived_from_throughput,1.067237825021676,10.672378250216761,2.263157894736842,spot_diameter,2.5,2.4153277092595826,0.966131083703833,0.966131083703833,0.49087385212340523,0.14726215563702155,147.26215563702155,0.14227454601415815,142.27454601415815,3.556863650353954,3556.863650353954,0.33327751012589085,333.27751012589084,142.27454601415815,throughput_acquisition
E,10.0,78.53981633974483,80.0,0.5,40.0,20.0,20.0,True,1.0,2.5,4.908738521234052,0.1,0.3,90.52631578947367,3600.0,25.14619883040935,83.82066276803117,derived_from_throughput,1.067237825021676,10.672378250216761,2.473684210526316,spot_diameter,2.5,2.640009356632567,1.0,1.0,0.49087385212340523,0.14726215563702155,147.26215563702155,0.14726215563702155,147.26215563702155,3.8877346875961827,3887.7346875961825,0.3642800692073691,364.2800692073691,147.26215563702155,throughput_acquisition
E,10.0,78.53981633974483,80.0,0.5,40.0,20.0,20.0,True,1.0,2.5,4.908738521234052,0.1,0.3,90.52631578947367,3600.0,25.14619883040935,83.82066276803117,derived_from_throughput,1.067237825021676,10.672378250216761,2.6842105263157894,spot_diameter,2.5,2.8646910040055515,1.0,1.0,0.49087385212340523,0.14726215563702155,147.26215563702155,0.14726215563702155,147.26215563702155,4.218605724838411,4218.60572483841,0.3952826282888473,395.2826282888473,147.26215563702155,throughput_acquisition
E,10.0,78.53981633974483,80.0,0.5,40.0,20.0,20.0,True,1.0,2.5,4.908738521234052,0.1,0.3,90.52631578947367,3600.0,25.14619883040935,83.82066276803117,derived_from_throughput,1.067237825021676,10.672378250216761,2.894736842105263,spot_diameter,2.5,3.0893726513785356,1.0,1.0,0.49087385212340523,0.14726215563702155,147.26215563702155,0.14726215563702155,147.26215563702155,4.549476762080639,4549.476762080639,0.4262851873703255,426.2851873703255,147.26215563702155,throughput_acquisition
E,10.0,78.53981633974483,80.0,0.5,40.0,20.0,20.0,True,1.0,2.5,4.908738521234052,0.1,0.3,90.52631578947367,3600.0,25.14619883040935,83.82066276803117,derived_from_throughput,1.067237825021676,10.672378250216761,3.1052631578947367,spot_diameter,2.5,3.3140542987515205,1.0,1.0,0.49087385212340523,0.14726215563702155,147.26215563702155,0.14726215563702155,147.26215563702155,4.880347799322867,4880.347799322867,0.45728774645180376,457.28774645180374,147.26215563702155,throughput_acquisition
E,10.0,78.53981633974483,80.0,0.5,40.0,20.0,20.0,True,1.0,2.5,4.908738521234052,0.1,0.3,90.52631578947367,3600.0,25.14619883040935,83.82066276803117,derived_from_throughput,1.067237825021676,10.672378250216761,3.3157894736842106,spot_diameter,2.5,3.538735946124505,1.0,1.0,0.49087385212340523,0.14726215563702155,147.26215563702155,0.14726215563702155,147.26215563702155,5.211218836565096,5211.218836565096,0.488290305533282,488.29030553328204,147.26215563702155,throughput_acquisition
E,10.0,78.53981633974483,80.0,0.5,40.0,20.0,20.0,True,1.0,2.5,4.908738521234052,0.1,0.3,90.52631578947367,3600.0,25.14619883040935,83.82066276803117,derived_from_throughput,1.067237825021676,10.672378250216761,3.526315789473684,spot_diameter,2.5,3.7634175934974894,1.0,1.0,0.49087385212340523,0.14726215563702155,147.26215563702155,0.14726215563702155,147.26215563702155,5.542089873807324,5542.089873807324,0.5192928646147602,519.2928646147602,147.26215563702155,throughput_acquisition
E,10.0,78.53981633974483,80.0,0.5,40.0,20.0,20.0,True,1.0,2.5,4.908738521234052,0.1,0.3,90.52631578947367,3600.0,25.14619883040935,83.82066276803117,derived_from_throughput,1.067237825021676,10.672378250216761,3.7368421052631575,spot_diameter,2.5,3.9880992408704734,1.0,1.0,0.49087385212340523,0.14726215563702155,147.26215563702155,0.14726215563702155,147.26215563702155,5.872960911049551,5872.960911049551,0.5502954236962384,550.2954236962385,147.26215563702155,throughput_acquisition
E,10.0,78.53981633974483,80.0,0.5,40.0,20.0,20.0,True,1.0,2.5,4.908738521234052,0.1,0.3,90.52631578947367,3600.0,25.14619883040935,83.82066276803117,derived_from_throughput,1.067237825021676,10.672378250216761,3.9473684210526314,spot_diameter,2.5,4.212780888243458,1.0,1.0,0.49087385212340523,0.14726215563702155,147.26215563702155,0.14726215563702155,147.26215563702155,6.20383194829178,6203.8319482917805,0.5812979827777166,581.2979827777166,147.26215563702155,throughput_acquisition
E,10.0,78.53981633974483,80.0,0.5,40.0,20.0,20.0,True,1.0,2.5,4.908738521234052,0.1,0.3,90.52631578947367,3600.0,25.14619883040935,83.82066276803117,derived_from_throughput,1.067237825021676,10.672378250216761,4.157894736842105,spot_diameter,2.5,4.437462535616443,1.0,1.0,0.49087385212340523,0.14726215563702155,147.26215563702155,0.14726215563702155,147.26215563702155,6.534702985534008,6534.702985534009,0.6123005418591949,612.3005418591949,147.26215563702155,throughput_acquisition
E,10.0,78.53981633974483,80.0,0.5,40.0,20.0,20.0,True,1.0,2.5,4.908738521234052,0.1,0.3,90.52631578947367,3600.0,25.14619883040935,83.82066276803117,derived_from_throughput,1.067237825021676,10.672378250216761,4.368421052631579,spot_diameter,2.5,4.662144182989427,1.0,1.0,0.49087385212340523,0.14726215563702155,147.26215563702155,0.14726215563702155,147.26215563702155,6.8655740227762365,6865.574022776236,0.6433031009406731,643.3031009406731,147.26215563702155,throughput_acquisition
E,10.0,78.53981633974483,80.0,0.5,40.0,20.0,20.0,True,1.0,2.5,4.908738521234052,0.1,0.3,90.52631578947367,3600.0,25.14619883040935,83.82066276803117,derived_from_throughput,1.067237825021676,10.672378250216761,4.578947368421052,spot_diameter,2.5,4.886825830362411,1.0,1.0,0.49087385212340523,0.14726215563702155,147.26215563702155,0.14726215563702155,147.26215563702155,7.196445060018465,7196.445060018465,0.6743056600221513,674.3056600221513,147.26215563702155,throughput_acquisition
E,10.0,78.53981633974483,80.0,0.5,40.0,20.0,20.0,True,1.0,2.5,4.908738521234052,0.1,0.3,90.52631578947367,3600.0,25.14619883040935,83.82066276803117,derived_from_throughput,1.067237825021676,10.672378250216761,4.789473684210526,spot_diameter,2.5,5.111507477735395,1.0,1.0,0.49087385212340523,0.14726215563702155,147.26215563702155,0.14726215563702155,147.26215563702155,7.527316097260693,7527.316097260693,0.7053082191036294,705.3082191036294,147.26215563702155,throughput_acquisition
E,10.0,78.53981633974483,80.0,0.5,40.0,20.0,20.0,True,1.0,2.5,4.908738521234052,0.1,0.3,90.52631578947367,3600.0,25.14619883040935,83.82066276803117,derived_from_throughput,1.067237825021676,10.672378250216761,5.0,spot_diameter,2.5,5.336189125108381,1.0,1.0,0.49087385212340523,0.14726215563702155,147.26215563702155,0.14726215563702155,147.26215563702155,7.858187134502922,7858.187134502922,0.7363107781851077,736.3107781851077,147.26215563702155,throughput_acquisition
E,10.0,78.53981633974483,80.0,0.5,40.0,20.0,20.0,True,1.0,2.5,4.908738521234052,0.1,0.3,95.26315789473684,3600.0,26.461988304093566,88.2066276803119,derived_from_throughput,1.1230816647030433,11.230816647030434,1.0,spot_diameter,2.5,1.1230816647030433,0.4492326658812173,0.4492326658812173,0.49087385212340523,0.14726215563702155,147.26215563702155,0.06615497076023392,66.15497076023392,1.6538742690058483,1653.8742690058484,0.14726215563702155,147.26215563702155,66.15497076023392,throughput_acquisition
E,10.0,78.53981633974483,80.0,0.5,40.0,20.0,20.0,True,1.0,2.5,4.908738521234052,0.1,0.3,95.26315789473684,3600.0,26.461988304093566,88.2066276803119,derived_from_throughput,1.1230816647030433,11.230816647030434,1.2105263157894737,spot_diameter,2.5,1.3595199099036839,0.5438079639614736,0.5438079639614736,0.49087385212340523,0.14726215563702155,147.26215563702155,0.08008233302554633,80.08233302554633,2.0020583256386586,2002.0583256386585,0.17826471471849978,178.2647147184998,80.08233302554633,throughput_acquisition
E,10.0,78.53981633974483,80.0,0.5,40.0,20.0,20.0,True,1.0,2.5,4.908738521234052,0.1,0.3,95.26315789473684,3600.0,26.461988304093566,88.2066276803119,derived_from_throughput,1.1230816647030433,11.230816647030434,1.4210526315789473,spot_diameter,2.5,1.5959581551043247,0.6383832620417299,0.6383832620417299,0.49087385212340523,0.14726215563702155,147.26215563702155,0.09400969529085874,94.00969529085874,2.3502423822714684,2350.2423822714686,0.209267273799978,209.267273799978,94.00969529085874,throughput_acquisition
E,10.0,78.53981633974483,80.0,0.5,40.0,20.0,20.0,True,1.0,2.5,4.908738521234052,0.1,0.3,95.26315789473684,3600.0,26.461988304093566,88.2066276803119,derived_from_throughput,1.1230816647030433,11.230816647030434,1.631578947368421,spot_diameter,2.5,1.8323964003049653,0.7329585601219861,0.7329585601219861,0.49087385212340523,0.14726215563702155,147.26215563702155,0.10793705755617114,107.93705755617114,2.6984264389042787,2698.4264389042787,0.2402698328814562,240.2698328814562,107.93705755617114,throughput_acquisition
E,10.0,78.53981633974483,80.0,0.5,40.0,20.0,20.0,True,1.0,2.5,4.908738521234052,0.1,0.3,95.26315789473684,3600.0,26.461988304093566,88.2066276803119,derived_from_throughput,1.1230816647030433,11.230816647030434,1.8421052631578947,spot_diameter,2.5,2.068834645505606,0.8275338582022425,0.8275338582022425,0.49087385212340523,0.14726215563702155,147.26215563702155,0.12186441982148355,121.86441982148355,3.046610495537089,3046.610495537089,0.27127239196293446,271.2723919629345,121.86441982148355,throughput_acquisition
E,10.0,78.53981633974483,80.0,0.5,40.0,20.0,20.0,True,1.0,2.5,4.908738521234052,0.1,0.3,95.26315789473684,3600.0,26.461988304093566,88.2066276803119,derived_from_throughput,1.1230816647030433,11.230816647030434,2.052631578947368,spot_diameter,2.5,2.3052728907062465,0.9221091562824986,0.9221091562824986,0.49087385212340523,0.14726215563702155,147.26215563702155,0.13579178208679593,135.79178208679593,3.394794552169899,3394.794552169899,0.3022749510444126,302.2749510444126,135.79178208679593,throughput_acquisition
E,10.0,78.53981633974483,80.0,0.5,40.0,20.0,20.0,True,1.0,2.5,4.908738521234052,0.1,0.3,95.26315789473684,3600.0,26.461988304093566,88.2066276803119,derived_from_throughput,1.1230816647030433,11.230816647030434,2.263157894736842,spot_diameter,2.5,2.5417111359068874,1.0,1.0,0.49087385212340523,0.14726215563702155,147.26215563702155,0.14726215563702155,147.26215563702155,3.742978608802709,3742.978608802709,0.33327751012589085,333.27751012589084,147.26215563702155,throughput_acquisition
E,10.0,78.53981633974483,80.0,0.5,40.0,20.0,20.0,True,1.0,2.5,4.908738521234052,0.1,0.3,95.26315789473684,3600.0,26.461988304093566,88.2066276803119,derived_from_throughput,1.1230816647030433,11.230816647030434,2.473684210526316,spot_diameter,2.5,2.778149381107528,1.0,1.0,0.49087385212340523,0.14726215563702155,147.26215563702155,0.14726215563702155,147.26215563702155,4.09116266543552,4091.1626654355196,0.3642800692073691,364.2800692073691,147.26215563702155,throughput_acquisition
E,10.0,78.53981633974483,80.0,0.5,40.0,20.0,20.0,True,1.0,2.5,4.908738521234052,0.1,0.3,95.26315789473684,3600.0,26.461988304093566,88.2066276803119,derived_from_throughput,1.1230816647030433,11.230816647030434,2.6842105263157894,spot_diameter,2.5,3.0145876263081686,1.0,1.0,0.49087385212340523,0.14726215563702155,147.26215563702155,0.14726215563702155,147.26215563702155,4.439346722068329,4439.346722068329,0.3952826282888473,395.2826282888473,147.26215563702155,throughput_acquisition
E,10.0,78.53981633974483,80.0,0.5,40.0,20.0,20.0,True,1.0,2.5,4.908738521234052,0.1,0.3,95.26315789473684,3600.0,26.461988304093566,88.2066276803119,derived_from_throughput,1.1230816647030433,11.230816647030434,2.894736842105263,spot_diameter,2.5,3.251025871508809,1.0,1.0,0.49087385212340523,0.14726215563702155,147.26215563702155,0.14726215563702155,147.26215563702155,4.787530778701139,4787.53077870114,0.4262851873703255,426.2851873703255,147.26215563702155,throughput_acquisition
E,10.0,78.53981633974483,80.0,0.5,40.0,20.0,20.0,True,1.0,2.5,4.908738521234052,0.1,0.3,95.26315789473684,3600.0,26.461988304093566,88.2066276803119,derived_from_throughput,1.1230816647030433,11.230816647030434,3.1052631578947367,spot_diameter,2.5,3.4874641167094502,1.0,1.0,0.49087385212340523,0.14726215563702155,147.26215563702155,0.14726215563702155,147.26215563702155,5.13571483533395,5135.71483533395,0.45728774645180376,457.28774645180374,147.26215563702155,throughput_acquisition
E,10.0,78.53981633974483,80.0,0.5,40.0,20.0,20.0,True,1.0,2.5,4.908738521234052,0.1,0.3,95.26315789473684,3600.0,26.461988304093566,88.2066276803119,derived_from_throughput,1.1230816647030433,11.230816647030434,3.3157894736842106,spot_diameter,2.5,3.723902361910091,1.0,1.0,0.49087385212340523,0.14726215563702155,147.26215563702155,0.14726215563702155,147.26215563702155,5.483898891966761,5483.898891966761,0.488290305533282,488.29030553328204,147.26215563702155,throughput_acquisition
E,10.0,78.53981633974483,80.0,0.5,40.0,20.0,20.0,True,1.0,2.5,4.908738521234052,0.1,0.3,95.26315789473684,3600.0,26.461988304093566,88.2066276803119,derived_from_throughput,1.1230816647030433,11.230816647030434,3.526315789473684,spot_diameter,2.5,3.9603406071107314,1.0,1.0,0.49087385212340523,0.14726215563702155,147.26215563702155,0.14726215563702155,147.26215563702155,5.83208294859957,5832.08294859957,0.5192928646147602,519.2928646147602,147.26215563702155,throughput_acquisition
E,10.0,78.53981633974483,80.0,0.5,40.0,20.0,20.0,True,1.0,2.5,4.908738521234052,0.1,0.3,95.26315789473684,3600.0,26.461988304093566,88.2066276803119,derived_from_throughput,1.1230816647030433,11.230816647030434,3.7368421052631575,spot_diameter,2.5,4.196778852311372,1.0,1.0,0.49087385212340523,0.14726215563702155,147.26215563702155,0.14726215563702155,147.26215563702155,6.18026700523238,6180.267005232379,0.5502954236962384,550.2954236962385,147.26215563702155,throughput_acquisition
E,10.0,78.53981633974483,80.0,0.5,40.0,20.0,20.0,True,1.0,2.5,4.908738521234052,0.1,0.3,95.26315789473684,3600.0,26.461988304093566,88.2066276803119,derived_from_throughput,1.1230816647030433,11.230816647030434,3.9473684210526314,spot_diameter,2.5,4.433217097512013,1.0,1.0,0.49087385212340523,0.14726215563702155,147.26215563702155,0.14726215563702155,147.26215563702155,6.528451061865191,6528.451061865191,0.5812979827777166,581.2979827777166,147.26215563702155,throughput_acquisition
E,10.0,78.53981633974483,80.0,0.5,40.0,20.0,20.0,True,1.0,2.5,4.908738521234052,0.1,0.3,95.26315789473684,3600.0,26.461988304093566,88.2066276803119,derived_from_throughput,1.1230816647030433,11.230816647030434,4.157894736842105,spot_diameter,2.5,4.6696553427126535,1.0,1.0,0.49087385212340523,0.14726215563702155,147.26215563702155,0.14726215563702155,147.26215563702155,6.876635118498001,6876.635118498001,0.6123005418591949,612.3005418591949,147.26215563702155,throughput_acquisition
E,10.0,78.53981633974483,80.0,0.5,40.0,20.0,20.0,True,1.0,2.5,4.908738521234052,0.1,0.3,95.26315789473684,3600.0,26.461988304093566,88.2066276803119,derived_from_throughput,1.1230816647030433,11.230816647030434,4.368421052631579,spot_diameter,2.5,4.906093587913294,1.0,1.0,0.49087385212340523,0.14726215563702155,147.26215563702155,0.14726215563702155,147.26215563702155,7.22481917513081,7224.81917513081,0.6433031009406731,643.3031009406731,147.26215563702155,throughput_acquisition
E,10.0,78.53981633974483,80.0,0.5,40.0,20.0,20.0,True,1.0,2.5,4.908738521234052,0.1,0.3,95.26315789473684,3600.0,26.461988304093566,88.2066276803119,derived_from_throughput,1.1230816647030433,11.230816647030434,4.578947368421052,spot_diameter,2.5,5.142531833113934,1.0,1.0,0.49087385212340523,0.14726215563702155,147.26215563702155,0.14726215563702155,147.26215563702155,7.573003231763621,7573.0032317636205,0.6743056600221513,674.3056600221513,147.26215563702155,throughput_acquisition
E,10.0,78.53981633974483,80.0,0.5,40.0,20.0,20.0,True,1.0,2.5,4.908738521234052,0.1,0.3,95.26315789473684,3600.0,26.461988304093566,88.2066276803119,derived_from_throughput,1.1230816647030433,11.230816647030434,4.789473684210526,spot_diameter,2.5,5.378970078314575,1.0,1.0,0.49087385212340523,0.14726215563702155,147.26215563702155,0.14726215563702155,147.26215563702155,7.92118728839643,7921.18728839643,0.7053082191036294,705.3082191036294,147.26215563702155,throughput_acquisition
E,10.0,78.53981633974483,80.0,0.5,40.0,20.0,20.0,True,1.0,2.5,4.908738521234052,0.1,0.3,95.26315789473684,3600.0,26.461988304093566,88.2066276803119,derived_from_throughput,1.1230816647030433,11.230816647030434,5.0,spot_diameter,2.5,5.615408323515217,1.0,1.0,0.49087385212340523,0.14726215563702155,147.26215563702155,0.14726215563702155,147.26215563702155,8.269371345029242,8269.371345029242,0.7363107781851077,736.3107781851077,147.26215563702155,throughput_acquisition
E,10.0,78.53981633974483,80.0,0.5,40.0,20.0,20.0,True,1.0,2.5,4.908738521234052,0.1,0.3,100.0,3600.0,27.77777777777778,92.5925925925926,derived_from_throughput,1.17892550438441,11.7892550438441,1.0,spot_diameter,2.5,1.17892550438441,0.471570201753764,0.471570201753764,0.49087385212340523,0.14726215563702155,147.26215563702155,0.06944444444444445,69.44444444444444,1.7361111111111114,1736.1111111111113,0.14726215563702155,147.26215563702155,69.44444444444444,throughput_acquisition
E,10.0,78.53981633974483,80.0,0.5,40.0,20.0,20.0,True,1.0,2.5,4.908738521234052,0.1,0.3,100.0,3600.0,27.77777777777778,92.5925925925926,derived_from_throughput,1.17892550438441,11.7892550438441,1.2105263157894737,spot_diameter,2.5,1.4271203474127068,0.5708481389650827,0.5708481389650827,0.49087385212340523,0.14726215563702155,147.26215563702155,0.08406432748538012,84.06432748538012,2.101608187134503,2101.608187134503,0.17826471471849978,178.2647147184998,84.06432748538012,throughput_acquisition
E,10.0,78.53981633974483,80.0,0.5,40.0,20.0,20.0,True,1.0,2.5,4.908738521234052,0.1,0.3,100.0,3600.0,27.77777777777778,92.5925925925926,derived_from_throughput,1.17892550438441,11.7892550438441,1.4210526315789473,spot_diameter,2.5,1.6753151904410037,0.6701260761764015,0.6701260761764015,0.49087385212340523,0.14726215563702155,147.26215563702155,0.0986842105263158,98.68421052631581,2.467105263157895,2467.105263157895,0.209267273799978,209.267273799978,98.68421052631581,throughput_acquisition
E,10.0,78.53981633974483,80.0,0.5,40.0,20.0,20.0,True,1.0,2.5,4.908738521234052,0.1,0.3,100.0,3600.0,27.77777777777778,92.5925925925926,derived_from_throughput,1.17892550438441,11.7892550438441,1.631578947368421,spot_diameter,2.5,1.9235100334693005,0.7694040133877202,0.7694040133877202,0.49087385212340523,0.14726215563702155,147.26215563702155,0.11330409356725148,113.30409356725147,2.832602339181287,2832.6023391812873,0.2402698328814562,240.2698328814562,113.30409356725147,throughput_acquisition
E,10.0,78.53981633974483,80.0,0.5,40.0,20.0,20.0,True,1.0,2.5,4.908738521234052,0.1,0.3,100.0,3600.0,27.77777777777778,92.5925925925926,derived_from_throughput,1.17892550438441,11.7892550438441,1.8421052631578947,spot_diameter,2.5,2.1717048764975972,0.8686819505990389,0.8686819505990389,0.49087385212340523,0.14726215563702155,147.26215563702155,0.12792397660818713,127.92397660818713,3.1980994152046787,3198.0994152046787,0.27127239196293446,271.2723919629345,127.92397660818713,throughput_acquisition
E,10.0,78.53981633974483,80.0,0.5,40.0,20.0,20.0,True,1.0,2.5,4.908738521234052,0.1,0.3,100.0,3600.0,27.77777777777778,92.5925925925926,derived_from_throughput,1.17892550438441,11.7892550438441,2.052631578947368,spot_diameter,2.5,2.419899719525894,0.9679598878103576,0.9679598878103576,0.49087385212340523,0.14726215563702155,147.26215563702155,0.1425438596491228,142.5438596491228,3.56359649122807,3563.59649122807,0.3022749510444126,302.2749510444126,142.5438596491228,throughput_acquisition
E,10.0,78.53981633974483,80.0,0.5,40.0,20.0,20.0,True,1.0,2.5,4.908738521234052,0.1,0.3,100.0,3600.0,27.77777777777778,92.5925925925926,derived_from_throughput,1.17892550438441,11.7892550438441,2.263157894736842,spot_diameter,2.5,2.668094562554191,1.0,1.0,0.49087385212340523,0.14726215563702155,147.26215563702155,0.14726215563702155,147.26215563702155,3.9290935672514626,3929.0935672514624,0.33327751012589085,333.27751012589084,147.26215563702155,throughput_acquisition
E,10.0,78.53981633974483,80.0,0.5,40.0,20.0,20.0,True,1.0,2.5,4.908738521234052,0.1,0.3,100.0,3600.0,27.77777777777778,92.5925925925926,derived_from_throughput,1.17892550438441,11.7892550438441,2.473684210526316,spot_diameter,2.5,2.916289405582488,1.0,1.0,0.49087385212340523,0.14726215563702155,147.26215563702155,0.14726215563702155,147.26215563702155,4.294590643274855,4294.590643274855,0.3642800692073691,364.2800692073691,147.26215563702155,throughput_acquisition
E,10.0,78.53981633974483,80.0,0.5,40.0,20.0,20.0,True,1.0,2.5,4.908738521234052,0.1,0.3,100.0,3600.0,27.77777777777778,92.5925925925926,derived_from_throughput,1.17892550438441,11.7892550438441,2.6842105263157894,spot_diameter,2.5,3.1644842486107847,1.0,1.0,0.49087385212340523,0.14726215563702155,147.26215563702155,0.14726215563702155,147.26215563702155,4.660087719298247,4660.087719298246,0.3952826282888473,395.2826282888473,147.26215563702155,throughput_acquisition
E,10.0,78.53981633974483,80.0,0.5,40.0,20.0,20.0,True,1.0,2.5,4.908738521234052,0.1,0.3,100.0,3600.0,27.77777777777778,92.5925925925926,derived_from_throughput,1.17892550438441,11.7892550438441,2.894736842105263,spot_diameter,2.5,3.4126790916390815,1.0,1.0,0.49087385212340523,0.14726215563702155,147.26215563702155,0.14726215563702155,147.26215563702155,5.025584795321637,5025.584795321637,0.4262851873703255,426.2851873703255,147.26215563702155,throughput_acquisition
E,10.0,78.53981633974483,80.0,0.5,40.0,20.0,20.0,True,1.0,2.5,4.908738521234052,0.1,0.3,100.0,3600.0,27.77777777777778,92.5925925925926,derived_from_throughput,1.17892550438441,11.7892550438441,3.1052631578947367,spot_diameter,2.5,3.660873934667378,1.0,1.0,0.49087385212340523,0.14726215563702155,147.26215563702155,0.14726215563702155,147.26215563702155,5.39108187134503,5391.08187134503,0.45728774645180376,457.28774645180374,147.26215563702155,throughput_acquisition
E,10.0,78.53981633974483,80.0,0.5,40.0,20.0,20.0,True,1.0,2.5,4.908738521234052,0.1,0.3,100.0,3600.0,27.77777777777778,92.5925925925926,derived_from_throughput,1.17892550438441,11.7892550438441,3.3157894736842106,spot_diameter,2.5,3.9090687776956754,1.0,1.0,0.49087385212340523,0.14726215563702155,147.26215563702155,0.14726215563702155,147.26215563702155,5.756578947368422,5756.578947368422,0.488290305533282,488.29030553328204,147.26215563702155,throughput_acquisition
E,10.0,78.53981633974483,80.0,0.5,40.0,20.0,20.0,True,1.0,2.5,4.908738521234052,0.1,0.3,100.0,3600.0,27.77777777777778,92.5925925925926,derived_from_throughput,1.17892550438441,11.7892550438441,3.526315789473684,spot_diameter,2.5,4.157263620723972,1.0,1.0,0.49087385212340523,0.14726215563702155,147.26215563702155,0.14726215563702155,147.26215563702155,6.122076023391814,6122.076023391814,0.5192928646147602,519.2928646147602,147.26215563702155,throughput_acquisition
E,10.0,78.53981633974483,80.0,0.5,40.0,20.0,20.0,True,1.0,2.5,4.908738521234052,0.1,0.3,100.0,3600.0,27.77777777777778,92.5925925925926,derived_from_throughput,1.17892550438441,11.7892550438441,3.7368421052631575,spot_diameter,2.5,4.405458463752269,1.0,1.0,0.49087385212340523,0.14726215563702155,147.26215563702155,0.14726215563702155,147.26215563702155,6.487573099415205,6487.573099415205,0.5502954236962384,550.2954236962385,147.26215563702155,throughput_acquisition
E,10.0,78.53981633974483,80.0,0.5,40.0,20.0,20.0,True,1.0,2.5,4.908738521234052,0.1,0.3,100.0,3600.0,27.77777777777778,92.5925925925926,derived_from_throughput,1.17892550438441,11.7892550438441,3.9473684210526314,spot_diameter,2.5,4.653653306780566,1.0,1.0,0.49087385212340523,0.14726215563702155,147.26215563702155,0.14726215563702155,147.26215563702155,6.853070175438598,6853.070175438597,0.5812979827777166,581.2979827777166,147.26215563702155,throughput_acquisition
E,10.0,78.53981633974483,80.0,0.5,40.0,20.0,20.0,True,1.0,2.5,4.908738521234052,0.1,0.3,100.0,3600.0,27.77777777777778,92.5925925925926,derived_from_throughput,1.17892550438441,11.7892550438441,4.157894736842105,spot_diameter,2.5,4.901848149808862,1.0,1.0,0.49087385212340523,0.14726215563702155,147.26215563702155,0.14726215563702155,147.26215563702155,7.218567251461989,7218.567251461989,0.6123005418591949,612.3005418591949,147.26215563702155,throughput_acquisition
E,10.0,78.53981633974483,80.0,0.5,40.0,20.0,20.0,True,1.0,2.5,4.908738521234052,0.1,0.3,100.0,3600.0,27.77777777777778,92.5925925925926,derived_from_throughput,1.17892550438441,11.7892550438441,4.368421052631579,spot_diameter,2.5,5.150042992837159,1.0,1.0,0.49087385212340523,0.14726215563702155,147.26215563702155,0.14726215563702155,147.26215563702155,7.584064327485381,7584.064327485381,0.6433031009406731,643.3031009406731,147.26215563702155,throughput_acquisition
E,10.0,78.53981633974483,80.0,0.5,40.0,20.0,20.0,True,1.0,2.5,4.908738521234052,0.1,0.3,100.0,3600.0,27.77777777777778,92.5925925925926,derived_from_throughput,1.17892550438441,11.7892550438441,4.578947368421052,spot_diameter,2.5,5.398237835865456,1.0,1.0,0.49087385212340523,0.14726215563702155,147.26215563702155,0.14726215563702155,147.26215563702155,7.949561403508772,7949.561403508772,0.6743056600221513,674.3056600221513,147.26215563702155,throughput_acquisition
E,10.0,78.53981633974483,80.0,0.5,40.0,20.0,20.0,True,1.0,2.5,4.908738521234052,0.1,0.3,100.0,3600.0,27.77777777777778,92.5925925925926,derived_from_throughput,1.17892550438441,11.7892550438441,4.789473684210526,spot_diameter,2.5,5.646432678893753,1.0,1.0,0.49087385212340523,0.14726215563702155,147.26215563702155,0.14726215563702155,147.26215563702155,8.315058479532164,8315.058479532165,0.7053082191036294,705.3082191036294,147.26215563702155,throughput_acquisition
E,10.0,78.53981633974483,80.0,0.5,40.0,20.0,20.0,True,1.0,2.5,4.908738521234052,0.1,0.3,100.0,3600.0,27.77777777777778,92.5925925925926,derived_from_throughput,1.17892550438441,11.7892550438441,5.0,spot_diameter,2.5,5.89462752192205,1.0,1.0,0.49087385212340523,0.14726215563702155,147.26215563702155,0.14726215563702155,147.26215563702155,8.680555555555557,8680.555555555557,0.7363107781851077,736.3107781851077,147.26215563702155,throughput_acquisition
