ESS_mg,sigma_floor_variance_mg_g_sq,k,b,observed_variance_mg_g_sq,observed_sd_mg_g,sigma_floor_mg_g
1.0,0.010000000000000002,36.0,1.0,36.01,6.000833275470999,0.1
2.0,0.010000000000000002,36.0,1.0,18.01,4.243819034784589,0.1
3.0,0.010000000000000002,36.0,1.0,12.01,3.4655446902326914,0.1
4.0,0.010000000000000002,36.0,1.0,9.01,3.0016662039607267,0.1
5.0,0.010000000000000002,36.0,1.0,7.21,2.6851443164195103,0.1
6.0,0.010000000000000002,36.0,1.0,6.01,2.4515301344262523,0.1
7.0,0.010000000000000002,36.0,1.0,5.152857142857143,2.269990560081064,0.1
8.0,0.010000000000000002,36.0,1.0,4.51,2.12367605815953,0.1
9.0,0.010000000000000002,36.0,1.0,4.01,2.0024984394500787,0.1
10.0,0.010000000000000002,36.0,1.0,3.61,1.9,0.1
11.0,0.010000000000000002,36.0,1.0,3.2827272727272727,1.8118298134006054,0.1
12.0,0.010000000000000002,36.0,1.0,3.01,1.7349351572897471,0.1
13.0,0.010000000000000002,36.0,1.0,2.779230769230769,1.667102507115495,0.1
14.0,0.010000000000000002,36.0,1.0,2.5814285714285714,1.606682473741645,0.1
15.0,0.010000000000000002,36.0,1.0,2.4099999999999997,1.5524174696260022,0.1
16.0,0.010000000000000002,36.0,1.0,2.26,1.5033296378372907,0.1
17.0,0.010000000000000002,36.0,1.0,2.1276470588235292,1.4586456248258277,0.1
18.0,0.010000000000000002,36.0,1.0,2.01,1.4177446878757824,0.1
19.0,0.010000000000000002,36.0,1.0,1.904736842105263,1.380122038844849,0.1
20.0,0.010000000000000002,36.0,1.0,1.81,1.3453624047073711,0.1
21.0,0.010000000000000002,36.0,1.0,1.7242857142857142,1.313120601576913,0.1
22.0,0.010000000000000002,36.0,1.0,1.6463636363636365,1.2831070245165197,0.1
23.0,0.010000000000000002,36.0,1.0,1.575217391304348,1.2550766475814725,0.1
24.0,0.010000000000000002,36.0,1.0,1.51,1.2288205727444508,0.1
25.0,0.010000000000000002,36.0,1.0,1.45,1.2041594578792296,0.1
26.0,0.010000000000000002,36.0,1.0,1.3946153846153846,1.1809383492017629,0.1
27.0,0.010000000000000002,36.0,1.0,1.3433333333333333,1.1590225767142472,0.1
28.0,0.010000000000000002,36.0,1.0,1.2957142857142858,1.1382944635349352,0.1
29.0,0.010000000000000002,36.0,1.0,1.2513793103448276,1.1186506650178274,0.1
30.0,0.010000000000000002,36.0,1.0,1.21,1.1,0.1
31.0,0.010000000000000002,36.0,1.0,1.1712903225806452,1.0822616701060077,0.1
32.0,0.010000000000000002,36.0,1.0,1.135,1.065363787633126,0.1
33.0,0.010000000000000002,36.0,1.0,1.1009090909090908,1.0492421507493352,0.1
34.0,0.010000000000000002,36.0,1.0,1.0688235294117647,1.0338392183563965,0.1
35.0,0.010000000000000002,36.0,1.0,1.0385714285714285,1.0191032472578176,0.1
36.0,0.010000000000000002,36.0,1.0,1.01,1.004987562112089,0.1
37.0,0.010000000000000002,36.0,1.0,0.982972972972973,0.9914499346779811,0.1
38.0,0.010000000000000002,36.0,1.0,0.9573684210526315,0.9784520535277299,0.1
39.0,0.010000000000000002,36.0,1.0,0.9330769230769231,0.965959069048437,0.1
40.0,0.010000000000000002,36.0,1.0,0.91,0.9539392014169457,0.1
41.0,0.010000000000000002,36.0,1.0,0.8880487804878049,0.9423634015006127,0.1
42.0,0.010000000000000002,36.0,1.0,0.8671428571428571,0.9312050564418436,0.1
43.0,0.010000000000000002,36.0,1.0,0.8472093023255814,0.9204397331306279,0.1
44.0,0.010000000000000002,36.0,1.0,0.8281818181818182,0.9100449539345945,0.1
45.0,0.010000000000000002,36.0,1.0,0.81,0.9,0.1
46.0,0.010000000000000002,36.0,1.0,0.792608695652174,0.8902857382055348,0.1
47.0,0.010000000000000002,36.0,1.0,0.7759574468085106,0.8808844684795565,0.1
48.0,0.010000000000000002,36.0,1.0,0.76,0.8717797887081347,0.1
49.0,0.010000000000000002,36.0,1.0,0.7446938775510205,0.8629564748879404,0.1
50.0,0.010000000000000002,36.0,1.0,0.73,0.8544003745317531,0.1
51.0,0.010000000000000002,36.0,1.0,0.7158823529411765,0.8460983116288417,0.1
52.0,0.010000000000000002,36.0,1.0,0.7023076923076923,0.8380380017085695,0.1
53.0,0.010000000000000002,36.0,1.0,0.6892452830188679,0.8302079757620182,0.1
54.0,0.010000000000000002,36.0,1.0,0.6766666666666666,0.8225975119502044,0.1
55.0,0.010000000000000002,36.0,1.0,0.6645454545454546,0.815196574174263,0.1
56.0,0.010000000000000002,36.0,1.0,0.6528571428571429,0.807995756707387,0.1
57.0,0.010000000000000002,36.0,1.0,0.641578947368421,0.8009862341940847,0.1
58.0,0.010000000000000002,36.0,1.0,0.6306896551724138,0.7941597164125198,0.1
59.0,0.010000000000000002,36.0,1.0,0.6201694915254238,0.7875084072728518,0.1
60.0,0.010000000000000002,36.0,1.0,0.61,0.7810249675906654,0.1
61.0,0.010000000000000002,36.0,1.0,0.6001639344262295,0.7747024812314915,0.1
62.0,0.010000000000000002,36.0,1.0,0.5906451612903226,0.7685344242714979,0.1
63.0,0.010000000000000002,36.0,1.0,0.5814285714285714,0.7625146368618582,0.1
64.0,0.010000000000000002,36.0,1.0,0.5725,0.7566372975210778,0.1
65.0,0.010000000000000002,36.0,1.0,0.5638461538461539,0.7508968996114939,0.1
66.0,0.010000000000000002,36.0,1.0,0.5554545454545454,0.7452882297839846,0.1
67.0,0.010000000000000002,36.0,1.0,0.5473134328358209,0.7398063481991898,0.1
68.0,0.010000000000000002,36.0,1.0,0.5394117647058824,0.7344465703547688,0.1
69.0,0.010000000000000002,36.0,1.0,0.5317391304347826,0.7292044503668245,0.1
70.0,0.010000000000000002,36.0,1.0,0.5242857142857142,0.7240757655699535,0.1
71.0,0.010000000000000002,36.0,1.0,0.5170422535211268,0.7190565023147533,0.1
72.0,0.010000000000000002,36.0,1.0,0.51,0.714142842854285,0.1
73.0,0.010000000000000002,36.0,1.0,0.5031506849315068,0.7093311532221793,0.1
74.0,0.010000000000000002,36.0,1.0,0.4964864864864865,0.7046179720149682,0.1
75.0,0.010000000000000002,36.0,1.0,0.49,0.7,0.1
76.0,0.010000000000000002,36.0,1.0,0.48368421052631577,0.6954740904780823,0.1
77.0,0.010000000000000002,36.0,1.0,0.47753246753246753,0.691037240336921,0.1
78.0,0.010000000000000002,36.0,1.0,0.4715384615384616,0.6866865817375941,0.1
79.0,0.010000000000000002,36.0,1.0,0.46569620253164556,0.6824193743817987,0.1
80.0,0.010000000000000002,36.0,1.0,0.46,0.6782329983125268,0.1
81.0,0.010000000000000002,36.0,1.0,0.45444444444444443,0.6741249472052228,0.1
82.0,0.010000000000000002,36.0,1.0,0.44902439024390245,0.6700928221104167,0.1
83.0,0.010000000000000002,36.0,1.0,0.44373493975903616,0.6661343256123619,0.1
84.0,0.010000000000000002,36.0,1.0,0.43857142857142856,0.6622472563713863,0.1
85.0,0.010000000000000002,36.0,1.0,0.4335294117647059,0.6584295040205185,0.1
86.0,0.010000000000000002,36.0,1.0,0.42860465116279073,0.654679044389532,0.1
87.0,0.010000000000000002,36.0,1.0,0.42379310344827587,0.6509939350318679,0.1
88.0,0.010000000000000002,36.0,1.0,0.4190909090909091,0.6473723110319973,0.1
89.0,0.010000000000000002,36.0,1.0,0.4144943820224719,0.6438123810726786,0.1
90.0,0.010000000000000002,36.0,1.0,0.41000000000000003,0.6403124237432849,0.1
91.0,0.010000000000000002,36.0,1.0,0.4056043956043956,0.6368707840719305,0.1
92.0,0.010000000000000002,36.0,1.0,0.401304347826087,0.6334858702655387,0.1
93.0,0.010000000000000002,36.0,1.0,0.3970967741935484,0.6301561506432738,0.1
94.0,0.010000000000000002,36.0,1.0,0.3929787234042553,0.6268801507499303,0.1
95.0,0.010000000000000002,36.0,1.0,0.38894736842105265,0.6236564506369293,0.1
96.0,0.010000000000000002,36.0,1.0,0.385,0.6204836822995429,0.1
97.0,0.010000000000000002,36.0,1.0,0.3811340206185567,0.6173605272598474,0.1
98.0,0.010000000000000002,36.0,1.0,0.37734693877551023,0.6142857142857143,0.1
99.0,0.010000000000000002,36.0,1.0,0.37363636363636366,0.6112580172368814,0.1
100.0,0.010000000000000002,36.0,1.0,0.37,0.6082762530298219,0.1
101.0,0.010000000000000002,36.0,1.0,0.36643564356435643,0.6053392797137457,0.1
102.0,0.010000000000000002,36.0,1.0,0.36294117647058827,0.6024459946506311,0.1
103.0,0.010000000000000002,36.0,1.0,0.35951456310679614,0.5995953327927063,0.1
104.0,0.010000000000000002,36.0,1.0,0.35615384615384615,0.5967862650512712,0.1
105.0,0.010000000000000002,36.0,1.0,0.35285714285714287,0.594017796751194,0.1
106.0,0.010000000000000002,36.0,1.0,0.34962264150943395,0.5912889661658113,0.1
107.0,0.010000000000000002,36.0,1.0,0.3464485981308411,0.5885988431273383,0.1
108.0,0.010000000000000002,36.0,1.0,0.3433333333333333,0.5859465277082315,0.1
109.0,0.010000000000000002,36.0,1.0,0.3402752293577982,0.583331148969261,0.1
110.0,0.010000000000000002,36.0,1.0,0.3372727272727273,0.5807518637703432,0.1
111.0,0.010000000000000002,36.0,1.0,0.33432432432432435,0.5782078556404473,0.1
112.0,0.010000000000000002,36.0,1.0,0.33142857142857146,0.5756983337031396,0.1
113.0,0.010000000000000002,36.0,1.0,0.3285840707964602,0.5732225316545575,0.1
114.0,0.010000000000000002,36.0,1.0,0.3257894736842105,0.5707797067908166,0.1
115.0,0.010000000000000002,36.0,1.0,0.3230434782608696,0.568369139082049,0.1
116.0,0.010000000000000002,36.0,1.0,0.3203448275862069,0.5659901302904556,0.1
117.0,0.010000000000000002,36.0,1.0,0.3176923076923077,0.5636420031299191,0.1
118.0,0.010000000000000002,36.0,1.0,0.3150847457627119,0.5613241004648847,0.1
119.0,0.010000000000000002,36.0,1.0,0.31252100840336133,0.5590357845463574,0.1
120.0,0.010000000000000002,36.0,1.0,0.31,0.5567764362830022,0.1
121.0,0.010000000000000002,36.0,1.0,0.3075206611570248,0.5545454545454546,0.1
122.0,0.010000000000000002,36.0,1.0,0.30508196721311476,0.5523422555020707,0.1
123.0,0.010000000000000002,36.0,1.0,0.3026829268292683,0.5501662719844505,0.1
124.0,0.010000000000000002,36.0,1.0,0.3003225806451613,0.5480169528811689,0.1
125.0,0.010000000000000002,36.0,1.0,0.298,0.5458937625582472,0.1
126.0,0.010000000000000002,36.0,1.0,0.2957142857142857,0.5437961803049794,0.1
127.0,0.010000000000000002,36.0,1.0,0.29346456692913386,0.541723699803815,0.1
128.0,0.010000000000000002,36.0,1.0,0.29125,0.5396758286230726,0.1
129.0,0.010000000000000002,36.0,1.0,0.28906976744186047,0.5376520877313326,0.1
130.0,0.010000000000000002,36.0,1.0,0.28692307692307695,0.5356520110324211,0.1
131.0,0.010000000000000002,36.0,1.0,0.28480916030534353,0.533675144919963,0.1
132.0,0.010000000000000002,36.0,1.0,0.2827272727272727,0.5317210478505366,0.1
133.0,0.010000000000000002,36.0,1.0,0.2806766917293233,0.5297892899345203,0.1
134.0,0.010000000000000002,36.0,1.0,0.27865671641791045,0.5278794525437701,0.1
135.0,0.010000000000000002,36.0,1.0,0.27666666666666667,0.5259911279353167,0.1
136.0,0.010000000000000002,36.0,1.0,0.2747058823529412,0.5241239188903147,0.1
137.0,0.010000000000000002,36.0,1.0,0.27277372262773725,0.5222774383675186,0.1
138.0,0.010000000000000002,36.0,1.0,0.2708695652173913,0.5204513091705999,0.1
139.0,0.010000000000000002,36.0,1.0,0.2689928057553957,0.5186451636286563,0.1
140.0,0.010000000000000002,36.0,1.0,0.2671428571428571,0.5168586432893012,0.1
141.0,0.010000000000000002,36.0,1.0,0.2653191489361702,0.5150913986237493,0.1
142.0,0.010000000000000002,36.0,1.0,0.2635211267605634,0.5133430887433504,0.1
143.0,0.010000000000000002,36.0,1.0,0.2617482517482518,0.5116133811270497,0.1
144.0,0.010000000000000002,36.0,1.0,0.26,0.5099019513592785,0.1
145.0,0.010000000000000002,36.0,1.0,0.2582758620689655,0.5082084828778102,0.1
146.0,0.010000000000000002,36.0,1.0,0.2565753424657534,0.5065326667311334,0.1
147.0,0.010000000000000002,36.0,1.0,0.2548979591836735,0.5048742013449227,0.1
148.0,0.010000000000000002,36.0,1.0,0.25324324324324327,0.5032327922972064,0.1
149.0,0.010000000000000002,36.0,1.0,0.25161073825503355,0.5016081521018508,0.1
150.0,0.010000000000000002,36.0,1.0,0.25,0.5,0.1
151.0,0.010000000000000002,36.0,1.0,0.24841059602649007,0.49840806175912733,0.1
152.0,0.010000000000000002,36.0,1.0,0.2468421052631579,0.49683206947937436,0.1
153.0,0.010000000000000002,36.0,1.0,0.24529411764705883,0.49527176140686524,0.1
154.0,0.010000000000000002,36.0,1.0,0.24376623376623377,0.4937268817537017,0.1
155.0,0.010000000000000002,36.0,1.0,0.24225806451612905,0.4921971805243596,0.1
156.0,0.010000000000000002,36.0,1.0,0.2407692307692308,0.49068241334821733,0.1
157.0,0.010000000000000002,36.0,1.0,0.23929936305732485,0.48918234131796384,0.1
158.0,0.010000000000000002,36.0,1.0,0.2378481012658228,0.48769673083364296,0.1
159.0,0.010000000000000002,36.0,1.0,0.23641509433962266,0.48622535345210316,0.1
160.0,0.010000000000000002,36.0,1.0,0.23500000000000001,0.48476798574163293,0.1
161.0,0.010000000000000002,36.0,1.0,0.2336024844720497,0.48332440914157204,0.1
162.0,0.010000000000000002,36.0,1.0,0.23222222222222222,0.4818944098266987,0.1
163.0,0.010000000000000002,36.0,1.0,0.23085889570552148,0.48047777857620166,0.1
164.0,0.010000000000000002,36.0,1.0,0.22951219512195123,0.4790743106470553,0.1
165.0,0.010000000000000002,36.0,1.0,0.22818181818181818,0.47768380565162366,0.1
166.0,0.010000000000000002,36.0,1.0,0.22686746987951809,0.4763060674393284,0.1
167.0,0.010000000000000002,36.0,1.0,0.22556886227544912,0.47494090398222083,0.1
168.0,0.010000000000000002,36.0,1.0,0.22428571428571428,0.4735881272643079,0.1
169.0,0.010000000000000002,36.0,1.0,0.22301775147928996,0.472247553174487,0.1
170.0,0.010000000000000002,36.0,1.0,0.22176470588235295,0.4709190014029514,0.1
171.0,0.010000000000000002,36.0,1.0,0.22052631578947368,0.4696022953409339,0.1
172.0,0.010000000000000002,36.0,1.0,0.21930232558139537,0.46829726198366284,0.1
173.0,0.010000000000000002,36.0,1.0,0.21809248554913296,0.46700373183640936,0.1
174.0,0.010000000000000002,36.0,1.0,0.21689655172413794,0.4657215388235098,0.1
175.0,0.010000000000000002,36.0,1.0,0.21571428571428572,0.4644505202002531,0.1
176.0,0.010000000000000002,36.0,1.0,0.21454545454545457,0.4631905164675272,0.1
177.0,0.010000000000000002,36.0,1.0,0.2133898305084746,0.46194137128912216,0.1
178.0,0.010000000000000002,36.0,1.0,0.21224719101123596,0.4607029314115941,0.1
179.0,0.010000000000000002,36.0,1.0,0.2111173184357542,0.4594750465865956,0.1
180.0,0.010000000000000002,36.0,1.0,0.21000000000000002,0.45825756949558405,0.1
181.0,0.010000000000000002,36.0,1.0,0.2088950276243094,0.4570503556768219,0.1
182.0,0.010000000000000002,36.0,1.0,0.2078021978021978,0.45585326345458776,0.1
183.0,0.010000000000000002,36.0,1.0,0.20672131147540984,0.45466615387051834,0.1
184.0,0.010000000000000002,36.0,1.0,0.2056521739130435,0.45348889061700676,0.1
185.0,0.010000000000000002,36.0,1.0,0.20459459459459461,0.4523213399725848,0.1
186.0,0.010000000000000002,36.0,1.0,0.2035483870967742,0.45116337073921925,0.1
187.0,0.010000000000000002,36.0,1.0,0.20251336898395722,0.45001485418145615,0.1
188.0,0.010000000000000002,36.0,1.0,0.20148936170212767,0.4488756639673482,0.1
189.0,0.010000000000000002,36.0,1.0,0.20047619047619047,0.44774567611110494,0.1
190.0,0.010000000000000002,36.0,1.0,0.19947368421052633,0.44662476891740605,0.1
191.0,0.010000000000000002,36.0,1.0,0.19848167539267017,0.44551282292732064,0.1
192.0,0.010000000000000002,36.0,1.0,0.1975,0.44440972086577946,0.1
193.0,0.010000000000000002,36.0,1.0,0.19652849740932643,0.4433153475905458,0.1
194.0,0.010000000000000002,36.0,1.0,0.19556701030927837,0.4422295900426365,0.1
195.0,0.010000000000000002,36.0,1.0,0.19461538461538463,0.4411523371981437,0.1
196.0,0.010000000000000002,36.0,1.0,0.19367346938775512,0.4400834800214104,0.1
197.0,0.010000000000000002,36.0,1.0,0.19274111675126904,0.43902291141951694,0.1
198.0,0.010000000000000002,36.0,1.0,0.19181818181818183,0.4379705261980329,0.1
199.0,0.010000000000000002,36.0,1.0,0.19090452261306534,0.43692622101799444,0.1
200.0,0.010000000000000002,36.0,1.0,0.19,0.43588989435406733,0.1
201.0,0.010000000000000002,36.0,1.0,0.1891044776119403,0.4348614464538565,0.1
202.0,0.010000000000000002,36.0,1.0,0.18821782178217822,0.4338407792983253,0.1
203.0,0.010000000000000002,36.0,1.0,0.18733990147783253,0.43282779656328974,0.1
204.0,0.010000000000000002,36.0,1.0,0.18647058823529414,0.4318224035819519,0.1
205.0,0.010000000000000002,36.0,1.0,0.18560975609756097,0.4308245073084411,0.1
206.0,0.010000000000000002,36.0,1.0,0.18475728155339807,0.4298340162823297,0.1
207.0,0.010000000000000002,36.0,1.0,0.18391304347826087,0.42885084059409384,0.1
208.0,0.010000000000000002,36.0,1.0,0.18307692307692308,0.42787489185148864,0.1
209.0,0.010000000000000002,36.0,1.0,0.18224880382775122,0.42690608314681017,0.1
210.0,0.010000000000000002,36.0,1.0,0.18142857142857144,0.4259443290250164,0.1
211.0,0.010000000000000002,36.0,1.0,0.18061611374407585,0.42498954545268036,0.1
212.0,0.010000000000000002,36.0,1.0,0.17981132075471698,0.42404164978775016,0.1
213.0,0.010000000000000002,36.0,1.0,0.17901408450704226,0.42310056075009195,0.1
214.0,0.010000000000000002,36.0,1.0,0.17822429906542056,0.42216619839279,0.1
215.0,0.010000000000000002,36.0,1.0,0.17744186046511629,0.4212384840741837,0.1
216.0,0.010000000000000002,36.0,1.0,0.17666666666666667,0.42031734043061636,0.1
217.0,0.010000000000000002,36.0,1.0,0.17589861751152075,0.4194026913498777,0.1
218.0,0.010000000000000002,36.0,1.0,0.1751376146788991,0.4184944619453155,0.1
219.0,0.010000000000000002,36.0,1.0,0.17438356164383562,0.41759257853060033,0.1
220.0,0.010000000000000002,36.0,1.0,0.17363636363636364,0.41669696859512145,0.1
221.0,0.010000000000000002,36.0,1.0,0.17289592760180997,0.41580756077999587,0.1
222.0,0.010000000000000002,36.0,1.0,0.17216216216216218,0.4149242848546734,0.1
223.0,0.010000000000000002,36.0,1.0,0.17143497757847534,0.41404707169411953,0.1
224.0,0.010000000000000002,36.0,1.0,0.17071428571428574,0.4131758532565592,0.1
225.0,0.010000000000000002,36.0,1.0,0.17,0.41231056256176607,0.1
226.0,0.010000000000000002,36.0,1.0,0.1692920353982301,0.4114511336698808,0.1
227.0,0.010000000000000002,36.0,1.0,0.16859030837004407,0.41059750166074327,0.1
228.0,0.010000000000000002,36.0,1.0,0.16789473684210526,0.4097496026137247,0.1
229.0,0.010000000000000002,36.0,1.0,0.1672052401746725,0.4089073735880444,0.1
230.0,0.010000000000000002,36.0,1.0,0.1665217391304348,0.4080707526035587,0.1
231.0,0.010000000000000002,36.0,1.0,0.16584415584415585,0.4072396786220074,0.1
232.0,0.010000000000000002,36.0,1.0,0.16517241379310346,0.40641409152870606,0.1
233.0,0.010000000000000002,36.0,1.0,0.16450643776824037,0.40559393211467104,0.1
234.0,0.010000000000000002,36.0,1.0,0.16384615384615386,0.4047791420591652,0.1
235.0,0.010000000000000002,36.0,1.0,0.16319148936170214,0.4039696639126534,0.1
236.0,0.010000000000000002,36.0,1.0,0.16254237288135595,0.403165441080155,0.1
237.0,0.010000000000000002,36.0,1.0,0.1618987341772152,0.40236641780498433,0.1
238.0,0.010000000000000002,36.0,1.0,0.16126050420168067,0.4015725391528667,0.1
239.0,0.010000000000000002,36.0,1.0,0.16062761506276152,0.4007837509964214,0.1
240.0,0.010000000000000002,36.0,1.0,0.16,0.4,0.1
241.0,0.010000000000000002,36.0,1.0,0.15937759336099586,0.3992212336048721,0.1
242.0,0.010000000000000002,36.0,1.0,0.1587603305785124,0.39844740001474777,0.1
243.0,0.010000000000000002,36.0,1.0,0.15814814814814815,0.39767844818162845,0.1
244.0,0.010000000000000002,36.0,1.0,0.15754098360655738,0.39691432779197755,0.1
245.0,0.010000000000000002,36.0,1.0,0.1569387755102041,0.39615498925320136,0.1
246.0,0.010000000000000002,36.0,1.0,0.15634146341463415,0.3954003836804337,0.1
247.0,0.010000000000000002,36.0,1.0,0.155748987854251,0.3946504628836143,0.1
248.0,0.010000000000000002,36.0,1.0,0.15516129032258066,0.39390517935485525,0.1
249.0,0.010000000000000002,36.0,1.0,0.15457831325301205,0.393164486256086,0.1
250.0,0.010000000000000002,36.0,1.0,0.154,0.3924283374069717,0.1
251.0,0.010000000000000002,36.0,1.0,0.15342629482071715,0.3916966872730955,0.1
252.0,0.010000000000000002,36.0,1.0,0.15285714285714286,0.39096949095440026,0.1
253.0,0.010000000000000002,36.0,1.0,0.1522924901185771,0.39024670417388163,0.1
254.0,0.010000000000000002,36.0,1.0,0.15173228346456694,0.389528283266526,0.1
255.0,0.010000000000000002,36.0,1.0,0.1511764705882353,0.38881418516848804,0.1
256.0,0.010000000000000002,36.0,1.0,0.150625,0.3881043674065006,0.1
257.0,0.010000000000000002,36.0,1.0,0.15007782101167316,0.38739878808751216,0.1
258.0,0.010000000000000002,36.0,1.0,0.14953488372093024,0.3866974058885452,0.1
259.0,0.010000000000000002,36.0,1.0,0.148996138996139,0.38600018004677017,0.1
260.0,0.010000000000000002,36.0,1.0,0.14846153846153848,0.3853070703497906,0.1
261.0,0.010000000000000002,36.0,1.0,0.14793103448275863,0.38461803712613196,0.1
262.0,0.010000000000000002,36.0,1.0,0.14740458015267177,0.38393304123593186,0.1
263.0,0.010000000000000002,36.0,1.0,0.14688212927756655,0.38325204406182434,0.1
264.0,0.010000000000000002,36.0,1.0,0.14636363636363636,0.3825750075000148,0.1
265.0,0.010000000000000002,36.0,1.0,0.1458490566037736,0.3819018939515404,0.1
266.0,0.010000000000000002,36.0,1.0,0.14533834586466166,0.38123266631371144,0.1
267.0,0.010000000000000002,36.0,1.0,0.1448314606741573,0.3805672879717295,0.1
268.0,0.010000000000000002,36.0,1.0,0.14432835820895523,0.37990572279047763,0.1
269.0,0.010000000000000002,36.0,1.0,0.14382899628252788,0.3792479351064787,0.1
270.0,0.010000000000000002,36.0,1.0,0.14333333333333334,0.37859388972001823,0.1
271.0,0.010000000000000002,36.0,1.0,0.14284132841328415,0.3779435518874269,0.1
272.0,0.010000000000000002,36.0,1.0,0.1423529411764706,0.37729688731351946,0.1
273.0,0.010000000000000002,36.0,1.0,0.14186813186813188,0.37665386214418656,0.1
274.0,0.010000000000000002,36.0,1.0,0.14138686131386863,0.37601444295913505,0.1
275.0,0.010000000000000002,36.0,1.0,0.14090909090909093,0.3753785967647742,0.1
276.0,0.010000000000000002,36.0,1.0,0.14043478260869566,0.3747462909872433,0.1
277.0,0.010000000000000002,36.0,1.0,0.1399638989169675,0.37411749346557893,0.1
278.0,0.010000000000000002,36.0,1.0,0.13949640287769785,0.37349217244501637,0.1
279.0,0.010000000000000002,36.0,1.0,0.13903225806451613,0.37287029657042425,0.1
280.0,0.010000000000000002,36.0,1.0,0.13857142857142857,0.37225183487986807,0.1
281.0,0.010000000000000002,36.0,1.0,0.13811387900355873,0.37163675679829994,0.1
282.0,0.010000000000000002,36.0,1.0,0.1376595744680851,0.3710250321313713,0.1
283.0,0.010000000000000002,36.0,1.0,0.13720848056537102,0.37041663105936673,0.1
284.0,0.010000000000000002,36.0,1.0,0.1367605633802817,0.36981152413125484,0.1
285.0,0.010000000000000002,36.0,1.0,0.13631578947368422,0.3692096822588544,0.1
286.0,0.010000000000000002,36.0,1.0,0.1358741258741259,0.3686110767111128,0.1
287.0,0.010000000000000002,36.0,1.0,0.13543554006968642,0.36801567910849453,0.1
288.0,0.010000000000000002,36.0,1.0,0.135,0.3674234614174767,0.1
289.0,0.010000000000000002,36.0,1.0,0.1345674740484429,0.36683439594514977,0.1
290.0,0.010000000000000002,36.0,1.0,0.13413793103448277,0.36624845533392053,0.1
291.0,0.010000000000000002,36.0,1.0,0.13371134020618558,0.3656656125563157,0.1
292.0,0.010000000000000002,36.0,1.0,0.13328767123287671,0.36508584090988344,0.1
293.0,0.010000000000000002,36.0,1.0,0.13286689419795222,0.36450911401219066,0.1
294.0,0.010000000000000002,36.0,1.0,0.13244897959183674,0.3639354057959142,0.1
295.0,0.010000000000000002,36.0,1.0,0.13203389830508475,0.3633646905040234,0.1
296.0,0.010000000000000002,36.0,1.0,0.13162162162162164,0.362796942685053,0.1
297.0,0.010000000000000002,36.0,1.0,0.13121212121212122,0.36223213718846264,0.1
298.0,0.010000000000000002,36.0,1.0,0.13080536912751678,0.36167024916008333,0.1
299.0,0.010000000000000002,36.0,1.0,0.13040133779264215,0.36111125403764716,0.1
300.0,0.010000000000000002,36.0,1.0,0.13,0.36055512754639896,0.1
301.0,0.010000000000000002,36.0,1.0,0.1296013289036545,0.36000184569478877,0.1
302.0,0.010000000000000002,36.0,1.0,0.12920529801324504,0.3594513847702427,0.1
303.0,0.010000000000000002,36.0,1.0,0.12881188118811882,0.3589037213350104,0.1
304.0,0.010000000000000002,36.0,1.0,0.12842105263157894,0.3583588322220884,0.1
305.0,0.010000000000000002,36.0,1.0,0.12803278688524591,0.3578166945312165,0.1
306.0,0.010000000000000002,36.0,1.0,0.12764705882352942,0.35727728562494626,0.1
307.0,0.010000000000000002,36.0,1.0,0.12726384364820847,0.3567405831247806,0.1
308.0,0.010000000000000002,36.0,1.0,0.12688311688311688,0.3562065649073819,0.1
309.0,0.010000000000000002,36.0,1.0,0.12650485436893205,0.35567520910084816,0.1
310.0,0.010000000000000002,36.0,1.0,0.12612903225806452,0.35514649408105453,0.1
311.0,0.010000000000000002,36.0,1.0,0.1257556270096463,0.3546203984680609,0.1
312.0,0.010000000000000002,36.0,1.0,0.1253846153846154,0.3540969011225817,0.1
313.0,0.010000000000000002,36.0,1.0,0.12501597444089457,0.3535759811425185,0.1
314.0,0.010000000000000002,36.0,1.0,0.12464968152866243,0.35305761785955336,0.1
315.0,0.010000000000000002,36.0,1.0,0.12428571428571428,0.3525417908358019,0.1
316.0,0.010000000000000002,36.0,1.0,0.1239240506329114,0.35202847986052405,0.1
317.0,0.010000000000000002,36.0,1.0,0.12356466876971609,0.35151766494689296,0.1
318.0,0.010000000000000002,36.0,1.0,0.12320754716981133,0.351009326328819,0.1
319.0,0.010000000000000002,36.0,1.0,0.12285266457680252,0.35050344445782916,0.1
320.0,0.010000000000000002,36.0,1.0,0.1225,0.35,0.1
321.0,0.010000000000000002,36.0,1.0,0.12214953271028037,0.34949897383294326,0.1
322.0,0.010000000000000002,36.0,1.0,0.12180124223602484,0.349000347042843,0.1
323.0,0.010000000000000002,36.0,1.0,0.12145510835913312,0.3485041009215431,0.1
324.0,0.010000000000000002,36.0,1.0,0.12111111111111111,0.348010216963685,0.1
325.0,0.010000000000000002,36.0,1.0,0.12076923076923077,0.3475186768638928,0.1
326.0,0.010000000000000002,36.0,1.0,0.12042944785276075,0.34702946251400724,0.1
327.0,0.010000000000000002,36.0,1.0,0.12009174311926607,0.34654255600036493,0.1
328.0,0.010000000000000002,36.0,1.0,0.1197560975609756,0.34605793960112463,0.1
329.0,0.010000000000000002,36.0,1.0,0.1194224924012158,0.34557559578363717,0.1
330.0,0.010000000000000002,36.0,1.0,0.11909090909090908,0.3450955072018601,0.1
331.0,0.010000000000000002,36.0,1.0,0.11876132930513594,0.3446176566938147,0.1
332.0,0.010000000000000002,36.0,1.0,0.11843373493975903,0.34414202727908577,0.1
333.0,0.010000000000000002,36.0,1.0,0.11810810810810812,0.3436686021563624,0.1
334.0,0.010000000000000002,36.0,1.0,0.11778443113772455,0.34319736470101947,0.1
335.0,0.010000000000000002,36.0,1.0,0.11746268656716419,0.34272829846273883,0.1
336.0,0.010000000000000002,36.0,1.0,0.11714285714285713,0.3422613871631697,0.1
337.0,0.010000000000000002,36.0,1.0,0.11682492581602374,0.34179661469362704,0.1
338.0,0.010000000000000002,36.0,1.0,0.11650887573964497,0.34133396511282754,0.1
339.0,0.010000000000000002,36.0,1.0,0.11619469026548673,0.3408734226446625,0.1
340.0,0.010000000000000002,36.0,1.0,0.11588235294117646,0.3404149716760067,0.1
341.0,0.010000000000000002,36.0,1.0,0.11557184750733138,0.3399585967545627,0.1
342.0,0.010000000000000002,36.0,1.0,0.11526315789473685,0.33950428258673976,0.1
343.0,0.010000000000000002,36.0,1.0,0.11495626822157434,0.339052014035567,0.1
344.0,0.010000000000000002,36.0,1.0,0.11465116279069767,0.3386017761186401,0.1
345.0,0.010000000000000002,36.0,1.0,0.11434782608695651,0.3381535540061002,0.1
346.0,0.010000000000000002,36.0,1.0,0.11404624277456649,0.33770733301864575,0.1
347.0,0.010000000000000002,36.0,1.0,0.11374639769452449,0.33726309862557524,0.1
348.0,0.010000000000000002,36.0,1.0,0.11344827586206896,0.33682083644286165,0.1
349.0,0.010000000000000002,36.0,1.0,0.11315186246418338,0.33638053223125647,0.1
350.0,0.010000000000000002,36.0,1.0,0.11285714285714285,0.3359421718944242,0.1
351.0,0.010000000000000002,36.0,1.0,0.11256410256410257,0.3355057414771058,0.1
352.0,0.010000000000000002,36.0,1.0,0.11227272727272727,0.33507122716331117,0.1
353.0,0.010000000000000002,36.0,1.0,0.1119830028328612,0.3346386152745394,0.1
354.0,0.010000000000000002,36.0,1.0,0.1116949152542373,0.3342078922680272,0.1
355.0,0.010000000000000002,36.0,1.0,0.11140845070422536,0.33377904473502434,0.1
356.0,0.010000000000000002,36.0,1.0,0.11112359550561798,0.33335205939909535,0.1
357.0,0.010000000000000002,36.0,1.0,0.11084033613445379,0.3329269231144483,0.1
358.0,0.010000000000000002,36.0,1.0,0.11055865921787711,0.33250362286428864,0.1
359.0,0.010000000000000002,36.0,1.0,0.11027855153203342,0.3320821457591983,0.1
360.0,0.010000000000000002,36.0,1.0,0.11000000000000001,0.33166247903554,0.1
361.0,0.010000000000000002,36.0,1.0,0.10972299168975069,0.33124461005388556,0.1
362.0,0.010000000000000002,36.0,1.0,0.1094475138121547,0.33082852629746834,0.1
363.0,0.010000000000000002,36.0,1.0,0.10917355371900828,0.33041421537065907,0.1
364.0,0.010000000000000002,36.0,1.0,0.10890109890109889,0.33000166499746464,0.1
365.0,0.010000000000000002,36.0,1.0,0.10863013698630136,0.32959086302005,0.1
366.0,0.010000000000000002,36.0,1.0,0.10836065573770493,0.32918179739728154,0.1
367.0,0.010000000000000002,36.0,1.0,0.10809264305177113,0.32877445620329315,0.1
368.0,0.010000000000000002,36.0,1.0,0.10782608695652174,0.32836882762607317,0.1
369.0,0.010000000000000002,36.0,1.0,0.10756097560975611,0.32796489996607275,0.1
370.0,0.010000000000000002,36.0,1.0,0.10729729729729731,0.3275626616348349,0.1
371.0,0.010000000000000002,36.0,1.0,0.10703504043126685,0.32716210115364347,0.1
372.0,0.010000000000000002,36.0,1.0,0.1067741935483871,0.32676320715219315,0.1
373.0,0.010000000000000002,36.0,1.0,0.10651474530831098,0.3263659683672778,0.1
374.0,0.010000000000000002,36.0,1.0,0.10625668449197861,0.3259703736414992,0.1
375.0,0.010000000000000002,36.0,1.0,0.10600000000000001,0.32557641192199416,0.1
376.0,0.010000000000000002,36.0,1.0,0.10574468085106384,0.3251840722591804,0.1
377.0,0.010000000000000002,36.0,1.0,0.10549071618037134,0.32479334380552094,0.1
378.0,0.010000000000000002,36.0,1.0,0.10523809523809524,0.3244042158143066,0.1
379.0,0.010000000000000002,36.0,1.0,0.10498680738786278,0.3240166776384555,0.1
380.0,0.010000000000000002,36.0,1.0,0.10473684210526316,0.3236307187293307,0.1
381.0,0.010000000000000002,36.0,1.0,0.10448818897637796,0.3232463286355747,0.1
382.0,0.010000000000000002,36.0,1.0,0.10424083769633508,0.3228634970019607,0.1
383.0,0.010000000000000002,36.0,1.0,0.10399477806788512,0.3224822135682604,0.1
384.0,0.010000000000000002,36.0,1.0,0.10375000000000001,0.32210246816812815,0.1
385.0,0.010000000000000002,36.0,1.0,0.10350649350649352,0.3217242507280008,0.1
386.0,0.010000000000000002,36.0,1.0,0.10326424870466322,0.32134755126601355,0.1
387.0,0.010000000000000002,36.0,1.0,0.1030232558139535,0.32097235989093126,0.1
388.0,0.010000000000000002,36.0,1.0,0.10278350515463919,0.32059866680109445,0.1
389.0,0.010000000000000002,36.0,1.0,0.10254498714652957,0.3202264622833809,0.1
390.0,0.010000000000000002,36.0,1.0,0.10230769230769232,0.3198557367121814,0.1
391.0,0.010000000000000002,36.0,1.0,0.10207161125319694,0.31948648054839024,0.1
392.0,0.010000000000000002,36.0,1.0,0.10183673469387755,0.3191186843384097,0.1
393.0,0.010000000000000002,36.0,1.0,0.1016030534351145,0.3187523387131685,0.1
394.0,0.010000000000000002,36.0,1.0,0.10137055837563452,0.31838743438715433,0.1
395.0,0.010000000000000002,36.0,1.0,0.10113924050632911,0.3180239621574593,0.1
396.0,0.010000000000000002,36.0,1.0,0.10090909090909092,0.31766191290283907,0.1
397.0,0.010000000000000002,36.0,1.0,0.1006801007556675,0.31730127758278487,0.1
398.0,0.010000000000000002,36.0,1.0,0.10045226130653268,0.3169420472366087,0.1
399.0,0.010000000000000002,36.0,1.0,0.10022556390977444,0.3165842129825403,0.1
400.0,0.010000000000000002,36.0,1.0,0.1,0.31622776601683794,0.1
401.0,0.010000000000000002,36.0,1.0,0.09977556109725685,0.31587269761291,0.1
402.0,0.010000000000000002,36.0,1.0,0.09955223880597014,0.3155189991204494,0.1
403.0,0.010000000000000002,36.0,1.0,0.09933002481389577,0.3151666619645799,0.1
404.0,0.010000000000000002,36.0,1.0,0.09910891089108911,0.3148156776450136,0.1
405.0,0.010000000000000002,36.0,1.0,0.09888888888888889,0.31446603773522014,0.1
406.0,0.010000000000000002,36.0,1.0,0.09866995073891627,0.3141177338816073,0.1
407.0,0.010000000000000002,36.0,1.0,0.09845208845208844,0.31377075780271246,0.1
408.0,0.010000000000000002,36.0,1.0,0.09823529411764706,0.31342510128840523,0.1
409.0,0.010000000000000002,36.0,1.0,0.09801955990220049,0.3130807561991003,0.1
410.0,0.010000000000000002,36.0,1.0,0.09780487804878049,0.31273771446498183,0.1
411.0,0.010000000000000002,36.0,1.0,0.09759124087591242,0.312395968085237,0.1
412.0,0.010000000000000002,36.0,1.0,0.09737864077669903,0.31205550912730096,0.1
413.0,0.010000000000000002,36.0,1.0,0.09716707021791768,0.3117163297261112,0.1
414.0,0.010000000000000002,36.0,1.0,0.09695652173913044,0.3113784220833718,0.1
415.0,0.010000000000000002,36.0,1.0,0.09674698795180722,0.31104177846682785,0.1
416.0,0.010000000000000002,36.0,1.0,0.09653846153846155,0.3107063912095494,0.1
417.0,0.010000000000000002,36.0,1.0,0.09633093525179856,0.31037225270922425,0.1
418.0,0.010000000000000002,36.0,1.0,0.09612440191387561,0.3100393554274612,0.1
419.0,0.010000000000000002,36.0,1.0,0.09591885441527445,0.30970769188910124,0.1
420.0,0.010000000000000002,36.0,1.0,0.09571428571428572,0.3093772546815388,0.1
421.0,0.010000000000000002,36.0,1.0,0.0955106888361045,0.3090480364540511,0.1
422.0,0.010000000000000002,36.0,1.0,0.09530805687203792,0.30872002991713693,0.1
423.0,0.010000000000000002,36.0,1.0,0.0951063829787234,0.3083932278418633,0.1
424.0,0.010000000000000002,36.0,1.0,0.09490566037735848,0.3080676230592213,0.1
425.0,0.010000000000000002,36.0,1.0,0.09470588235294117,0.3077432084594901,0.1
426.0,0.010000000000000002,36.0,1.0,0.09450704225352113,0.30741997699160856,0.1
427.0,0.010000000000000002,36.0,1.0,0.09430913348946135,0.30709792166255595,0.1
428.0,0.010000000000000002,36.0,1.0,0.09411214953271027,0.3067770355367401,0.1
429.0,0.010000000000000002,36.0,1.0,0.09391608391608391,0.3064573117353931,0.1
430.0,0.010000000000000002,36.0,1.0,0.09372093023255815,0.3061387434359757,0.1
431.0,0.010000000000000002,36.0,1.0,0.09352668213457077,0.30582132387158806,0.1
432.0,0.010000000000000002,36.0,1.0,0.09333333333333332,0.30550504633038933,0.1
433.0,0.010000000000000002,36.0,1.0,0.09314087759815243,0.3051899041550235,0.1
434.0,0.010000000000000002,36.0,1.0,0.09294930875576038,0.30487589074205323,0.1
435.0,0.010000000000000002,36.0,1.0,0.09275862068965518,0.3045629995414006,0.1
436.0,0.010000000000000002,36.0,1.0,0.09256880733944955,0.30425122405579497,0.1
437.0,0.010000000000000002,36.0,1.0,0.09237986270022883,0.3039405578402277,0.1
438.0,0.010000000000000002,36.0,1.0,0.09219178082191781,0.3036309945014142,0.1
439.0,0.010000000000000002,36.0,1.0,0.09200455580865605,0.30332252769726165,0.1
440.0,0.010000000000000002,36.0,1.0,0.09181818181818183,0.3030151511363447,0.1
441.0,0.010000000000000002,36.0,1.0,0.09163265306122448,0.302708858577387,0.1
442.0,0.010000000000000002,36.0,1.0,0.09144796380090497,0.3024036438287491,0.1
443.0,0.010000000000000002,36.0,1.0,0.09126410835214446,0.30209950074792324,0.1
444.0,0.010000000000000002,36.0,1.0,0.0910810810810811,0.3017964232410336,0.1
445.0,0.010000000000000002,36.0,1.0,0.09089887640449437,0.3014944052623438,0.1
446.0,0.010000000000000002,36.0,1.0,0.09071748878923766,0.3011934408137695,0.1
447.0,0.010000000000000002,36.0,1.0,0.09053691275167786,0.3008935239443977,0.1
448.0,0.010000000000000002,36.0,1.0,0.09035714285714286,0.30059464875001163,0.1
449.0,0.010000000000000002,36.0,1.0,0.09017817371937639,0.3002968093726212,0.1
450.0,0.010000000000000002,36.0,1.0,0.09,0.3,0.1
451.0,0.010000000000000002,36.0,1.0,0.08982261640798225,0.2997042148652272,0.1
452.0,0.010000000000000002,36.0,1.0,0.08964601769911504,0.2994094482462353,0.1
453.0,0.010000000000000002,36.0,1.0,0.08947019867549669,0.2991156944653635,0.1
454.0,0.010000000000000002,36.0,1.0,0.08929515418502204,0.2988229478889164,0.1
455.0,0.010000000000000002,36.0,1.0,0.08912087912087913,0.2985312029267278,0.1
456.0,0.010000000000000002,36.0,1.0,0.08894736842105264,0.29824045403173033,0.1
457.0,0.010000000000000002,36.0,1.0,0.08877461706783371,0.29795069569952964,0.1
458.0,0.010000000000000002,36.0,1.0,0.08860262008733624,0.29766192246798423,0.1
459.0,0.010000000000000002,36.0,1.0,0.08843137254901962,0.29737412891678994,0.1
460.0,0.010000000000000002,36.0,1.0,0.08826086956521739,0.29708730966706975,0.1
461.0,0.010000000000000002,36.0,1.0,0.08809110629067246,0.2968014593809681,0.1
462.0,0.010000000000000002,36.0,1.0,0.08792207792207793,0.29651657276125043,0.1
463.0,0.010000000000000002,36.0,1.0,0.08775377969762418,0.2962326445509073,0.1
464.0,0.010000000000000002,36.0,1.0,0.08758620689655172,0.29594966953276314,0.1
465.0,0.010000000000000002,36.0,1.0,0.08741935483870969,0.2956676425290899,0.1
466.0,0.010000000000000002,36.0,1.0,0.08725321888412019,0.2953865584012248,0.1
467.0,0.010000000000000002,36.0,1.0,0.08708779443254819,0.2951064120491932,0.1
468.0,0.010000000000000002,36.0,1.0,0.08692307692307694,0.2948271984113354,0.1
469.0,0.010000000000000002,36.0,1.0,0.0867590618336887,0.29454891246393816,0.1
470.0,0.010000000000000002,36.0,1.0,0.08659574468085107,0.2942715492208703,0.1
471.0,0.010000000000000002,36.0,1.0,0.08643312101910827,0.2939951037332225,0.1
472.0,0.010000000000000002,36.0,1.0,0.08627118644067797,0.2937195710889521,0.1
473.0,0.010000000000000002,36.0,1.0,0.08610993657505286,0.29344494641253044,0.1
474.0,0.010000000000000002,36.0,1.0,0.08594936708860759,0.2931712248645961,0.1
475.0,0.010000000000000002,36.0,1.0,0.08578947368421053,0.2928984016416111,0.1
476.0,0.010000000000000002,36.0,1.0,0.08563025210084033,0.2926264719755209,0.1
477.0,0.010000000000000002,36.0,1.0,0.08547169811320754,0.2923554311334194,0.1
478.0,0.010000000000000002,36.0,1.0,0.08531380753138076,0.29208527441721666,0.1
479.0,0.010000000000000002,36.0,1.0,0.08515657620041753,0.29181599716331097,0.1
480.0,0.010000000000000002,36.0,1.0,0.08499999999999999,0.291547594742265,0.1
481.0,0.010000000000000002,36.0,1.0,0.08484407484407486,0.2912800625584849,0.1
482.0,0.010000000000000002,36.0,1.0,0.08468879668049792,0.2910133960499034,0.1
483.0,0.010000000000000002,36.0,1.0,0.08453416149068324,0.29074759068766715,0.1
484.0,0.010000000000000002,36.0,1.0,0.08438016528925621,0.2904826419758265,0.1
485.0,0.010000000000000002,36.0,1.0,0.08422680412371134,0.2902185454510296,0.1
486.0,0.010000000000000002,36.0,1.0,0.08407407407407408,0.28995529668221975,0.1
487.0,0.010000000000000002,36.0,1.0,0.08392197125256673,0.28969289127033604,0.1
488.0,0.010000000000000002,36.0,1.0,0.0837704918032787,0.2894313248480176,0.1
489.0,0.010000000000000002,36.0,1.0,0.08361963190184049,0.28917059307931103,0.1
490.0,0.010000000000000002,36.0,1.0,0.08346938775510204,0.2889106916593812,0.1
491.0,0.010000000000000002,36.0,1.0,0.08331975560081467,0.2886516163142252,0.1
492.0,0.010000000000000002,36.0,1.0,0.08317073170731706,0.28839336280038946,0.1
493.0,0.010000000000000002,36.0,1.0,0.08302231237322516,0.28813592690469053,0.1
494.0,0.010000000000000002,36.0,1.0,0.08287449392712551,0.28787930444393794,0.1
495.0,0.010000000000000002,36.0,1.0,0.08272727272727273,0.28762349126466136,0.1
496.0,0.010000000000000002,36.0,1.0,0.08258064516129032,0.28736848324283987,0.1
497.0,0.010000000000000002,36.0,1.0,0.08243460764587526,0.2871142762836346,0.1
498.0,0.010000000000000002,36.0,1.0,0.08228915662650602,0.2868608663211244,0.1
499.0,0.010000000000000002,36.0,1.0,0.0821442885771543,0.2866082493180444,0.1
500.0,0.010000000000000002,36.0,1.0,0.08199999999999999,0.2863564212655271,0.1
501.0,0.010000000000000002,36.0,1.0,0.08185628742514969,0.28610537818284665,0.1
502.0,0.010000000000000002,36.0,1.0,0.08171314741035857,0.2858551161171662,0.1
503.0,0.010000000000000002,36.0,1.0,0.08157057654075547,0.2856056311432873,0.1
504.0,0.010000000000000002,36.0,1.0,0.08142857142857143,0.2853569193634026,0.1
505.0,0.010000000000000002,36.0,1.0,0.08128712871287128,0.28510897690685094,0.1
506.0,0.010000000000000002,36.0,1.0,0.08114624505928855,0.28486179992987576,0.1
507.0,0.010000000000000002,36.0,1.0,0.08100591715976332,0.28461538461538466,0.1
508.0,0.010000000000000002,36.0,1.0,0.08086614173228346,0.2843697271727134,0.1
509.0,0.010000000000000002,36.0,1.0,0.08072691552062869,0.2841248238373914,0.1
510.0,0.010000000000000002,36.0,1.0,0.08058823529411765,0.2838806708709095,0.1
511.0,0.010000000000000002,36.0,1.0,0.08045009784735813,0.28363726456049126,0.1
512.0,0.010000000000000002,36.0,1.0,0.08031250000000001,0.28339460121886584,0.1
513.0,0.010000000000000002,36.0,1.0,0.08017543859649123,0.28315267718404363,0.1
514.0,0.010000000000000002,36.0,1.0,0.08003891050583659,0.2829114888190944,0.1
515.0,0.010000000000000002,36.0,1.0,0.07990291262135923,0.2826710325119276,0.1
516.0,0.010000000000000002,36.0,1.0,0.07976744186046511,0.2824313046750751,0.1
517.0,0.010000000000000002,36.0,1.0,0.07963249516441007,0.2821923017454765,0.1
518.0,0.010000000000000002,36.0,1.0,0.0794980694980695,0.2819540201842661,0.1
519.0,0.010000000000000002,36.0,1.0,0.07936416184971098,0.28171645647656257,0.1
520.0,0.010000000000000002,36.0,1.0,0.07923076923076924,0.28147960713126136,0.1
521.0,0.010000000000000002,36.0,1.0,0.07909788867562381,0.2812434686808279,0.1
522.0,0.010000000000000002,36.0,1.0,0.07896551724137932,0.2810080376810943,0.1
523.0,0.010000000000000002,36.0,1.0,0.07883365200764819,0.28077331071105777,0.1
524.0,0.010000000000000002,36.0,1.0,0.07870229007633589,0.28053928437268083,0.1
525.0,0.010000000000000002,36.0,1.0,0.07857142857142857,0.280305955290694,0.1
526.0,0.010000000000000002,36.0,1.0,0.07844106463878328,0.2800733201124007,0.1
527.0,0.010000000000000002,36.0,1.0,0.0783111954459203,0.27984137550748334,0.1
528.0,0.010000000000000002,36.0,1.0,0.07818181818181819,0.2796101181678127,0.1
529.0,0.010000000000000002,36.0,1.0,0.07805293005671077,0.27937954480725813,0.1
530.0,0.010000000000000002,36.0,1.0,0.07792452830188679,0.2791496521615006,0.1
531.0,0.010000000000000002,36.0,1.0,0.07779661016949152,0.27892043698784696,0.1
532.0,0.010000000000000002,36.0,1.0,0.07766917293233083,0.2786918960650468,0.1
533.0,0.010000000000000002,36.0,1.0,0.0775422138836773,0.27846402619311045,0.1
534.0,0.010000000000000002,36.0,1.0,0.07741573033707866,0.2782368241931299,0.1
535.0,0.010000000000000002,36.0,1.0,0.07728971962616824,0.27801028690710033,0.1
536.0,0.010000000000000002,36.0,1.0,0.07716417910447762,0.27778441119774455,0.1
537.0,0.010000000000000002,36.0,1.0,0.07703910614525139,0.2775591939483385,0.1
538.0,0.010000000000000002,36.0,1.0,0.07691449814126394,0.2773346320625391,0.1
539.0,0.010000000000000002,36.0,1.0,0.07679035250463823,0.27711072246421325,0.1
540.0,0.010000000000000002,36.0,1.0,0.07666666666666666,0.27688746209726917,0.1
541.0,0.010000000000000002,36.0,1.0,0.076543438077634,0.27666484792548907,0.1
542.0,0.010000000000000002,36.0,1.0,0.07642066420664206,0.27644287693236386,0.1
543.0,0.010000000000000002,36.0,1.0,0.07629834254143647,0.2762215461209289,0.1
544.0,0.010000000000000002,36.0,1.0,0.07617647058823529,0.2760008525136024,0.1
545.0,0.010000000000000002,36.0,1.0,0.07605504587155965,0.27578079315202436,0.1
546.0,0.010000000000000002,36.0,1.0,0.07593406593406593,0.27556136509689805,0.1
547.0,0.010000000000000002,36.0,1.0,0.07581352833638025,0.27534256542783253,0.1
548.0,0.010000000000000002,36.0,1.0,0.07569343065693432,0.27512439124318716,0.1
549.0,0.010000000000000002,36.0,1.0,0.07557377049180328,0.2749068396599169,0.1
550.0,0.010000000000000002,36.0,1.0,0.07545454545454547,0.2746899078134205,0.1
551.0,0.010000000000000002,36.0,1.0,0.07533575317604355,0.27447359285738865,0.1
552.0,0.010000000000000002,36.0,1.0,0.07521739130434782,0.2742578919636549,0.1
553.0,0.010000000000000002,36.0,1.0,0.0750994575045208,0.2740428023220475,0.1
554.0,0.010000000000000002,36.0,1.0,0.07498194945848374,0.2738283211402424,0.1
555.0,0.010000000000000002,36.0,1.0,0.07486486486486488,0.2736144456436189,0.1
556.0,0.010000000000000002,36.0,1.0,0.07474820143884892,0.27340117307511486,0.1
557.0,0.010000000000000002,36.0,1.0,0.07463195691202873,0.2731885006950855,0.1
558.0,0.010000000000000002,36.0,1.0,0.07451612903225807,0.27297642578116166,0.1
559.0,0.010000000000000002,36.0,1.0,0.07440071556350628,0.2727649456281109,0.1
560.0,0.010000000000000002,36.0,1.0,0.07428571428571429,0.27255405754769874,0.1
561.0,0.010000000000000002,36.0,1.0,0.07417112299465242,0.2723437588685528,0.1
562.0,0.010000000000000002,36.0,1.0,0.07405693950177936,0.2721340469360263,0.1
563.0,0.010000000000000002,36.0,1.0,0.07394316163410303,0.2719249191120649,0.1
564.0,0.010000000000000002,36.0,1.0,0.07382978723404254,0.2717163727750732,0.1
565.0,0.010000000000000002,36.0,1.0,0.07371681415929204,0.2715084053197839,0.1
566.0,0.010000000000000002,36.0,1.0,0.0736042402826855,0.27130101415712676,0.1
567.0,0.010000000000000002,36.0,1.0,0.0734920634920635,0.2710941967141006,0.1
568.0,0.010000000000000002,36.0,1.0,0.07338028169014085,0.2708879504336449,0.1
569.0,0.010000000000000002,36.0,1.0,0.0732688927943761,0.27068227277451345,0.1
570.0,0.010000000000000002,36.0,1.0,0.07315789473684212,0.27047716121114945,0.1
571.0,0.010000000000000002,36.0,1.0,0.07304728546409808,0.27027261323356105,0.1
572.0,0.010000000000000002,36.0,1.0,0.07293706293706295,0.2700686263471989,0.1
573.0,0.010000000000000002,36.0,1.0,0.07282722513089004,0.2698651980728342,0.1
574.0,0.010000000000000002,36.0,1.0,0.0727177700348432,0.2696623259464384,0.1
575.0,0.010000000000000002,36.0,1.0,0.07260869565217393,0.2694600075190638,0.1
576.0,0.010000000000000002,36.0,1.0,0.07250000000000001,0.26925824035672524,0.1
577.0,0.010000000000000002,36.0,1.0,0.07239168110918545,0.2690570220402832,0.1
578.0,0.010000000000000002,36.0,1.0,0.07228373702422144,0.26885635016532794,0.1
579.0,0.010000000000000002,36.0,1.0,0.07217616580310882,0.26865622234206454,0.1
580.0,0.010000000000000002,36.0,1.0,0.07206896551724137,0.2684566361951989,0.1
581.0,0.010000000000000002,36.0,1.0,0.07196213425129089,0.2682575893638256,0.1
582.0,0.010000000000000002,36.0,1.0,0.0718556701030928,0.2680590795013159,0.1
583.0,0.010000000000000002,36.0,1.0,0.07174957118353345,0.26786110427520726,0.1
584.0,0.010000000000000002,36.0,1.0,0.07164383561643836,0.26766366136709396,0.1
585.0,0.010000000000000002,36.0,1.0,0.07153846153846155,0.2674667484725186,0.1
586.0,0.010000000000000002,36.0,1.0,0.07143344709897612,0.2672703633008645,0.1
587.0,0.010000000000000002,36.0,1.0,0.07132879045996593,0.2670745035752494,0.1
588.0,0.010000000000000002,36.0,1.0,0.07122448979591836,0.26687916703242004,0.1
589.0,0.010000000000000002,36.0,1.0,0.07112054329371817,0.2666843514226475,0.1
590.0,0.010000000000000002,36.0,1.0,0.07101694915254238,0.266490054509624,0.1
591.0,0.010000000000000002,36.0,1.0,0.07091370558375634,0.2662962740703601,0.1
592.0,0.010000000000000002,36.0,1.0,0.07081081081081081,0.2661030078950834,0.1
593.0,0.010000000000000002,36.0,1.0,0.07070826306913996,0.2659102537871377,0.1
594.0,0.010000000000000002,36.0,1.0,0.07060606060606062,0.26571800956288344,0.1
595.0,0.010000000000000002,36.0,1.0,0.07050420168067227,0.2655262730515989,0.1
596.0,0.010000000000000002,36.0,1.0,0.0704026845637584,0.2653350420953825,0.1
597.0,0.010000000000000002,36.0,1.0,0.07030150753768843,0.2651443145490554,0.1
598.0,0.010000000000000002,36.0,1.0,0.07020066889632107,0.2649540882800661,0.1
599.0,0.010000000000000002,36.0,1.0,0.07010016694490818,0.26476436116839475,0.1
600.0,0.010000000000000002,36.0,1.0,0.07,0.2645751311064591,0.1
601.0,0.010000000000000002,36.0,1.0,0.06990016638935109,0.2643863959990209,0.1
602.0,0.010000000000000002,36.0,1.0,0.06980066445182725,0.26419815376309363,0.1
603.0,0.010000000000000002,36.0,1.0,0.06970149253731343,0.2640104023278504,0.1
604.0,0.010000000000000002,36.0,1.0,0.06960264900662252,0.2638231396345334,0.1
605.0,0.010000000000000002,36.0,1.0,0.06950413223140496,0.2636363636363636,0.1
606.0,0.010000000000000002,36.0,1.0,0.06940594059405941,0.2634500722984517,0.1
607.0,0.010000000000000002,36.0,1.0,0.06930807248764415,0.26326426359770927,0.1
608.0,0.010000000000000002,36.0,1.0,0.06921052631578947,0.26307893552276185,0.1
609.0,0.010000000000000002,36.0,1.0,0.06911330049261083,0.2628940860738614,0.1
610.0,0.010000000000000002,36.0,1.0,0.06901639344262295,0.2627097132628007,0.1
611.0,0.010000000000000002,36.0,1.0,0.06891980360065467,0.26252581511282785,0.1
612.0,0.010000000000000002,36.0,1.0,0.0688235294117647,0.2623423896585618,0.1
613.0,0.010000000000000002,36.0,1.0,0.06872756933115824,0.2621594349459089,0.1
614.0,0.010000000000000002,36.0,1.0,0.06863192182410424,0.2619769490319792,0.1
615.0,0.010000000000000002,36.0,1.0,0.06853658536585366,0.261794929985005,0.1
616.0,0.010000000000000002,36.0,1.0,0.06844155844155844,0.2616133758842587,0.1
617.0,0.010000000000000002,36.0,1.0,0.06834683954619125,0.26143228481997255,0.1
618.0,0.010000000000000002,36.0,1.0,0.06825242718446603,0.2612516548932581,0.1
619.0,0.010000000000000002,36.0,1.0,0.06815831987075929,0.2610714842160271,0.1
620.0,0.010000000000000002,36.0,1.0,0.06806451612903226,0.2608917709109129,0.1
621.0,0.010000000000000002,36.0,1.0,0.06797101449275363,0.2607125131111923,0.1
622.0,0.010000000000000002,36.0,1.0,0.06787781350482315,0.2605337089607085,0.1
623.0,0.010000000000000002,36.0,1.0,0.06778491171749598,0.2603553566137943,0.1
624.0,0.010000000000000002,36.0,1.0,0.06769230769230769,0.26017745423519634,0.1
625.0,0.010000000000000002,36.0,1.0,0.0676,0.26,0.1
626.0,0.010000000000000002,36.0,1.0,0.06750798722044729,0.25982299209355453,0.1
627.0,0.010000000000000002,36.0,1.0,0.06741626794258374,0.25964642871139926,0.1
628.0,0.010000000000000002,36.0,1.0,0.0673248407643312,0.25947030805919047,0.1
629.0,0.010000000000000002,36.0,1.0,0.06723370429252783,0.2592946283526287,0.1
630.0,0.010000000000000002,36.0,1.0,0.06714285714285714,0.25911938781738647,0.1
631.0,0.010000000000000002,36.0,1.0,0.06705229793977813,0.2589445846890375,0.1
632.0,0.010000000000000002,36.0,1.0,0.0669620253164557,0.2587702172129855,0.1
633.0,0.010000000000000002,36.0,1.0,0.06687203791469194,0.25859628364439413,0.1
634.0,0.010000000000000002,36.0,1.0,0.06678233438485805,0.25842278224811766,0.1
635.0,0.010000000000000002,36.0,1.0,0.06669291338582678,0.258249711298632,0.1
636.0,0.010000000000000002,36.0,1.0,0.06660377358490566,0.25807706907996625,0.1
637.0,0.010000000000000002,36.0,1.0,0.0665149136577708,0.2579048538856351,0.1
638.0,0.010000000000000002,36.0,1.0,0.06642633228840125,0.2577330640185718,0.1
639.0,0.010000000000000002,36.0,1.0,0.06633802816901409,0.2575616977910615,0.1
640.0,0.010000000000000002,36.0,1.0,0.06625,0.257390753524675,0.1
641.0,0.010000000000000002,36.0,1.0,0.0661622464898596,0.25722022955020396,0.1
642.0,0.010000000000000002,36.0,1.0,0.06607476635514019,0.2570501242075953,0.1
643.0,0.010000000000000002,36.0,1.0,0.06598755832037326,0.25688043584588777,0.1
644.0,0.010000000000000002,36.0,1.0,0.06590062111801243,0.25671116282314727,0.1
645.0,0.010000000000000002,36.0,1.0,0.0658139534883721,0.2565423035064044,0.1
646.0,0.010000000000000002,36.0,1.0,0.06572755417956656,0.2563738562715913,0.1
647.0,0.010000000000000002,36.0,1.0,0.06564142194744976,0.25620581950348,0.1
648.0,0.010000000000000002,36.0,1.0,0.06555555555555556,0.2560381915956203,0.1
649.0,0.010000000000000002,36.0,1.0,0.06546995377503853,0.255870970950279,0.1
650.0,0.010000000000000002,36.0,1.0,0.06538461538461539,0.2557041559783794,0.1
651.0,0.010000000000000002,36.0,1.0,0.06529953917050692,0.25553774509944105,0.1
652.0,0.010000000000000002,36.0,1.0,0.06521472392638036,0.2553717367415203,0.1
653.0,0.010000000000000002,36.0,1.0,0.0651301684532925,0.2552061293411514,0.1
654.0,0.010000000000000002,36.0,1.0,0.06504587155963304,0.25504092134328765,0.1
655.0,0.010000000000000002,36.0,1.0,0.0649618320610687,0.2548761112012436,0.1
656.0,0.010000000000000002,36.0,1.0,0.06487804878048781,0.25471169737663757,0.1
657.0,0.010000000000000002,36.0,1.0,0.06479452054794521,0.25454767833933434,0.1
658.0,0.010000000000000002,36.0,1.0,0.0647112462006079,0.25438405256738855,0.1
659.0,0.010000000000000002,36.0,1.0,0.06462822458270107,0.2542208185469889,0.1
660.0,0.010000000000000002,36.0,1.0,0.06454545454545454,0.25405797477240216,0.1
661.0,0.010000000000000002,36.0,1.0,0.06446293494704992,0.2538955197459182,0.1
662.0,0.010000000000000002,36.0,1.0,0.06438066465256798,0.25373345197779495,0.1
663.0,0.010000000000000002,36.0,1.0,0.06429864253393666,0.2535717699862046,0.1
664.0,0.010000000000000002,36.0,1.0,0.06421686746987952,0.2534104722971794,0.1
665.0,0.010000000000000002,36.0,1.0,0.06413533834586466,0.25324955744455835,0.1
666.0,0.010000000000000002,36.0,1.0,0.06405405405405407,0.2530890239699345,0.1
667.0,0.010000000000000002,36.0,1.0,0.06397301349325338,0.252928870422602,0.1
668.0,0.010000000000000002,36.0,1.0,0.06389221556886228,0.2527690953595045,0.1
669.0,0.010000000000000002,36.0,1.0,0.06381165919282511,0.2526096973451833,0.1
670.0,0.010000000000000002,36.0,1.0,0.0637313432835821,0.2524506749517262,0.1
671.0,0.010000000000000002,36.0,1.0,0.06365126676602087,0.25229202675871637,0.1
672.0,0.010000000000000002,36.0,1.0,0.06357142857142857,0.2521337513531827,0.1
673.0,0.010000000000000002,36.0,1.0,0.06349182763744428,0.2519758473295492,0.1
674.0,0.010000000000000002,36.0,1.0,0.06341246290801186,0.25181831328958554,0.1
675.0,0.010000000000000002,36.0,1.0,0.06333333333333334,0.2516611478423583,0.1
676.0,0.010000000000000002,36.0,1.0,0.06325443786982249,0.2515043496041818,0.1
677.0,0.010000000000000002,36.0,1.0,0.0631757754800591,0.2513479171985698,0.1
678.0,0.010000000000000002,36.0,1.0,0.06309734513274337,0.2511918492561878,0.1
679.0,0.010000000000000002,36.0,1.0,0.06301914580265096,0.25103614441480526,0.1
680.0,0.010000000000000002,36.0,1.0,0.06294117647058824,0.2508808013192485,0.1
681.0,0.010000000000000002,36.0,1.0,0.06286343612334802,0.25072581862135385,0.1
682.0,0.010000000000000002,36.0,1.0,0.06278592375366569,0.2505711949799212,0.1
683.0,0.010000000000000002,36.0,1.0,0.0627086383601757,0.25041692906066815,0.1
684.0,0.010000000000000002,36.0,1.0,0.06263157894736843,0.250263019536184,0.1
685.0,0.010000000000000002,36.0,1.0,0.06255474452554745,0.25010946508588483,0.1
686.0,0.010000000000000002,36.0,1.0,0.062478134110787176,0.24995626439596824,0.1
687.0,0.010000000000000002,36.0,1.0,0.06240174672489083,0.24980341615936885,0.1
688.0,0.010000000000000002,36.0,1.0,0.06232558139534884,0.2496509190757143,0.1
689.0,0.010000000000000002,36.0,1.0,0.062249637155297535,0.24949877185128094,0.1
690.0,0.010000000000000002,36.0,1.0,0.06217391304347826,0.24934697319895074,0.1
691.0,0.010000000000000002,36.0,1.0,0.06209840810419682,0.2491955218381679,0.1
692.0,0.010000000000000002,36.0,1.0,0.06202312138728324,0.24904441649489603,0.1
693.0,0.010000000000000002,36.0,1.0,0.06194805194805195,0.24889365590157567,0.1
694.0,0.010000000000000002,36.0,1.0,0.06187319884726225,0.24874323879708218,0.1
695.0,0.010000000000000002,36.0,1.0,0.06179856115107914,0.2485931639266839,0.1
696.0,0.010000000000000002,36.0,1.0,0.061724137931034484,0.24844343004200067,0.1
697.0,0.010000000000000002,36.0,1.0,0.061649928263988525,0.24829403590096263,0.1
698.0,0.010000000000000002,36.0,1.0,0.061575931232091694,0.24814498026776946,0.1
699.0,0.010000000000000002,36.0,1.0,0.06150214592274678,0.24799626191284976,0.1
700.0,0.010000000000000002,36.0,1.0,0.06142857142857143,0.24784787961282104,0.1
701.0,0.010000000000000002,36.0,1.0,0.06135520684736091,0.2476998321504496,0.1
702.0,0.010000000000000002,36.0,1.0,0.06128205128205128,0.24755211831461124,0.1
703.0,0.010000000000000002,36.0,1.0,0.06120910384068279,0.24740473690025175,0.1
704.0,0.010000000000000002,36.0,1.0,0.06113636363636364,0.24725768670834813,0.1
705.0,0.010000000000000002,36.0,1.0,0.06106382978723404,0.24711096654586992,0.1
706.0,0.010000000000000002,36.0,1.0,0.060991501416430595,0.2469645752257408,0.1
707.0,0.010000000000000002,36.0,1.0,0.060919377652050924,0.24681851156680068,0.1
708.0,0.010000000000000002,36.0,1.0,0.06084745762711865,0.24667277439376775,0.1
709.0,0.010000000000000002,36.0,1.0,0.06077574047954866,0.24652736253720126,0.1
710.0,0.010000000000000002,36.0,1.0,0.06070422535211268,0.2463822748334642,0.1
711.0,0.010000000000000002,36.0,1.0,0.060632911392405064,0.24623751012468645,0.1
712.0,0.010000000000000002,36.0,1.0,0.06056179775280899,0.24609306725872834,0.1
713.0,0.010000000000000002,36.0,1.0,0.060490883590462834,0.24594894508914414,0.1
714.0,0.010000000000000002,36.0,1.0,0.060420168067226894,0.24580514247514615,0.1
715.0,0.010000000000000002,36.0,1.0,0.060349650349650355,0.24566165828156894,0.1
716.0,0.010000000000000002,36.0,1.0,0.06027932960893855,0.24551849137883394,0.1
717.0,0.010000000000000002,36.0,1.0,0.0602092050209205,0.24537564064291406,0.1
718.0,0.010000000000000002,36.0,1.0,0.060139275766016714,0.24523310495529904,0.1
719.0,0.010000000000000002,36.0,1.0,0.06006954102920723,0.24509088320296052,0.1
720.0,0.010000000000000002,36.0,1.0,0.060000000000000005,0.24494897427831783,0.1
721.0,0.010000000000000002,36.0,1.0,0.059930651872399446,0.24480737707920375,0.1
722.0,0.010000000000000002,36.0,1.0,0.05986149584487535,0.24466609050883073,0.1
723.0,0.010000000000000002,36.0,1.0,0.05979253112033195,0.24452511347575723,0.1
724.0,0.010000000000000002,36.0,1.0,0.05972375690607735,0.24438444489385439,0.1
725.0,0.010000000000000002,36.0,1.0,0.0596551724137931,0.24424408368227285,0.1
726.0,0.010000000000000002,36.0,1.0,0.059586776859504136,0.24410402876541004,0.1
727.0,0.010000000000000002,36.0,1.0,0.05951856946354883,0.24396427907287746,0.1
728.0,0.010000000000000002,36.0,1.0,0.05945054945054945,0.24382483353946835,0.1
729.0,0.010000000000000002,36.0,1.0,0.059382716049382715,0.24368569110512564,0.1
730.0,0.010000000000000002,36.0,1.0,0.059315068493150686,0.24354685071491006,0.1
731.0,0.010000000000000002,36.0,1.0,0.05924760601915185,0.24340831131896842,0.1
732.0,0.010000000000000002,36.0,1.0,0.05918032786885246,0.24327007187250235,0.1
733.0,0.010000000000000002,36.0,1.0,0.05911323328785812,0.2431321313357371,0.1
734.0,0.010000000000000002,36.0,1.0,0.05904632152588556,0.24299448867389065,0.1
735.0,0.010000000000000002,36.0,1.0,0.05897959183673469,0.24285714285714285,0.1
736.0,0.010000000000000002,36.0,1.0,0.058913043478260874,0.24272009286060534,0.1
737.0,0.010000000000000002,36.0,1.0,0.058846675712347356,0.24258333766429085,0.1
738.0,0.010000000000000002,36.0,1.0,0.05878048780487805,0.24244687625308364,0.1
739.0,0.010000000000000002,36.0,1.0,0.05871447902571042,0.24231070761670936,0.1
740.0,0.010000000000000002,36.0,1.0,0.05864864864864865,0.2421748307497058,0.1
741.0,0.010000000000000002,36.0,1.0,0.058582995951417006,0.24203924465139326,0.1
742.0,0.010000000000000002,36.0,1.0,0.058517520215633424,0.2419039483258457,0.1
743.0,0.010000000000000002,36.0,1.0,0.05845222072678331,0.24176894078186162,0.1
744.0,0.010000000000000002,36.0,1.0,0.05838709677419355,0.24163422103293555,0.1
745.0,0.010000000000000002,36.0,1.0,0.05832214765100671,0.2414997880972294,0.1
746.0,0.010000000000000002,36.0,1.0,0.058257372654155495,0.24136564099754443,0.1
747.0,0.010000000000000002,36.0,1.0,0.058192771084337354,0.24123177876129287,0.1
748.0,0.010000000000000002,36.0,1.0,0.058128342245989305,0.2410982004204704,0.1
749.0,0.010000000000000002,36.0,1.0,0.05806408544726302,0.24096490501162823,0.1
750.0,0.010000000000000002,36.0,1.0,0.058,0.24083189157584592,0.1
751.0,0.010000000000000002,36.0,1.0,0.057936085219707056,0.24069915915870388,0.1
752.0,0.010000000000000002,36.0,1.0,0.05787234042553192,0.24056670681025652,0.1
753.0,0.010000000000000002,36.0,1.0,0.057808764940239045,0.2404345335850053,0.1
754.0,0.010000000000000002,36.0,1.0,0.057745358090185675,0.24030263854187217,0.1
755.0,0.010000000000000002,36.0,1.0,0.05768211920529802,0.2401710207441731,0.1
756.0,0.010000000000000002,36.0,1.0,0.05761904761904762,0.24003967925959163,0.1
757.0,0.010000000000000002,36.0,1.0,0.057556142668428005,0.23990861316015313,0.1
758.0,0.010000000000000002,36.0,1.0,0.0574934036939314,0.23977782152219876,0.1
759.0,0.010000000000000002,36.0,1.0,0.05743083003952569,0.23964730342635965,0.1
760.0,0.010000000000000002,36.0,1.0,0.05736842105263158,0.23951705795753167,0.1
761.0,0.010000000000000002,36.0,1.0,0.05730617608409987,0.23938708420484986,0.1
762.0,0.010000000000000002,36.0,1.0,0.05724409448818898,0.23925738126166343,0.1
763.0,0.010000000000000002,36.0,1.0,0.057182175622542596,0.23912794822551084,0.1
764.0,0.010000000000000002,36.0,1.0,0.05712041884816754,0.23899878419809492,0.1
765.0,0.010000000000000002,36.0,1.0,0.057058823529411766,0.23886988828525826,0.1
766.0,0.010000000000000002,36.0,1.0,0.05699738903394256,0.238741259596959,0.1
767.0,0.010000000000000002,36.0,1.0,0.056936114732724905,0.23861289724724627,0.1
768.0,0.010000000000000002,36.0,1.0,0.056875,0.23848480035423641,0.1
769.0,0.010000000000000002,36.0,1.0,0.056814044213263984,0.23835696804008893,0.1
770.0,0.010000000000000002,36.0,1.0,0.05675324675324676,0.2382293994309828,0.1
771.0,0.010000000000000002,36.0,1.0,0.05669260700389105,0.23810209365709292,0.1
772.0,0.010000000000000002,36.0,1.0,0.05663212435233161,0.2379750498525667,0.1
773.0,0.010000000000000002,36.0,1.0,0.05657179818887452,0.2378482671555009,0.1
774.0,0.010000000000000002,36.0,1.0,0.056511627906976745,0.23772174470791843,0.1
775.0,0.010000000000000002,36.0,1.0,0.05645161290322581,0.23759548165574573,0.1
776.0,0.010000000000000002,36.0,1.0,0.05639175257731959,0.23746947714878977,0.1
777.0,0.010000000000000002,36.0,1.0,0.05633204633204633,0.23734373034071563,0.1
778.0,0.010000000000000002,36.0,1.0,0.05627249357326478,0.237218240389024,0.1
779.0,0.010000000000000002,36.0,1.0,0.05621309370988447,0.2370930064550291,0.1
780.0,0.010000000000000002,36.0,1.0,0.05615384615384616,0.23696802770383638,0.1
781.0,0.010000000000000002,36.0,1.0,0.056094750320102436,0.23684330330432068,0.1
782.0,0.010000000000000002,36.0,1.0,0.05603580562659847,0.23671883242910452,0.1
783.0,0.010000000000000002,36.0,1.0,0.055977011494252875,0.2365946142545364,0.1
784.0,0.010000000000000002,36.0,1.0,0.05591836734693878,0.23647064796066927,0.1
785.0,0.010000000000000002,36.0,1.0,0.05585987261146497,0.23634693273123933,0.1
786.0,0.010000000000000002,36.0,1.0,0.055801526717557254,0.23622346775364478,0.1
787.0,0.010000000000000002,36.0,1.0,0.0557433290978399,0.23610025221892478,0.1
788.0,0.010000000000000002,36.0,1.0,0.05568527918781726,0.23597728532173867,0.1
789.0,0.010000000000000002,36.0,1.0,0.05562737642585552,0.2358545662603451,0.1
790.0,0.010000000000000002,36.0,1.0,0.05556962025316456,0.23573209423658154,0.1
791.0,0.010000000000000002,36.0,1.0,0.05551201011378003,0.2356098684558438,0.1
792.0,0.010000000000000002,36.0,1.0,0.05545454545454546,0.2354878881270658,0.1
793.0,0.010000000000000002,36.0,1.0,0.05539722572509458,0.23536615246269924,0.1
794.0,0.010000000000000002,36.0,1.0,0.05534005037783375,0.23524466067869373,0.1
795.0,0.010000000000000002,36.0,1.0,0.05528301886792453,0.2351234119944769,0.1
796.0,0.010000000000000002,36.0,1.0,0.055226130653266335,0.23500240563293462,0.1
797.0,0.010000000000000002,36.0,1.0,0.0551693851944793,0.23488164082039129,0.1
798.0,0.010000000000000002,36.0,1.0,0.05511278195488722,0.23476111678659056,0.1
799.0,0.010000000000000002,36.0,1.0,0.055056320400500625,0.23464083276467596,0.1
800.0,0.010000000000000002,36.0,1.0,0.055,0.2345207879911715,0.1
801.0,0.010000000000000002,36.0,1.0,0.0549438202247191,0.2344009817059628,0.1
802.0,0.010000000000000002,36.0,1.0,0.05488778054862843,0.2342814131522781,0.1
803.0,0.010000000000000002,36.0,1.0,0.054831880448318805,0.23416208157666946,0.1
804.0,0.010000000000000002,36.0,1.0,0.054776119402985074,0.234042986228994,0.1
805.0,0.010000000000000002,36.0,1.0,0.05472049689440994,0.23392412636239543,0.1
806.0,0.010000000000000002,36.0,1.0,0.05466501240694789,0.23380550123328556,0.1
807.0,0.010000000000000002,36.0,1.0,0.054609665427509294,0.23368711010132606,0.1
808.0,0.010000000000000002,36.0,1.0,0.054554455445544554,0.23356895222941032,0.1
809.0,0.010000000000000002,36.0,1.0,0.05449938195302843,0.2334510268836452,0.1
810.0,0.010000000000000002,36.0,1.0,0.05444444444444445,0.23333333333333334,0.1
811.0,0.010000000000000002,36.0,1.0,0.05438964241676942,0.23321587085095521,0.1
812.0,0.010000000000000002,36.0,1.0,0.05433497536945813,0.2330986387121515,0.1
813.0,0.010000000000000002,36.0,1.0,0.05428044280442804,0.23298163619570544,0.1
814.0,0.010000000000000002,36.0,1.0,0.054226044226044226,0.2328648625835255,0.1
815.0,0.010000000000000002,36.0,1.0,0.0541717791411043,0.23274831716062802,0.1
816.0,0.010000000000000002,36.0,1.0,0.054117647058823534,0.23263199921511987,0.1
817.0,0.010000000000000002,36.0,1.0,0.05406364749082008,0.2325159080381815,0.1
818.0,0.010000000000000002,36.0,1.0,0.05400977995110025,0.23240004292404992,0.1
819.0,0.010000000000000002,36.0,1.0,0.05395604395604396,0.23228440317000185,0.1
820.0,0.010000000000000002,36.0,1.0,0.05390243902439024,0.23216898807633685,0.1
821.0,0.010000000000000002,36.0,1.0,0.0538489646772229,0.2320537969463609,0.1
822.0,0.010000000000000002,36.0,1.0,0.05379562043795621,0.23193882908636967,0.1
823.0,0.010000000000000002,36.0,1.0,0.05374240583232078,0.23182408380563221,0.1
824.0,0.010000000000000002,36.0,1.0,0.05368932038834952,0.23170956041637453,0.1
825.0,0.010000000000000002,36.0,1.0,0.05363636363636364,0.2315952582337636,0.1
826.0,0.010000000000000002,36.0,1.0,0.05358353510895884,0.231481176575891,0.1
827.0,0.010000000000000002,36.0,1.0,0.05353083434099154,0.2313673147637573,0.1
828.0,0.010000000000000002,36.0,1.0,0.05347826086956522,0.23125367212125567,0.1
829.0,0.010000000000000002,36.0,1.0,0.05342581423401689,0.23114024797515662,0.1
830.0,0.010000000000000002,36.0,1.0,0.053373493975903616,0.231027041655092,0.1
831.0,0.010000000000000002,36.0,1.0,0.05332129963898917,0.2309140524935396,0.1
832.0,0.010000000000000002,36.0,1.0,0.05326923076923077,0.23080127982580767,0.1
833.0,0.010000000000000002,36.0,1.0,0.05321728691476591,0.2306887229900194,0.1
834.0,0.010000000000000002,36.0,1.0,0.053165467625899285,0.23057638132709796,0.1
835.0,0.010000000000000002,36.0,1.0,0.053113772455089824,0.23046425418075103,0.1
836.0,0.010000000000000002,36.0,1.0,0.053062200956937804,0.23035234089745604,0.1
837.0,0.010000000000000002,36.0,1.0,0.05301075268817205,0.230240640826445,0.1
838.0,0.010000000000000002,36.0,1.0,0.05295942720763723,0.23012915331968967,0.1
839.0,0.010000000000000002,36.0,1.0,0.05290822407628129,0.23001787773188695,0.1
840.0,0.010000000000000002,36.0,1.0,0.05285714285714286,0.22990681342044403,0.1
841.0,0.010000000000000002,36.0,1.0,0.052806183115338884,0.22979595974546393,0.1
842.0,0.010000000000000002,36.0,1.0,0.052755344418052255,0.22968531606973105,0.1
843.0,0.010000000000000002,36.0,1.0,0.052704626334519576,0.22957488175869672,0.1
844.0,0.010000000000000002,36.0,1.0,0.05265402843601896,0.22946465618046488,0.1
845.0,0.010000000000000002,36.0,1.0,0.05260355029585799,0.22935463870577807,0.1
846.0,0.010000000000000002,36.0,1.0,0.0525531914893617,0.22924482870800314,0.1
847.0,0.010000000000000002,36.0,1.0,0.05250295159386069,0.2291352255631174,0.1
848.0,0.010000000000000002,36.0,1.0,0.052452830188679245,0.22902582864969454,0.1
849.0,0.010000000000000002,36.0,1.0,0.05240282685512368,0.228916637348891,0.1
850.0,0.010000000000000002,36.0,1.0,0.05235294117647059,0.22880765104443204,0.1
851.0,0.010000000000000002,36.0,1.0,0.05230317273795535,0.22869886912259832,0.1
852.0,0.010000000000000002,36.0,1.0,0.052253521126760565,0.22859029097221203,0.1
853.0,0.010000000000000002,36.0,1.0,0.05220398593200469,0.2284819159846238,0.1
854.0,0.010000000000000002,36.0,1.0,0.05215456674473068,0.22837374355369902,0.1
855.0,0.010000000000000002,36.0,1.0,0.05210526315789474,0.22826577307580465,0.1
856.0,0.010000000000000002,36.0,1.0,0.05205607476635514,0.22815800394979602,0.1
857.0,0.010000000000000002,36.0,1.0,0.05200700116686115,0.22805043557700377,0.1
858.0,0.010000000000000002,36.0,1.0,0.05195804195804196,0.2279430673612206,0.1
859.0,0.010000000000000002,36.0,1.0,0.05190919674039581,0.2278358987086886,0.1
860.0,0.010000000000000002,36.0,1.0,0.05186046511627907,0.22772892902808609,0.1
861.0,0.010000000000000002,36.0,1.0,0.051811846689895476,0.22762215773051506,0.1
862.0,0.010000000000000002,36.0,1.0,0.05176334106728538,0.22751558422948828,0.1
863.0,0.010000000000000002,36.0,1.0,0.05171494785631518,0.2274092079409169,0.1
864.0,0.010000000000000002,36.0,1.0,0.051666666666666666,0.2273030282830976,0.1
865.0,0.010000000000000002,36.0,1.0,0.05161849710982659,0.22719704467670038,0.1
866.0,0.010000000000000002,36.0,1.0,0.05157043879907621,0.22709125654475606,0.1
867.0,0.010000000000000002,36.0,1.0,0.05152249134948097,0.22698566331264397,0.1
868.0,0.010000000000000002,36.0,1.0,0.05147465437788019,0.22688026440807976,0.1
869.0,0.010000000000000002,36.0,1.0,0.05142692750287687,0.2267750592611032,0.1
870.0,0.010000000000000002,36.0,1.0,0.05137931034482759,0.22667004730406615,0.1
871.0,0.010000000000000002,36.0,1.0,0.05133180252583238,0.22656522797162051,0.1
872.0,0.010000000000000002,36.0,1.0,0.051284403669724775,0.22646060070070637,0.1
873.0,0.010000000000000002,36.0,1.0,0.05123711340206186,0.22635616493054006,0.1
874.0,0.010000000000000002,36.0,1.0,0.05118993135011442,0.22625192010260248,0.1
875.0,0.010000000000000002,36.0,1.0,0.05114285714285714,0.22614786566062733,0.1
876.0,0.010000000000000002,36.0,1.0,0.051095890410958904,0.2260440010505895,0.1
877.0,0.010000000000000002,36.0,1.0,0.05104903078677309,0.22594032572069356,0.1
878.0,0.010000000000000002,36.0,1.0,0.05100227790432802,0.22583683912136218,0.1
879.0,0.010000000000000002,36.0,1.0,0.05095563139931741,0.22573354070522486,0.1
880.0,0.010000000000000002,36.0,1.0,0.05090909090909091,0.2256304299271065,0.1
881.0,0.010000000000000002,36.0,1.0,0.05086265607264472,0.2255275062440161,0.1
882.0,0.010000000000000002,36.0,1.0,0.050816326530612244,0.2254247691151357,0.1
883.0,0.010000000000000002,36.0,1.0,0.050770101925254815,0.22532221800180915,0.1
884.0,0.010000000000000002,36.0,1.0,0.05072398190045249,0.22521985236753106,0.1
885.0,0.010000000000000002,36.0,1.0,0.050677966101694914,0.22511767167793584,0.1
886.0,0.010000000000000002,36.0,1.0,0.050632054176072236,0.22501567540078676,0.1
887.0,0.010000000000000002,36.0,1.0,0.050586245772266066,0.22491386300596516,0.1
888.0,0.010000000000000002,36.0,1.0,0.050540540540540545,0.2248122339654596,0.1
889.0,0.010000000000000002,36.0,1.0,0.05049493813273341,0.22471078775335512,0.1
890.0,0.010000000000000002,36.0,1.0,0.05044943820224719,0.2246095238458227,0.1
891.0,0.010000000000000002,36.0,1.0,0.05040404040404041,0.2245084417211086,0.1
892.0,0.010000000000000002,36.0,1.0,0.050358744394618835,0.22440754085952377,0.1
893.0,0.010000000000000002,36.0,1.0,0.05031354983202688,0.22430682074343364,0.1
894.0,0.010000000000000002,36.0,1.0,0.050268456375838926,0.22420628085724745,0.1
895.0,0.010000000000000002,36.0,1.0,0.05022346368715084,0.2241059206874081,0.1
896.0,0.010000000000000002,36.0,1.0,0.050178571428571433,0.22400573972238175,0.1
897.0,0.010000000000000002,36.0,1.0,0.05013377926421405,0.2239057374526478,0.1
898.0,0.010000000000000002,36.0,1.0,0.0500890868596882,0.22380591337068867,0.1
899.0,0.010000000000000002,36.0,1.0,0.050044493882091215,0.22370626697097964,0.1
900.0,0.010000000000000002,36.0,1.0,0.05,0.22360679774997896,0.1
901.0,0.010000000000000002,36.0,1.0,0.049955604883462824,0.2235075052061179,0.1
902.0,0.010000000000000002,36.0,1.0,0.04991130820399113,0.22340838883979072,0.1
903.0,0.010000000000000002,36.0,1.0,0.049867109634551494,0.22330944815334502,0.1
904.0,0.010000000000000002,36.0,1.0,0.049823008849557524,0.22321068265107188,0.1
905.0,0.010000000000000002,36.0,1.0,0.04977900552486188,0.2231120918391961,0.1
906.0,0.010000000000000002,36.0,1.0,0.04973509933774835,0.22301367522586668,0.1
907.0,0.010000000000000002,36.0,1.0,0.04969128996692393,0.22291543232114713,0.1
908.0,0.010000000000000002,36.0,1.0,0.04964757709251102,0.22281736263700597,0.1
909.0,0.010000000000000002,36.0,1.0,0.049603960396039606,0.2227194656873072,0.1
910.0,0.010000000000000002,36.0,1.0,0.04956043956043956,0.22262174098780102,0.1
911.0,0.010000000000000002,36.0,1.0,0.04951701427003293,0.22252418805611432,0.1
912.0,0.010000000000000002,36.0,1.0,0.049473684210526316,0.22242680641174148,0.1
913.0,0.010000000000000002,36.0,1.0,0.04943044906900329,0.22232959557603502,0.1
914.0,0.010000000000000002,36.0,1.0,0.04938730853391685,0.2222325550721965,0.1
915.0,0.010000000000000002,36.0,1.0,0.04934426229508197,0.22213568442526738,0.1
916.0,0.010000000000000002,36.0,1.0,0.049301310043668126,0.2220389831621198,0.1
917.0,0.010000000000000002,36.0,1.0,0.04925845147219193,0.2219424508114478,0.1
918.0,0.010000000000000002,36.0,1.0,0.049215686274509805,0.22184608690375812,0.1
919.0,0.010000000000000002,36.0,1.0,0.04917301414581066,0.22174989097136139,0.1
920.0,0.010000000000000002,36.0,1.0,0.0491304347826087,0.22165386254836322,0.1
921.0,0.010000000000000002,36.0,1.0,0.049087947882736155,0.22155800117065544,0.1
922.0,0.010000000000000002,36.0,1.0,0.04904555314533623,0.2214623063759073,0.1
923.0,0.010000000000000002,36.0,1.0,0.049003250270855905,0.22136677770355673,0.1
924.0,0.010000000000000002,36.0,1.0,0.04896103896103896,0.22127141469480183,0.1
925.0,0.010000000000000002,36.0,1.0,0.04891891891891892,0.22117621689259204,0.1
926.0,0.010000000000000002,36.0,1.0,0.0488768898488121,0.22108118384161982,0.1
927.0,0.010000000000000002,36.0,1.0,0.04883495145631068,0.22098631508831193,0.1
928.0,0.010000000000000002,36.0,1.0,0.048793103448275865,0.22089161018082118,0.1
929.0,0.010000000000000002,36.0,1.0,0.048751345532831,0.22079706866901788,0.1
930.0,0.010000000000000002,36.0,1.0,0.04870967741935484,0.2207026901044816,0.1
931.0,0.010000000000000002,36.0,1.0,0.04866809881847476,0.22060847404049275,0.1
932.0,0.010000000000000002,36.0,1.0,0.04862660944206009,0.22051442003202443,0.1
933.0,0.010000000000000002,36.0,1.0,0.04858520900321544,0.22042052763573414,0.1
934.0,0.010000000000000002,36.0,1.0,0.04854389721627409,0.22032679640995576,0.1
935.0,0.010000000000000002,36.0,1.0,0.04850267379679145,0.22023322591469127,0.1
936.0,0.010000000000000002,36.0,1.0,0.048461538461538466,0.22013981571160285,0.1
937.0,0.010000000000000002,36.0,1.0,0.0484204909284952,0.22004656536400471,0.1
938.0,0.010000000000000002,36.0,1.0,0.048379530916844354,0.21995347443685528,0.1
939.0,0.010000000000000002,36.0,1.0,0.04833865814696486,0.2198605424967492,0.1
940.0,0.010000000000000002,36.0,1.0,0.048297872340425534,0.21976776911190943,0.1
941.0,0.010000000000000002,36.0,1.0,0.04825717321997875,0.21967515385217953,0.1
942.0,0.010000000000000002,36.0,1.0,0.04821656050955414,0.21958269628901578,0.1
943.0,0.010000000000000002,36.0,1.0,0.04817603393425239,0.21949039599547948,0.1
944.0,0.010000000000000002,36.0,1.0,0.04813559322033899,0.21939825254622924,0.1
945.0,0.010000000000000002,36.0,1.0,0.0480952380952381,0.21930626551751342,0.1
946.0,0.010000000000000002,36.0,1.0,0.04805496828752643,0.21921443448716244,0.1
947.0,0.010000000000000002,36.0,1.0,0.04801478352692714,0.2191227590345812,0.1
948.0,0.010000000000000002,36.0,1.0,0.0479746835443038,0.21903123874074173,0.1
949.0,0.010000000000000002,36.0,1.0,0.04793466807165438,0.2189398731881755,0.1
950.0,0.010000000000000002,36.0,1.0,0.04789473684210527,0.21884866196096622,0.1
951.0,0.010000000000000002,36.0,1.0,0.047854889589905365,0.21875760464474228,0.1
952.0,0.010000000000000002,36.0,1.0,0.04781512605042017,0.21866670082666947,0.1
953.0,0.010000000000000002,36.0,1.0,0.04777544596012592,0.21857595009544376,0.1
954.0,0.010000000000000002,36.0,1.0,0.047735849056603774,0.21848535204128394,0.1
955.0,0.010000000000000002,36.0,1.0,0.04769633507853403,0.21839490625592445,0.1
956.0,0.010000000000000002,36.0,1.0,0.04765690376569038,0.21830461233260826,0.1
957.0,0.010000000000000002,36.0,1.0,0.04761755485893417,0.21821446986607962,0.1
958.0,0.010000000000000002,36.0,1.0,0.04757828810020877,0.2181244784525771,0.1
959.0,0.010000000000000002,36.0,1.0,0.047539103232533894,0.21803463768982645,0.1
960.0,0.010000000000000002,36.0,1.0,0.0475,0.21794494717703367,0.1
961.0,0.010000000000000002,36.0,1.0,0.04746097814776275,0.217855406514878,0.1
962.0,0.010000000000000002,36.0,1.0,0.047422037422037426,0.21776601530550496,0.1
963.0,0.010000000000000002,36.0,1.0,0.04738317757009346,0.21767677315251954,0.1
964.0,0.010000000000000002,36.0,1.0,0.047344398340248964,0.21758767966097933,0.1
965.0,0.010000000000000002,36.0,1.0,0.04730569948186528,0.21749873443738765,0.1
966.0,0.010000000000000002,36.0,1.0,0.04726708074534162,0.2174099370896869,0.1
967.0,0.010000000000000002,36.0,1.0,0.04722854188210962,0.21732128722725166,0.1
968.0,0.010000000000000002,36.0,1.0,0.0471900826446281,0.2172327844608822,0.1
969.0,0.010000000000000002,36.0,1.0,0.04715170278637771,0.21714442840279763,0.1
970.0,0.010000000000000002,36.0,1.0,0.04711340206185567,0.21705621866662947,0.1
971.0,0.010000000000000002,36.0,1.0,0.04707518022657055,0.21696815486741494,0.1
972.0,0.010000000000000002,36.0,1.0,0.04703703703703704,0.2168802366215904,0.1
973.0,0.010000000000000002,36.0,1.0,0.046998972250770814,0.21679246354698498,0.1
974.0,0.010000000000000002,36.0,1.0,0.04696098562628337,0.21670483526281403,0.1
975.0,0.010000000000000002,36.0,1.0,0.04692307692307693,0.21661735138967267,0.1
976.0,0.010000000000000002,36.0,1.0,0.046885245901639346,0.21653001154952942,0.1
977.0,0.010000000000000002,36.0,1.0,0.0468474923234391,0.21644281536571985,0.1
978.0,0.010000000000000002,36.0,1.0,0.04680981595092025,0.2163557624629403,0.1
979.0,0.010000000000000002,36.0,1.0,0.04677221654749745,0.21626885246724145,0.1
980.0,0.010000000000000002,36.0,1.0,0.046734693877551026,0.21618208500602223,0.1
981.0,0.010000000000000002,36.0,1.0,0.04669724770642202,0.21609545970802355,0.1
982.0,0.010000000000000002,36.0,1.0,0.04665987780040733,0.21600897620332202,0.1
983.0,0.010000000000000002,36.0,1.0,0.046622583926754835,0.215922634123324,0.1
984.0,0.010000000000000002,36.0,1.0,0.046585365853658536,0.21583643310075928,0.1
985.0,0.010000000000000002,36.0,1.0,0.04654822335025381,0.2157503727696752,0.1
986.0,0.010000000000000002,36.0,1.0,0.04651115618661258,0.21566445276543045,0.1
987.0,0.010000000000000002,36.0,1.0,0.0464741641337386,0.21557867272468909,0.1
988.0,0.010000000000000002,36.0,1.0,0.04643724696356275,0.21549303228541464,0.1
989.0,0.010000000000000002,36.0,1.0,0.04640040444893832,0.2154075310868641,0.1
990.0,0.010000000000000002,36.0,1.0,0.046363636363636364,0.21532216876958202,0.1
991.0,0.010000000000000002,36.0,1.0,0.04632694248234107,0.21523694497539467,0.1
992.0,0.010000000000000002,36.0,1.0,0.046290322580645166,0.2151518593474041,0.1
993.0,0.010000000000000002,36.0,1.0,0.04625377643504532,0.2150669115299825,0.1
994.0,0.010000000000000002,36.0,1.0,0.04621730382293763,0.2149821011687662,0.1
995.0,0.010000000000000002,36.0,1.0,0.046180904522613066,0.2148974279106501,0.1
996.0,0.010000000000000002,36.0,1.0,0.04614457831325301,0.21481289140378193,0.1
997.0,0.010000000000000002,36.0,1.0,0.04610832497492478,0.21472849129755645,0.1
998.0,0.010000000000000002,36.0,1.0,0.04607214428857716,0.2146442272426099,0.1
999.0,0.010000000000000002,36.0,1.0,0.04603603603603604,0.21456009889081437,0.1
1000.0,0.010000000000000002,36.0,1.0,0.046,0.21447610589527216,0.1
1.0,0.09,36.0,1.0,36.09,6.007495318350236,0.3
2.0,0.09,36.0,1.0,18.09,4.253234063627348,0.3
3.0,0.09,36.0,1.0,12.09,3.477067730142742,0.3
4.0,0.09,36.0,1.0,9.09,3.014962686336267,0.3
5.0,0.09,36.0,1.0,7.29,2.7,0.3
6.0,0.09,36.0,1.0,6.09,2.467792535850613,0.3
7.0,0.09,36.0,1.0,5.232857142857143,2.2875439105855744,0.3
8.0,0.09,36.0,1.0,4.59,2.142428528562855,0.3
9.0,0.09,36.0,1.0,4.09,2.0223748416156684,0.3
10.0,0.09,36.0,1.0,3.69,1.9209372712298547,0.3
11.0,0.09,36.0,1.0,3.362727272727273,1.8337740517106442,0.3
12.0,0.09,36.0,1.0,3.09,1.7578395831246945,0.3
13.0,0.09,36.0,1.0,2.859230769230769,1.6909260093897571,0.3
14.0,0.09,36.0,1.0,2.6614285714285715,1.6313885409149385,0.3
15.0,0.09,36.0,1.0,2.4899999999999998,1.57797338380595,0.3
16.0,0.09,36.0,1.0,2.34,1.5297058540778354,0.3
17.0,0.09,36.0,1.0,2.2076470588235293,1.4858152842205956,0.3
18.0,0.09,36.0,1.0,2.09,1.445683229480096,0.3
19.0,0.09,36.0,1.0,1.9847368421052631,1.4088068860228016,0.3
20.0,0.09,36.0,1.0,1.8900000000000001,1.374772708486752,0.3
21.0,0.09,36.0,1.0,1.8042857142857143,1.3432370283333148,0.3
22.0,0.09,36.0,1.0,1.7263636363636365,1.3139115785940987,0.3
23.0,0.09,36.0,1.0,1.655217391304348,1.2865525217822815,0.3
24.0,0.09,36.0,1.0,1.59,1.2609520212918492,0.3
25.0,0.09,36.0,1.0,1.53,1.2369316876852983,0.3
26.0,0.09,36.0,1.0,1.4746153846153847,1.2143374261774957,0.3
27.0,0.09,36.0,1.0,1.4233333333333333,1.1930353445448854,0.3
28.0,0.09,36.0,1.0,1.375714285714286,1.1729084728632009,0.3
29.0,0.09,36.0,1.0,1.3313793103448277,1.153854111378396,0.3
30.0,0.09,36.0,1.0,1.29,1.1357816691600546,0.3
31.0,0.09,36.0,1.0,1.2512903225806453,1.1186108897112728,0.3
32.0,0.09,36.0,1.0,1.215,1.1022703842524302,0.3
33.0,0.09,36.0,1.0,1.180909090909091,1.0866964115653879,0.3
34.0,0.09,36.0,1.0,1.1488235294117648,1.0718318568748388,0.3
35.0,0.09,36.0,1.0,1.1185714285714285,1.0576253725074056,0.3
36.0,0.09,36.0,1.0,1.09,1.044030650891055,0.3
37.0,0.09,36.0,1.0,1.062972972972973,1.0310058064690872,0.3
38.0,0.09,36.0,1.0,1.0373684210526315,1.0185128477602192,0.3
39.0,0.09,36.0,1.0,1.0130769230769232,1.0065172244313174,0.3
40.0,0.09,36.0,1.0,0.99,0.99498743710662,0.3
41.0,0.09,36.0,1.0,0.9680487804878048,0.9838946998982182,0.3
42.0,0.09,36.0,1.0,0.9471428571428571,0.9732126474429199,0.3
43.0,0.09,36.0,1.0,0.9272093023255814,0.9629170796727937,0.3
44.0,0.09,36.0,1.0,0.9081818181818182,0.9529857387085172,0.3
45.0,0.09,36.0,1.0,0.89,0.9433981132056604,0.3
46.0,0.09,36.0,1.0,0.8726086956521739,0.9341352662501153,0.3
47.0,0.09,36.0,1.0,0.8559574468085106,0.9251796835255899,0.3
48.0,0.09,36.0,1.0,0.84,0.916515138991168,0.3
49.0,0.09,36.0,1.0,0.8246938775510204,0.908126575732161,0.3
50.0,0.09,36.0,1.0,0.8099999999999999,0.9,0.3
51.0,0.09,36.0,1.0,0.7958823529411765,0.8921223867503698,0.3
52.0,0.09,36.0,1.0,0.7823076923076923,0.8844815952340062,0.3
53.0,0.09,36.0,1.0,0.7692452830188679,0.8770662934002582,0.3
54.0,0.09,36.0,1.0,0.7566666666666666,0.8698658900466592,0.3
55.0,0.09,36.0,1.0,0.7445454545454545,0.8628704737939841,0.3
56.0,0.09,36.0,1.0,0.7328571428571429,0.8560707580902077,0.3
57.0,0.09,36.0,1.0,0.721578947368421,0.8494580315521308,0.3
58.0,0.09,36.0,1.0,0.7106896551724138,0.8430241130432828,0.3
59.0,0.09,36.0,1.0,0.7001694915254237,0.836761310963541,0.3
60.0,0.09,36.0,1.0,0.69,0.8306623862918074,0.3
61.0,0.09,36.0,1.0,0.6801639344262295,0.8247205189797507,0.3
62.0,0.09,36.0,1.0,0.6706451612903226,0.818929277343485,0.3
63.0,0.09,36.0,1.0,0.6614285714285714,0.8132825901423019,0.3
64.0,0.09,36.0,1.0,0.6525,0.8077747210701756,0.3
65.0,0.09,36.0,1.0,0.6438461538461538,0.8024002454175558,0.3
66.0,0.09,36.0,1.0,0.6354545454545454,0.7971540286886503,0.3
67.0,0.09,36.0,1.0,0.6273134328358209,0.7920312069835511,0.3
68.0,0.09,36.0,1.0,0.6194117647058823,0.7870271689756856,0.3
69.0,0.09,36.0,1.0,0.6117391304347826,0.7821375393335769,0.3
70.0,0.09,36.0,1.0,0.6042857142857142,0.7773581634521595,0.3
71.0,0.09,36.0,1.0,0.5970422535211267,0.7726850933731844,0.3
72.0,0.09,36.0,1.0,0.59,0.7681145747868608,0.3
73.0,0.09,36.0,1.0,0.5831506849315068,0.7636430350180029,0.3
74.0,0.09,36.0,1.0,0.5764864864864865,0.7592670719098034,0.3
75.0,0.09,36.0,1.0,0.57,0.7549834435270749,0.3
76.0,0.09,36.0,1.0,0.5636842105263158,0.750789058608552,0.3
77.0,0.09,36.0,1.0,0.5575324675324675,0.746680967704727,0.3
78.0,0.09,36.0,1.0,0.5515384615384615,0.7426563549438338,0.3
79.0,0.09,36.0,1.0,0.5456962025316455,0.7387125303740594,0.3
80.0,0.09,36.0,1.0,0.54,0.7348469228349535,0.3
81.0,0.09,36.0,1.0,0.5344444444444444,0.731057073315377,0.3
82.0,0.09,36.0,1.0,0.5290243902439025,0.7273406287592509,0.3
83.0,0.09,36.0,1.0,0.5237349397590362,0.7236953362838786,0.3
84.0,0.09,36.0,1.0,0.5185714285714286,0.7201190377787748,0.3
85.0,0.09,36.0,1.0,0.5135294117647059,0.7166096648557748,0.3
86.0,0.09,36.0,1.0,0.5086046511627907,0.7131652341237553,0.3
87.0,0.09,36.0,1.0,0.5037931034482759,0.7097838427636092,0.3
88.0,0.09,36.0,1.0,0.49909090909090914,0.7064636643811975,0.3
89.0,0.09,36.0,1.0,0.49449438202247187,0.7032029451178883,0.3
90.0,0.09,36.0,1.0,0.49,0.7,0.3
91.0,0.09,36.0,1.0,0.4856043956043956,0.6968532095100055,0.3
92.0,0.09,36.0,1.0,0.481304347826087,0.693761016363767,0.3
93.0,0.09,36.0,1.0,0.47709677419354835,0.690721922479335,0.3
94.0,0.09,36.0,1.0,0.4729787234042553,0.6877344861240094,0.3
95.0,0.09,36.0,1.0,0.46894736842105267,0.6847973192274139,0.3
96.0,0.09,36.0,1.0,0.46499999999999997,0.6819090848492928,0.3
97.0,0.09,36.0,1.0,0.4611340206185567,0.6790684947916201,0.3
98.0,0.09,36.0,1.0,0.45734693877551025,0.6762743073454072,0.3
99.0,0.09,36.0,1.0,0.4536363636363636,0.6735253251633257,0.3
100.0,0.09,36.0,1.0,0.44999999999999996,0.6708203932499369,0.3
101.0,0.09,36.0,1.0,0.4464356435643564,0.6681583970619215,0.3
102.0,0.09,36.0,1.0,0.4429411764705883,0.6655382607112744,0.3
103.0,0.09,36.0,1.0,0.43951456310679615,0.6629589452649358,0.3
104.0,0.09,36.0,1.0,0.4361538461538461,0.6604194471348085,0.3
105.0,0.09,36.0,1.0,0.43285714285714283,0.6579187965525403,0.3
106.0,0.09,36.0,1.0,0.42962264150943397,0.6554560561238518,0.3
107.0,0.09,36.0,1.0,0.42644859813084113,0.6530303194575586,0.3
108.0,0.09,36.0,1.0,0.42333333333333334,0.6506407098647712,0.3
109.0,0.09,36.0,1.0,0.42027522935779815,0.6482863791240706,0.3
110.0,0.09,36.0,1.0,0.41727272727272724,0.6459665063087461,0.3
111.0,0.09,36.0,1.0,0.4143243243243243,0.6436802966724431,0.3
112.0,0.09,36.0,1.0,0.4114285714285715,0.6414269805898185,0.3
113.0,0.09,36.0,1.0,0.4085840707964602,0.6392058125490258,0.3
114.0,0.09,36.0,1.0,0.4057894736842105,0.6370160701930607,0.3
115.0,0.09,36.0,1.0,0.4030434782608696,0.6348570534071978,0.3
116.0,0.09,36.0,1.0,0.40034482758620693,0.6327280834499184,0.3
117.0,0.09,36.0,1.0,0.3976923076923077,0.6306285021249101,0.3
118.0,0.09,36.0,1.0,0.3950847457627119,0.6285576709918604,0.3
119.0,0.09,36.0,1.0,0.39252100840336135,0.6265149706139203,0.3
120.0,0.09,36.0,1.0,0.39,0.6244997998398398,0.3
121.0,0.09,36.0,1.0,0.38752066115702477,0.6225115751189088,0.3
122.0,0.09,36.0,1.0,0.3850819672131147,0.6205497298469437,0.3
123.0,0.09,36.0,1.0,0.3826829268292683,0.6186137137416761,0.3
124.0,0.09,36.0,1.0,0.38032258064516133,0.616702992245993,0.3
125.0,0.09,36.0,1.0,0.378,0.6148170459575759,0.3
126.0,0.09,36.0,1.0,0.37571428571428567,0.6129553700835695,0.3
127.0,0.09,36.0,1.0,0.3734645669291339,0.6111174739189953,0.3
128.0,0.09,36.0,1.0,0.37124999999999997,0.609302880347697,0.3
129.0,0.09,36.0,1.0,0.3690697674418605,0.6075111253646804,0.3
130.0,0.09,36.0,1.0,0.3669230769230769,0.6057417576187701,0.3
131.0,0.09,36.0,1.0,0.3648091603053435,0.6039943379745737,0.3
132.0,0.09,36.0,1.0,0.3627272727272727,0.6022684390927958,0.3
133.0,0.09,36.0,1.0,0.36067669172932326,0.6005636450280047,0.3
134.0,0.09,36.0,1.0,0.3586567164179104,0.5988795508429975,0.3
135.0,0.09,36.0,1.0,0.3566666666666667,0.5972157622389639,0.3
136.0,0.09,36.0,1.0,0.3547058823529412,0.5955718952006896,0.3
137.0,0.09,36.0,1.0,0.3527737226277372,0.5939475756560819,0.3
138.0,0.09,36.0,1.0,0.3508695652173913,0.5923424391493415,0.3
139.0,0.09,36.0,1.0,0.3489928057553957,0.5907561305271369,0.3
140.0,0.09,36.0,1.0,0.3471428571428571,0.5891883036371793,0.3
141.0,0.09,36.0,1.0,0.3453191489361702,0.5876386210386194,0.3
142.0,0.09,36.0,1.0,0.34352112676056334,0.5861067537237251,0.3
143.0,0.09,36.0,1.0,0.34174825174825174,0.5845923808503253,0.3
144.0,0.09,36.0,1.0,0.33999999999999997,0.58309518948453,0.3
145.0,0.09,36.0,1.0,0.33827586206896554,0.5816148743532661,0.3
146.0,0.09,36.0,1.0,0.3365753424657534,0.5801511376061874,0.3
147.0,0.09,36.0,1.0,0.3348979591836735,0.5787036885865455,0.3
148.0,0.09,36.0,1.0,0.3332432432432433,0.5772722436106237,0.3
149.0,0.09,36.0,1.0,0.33161073825503357,0.57585652575536,0.3
150.0,0.09,36.0,1.0,0.32999999999999996,0.5744562646538028,0.3
151.0,0.09,36.0,1.0,0.32841059602649003,0.5730711962980604,0.3
152.0,0.09,36.0,1.0,0.3268421052631579,0.5717010628494212,0.3
153.0,0.09,36.0,1.0,0.32529411764705884,0.5703456124553418,0.3
154.0,0.09,36.0,1.0,0.32376623376623376,0.5690045990730073,0.3
155.0,0.09,36.0,1.0,0.32225806451612904,0.5676777822991922,0.3
156.0,0.09,36.0,1.0,0.3207692307692308,0.5663649272061528,0.3
157.0,0.09,36.0,1.0,0.31929936305732487,0.5650658041833048,0.3
158.0,0.09,36.0,1.0,0.31784810126582275,0.5637801887844435,0.3
159.0,0.09,36.0,1.0,0.31641509433962267,0.5625078615802829,0.3
160.0,0.09,36.0,1.0,0.315,0.5612486080160912,0.3
161.0,0.09,36.0,1.0,0.3136024844720497,0.5600022182742223,0.3
162.0,0.09,36.0,1.0,0.3122222222222222,0.5587684871413403,0.3
163.0,0.09,36.0,1.0,0.3108588957055215,0.5575472138801534,0.3
164.0,0.09,36.0,1.0,0.3095121951219512,0.556338202105474,0.3
165.0,0.09,36.0,1.0,0.30818181818181817,0.5551412596644373,0.3
166.0,0.09,36.0,1.0,0.3068674698795181,0.5539561985207117,0.3
167.0,0.09,36.0,1.0,0.3055688622754491,0.5527828346425466,0.3
168.0,0.09,36.0,1.0,0.30428571428571427,0.5516209878945092,0.3
169.0,0.09,36.0,1.0,0.30301775147928994,0.5504704819327645,0.3
170.0,0.09,36.0,1.0,0.30176470588235293,0.5493311441037664,0.3
171.0,0.09,36.0,1.0,0.30052631578947364,0.5482028053462273,0.3
172.0,0.09,36.0,1.0,0.29930232558139536,0.5470853000962421,0.3
173.0,0.09,36.0,1.0,0.2980924855491329,0.5459784661954471,0.3
174.0,0.09,36.0,1.0,0.2968965517241379,0.5448821448021012,0.3
175.0,0.09,36.0,1.0,0.2957142857142857,0.5437961803049794,0.3
176.0,0.09,36.0,1.0,0.29454545454545455,0.5427204202399746,0.3
177.0,0.09,36.0,1.0,0.29338983050847456,0.5416547152093062,0.3
178.0,0.09,36.0,1.0,0.292247191011236,0.5405989188032436,0.3
179.0,0.09,36.0,1.0,0.29111731843575417,0.5395528875242483,0.3
180.0,0.09,36.0,1.0,0.29000000000000004,0.5385164807134505,0.3
181.0,0.09,36.0,1.0,0.2888950276243094,0.5374895604793729,0.3
182.0,0.09,36.0,1.0,0.2878021978021978,0.5364719916288248,0.3
183.0,0.09,36.0,1.0,0.2867213114754098,0.5354636415998847,0.3
184.0,0.09,36.0,1.0,0.2856521739130435,0.5344643803969011,0.3
185.0,0.09,36.0,1.0,0.2845945945945946,0.5334740805274373,0.3
186.0,0.09,36.0,1.0,0.2835483870967742,0.5324926169410936,0.3
187.0,0.09,36.0,1.0,0.2825133689839572,0.5315198669701418,0.3
188.0,0.09,36.0,1.0,0.2814893617021277,0.530555710271907,0.3
189.0,0.09,36.0,1.0,0.28047619047619043,0.5296000287728376,0.3
190.0,0.09,36.0,1.0,0.2794736842105263,0.5286527066142065,0.3
191.0,0.09,36.0,1.0,0.27848167539267016,0.5277136300993847,0.3
192.0,0.09,36.0,1.0,0.27749999999999997,0.5267826876426369,0.3
193.0,0.09,36.0,1.0,0.2765284974093264,0.5258597697193866,0.3
194.0,0.09,36.0,1.0,0.2755670103092783,0.5249447688178999,0.3
195.0,0.09,36.0,1.0,0.2746153846153846,0.5240375793923415,0.3
196.0,0.09,36.0,1.0,0.2736734693877551,0.5231380978171587,0.3
197.0,0.09,36.0,1.0,0.272741116751269,0.5222462223427461,0.3
198.0,0.09,36.0,1.0,0.27181818181818185,0.5213618530523516,0.3
199.0,0.09,36.0,1.0,0.2709045226130653,0.5204848918201808,0.3
200.0,0.09,36.0,1.0,0.27,0.5196152422706632,0.3
201.0,0.09,36.0,1.0,0.2691044776119403,0.5187528097388392,0.3
202.0,0.09,36.0,1.0,0.26821782178217823,0.5178975012318348,0.3
203.0,0.09,36.0,1.0,0.2673399014778325,0.5170492253913862,0.3
204.0,0.09,36.0,1.0,0.2664705882352941,0.516207892457384,0.3
205.0,0.09,36.0,1.0,0.265609756097561,0.5153734142324,0.3
206.0,0.09,36.0,1.0,0.26475728155339806,0.5145457040471701,0.3
207.0,0.09,36.0,1.0,0.26391304347826083,0.5137246767270002,0.3
208.0,0.09,36.0,1.0,0.2630769230769231,0.5129102485590662,0.3
209.0,0.09,36.0,1.0,0.2622488038277512,0.5121023372605823,0.3
210.0,0.09,36.0,1.0,0.26142857142857145,0.511300861947808,0.3
211.0,0.09,36.0,1.0,0.26061611374407584,0.5105057431058693,0.3
212.0,0.09,36.0,1.0,0.25981132075471697,0.5097169025593687,0.3
213.0,0.09,36.0,1.0,0.2590140845070422,0.5089342634437597,0.3
214.0,0.09,36.0,1.0,0.25822429906542055,0.5081577501774627,0.3
215.0,0.09,36.0,1.0,0.2574418604651163,0.5073872884346988,0.3
216.0,0.09,36.0,1.0,0.25666666666666665,0.5066228051190221,0.3
217.0,0.09,36.0,1.0,0.25589861751152077,0.5058642283375261,0.3
218.0,0.09,36.0,1.0,0.25513761467889906,0.5051114873757071,0.3
219.0,0.09,36.0,1.0,0.2543835616438356,0.5043645126729631,0.3
220.0,0.09,36.0,1.0,0.25363636363636366,0.5036232357987106,0.3
221.0,0.09,36.0,1.0,0.25289592760180996,0.502887589429099,0.3
222.0,0.09,36.0,1.0,0.25216216216216214,0.5021575073243078,0.3
223.0,0.09,36.0,1.0,0.2514349775784753,0.5014329243064074,0.3
224.0,0.09,36.0,1.0,0.2507142857142857,0.5007137762377681,0.3
225.0,0.09,36.0,1.0,0.25,0.5,0.3
226.0,0.09,36.0,1.0,0.24929203539823008,0.49929153347341076,0.3
227.0,0.09,36.0,1.0,0.24859030837004406,0.4985883155169644,0.3
228.0,0.09,36.0,1.0,0.24789473684210525,0.49789028594872714,0.3
229.0,0.09,36.0,1.0,0.2472052401746725,0.49719738552678705,0.3
230.0,0.09,36.0,1.0,0.2465217391304348,0.4965095559306334,0.3
231.0,0.09,36.0,1.0,0.24584415584415584,0.495826739742983,0.3
232.0,0.09,36.0,1.0,0.24517241379310345,0.4951488804320408,0.3
233.0,0.09,36.0,1.0,0.24450643776824035,0.49447592233418236,0.3
234.0,0.09,36.0,1.0,0.24384615384615385,0.4938078106370472,0.3
235.0,0.09,36.0,1.0,0.24319148936170212,0.49314449136303057,0.3
236.0,0.09,36.0,1.0,0.24254237288135594,0.49248591135316344,0.3
237.0,0.09,36.0,1.0,0.2418987341772152,0.49183201825136924,0.3
238.0,0.09,36.0,1.0,0.24126050420168066,0.4911827604890879,0.3
239.0,0.09,36.0,1.0,0.2406276150627615,0.4905380872702562,0.3
240.0,0.09,36.0,1.0,0.24,0.4898979485566356,0.3
241.0,0.09,36.0,1.0,0.23937759336099584,0.4892622950534773,0.3
242.0,0.09,36.0,1.0,0.2387603305785124,0.48863107819551593,0.3
243.0,0.09,36.0,1.0,0.23814814814814814,0.4880042501332833,0.3
244.0,0.09,36.0,1.0,0.23754098360655737,0.48738176371973274,0.3
245.0,0.09,36.0,1.0,0.2369387755102041,0.48676357249716634,0.3
246.0,0.09,36.0,1.0,0.23634146341463413,0.4861496306844572,0.3
247.0,0.09,36.0,1.0,0.235748987854251,0.48553989316455864,0.3
248.0,0.09,36.0,1.0,0.23516129032258065,0.48493431547229227,0.3
249.0,0.09,36.0,1.0,0.23457831325301204,0.48433285378240865,0.3
250.0,0.09,36.0,1.0,0.23399999999999999,0.48373546489791297,0.3
251.0,0.09,36.0,1.0,0.23342629482071714,0.4831421062386481,0.3
252.0,0.09,36.0,1.0,0.23285714285714285,0.4825527358301296,0.3
253.0,0.09,36.0,1.0,0.23229249011857708,0.4819673122926254,0.3
254.0,0.09,36.0,1.0,0.23173228346456692,0.4813857948304737,0.3
255.0,0.09,36.0,1.0,0.2311764705882353,0.48080814322163395,0.3
256.0,0.09,36.0,1.0,0.230625,0.4802343178074637,0.3
257.0,0.09,36.0,1.0,0.23007782101167315,0.47966427948271606,0.3
258.0,0.09,36.0,1.0,0.22953488372093023,0.47909798968575334,0.3
259.0,0.09,36.0,1.0,0.228996138996139,0.478535410388969,0.3
260.0,0.09,36.0,1.0,0.22846153846153847,0.4779765040894149,0.3
261.0,0.09,36.0,1.0,0.22793103448275862,0.47742123379962753,0.3
262.0,0.09,36.0,1.0,0.22740458015267176,0.4768695630386487,0.3
263.0,0.09,36.0,1.0,0.22688212927756654,0.47632145582323554,0.3
264.0,0.09,36.0,1.0,0.22636363636363635,0.47577687665925544,0.3
265.0,0.09,36.0,1.0,0.22584905660377358,0.47523579053326104,0.3
266.0,0.09,36.0,1.0,0.22533834586466164,0.4746981629042413,0.3
267.0,0.09,36.0,1.0,0.2248314606741573,0.4741639596955438,0.3
268.0,0.09,36.0,1.0,0.22432835820895522,0.4736331472869643,0.3
269.0,0.09,36.0,1.0,0.22382899628252786,0.4731056925069998,0.3
270.0,0.09,36.0,1.0,0.22333333333333333,0.47258156262526085,0.3
271.0,0.09,36.0,1.0,0.22284132841328413,0.4720607253450388,0.3
272.0,0.09,36.0,1.0,0.2223529411764706,0.47154314879602544,0.3
273.0,0.09,36.0,1.0,0.22186813186813187,0.47102880152718035,0.3
274.0,0.09,36.0,1.0,0.22138686131386862,0.4705176524997427,0.3
275.0,0.09,36.0,1.0,0.22090909090909092,0.47000967108038416,0.3
276.0,0.09,36.0,1.0,0.22043478260869565,0.46950482703449986,0.3
277.0,0.09,36.0,1.0,0.2199638989169675,0.46900309051963346,0.3
278.0,0.09,36.0,1.0,0.21949640287769784,0.46850443207903364,0.3
279.0,0.09,36.0,1.0,0.21903225806451612,0.46800882263533894,0.3
280.0,0.09,36.0,1.0,0.21857142857142856,0.46751623348438776,0.3
281.0,0.09,36.0,1.0,0.21811387900355872,0.46702663628915075,0.3
282.0,0.09,36.0,1.0,0.2176595744680851,0.4665400030737826,0.3
283.0,0.09,36.0,1.0,0.217208480565371,0.4660563062177906,0.3
284.0,0.09,36.0,1.0,0.21676056338028168,0.46557551845031725,0.3
285.0,0.09,36.0,1.0,0.2163157894736842,0.4650976128445342,0.3
286.0,0.09,36.0,1.0,0.21587412587412588,0.46462256281214526,0.3
287.0,0.09,36.0,1.0,0.2154355400696864,0.46415034209799566,0.3
288.0,0.09,36.0,1.0,0.215,0.4636809247747852,0.3
289.0,0.09,36.0,1.0,0.2145674740484429,0.46321428523788305,0.3
290.0,0.09,36.0,1.0,0.21413793103448275,0.4627503982002422,0.3
291.0,0.09,36.0,1.0,0.21371134020618557,0.46228923868741045,0.3
292.0,0.09,36.0,1.0,0.2132876712328767,0.4618307820326366,0.3
293.0,0.09,36.0,1.0,0.2128668941979522,0.4613750038720696,0.3
294.0,0.09,36.0,1.0,0.21244897959183673,0.4609218801400479,0.3
295.0,0.09,36.0,1.0,0.21203389830508473,0.46047138706447843,0.3
296.0,0.09,36.0,1.0,0.21162162162162163,0.46002350116230106,0.3
297.0,0.09,36.0,1.0,0.2112121212121212,0.459578199235039,0.3
298.0,0.09,36.0,1.0,0.2108053691275168,0.4591354583644317,0.3
299.0,0.09,36.0,1.0,0.21040133779264214,0.4586952559081488,0.3
300.0,0.09,36.0,1.0,0.21,0.458257569495584,0.3
301.0,0.09,36.0,1.0,0.2096013289036545,0.45782237702372575,0.3
302.0,0.09,36.0,1.0,0.20920529801324503,0.4573896566531047,0.3
303.0,0.09,36.0,1.0,0.2088118811881188,0.4569593868038152,0.3
304.0,0.09,36.0,1.0,0.20842105263157895,0.4565315461516093,0.3
305.0,0.09,36.0,1.0,0.2080327868852459,0.45610611362406217,0.3
306.0,0.09,36.0,1.0,0.2076470588235294,0.45568306839680733,0.3
307.0,0.09,36.0,1.0,0.20726384364820846,0.45526238988983975,0.3
308.0,0.09,36.0,1.0,0.2068831168831169,0.4548440577638856,0.3
309.0,0.09,36.0,1.0,0.20650485436893204,0.4544280519168376,0.3
310.0,0.09,36.0,1.0,0.2061290322580645,0.4540143524802542,0.3
311.0,0.09,36.0,1.0,0.20575562700964628,0.45360293981592126,0.3
312.0,0.09,36.0,1.0,0.2053846153846154,0.453193794512475,0.3
313.0,0.09,36.0,1.0,0.20501597444089456,0.4527868973820848,0.3
314.0,0.09,36.0,1.0,0.20464968152866242,0.4523822294571952,0.3
315.0,0.09,36.0,1.0,0.2042857142857143,0.451979771987325,0.3
316.0,0.09,36.0,1.0,0.20392405063291139,0.45157950643592254,0.3
317.0,0.09,36.0,1.0,0.20356466876971607,0.4511814144772766,0.3
318.0,0.09,36.0,1.0,0.20320754716981132,0.4507854779934812,0.3
319.0,0.09,36.0,1.0,0.2028526645768025,0.4503916790714528,0.3
320.0,0.09,36.0,1.0,0.2025,0.45,0.3
321.0,0.09,36.0,1.0,0.20214953271028036,0.4496104232669438,0.3
322.0,0.09,36.0,1.0,0.20180124223602486,0.4492229315562874,0.3
323.0,0.09,36.0,1.0,0.2014551083591331,0.4488375077454346,0.3
324.0,0.09,36.0,1.0,0.2011111111111111,0.448454134902457,0.3
325.0,0.09,36.0,1.0,0.20076923076923076,0.4480727962834061,0.3
326.0,0.09,36.0,1.0,0.20042944785276073,0.44769347532967324,0.3
327.0,0.09,36.0,1.0,0.20009174311926606,0.44731615566539296,0.3
328.0,0.09,36.0,1.0,0.19975609756097562,0.4469408210948913,0.3
329.0,0.09,36.0,1.0,0.1994224924012158,0.4465674556001767,0.3
330.0,0.09,36.0,1.0,0.1990909090909091,0.4461960433384737,0.3
331.0,0.09,36.0,1.0,0.19876132930513596,0.44582656863979736,0.3
332.0,0.09,36.0,1.0,0.19843373493975902,0.44545901600456916,0.3
333.0,0.09,36.0,1.0,0.1981081081081081,0.44509337010127226,0.3
334.0,0.09,36.0,1.0,0.19778443113772454,0.44472961576414555,0.3
335.0,0.09,36.0,1.0,0.19746268656716418,0.4443677379909169,0.3
336.0,0.09,36.0,1.0,0.19714285714285712,0.4440077219405729,0.3
337.0,0.09,36.0,1.0,0.19682492581602373,0.4436495529311663,0.3
338.0,0.09,36.0,1.0,0.19650887573964498,0.4432932164376588,0.3
339.0,0.09,36.0,1.0,0.19619469026548672,0.4429386980897997,0.3
340.0,0.09,36.0,1.0,0.19588235294117645,0.4425859836700395,0.3
341.0,0.09,36.0,1.0,0.19557184750733136,0.44223505911147676,0.3
342.0,0.09,36.0,1.0,0.19526315789473683,0.4418859104958392,0.3
343.0,0.09,36.0,1.0,0.19495626822157436,0.44153852405149696,0.3
344.0,0.09,36.0,1.0,0.19465116279069766,0.4411928861515082,0.3
345.0,0.09,36.0,1.0,0.1943478260869565,0.44084898331169653,0.3
346.0,0.09,36.0,1.0,0.19404624277456647,0.44050680218875904,0.3
347.0,0.09,36.0,1.0,0.1937463976945245,0.4401663295784044,0.3
348.0,0.09,36.0,1.0,0.19344827586206897,0.43982755241352145,0.3
349.0,0.09,36.0,1.0,0.19315186246418337,0.43949045776237666,0.3
350.0,0.09,36.0,1.0,0.19285714285714284,0.43915503282683993,0.3
351.0,0.09,36.0,1.0,0.19256410256410256,0.43882126494063906,0.3
352.0,0.09,36.0,1.0,0.19227272727272726,0.4384891415676416,0.3
353.0,0.09,36.0,1.0,0.19198300283286118,0.43815865030016377,0.3
354.0,0.09,36.0,1.0,0.1916949152542373,0.4378297788573058,0.3
355.0,0.09,36.0,1.0,0.19140845070422535,0.43750251508331395,0.3
356.0,0.09,36.0,1.0,0.19112359550561797,0.4371768469459676,0.3
357.0,0.09,36.0,1.0,0.19084033613445378,0.4368527625349916,0.3
358.0,0.09,36.0,1.0,0.1905586592178771,0.4365302500604936,0.3
359.0,0.09,36.0,1.0,0.19027855153203344,0.43620929785142526,0.3
360.0,0.09,36.0,1.0,0.19,0.43588989435406733,0.3
361.0,0.09,36.0,1.0,0.1897229916897507,0.4355720281305386,0.3
362.0,0.09,36.0,1.0,0.1894475138121547,0.43525568785732677,0.3
363.0,0.09,36.0,1.0,0.18917355371900826,0.4349408623238431,0.3
364.0,0.09,36.0,1.0,0.1889010989010989,0.4346275404309981,0.3
365.0,0.09,36.0,1.0,0.18863013698630138,0.43431571118979956,0.3
366.0,0.09,36.0,1.0,0.1883606557377049,0.43400536371997167,0.3
367.0,0.09,36.0,1.0,0.18809264305177112,0.43369648724859544,0.3
368.0,0.09,36.0,1.0,0.18782608695652175,0.4333890711087691,0.3
369.0,0.09,36.0,1.0,0.1875609756097561,0.43308310473828937,0.3
370.0,0.09,36.0,1.0,0.1872972972972973,0.43277857767835193,0.3
371.0,0.09,36.0,1.0,0.18703504043126684,0.4324754795722722,0.3
372.0,0.09,36.0,1.0,0.1867741935483871,0.4321738001642245,0.3
373.0,0.09,36.0,1.0,0.18651474530831097,0.4318735292980006,0.3
374.0,0.09,36.0,1.0,0.1862566844919786,0.4315746569157862,0.3
375.0,0.09,36.0,1.0,0.186,0.4312771730569565,0.3
376.0,0.09,36.0,1.0,0.18574468085106383,0.4309810678568884,0.3
377.0,0.09,36.0,1.0,0.18549071618037133,0.4306863315457914,0.3
378.0,0.09,36.0,1.0,0.18523809523809523,0.4303929544475551,0.3
379.0,0.09,36.0,1.0,0.18498680738786277,0.4301009269786137,0.3
380.0,0.09,36.0,1.0,0.18473684210526314,0.42981023964682735,0.3
381.0,0.09,36.0,1.0,0.18448818897637795,0.42952088305037966,0.3
382.0,0.09,36.0,1.0,0.1842408376963351,0.42923284787669164,0.3
383.0,0.09,36.0,1.0,0.1839947780678851,0.42894612490135064,0.3
384.0,0.09,36.0,1.0,0.18375,0.42866070498705616,0.3
385.0,0.09,36.0,1.0,0.1835064935064935,0.42837657908257953,0.3
386.0,0.09,36.0,1.0,0.1832642487046632,0.42809373822173946,0.3
387.0,0.09,36.0,1.0,0.18302325581395348,0.42781217352239226,0.3
388.0,0.09,36.0,1.0,0.18278350515463918,0.42753187618543625,0.3
389.0,0.09,36.0,1.0,0.18254498714652956,0.42725283749383053,0.3
390.0,0.09,36.0,1.0,0.1823076923076923,0.42697504881162823,0.3
391.0,0.09,36.0,1.0,0.18207161125319693,0.4266985015830228,0.3
392.0,0.09,36.0,1.0,0.18183673469387757,0.42642318733140855,0.3
393.0,0.09,36.0,1.0,0.18160305343511451,0.42614909765845393,0.3
394.0,0.09,36.0,1.0,0.1813705583756345,0.42587622424318844,0.3
395.0,0.09,36.0,1.0,0.18113924050632912,0.4256045588411021,0.3
396.0,0.09,36.0,1.0,0.1809090909090909,0.4253340932832576,0.3
397.0,0.09,36.0,1.0,0.18068010075566748,0.4250648194754154,0.3
398.0,0.09,36.0,1.0,0.18045226130653266,0.4247967293971702,0.3
399.0,0.09,36.0,1.0,0.18022556390977443,0.4245298151011003,0.3
400.0,0.09,36.0,1.0,0.18,0.4242640687119285,0.3
401.0,0.09,36.0,1.0,0.17977556109725684,0.4239994824256945,0.3
402.0,0.09,36.0,1.0,0.17955223880597015,0.4237360485089393,0.3
403.0,0.09,36.0,1.0,0.17933002481389576,0.42347375929790004,0.3
404.0,0.09,36.0,1.0,0.1791089108910891,0.423212607197717,0.3
405.0,0.09,36.0,1.0,0.17888888888888888,0.42295258468165065,0.3
406.0,0.09,36.0,1.0,0.17866995073891626,0.42269368429031,0.3
407.0,0.09,36.0,1.0,0.17845208845208843,0.42243589863089104,0.3
408.0,0.09,36.0,1.0,0.17823529411764705,0.4221792203764262,0.3
409.0,0.09,36.0,1.0,0.17801955990220047,0.4219236422650436,0.3
410.0,0.09,36.0,1.0,0.17780487804878048,0.42166915709923636,0.3
411.0,0.09,36.0,1.0,0.1775912408759124,0.4214157577451422,0.3
412.0,0.09,36.0,1.0,0.17737864077669901,0.42116343713183246,0.3
413.0,0.09,36.0,1.0,0.17716707021791767,0.42091218825061083,0.3
414.0,0.09,36.0,1.0,0.17695652173913043,0.42066200415432153,0.3
415.0,0.09,36.0,1.0,0.1767469879518072,0.4204128779566668,0.3
416.0,0.09,36.0,1.0,0.17653846153846153,0.4201648028315336,0.3
417.0,0.09,36.0,1.0,0.17633093525179855,0.41991777201232927,0.3
418.0,0.09,36.0,1.0,0.1761244019138756,0.41967177879132594,0.3
419.0,0.09,36.0,1.0,0.17591885441527444,0.41942681651901376,0.3
420.0,0.09,36.0,1.0,0.1757142857142857,0.41918287860346315,0.3
421.0,0.09,36.0,1.0,0.1755106888361045,0.41893995850969445,0.3
422.0,0.09,36.0,1.0,0.17530805687203793,0.41869804975905717,0.3
423.0,0.09,36.0,1.0,0.17510638297872338,0.41845714592861644,0.3
424.0,0.09,36.0,1.0,0.1749056603773585,0.41821724065054816,0.3
425.0,0.09,36.0,1.0,0.17470588235294116,0.4179783276115415,0.3
426.0,0.09,36.0,1.0,0.17450704225352112,0.41774040055221034,0.3
427.0,0.09,36.0,1.0,0.17430913348946137,0.41750345326651056,0.3
428.0,0.09,36.0,1.0,0.17411214953271026,0.41726747960116695,0.3
429.0,0.09,36.0,1.0,0.17391608391608393,0.4170324734551063,0.3
430.0,0.09,36.0,1.0,0.17372093023255814,0.41679842877889806,0.3
431.0,0.09,36.0,1.0,0.17352668213457076,0.41656533957420266,0.3
432.0,0.09,36.0,1.0,0.17333333333333334,0.41633319989322654,0.3
433.0,0.09,36.0,1.0,0.17314087759815242,0.4161020038381844,0.3
434.0,0.09,36.0,1.0,0.17294930875576037,0.4158717455607682,0.3
435.0,0.09,36.0,1.0,0.17275862068965517,0.41564241926162343,0.3
436.0,0.09,36.0,1.0,0.17256880733944954,0.41541401918983134,0.3
437.0,0.09,36.0,1.0,0.17237986270022881,0.4151865396423983,0.3
438.0,0.09,36.0,1.0,0.1721917808219178,0.41495997496375214,0.3
439.0,0.09,36.0,1.0,0.17200455580865603,0.41473431954524337,0.3
440.0,0.09,36.0,1.0,0.17181818181818181,0.4145095678246545,0.3
441.0,0.09,36.0,1.0,0.1716326530612245,0.4142857142857143,0.3
442.0,0.09,36.0,1.0,0.171447963800905,0.414062753457619,0.3
443.0,0.09,36.0,1.0,0.17126410835214445,0.413840679914559,0.3
444.0,0.09,36.0,1.0,0.17108108108108108,0.4136194882752517,0.3
445.0,0.09,36.0,1.0,0.17089887640449436,0.4133991732024804,0.3
446.0,0.09,36.0,1.0,0.17071748878923765,0.4131797294026386,0.3
447.0,0.09,36.0,1.0,0.17053691275167784,0.4129611516252804,0.3
448.0,0.09,36.0,1.0,0.17035714285714287,0.4127434346626762,0.3
449.0,0.09,36.0,1.0,0.17017817371937638,0.4125265733493739,0.3
450.0,0.09,36.0,1.0,0.16999999999999998,0.412310562561766,0.3
451.0,0.09,36.0,1.0,0.16982261640798224,0.41209539721766153,0.3
452.0,0.09,36.0,1.0,0.16964601769911503,0.4118810722758634,0.3
453.0,0.09,36.0,1.0,0.16947019867549667,0.4116675827357513,0.3
454.0,0.09,36.0,1.0,0.16929515418502203,0.4114549236368694,0.3
455.0,0.09,36.0,1.0,0.16912087912087911,0.41124309005851895,0.3
456.0,0.09,36.0,1.0,0.16894736842105262,0.4110320771193565,0.3
457.0,0.09,36.0,1.0,0.1687746170678337,0.4108218799769965,0.3
458.0,0.09,36.0,1.0,0.16860262008733623,0.4106124938276187,0.3
459.0,0.09,36.0,1.0,0.1684313725490196,0.41040391390558106,0.3
460.0,0.09,36.0,1.0,0.1682608695652174,0.41019613548303624,0.3
461.0,0.09,36.0,1.0,0.16809110629067245,0.40998915386955354,0.3
462.0,0.09,36.0,1.0,0.16792207792207792,0.40978296441174555,0.3
463.0,0.09,36.0,1.0,0.16775377969762417,0.4095775624928985,0.3
464.0,0.09,36.0,1.0,0.16758620689655174,0.40937294353260784,0.3
465.0,0.09,36.0,1.0,0.16741935483870968,0.4091691029864177,0.3
466.0,0.09,36.0,1.0,0.16725321888412018,0.40896603634546497,0.3
467.0,0.09,36.0,1.0,0.16708779443254818,0.4087637391361276,0.3
468.0,0.09,36.0,1.0,0.16692307692307692,0.40856220691967693,0.3
469.0,0.09,36.0,1.0,0.16675906183368872,0.40836143529193436,0.3
470.0,0.09,36.0,1.0,0.16659574468085106,0.4081614198829319,0.3
471.0,0.09,36.0,1.0,0.1664331210191083,0.4079621563565771,0.3
472.0,0.09,36.0,1.0,0.16627118644067795,0.4077636404103215,0.3
473.0,0.09,36.0,1.0,0.16610993657505285,0.4075658677748332,0.3
474.0,0.09,36.0,1.0,0.16594936708860758,0.4073688342136737,0.3
475.0,0.09,36.0,1.0,0.16578947368421054,0.4071725355229777,0.3
476.0,0.09,36.0,1.0,0.16563025210084031,0.4069769675311372,0.3
477.0,0.09,36.0,1.0,0.16547169811320755,0.4067821260984897,0.3
478.0,0.09,36.0,1.0,0.16531380753138075,0.40658800711700877,0.3
479.0,0.09,36.0,1.0,0.16515657620041752,0.40639460650999976,0.3
480.0,0.09,36.0,1.0,0.16499999999999998,0.406201920231798,0.3
481.0,0.09,36.0,1.0,0.16484407484407484,0.40600994426747095,0.3
482.0,0.09,36.0,1.0,0.1646887966804979,0.4058186746325234,0.3
483.0,0.09,36.0,1.0,0.16453416149068323,0.405628107372607,0.3
484.0,0.09,36.0,1.0,0.1643801652892562,0.40543823856323197,0.3
485.0,0.09,36.0,1.0,0.16422680412371132,0.4052490643094828,0.3
486.0,0.09,36.0,1.0,0.16407407407407407,0.4050605807457374,0.3
487.0,0.09,36.0,1.0,0.16392197125256674,0.404872784035389,0.3
488.0,0.09,36.0,1.0,0.16377049180327868,0.4046856703705713,0.3
489.0,0.09,36.0,1.0,0.16361963190184048,0.4044992359718872,0.3
490.0,0.09,36.0,1.0,0.16346938775510206,0.4043134770881402,0.3
491.0,0.09,36.0,1.0,0.16331975560081466,0.40412838999606876,0.3
492.0,0.09,36.0,1.0,0.16317073170731705,0.40394397100008445,0.3
493.0,0.09,36.0,1.0,0.16302231237322515,0.403760216432012,0.3
494.0,0.09,36.0,1.0,0.1628744939271255,0.403577122650833,0.3
495.0,0.09,36.0,1.0,0.16272727272727272,0.40339468604243256,0.3
496.0,0.09,36.0,1.0,0.16258064516129034,0.40321290301934826,0.3
497.0,0.09,36.0,1.0,0.16243460764587525,0.4030317700205224,0.3
498.0,0.09,36.0,1.0,0.162289156626506,0.402851283511057,0.3
499.0,0.09,36.0,1.0,0.1621442885771543,0.4026714399819713,0.3
500.0,0.09,36.0,1.0,0.16199999999999998,0.40249223594996214,0.3
501.0,0.09,36.0,1.0,0.16185628742514968,0.40231366795716705,0.3
502.0,0.09,36.0,1.0,0.16171314741035858,0.40213573257093005,0.3
503.0,0.09,36.0,1.0,0.16157057654075546,0.4019584263835695,0.3
504.0,0.09,36.0,1.0,0.16142857142857142,0.4017817460121495,0.3
505.0,0.09,36.0,1.0,0.16128712871287126,0.401605688098253,0.3
506.0,0.09,36.0,1.0,0.16114624505928854,0.4014302493077577,0.3
507.0,0.09,36.0,1.0,0.1610059171597633,0.4012554263306146,0.3
508.0,0.09,36.0,1.0,0.16086614173228347,0.40108121588062867,0.3
509.0,0.09,36.0,1.0,0.16072691552062868,0.40090761469524205,0.3
510.0,0.09,36.0,1.0,0.16058823529411764,0.40073461953531997,0.3
511.0,0.09,36.0,1.0,0.16045009784735811,0.4005622271849383,0.3
512.0,0.09,36.0,1.0,0.1603125,0.40039043445117417,0.3
513.0,0.09,36.0,1.0,0.16017543859649122,0.40021923816389837,0.3
514.0,0.09,36.0,1.0,0.16003891050583657,0.4000486351755703,0.3
515.0,0.09,36.0,1.0,0.15990291262135922,0.399878622361035,0.3
516.0,0.09,36.0,1.0,0.1597674418604651,0.3997091966173221,0.3
517.0,0.09,36.0,1.0,0.15963249516441005,0.39954035486344813,0.3
518.0,0.09,36.0,1.0,0.1594980694980695,0.39937209404021895,0.3
519.0,0.09,36.0,1.0,0.15936416184971097,0.3992044111100364,0.3
520.0,0.09,36.0,1.0,0.15923076923076923,0.39903730305670576,0.3
521.0,0.09,36.0,1.0,0.1590978886756238,0.3988707668852454,0.3
522.0,0.09,36.0,1.0,0.1589655172413793,0.3987047996216992,0.3
523.0,0.09,36.0,1.0,0.15883365200764818,0.39853939831294993,0.3
524.0,0.09,36.0,1.0,0.15870229007633588,0.39837456002653565,0.3
525.0,0.09,36.0,1.0,0.15857142857142859,0.39821028185046725,0.3
526.0,0.09,36.0,1.0,0.15844106463878327,0.39804656089304835,0.3
527.0,0.09,36.0,1.0,0.15831119544592032,0.39788339428269726,0.3
528.0,0.09,36.0,1.0,0.15818181818181817,0.39772077916777016,0.3
529.0,0.09,36.0,1.0,0.15805293005671078,0.39755871271638704,0.3
530.0,0.09,36.0,1.0,0.1579245283018868,0.3973971921162589,0.3
531.0,0.09,36.0,1.0,0.15779661016949154,0.3972362145745168,0.3
532.0,0.09,36.0,1.0,0.15766917293233082,0.3970757773175428,0.3
533.0,0.09,36.0,1.0,0.15754221388367728,0.396915877590803,0.3
534.0,0.09,36.0,1.0,0.15741573033707865,0.39675651265868167,0.3
535.0,0.09,36.0,1.0,0.15728971962616822,0.39659767980431787,0.3
536.0,0.09,36.0,1.0,0.1571641791044776,0.39643937632944287,0.3
537.0,0.09,36.0,1.0,0.1570391061452514,0.39628159955422027,0.3
538.0,0.09,36.0,1.0,0.15691449814126393,0.39612434681708714,0.3
539.0,0.09,36.0,1.0,0.15679035250463821,0.39596761547459686,0.3
540.0,0.09,36.0,1.0,0.15666666666666668,0.39581140290126393,0.3
541.0,0.09,36.0,1.0,0.156543438077634,0.3956557064894098,0.3
542.0,0.09,36.0,1.0,0.15642066420664208,0.3955005236490112,0.3
543.0,0.09,36.0,1.0,0.15629834254143646,0.39534585180754894,0.3
544.0,0.09,36.0,1.0,0.1561764705882353,0.3951916884098593,0.3
545.0,0.09,36.0,1.0,0.15605504587155963,0.39503803091798595,0.3
546.0,0.09,36.0,1.0,0.15593406593406595,0.39488487681103457,0.3
547.0,0.09,36.0,1.0,0.15581352833638024,0.39473222358502763,0.3
548.0,0.09,36.0,1.0,0.1556934306569343,0.3945800687527619,0.3
549.0,0.09,36.0,1.0,0.15557377049180326,0.3944284098436664,0.3
550.0,0.09,36.0,1.0,0.15545454545454546,0.3942772444036626,0.3
551.0,0.09,36.0,1.0,0.15533575317604353,0.39412656999502527,0.3
552.0,0.09,36.0,1.0,0.1552173913043478,0.3939763841962457,0.3
553.0,0.09,36.0,1.0,0.1550994575045208,0.3938266846018954,0.3
554.0,0.09,36.0,1.0,0.15498194945848376,0.3936774688224915,0.3
555.0,0.09,36.0,1.0,0.15486486486486487,0.39352873448436376,0.3
556.0,0.09,36.0,1.0,0.15474820143884893,0.3933804792295227,0.3
557.0,0.09,36.0,1.0,0.15463195691202872,0.3932327007155289,0.3
558.0,0.09,36.0,1.0,0.15451612903225806,0.39308539661536407,0.3
559.0,0.09,36.0,1.0,0.15440071556350626,0.3929385646173028,0.3
560.0,0.09,36.0,1.0,0.15428571428571428,0.3927922024247863,0.3
561.0,0.09,36.0,1.0,0.1541711229946524,0.3926463077562966,0.3
562.0,0.09,36.0,1.0,0.15405693950177934,0.39250087834523295,0.3
563.0,0.09,36.0,1.0,0.15394316163410302,0.3923559119397884,0.3
564.0,0.09,36.0,1.0,0.15382978723404256,0.3922114063028287,0.3
565.0,0.09,36.0,1.0,0.15371681415929203,0.3920673592117712,0.3
566.0,0.09,36.0,1.0,0.1536042402826855,0.39192376845846627,0.3
567.0,0.09,36.0,1.0,0.15349206349206349,0.3917806318490789,0.3
568.0,0.09,36.0,1.0,0.15338028169014084,0.3916379472039716,0.3
569.0,0.09,36.0,1.0,0.1532688927943761,0.39149571235758907,0.3
570.0,0.09,36.0,1.0,0.1531578947368421,0.3913539251583432,0.3
571.0,0.09,36.0,1.0,0.15304728546409807,0.39121258346849996,0.3
572.0,0.09,36.0,1.0,0.15293706293706294,0.39107168516406676,0.3
573.0,0.09,36.0,1.0,0.15282722513089003,0.39093122813468106,0.3
574.0,0.09,36.0,1.0,0.15271777003484321,0.3907912102835006,0.3
575.0,0.09,36.0,1.0,0.15260869565217391,0.39065162952709404,0.3
576.0,0.09,36.0,1.0,0.1525,0.3905124837953327,0.3
577.0,0.09,36.0,1.0,0.15239168110918544,0.3903737710312841,0.3
578.0,0.09,36.0,1.0,0.15228373702422143,0.3902354891911055,0.3
579.0,0.09,36.0,1.0,0.1521761658031088,0.39009763624393934,0.3
580.0,0.09,36.0,1.0,0.15206896551724136,0.3899602101718089,0.3
581.0,0.09,36.0,1.0,0.15196213425129088,0.38982320896951594,0.3
582.0,0.09,36.0,1.0,0.15185567010309278,0.38968663064453823,0.3
583.0,0.09,36.0,1.0,0.15174957118353344,0.38955047321692915,0.3
584.0,0.09,36.0,1.0,0.15164383561643835,0.3894147347192173,0.3
585.0,0.09,36.0,1.0,0.15153846153846154,0.38927941319630754,0.3
586.0,0.09,36.0,1.0,0.1514334470989761,0.3891445067053833,0.3
587.0,0.09,36.0,1.0,0.15132879045996592,0.38901001331580903,0.3
588.0,0.09,36.0,1.0,0.15122448979591835,0.38887593110903423,0.3
589.0,0.09,36.0,1.0,0.15112054329371816,0.3887422581784982,0.3
590.0,0.09,36.0,1.0,0.15101694915254238,0.3886089926295355,0.3
591.0,0.09,36.0,1.0,0.15091370558375633,0.3884761325792826,0.3
592.0,0.09,36.0,1.0,0.15081081081081082,0.3883436761565853,0.3
593.0,0.09,36.0,1.0,0.15070826306913995,0.3882116215019071,0.3
594.0,0.09,36.0,1.0,0.1506060606060606,0.38807996676723805,0.3
595.0,0.09,36.0,1.0,0.15050420168067227,0.38794871011600524,0.3
596.0,0.09,36.0,1.0,0.15040268456375838,0.3878178497229832,0.3
597.0,0.09,36.0,1.0,0.15030150753768845,0.387687383774206,0.3
598.0,0.09,36.0,1.0,0.15020066889632105,0.3875573104668793,0.3
599.0,0.09,36.0,1.0,0.1501001669449082,0.38742762800929437,0.3
600.0,0.09,36.0,1.0,0.15,0.3872983346207417,0.3
601.0,0.09,36.0,1.0,0.14990016638935108,0.3871694285314261,0.3
602.0,0.09,36.0,1.0,0.14980066445182724,0.3870409079823827,0.3
603.0,0.09,36.0,1.0,0.14970149253731344,0.3869127712253932,0.3
604.0,0.09,36.0,1.0,0.1496026490066225,0.3867850165229032,0.3
605.0,0.09,36.0,1.0,0.14950413223140496,0.3866576421479407,0.3
606.0,0.09,36.0,1.0,0.1494059405940594,0.38653064638403434,0.3
607.0,0.09,36.0,1.0,0.14930807248764416,0.38640402752513353,0.3
608.0,0.09,36.0,1.0,0.14921052631578946,0.38627778387552847,0.3
609.0,0.09,36.0,1.0,0.14911330049261085,0.3861519137497713,0.3
610.0,0.09,36.0,1.0,0.14901639344262296,0.38602641547259814,0.3
611.0,0.09,36.0,1.0,0.14891980360065465,0.38590128737885115,0.3
612.0,0.09,36.0,1.0,0.1488235294117647,0.3857765278134022,0.3
613.0,0.09,36.0,1.0,0.14872756933115824,0.3856521351310767,0.3
614.0,0.09,36.0,1.0,0.14863192182410423,0.38552810769657797,0.3
615.0,0.09,36.0,1.0,0.14853658536585365,0.38540444388441303,0.3
616.0,0.09,36.0,1.0,0.14844155844155843,0.38528114207881814,0.3
617.0,0.09,36.0,1.0,0.14834683954619124,0.38515820067368584,0.3
618.0,0.09,36.0,1.0,0.14825242718446602,0.3850356180724921,0.3
619.0,0.09,36.0,1.0,0.14815831987075928,0.38491339268822444,0.3
620.0,0.09,36.0,1.0,0.14806451612903226,0.38479152294331054,0.3
621.0,0.09,36.0,1.0,0.14797101449275363,0.38467000726954736,0.3
622.0,0.09,36.0,1.0,0.14787781350482315,0.38454884410803153,0.3
623.0,0.09,36.0,1.0,0.14778491171749597,0.38442803190908953,0.3
624.0,0.09,36.0,1.0,0.14769230769230768,0.3843075691322091,0.3
625.0,0.09,36.0,1.0,0.1476,0.38418745424597095,0.3
626.0,0.09,36.0,1.0,0.14750798722044728,0.3840676857279811,0.3
627.0,0.09,36.0,1.0,0.14741626794258372,0.3839482620648044,0.3
628.0,0.09,36.0,1.0,0.14732484076433122,0.38382918175189756,0.3
629.0,0.09,36.0,1.0,0.14723370429252783,0.3837104432935437,0.3
630.0,0.09,36.0,1.0,0.14714285714285713,0.38359204520278717,0.3
631.0,0.09,36.0,1.0,0.14705229793977814,0.383473986001369,0.3
632.0,0.09,36.0,1.0,0.1469620253164557,0.3833562642196625,0.3
633.0,0.09,36.0,1.0,0.14687203791469194,0.3832388783966104,0.3
634.0,0.09,36.0,1.0,0.14678233438485805,0.3831218270796615,0.3
635.0,0.09,36.0,1.0,0.14669291338582677,0.38300510882470845,0.3
636.0,0.09,36.0,1.0,0.14660377358490567,0.38288872219602615,0.3
637.0,0.09,36.0,1.0,0.1465149136577708,0.3827726657662101,0.3
638.0,0.09,36.0,1.0,0.14642633228840124,0.3826569381161163,0.3
639.0,0.09,36.0,1.0,0.1463380281690141,0.3825415378348005,0.3
640.0,0.09,36.0,1.0,0.14625,0.38242646351945886,0.3
641.0,0.09,36.0,1.0,0.1461622464898596,0.3823117137753689,0.3
642.0,0.09,36.0,1.0,0.1460747663551402,0.3821972872158307,0.3
643.0,0.09,36.0,1.0,0.14598755832037325,0.382083182462109,0.3
644.0,0.09,36.0,1.0,0.1459006211180124,0.3819693981433754,0.3
645.0,0.09,36.0,1.0,0.1458139534883721,0.3818559328966516,0.3
646.0,0.09,36.0,1.0,0.14572755417956657,0.3817427853667526,0.3
647.0,0.09,36.0,1.0,0.14564142194744978,0.38162995420623075,0.3
648.0,0.09,36.0,1.0,0.14555555555555555,0.3815174380753199,0.3
649.0,0.09,36.0,1.0,0.14546995377503852,0.38140523564188067,0.3
650.0,0.09,36.0,1.0,0.1453846153846154,0.38129334558134553,0.3
651.0,0.09,36.0,1.0,0.14529953917050692,0.38118176657666475,0.3
652.0,0.09,36.0,1.0,0.14521472392638035,0.3810704973182526,0.3
653.0,0.09,36.0,1.0,0.1451301684532925,0.3809595365039343,0.3
654.0,0.09,36.0,1.0,0.14504587155963303,0.38084888283889323,0.3
655.0,0.09,36.0,1.0,0.1449618320610687,0.3807385350356182,0.3
656.0,0.09,36.0,1.0,0.1448780487804878,0.3806284918138523,0.3
657.0,0.09,36.0,1.0,0.1447945205479452,0.38051875190054063,0.3
658.0,0.09,36.0,1.0,0.1447112462006079,0.3804093140297802,0.3
659.0,0.09,36.0,1.0,0.14462822458270105,0.3803001769427685,0.3
660.0,0.09,36.0,1.0,0.14454545454545453,0.38019133938775423,0.3
661.0,0.09,36.0,1.0,0.14446293494704993,0.3800828001199869,0.3
662.0,0.09,36.0,1.0,0.14438066465256796,0.3799745579016679,0.3
663.0,0.09,36.0,1.0,0.14429864253393665,0.3798666115019016,0.3
664.0,0.09,36.0,1.0,0.14421686746987952,0.37975895969664697,0.3
665.0,0.09,36.0,1.0,0.14413533834586467,0.3796516012686693,0.3
666.0,0.09,36.0,1.0,0.14405405405405405,0.37954453500749297,0.3
667.0,0.09,36.0,1.0,0.14397301349325337,0.3794377597093539,0.3
668.0,0.09,36.0,1.0,0.14389221556886228,0.3793312741771528,0.3
669.0,0.09,36.0,1.0,0.14381165919282513,0.37922507722040893,0.3
670.0,0.09,36.0,1.0,0.14373134328358209,0.37911916765521375,0.3
671.0,0.09,36.0,1.0,0.14365126676602086,0.3790135443041856,0.3
672.0,0.09,36.0,1.0,0.14357142857142857,0.3789082059964241,0.3
673.0,0.09,36.0,1.0,0.14349182763744428,0.3788031515674656,0.3
674.0,0.09,36.0,1.0,0.14341246290801185,0.37869837985923815,0.3
675.0,0.09,36.0,1.0,0.14333333333333334,0.37859388972001823,0.3
676.0,0.09,36.0,1.0,0.14325443786982248,0.37848968000438593,0.3
677.0,0.09,36.0,1.0,0.14317577548005908,0.3783857495731824,0.3
678.0,0.09,36.0,1.0,0.14309734513274336,0.3782820972934661,0.3
679.0,0.09,36.0,1.0,0.14301914580265096,0.3781787220384708,0.3
680.0,0.09,36.0,1.0,0.14294117647058824,0.3780756226875627,0.3
681.0,0.09,36.0,1.0,0.142863436123348,0.3779727981261985,0.3
682.0,0.09,36.0,1.0,0.1427859237536657,0.37787024724588425,0.3
683.0,0.09,36.0,1.0,0.1427086383601757,0.37776796894413334,0.3
684.0,0.09,36.0,1.0,0.14263157894736841,0.37766596212442605,0.3
685.0,0.09,36.0,1.0,0.14255474452554745,0.37756422569616876,0.3
686.0,0.09,36.0,1.0,0.14247813411078716,0.3774627585746535,0.3
687.0,0.09,36.0,1.0,0.1424017467248908,0.3773615596810184,0.3
688.0,0.09,36.0,1.0,0.14232558139534884,0.37726062794220766,0.3
689.0,0.09,36.0,1.0,0.14224963715529754,0.3771599622909324,0.3
690.0,0.09,36.0,1.0,0.14217391304347826,0.37705956166563165,0.3
691.0,0.09,36.0,1.0,0.14209840810419683,0.3769594250104338,0.3
692.0,0.09,36.0,1.0,0.14202312138728324,0.37685955127511794,0.3
693.0,0.09,36.0,1.0,0.14194805194805193,0.37675993941507624,0.3
694.0,0.09,36.0,1.0,0.14187319884726224,0.376660588391276,0.3
695.0,0.09,36.0,1.0,0.14179856115107914,0.376561497170222,0.3
696.0,0.09,36.0,1.0,0.14172413793103447,0.3764626647239198,0.3
697.0,0.09,36.0,1.0,0.14164992826398853,0.3763640900298387,0.3
698.0,0.09,36.0,1.0,0.1415759312320917,0.376265772070875,0.3
699.0,0.09,36.0,1.0,0.1415021459227468,0.3761677098353164,0.3
700.0,0.09,36.0,1.0,0.14142857142857143,0.37606990231680526,0.3
701.0,0.09,36.0,1.0,0.14135520684736091,0.37597234851430356,0.3
702.0,0.09,36.0,1.0,0.1412820512820513,0.37587504743205724,0.3
703.0,0.09,36.0,1.0,0.14120910384068278,0.3757779980795613,0.3
704.0,0.09,36.0,1.0,0.14113636363636364,0.37568119947152484,0.3
705.0,0.09,36.0,1.0,0.14106382978723403,0.3755846506278365,0.3
706.0,0.09,36.0,1.0,0.14099150141643058,0.3754883505735305,0.3
707.0,0.09,36.0,1.0,0.14091937765205093,0.37539229833875243,0.3
708.0,0.09,36.0,1.0,0.14084745762711864,0.3752964929587254,0.3
709.0,0.09,36.0,1.0,0.14077574047954866,0.3752009334737171,0.3
710.0,0.09,36.0,1.0,0.1407042253521127,0.375105618929006,0.3
711.0,0.09,36.0,1.0,0.14063291139240505,0.3750105483748491,0.3
712.0,0.09,36.0,1.0,0.14056179775280897,0.3749157208664488,0.3
713.0,0.09,36.0,1.0,0.14049088359046283,0.37482113546392076,0.3
714.0,0.09,36.0,1.0,0.1404201680672269,0.3747267912322615,0.3
715.0,0.09,36.0,1.0,0.14034965034965036,0.3746326872413169,0.3
716.0,0.09,36.0,1.0,0.14027932960893855,0.3745388225657503,0.3
717.0,0.09,36.0,1.0,0.1402092050209205,0.3744451962850111,0.3
718.0,0.09,36.0,1.0,0.1401392757660167,0.374351807483304,0.3
719.0,0.09,36.0,1.0,0.1400695410292072,0.3742586552495576,0.3
720.0,0.09,36.0,1.0,0.14,0.37416573867739417,0.3
721.0,0.09,36.0,1.0,0.13993065187239945,0.3740730568650988,0.3
722.0,0.09,36.0,1.0,0.13986149584487534,0.3739806089155898,0.3
723.0,0.09,36.0,1.0,0.13979253112033194,0.3738883939363884,0.3
724.0,0.09,36.0,1.0,0.13972375690607736,0.373796411039589,0.3
725.0,0.09,36.0,1.0,0.1396551724137931,0.37370465934182984,0.3
726.0,0.09,36.0,1.0,0.13958677685950413,0.37361313796426393,0.3
727.0,0.09,36.0,1.0,0.13951856946354882,0.3735218460325297,0.3
728.0,0.09,36.0,1.0,0.13945054945054944,0.37343078267672236,0.3
729.0,0.09,36.0,1.0,0.1393827160493827,0.37333994703136536,0.3
730.0,0.09,36.0,1.0,0.13931506849315067,0.3732493382353821,0.3
731.0,0.09,36.0,1.0,0.13924760601915184,0.3731589554320676,0.3
732.0,0.09,36.0,1.0,0.13918032786885245,0.3730687977690609,0.3
733.0,0.09,36.0,1.0,0.13911323328785813,0.372978864398317,0.3
734.0,0.09,36.0,1.0,0.13904632152588556,0.3728891544760796,0.3
735.0,0.09,36.0,1.0,0.1389795918367347,0.37279966716285395,0.3
736.0,0.09,36.0,1.0,0.13891304347826086,0.37271040162337954,0.3
737.0,0.09,36.0,1.0,0.13884667571234735,0.37262135702660326,0.3
738.0,0.09,36.0,1.0,0.13878048780487806,0.37253253254565305,0.3
739.0,0.09,36.0,1.0,0.1387144790257104,0.372443927357811,0.3
740.0,0.09,36.0,1.0,0.13864864864864865,0.3723555406444876,0.3
741.0,0.09,36.0,1.0,0.138582995951417,0.37226737159119516,0.3
742.0,0.09,36.0,1.0,0.1385175202156334,0.3721794193875226,0.3
743.0,0.09,36.0,1.0,0.13845222072678331,0.3720916832271091,0.3
744.0,0.09,36.0,1.0,0.13838709677419353,0.37200416230761923,0.3
745.0,0.09,36.0,1.0,0.1383221476510067,0.3719168558307175,0.3
746.0,0.09,36.0,1.0,0.1382573726541555,0.37182976300204307,0.3
747.0,0.09,36.0,1.0,0.13819277108433736,0.3717428830311851,0.3
748.0,0.09,36.0,1.0,0.1381283422459893,0.3716562151316581,0.3
749.0,0.09,36.0,1.0,0.138064085447263,0.3715697585208772,0.3
750.0,0.09,36.0,1.0,0.138,0.3714835124201342,0.3
751.0,0.09,36.0,1.0,0.13793608521970704,0.3713974760545729,0.3
752.0,0.09,36.0,1.0,0.13787234042553193,0.3713116486531656,0.3
753.0,0.09,36.0,1.0,0.13780876494023903,0.37122602944868915,0.3
754.0,0.09,36.0,1.0,0.13774535809018568,0.37114061767770135,0.3
755.0,0.09,36.0,1.0,0.13768211920529802,0.37105541258051744,0.3
756.0,0.09,36.0,1.0,0.1376190476190476,0.370970413401187,0.3
757.0,0.09,36.0,1.0,0.137556142668428,0.370885619387471,0.3
758.0,0.09,36.0,1.0,0.1374934036939314,0.3708010297908184,0.3
759.0,0.09,36.0,1.0,0.1374308300395257,0.37071664386634395,0.3
760.0,0.09,36.0,1.0,0.13736842105263158,0.3706324608728053,0.3
761.0,0.09,36.0,1.0,0.13730617608409987,0.3705484800725809,0.3
762.0,0.09,36.0,1.0,0.13724409448818897,0.3704647007316473,0.3
763.0,0.09,36.0,1.0,0.1371821756225426,0.37038112211955754,0.3
764.0,0.09,36.0,1.0,0.13712041884816753,0.3702977435094191,0.3
765.0,0.09,36.0,1.0,0.13705882352941176,0.3702145641778721,0.3
766.0,0.09,36.0,1.0,0.13699738903394254,0.37013158340506763,0.3
767.0,0.09,36.0,1.0,0.1369361147327249,0.3700488004746467,0.3
768.0,0.09,36.0,1.0,0.136875,0.36996621467371854,0.3
769.0,0.09,36.0,1.0,0.13681404421326399,0.36988382529283975,0.3
770.0,0.09,36.0,1.0,0.13675324675324674,0.36980163162599317,0.3
771.0,0.09,36.0,1.0,0.13669260700389105,0.36971963297056737,0.3
772.0,0.09,36.0,1.0,0.1366321243523316,0.3696378286273357,0.3
773.0,0.09,36.0,1.0,0.13657179818887452,0.36955621790043597,0.3
774.0,0.09,36.0,1.0,0.13651162790697674,0.36947480009735,0.3
775.0,0.09,36.0,1.0,0.1364516129032258,0.3693935745288835,0.3
776.0,0.09,36.0,1.0,0.13639175257731959,0.36931254050914597,0.3
777.0,0.09,36.0,1.0,0.13633204633204632,0.36923169735553085,0.3
778.0,0.09,36.0,1.0,0.13627249357326476,0.36915104438869567,0.3
779.0,0.09,36.0,1.0,0.13621309370988446,0.3690705809325426,0.3
780.0,0.09,36.0,1.0,0.13615384615384615,0.36899030631419866,0.3
781.0,0.09,36.0,1.0,0.13609475032010243,0.36891021986399675,0.3
782.0,0.09,36.0,1.0,0.13603580562659845,0.36883032091545626,0.3
783.0,0.09,36.0,1.0,0.13597701149425287,0.36875060880526406,0.3
784.0,0.09,36.0,1.0,0.13591836734693877,0.3686710828732554,0.3
785.0,0.09,36.0,1.0,0.13585987261146495,0.36859174246239557,0.3
786.0,0.09,36.0,1.0,0.13580152671755724,0.3685125869187608,0.3
787.0,0.09,36.0,1.0,0.1357433290978399,0.36843361559151994,0.3
788.0,0.09,36.0,1.0,0.13568527918781725,0.36835482783291607,0.3
789.0,0.09,36.0,1.0,0.1356273764258555,0.3682762229982483,0.3
790.0,0.09,36.0,1.0,0.13556962025316455,0.3681978004458535,0.3
791.0,0.09,36.0,1.0,0.13551201011378003,0.36811955953708847,0.3
792.0,0.09,36.0,1.0,0.13545454545454544,0.368041499636312,0.3
793.0,0.09,36.0,1.0,0.13539722572509458,0.3679636201108672,0.3
794.0,0.09,36.0,1.0,0.13534005037783375,0.3678859203310637,0.3
795.0,0.09,36.0,1.0,0.13528301886792451,0.3678083996701605,0.3
796.0,0.09,36.0,1.0,0.13522613065326633,0.3677310575043483,0.3
797.0,0.09,36.0,1.0,0.1351693851944793,0.36765389321273245,0.3
798.0,0.09,36.0,1.0,0.1351127819548872,0.3675769061773158,0.3
799.0,0.09,36.0,1.0,0.1350563204005006,0.36750009578298154,0.3
800.0,0.09,36.0,1.0,0.135,0.3674234614174767,0.3
801.0,0.09,36.0,1.0,0.1349438202247191,0.367347002471395,0.3
802.0,0.09,36.0,1.0,0.13488778054862843,0.3672707183381605,0.3
803.0,0.09,36.0,1.0,0.13483188044831879,0.36719460841401086,0.3
804.0,0.09,36.0,1.0,0.13477611940298506,0.3671186720979812,0.3
805.0,0.09,36.0,1.0,0.13472049689440993,0.3670429087918876,0.3
806.0,0.09,36.0,1.0,0.1346650124069479,0.36696731790031095,0.3
807.0,0.09,36.0,1.0,0.1346096654275093,0.36689189883058104,0.3
808.0,0.09,36.0,1.0,0.13455445544554456,0.36681665099276034,0.3
809.0,0.09,36.0,1.0,0.13449938195302844,0.36674157379962863,0.3
810.0,0.09,36.0,1.0,0.13444444444444445,0.3666666666666667,0.3
811.0,0.09,36.0,1.0,0.13438964241676943,0.3665919290120412,0.3
812.0,0.09,36.0,1.0,0.13433497536945813,0.3665173602565888,0.3
813.0,0.09,36.0,1.0,0.13428044280442802,0.36644295982380126,0.3
814.0,0.09,36.0,1.0,0.13422604422604423,0.36636872713980956,0.3
815.0,0.09,36.0,1.0,0.13417177914110429,0.366294661633369,0.3
816.0,0.09,36.0,1.0,0.13411764705882354,0.36622076273584425,0.3
817.0,0.09,36.0,1.0,0.13406364749082006,0.36614702988119413,0.3
818.0,0.09,36.0,1.0,0.13400977995110025,0.3660734625059569,0.3
819.0,0.09,36.0,1.0,0.13395604395604396,0.36600006004923546,0.3
820.0,0.09,36.0,1.0,0.13390243902439025,0.36592682195268256,0.3
821.0,0.09,36.0,1.0,0.1338489646772229,0.36585374766048645,0.3
822.0,0.09,36.0,1.0,0.1337956204379562,0.3657808366193563,0.3
823.0,0.09,36.0,1.0,0.13374240583232078,0.3657080882785077,0.3
824.0,0.09,36.0,1.0,0.13368932038834952,0.36563550208964873,0.3
825.0,0.09,36.0,1.0,0.13363636363636364,0.3655630775069655,0.3
826.0,0.09,36.0,1.0,0.13358353510895882,0.36549081398710803,0.3
827.0,0.09,36.0,1.0,0.13353083434099153,0.36541871098917683,0.3
828.0,0.09,36.0,1.0,0.1334782608695652,0.3653467679747081,0.3
829.0,0.09,36.0,1.0,0.1334258142340169,0.3652749844076609,0.3
830.0,0.09,36.0,1.0,0.13337349397590362,0.3652033597544026,0.3
831.0,0.09,36.0,1.0,0.13332129963898917,0.36513189348369607,0.3
832.0,0.09,36.0,1.0,0.13326923076923075,0.36506058506668554,0.3
833.0,0.09,36.0,1.0,0.13321728691476592,0.36498943397688366,0.3
834.0,0.09,36.0,1.0,0.1331654676258993,0.36491843969015775,0.3
835.0,0.09,36.0,1.0,0.13311377245508982,0.36484760168471686,0.3
836.0,0.09,36.0,1.0,0.1330622009569378,0.3647769194410987,0.3
837.0,0.09,36.0,1.0,0.13301075268817203,0.3647063924421562,0.3
838.0,0.09,36.0,1.0,0.13295942720763723,0.3646360201730449,0.3
839.0,0.09,36.0,1.0,0.13290822407628128,0.36456580212121004,0.3
840.0,0.09,36.0,1.0,0.13285714285714284,0.3644957377763735,0.3
841.0,0.09,36.0,1.0,0.13280618311533887,0.3644258266305214,0.3
842.0,0.09,36.0,1.0,0.13275534441805226,0.3643560681778914,0.3
843.0,0.09,36.0,1.0,0.13270462633451957,0.36428646191495995,0.3
844.0,0.09,36.0,1.0,0.13265402843601895,0.36421700734043017,0.3
845.0,0.09,36.0,1.0,0.132603550295858,0.3641477039552192,0.3
846.0,0.09,36.0,1.0,0.1325531914893617,0.36407855126244626,0.3
847.0,0.09,36.0,1.0,0.1325029515938607,0.36400954876742,0.3
848.0,0.09,36.0,1.0,0.13245283018867923,0.36394069597762657,0.3
849.0,0.09,36.0,1.0,0.13240282685512367,0.363871992402718,0.3
850.0,0.09,36.0,1.0,0.1323529411764706,0.36380343755449945,0.3
851.0,0.09,36.0,1.0,0.13230317273795533,0.3637350309469179,0.3
852.0,0.09,36.0,1.0,0.13225352112676056,0.36366677209605025,0.3
853.0,0.09,36.0,1.0,0.1322039859320047,0.36359866052009143,0.3
854.0,0.09,36.0,1.0,0.13215456674473067,0.3635306957393429,0.3
855.0,0.09,36.0,1.0,0.13210526315789473,0.36346287727620097,0.3
856.0,0.09,36.0,1.0,0.13205607476635514,0.3633952046551456,0.3
857.0,0.09,36.0,1.0,0.13200700116686115,0.3633276774027285,0.3
858.0,0.09,36.0,1.0,0.13195804195804195,0.3632602950475622,0.3
859.0,0.09,36.0,1.0,0.1319091967403958,0.3631930571203087,0.3
860.0,0.09,36.0,1.0,0.13186046511627908,0.363125963153668,0.3
861.0,0.09,36.0,1.0,0.13181184668989548,0.3630590126823675,0.3
862.0,0.09,36.0,1.0,0.13176334106728538,0.36299220524315035,0.3
863.0,0.09,36.0,1.0,0.13171494785631518,0.362925540374765,0.3
864.0,0.09,36.0,1.0,0.13166666666666665,0.362859017617954,0.3
865.0,0.09,36.0,1.0,0.1316184971098266,0.36279263651544336,0.3
866.0,0.09,36.0,1.0,0.1315704387990762,0.36272639661193146,0.3
867.0,0.09,36.0,1.0,0.13152249134948096,0.36266029745407885,0.3
868.0,0.09,36.0,1.0,0.1314746543778802,0.3625943385904973,0.3
869.0,0.09,36.0,1.0,0.13142692750287688,0.3625285195717392,0.3
870.0,0.09,36.0,1.0,0.13137931034482758,0.3624628399502873,0.3
871.0,0.09,36.0,1.0,0.13133180252583238,0.36239729928054426,0.3
872.0,0.09,36.0,1.0,0.13128440366972477,0.36233189711882224,0.3
873.0,0.09,36.0,1.0,0.13123711340206184,0.36226663302333245,0.3
874.0,0.09,36.0,1.0,0.13118993135011442,0.3622015065541755,0.3
875.0,0.09,36.0,1.0,0.13114285714285714,0.3621365172733304,0.3
876.0,0.09,36.0,1.0,0.1310958904109589,0.3620716647446454,0.3
877.0,0.09,36.0,1.0,0.1310490307867731,0.3620069485338273,0.3
878.0,0.09,36.0,1.0,0.131002277904328,0.3619423682084318,0.3
879.0,0.09,36.0,1.0,0.1309556313993174,0.3618779233378535,0.3
880.0,0.09,36.0,1.0,0.13090909090909092,0.36181361349331637,0.3
881.0,0.09,36.0,1.0,0.13086265607264472,0.3617494382478634,0.3
882.0,0.09,36.0,1.0,0.13081632653061223,0.3616853971763475,0.3
883.0,0.09,36.0,1.0,0.13077010192525482,0.36162148985542164,0.3
884.0,0.09,36.0,1.0,0.13072398190045248,0.36155771586352914,0.3
885.0,0.09,36.0,1.0,0.1306779661016949,0.36149407478089446,0.3
886.0,0.09,36.0,1.0,0.13063205417607224,0.3614305661895134,0.3
887.0,0.09,36.0,1.0,0.13058624577226607,0.3613671896731441,0.3
888.0,0.09,36.0,1.0,0.13054054054054054,0.3613039448172972,0.3
889.0,0.09,36.0,1.0,0.1304949381327334,0.36124083120922723,0.3
890.0,0.09,36.0,1.0,0.1304494382022472,0.3611778484379229,0.3
891.0,0.09,36.0,1.0,0.1304040404040404,0.361114996094098,0.3
892.0,0.09,36.0,1.0,0.13035874439461884,0.3610522737701825,0.3
893.0,0.09,36.0,1.0,0.13031354983202686,0.3609896810603135,0.3
894.0,0.09,36.0,1.0,0.13026845637583892,0.36092721756032603,0.3
895.0,0.09,36.0,1.0,0.13022346368715082,0.3608648828677443,0.3
896.0,0.09,36.0,1.0,0.13017857142857142,0.3608026765817729,0.3
897.0,0.09,36.0,1.0,0.13013377926421404,0.3607405983032878,0.3
898.0,0.09,36.0,1.0,0.1300890868596882,0.3606786476348277,0.3
899.0,0.09,36.0,1.0,0.13004449388209122,0.3606168241805854,0.3
900.0,0.09,36.0,1.0,0.13,0.36055512754639896,0.3
901.0,0.09,36.0,1.0,0.1299556048834628,0.3604935573397433,0.3
902.0,0.09,36.0,1.0,0.12991130820399113,0.3604321131697218,0.3
903.0,0.09,36.0,1.0,0.1298671096345515,0.36037079464705724,0.3
904.0,0.09,36.0,1.0,0.12982300884955753,0.360309601384084,0.3
905.0,0.09,36.0,1.0,0.12977900552486188,0.36024853299473947,0.3
906.0,0.09,36.0,1.0,0.12973509933774835,0.3601875890945555,0.3
907.0,0.09,36.0,1.0,0.12969128996692392,0.36012676930065046,0.3
908.0,0.09,36.0,1.0,0.129647577092511,0.3600660732317209,0.3
909.0,0.09,36.0,1.0,0.1296039603960396,0.36000550050803337,0.3
910.0,0.09,36.0,1.0,0.12956043956043956,0.35994505075141614,0.3
911.0,0.09,36.0,1.0,0.12951701427003293,0.3598847235852516,0.3
912.0,0.09,36.0,1.0,0.1294736842105263,0.35982451863446757,0.3
913.0,0.09,36.0,1.0,0.12943044906900328,0.35976443552553006,0.3
914.0,0.09,36.0,1.0,0.12938730853391683,0.3597044738864348,0.3
915.0,0.09,36.0,1.0,0.12934426229508197,0.3596446333466996,0.3
916.0,0.09,36.0,1.0,0.12930131004366813,0.35958491353735644,0.3
917.0,0.09,36.0,1.0,0.12925845147219192,0.35952531409094396,0.3
918.0,0.09,36.0,1.0,0.1292156862745098,0.3594658346414994,0.3
919.0,0.09,36.0,1.0,0.12917301414581067,0.35940647482455107,0.3
920.0,0.09,36.0,1.0,0.1291304347826087,0.3593472342771107,0.3
921.0,0.09,36.0,1.0,0.12908794788273614,0.35928811263766597,0.3
922.0,0.09,36.0,1.0,0.12904555314533622,0.3592291095461728,0.3
923.0,0.09,36.0,1.0,0.1290032502708559,0.359170224644048,0.3
924.0,0.09,36.0,1.0,0.12896103896103894,0.3591114575741617,0.3
925.0,0.09,36.0,1.0,0.1289189189189189,0.35905280798083017,0.3
926.0,0.09,36.0,1.0,0.1288768898488121,0.3589942755098082,0.3
927.0,0.09,36.0,1.0,0.1288349514563107,0.358935859808282,0.3
928.0,0.09,36.0,1.0,0.12879310344827585,0.3588775605248618,0.3
929.0,0.09,36.0,1.0,0.128751345532831,0.3588193773095748,0.3
930.0,0.09,36.0,1.0,0.12870967741935485,0.3587613098138578,0.3
931.0,0.09,36.0,1.0,0.12866809881847474,0.3587033576905501,0.3
932.0,0.09,36.0,1.0,0.12862660944206009,0.3586455205938868,0.3
933.0,0.09,36.0,1.0,0.12858520900321543,0.3585877981794911,0.3
934.0,0.09,36.0,1.0,0.12854389721627407,0.35853019010436776,0.3
935.0,0.09,36.0,1.0,0.12850267379679145,0.3584726960268961,0.3
936.0,0.09,36.0,1.0,0.12846153846153846,0.3584153156068229,0.3
937.0,0.09,36.0,1.0,0.1284204909284952,0.3583580485052557,0.3
938.0,0.09,36.0,1.0,0.12837953091684434,0.3583008943846559,0.3
939.0,0.09,36.0,1.0,0.12833865814696485,0.358243852908832,0.3
940.0,0.09,36.0,1.0,0.12829787234042553,0.35818692374293276,0.3
941.0,0.09,36.0,1.0,0.12825717321997876,0.3581301065534407,0.3
942.0,0.09,36.0,1.0,0.12821656050955413,0.358073401008165,0.3
943.0,0.09,36.0,1.0,0.1281760339342524,0.35801680677623554,0.3
944.0,0.09,36.0,1.0,0.128135593220339,0.35796032352809576,0.3
945.0,0.09,36.0,1.0,0.1280952380952381,0.3579039509354962,0.3
946.0,0.09,36.0,1.0,0.12805496828752644,0.3578476886714883,0.3
947.0,0.09,36.0,1.0,0.12801478352692713,0.35779153641041755,0.3
948.0,0.09,36.0,1.0,0.1279746835443038,0.35773549382791725,0.3
949.0,0.09,36.0,1.0,0.12793466807165438,0.35767956060090206,0.3
950.0,0.09,36.0,1.0,0.12789473684210526,0.35762373640756184,0.3
951.0,0.09,36.0,1.0,0.12785488958990537,0.357568020927355,0.3
952.0,0.09,36.0,1.0,0.12781512605042017,0.3575124138410024,0.3
953.0,0.09,36.0,1.0,0.1277754459601259,0.35745691483048125,0.3
954.0,0.09,36.0,1.0,0.12773584905660376,0.35740152357901855,0.3
955.0,0.09,36.0,1.0,0.12769633507853403,0.35734623977108537,0.3
956.0,0.09,36.0,1.0,0.1276569037656904,0.3572910630923902,0.3
957.0,0.09,36.0,1.0,0.12761755485893417,0.3572359932298734,0.3
958.0,0.09,36.0,1.0,0.12757828810020877,0.35718102987170075,0.3
959.0,0.09,36.0,1.0,0.1275391032325339,0.3571261727072575,0.3
960.0,0.09,36.0,1.0,0.1275,0.3570714214271425,0.3
961.0,0.09,36.0,1.0,0.12746097814776275,0.35701677572316226,0.3
962.0,0.09,36.0,1.0,0.12742203742203742,0.3569622352883249,0.3
963.0,0.09,36.0,1.0,0.12738317757009346,0.3569077998168343,0.3
964.0,0.09,36.0,1.0,0.12734439834024897,0.3568534690040843,0.3
965.0,0.09,36.0,1.0,0.12730569948186526,0.3567992425466529,0.3
966.0,0.09,36.0,1.0,0.1272670807453416,0.35674512014229653,0.3
967.0,0.09,36.0,1.0,0.1272285418821096,0.3566911014899441,0.3
968.0,0.09,36.0,1.0,0.1271900826446281,0.3566371862896915,0.3
969.0,0.09,36.0,1.0,0.12715170278637772,0.35658337424279574,0.3
970.0,0.09,36.0,1.0,0.12711340206185567,0.35652966505166955,0.3
971.0,0.09,36.0,1.0,0.12707518022657055,0.35647605841987556,0.3
972.0,0.09,36.0,1.0,0.12703703703703703,0.35642255405212087,0.3
973.0,0.09,36.0,1.0,0.1269989722507708,0.35636915165425137,0.3
974.0,0.09,36.0,1.0,0.12696098562628336,0.35631585093324625,0.3
975.0,0.09,36.0,1.0,0.12692307692307692,0.35626265159721265,0.3
976.0,0.09,36.0,1.0,0.12688524590163935,0.35620955335538007,0.3
977.0,0.09,36.0,1.0,0.1268474923234391,0.3561565559180949,0.3
978.0,0.09,36.0,1.0,0.12680981595092025,0.3561036589968155,0.3
979.0,0.09,36.0,1.0,0.12677221654749743,0.356050862304106,0.3
980.0,0.09,36.0,1.0,0.126734693877551,0.3559981655536318,0.3
981.0,0.09,36.0,1.0,0.12669724770642202,0.3559455684601538,0.3
982.0,0.09,36.0,1.0,0.12665987780040733,0.3558930707395233,0.3
983.0,0.09,36.0,1.0,0.12662258392675482,0.35584067210867676,0.3
984.0,0.09,36.0,1.0,0.12658536585365854,0.3557883722856307,0.3
985.0,0.09,36.0,1.0,0.1265482233502538,0.35573617098947613,0.3
986.0,0.09,36.0,1.0,0.12651115618661257,0.355684067940374,0.3
987.0,0.09,36.0,1.0,0.1264741641337386,0.35563206285954957,0.3
988.0,0.09,36.0,1.0,0.12643724696356273,0.35558015546928756,0.3
989.0,0.09,36.0,1.0,0.12640040444893832,0.3555283454929274,0.3
990.0,0.09,36.0,1.0,0.12636363636363634,0.3554766326548573,0.3
991.0,0.09,36.0,1.0,0.12632694248234105,0.35542501668051035,0.3
992.0,0.09,36.0,1.0,0.12629032258064515,0.3553734972963588,0.3
993.0,0.09,36.0,1.0,0.12625377643504532,0.3553220742299095,0.3
994.0,0.09,36.0,1.0,0.1262173038229376,0.35527074720969865,0.3
995.0,0.09,36.0,1.0,0.12618090452261305,0.3552195159652874,0.3
996.0,0.09,36.0,1.0,0.12614457831325301,0.35516838022725644,0.3
997.0,0.09,36.0,1.0,0.12610832497492477,0.35511733972720166,0.3
998.0,0.09,36.0,1.0,0.12607214428857716,0.3550663941977291,0.3
999.0,0.09,36.0,1.0,0.12603603603603603,0.3550155433724501,0.3
1000.0,0.09,36.0,1.0,0.126,0.35496478698597694,0.3
1.0,0.25,36.0,1.0,36.25,6.020797289396148,0.5
2.0,0.25,36.0,1.0,18.25,4.272001872658765,0.5
3.0,0.25,36.0,1.0,12.25,3.5,0.5
4.0,0.25,36.0,1.0,9.25,3.0413812651491097,0.5
5.0,0.25,36.0,1.0,7.45,2.7294688127912363,0.5
6.0,0.25,36.0,1.0,6.25,2.5,0.5
7.0,0.25,36.0,1.0,5.392857142857143,2.3222526010012654,0.5
8.0,0.25,36.0,1.0,4.75,2.179449471770337,0.5
9.0,0.25,36.0,1.0,4.25,2.0615528128088303,0.5
10.0,0.25,36.0,1.0,3.85,1.9621416870348585,0.5
11.0,0.25,36.0,1.0,3.522727272727273,1.8768929838238708,0.5
12.0,0.25,36.0,1.0,3.25,1.8027756377319946,0.5
13.0,0.25,36.0,1.0,3.019230769230769,1.7375933843194642,0.5
14.0,0.25,36.0,1.0,2.8214285714285716,1.679710859472121,0.5
15.0,0.25,36.0,1.0,2.65,1.6278820596099706,0.5
16.0,0.25,36.0,1.0,2.5,1.5811388300841898,0.5
17.0,0.25,36.0,1.0,2.3676470588235294,1.5387160422974504,0.5
18.0,0.25,36.0,1.0,2.25,1.5,0.5
19.0,0.25,36.0,1.0,2.144736842105263,1.4644920082080553,0.5
20.0,0.25,36.0,1.0,2.05,1.4317821063276353,0.5
21.0,0.25,36.0,1.0,1.9642857142857142,1.4015297764534702,0.5
22.0,0.25,36.0,1.0,1.8863636363636365,1.3734495390671027,0.5
23.0,0.25,36.0,1.0,1.815217391304348,1.347300037595319,0.5
24.0,0.25,36.0,1.0,1.75,1.3228756555322954,0.5
25.0,0.25,36.0,1.0,1.69,1.3,0.5
26.0,0.25,36.0,1.0,1.6346153846153846,1.278520779891897,0.5
27.0,0.25,36.0,1.0,1.5833333333333333,1.2583057392117916,0.5
28.0,0.25,36.0,1.0,1.5357142857142858,1.2392393980641052,0.5
29.0,0.25,36.0,1.0,1.4913793103448276,1.2212204184113642,0.5
30.0,0.25,36.0,1.0,1.45,1.2041594578792296,0.5
31.0,0.25,36.0,1.0,1.4112903225806452,1.1879774082787287,0.5
32.0,0.25,36.0,1.0,1.375,1.1726039399558574,0.5
33.0,0.25,36.0,1.0,1.3409090909090908,1.1579762911688178,0.5
34.0,0.25,36.0,1.0,1.3088235294117647,1.1440382552221602,0.5
35.0,0.25,36.0,1.0,1.2785714285714285,1.1307393283031366,0.5
36.0,0.25,36.0,1.0,1.25,1.118033988749895,0.5
37.0,0.25,36.0,1.0,1.222972972972973,1.1058810844629603,0.5
38.0,0.25,36.0,1.0,1.1973684210526314,1.094243309804831,0.5
39.0,0.25,36.0,1.0,1.1730769230769231,1.0830867569483633,0.5
40.0,0.25,36.0,1.0,1.15,1.0723805294763609,0.5
41.0,0.25,36.0,1.0,1.1280487804878048,1.0620964082830733,0.5
42.0,0.25,36.0,1.0,1.1071428571428572,1.0522085616183026,0.5
43.0,0.25,36.0,1.0,1.0872093023255816,1.042693292548476,0.5
44.0,0.25,36.0,1.0,1.0681818181818183,1.033528818263825,0.5
45.0,0.25,36.0,1.0,1.05,1.02469507659596,0.5
46.0,0.25,36.0,1.0,1.0326086956521738,1.0161735558713254,0.5
47.0,0.25,36.0,1.0,1.0159574468085106,1.0079471448486328,0.5
48.0,0.25,36.0,1.0,1.0,1.0,0.5
49.0,0.25,36.0,1.0,0.9846938775510204,0.9923174278178432,0.5
50.0,0.25,36.0,1.0,0.97,0.9848857801796105,0.5
51.0,0.25,36.0,1.0,0.9558823529411765,0.9776923610938036,0.5
52.0,0.25,36.0,1.0,0.9423076923076923,0.970725343394151,0.5
53.0,0.25,36.0,1.0,0.9292452830188679,0.963973694152941,0.5
54.0,0.25,36.0,1.0,0.9166666666666666,0.9574271077563381,0.5
55.0,0.25,36.0,1.0,0.9045454545454545,0.9510759457296007,0.5
56.0,0.25,36.0,1.0,0.8928571428571429,0.944911182523068,0.5
57.0,0.25,36.0,1.0,0.881578947368421,0.9389243565742775,0.5
58.0,0.25,36.0,1.0,0.8706896551724138,0.9331075260506765,0.5
59.0,0.25,36.0,1.0,0.8601694915254238,0.9274532287535711,0.5
60.0,0.25,36.0,1.0,0.85,0.9219544457292888,0.5
61.0,0.25,36.0,1.0,0.8401639344262295,0.9166045681897017,0.5
62.0,0.25,36.0,1.0,0.8306451612903226,0.9113973673926882,0.5
63.0,0.25,36.0,1.0,0.8214285714285714,0.9063269671749657,0.5
64.0,0.25,36.0,1.0,0.8125,0.9013878188659973,0.5
65.0,0.25,36.0,1.0,0.8038461538461539,0.8965746783431673,0.5
66.0,0.25,36.0,1.0,0.7954545454545454,0.8918825850158447,0.5
67.0,0.25,36.0,1.0,0.7873134328358209,0.8873068425498706,0.5
68.0,0.25,36.0,1.0,0.7794117647058824,0.8828430011649196,0.5
69.0,0.25,36.0,1.0,0.7717391304347826,0.8784868413555109,0.5
70.0,0.25,36.0,1.0,0.7642857142857142,0.8742343589025281,0.5
71.0,0.25,36.0,1.0,0.7570422535211268,0.8700817510562595,0.5
72.0,0.25,36.0,1.0,0.75,0.8660254037844386,0.5
73.0,0.25,36.0,1.0,0.7431506849315068,0.8620618799897759,0.5
74.0,0.25,36.0,1.0,0.7364864864864865,0.8581879086112123,0.5
75.0,0.25,36.0,1.0,0.73,0.8544003745317531,0.5
76.0,0.25,36.0,1.0,0.7236842105263157,0.8506963092234007,0.5
77.0,0.25,36.0,1.0,0.7175324675324675,0.8470728820665123,0.5
78.0,0.25,36.0,1.0,0.7115384615384616,0.8435273922869734,0.5
79.0,0.25,36.0,1.0,0.7056962025316456,0.8400572614599826,0.5
80.0,0.25,36.0,1.0,0.7,0.8366600265340756,0.5
81.0,0.25,36.0,1.0,0.6944444444444444,0.8333333333333334,0.5
82.0,0.25,36.0,1.0,0.6890243902439024,0.8300749304995919,0.5
83.0,0.25,36.0,1.0,0.6837349397590362,0.8268826638399406,0.5
84.0,0.25,36.0,1.0,0.6785714285714286,0.823754471047914,0.5
85.0,0.25,36.0,1.0,0.6735294117647059,0.8206883767695908,0.5
86.0,0.25,36.0,1.0,0.6686046511627908,0.8176824879883333,0.5
87.0,0.25,36.0,1.0,0.6637931034482758,0.8147349897041833,0.5
88.0,0.25,36.0,1.0,0.6590909090909092,0.8118441408859888,0.5
89.0,0.25,36.0,1.0,0.6544943820224719,0.8090082706761853,0.5
90.0,0.25,36.0,1.0,0.65,0.806225774829855,0.5
91.0,0.25,36.0,1.0,0.6456043956043955,0.8034951123711926,0.5
92.0,0.25,36.0,1.0,0.6413043478260869,0.8008148024519071,0.5
93.0,0.25,36.0,1.0,0.6370967741935484,0.7981834213973305,0.5
94.0,0.25,36.0,1.0,0.6329787234042553,0.7955995999271589,0.5
95.0,0.25,36.0,1.0,0.6289473684210527,0.7930620205387803,0.5
96.0,0.25,36.0,1.0,0.625,0.7905694150420949,0.5
97.0,0.25,36.0,1.0,0.6211340206185567,0.788120562235599,0.5
98.0,0.25,36.0,1.0,0.6173469387755102,0.7857142857142857,0.5
99.0,0.25,36.0,1.0,0.6136363636363636,0.7833494518006403,0.5
100.0,0.25,36.0,1.0,0.61,0.7810249675906654,0.5
101.0,0.25,36.0,1.0,0.6064356435643564,0.7787397791074734,0.5
102.0,0.25,36.0,1.0,0.6029411764705883,0.7764928695555345,0.5
103.0,0.25,36.0,1.0,0.5995145631067962,0.7742832576691789,0.5
104.0,0.25,36.0,1.0,0.5961538461538461,0.7721099961494128,0.5
105.0,0.25,36.0,1.0,0.5928571428571429,0.7699721701835351,0.5
106.0,0.25,36.0,1.0,0.5896226415094339,0.7678688960424389,0.5
107.0,0.25,36.0,1.0,0.5864485981308412,0.7657993197508347,0.5
108.0,0.25,36.0,1.0,0.5833333333333333,0.7637626158259733,0.5
109.0,0.25,36.0,1.0,0.5802752293577982,0.7617579860807487,0.5
110.0,0.25,36.0,1.0,0.5772727272727273,0.7597846584873422,0.5
111.0,0.25,36.0,1.0,0.5743243243243243,0.7578418860978353,0.5
112.0,0.25,36.0,1.0,0.5714285714285714,0.7559289460184544,0.5
113.0,0.25,36.0,1.0,0.5685840707964602,0.7540451384343382,0.5
114.0,0.25,36.0,1.0,0.5657894736842105,0.7521897856819185,0.5
115.0,0.25,36.0,1.0,0.5630434782608695,0.7503622313662046,0.5
116.0,0.25,36.0,1.0,0.5603448275862069,0.7485618395204279,0.5
117.0,0.25,36.0,1.0,0.5576923076923077,0.7467879938056768,0.5
118.0,0.25,36.0,1.0,0.5550847457627119,0.7450400967482971,0.5
119.0,0.25,36.0,1.0,0.5525210084033614,0.7433175690129767,0.5
120.0,0.25,36.0,1.0,0.55,0.7416198487095663,0.5
121.0,0.25,36.0,1.0,0.5475206611570248,0.7399463907318048,0.5
122.0,0.25,36.0,1.0,0.5450819672131147,0.738296666126236,0.5
123.0,0.25,36.0,1.0,0.5426829268292683,0.7366701614897052,0.5
124.0,0.25,36.0,1.0,0.5403225806451613,0.7350663783939252,0.5
125.0,0.25,36.0,1.0,0.538,0.73348483283569,0.5
126.0,0.25,36.0,1.0,0.5357142857142857,0.7319250547113999,0.5
127.0,0.25,36.0,1.0,0.5334645669291338,0.7303865873146451,0.5
128.0,0.25,36.0,1.0,0.53125,0.7288689868556626,0.5
129.0,0.25,36.0,1.0,0.5290697674418605,0.7273718220015541,0.5
130.0,0.25,36.0,1.0,0.5269230769230769,0.7258946734362203,0.5
131.0,0.25,36.0,1.0,0.5248091603053435,0.7244371334390194,0.5
132.0,0.25,36.0,1.0,0.5227272727272727,0.7229988054812212,0.5
133.0,0.25,36.0,1.0,0.5206766917293233,0.7215793038393793,0.5
134.0,0.25,36.0,1.0,0.5186567164179104,0.7201782532247905,0.5
135.0,0.25,36.0,1.0,0.5166666666666666,0.7187952884282608,0.5
136.0,0.25,36.0,1.0,0.5147058823529411,0.7174300539794393,0.5
137.0,0.25,36.0,1.0,0.5127737226277372,0.7160822038200204,0.5
138.0,0.25,36.0,1.0,0.5108695652173914,0.7147514009901564,0.5
139.0,0.25,36.0,1.0,0.5089928057553956,0.713437317327455,0.5
140.0,0.25,36.0,1.0,0.5071428571428571,0.7121396331779725,0.5
141.0,0.25,36.0,1.0,0.5053191489361701,0.710858037118643,0.5
142.0,0.25,36.0,1.0,0.5035211267605634,0.7095922256906169,0.5
143.0,0.25,36.0,1.0,0.5017482517482518,0.7083419031430033,0.5
144.0,0.25,36.0,1.0,0.5,0.7071067811865476,0.5
145.0,0.25,36.0,1.0,0.4982758620689655,0.7058865787567897,0.5
146.0,0.25,36.0,1.0,0.4965753424657534,0.7046810217862784,0.5
147.0,0.25,36.0,1.0,0.49489795918367346,0.703489842985436,0.5
148.0,0.25,36.0,1.0,0.49324324324324326,0.702312781631691,0.5
149.0,0.25,36.0,1.0,0.49161073825503354,0.7011495833665121,0.5
150.0,0.25,36.0,1.0,0.49,0.7,0.5
151.0,0.25,36.0,1.0,0.48841059602649006,0.6988637893227049,0.5
152.0,0.25,36.0,1.0,0.48684210526315785,0.6977407149243606,0.5
153.0,0.25,36.0,1.0,0.4852941176470588,0.6966305460192359,0.5
154.0,0.25,36.0,1.0,0.48376623376623373,0.6955330572778218,0.5
155.0,0.25,36.0,1.0,0.48225806451612907,0.6944480286645855,0.5
156.0,0.25,36.0,1.0,0.4807692307692308,0.6933752452815364,0.5
157.0,0.25,36.0,1.0,0.47929936305732485,0.6923144972173592,0.5
158.0,0.25,36.0,1.0,0.4778481012658228,0.6912655794018843,0.5
159.0,0.25,36.0,1.0,0.47641509433962265,0.6902282914656734,0.5
160.0,0.25,36.0,1.0,0.475,0.689202437604511,0.5
161.0,0.25,36.0,1.0,0.47360248447204967,0.6881878264486009,0.5
162.0,0.25,36.0,1.0,0.4722222222222222,0.6871842709362768,0.5
163.0,0.25,36.0,1.0,0.4708588957055215,0.6861915881920453,0.5
164.0,0.25,36.0,1.0,0.4695121951219512,0.6852095994087876,0.5
165.0,0.25,36.0,1.0,0.46818181818181814,0.6842381297339531,0.5
166.0,0.25,36.0,1.0,0.4668674698795181,0.6832770081595883,0.5
167.0,0.25,36.0,1.0,0.46556886227544914,0.6823260674160478,0.5
168.0,0.25,36.0,1.0,0.4642857142857143,0.6813851438692469,0.5
169.0,0.25,36.0,1.0,0.4630177514792899,0.6804540774213128,0.5
170.0,0.25,36.0,1.0,0.46176470588235297,0.679532711414508,0.5
171.0,0.25,36.0,1.0,0.4605263157894737,0.6786208925382962,0.5
172.0,0.25,36.0,1.0,0.4593023255813954,0.6777184707394328,0.5
173.0,0.25,36.0,1.0,0.45809248554913296,0.6768252991349636,0.5
174.0,0.25,36.0,1.0,0.4568965517241379,0.6759412339280227,0.5
175.0,0.25,36.0,1.0,0.45571428571428574,0.6750661343263235,0.5
176.0,0.25,36.0,1.0,0.4545454545454546,0.6741998624632421,0.5
177.0,0.25,36.0,1.0,0.4533898305084746,0.6733422833213986,0.5
178.0,0.25,36.0,1.0,0.45224719101123595,0.6724932646586402,0.5
179.0,0.25,36.0,1.0,0.4511173184357542,0.671652676936342,0.5
180.0,0.25,36.0,1.0,0.45,0.6708203932499369,0.5
181.0,0.25,36.0,1.0,0.4488950276243094,0.6699962892615968,0.5
182.0,0.25,36.0,1.0,0.44780219780219777,0.6691802431349851,0.5
183.0,0.25,36.0,1.0,0.44672131147540983,0.6683721354720062,0.5
184.0,0.25,36.0,1.0,0.44565217391304346,0.667571849251482,0.5
185.0,0.25,36.0,1.0,0.4445945945945946,0.6667792697696852,0.5
186.0,0.25,36.0,1.0,0.4435483870967742,0.6659942845826639,0.5
187.0,0.25,36.0,1.0,0.4425133689839572,0.6652167834502954,0.5
188.0,0.25,36.0,1.0,0.44148936170212766,0.6644466582820081,0.5
189.0,0.25,36.0,1.0,0.44047619047619047,0.6636838030841121,0.5
190.0,0.25,36.0,1.0,0.43947368421052635,0.6629281139086849,0.5
191.0,0.25,36.0,1.0,0.43848167539267013,0.6621794888039573,0.5
192.0,0.25,36.0,1.0,0.4375,0.6614378277661477,0.5
193.0,0.25,36.0,1.0,0.4365284974093264,0.6607030326926965,0.5
194.0,0.25,36.0,1.0,0.43556701030927836,0.6599750073368524,0.5
195.0,0.25,36.0,1.0,0.4346153846153846,0.6592536572635639,0.5
196.0,0.25,36.0,1.0,0.4336734693877551,0.6585388898066348,0.5
197.0,0.25,36.0,1.0,0.43274111675126903,0.6578306140270982,0.5
198.0,0.25,36.0,1.0,0.4318181818181818,0.6571287406727709,0.5
199.0,0.25,36.0,1.0,0.43090452261306533,0.6564331821389481,0.5
200.0,0.25,36.0,1.0,0.43,0.6557438524302001,0.5
201.0,0.25,36.0,1.0,0.42910447761194026,0.655060667123237,0.5
202.0,0.25,36.0,1.0,0.4282178217821782,0.654383543330804,0.5
203.0,0.25,36.0,1.0,0.4273399014778325,0.6537123996665755,0.5
204.0,0.25,36.0,1.0,0.42647058823529416,0.6530471562110153,0.5
205.0,0.25,36.0,1.0,0.42560975609756097,0.6523877344781713,0.5
206.0,0.25,36.0,1.0,0.4247572815533981,0.6517340573833763,0.5
207.0,0.25,36.0,1.0,0.42391304347826086,0.6510860492118233,0.5
208.0,0.25,36.0,1.0,0.4230769230769231,0.6504436355879909,0.5
209.0,0.25,36.0,1.0,0.4222488038277512,0.6498067434458888,0.5
210.0,0.25,36.0,1.0,0.42142857142857143,0.6491753010001008,0.5
211.0,0.25,36.0,1.0,0.4206161137440758,0.6485492377175968,0.5
212.0,0.25,36.0,1.0,0.41981132075471694,0.6479284842902934,0.5
213.0,0.25,36.0,1.0,0.41901408450704225,0.6473129726083374,0.5
214.0,0.25,36.0,1.0,0.4182242990654206,0.6467026357340911,0.5
215.0,0.25,36.0,1.0,0.4174418604651163,0.646097407876797,0.5
216.0,0.25,36.0,1.0,0.41666666666666663,0.6454972243679028,0.5
217.0,0.25,36.0,1.0,0.41589861751152074,0.6449020216370241,0.5
218.0,0.25,36.0,1.0,0.4151376146788991,0.6443117371885283,0.5
219.0,0.25,36.0,1.0,0.4143835616438356,0.6437263095787181,0.5
220.0,0.25,36.0,1.0,0.41363636363636364,0.6431456783935997,0.5
221.0,0.25,36.0,1.0,0.41289592760180993,0.6425697842272152,0.5
222.0,0.25,36.0,1.0,0.41216216216216217,0.6419985686605245,0.5
223.0,0.25,36.0,1.0,0.41143497757847536,0.6414319742408195,0.5
224.0,0.25,36.0,1.0,0.4107142857142857,0.6408699444616557,0.5
225.0,0.25,36.0,1.0,0.41000000000000003,0.6403124237432849,0.5
226.0,0.25,36.0,1.0,0.4092920353982301,0.6397593574135748,0.5
227.0,0.25,36.0,1.0,0.40859030837004406,0.6392106916894023,0.5
228.0,0.25,36.0,1.0,0.40789473684210525,0.6386663736585051,0.5
229.0,0.25,36.0,1.0,0.4072052401746725,0.63812635126178,0.5
230.0,0.25,36.0,1.0,0.40652173913043477,0.6375905732760129,0.5
231.0,0.25,36.0,1.0,0.40584415584415584,0.637058989297032,0.5
232.0,0.25,36.0,1.0,0.4051724137931034,0.6365315497232666,0.5
233.0,0.25,36.0,1.0,0.40450643776824036,0.6360082057397062,0.5
234.0,0.25,36.0,1.0,0.40384615384615385,0.6354889093022426,0.5
235.0,0.25,36.0,1.0,0.4031914893617021,0.6349736131223896,0.5
236.0,0.25,36.0,1.0,0.40254237288135597,0.6344622706523658,0.5
237.0,0.25,36.0,1.0,0.4018987341772152,0.633954836070532,0.5
238.0,0.25,36.0,1.0,0.4012605042016807,0.6334512642671737,0.5
239.0,0.25,36.0,1.0,0.4006276150627615,0.6329515108306176,0.5
240.0,0.25,36.0,1.0,0.4,0.6324555320336759,0.5
241.0,0.25,36.0,1.0,0.3993775933609959,0.6319632848204046,0.5
242.0,0.25,36.0,1.0,0.3987603305785124,0.631474726793173,0.5
243.0,0.25,36.0,1.0,0.39814814814814814,0.6309898162000304,0.5
244.0,0.25,36.0,1.0,0.3975409836065574,0.6305085119223668,0.5
245.0,0.25,36.0,1.0,0.39693877551020407,0.6300307734628556,0.5
246.0,0.25,36.0,1.0,0.39634146341463417,0.6295565609336735,0.5
247.0,0.25,36.0,1.0,0.395748987854251,0.6290858350449889,0.5
248.0,0.25,36.0,1.0,0.3951612903225806,0.6286185570937122,0.5
249.0,0.25,36.0,1.0,0.39457831325301207,0.6281546889525,0.5
250.0,0.25,36.0,1.0,0.394,0.6276941930590086,0.5
251.0,0.25,36.0,1.0,0.3934262948207171,0.6272370324053875,0.5
252.0,0.25,36.0,1.0,0.39285714285714285,0.6267831705280087,0.5
253.0,0.25,36.0,1.0,0.3922924901185771,0.626332571497425,0.5
254.0,0.25,36.0,1.0,0.3917322834645669,0.6258851999085511,0.5
255.0,0.25,36.0,1.0,0.3911764705882353,0.6254410208710612,0.5
256.0,0.25,36.0,1.0,0.390625,0.625,0.5
257.0,0.25,36.0,1.0,0.39007782101167315,0.6245621034065973,0.5
258.0,0.25,36.0,1.0,0.38953488372093026,0.6241272976892857,0.5
259.0,0.25,36.0,1.0,0.388996138996139,0.6236955499249125,0.5
260.0,0.25,36.0,1.0,0.38846153846153847,0.6232668276601431,0.5
261.0,0.25,36.0,1.0,0.3879310344827586,0.6228410989030497,0.5
262.0,0.25,36.0,1.0,0.38740458015267176,0.6224183321148822,0.5
263.0,0.25,36.0,1.0,0.38688212927756654,0.6219984962020138,0.5
264.0,0.25,36.0,1.0,0.38636363636363635,0.621581560508061,0.5
265.0,0.25,36.0,1.0,0.38584905660377355,0.6211674948061703,0.5
266.0,0.25,36.0,1.0,0.38533834586466165,0.6207562692914681,0.5
267.0,0.25,36.0,1.0,0.3848314606741573,0.6203478545736717,0.5
268.0,0.25,36.0,1.0,0.3843283582089552,0.6199422216698547,0.5
269.0,0.25,36.0,1.0,0.38382899628252787,0.6195393419973649,0.5
270.0,0.25,36.0,1.0,0.3833333333333333,0.6191391873668903,0.5
271.0,0.25,36.0,1.0,0.3828413284132841,0.6187417299756693,0.5
272.0,0.25,36.0,1.0,0.38235294117647056,0.6183469424008423,0.5
273.0,0.25,36.0,1.0,0.38186813186813184,0.6179547975929404,0.5
274.0,0.25,36.0,1.0,0.3813868613138686,0.6175652688695087,0.5
275.0,0.25,36.0,1.0,0.3809090909090909,0.617178329908861,0.5
276.0,0.25,36.0,1.0,0.3804347826086957,0.6167939547439613,0.5
277.0,0.25,36.0,1.0,0.37996389891696747,0.6164121177564305,0.5
278.0,0.25,36.0,1.0,0.3794964028776978,0.6160327936706761,0.5
279.0,0.25,36.0,1.0,0.3790322580645161,0.6156559575481392,0.5
280.0,0.25,36.0,1.0,0.37857142857142856,0.615281584781658,0.5
281.0,0.25,36.0,1.0,0.37811387900355875,0.6149096510899457,0.5
282.0,0.25,36.0,1.0,0.37765957446808507,0.6145401325121778,0.5
283.0,0.25,36.0,1.0,0.37720848056537104,0.6141730054026887,0.5
284.0,0.25,36.0,1.0,0.3767605633802817,0.6138082464257724,0.5
285.0,0.25,36.0,1.0,0.3763157894736842,0.6134458325505882,0.5
286.0,0.25,36.0,1.0,0.3758741258741259,0.6130857410461655,0.5
287.0,0.25,36.0,1.0,0.3754355400696864,0.6127279494765082,0.5
288.0,0.25,36.0,1.0,0.375,0.6123724356957945,0.5
289.0,0.25,36.0,1.0,0.3745674740484429,0.612019177843671,0.5
290.0,0.25,36.0,1.0,0.3741379310344828,0.6116681543406381,0.5
291.0,0.25,36.0,1.0,0.37371134020618557,0.6113193438835267,0.5
292.0,0.25,36.0,1.0,0.3732876712328767,0.6109727254410598,0.5
293.0,0.25,36.0,1.0,0.3728668941979522,0.6106282782495028,0.5
294.0,0.25,36.0,1.0,0.37244897959183676,0.6102859818083951,0.5
295.0,0.25,36.0,1.0,0.37203389830508476,0.6099458158763652,0.5
296.0,0.25,36.0,1.0,0.3716216216216216,0.6096077604670249,0.5
297.0,0.25,36.0,1.0,0.3712121212121212,0.6092717958449424,0.5
298.0,0.25,36.0,1.0,0.37080536912751677,0.6089379025216912,0.5
299.0,0.25,36.0,1.0,0.37040133779264217,0.6086060612519745,0.5
300.0,0.25,36.0,1.0,0.37,0.6082762530298219,0.5
301.0,0.25,36.0,1.0,0.3696013289036545,0.6079484590848591,0.5
302.0,0.25,36.0,1.0,0.36920529801324503,0.6076226608786451,0.5
303.0,0.25,36.0,1.0,0.3688118811881188,0.6072988401010814,0.5
304.0,0.25,36.0,1.0,0.3684210526315789,0.6069769786668839,0.5
305.0,0.25,36.0,1.0,0.3680327868852459,0.6066570587121244,0.5
306.0,0.25,36.0,1.0,0.36764705882352944,0.6063390625908325,0.5
307.0,0.25,36.0,1.0,0.36726384364820847,0.6060229728716631,0.5
308.0,0.25,36.0,1.0,0.36688311688311687,0.6057087723346236,0.5
309.0,0.25,36.0,1.0,0.36650485436893204,0.6053964439678615,0.5
310.0,0.25,36.0,1.0,0.36612903225806454,0.6050859709645106,0.5
311.0,0.25,36.0,1.0,0.3657556270096463,0.6047773367195949,0.5
312.0,0.25,36.0,1.0,0.3653846153846154,0.6044705248269889,0.5
313.0,0.25,36.0,1.0,0.36501597444089456,0.604165519076432,0.5
314.0,0.25,36.0,1.0,0.3646496815286624,0.6038623034505982,0.5
315.0,0.25,36.0,1.0,0.36428571428571427,0.6035608621222174,0.5
316.0,0.25,36.0,1.0,0.3639240506329114,0.6032611794512485,0.5
317.0,0.25,36.0,1.0,0.3635646687697161,0.6029632399821038,0.5
318.0,0.25,36.0,1.0,0.3632075471698113,0.6026670284409221,0.5
319.0,0.25,36.0,1.0,0.36285266457680254,0.6023725297328909,0.5
320.0,0.25,36.0,1.0,0.3625,0.6020797289396148,0.5
321.0,0.25,36.0,1.0,0.3621495327102804,0.6017886113165323,0.5
322.0,0.25,36.0,1.0,0.36180124223602483,0.6014991622903766,0.5
323.0,0.25,36.0,1.0,0.36145510835913314,0.6012113674566817,0.5
324.0,0.25,36.0,1.0,0.3611111111111111,0.6009252125773316,0.5
325.0,0.25,36.0,1.0,0.3607692307692308,0.6006406835781529,0.5
326.0,0.25,36.0,1.0,0.36042944785276076,0.6003577665465492,0.5
327.0,0.25,36.0,1.0,0.36009174311926606,0.6000764477291757,0.5
328.0,0.25,36.0,1.0,0.3597560975609756,0.5997967135296555,0.5
329.0,0.25,36.0,1.0,0.3594224924012158,0.5995185505063341,0.5
330.0,0.25,36.0,1.0,0.35909090909090907,0.5992419453700726,0.5
331.0,0.25,36.0,1.0,0.35876132930513593,0.5989668849820797,0.5
332.0,0.25,36.0,1.0,0.35843373493975905,0.5986933563517797,0.5
333.0,0.25,36.0,1.0,0.3581081081081081,0.598421346634717,0.5
334.0,0.25,36.0,1.0,0.35778443113772457,0.5981508431304972,0.5
335.0,0.25,36.0,1.0,0.3574626865671642,0.5978818332807614,0.5
336.0,0.25,36.0,1.0,0.35714285714285715,0.5976143046671968,0.5
337.0,0.25,36.0,1.0,0.35682492581602376,0.5973482450095788,0.5
338.0,0.25,36.0,1.0,0.35650887573964496,0.597083642163847,0.5
339.0,0.25,36.0,1.0,0.3561946902654867,0.596820484120214,0.5
340.0,0.25,36.0,1.0,0.3558823529411765,0.5965587590013045,0.5
341.0,0.25,36.0,1.0,0.3555718475073314,0.5962984550603259,0.5
342.0,0.25,36.0,1.0,0.35526315789473684,0.5960395606792697,0.5
343.0,0.25,36.0,1.0,0.35495626822157433,0.5957820643671429,0.5
344.0,0.25,36.0,1.0,0.3546511627906977,0.5955259547582269,0.5
345.0,0.25,36.0,1.0,0.35434782608695653,0.5952712206103673,0.5
346.0,0.25,36.0,1.0,0.3540462427745665,0.5950178508032902,0.5
347.0,0.25,36.0,1.0,0.3537463976945245,0.5947658343369469,0.5
348.0,0.25,36.0,1.0,0.35344827586206895,0.594515160329885,0.5
349.0,0.25,36.0,1.0,0.3531518624641834,0.5942658180176472,0.5
350.0,0.25,36.0,1.0,0.35285714285714287,0.594017796751194,0.5
351.0,0.25,36.0,1.0,0.35256410256410253,0.5937710859953543,0.5
352.0,0.25,36.0,1.0,0.3522727272727273,0.5935256753272998,0.5
353.0,0.25,36.0,1.0,0.3519830028328612,0.5932815544350433,0.5
354.0,0.25,36.0,1.0,0.3516949152542373,0.5930387131159629,0.5
355.0,0.25,36.0,1.0,0.35140845070422533,0.5927971412753483,0.5
356.0,0.25,36.0,1.0,0.351123595505618,0.5925568289249715,0.5
357.0,0.25,36.0,1.0,0.35084033613445376,0.5923177661816786,0.5
358.0,0.25,36.0,1.0,0.3505586592178771,0.5920799432660062,0.5
359.0,0.25,36.0,1.0,0.3502785515320334,0.5918433505008174,0.5
360.0,0.25,36.0,1.0,0.35,0.5916079783099616,0.5
361.0,0.25,36.0,1.0,0.3497229916897507,0.5913738172169535,0.5
362.0,0.25,36.0,1.0,0.34944751381215466,0.5911408578436739,0.5
363.0,0.25,36.0,1.0,0.34917355371900827,0.5909090909090909,0.5
364.0,0.25,36.0,1.0,0.3489010989010989,0.5906785072280004,0.5
365.0,0.25,36.0,1.0,0.34863013698630135,0.5904490977097868,0.5
366.0,0.25,36.0,1.0,0.3483606557377049,0.590220853357203,0.5
367.0,0.25,36.0,1.0,0.3480926430517711,0.5899937652651688,0.5
368.0,0.25,36.0,1.0,0.34782608695652173,0.5897678246195885,0.5
369.0,0.25,36.0,1.0,0.3475609756097561,0.5895430226961863,0.5
370.0,0.25,36.0,1.0,0.3472972972972973,0.5893193508593598,0.5
371.0,0.25,36.0,1.0,0.3470350404312669,0.5890968005610512,0.5
372.0,0.25,36.0,1.0,0.3467741935483871,0.588875363339635,0.5
373.0,0.25,36.0,1.0,0.346514745308311,0.5886550308188243,0.5
374.0,0.25,36.0,1.0,0.3462566844919786,0.5884357947065921,0.5
375.0,0.25,36.0,1.0,0.346,0.5882176467941097,0.5
376.0,0.25,36.0,1.0,0.3457446808510638,0.5880005789547011,0.5
377.0,0.25,36.0,1.0,0.34549071618037136,0.5877845831428138,0.5
378.0,0.25,36.0,1.0,0.34523809523809523,0.5875696513930031,0.5
379.0,0.25,36.0,1.0,0.3449868073878628,0.5873557758189348,0.5
380.0,0.25,36.0,1.0,0.3447368421052632,0.5871429486123998,0.5
381.0,0.25,36.0,1.0,0.34448818897637795,0.5869311620423454,0.5
382.0,0.25,36.0,1.0,0.34424083769633507,0.5867204084539203,0.5
383.0,0.25,36.0,1.0,0.34399477806788514,0.5865106802675337,0.5
384.0,0.25,36.0,1.0,0.34375,0.5863019699779287,0.5
385.0,0.25,36.0,1.0,0.34350649350649354,0.5860942701532694,0.5
386.0,0.25,36.0,1.0,0.3432642487046632,0.585887573434241,0.5
387.0,0.25,36.0,1.0,0.3430232558139535,0.5856818725331641,0.5
388.0,0.25,36.0,1.0,0.3427835051546392,0.5854771602331206,0.5
389.0,0.25,36.0,1.0,0.3425449871465296,0.5852734293870939,0.5
390.0,0.25,36.0,1.0,0.3423076923076923,0.5850706729171206,0.5
391.0,0.25,36.0,1.0,0.34207161125319696,0.5848688838134553,0.5
392.0,0.25,36.0,1.0,0.34183673469387754,0.5846680551337464,0.5
393.0,0.25,36.0,1.0,0.3416030534351145,0.584468180002226,0.5
394.0,0.25,36.0,1.0,0.3413705583756345,0.584269251608909,0.5
395.0,0.25,36.0,1.0,0.3411392405063291,0.584071263208805,0.5
396.0,0.25,36.0,1.0,0.34090909090909094,0.5838742081211422,0.5
397.0,0.25,36.0,1.0,0.3406801007556675,0.5836780797286013,0.5
398.0,0.25,36.0,1.0,0.34045226130653267,0.5834828714765607,0.5
399.0,0.25,36.0,1.0,0.34022556390977443,0.5832885768723526,0.5
400.0,0.25,36.0,1.0,0.33999999999999997,0.58309518948453,0.5
401.0,0.25,36.0,1.0,0.3397755610972569,0.5829027029421435,0.5
402.0,0.25,36.0,1.0,0.33955223880597013,0.5827111109340289,0.5
403.0,0.25,36.0,1.0,0.3393300248138958,0.5825204072081044,0.5
404.0,0.25,36.0,1.0,0.3391089108910891,0.5823305855706783,0.5
405.0,0.25,36.0,1.0,0.3388888888888889,0.5821416398857661,0.5
406.0,0.25,36.0,1.0,0.33866995073891626,0.5819535640744168,0.5
407.0,0.25,36.0,1.0,0.33845208845208846,0.5817663521140497,0.5
408.0,0.25,36.0,1.0,0.3382352941176471,0.5815799980377997,0.5
409.0,0.25,36.0,1.0,0.3380195599022005,0.5813944959338715,0.5
410.0,0.25,36.0,1.0,0.33780487804878045,0.5812098399449036,0.5
411.0,0.25,36.0,1.0,0.3375912408759124,0.5810260242673407,0.5
412.0,0.25,36.0,1.0,0.33737864077669905,0.5808430431508146,0.5
413.0,0.25,36.0,1.0,0.3371670702179177,0.5806608908975338,0.5
414.0,0.25,36.0,1.0,0.33695652173913043,0.5804795618616821,0.5
415.0,0.25,36.0,1.0,0.33674698795180724,0.5802990504488243,0.5
416.0,0.25,36.0,1.0,0.33653846153846156,0.5801193511153214,0.5
417.0,0.25,36.0,1.0,0.3363309352517986,0.5799404583677522,0.5
418.0,0.25,36.0,1.0,0.3361244019138756,0.5797623667623448,0.5
419.0,0.25,36.0,1.0,0.33591885441527447,0.5795850709044139,0.5
420.0,0.25,36.0,1.0,0.33571428571428574,0.5794085654478071,0.5
421.0,0.25,36.0,1.0,0.3355106888361045,0.579232845094358,0.5
422.0,0.25,36.0,1.0,0.3353080568720379,0.5790579045933472,0.5
423.0,0.25,36.0,1.0,0.3351063829787234,0.5788837387409699,0.5
424.0,0.25,36.0,1.0,0.33490566037735847,0.5787103423798113,0.5
425.0,0.25,36.0,1.0,0.3347058823529412,0.5785377103983294,0.5
426.0,0.25,36.0,1.0,0.3345070422535211,0.5783658377303427,0.5
427.0,0.25,36.0,1.0,0.33430913348946134,0.5781947193545279,0.5
428.0,0.25,36.0,1.0,0.3341121495327103,0.5780243502939217,0.5
429.0,0.25,36.0,1.0,0.3339160839160839,0.57785472561543,0.5
430.0,0.25,36.0,1.0,0.3337209302325581,0.5776858404293446,0.5
431.0,0.25,36.0,1.0,0.33352668213457076,0.5775176898888645,0.5
432.0,0.25,36.0,1.0,0.3333333333333333,0.5773502691896257,0.5
433.0,0.25,36.0,1.0,0.3331408775981524,0.5771835735692349,0.5
434.0,0.25,36.0,1.0,0.33294930875576034,0.577017598306811,0.5
435.0,0.25,36.0,1.0,0.33275862068965517,0.5768523387225323,0.5
436.0,0.25,36.0,1.0,0.33256880733944955,0.576687790177189,0.5
437.0,0.25,36.0,1.0,0.33237986270022885,0.5765239480717421,0.5
438.0,0.25,36.0,1.0,0.3321917808219178,0.5763608078468884,0.5
439.0,0.25,36.0,1.0,0.33200455580865607,0.57619836498263,0.5
440.0,0.25,36.0,1.0,0.3318181818181818,0.5760366149978504,0.5
441.0,0.25,36.0,1.0,0.33163265306122447,0.5758755534498964,0.5
442.0,0.25,36.0,1.0,0.33144796380090497,0.5757151759341637,0.5
443.0,0.25,36.0,1.0,0.3312641083521445,0.5755554780836896,0.5
444.0,0.25,36.0,1.0,0.3310810810810811,0.5753964555687505,0.5
445.0,0.25,36.0,1.0,0.3308988764044944,0.575238104096464,0.5
446.0,0.25,36.0,1.0,0.3307174887892377,0.5750804194103967,0.5
447.0,0.25,36.0,1.0,0.33053691275167785,0.5749233972901763,0.5
448.0,0.25,36.0,1.0,0.33035714285714285,0.57476703355111,0.5
449.0,0.25,36.0,1.0,0.3301781737193764,0.5746113240438065,0.5
450.0,0.25,36.0,1.0,0.33,0.5744562646538028,0.5
451.0,0.25,36.0,1.0,0.32982261640798227,0.574301851301197,0.5
452.0,0.25,36.0,1.0,0.32964601769911506,0.5741480799402843,0.5
453.0,0.25,36.0,1.0,0.3294701986754967,0.5739949465591981,0.5
454.0,0.25,36.0,1.0,0.32929515418502203,0.5738424471795565,0.5
455.0,0.25,36.0,1.0,0.3291208791208791,0.5736905778561114,0.5
456.0,0.25,36.0,1.0,0.32894736842105265,0.5735393346764044,0.5
457.0,0.25,36.0,1.0,0.32877461706783373,0.5733887137604242,0.5
458.0,0.25,36.0,1.0,0.32860262008733626,0.5732387112602709,0.5
459.0,0.25,36.0,1.0,0.3284313725490196,0.5730893233598229,0.5
460.0,0.25,36.0,1.0,0.3282608695652174,0.5729405462744083,0.5
461.0,0.25,36.0,1.0,0.32809110629067245,0.5727923762504809,0.5
462.0,0.25,36.0,1.0,0.32792207792207795,0.5726448095652994,0.5
463.0,0.25,36.0,1.0,0.3277537796976242,0.572497842526611,0.5
464.0,0.25,36.0,1.0,0.3275862068965517,0.572351471472339,0.5
465.0,0.25,36.0,1.0,0.32741935483870965,0.5722056927702744,0.5
466.0,0.25,36.0,1.0,0.3272532188841202,0.5720605028177703,0.5
467.0,0.25,36.0,1.0,0.3270877944325482,0.5719158980414413,0.5
468.0,0.25,36.0,1.0,0.3269230769230769,0.5717718748968657,0.5
469.0,0.25,36.0,1.0,0.3267590618336887,0.5716284298682919,0.5
470.0,0.25,36.0,1.0,0.32659574468085106,0.5714855594683483,0.5
471.0,0.25,36.0,1.0,0.32643312101910826,0.5713432602377561,0.5
472.0,0.25,36.0,1.0,0.326271186440678,0.5712015287450464,0.5
473.0,0.25,36.0,1.0,0.32610993657505283,0.5710603615862799,0.5
474.0,0.25,36.0,1.0,0.3259493670886076,0.5709197553847718,0.5
475.0,0.25,36.0,1.0,0.3257894736842105,0.5707797067908166,0.5
476.0,0.25,36.0,1.0,0.32563025210084034,0.5706402124814202,0.5
477.0,0.25,36.0,1.0,0.32547169811320753,0.5705012691600322,0.5
478.0,0.25,36.0,1.0,0.3253138075313807,0.5703628735562832,0.5
479.0,0.25,36.0,1.0,0.32515657620041755,0.5702250224257241,0.5
480.0,0.25,36.0,1.0,0.325,0.570087712549569,0.5
481.0,0.25,36.0,1.0,0.32484407484407485,0.5699509407344415,0.5
482.0,0.25,36.0,1.0,0.32468879668049794,0.5698147038121234,0.5
483.0,0.25,36.0,1.0,0.32453416149068326,0.5696789986393067,0.5
484.0,0.25,36.0,1.0,0.3243801652892562,0.5695438220973486,0.5
485.0,0.25,36.0,1.0,0.32422680412371135,0.5694091710920288,0.5
486.0,0.25,36.0,1.0,0.32407407407407407,0.5692750425533111,0.5
487.0,0.25,36.0,1.0,0.3239219712525667,0.5691414334351056,0.5
488.0,0.25,36.0,1.0,0.32377049180327866,0.5690083407150361,0.5
489.0,0.25,36.0,1.0,0.3236196319018405,0.5688757613942086,0.5
490.0,0.25,36.0,1.0,0.32346938775510203,0.5687436924969823,0.5
491.0,0.25,36.0,1.0,0.32331975560081466,0.5686121310707455,0.5
492.0,0.25,36.0,1.0,0.3231707317073171,0.5684810741856909,0.5
493.0,0.25,36.0,1.0,0.32302231237322515,0.5683505189345965,0.5
494.0,0.25,36.0,1.0,0.3228744939271255,0.5682204624326068,0.5
495.0,0.25,36.0,1.0,0.32272727272727275,0.5680909018170179,0.5
496.0,0.25,36.0,1.0,0.3225806451612903,0.5679618342470648,0.5
497.0,0.25,36.0,1.0,0.3224346076458753,0.5678332569037104,0.5
498.0,0.25,36.0,1.0,0.32228915662650603,0.5677051669894383,0.5
499.0,0.25,36.0,1.0,0.3221442885771543,0.5675775617280464,0.5
500.0,0.25,36.0,1.0,0.322,0.5674504383644443,0.5
501.0,0.25,36.0,1.0,0.3218562874251497,0.5673237941644522,0.5
502.0,0.25,36.0,1.0,0.32171314741035856,0.5671976264146021,0.5
503.0,0.25,36.0,1.0,0.3215705765407555,0.567071932421942,0.5
504.0,0.25,36.0,1.0,0.3214285714285714,0.5669467095138409,0.5
505.0,0.25,36.0,1.0,0.3212871287128713,0.5668219550377979,0.5
506.0,0.25,36.0,1.0,0.32114624505928857,0.5666976663612517,0.5
507.0,0.25,36.0,1.0,0.32100591715976334,0.5665738408713937,0.5
508.0,0.25,36.0,1.0,0.32086614173228345,0.5664504759749818,0.5
509.0,0.25,36.0,1.0,0.3207269155206287,0.5663275690981578,0.5
510.0,0.25,36.0,1.0,0.3205882352941176,0.5662051176862654,0.5
511.0,0.25,36.0,1.0,0.3204500978473581,0.5660831192036715,0.5
512.0,0.25,36.0,1.0,0.3203125,0.5659615711335886,0.5
513.0,0.25,36.0,1.0,0.3201754385964912,0.5658404709778996,0.5
514.0,0.25,36.0,1.0,0.32003891050583655,0.5657198162569848,0.5
515.0,0.25,36.0,1.0,0.3199029126213592,0.5655996045095498,0.5
516.0,0.25,36.0,1.0,0.31976744186046513,0.5654798332924571,0.5
517.0,0.25,36.0,1.0,0.31963249516441006,0.5653605001805574,0.5
518.0,0.25,36.0,1.0,0.31949806949806947,0.5652416027665245,0.5
519.0,0.25,36.0,1.0,0.31936416184971095,0.5651231386606913,0.5
520.0,0.25,36.0,1.0,0.3192307692307692,0.5650051054908878,0.5
521.0,0.25,36.0,1.0,0.31909788867562383,0.5648875009022803,0.5
522.0,0.25,36.0,1.0,0.31896551724137934,0.5647703225572138,0.5
523.0,0.25,36.0,1.0,0.3188336520076482,0.5646535681350541,0.5
524.0,0.25,36.0,1.0,0.3187022900763359,0.5645372353320336,0.5
525.0,0.25,36.0,1.0,0.31857142857142856,0.5644213218610975,0.5
526.0,0.25,36.0,1.0,0.3184410646387833,0.5643058254517521,0.5
527.0,0.25,36.0,1.0,0.3183111954459203,0.5641907438499149,0.5
528.0,0.25,36.0,1.0,0.3181818181818182,0.5640760748177662,0.5
529.0,0.25,36.0,1.0,0.31805293005671076,0.5639618161336021,0.5
530.0,0.25,36.0,1.0,0.3179245283018868,0.5638479655916893,0.5
531.0,0.25,36.0,1.0,0.3177966101694915,0.5637345210021216,0.5
532.0,0.25,36.0,1.0,0.3176691729323308,0.563621480190678,0.5
533.0,0.25,36.0,1.0,0.3175422138836773,0.5635088409986815,0.5
534.0,0.25,36.0,1.0,0.31741573033707865,0.5633966012828606,0.5
535.0,0.25,36.0,1.0,0.31728971962616825,0.5632847589152118,0.5
536.0,0.25,36.0,1.0,0.3171641791044776,0.5631733117828628,0.5
537.0,0.25,36.0,1.0,0.3170391061452514,0.563062257787939,0.5
538.0,0.25,36.0,1.0,0.31691449814126393,0.5629515948474291,0.5
539.0,0.25,36.0,1.0,0.3167903525046382,0.5628413208930544,0.5
540.0,0.25,36.0,1.0,0.31666666666666665,0.5627314338711378,0.5
541.0,0.25,36.0,1.0,0.316543438077634,0.5626219317424749,0.5
542.0,0.25,36.0,1.0,0.31642066420664205,0.5625128124822065,0.5
543.0,0.25,36.0,1.0,0.31629834254143646,0.5624040740796927,0.5
544.0,0.25,36.0,1.0,0.3161764705882353,0.5622957145383871,0.5
545.0,0.25,36.0,1.0,0.31605504587155964,0.5621877318757139,0.5
546.0,0.25,36.0,1.0,0.3159340659340659,0.5620801241229456,0.5
547.0,0.25,36.0,1.0,0.31581352833638027,0.5619728893250815,0.5
548.0,0.25,36.0,1.0,0.31569343065693434,0.5618660255407283,0.5
549.0,0.25,36.0,1.0,0.3155737704918033,0.5617595308419816,0.5
550.0,0.25,36.0,1.0,0.31545454545454543,0.5616534033143086,0.5
551.0,0.25,36.0,1.0,0.31533575317604357,0.5615476410564322,0.5
552.0,0.25,36.0,1.0,0.31521739130434784,0.5614422421802155,0.5
553.0,0.25,36.0,1.0,0.3150994575045208,0.5613372048105495,0.5
554.0,0.25,36.0,1.0,0.31498194945848373,0.5612325270852392,0.5
555.0,0.25,36.0,1.0,0.31486486486486487,0.5611282071548933,0.5
556.0,0.25,36.0,1.0,0.3147482014388489,0.5610242431828137,0.5
557.0,0.25,36.0,1.0,0.3146319569120287,0.5609206333448866,0.5
558.0,0.25,36.0,1.0,0.31451612903225806,0.5608173758294746,0.5
559.0,0.25,36.0,1.0,0.31440071556350624,0.5607144688373096,0.5
560.0,0.25,36.0,1.0,0.3142857142857143,0.560611910581388,0.5
561.0,0.25,36.0,1.0,0.31417112299465244,0.5605096992868656,0.5
562.0,0.25,36.0,1.0,0.3140569395017794,0.5604078331909533,0.5
563.0,0.25,36.0,1.0,0.313943161634103,0.5603063105428164,0.5
564.0,0.25,36.0,1.0,0.31382978723404253,0.5602051296034717,0.5
565.0,0.25,36.0,1.0,0.31371681415929203,0.5601042886456878,0.5
566.0,0.25,36.0,1.0,0.3136042402826855,0.5600037859538858,0.5
567.0,0.25,36.0,1.0,0.3134920634920635,0.5599036198240404,0.5
568.0,0.25,36.0,1.0,0.31338028169014087,0.5598037885635831,0.5
569.0,0.25,36.0,1.0,0.3132688927943761,0.5597042904913059,0.5
570.0,0.25,36.0,1.0,0.3131578947368421,0.5596051239372654,0.5
571.0,0.25,36.0,1.0,0.3130472854640981,0.5595062872426887,0.5
572.0,0.25,36.0,1.0,0.3129370629370629,0.55940777875988,0.5
573.0,0.25,36.0,1.0,0.31282722513089006,0.5593095968521281,0.5
574.0,0.25,36.0,1.0,0.3127177700348432,0.5592117398936142,0.5
575.0,0.25,36.0,1.0,0.3126086956521739,0.559114206269322,0.5
576.0,0.25,36.0,1.0,0.3125,0.5590169943749475,0.5
577.0,0.25,36.0,1.0,0.31239168110918547,0.55892010261681,0.5
578.0,0.25,36.0,1.0,0.31228373702422146,0.5588235294117647,0.5
579.0,0.25,36.0,1.0,0.3121761658031088,0.5587272731871148,0.5
580.0,0.25,36.0,1.0,0.3120689655172414,0.5586313323805258,0.5
581.0,0.25,36.0,1.0,0.3119621342512909,0.5585357054399395,0.5
582.0,0.25,36.0,1.0,0.3118556701030928,0.5584403908234905,0.5
583.0,0.25,36.0,1.0,0.31174957118353347,0.5583453869994213,0.5
584.0,0.25,36.0,1.0,0.3116438356164384,0.5582506924459999,0.5
585.0,0.25,36.0,1.0,0.31153846153846154,0.558156305651438,0.5
586.0,0.25,36.0,1.0,0.31143344709897613,0.5580622251138094,0.5
587.0,0.25,36.0,1.0,0.3113287904599659,0.5579684493409693,0.5
588.0,0.25,36.0,1.0,0.3112244897959184,0.5578749768504754,0.5
589.0,0.25,36.0,1.0,0.3111205432937182,0.5577818061695077,0.5
590.0,0.25,36.0,1.0,0.31101694915254235,0.5576889358347916,0.5
591.0,0.25,36.0,1.0,0.31091370558375636,0.5575963643925204,0.5
592.0,0.25,36.0,1.0,0.3108108108108108,0.5575040903982775,0.5
593.0,0.25,36.0,1.0,0.31070826306913996,0.5574121124169621,0.5
594.0,0.25,36.0,1.0,0.3106060606060606,0.5573204290227127,0.5
595.0,0.25,36.0,1.0,0.3105042016806723,0.5572290387988339,0.5
596.0,0.25,36.0,1.0,0.3104026845637584,0.5571379403377213,0.5
597.0,0.25,36.0,1.0,0.3103015075376884,0.5570471322407902,0.5
598.0,0.25,36.0,1.0,0.3102006688963211,0.5569566131184018,0.5
599.0,0.25,36.0,1.0,0.31010016694490816,0.5568663815897923,0.5
600.0,0.25,36.0,1.0,0.31,0.5567764362830022,0.5
601.0,0.25,36.0,1.0,0.3099001663893511,0.5566867758348056,0.5
602.0,0.25,36.0,1.0,0.30980066445182725,0.556597398890641,0.5
603.0,0.25,36.0,1.0,0.30970149253731344,0.556508304104542,0.5
604.0,0.25,36.0,1.0,0.3096026490066225,0.5564194901390699,0.5
605.0,0.25,36.0,1.0,0.30950413223140494,0.5563309556652452,0.5
606.0,0.25,36.0,1.0,0.3094059405940594,0.5562426993624809,0.5
607.0,0.25,36.0,1.0,0.30930807248764414,0.5561547199185171,0.5
608.0,0.25,36.0,1.0,0.3092105263157895,0.5560670160293537,0.5
609.0,0.25,36.0,1.0,0.3091133004926108,0.5559795863991868,0.5
610.0,0.25,36.0,1.0,0.30901639344262294,0.5558924297403437,0.5
611.0,0.25,36.0,1.0,0.3089198036006547,0.555805544773219,0.5
612.0,0.25,36.0,1.0,0.3088235294117647,0.5557189302262113,0.5
613.0,0.25,36.0,1.0,0.30872756933115825,0.5556325848356612,0.5
614.0,0.25,36.0,1.0,0.30863192182410426,0.5555465073457885,0.5
615.0,0.25,36.0,1.0,0.30853658536585366,0.5554606965086312,0.5
616.0,0.25,36.0,1.0,0.30844155844155846,0.5553751510839844,0.5
617.0,0.25,36.0,1.0,0.30834683954619124,0.55528986983934,0.5
618.0,0.25,36.0,1.0,0.308252427184466,0.5552048515498275,0.5
619.0,0.25,36.0,1.0,0.3081583198707593,0.5551200949981538,0.5
620.0,0.25,36.0,1.0,0.30806451612903224,0.5550355989745452,0.5
621.0,0.25,36.0,1.0,0.3079710144927536,0.5549513622766896,0.5
622.0,0.25,36.0,1.0,0.30787781350482313,0.554867383709678,0.5
623.0,0.25,36.0,1.0,0.307784911717496,0.5547836620859486,0.5
624.0,0.25,36.0,1.0,0.3076923076923077,0.5547001962252291,0.5
625.0,0.25,36.0,1.0,0.3076,0.5546169849544819,0.5
626.0,0.25,36.0,1.0,0.30750798722044725,0.5545340271078478,0.5
627.0,0.25,36.0,1.0,0.30741626794258375,0.5544513215265915,0.5
628.0,0.25,36.0,1.0,0.3073248407643312,0.5543688670590469,0.5
629.0,0.25,36.0,1.0,0.30723370429252783,0.5542866625605634,0.5
630.0,0.25,36.0,1.0,0.30714285714285716,0.5542047068934521,0.5
631.0,0.25,36.0,1.0,0.3070522979397781,0.5541229989269333,0.5
632.0,0.25,36.0,1.0,0.30696202531645567,0.5540415375370836,0.5
633.0,0.25,36.0,1.0,0.3068720379146919,0.5539603216067843,0.5
634.0,0.25,36.0,1.0,0.306782334384858,0.5538793500256695,0.5
635.0,0.25,36.0,1.0,0.30669291338582677,0.553798621690075,0.5
636.0,0.25,36.0,1.0,0.30660377358490565,0.5537181355029882,0.5
637.0,0.25,36.0,1.0,0.3065149136577708,0.5536378903739978,0.5
638.0,0.25,36.0,1.0,0.30642633228840127,0.5535578852192437,0.5
639.0,0.25,36.0,1.0,0.30633802816901406,0.5534781189613679,0.5
640.0,0.25,36.0,1.0,0.30625,0.5533985905294664,0.5
641.0,0.25,36.0,1.0,0.30616224648985957,0.55331929885904,0.5
642.0,0.25,36.0,1.0,0.3060747663551402,0.5532402428919467,0.5
643.0,0.25,36.0,1.0,0.3059875583203733,0.5531614215763544,0.5
644.0,0.25,36.0,1.0,0.3059006211180124,0.5530828338666934,0.5
645.0,0.25,36.0,1.0,0.3058139534883721,0.5530044787236105,0.5
646.0,0.25,36.0,1.0,0.30572755417956654,0.5529263551139216,0.5
647.0,0.25,36.0,1.0,0.30564142194744975,0.5528484620105674,0.5
648.0,0.25,36.0,1.0,0.3055555555555556,0.5527707983925667,0.5
649.0,0.25,36.0,1.0,0.3054699537750385,0.552693363244972,0.5
650.0,0.25,36.0,1.0,0.30538461538461537,0.5526161555588249,0.5
651.0,0.25,36.0,1.0,0.3052995391705069,0.5525391743311119,0.5
652.0,0.25,36.0,1.0,0.3052147239263804,0.5524624185647204,0.5
653.0,0.25,36.0,1.0,0.3051301684532925,0.5523858872683954,0.5
654.0,0.25,36.0,1.0,0.30504587155963303,0.5523095794566966,0.5
655.0,0.25,36.0,1.0,0.3049618320610687,0.5522334941499553,0.5
656.0,0.25,36.0,1.0,0.3048780487804878,0.5521576303742327,0.5
657.0,0.25,36.0,1.0,0.3047945205479452,0.5520819871612777,0.5
658.0,0.25,36.0,1.0,0.3047112462006079,0.5520065635484853,0.5
659.0,0.25,36.0,1.0,0.30462822458270106,0.5519313585788554,0.5
660.0,0.25,36.0,1.0,0.30454545454545456,0.5518563713009523,0.5
661.0,0.25,36.0,1.0,0.3044629349470499,0.5517816007688638,0.5
662.0,0.25,36.0,1.0,0.30438066465256797,0.5517070460421617,0.5
663.0,0.25,36.0,1.0,0.3042986425339367,0.5516327061858612,0.5
664.0,0.25,36.0,1.0,0.3042168674698795,0.5515585802703821,0.5
665.0,0.25,36.0,1.0,0.30413533834586465,0.5514846673715097,0.5
666.0,0.25,36.0,1.0,0.30405405405405406,0.5514109665703558,0.5
667.0,0.25,36.0,1.0,0.3039730134932534,0.5513374769533207,0.5
668.0,0.25,36.0,1.0,0.30389221556886226,0.5512641976120545,0.5
669.0,0.25,36.0,1.0,0.3038116591928251,0.5511911276434202,0.5
670.0,0.25,36.0,1.0,0.3037313432835821,0.5511182661494555,0.5
671.0,0.25,36.0,1.0,0.3036512667660209,0.5510456122373364,0.5
672.0,0.25,36.0,1.0,0.30357142857142855,0.5509731650193397,0.5
673.0,0.25,36.0,1.0,0.30349182763744426,0.5509009236128074,0.5
674.0,0.25,36.0,1.0,0.3034124629080119,0.5508288871401098,0.5
675.0,0.25,36.0,1.0,0.30333333333333334,0.5507570547286103,0.5
676.0,0.25,36.0,1.0,0.3032544378698225,0.5506854255106289,0.5
677.0,0.25,36.0,1.0,0.3031757754800591,0.5506139986234087,0.5
678.0,0.25,36.0,1.0,0.30309734513274333,0.550542773209079,0.5
679.0,0.25,36.0,1.0,0.30301914580265094,0.550471748414622,0.5
680.0,0.25,36.0,1.0,0.3029411764705882,0.5504009233918382,0.5
681.0,0.25,36.0,1.0,0.30286343612334804,0.5503302972973122,0.5
682.0,0.25,36.0,1.0,0.3027859237536657,0.5502598692923787,0.5
683.0,0.25,36.0,1.0,0.3027086383601757,0.5501896385430897,0.5
684.0,0.25,36.0,1.0,0.3026315789473684,0.5501196042201808,0.5
685.0,0.25,36.0,1.0,0.3025547445255474,0.5500497654990386,0.5
686.0,0.25,36.0,1.0,0.30247813411078717,0.549980121559668,0.5
687.0,0.25,36.0,1.0,0.30240174672489084,0.5499106715866595,0.5
688.0,0.25,36.0,1.0,0.3023255813953488,0.5498414147691576,0.5
689.0,0.25,36.0,1.0,0.3022496371552975,0.549772350300829,0.5
690.0,0.25,36.0,1.0,0.30217391304347824,0.5497034773798308,0.5
691.0,0.25,36.0,1.0,0.3020984081041968,0.5496347952087793,0.5
692.0,0.25,36.0,1.0,0.30202312138728327,0.549566302994719,0.5
693.0,0.25,36.0,1.0,0.30194805194805197,0.5494979999490917,0.5
694.0,0.25,36.0,1.0,0.30187319884726227,0.5494298852877064,0.5
695.0,0.25,36.0,1.0,0.3017985611510791,0.5493619582307089,0.5
696.0,0.25,36.0,1.0,0.3017241379310345,0.5492942180025514,0.5
697.0,0.25,36.0,1.0,0.3016499282639885,0.5492266638319634,0.5
698.0,0.25,36.0,1.0,0.3015759312320917,0.5491592949519216,0.5
699.0,0.25,36.0,1.0,0.30150214592274677,0.5490921105996213,0.5
700.0,0.25,36.0,1.0,0.30142857142857143,0.5490251100164467,0.5
701.0,0.25,36.0,1.0,0.3013552068473609,0.5489582924479426,0.5
702.0,0.25,36.0,1.0,0.30128205128205127,0.5488916571437857,0.5
703.0,0.25,36.0,1.0,0.3012091038406828,0.5488252033577565,0.5
704.0,0.25,36.0,1.0,0.30113636363636365,0.5487589303477107,0.5
705.0,0.25,36.0,1.0,0.30106382978723406,0.5486928373755521,0.5
706.0,0.25,36.0,1.0,0.3009915014164306,0.5486269237072043,0.5
707.0,0.25,36.0,1.0,0.3009193776520509,0.548561188612584,0.5
708.0,0.25,36.0,1.0,0.3008474576271186,0.5484956313655731,0.5
709.0,0.25,36.0,1.0,0.30077574047954864,0.5484302512439924,0.5
710.0,0.25,36.0,1.0,0.30070422535211266,0.5483650475295746,0.5
711.0,0.25,36.0,1.0,0.30063291139240506,0.5483000195079378,0.5
712.0,0.25,36.0,1.0,0.300561797752809,0.5482351664685594,0.5
713.0,0.25,36.0,1.0,0.30049088359046283,0.5481704877047494,0.5
714.0,0.25,36.0,1.0,0.3004201680672269,0.5481059825136256,0.5
715.0,0.25,36.0,1.0,0.30034965034965033,0.5480416501960871,0.5
716.0,0.25,36.0,1.0,0.30027932960893855,0.5479774900567892,0.5
717.0,0.25,36.0,1.0,0.3002092050209205,0.5479135014041181,0.5
718.0,0.25,36.0,1.0,0.30013927576601673,0.5478496835501657,0.5
719.0,0.25,36.0,1.0,0.30006954102920724,0.5477860358107053,0.5
720.0,0.25,36.0,1.0,0.3,0.5477225575051661,0.5
721.0,0.25,36.0,1.0,0.2999306518723994,0.5476592479566098,0.5
722.0,0.25,36.0,1.0,0.29986149584487537,0.5475961064917055,0.5
723.0,0.25,36.0,1.0,0.29979253112033194,0.5475331324407062,0.5
724.0,0.25,36.0,1.0,0.29972375690607733,0.5474703251374246,0.5
725.0,0.25,36.0,1.0,0.2996551724137931,0.5474076839192095,0.5
726.0,0.25,36.0,1.0,0.29958677685950413,0.5473452081269226,0.5
727.0,0.25,36.0,1.0,0.2995185694635488,0.5472828971049148,0.5
728.0,0.25,36.0,1.0,0.29945054945054944,0.5472207502010038,0.5
729.0,0.25,36.0,1.0,0.2993827160493827,0.5471587667664503,0.5
730.0,0.25,36.0,1.0,0.2993150684931507,0.5470969461559356,0.5
731.0,0.25,36.0,1.0,0.29924760601915185,0.5470352877275394,0.5
732.0,0.25,36.0,1.0,0.29918032786885246,0.5469737908427171,0.5
733.0,0.25,36.0,1.0,0.2991132332878581,0.5469124548662776,0.5
734.0,0.25,36.0,1.0,0.29904632152588556,0.5468512791663612,0.5
735.0,0.25,36.0,1.0,0.29897959183673467,0.5467902631144181,0.5
736.0,0.25,36.0,1.0,0.29891304347826086,0.5467294060851866,0.5
737.0,0.25,36.0,1.0,0.29884667571234735,0.5466687074566711,0.5
738.0,0.25,36.0,1.0,0.29878048780487804,0.5466081666101212,0.5
739.0,0.25,36.0,1.0,0.2987144790257104,0.5465477829300109,0.5
740.0,0.25,36.0,1.0,0.29864864864864865,0.5464875558040171,0.5
741.0,0.25,36.0,1.0,0.298582995951417,0.5464274846229983,0.5
742.0,0.25,36.0,1.0,0.29851752021563344,0.546367568780975,0.5
743.0,0.25,36.0,1.0,0.2984522207267833,0.5463078076751084,0.5
744.0,0.25,36.0,1.0,0.29838709677419356,0.5462482007056806,0.5
745.0,0.25,36.0,1.0,0.29832214765100673,0.5461887472760737,0.5
746.0,0.25,36.0,1.0,0.2982573726541555,0.5461294467927503,0.5
747.0,0.25,36.0,1.0,0.29819277108433734,0.5460702986652335,0.5
748.0,0.25,36.0,1.0,0.2981283422459893,0.5460113023060872,0.5
749.0,0.25,36.0,1.0,0.29806408544726304,0.5459524571308962,0.5
750.0,0.25,36.0,1.0,0.298,0.5458937625582472,0.5
751.0,0.25,36.0,1.0,0.29793608521970705,0.5458352180097095,0.5
752.0,0.25,36.0,1.0,0.2978723404255319,0.5457768229098153,0.5
753.0,0.25,36.0,1.0,0.29780876494023906,0.5457185766860416,0.5
754.0,0.25,36.0,1.0,0.29774535809018565,0.5456604787687905,0.5
755.0,0.25,36.0,1.0,0.297682119205298,0.5456025285913711,0.5
756.0,0.25,36.0,1.0,0.2976190476190476,0.5455447255899809,0.5
757.0,0.25,36.0,1.0,0.297556142668428,0.545487069203687,0.5
758.0,0.25,36.0,1.0,0.2974934036939314,0.5454295588744081,0.5
759.0,0.25,36.0,1.0,0.2974308300395257,0.5453721940468965,0.5
760.0,0.25,36.0,1.0,0.29736842105263156,0.5453149741687198,0.5
761.0,0.25,36.0,1.0,0.29730617608409987,0.5452578986902435,0.5
762.0,0.25,36.0,1.0,0.297244094488189,0.5452009670646127,0.5
763.0,0.25,36.0,1.0,0.29718217562254257,0.5451441787477351,0.5
764.0,0.25,36.0,1.0,0.29712041884816753,0.5450875331982631,0.5
765.0,0.25,36.0,1.0,0.29705882352941176,0.5450310298775766,0.5
766.0,0.25,36.0,1.0,0.29699738903394257,0.544974668249766,0.5
767.0,0.25,36.0,1.0,0.2969361147327249,0.5449184477816152,0.5
768.0,0.25,36.0,1.0,0.296875,0.5448623679425842,0.5
769.0,0.25,36.0,1.0,0.29681404421326396,0.5448064282047927,0.5
770.0,0.25,36.0,1.0,0.29675324675324677,0.5447506280430036,0.5
771.0,0.25,36.0,1.0,0.29669260700389105,0.5446949669346056,0.5
772.0,0.25,36.0,1.0,0.2966321243523316,0.544639444359598,0.5
773.0,0.25,36.0,1.0,0.2965717981888745,0.5445840598005735,0.5
774.0,0.25,36.0,1.0,0.2965116279069767,0.544528812742702,0.5
775.0,0.25,36.0,1.0,0.2964516129032258,0.5444737026737158,0.5
776.0,0.25,36.0,1.0,0.2963917525773196,0.5444187290838914,0.5
777.0,0.25,36.0,1.0,0.29633204633204635,0.5443638914660361,0.5
778.0,0.25,36.0,1.0,0.2962724935732648,0.5443091893154706,0.5
779.0,0.25,36.0,1.0,0.29621309370988447,0.5442546221300141,0.5
780.0,0.25,36.0,1.0,0.29615384615384616,0.5442001894099691,0.5
781.0,0.25,36.0,1.0,0.29609475032010246,0.5441458906581051,0.5
782.0,0.25,36.0,1.0,0.2960358056265985,0.5440917253796445,0.5
783.0,0.25,36.0,1.0,0.2959770114942529,0.5440376930822467,0.5
784.0,0.25,36.0,1.0,0.29591836734693877,0.5439837932759934,0.5
785.0,0.25,36.0,1.0,0.29585987261146496,0.5439300254733737,0.5
786.0,0.25,36.0,1.0,0.2958015267175573,0.5438763891892691,0.5
787.0,0.25,36.0,1.0,0.2957433290978399,0.5438228839409389,0.5
788.0,0.25,36.0,1.0,0.2956852791878173,0.543769509248006,0.5
789.0,0.25,36.0,1.0,0.2956273764258555,0.5437162646324418,0.5
790.0,0.25,36.0,1.0,0.2955696202531646,0.5436631496185524,0.5
791.0,0.25,36.0,1.0,0.29551201011378003,0.5436101637329641,0.5
792.0,0.25,36.0,1.0,0.29545454545454547,0.543557306504609,0.5
793.0,0.25,36.0,1.0,0.2953972257250946,0.5435045774647115,0.5
794.0,0.25,36.0,1.0,0.29534005037783373,0.5434519761467739,0.5
795.0,0.25,36.0,1.0,0.2952830188679245,0.543399502086563,0.5
796.0,0.25,36.0,1.0,0.2952261306532663,0.5433471548220956,0.5
797.0,0.25,36.0,1.0,0.29516938519447933,0.5432949338936259,0.5
798.0,0.25,36.0,1.0,0.2951127819548872,0.543242838843631,0.5
799.0,0.25,36.0,1.0,0.2950563204005006,0.543190869216798,0.5
800.0,0.25,36.0,1.0,0.295,0.5431390245600107,0.5
801.0,0.25,36.0,1.0,0.2949438202247191,0.543087304422336,0.5
802.0,0.25,36.0,1.0,0.2948877805486284,0.5430357083550108,0.5
803.0,0.25,36.0,1.0,0.2948318804483188,0.5429842359114294,0.5
804.0,0.25,36.0,1.0,0.2947761194029851,0.5429328866471298,0.5
805.0,0.25,36.0,1.0,0.29472049689440993,0.5428816601197815,0.5
806.0,0.25,36.0,1.0,0.29466501240694787,0.5428305558891724,0.5
807.0,0.25,36.0,1.0,0.29460966542750927,0.5427795735171961,0.5
808.0,0.25,36.0,1.0,0.29455445544554454,0.5427287125678395,0.5
809.0,0.25,36.0,1.0,0.29449938195302844,0.5426779726071701,0.5
810.0,0.25,36.0,1.0,0.29444444444444445,0.5426273532033236,0.5
811.0,0.25,36.0,1.0,0.2943896424167694,0.5425768539264916,0.5
812.0,0.25,36.0,1.0,0.29433497536945813,0.5425264743489097,0.5
813.0,0.25,36.0,1.0,0.29428044280442806,0.5424762140448446,0.5
814.0,0.25,36.0,1.0,0.2942260442260442,0.5424260725905828,0.5
815.0,0.25,36.0,1.0,0.2941717791411043,0.5423760495644183,0.5
816.0,0.25,36.0,1.0,0.29411764705882354,0.5423261445466404,0.5
817.0,0.25,36.0,1.0,0.2940636474908201,0.5422763571195227,0.5
818.0,0.25,36.0,1.0,0.2940097799511002,0.5422266868673103,0.5
819.0,0.25,36.0,1.0,0.29395604395604397,0.5421771333762094,0.5
820.0,0.25,36.0,1.0,0.2939024390243902,0.5421276962343745,0.5
821.0,0.25,36.0,1.0,0.2938489646772229,0.5420783750318978,0.5
822.0,0.25,36.0,1.0,0.2937956204379562,0.5420291693607976,0.5
823.0,0.25,36.0,1.0,0.2937424058323208,0.5419800788150066,0.5
824.0,0.25,36.0,1.0,0.2936893203883495,0.5419311029903612,0.5
825.0,0.25,36.0,1.0,0.29363636363636364,0.5418822414845901,0.5
826.0,0.25,36.0,1.0,0.29358353510895885,0.5418334938973032,0.5
827.0,0.25,36.0,1.0,0.29353083434099153,0.5417848598299804,0.5
828.0,0.25,36.0,1.0,0.2934782608695652,0.5417363388859614,0.5
829.0,0.25,36.0,1.0,0.29342581423401687,0.541687930670434,0.5
830.0,0.25,36.0,1.0,0.2933734939759036,0.5416396347904238,0.5
831.0,0.25,36.0,1.0,0.2933212996389892,0.5415914508547833,0.5
832.0,0.25,36.0,1.0,0.2932692307692308,0.5415433784741817,0.5
833.0,0.25,36.0,1.0,0.2932172869147659,0.5414954172610936,0.5
834.0,0.25,36.0,1.0,0.2931654676258993,0.5414475668297895,0.5
835.0,0.25,36.0,1.0,0.29311377245508985,0.5413998267963243,0.5
836.0,0.25,36.0,1.0,0.2930622009569378,0.5413521967785277,0.5
837.0,0.25,36.0,1.0,0.29301075268817206,0.5413046763959942,0.5
838.0,0.25,36.0,1.0,0.29295942720763724,0.5412572652700721,0.5
839.0,0.25,36.0,1.0,0.2929082240762813,0.5412099630238539,0.5
840.0,0.25,36.0,1.0,0.29285714285714287,0.541162769282166,0.5
841.0,0.25,36.0,1.0,0.2928061831153389,0.5411156836715592,0.5
842.0,0.25,36.0,1.0,0.29275534441805223,0.5410687058202981,0.5
843.0,0.25,36.0,1.0,0.29270462633451955,0.5410218353583518,0.5
844.0,0.25,36.0,1.0,0.29265402843601895,0.5409750719173841,0.5
845.0,0.25,36.0,1.0,0.292603550295858,0.5409284151307435,0.5
846.0,0.25,36.0,1.0,0.2925531914893617,0.5408818646334537,0.5
847.0,0.25,36.0,1.0,0.2925029515938607,0.5408354200622041,0.5
848.0,0.25,36.0,1.0,0.29245283018867924,0.5407890810553402,0.5
849.0,0.25,36.0,1.0,0.2924028268551237,0.5407428472528543,0.5
850.0,0.25,36.0,1.0,0.2923529411764706,0.540696718296376,0.5
851.0,0.25,36.0,1.0,0.29230317273795536,0.540650693829163,0.5
852.0,0.25,36.0,1.0,0.29225352112676056,0.5406047734960917,0.5
853.0,0.25,36.0,1.0,0.2922039859320047,0.540558956943648,0.5
854.0,0.25,36.0,1.0,0.29215456674473067,0.5405132438199185,0.5
855.0,0.25,36.0,1.0,0.29210526315789476,0.5404676337745812,0.5
856.0,0.25,36.0,1.0,0.29205607476635514,0.5404221264588962,0.5
857.0,0.25,36.0,1.0,0.2920070011668611,0.5403767215256974,0.5
858.0,0.25,36.0,1.0,0.291958041958042,0.5403314186293834,0.5
859.0,0.25,36.0,1.0,0.29190919674039584,0.5402862174259083,0.5
860.0,0.25,36.0,1.0,0.29186046511627906,0.5402411175727733,0.5
861.0,0.25,36.0,1.0,0.29181184668989546,0.5401961187290182,0.5
862.0,0.25,36.0,1.0,0.2917633410672854,0.5401512205552121,0.5
863.0,0.25,36.0,1.0,0.2917149478563152,0.5401064227134456,0.5
864.0,0.25,36.0,1.0,0.2916666666666667,0.5400617248673217,0.5
865.0,0.25,36.0,1.0,0.29161849710982657,0.5400171266819476,0.5
866.0,0.25,36.0,1.0,0.2915704387990762,0.5399726278239261,0.5
867.0,0.25,36.0,1.0,0.29152249134948094,0.5399282279613477,0.5
868.0,0.25,36.0,1.0,0.29147465437788017,0.5398839267637815,0.5
869.0,0.25,36.0,1.0,0.29142692750287685,0.5398397239022679,0.5
870.0,0.25,36.0,1.0,0.29137931034482756,0.5397956190493097,0.5
871.0,0.25,36.0,1.0,0.29133180252583235,0.5397516118788644,0.5
872.0,0.25,36.0,1.0,0.29128440366972475,0.5397077020663359,0.5
873.0,0.25,36.0,1.0,0.2912371134020619,0.5396638892885662,0.5
874.0,0.25,36.0,1.0,0.2911899313501144,0.5396201732238283,0.5
875.0,0.25,36.0,1.0,0.29114285714285715,0.5395765535518173,0.5
876.0,0.25,36.0,1.0,0.2910958904109589,0.5395330299536433,0.5
877.0,0.25,36.0,1.0,0.2910490307867731,0.539489602111823,0.5
878.0,0.25,36.0,1.0,0.29100227790432803,0.5394462697102724,0.5
879.0,0.25,36.0,1.0,0.2909556313993174,0.539403032434299,0.5
880.0,0.25,36.0,1.0,0.2909090909090909,0.5393598899705937,0.5
881.0,0.25,36.0,1.0,0.2908626560726447,0.5393168420072237,0.5
882.0,0.25,36.0,1.0,0.29081632653061223,0.539273888233625,0.5
883.0,0.25,36.0,1.0,0.2907701019252548,0.5392310283405943,0.5
884.0,0.25,36.0,1.0,0.2907239819004525,0.5391882620202822,0.5
885.0,0.25,36.0,1.0,0.29067796610169494,0.5391455889661854,0.5
886.0,0.25,36.0,1.0,0.29063205417607224,0.5391030088731394,0.5
887.0,0.25,36.0,1.0,0.29058624577226605,0.5390605214373114,0.5
888.0,0.25,36.0,1.0,0.29054054054054057,0.5390181263561927,0.5
889.0,0.25,36.0,1.0,0.2904949381327334,0.5389758233285918,0.5
890.0,0.25,36.0,1.0,0.29044943820224717,0.538933612054627,0.5
891.0,0.25,36.0,1.0,0.2904040404040404,0.5388914922357194,0.5
892.0,0.25,36.0,1.0,0.29035874439461884,0.5388494635745857,0.5
893.0,0.25,36.0,1.0,0.2903135498320269,0.5388075257752316,0.5
894.0,0.25,36.0,1.0,0.2902684563758389,0.5387656785429441,0.5
895.0,0.25,36.0,1.0,0.29022346368715085,0.538723921584285,0.5
896.0,0.25,36.0,1.0,0.29017857142857145,0.5386822546070842,0.5
897.0,0.25,36.0,1.0,0.290133779264214,0.5386406773204323,0.5
898.0,0.25,36.0,1.0,0.2900890868596882,0.5385991894346743,0.5
899.0,0.25,36.0,1.0,0.2900444938820912,0.5385577906614026,0.5
900.0,0.25,36.0,1.0,0.29,0.5385164807134504,0.5
901.0,0.25,36.0,1.0,0.28995560488346284,0.5384752593048847,0.5
902.0,0.25,36.0,1.0,0.28991130820399114,0.5384341261510002,0.5
903.0,0.25,36.0,1.0,0.2898671096345515,0.5383930809683121,0.5
904.0,0.25,36.0,1.0,0.28982300884955753,0.5383521234745504,0.5
905.0,0.25,36.0,1.0,0.28977900552486185,0.5383112533886524,0.5
906.0,0.25,36.0,1.0,0.2897350993377483,0.5382704704307569,0.5
907.0,0.25,36.0,1.0,0.28969128996692395,0.5382297743221978,0.5
908.0,0.25,36.0,1.0,0.289647577092511,0.5381891647854972,0.5
909.0,0.25,36.0,1.0,0.2896039603960396,0.5381486415443596,0.5
910.0,0.25,36.0,1.0,0.28956043956043953,0.5381082043236654,0.5
911.0,0.25,36.0,1.0,0.28951701427003296,0.5380678528494645,0.5
912.0,0.25,36.0,1.0,0.2894736842105263,0.5380275868489703,0.5
913.0,0.25,36.0,1.0,0.2894304490690033,0.5379874060505536,0.5
914.0,0.25,36.0,1.0,0.28938730853391686,0.5379473101837362,0.5
915.0,0.25,36.0,1.0,0.289344262295082,0.5379072989791847,0.5
916.0,0.25,36.0,1.0,0.2893013100436681,0.537867372168705,0.5
917.0,0.25,36.0,1.0,0.2892584514721919,0.5378275294852356,0.5
918.0,0.25,36.0,1.0,0.2892156862745098,0.5377877706628422,0.5
919.0,0.25,36.0,1.0,0.28917301414581065,0.5377480954367115,0.5
920.0,0.25,36.0,1.0,0.2891304347826087,0.5377085035431453,0.5
921.0,0.25,36.0,1.0,0.2890879478827362,0.5376689947195543,0.5
922.0,0.25,36.0,1.0,0.2890455531453362,0.537629568704453,0.5
923.0,0.25,36.0,1.0,0.2890032502708559,0.5375902252374534,0.5
924.0,0.25,36.0,1.0,0.288961038961039,0.5375509640592592,0.5
925.0,0.25,36.0,1.0,0.2889189189189189,0.5375117849116603,0.5
926.0,0.25,36.0,1.0,0.2888768898488121,0.537472687537527,0.5
927.0,0.25,36.0,1.0,0.28883495145631066,0.5374336716808044,0.5
928.0,0.25,36.0,1.0,0.28879310344827586,0.5373947370865069,0.5
929.0,0.25,36.0,1.0,0.288751345532831,0.5373558835007122,0.5
930.0,0.25,36.0,1.0,0.2887096774193548,0.5373171106705563,0.5
931.0,0.25,36.0,1.0,0.28866809881847477,0.5372784183442275,0.5
932.0,0.25,36.0,1.0,0.2886266094420601,0.5372398062709614,0.5
933.0,0.25,36.0,1.0,0.28858520900321544,0.5372012742010348,0.5
934.0,0.25,36.0,1.0,0.2885438972162741,0.5371628218857613,0.5
935.0,0.25,36.0,1.0,0.28850267379679145,0.5371244490774847,0.5
936.0,0.25,36.0,1.0,0.28846153846153844,0.5370861555295746,0.5
937.0,0.25,36.0,1.0,0.2884204909284952,0.537047940996421,0.5
938.0,0.25,36.0,1.0,0.2883795309168444,0.5370098052334281,0.5
939.0,0.25,36.0,1.0,0.28833865814696485,0.5369717479970104,0.5
940.0,0.25,36.0,1.0,0.28829787234042553,0.5369337690445867,0.5
941.0,0.25,36.0,1.0,0.28825717321997874,0.5368958681345748,0.5
942.0,0.25,36.0,1.0,0.28821656050955413,0.536858045026387,0.5
943.0,0.25,36.0,1.0,0.2881760339342524,0.5368202994804243,0.5
944.0,0.25,36.0,1.0,0.288135593220339,0.5367826312580717,0.5
945.0,0.25,36.0,1.0,0.28809523809523807,0.5367450401216932,0.5
946.0,0.25,36.0,1.0,0.2880549682875264,0.5367075258346267,0.5
947.0,0.25,36.0,1.0,0.2880147835269271,0.5366700881611786,0.5
948.0,0.25,36.0,1.0,0.2879746835443038,0.5366327268666194,0.5
949.0,0.25,36.0,1.0,0.28793466807165435,0.5365954417171789,0.5
950.0,0.25,36.0,1.0,0.28789473684210526,0.5365582324800405,0.5
951.0,0.25,36.0,1.0,0.28785488958990535,0.5365210989233372,0.5
952.0,0.25,36.0,1.0,0.28781512605042014,0.536484040816146,0.5
953.0,0.25,36.0,1.0,0.28777544596012594,0.5364470579284837,0.5
954.0,0.25,36.0,1.0,0.28773584905660377,0.5364101500313019,0.5
955.0,0.25,36.0,1.0,0.28769633507853404,0.5363733168964822,0.5
956.0,0.25,36.0,1.0,0.28765690376569036,0.5363365582968314,0.5
957.0,0.25,36.0,1.0,0.28761755485893414,0.536299874006077,0.5
958.0,0.25,36.0,1.0,0.28757828810020875,0.5362632637988628,0.5
959.0,0.25,36.0,1.0,0.2875391032325339,0.5362267274507434,0.5
960.0,0.25,36.0,1.0,0.2875,0.5361902647381804,0.5
961.0,0.25,36.0,1.0,0.2874609781477627,0.5361538754385374,0.5
962.0,0.25,36.0,1.0,0.2874220374220374,0.5361175593300759,0.5
963.0,0.25,36.0,1.0,0.28738317757009346,0.53608131619195,0.5
964.0,0.25,36.0,1.0,0.28734439834024894,0.5360451458042027,0.5
965.0,0.25,36.0,1.0,0.2873056994818653,0.5360090479477612,0.5
966.0,0.25,36.0,1.0,0.28726708074534163,0.5359730224044319,0.5
967.0,0.25,36.0,1.0,0.2872285418821096,0.5359370689568969,0.5
968.0,0.25,36.0,1.0,0.2871900826446281,0.5359011873887088,0.5
969.0,0.25,36.0,1.0,0.2871517027863777,0.5358653774842873,0.5
970.0,0.25,36.0,1.0,0.28711340206185565,0.5358296390289135,0.5
971.0,0.25,36.0,1.0,0.2870751802265705,0.5357939718087266,0.5
972.0,0.25,36.0,1.0,0.28703703703703703,0.5357583756107197,0.5
973.0,0.25,36.0,1.0,0.2869989722507708,0.5357228502227349,0.5
974.0,0.25,36.0,1.0,0.28696098562628336,0.5356873954334592,0.5
975.0,0.25,36.0,1.0,0.28692307692307695,0.5356520110324211,0.5
976.0,0.25,36.0,1.0,0.28688524590163933,0.5356166968099849,0.5
977.0,0.25,36.0,1.0,0.2868474923234391,0.5355814525573482,0.5
978.0,0.25,36.0,1.0,0.28680981595092025,0.5355462780665367,0.5
979.0,0.25,36.0,1.0,0.28677221654749746,0.5355111731304002,0.5
980.0,0.25,36.0,1.0,0.286734693877551,0.5354761375426089,0.5
981.0,0.25,36.0,1.0,0.286697247706422,0.5354411710976492,0.5
982.0,0.25,36.0,1.0,0.28665987780040736,0.5354062735908194,0.5
983.0,0.25,36.0,1.0,0.2866225839267548,0.5353714448182261,0.5
984.0,0.25,36.0,1.0,0.2865853658536585,0.5353366845767797,0.5
985.0,0.25,36.0,1.0,0.2865482233502538,0.5353019926641912,0.5
986.0,0.25,36.0,1.0,0.2865111561866126,0.5352673688789674,0.5
987.0,0.25,36.0,1.0,0.2864741641337386,0.5352328130204076,0.5
988.0,0.25,36.0,1.0,0.28643724696356276,0.5351983248885994,0.5
989.0,0.25,36.0,1.0,0.28640040444893833,0.5351639042844148,0.5
990.0,0.25,36.0,1.0,0.2863636363636364,0.5351295510095069,0.5
991.0,0.25,36.0,1.0,0.2863269424823411,0.535095264866305,0.5
992.0,0.25,36.0,1.0,0.2862903225806452,0.5350610456580119,0.5
993.0,0.25,36.0,1.0,0.28625377643504535,0.5350268931885998,0.5
994.0,0.25,36.0,1.0,0.28621730382293764,0.5349928072628057,0.5
995.0,0.25,36.0,1.0,0.2861809045226131,0.5349587876861293,0.5
996.0,0.25,36.0,1.0,0.286144578313253,0.5349248342648274,0.5
997.0,0.25,36.0,1.0,0.2861083249749248,0.5348909468059118,0.5
998.0,0.25,36.0,1.0,0.28607214428857713,0.5348571251171449,0.5
999.0,0.25,36.0,1.0,0.28603603603603606,0.5348233690070359,0.5
1000.0,0.25,36.0,1.0,0.286,0.5347896782848375,0.5
