ESS_mg,sigma_floor_variance_mg_g_sq,k,b,observed_variance_mg_g_sq,observed_sd_mg_g
1.0,0.16,36.0,0.5,36.16,6.013318551349163
2.0,0.16,36.0,0.5,25.61584412271571,5.061209748935101
3.0,0.16,36.0,0.5,20.94460969082653,4.576528126301261
4.0,0.16,36.0,0.5,18.16,4.261455150532504
5.0,0.16,36.0,0.5,16.259689437998485,4.032330521918867
6.0,0.16,36.0,0.5,14.85693845669907,3.854469932000906
7.0,0.16,36.0,0.5,13.76672102833218,3.7103532215049526
8.0,0.16,36.0,0.5,12.887922061357855,3.5899752173737713
9.0,0.16,36.0,0.5,12.16,3.4871191548325386
10.0,0.16,36.0,0.5,11.544199576606164,3.397675613799258
11.0,0.16,36.0,0.5,11.014408404799491,3.3187962282730603
12.0,0.16,36.0,0.5,10.552304845413264,3.2484311360121616
13.0,0.16,36.0,0.5,10.144603532054125,3.1850594236299776
14.0,0.16,36.0,0.5,9.781404708847278,3.127523734337963
15.0,0.16,36.0,0.5,9.455160030897801,3.074924394338469
16.0,0.16,36.0,0.5,9.16,3.026549190084311
17.0,0.16,36.0,0.5,8.891282501307987,2.9818253639856223
18.0,0.16,36.0,0.5,8.645281374238571,2.940285934095283
19.0,0.16,36.0,0.5,8.418966419340222,2.9015455225345375
20.0,0.16,36.0,0.5,8.209844718999243,2.8652826595292904
21.0,0.16,36.0,0.5,8.015844048495726,2.8312265978716233
22.0,0.16,36.0,0.5,7.835225788801975,2.7991473324571494
23.0,0.16,36.0,0.5,7.6665189060546926,2.7688479384131393
24.0,0.16,36.0,0.5,7.508469228349535,2.740158613721026
25.0,0.16,36.0,0.5,7.36,2.7129319932501073
26.0,0.16,36.0,0.5,7.220180864974626,2.687039423784963
27.0,0.16,36.0,0.5,7.088203230275509,2.662367974243138
28.0,0.16,36.0,0.5,6.96336051416609,2.638818014597841
29.0,0.16,36.0,0.5,6.845032174373868,2.6163012392256877
30.0,0.16,36.0,0.5,6.732670690061993,2.594739040840522
31.0,0.16,36.0,0.5,6.625790872963897,2.5740611634077184
32.0,0.16,36.0,0.5,6.523961030678928,2.5542045788618672
33.0,0.16,36.0,0.5,6.426795614405123,2.5351125447216583
34.0,0.16,36.0,0.5,6.333949065130318,2.516733808953644
35.0,0.16,36.0,0.5,6.24511063404532,2.4990219354870256
36.0,0.16,36.0,0.5,6.16,2.4819347291981715
37.0,0.16,36.0,0.5,6.078363542992863,2.4654337433792177
38.0,0.16,36.0,0.5,5.999971160707452,2.449483855980164
39.0,0.16,36.0,0.5,5.924613536983137,2.434052903488981
40.0,0.16,36.0,0.5,5.852099788303082,2.419111363352891
41.0,0.16,36.0,0.5,5.782255427989819,2.4046320774683636
42.0,0.16,36.0,0.5,5.714920598635309,2.390590010569631
43.0,0.16,36.0,0.5,5.649948531973768,2.3769620383956007
44.0,0.16,36.0,0.5,5.587204202399746,2.363726761366412
45.0,0.16,36.0,0.5,5.5265631459994955,2.350864340194792
46.0,0.16,36.0,0.5,5.467910421576297,2.338356350425721
47.0,0.16,36.0,0.5,5.411139693924205,2.326185653365656
48.0,0.16,36.0,0.5,5.356152422706632,2.3143362812492554
49.0,0.16,36.0,0.5,5.302857142857143,2.3027933348125584
50.0,0.16,36.0,0.5,5.251168824543142,2.291542891709239
51.0,0.16,36.0,0.5,5.201008302500835,2.280571924430544
52.0,0.16,36.0,0.5,5.152301766027063,2.2698682265777155
53.0,0.16,36.0,0.5,5.104980302152805,2.2594203464943847
54.0,0.16,36.0,0.5,5.058979485566356,2.249217527400664
55.0,0.16,36.0,0.5,5.014239009735343,2.2392496532846318
56.0,0.16,36.0,0.5,4.970702354423639,2.2295071999039697
57.0,0.16,36.0,0.5,4.9283164854341575,2.2199811903334132
58.0,0.16,36.0,0.5,4.887031582950012,2.2106631545647137
59.0,0.16,36.0,0.5,4.84680079530966,2.2015450927268465
60.0,0.16,36.0,0.5,4.807580015448901,2.192619441546777
61.0,0.16,36.0,0.5,4.769327677584255,2.1838790437165367
62.0,0.16,36.0,0.5,4.732004572006858,2.1753171198716883
63.0,0.16,36.0,0.5,4.695573676110727,2.166927242920428
64.0,0.16,36.0,0.5,4.66,2.1587033144922905
65.0,0.16,36.0,0.5,4.625250445211504,2.150639543301365
66.0,0.16,36.0,0.5,4.5912936752559785,2.142730425241584
67.0,0.16,36.0,0.5,4.558099996826988,2.1349707250515144
68.0,0.16,36.0,0.5,4.525641250653994,2.1273554594035278
69.0,0.16,36.0,0.5,4.493890711087691,2.119879881287544
70.0,0.16,36.0,0.5,4.462822993603817,2.1125394655730854
71.0,0.16,36.0,0.5,4.432413969497872,2.1053298956453053
72.0,0.16,36.0,0.5,4.402640687119286,2.098247051021229
73.0,0.16,36.0,0.5,4.373481299060701,2.0912869958618066
74.0,0.16,36.0,0.5,4.344914994777494,2.0844459683036867
75.0,0.16,36.0,0.5,4.316921938165305,2.077720370542029
76.0,0.16,36.0,0.5,4.289483209670111,2.071106759602245
77.0,0.16,36.0,0.5,4.262580752546966,2.0646018387444505
78.0,0.16,36.0,0.5,4.236197322920544,2.0582024494496514
79.0,0.16,36.0,0.5,4.210316443333686,2.0519055639414026
80.0,0.16,36.0,0.5,4.184922359499621,2.045708278200883
81.0,0.16,36.0,0.5,4.16,2.039607805437114
82.0,0.16,36.0,0.5,4.135534938694475,2.0336014699774574
83.0,0.16,36.0,0.5,4.1115133596288524,2.027686701546581
84.0,0.16,36.0,0.5,4.087922024247863,2.0218610299048407
85.0,0.16,36.0,0.5,4.0647482407358115,2.0161220798195263
86.0,0.16,36.0,0.5,4.041979835323783,2.010467566344651
87.0,0.16,36.0,0.5,4.019605125416061,2.004895290387022
88.0,0.16,36.0,0.5,3.9976128944009877,1.999403134538152
89.0,0.16,36.0,0.5,3.9759923680228964,1.9939890591532583
90.0,0.16,36.0,0.5,3.954733192202055,1.9886510986601083
91.0,0.16,36.0,0.5,3.9338254121989062,1.9833873580818515
92.0,0.16,36.0,0.5,3.9132594530273463,1.9781960097592317
93.0,0.16,36.0,0.5,3.8930261010295313,1.9730752902587199
94.0,0.16,36.0,0.5,3.8731164865316563,1.968023497454148
95.0,0.16,36.0,0.5,3.8535220675065553,1.9630389877703793
96.0,0.16,36.0,0.5,3.8342346141747674,1.9581201735784164
97.0,0.16,36.0,0.5,3.815246194481029,1.9532655207321479
98.0,0.16,36.0,0.5,3.7965491603879586,1.948473546237659
99.0,0.16,36.0,0.5,3.7781361349331637,1.943742816046702
100.0,0.16,36.0,0.5,3.7600000000000002,1.9390719429665317
101.0,0.16,36.0,0.5,3.7421338847559613,1.934459584678874
102.0,0.16,36.0,0.5,3.724531154716028,1.9299044418613134
103.0,0.16,36.0,0.5,3.7071854013914556,1.9254052564048576
104.0,0.16,36.0,0.5,3.690090432487313,1.9209608097218729
105.0,0.16,36.0,0.5,3.6732402626147196,1.9165699211389913
106.0,0.16,36.0,0.5,3.656629104486151,1.9122314463699606
107.0,0.16,36.0,0.5,3.6402513605643887,1.90794427606374
108.0,0.16,36.0,0.5,3.6241016151377545,1.9037073344234807
109.0,0.16,36.0,0.5,3.608174626796145,1.8995195778923009
110.0,0.16,36.0,0.5,3.5924653212841324,1.8953799939020493
111.0,0.16,36.0,0.5,3.576968784708997,1.8912875996814966
112.0,0.16,36.0,0.5,3.561680257083045,1.8872414411206229
113.0,0.16,36.0,0.5,3.54659512618095,1.883240591687889
114.0,0.16,36.0,0.5,3.5317089216940984,1.8792841513975735
115.0,0.16,36.0,0.5,3.51701730966513,1.8753712458244447
116.0,0.16,36.0,0.5,3.502516087186934,1.8715010251632067
117.0,0.16,36.0,0.5,3.4882011773513746,1.867672663330321
118.0,0.16,36.0,0.5,3.4740686244339645,1.8638853571059473
119.0,0.16,36.0,0.5,3.460114589301561,1.8601383253138892
120.0,0.16,36.0,0.5,3.4463353450309966,1.8564308080375622
121.0,0.16,36.0,0.5,3.432727272727273,1.8527620658701087
122.0,0.16,36.0,0.5,3.419286857530667,1.8491313791969102
123.0,0.16,36.0,0.5,3.406010684802756,1.8455380475088439
124.0,0.16,36.0,0.5,3.3928954364819486,1.8419813887447258
125.0,0.16,36.0,0.5,3.3799378875996973,1.8384607386614753
126.0,0.16,36.0,0.5,3.367134902949093,1.8349754502306272
127.0,0.16,36.0,0.5,3.35448343389801,1.8315248930598813
128.0,0.16,36.0,0.5,3.341980515339464,1.82810845283847
129.0,0.16,36.0,0.5,3.329623262772246,1.82472553080518
130.0,0.16,36.0,0.5,3.3174088695053054,1.8213755432379413
131.0,0.16,36.0,0.5,3.3053346039797367,1.8180579209639436
132.0,0.16,36.0,0.5,3.2933978072025614,1.814772108889312
133.0,0.16,36.0,0.5,3.281595890286832,1.8115175655474147
134.0,0.16,36.0,0.5,3.2699263320928966,1.8082937626649318
135.0,0.16,36.0,0.5,3.2583866769659338,1.8051001847448618
136.0,0.16,36.0,0.5,3.246974532565159,1.8019363286656827
137.0,0.16,36.0,0.5,3.2356875677803396,1.7988017032959303
138.0,0.16,36.0,0.5,3.2245235107314953,1.7956958291234892
139.0,0.16,36.0,0.5,3.2134801468478957,1.7926182378989386
140.0,0.16,36.0,0.5,3.20255531702266,1.7895684722923177
141.0,0.16,36.0,0.5,3.1917469158394685,1.7865460855627173
142.0,0.16,36.0,0.5,3.1810528898680808,1.7835506412401305
143.0,0.16,36.0,0.5,3.1704712360255267,1.7805817128190233
144.0,0.16,36.0,0.5,3.16,1.7776388834631178
145.0,0.16,36.0,0.5,3.149637274734639,1.7747217457209
146.0,0.16,36.0,0.5,3.1393811989685245,1.771829901251394
147.0,0.16,36.0,0.5,3.1292299558323613,1.768962960559763
148.0,0.16,36.0,0.5,3.1191817714964314,1.7661205427423212
149.0,0.16,36.0,0.5,3.109234913868546,1.763302275240563
150.0,0.16,36.0,0.5,3.099387691339814,1.7605077936038267
151.0,0.16,36.0,0.5,3.089638451576174,1.7577367412602418
152.0,0.16,36.0,0.5,3.079985580353726,1.7549887692956119
153.0,0.16,36.0,0.5,3.070427500435996,1.7522635362399106
154.0,0.16,36.0,0.5,3.060962670491369,1.7495607078610815
155.0,0.16,36.0,0.5,3.051589584048996,1.746879956965846
156.0,0.16,36.0,0.5,3.0423067684915686,1.7442209632072332
157.0,0.16,36.0,0.5,3.03311278408344,1.7415834128985725
158.0,0.16,36.0,0.5,3.0240062230326283,1.7389669988336836
159.0,0.16,36.0,0.5,3.014985708585319,1.7363714201130238
160.0,0.16,36.0,0.5,3.0060498941515412,1.7337963819755597
161.0,0.16,36.0,0.5,2.9971974624607625,1.7312415956361384
162.0,0.16,36.0,0.5,2.9884271247461904,1.7287067781281447
163.0,0.16,36.0,0.5,2.9797376199566465,1.7261916521512455
164.0,0.16,36.0,0.5,2.9711277139949095,1.7236959459240222
165.0,0.16,36.0,0.5,2.962596198981483,1.7212193930413062
166.0,0.16,36.0,0.5,2.9541418925427982,1.7187617323360438
167.0,0.16,36.0,0.5,2.9457636371228926,1.7163227077455139
168.0,0.16,36.0,0.5,2.9374602993176544,1.7139020681817425
169.0,0.16,36.0,0.5,2.9292307692307693,1.7114995674059545
170.0,0.16,36.0,0.5,2.9210739598505335,1.7091149639069145
171.0,0.16,36.0,0.5,2.9129888064467413,1.7067480207830157
172.0,0.16,36.0,0.5,2.9049742659868842,1.704398505627978
173.0,0.16,36.0,0.5,2.89702931657094,1.7020661904200258
174.0,0.16,36.0,0.5,2.889152956884052,1.699750851414422
175.0,0.16,36.0,0.5,2.8813442056664362,1.6974522690392317
176.0,0.16,36.0,0.5,2.873602101199873,1.6951702277942098
177.0,0.16,36.0,0.5,2.865925700810184,1.692904516152693
178.0,0.16,36.0,0.5,2.8583140803851013,1.690654926466398
179.0,0.16,36.0,0.5,2.8507663339069693,1.6884212548730158
180.0,0.16,36.0,0.5,2.843281572999748,1.6862033012065145
181.0,0.16,36.0,0.5,2.835858926489799,1.6840008689100487
182.0,0.16,36.0,0.5,2.8284975399799643,1.6818137649513885
183.0,0.16,36.0,0.5,2.8211965754364625,1.6796417997407849
184.0,0.16,36.0,0.5,2.8139552107881487,1.6774847870511818
185.0,0.16,36.0,0.5,2.8067726395377077,1.6753425439407035
186.0,0.16,36.0,0.5,2.7996480703843596,1.673214890677333
187.0,0.16,36.0,0.5,2.7925807268576706,1.671101650665713
188.0,0.16,36.0,0.5,2.7855698469621024,1.669002650375997
189.0,0.16,36.0,0.5,2.7786146828319085,1.6669177192746822
190.0,0.16,36.0,0.5,2.771714500396042,1.6648466897573608
191.0,0.16,36.0,0.5,2.764868579052718,1.6627893970833223
192.0,0.16,36.0,0.5,2.758076211353316,1.6607456793119517
193.0,0.16,36.0,0.5,2.7513367026953004,1.6587153772408636
194.0,0.16,36.0,0.5,2.7446493710238573,1.6566983343457122
195.0,0.16,36.0,0.5,2.7380135465419584,1.6546943967216299
196.0,0.16,36.0,0.5,2.7314285714285718,1.6527034130262368
197.0,0.16,36.0,0.5,2.7248937995647475,1.650725234424175
198.0,0.16,36.0,0.5,2.7184085962673254,1.648759714533117
199.0,0.16,36.0,0.5,2.711972338030009,1.6468067093712029
200.0,0.16,36.0,0.5,2.705584412271571,1.6448660773058612
201.0,0.16,36.0,0.5,2.699244217090954,1.6429376790039705
202.0,0.16,36.0,0.5,2.692951161029051,1.6410213773833207
203.0,0.16,36.0,0.5,2.6867046628369473,1.6391170375653312
204.0,0.16,36.0,0.5,2.6805041512504175,1.6372245268289922
205.0,0.16,36.0,0.5,2.6743490647704817,1.6353437145659875
206.0,0.16,36.0,0.5,2.6682388514498236,1.6334744722369627
207.0,0.16,36.0,0.5,2.662172968684897,1.6316166733289095
208.0,0.16,36.0,0.5,2.6561508830135314,1.6297701933136253
209.0,0.16,36.0,0.5,2.650172069917869,1.6279349096072204
210.0,0.16,36.0,0.5,2.6442360136324754,1.6261107015306415
211.0,0.16,36.0,0.5,2.6383422069574514,1.6242974502711784
212.0,0.16,36.0,0.5,2.6324901510764027,1.6224950388449275
213.0,0.16,36.0,0.5,2.6266793553791143,1.6207033520601832
214.0,0.16,36.0,0.5,2.6209093372887877,1.6189222764817301
215.0,0.16,36.0,0.5,2.615179622093705,1.6171517003960094
216.0,0.16,36.0,0.5,2.609489742783178,1.6153915137771333
217.0,0.16,36.0,0.5,2.603839239887671,1.613641608253726
218.0,0.16,36.0,0.5,2.598227661322947,1.611901877076563
219.0,0.16,36.0,0.5,2.5926545622381494,1.6101722150869917
220.0,0.16,36.0,0.5,2.5871195048676716,1.608452518686104
221.0,0.16,36.0,0.5,2.581622058386725,1.6067426858046452
222.0,0.16,36.0,0.5,2.576161798770488,1.605042615873637
223.0,0.16,36.0,0.5,2.5707383086567304,1.6033522097956925
224.0,0.16,36.0,0.5,2.5653511772118196,1.6016713699170062
225.0,0.16,36.0,0.5,2.56,1.6
226.0,0.16,36.0,0.5,2.5546843788558617,1.5983380051966047
227.0,0.16,36.0,0.5,2.5494039217598994,1.5966852920221628
228.0,0.16,36.0,0.5,2.544158242717079,1.5950417683299327
229.0,0.16,36.0,0.5,2.5389469616383233,1.5934073432861804
230.0,0.16,36.0,0.5,2.5337697042248335,1.591781927345839
231.0,0.16,36.0,0.5,2.5286261018551683,1.590165432228725
232.0,0.16,36.0,0.5,2.523515791475006,1.5885577708962952
233.0,0.16,36.0,0.5,2.5184384154895065,1.5869588575289237
234.0,0.16,36.0,0.5,2.5133936216582082,1.5853686075036961
235.0,0.16,36.0,0.5,2.508381062992392,1.5837869373726985
236.0,0.16,36.0,0.5,2.50340039765483,1.5822137648417895
237.0,0.16,36.0,0.5,2.4984512888618715,1.5806490087498462
238.0,0.16,36.0,0.5,2.493533404787792,1.5790925890484675
239.0,0.16,36.0,0.5,2.4886464184713435,1.577544426782125
240.0,0.16,36.0,0.5,2.4837900077244504,1.5760044440687502
241.0,0.16,36.0,0.5,2.4789638550429913,1.5744725640807435
242.0,0.16,36.0,0.5,2.4741676475196104,1.572948711026399
243.0,0.16,36.0,0.5,2.469401076758503,1.5714328101317292
244.0,0.16,36.0,0.5,2.4646638387921276,1.5699247876226834
245.0,0.16,36.0,0.5,2.4599556339997837,1.568424570707748
246.0,0.16,36.0,0.5,2.455276167028018,1.5669320875609185
247.0,0.16,36.0,0.5,2.4506251467128,1.5654472673050346
248.0,0.16,36.0,0.5,2.446002286003429,1.563970039995469
249.0,0.16,36.0,0.5,2.4414073018881206,1.5625003366041623
250.0,0.16,36.0,0.5,2.4368399153212335,1.5610380890039914
251.0,0.16,36.0,0.5,2.4322998511520915,1.559583229953468
252.0,0.16,36.0,0.5,2.4277868380553635,1.5581356930817558
253.0,0.16,36.0,0.5,2.4233006084629536,1.556695412874
254.0,0.16,36.0,0.5,2.418840898497371,1.55526232465696
255.0,0.16,36.0,0.5,2.4144074479065383,1.5538363645849387
256.0,0.16,36.0,0.5,2.41,1.5524174696260025
257.0,0.16,36.0,0.5,2.4056183015864994,1.5510055775484817
258.0,0.16,36.0,0.5,2.4012621029128853,1.5496006269077478
259.0,0.16,36.0,0.5,2.39693115760432,1.5482025570332585
260.0,0.16,36.0,0.5,2.3926252226057523,1.5468113080158654
261.0,0.16,36.0,0.5,2.388344058124623,1.5454268206953776
262.0,0.16,36.0,0.5,2.3840874275747757,1.5440490366483752
263.0,0.16,36.0,0.5,2.379855097521547,1.5426778981762677
264.0,0.16,36.0,0.5,2.3756468376279893,1.5413133482935875
265.0,0.16,36.0,0.5,2.3714624206022243,1.5399553307165192
266.0,0.16,36.0,0.5,2.3673016221458774,1.5386037898516556
267.0,0.16,36.0,0.5,2.3631642209035766,1.5372586707849711
268.0,0.16,36.0,0.5,2.3590499984134943,1.5359199192710193
269.0,0.16,36.0,0.5,2.3549587390588926,1.5345874817223333
270.0,0.16,36.0,0.5,2.350890230020665,1.5332613051990405
271.0,0.16,36.0,0.5,2.3468442612308333,1.5319413373986726
272.0,0.16,36.0,0.5,2.342820625326997,1.5306275266461782
273.0,0.16,36.0,0.5,2.338819117607689,1.529319821884124
274.0,0.16,36.0,0.5,2.334839535988637,1.5280181726630861
275.0,0.16,36.0,0.5,2.330881680959898,1.526722529132225
276.0,0.16,36.0,0.5,2.3269453555438457,1.5254328420300403
277.0,0.16,36.0,0.5,2.3230303652539948,1.5241490626752998
278.0,0.16,36.0,0.5,2.319136518054642,1.5228711429581434
279.0,0.16,36.0,0.5,2.315263624321299,1.5215990353313513
280.0,0.16,36.0,0.5,2.3114114968019086,1.520332692801779
281.0,0.16,36.0,0.5,2.307579950578817,1.5190720689219512
282.0,0.16,36.0,0.5,2.3037688030314896,1.517817117781813
283.0,0.16,36.0,0.5,2.299977873799951,1.5165677940006344
284.0,0.16,36.0,0.5,2.296206984748936,1.5153240527190663
285.0,0.16,36.0,0.5,2.2924559599327323,1.5140858495913407
286.0,0.16,36.0,0.5,2.2887246255606977,1.5128531407776162
287.0,0.16,36.0,0.5,2.285012809963439,1.5116258829364622
288.0,0.16,36.0,0.5,2.281320343559643,1.5104040332174842
289.0,0.16,36.0,0.5,2.2776470588235296,1.5091875492540778
290.0,0.16,36.0,0.5,2.2739927902529327,1.5079763891563198
291.0,0.16,36.0,0.5,2.2703573743379772,1.5067705115039838
292.0,0.16,36.0,0.5,2.2667406495303504,1.5055698753396836
293.0,0.16,36.0,0.5,2.2631424562131497,1.5043744401621393
294.0,0.16,36.0,0.5,2.2595626366712955,1.5031841659195642
295.0,0.16,36.0,0.5,2.2560010350624955,1.5019990130031695
296.0,0.16,36.0,0.5,2.2524574973887472,1.5008189422407845
297.0,0.16,36.0,0.5,2.248931871468374,1.4996439148905896
298.0,0.16,36.0,0.5,2.2454240069085722,1.4984738926349608
299.0,0.16,36.0,0.5,2.241933755078465,1.4973088375744215
300.0,0.16,36.0,0.5,2.2384609690826527,1.4961487122217005
301.0,0.16,36.0,0.5,2.235005503735246,1.4949934794958961
302.0,0.16,36.0,0.5,2.23156721553437,1.4938431027167378
303.0,0.16,36.0,0.5,2.228145962637134,1.4926975455989515
304.0,0.16,36.0,0.5,2.2247416048350557,1.4915567722467207
305.0,0.16,36.0,0.5,2.221354003529926,1.4904207471482427
306.0,0.16,36.0,0.5,2.2179830217101064,1.489289435170379
307.0,0.16,36.0,0.5,2.2146285239272587,1.488162801553398
308.0,0.16,36.0,0.5,2.211290376273483,1.4870408119058074
309.0,0.16,36.0,0.5,2.2079684463588674,1.485923432199273
310.0,0.16,36.0,0.5,2.2046626032894334,1.4848106287636256
311.0,0.16,36.0,0.5,2.201372717645474,1.4837023682819523
312.0,0.16,36.0,0.5,2.198098661460272,1.4825986177857688
313.0,0.16,36.0,0.5,2.1948403081991974,1.481499344650276
314.0,0.16,36.0,0.5,2.1915975327391615,1.4804045165896926
315.0,0.16,36.0,0.5,2.18837021134844,1.4793141016526679
316.0,0.16,36.0,0.5,2.185158221666843,1.478228068217771
317.0,0.16,36.0,0.5,2.1819614426862297,1.4771463849890538
318.0,0.16,36.0,0.5,2.1787797547313597,1.4760690209916878
319.0,0.16,36.0,0.5,2.1756130394410755,1.4749959455676735
320.0,0.16,36.0,0.5,2.172461179749811,1.4739271283716202
321.0,0.16,36.0,0.5,2.1693240598694112,1.472862539366594
322.0,0.16,36.0,0.5,2.1662015652712703,1.4718021488200344
323.0,0.16,36.0,0.5,2.163093582668766,1.4707459272997379
324.0,0.16,36.0,0.5,2.16,1.469693845669907
325.0,0.16,36.0,0.5,2.156920706410825,1.4686458750872604
326.0,0.16,36.0,0.5,2.153855592238161,1.4676019869972106
327.0,0.16,36.0,0.5,2.150804548993592,1.466562153130099
328.0,0.16,36.0,0.5,2.1477674693472375,1.4655263454974932
329.0,0.16,36.0,0.5,2.1447442471118965,1.464494536388544
330.0,0.16,36.0,0.5,2.141734777227449,1.463466698366399
331.0,0.16,36.0,0.5,2.138738955745526,1.4624428042646749
332.0,0.16,36.0,0.5,2.1357566798144263,1.461422827183983
333.0,0.16,36.0,0.5,2.1327878476642876,1.4604067404885146
334.0,0.16,36.0,0.5,2.129832358592498,1.4593945178026735
335.0,0.16,36.0,0.5,2.126890112949351,1.458386133007768
336.0,0.16,36.0,0.5,2.1239610121239316,1.4573815602387494
337.0,0.16,36.0,0.5,2.121044958530236,1.4563807738810053
338.0,0.16,36.0,0.5,2.1181418555935165,1.4553837485672005
339.0,0.16,36.0,0.5,2.1152516077368464,1.4543904591741676
340.0,0.16,36.0,0.5,2.112374120367906,1.4534008808198466
341.0,0.16,36.0,0.5,2.1095092998659766,1.4524149888602695
342.0,0.16,36.0,0.5,2.1066570535691507,1.4514327588865943
343.0,0.16,36.0,0.5,2.1038172897617398,1.4504541667221822
344.0,0.16,36.0,0.5,2.1009899176618916,1.4494791884197205
345.0,0.16,36.0,0.5,2.0981748474093957,1.4485078002583887
346.0,0.16,36.0,0.5,2.0953719900536933,1.4475399787410685
347.0,0.16,36.0,0.5,2.092581257542068,1.4465757005915965
348.0,0.16,36.0,0.5,2.0898025627080306,1.4456149427520562
349.0,0.16,36.0,0.5,2.087035819259881,1.4446576823801136
350.0,0.16,36.0,0.5,2.0842809417694554,1.4437038968463913
351.0,0.16,36.0,0.5,2.0815378456610456,1.442753563731882
352.0,0.16,36.0,0.5,2.0788064472004937,1.4418066608254012
353.0,0.16,36.0,0.5,2.076086663484458,1.4408631661210782
354.0,0.16,36.0,0.5,2.073378412429842,1.4399230578158828
355.0,0.16,36.0,0.5,2.0706816127633907,1.43898631430719
356.0,0.16,36.0,0.5,2.0679961840114482,1.4380529141903813
357.0,0.16,36.0,0.5,2.065322046489867,1.4371228362564792
358.0,0.16,36.0,0.5,2.0626591212940837,1.436196059489819
359.0,0.16,36.0,0.5,2.0600073302893342,1.4352725630657523
360.0,0.16,36.0,0.5,2.0573665961010277,1.4343523263483864
361.0,0.16,36.0,0.5,2.054736842105263,1.4334353288883537
362.0,0.16,36.0,0.5,2.0521179924194923,1.4325215504206184
363.0,0.16,36.0,0.5,2.049509971893321,1.4316109708623084
364.0,0.16,36.0,0.5,2.046912706099453,1.4307035703105844
365.0,0.16,36.0,0.5,2.0443261213247697,1.4297993290405369
366.0,0.16,36.0,0.5,2.04175014456154,1.4288982275031137
367.0,0.16,36.0,0.5,2.03918470349877,1.4280002463230774
368.0,0.16,36.0,0.5,2.0366297265136732,1.4271053662969926
369.0,0.16,36.0,0.5,2.034085142663273,1.4262135683912396
370.0,0.16,36.0,0.5,2.031550881676131,1.4253248337400604
371.0,0.16,36.0,0.5,2.029026873944194,1.4244391436436286
372.0,0.16,36.0,0.5,2.0265130505147657,1.4235564795661484
373.0,0.16,36.0,0.5,2.0240093430825916,1.4226768231339793
374.0,0.16,36.0,0.5,2.021515683982069,1.4218001561337898
375.0,0.16,36.0,0.5,2.01903200617956,1.4209264605107332
376.0,0.16,36.0,0.5,2.016558243265828,1.420055718366652
377.0,0.16,36.0,0.5,2.014094329448577,1.4191879119583062
378.0,0.16,36.0,0.5,2.011640199545103,1.418323023695626
379.0,0.16,36.0,0.5,2.0091957889750507,1.4174610361399889
380.0,0.16,36.0,0.5,2.0067610337532775,1.4166019320025218
381.0,0.16,36.0,0.5,2.004335870482816,1.4157456941424247
382.0,0.16,36.0,0.5,2.001920236347943,1.4148923055653186
383.0,0.16,36.0,0.5,1.9995140691073456,1.4140417494216164
384.0,0.16,36.0,0.5,1.9971173070873836,1.4131940090049149
385.0,0.16,36.0,0.5,1.994729889175452,1.4123490677504098
386.0,0.16,36.0,0.5,1.9923517548134353,1.4115069092333326
387.0,0.16,36.0,0.5,1.989982843991256,1.4106675171674068
388.0,0.16,36.0,0.5,1.9876230972405144,1.4098308754033282
389.0,0.16,36.0,0.5,1.9852724556282175,1.4089969679272618
390.0,0.16,36.0,0.5,1.9829308607506,1.4081657788593642
391.0,0.16,36.0,0.5,1.9805982547270249,1.4073372924523193
392.0,0.16,36.0,0.5,1.9782745801939792,1.4065114930898999
393.0,0.16,36.0,0.5,1.9759597802991458,1.4056883652855443
394.0,0.16,36.0,0.5,1.973653798695562,1.4048678936809547
395.0,0.16,36.0,0.5,1.9713565795358592,1.4040500630447117
396.0,0.16,36.0,0.5,1.9690680674665817,1.4032348582709102
397.0,0.16,36.0,0.5,1.966788207622584,1.40242226437781
398.0,0.16,36.0,0.5,1.9645169456215077,1.401612266506507
399.0,0.16,36.0,0.5,1.962254227558332,1.400804849919621
400.0,0.16,36.0,0.5,1.96,1.4
401.0,0.16,36.0,0.5,1.9577542099801202,1.3991977022494426
402.0,0.16,36.0,0.5,1.955516804993739,1.3983979422874373
403.0,0.16,36.0,0.5,1.9532877329921843,1.3976007058499162
404.0,0.16,36.0,0.5,1.9510669423779805,1.3968059787880278
405.0,0.16,36.0,0.5,1.9488543819998316,1.3960137470669234
406.0,0.16,36.0,0.5,1.9466500011476742,1.3952239967645605
407.0,0.16,36.0,0.5,1.9444537495477947,1.394436714070522
408.0,0.16,36.0,0.5,1.9422655773580138,1.393651885284849
409.0,0.16,36.0,0.5,1.9400854351629355,1.3928694968168898
410.0,0.16,36.0,0.5,1.9379132739692613,1.3920895351841638
411.0,0.16,36.0,0.5,1.935749045201164,1.3913119870112398
412.0,0.16,36.0,0.5,1.9335927006957276,1.3905368390286277
413.0,0.16,36.0,0.5,1.9314441926984423,1.3897640780716856
414.0,0.16,36.0,0.5,1.9293034738587655,1.3889936910795404
415.0,0.16,36.0,0.5,1.9271704972257375,1.3882256650940212
416.0,0.16,36.0,0.5,1.9250452162436564,1.387459987258608
417.0,0.16,36.0,0.5,1.9229275847478102,1.3866966448173912
418.0,0.16,36.0,0.5,1.9208175569602666,1.3859356251140478
419.0,0.16,36.0,0.5,1.9187150874857133,1.3851769155908256
420.0,0.16,36.0,0.5,1.9166201313073596,1.384420503787545
421.0,0.16,36.0,0.5,1.9145326437828856,1.3836663773406093
422.0,0.16,36.0,0.5,1.9124525806404475,1.382914523982031
423.0,0.16,36.0,0.5,1.9103798979747344,1.3821649315384668
424.0,0.16,36.0,0.5,1.9083145522430753,1.3814175879302664
425.0,0.16,36.0,0.5,1.9062565002615972,1.3806724811705335
426.0,0.16,36.0,0.5,1.9042056992014331,1.379929599364197
427.0,0.16,36.0,0.5,1.902162106584978,1.3791889307070944
428.0,0.16,36.0,0.5,1.9001256802821942,1.3784504634850663
429.0,0.16,36.0,0.5,1.8980963785069631,1.3777141860730633
430.0,0.16,36.0,0.5,1.8960741598134836,1.3769800869342605
431.0,0.16,36.0,0.5,1.8940589830927168,1.3762481546191867
432.0,0.16,36.0,0.5,1.8920508075688771,1.3755183777648619
433.0,0.16,36.0,0.5,1.8900495927959657,1.3747907450939454
434.0,0.16,36.0,0.5,1.8880552986543495,1.3740652454138957
435.0,0.16,36.0,0.5,1.886067885347383,1.3733418676161384
436.0,0.16,36.0,0.5,1.8840873133980724,1.3726206006752457
437.0,0.16,36.0,0.5,1.8821135436457834,1.371901433648126
438.0,0.16,36.0,0.5,1.8801465372429877,1.3711843556732215
439.0,0.16,36.0,0.5,1.8781862556520514,1.3704693559697172
440.0,0.16,36.0,0.5,1.876232660642066,1.3697564238367588
441.0,0.16,36.0,0.5,1.874285714285714,1.3690455486526787
442.0,0.16,36.0,0.5,1.8723453789561786,1.3683367198742342
443.0,0.16,36.0,0.5,1.8704116173240877,1.3676299270358512
444.0,0.16,36.0,0.5,1.8684843923544983,1.366925159748879
445.0,0.16,36.0,0.5,1.8665636673039179,1.3662224077008538
446.0,0.16,36.0,0.5,1.8646494057173622,1.3655216606547704
447.0,0.16,36.0,0.5,1.8627415714254476,1.3648229084483625
448.0,0.16,36.0,0.5,1.8608401285415224,1.3641261409933916
449.0,0.16,36.0,0.5,1.8589450414588313,1.3634313482749438
450.0,0.16,36.0,0.5,1.857056274847714,1.3627385203507363
451.0,0.16,36.0,0.5,1.8551737936528399,1.3620476473504295
452.0,0.16,36.0,0.5,1.8532975630904749,1.3613587194749497
453.0,0.16,36.0,0.5,1.8514275486457823,1.3606717269958182
454.0,0.16,36.0,0.5,1.8495637160701555,1.3599866602544877
455.0,0.16,36.0,0.5,1.8477060313785834,1.3593035096616883
456.0,0.16,36.0,0.5,1.845854460847049,1.358622265696779
457.0,0.16,36.0,0.5,1.8440089710099568,1.3579429189071082
458.0,0.16,36.0,0.5,1.8421695286575919,1.3572654599073801
459.0,0.16,36.0,0.5,1.8403361008336117,1.35658987937903
460.0,0.16,36.0,0.5,1.8385086548325649,1.3559161680696064
461.0,0.16,36.0,0.5,1.8366871581974402,1.3552443167921568
462.0,0.16,36.0,0.5,1.8348715787172474,1.3545743164246278
463.0,0.16,36.0,0.5,1.8330618844246231,1.3539061579092633
464.0,0.16,36.0,0.5,1.8312580435934669,1.353239832252017
465.0,0.16,36.0,0.5,1.8294600247366057,1.352575330521966
466.0,0.16,36.0,0.5,1.827667796603486,1.3519126438507356
467.0,0.16,36.0,0.5,1.825881328177891,1.3512517634319265
468.0,0.16,36.0,0.5,1.8241005886756871,1.350592680520551
469.0,0.16,36.0,0.5,1.8223255475425966,1.3499353864324755
470.0,0.16,36.0,0.5,1.820556174451993,1.3492798725438666
471.0,0.16,36.0,0.5,1.8187924393027288,1.3486261302906484
472.0,0.16,36.0,0.5,1.817034312216982,1.34797415116796
473.0,0.16,36.0,0.5,1.8152817635381302,1.3473239267296229
474.0,0.16,36.0,0.5,1.8135347638286512,1.346675448587614
475.0,0.16,36.0,0.5,1.8117932838680446,1.3460287084115423
476.0,0.16,36.0,0.5,1.8100572946507802,1.345383697928134
477.0,0.16,36.0,0.5,1.8083267673842682,1.344740408920721
478.0,0.16,36.0,0.5,1.8066016734868535,1.3440988332287376
479.0,0.16,36.0,0.5,1.8048819845858337,1.343458962747219
480.0,0.16,36.0,0.5,1.8031676725154981,1.34282078942631
481.0,0.16,36.0,0.5,1.8014587093151915,1.3421843052707745
482.0,0.16,36.0,0.5,1.799755067227397,1.3415495023395136
483.0,0.16,36.0,0.5,1.798056718695844,1.3409163727450881
484.0,0.16,36.0,0.5,1.7963636363636364,1.3402849086532447
485.0,0.16,36.0,0.5,1.7946757930713992,1.3396551022824492
486.0,0.16,36.0,0.5,1.792993161855452,1.3390269459034243
487.0,0.16,36.0,0.5,1.7913157159459976,1.3384004318386922
488.0,0.16,36.0,0.5,1.7896434287653333,1.337775552462121
489.0,0.16,36.0,0.5,1.7879762739260843,1.3371523001984793
490.0,0.16,36.0,0.5,1.7863142252294522,1.336530667522991
491.0,0.16,36.0,0.5,1.784657256663487,1.3359106469608988
492.0,0.16,36.0,0.5,1.7830053424013779,1.3352922310870299
493.0,0.16,36.0,0.5,1.7813584567997618,1.3346754125253681
494.0,0.16,36.0,0.5,1.779716574397051,1.3340601839486295
495.0,0.16,36.0,0.5,1.778079669911781,1.3334465380778417
496.0,0.16,36.0,0.5,1.7764477182409741,1.3328344676819301
497.0,0.16,36.0,0.5,1.7748206944585236,1.3322239655773063
498.0,0.16,36.0,0.5,1.773198573813595,1.3316150246274614
499.0,0.16,36.0,0.5,1.7715813317290428,1.3310076377425648
500.0,0.16,36.0,0.5,1.7699689437998485,1.330401797879065
501.0,0.16,36.0,0.5,1.768361385791573,1.3297974980392966
502.0,0.16,36.0,0.5,1.7667586336388263,1.3291947312710906
503.0,0.16,36.0,0.5,1.7651606634437553,1.3285934906673882
504.0,0.16,36.0,0.5,1.7635674514745463,1.3279937693658606
505.0,0.16,36.0,0.5,1.761978974163945,1.3273955605485297
506.0,0.16,36.0,0.5,1.7603952081077934,1.3267988574413958
507.0,0.16,36.0,0.5,1.7588161300635792,1.3262036533140675
508.0,0.16,36.0,0.5,1.7572417169490049,1.325609941479395
509.0,0.16,36.0,0.5,1.7556719458405705,1.325017715293109
510.0,0.16,36.0,0.5,1.7541067939721715,1.324426968153462
511.0,0.16,36.0,0.5,1.7525462387337118,1.323837693500873
512.0,0.16,36.0,0.5,1.7509902576697318,1.3232498848175773
513.0,0.16,36.0,0.5,1.7494388284780524,1.3226635356272782
514.0,0.16,36.0,0.5,1.7478919290084312,1.3220786394948036
515.0,0.16,36.0,0.5,1.7463495372612343,1.3214951900257657
516.0,0.16,36.0,0.5,1.7448116313861228,1.320913180866223
517.0,0.16,36.0,0.5,1.7432781896807528,1.3203326057023483
518.0,0.16,36.0,0.5,1.7417491905894884,1.319753458260098
519.0,0.16,36.0,0.5,1.7402246127021295,1.319175732304885
520.0,0.16,36.0,0.5,1.7387044347526526,1.318599421641255
521.0,0.16,36.0,0.5,1.7371886356179647,1.3180245201125678
522.0,0.16,36.0,0.5,1.7356771943166704,1.317451021600678
523.0,0.16,36.0,0.5,1.7341700900078536,1.316878920025624
524.0,0.16,36.0,0.5,1.7326673019898682,1.3163082093453145
525.0,0.16,36.0,0.5,1.731168809699145,1.315738883555223
526.0,0.16,36.0,0.5,1.7296745927090105,1.3151709366880833
527.0,0.16,36.0,0.5,1.7281846307285154,1.3146043628135864
528.0,0.16,36.0,0.5,1.7266989036012805,1.3140391560380842
529.0,0.16,36.0,0.5,1.7252173913043478,1.3134753105042927
530.0,0.16,36.0,0.5,1.7237400739470496,1.3129128203909999
531.0,0.16,36.0,0.5,1.7222669317698862,1.3123516799127763
532.0,0.16,36.0,0.5,1.7207979451434159,1.3117918833196887
533.0,0.16,36.0,0.5,1.7193330945671559,1.311233424897015
534.0,0.16,36.0,0.5,1.7178723606684956,1.3106762989649638
535.0,0.16,36.0,0.5,1.716415724201621,1.310120499878397
536.0,0.16,36.0,0.5,1.7149631660464482,1.3095660220265521
537.0,0.16,36.0,0.5,1.713514667207571,1.3090128598327715
538.0,0.16,36.0,0.5,1.7120702088132167,1.3084610077542307
539.0,0.16,36.0,0.5,1.7106297721142127,1.3079104602816711
540.0,0.16,36.0,0.5,1.7091933384829667,1.307361211939136
541.0,0.16,36.0,0.5,1.7077608894124519,1.3068132572837068
542.0,0.16,36.0,0.5,1.706332406515208,1.306266590905244
543.0,0.16,36.0,0.5,1.7049078715223482,1.305721207426129
544.0,0.16,36.0,0.5,1.7034872662825793,1.3051771015010105
545.0,0.16,36.0,0.5,1.7020705727612295,1.3046342678165515
546.0,0.16,36.0,0.5,1.7006577730392862,1.3040927010911787
547.0,0.16,36.0,0.5,1.6992488493124458,1.3035523960748359
548.0,0.16,36.0,0.5,1.6978437838901697,1.3030133475487384
549.0,0.16,36.0,0.5,1.6964425591947516,1.3024755503251306
550.0,0.16,36.0,0.5,1.6950451577603949,1.3019389992470443
551.0,0.16,36.0,0.5,1.6936515622322978,1.301403689188062
552.0,0.16,36.0,0.5,1.6922617553657475,1.3008696150520802
553.0,0.16,36.0,0.5,1.6908757200252242,1.3003367717730758
554.0,0.16,36.0,0.5,1.6894934391835144,1.2998051543148743
555.0,0.16,36.0,0.5,1.6881148959208319,1.2992747576709216
556.0,0.16,36.0,0.5,1.6867400734239477,1.2987455768640552
557.0,0.16,36.0,0.5,1.6853689549853288,1.2982176069462812
558.0,0.16,36.0,0.5,1.684001524002286,1.2976908429985494
559.0,0.16,36.0,0.5,1.6826377639761287,1.2971652801305347
560.0,0.16,36.0,0.5,1.6812776585113298,1.2966409134804169
561.0,0.16,36.0,0.5,1.6799211913146967,1.2961177382146643
562.0,0.16,36.0,0.5,1.6785683461945522,1.2955957495278194
563.0,0.16,36.0,0.5,1.6772191070599223,1.2950749426422867
564.0,0.16,36.0,0.5,1.675873457919734,1.2945553128081217
565.0,0.16,36.0,0.5,1.6745313828820163,1.2940368553028219
566.0,0.16,36.0,0.5,1.6731928661531148,1.2935195654311205
567.0,0.16,36.0,0.5,1.6718578920369087,1.2930034385247817
568.0,0.16,36.0,0.5,1.6705264449340402,1.2924884699423977
569.0,0.16,36.0,0.5,1.6691985093411466,1.2919746550691877
570.0,0.16,36.0,0.5,1.6678740698501036,1.291461989316799
571.0,0.16,36.0,0.5,1.6665531111472738,1.2909504681231088
572.0,0.16,36.0,0.5,1.6652356180127632,1.2904400869520303
573.0,0.16,36.0,0.5,1.6639215753196845,1.289930841293317
574.0,0.16,36.0,0.5,1.662610968033428,1.2894227266623728
575.0,0.16,36.0,0.5,1.6613037812109381,1.28891573860006
576.0,0.16,36.0,0.5,1.66,1.2884098726725126
577.0,0.16,36.0,0.5,1.6586996096385278,1.2879051244709478
578.0,0.16,36.0,0.5,1.6574025954538654,1.287401489611483
579.0,0.16,36.0,0.5,1.6561089428620888,1.2868989637349502
580.0,0.16,36.0,0.5,1.6548186373673193,1.2863975425067165
581.0,0.16,36.0,0.5,1.65353166456104,1.2858972216165023
582.0,0.16,36.0,0.5,1.6522480101214208,1.2853979967782043
583.0,0.16,36.0,0.5,1.650967659812648,1.284899863729718
584.0,0.16,36.0,0.5,1.649690599484262,1.2844028182327623
585.0,0.16,36.0,0.5,1.6484168150705014,1.2839068560727065
586.0,0.16,36.0,0.5,1.6471462925896496,1.2834119730583977
587.0,0.16,36.0,0.5,1.6458790181433929,1.2829181650219912
588.0,0.16,36.0,0.5,1.6446149779161805,1.2824254278187799
589.0,0.16,36.0,0.5,1.6433541581745925,1.2819337573270284
590.0,0.16,36.0,0.5,1.642096545266713,1.2814431494478062
591.0,0.16,36.0,0.5,1.6408421256215087,1.2809536001048236
592.0,0.16,36.0,0.5,1.6395908857482155,1.2804651052442684
593.0,0.16,36.0,0.5,1.638342812235727,1.279977660834644
594.0,0.16,36.0,0.5,1.6370978917519927,1.2794912628666102
595.0,0.16,36.0,0.5,1.635856111043418,1.279005907352823
596.0,0.16,36.0,0.5,1.6346174569342728,1.278521590327779
597.0,0.16,36.0,0.5,1.6333819163261045,1.2780383078476578
598.0,0.16,36.0,0.5,1.6321494761971551,1.2775560559901686
599.0,0.16,36.0,0.5,1.6309201236017863,1.2770748308543969
600.0,0.16,36.0,0.5,1.6296938456699068,1.276594628560651
601.0,0.16,36.0,0.5,1.6284706296064075,1.276115445250314
602.0,0.16,36.0,0.5,1.6272504626906004,1.2756372770856927
603.0,0.16,36.0,0.5,1.6260333322756626,1.27516012024987
604.0,0.16,36.0,0.5,1.624819225788087,1.2746839709465585
605.0,0.16,36.0,0.5,1.6236081307271348,1.2742088253999557
606.0,0.16,36.0,0.5,1.6224000346642975,1.273734679854599
607.0,0.16,36.0,0.5,1.621194925242758,1.2732615305752224
608.0,0.16,36.0,0.5,1.619992790176863,1.2727893738466167
609.0,0.16,36.0,0.5,1.6187936172515938,1.2723182059734874
610.0,0.16,36.0,0.5,1.6175973943220487,1.2718480232803167
611.0,0.16,36.0,0.5,1.6164041093129229,1.2713788221112239
612.0,0.16,36.0,0.5,1.615213750217998,1.2709105988298304
613.0,0.16,36.0,0.5,1.6140263050996349,1.2704433498191232
614.0,0.16,36.0,0.5,1.6128417620882711,1.2699770714813206
615.0,0.16,36.0,0.5,1.6116601093819212,1.2695117602377384
616.0,0.16,36.0,0.5,1.6104813352456844,1.269047412528659
617.0,0.16,36.0,0.5,1.6093054280112542,1.2685840248131985
618.0,0.16,36.0,0.5,1.6081323760764334,1.2681215935691788
619.0,0.16,36.0,0.5,1.6069621679046533,1.2676601152929965
620.0,0.16,36.0,0.5,1.605794792024498,1.2671995864994976
621.0,0.16,36.0,0.5,1.6046302370292305,1.2667400037218493
622.0,0.16,36.0,0.5,1.6034684915763258,1.266281363511414
623.0,0.16,36.0,0.5,1.602309544387007,1.265823662437627
624.0,0.16,36.0,0.5,1.6011533842457841,1.26536689708787
625.0,0.16,36.0,0.5,1.5999999999999999,1.2649110640673518
626.0,0.16,36.0,0.5,1.5988493805593766,1.264456159998984
627.0,0.16,36.0,0.5,1.5977015148955689,1.2640021815232634
628.0,0.16,36.0,0.5,1.5965563920417198,1.2635491252981499
629.0,0.16,36.0,0.5,1.59541400109202,1.2630969879989502
630.0,0.16,36.0,0.5,1.5942743312012724,1.2626457663181991
631.0,0.16,36.0,0.5,1.5931373715844592,1.2621954569655442
632.0,0.16,36.0,0.5,1.592003111516314,1.26174605666763
633.0,0.16,36.0,0.5,1.5908715403308955,1.2612975621679825
634.0,0.16,36.0,0.5,1.5897426474211676,1.2608499702268972
635.0,0.16,36.0,0.5,1.588616422238581,1.2604032776213259
636.0,0.16,36.0,0.5,1.5874928542926594,1.2599574811447645
637.0,0.16,36.0,0.5,1.586371933150589,1.2595125776071427
638.0,0.16,36.0,0.5,1.5852536484368123,1.2590685638347152
639.0,0.16,36.0,0.5,1.5841379898326238,1.2586254366699505
640.0,0.16,36.0,0.5,1.5830249470757705,1.2581831929714251
641.0,0.16,36.0,0.5,1.5819145099600556,1.257741829613715
642.0,0.16,36.0,0.5,1.580806668334945,1.2573013434872904
643.0,0.16,36.0,0.5,1.5797014121051782,1.2568617314984087
644.0,0.16,36.0,0.5,1.578598731230381,1.2564229905690125
645.0,0.16,36.0,0.5,1.577498615724684,1.255985117636624
646.0,0.16,36.0,0.5,1.5764010556563406,1.255548109654242
647.0,0.16,36.0,0.5,1.5753060411473525,1.255111963590242
648.0,0.16,36.0,0.5,1.574213562373095,1.2546766764282722
649.0,0.16,36.0,0.5,1.5731236095619472,1.2542422451671555
650.0,0.16,36.0,0.5,1.572036172994925,1.2538086668207893
651.0,0.16,36.0,0.5,1.570951243005317,1.2533759384180458
652.0,0.16,36.0,0.5,1.5698688099783231,1.2529440570026753
653.0,0.16,36.0,0.5,1.568788864350698,1.2525130196332084
654.0,0.16,36.0,0.5,1.567711396610395,1.2520828233828603
655.0,0.16,36.0,0.5,1.5666363972962143,1.2516534653394342
656.0,0.16,36.0,0.5,1.5655638569974546,1.2512249426052273
657.0,0.16,36.0,0.5,1.5644937663535667,1.2507972522969366
658.0,0.16,36.0,0.5,1.5634261160538108,1.2503703915455655
659.0,0.16,36.0,0.5,1.5623608968369156,1.249944357496331
660.0,0.16,36.0,0.5,1.5612980994907413,1.2495191473085723
661.0,0.16,36.0,0.5,1.560237714851945,1.2490947581556593
662.0,0.16,36.0,0.5,1.559179733805649,1.248671187224903
663.0,0.16,36.0,0.5,1.558124147285111,1.2482484317174651
664.0,0.16,36.0,0.5,1.557070946271399,1.2478264888482689
665.0,0.16,36.0,0.5,1.5560201217930663,1.247405355845912
666.0,0.16,36.0,0.5,1.5549716649258314,1.2469850299525778
667.0,0.16,36.0,0.5,1.5539255667922593,1.2465655084239493
668.0,0.16,36.0,0.5,1.5528818185614461,1.2461467885291226
669.0,0.16,36.0,0.5,1.5518404114487063,1.245728867550522
670.0,0.16,36.0,0.5,1.5508013367152604,1.245311742783814
671.0,0.16,36.0,0.5,1.5497645856679292,1.2448954115378243
672.0,0.16,36.0,0.5,1.548730149658827,1.244479871134454
673.0,0.16,36.0,0.5,1.5476980200850594,1.244065118908596
674.0,0.16,36.0,0.5,1.5466681883884215,1.2436511522080544
675.0,0.16,36.0,0.5,1.5456406460551018,1.2432379683934616
676.0,0.16,36.0,0.5,1.5446153846153845,1.2428255648381974
677.0,0.16,36.0,0.5,1.5435923956433582,1.24241393892831
678.0,0.16,36.0,0.5,1.5425716707566235,1.2420030880624344
679.0,0.16,36.0,0.5,1.5415532016160052,1.2415930096517156
680.0,0.16,36.0,0.5,1.5405369799252666,1.2411837011197282
681.0,0.16,36.0,0.5,1.539522997430825,1.2407751599023995
682.0,0.16,36.0,0.5,1.5385112459214703,1.2403673834479325
683.0,0.16,36.0,0.5,1.5375017172280856,1.2399603692167285
684.0,0.16,36.0,0.5,1.5364944032233705,1.2395541146813118
685.0,0.16,36.0,0.5,1.5354892958215662,1.2391486173262536
686.0,0.16,36.0,0.5,1.5344863869781824,1.2387438746480979
687.0,0.16,36.0,0.5,1.5334856686897282,1.2383398841552864
688.0,0.16,36.0,0.5,1.532487132993442,1.2379366433680852
689.0,0.16,36.0,0.5,1.5314907719670268,1.2375341498185117
690.0,0.16,36.0,0.5,1.5304965777283857,1.2371324010502618
691.0,0.16,36.0,0.5,1.5295045424353602,1.2367313946186376
692.0,0.16,36.0,0.5,1.5285146582854698,1.2363311280904763
693.0,0.16,36.0,0.5,1.5275269175156554,1.2359315990440796
694.0,0.16,36.0,0.5,1.526541312402022,1.2355328050691419
695.0,0.16,36.0,0.5,1.5255578352595867,1.2351347437666818
696.0,0.16,36.0,0.5,1.524576478442026,1.2347374127489723
697.0,0.16,36.0,0.5,1.5235972343414264,1.2343408096394717
698.0,0.16,36.0,0.5,1.5226200953880362,1.2339449320727551
699.0,0.16,36.0,0.5,1.5216450540500208,1.2335497776944475
700.0,0.16,36.0,0.5,1.520672102833218,1.2331553441611556
701.0,0.16,36.0,0.5,1.5197012342808962,1.2327616291404013
702.0,0.16,36.0,0.5,1.5187324409735148,1.2323686303105557
703.0,0.16,36.0,0.5,1.5177657155284856,1.2319763453607726
704.0,0.16,36.0,0.5,1.5168010505999363,1.231584771990924
705.0,0.16,36.0,0.5,1.515838438878477,1.2311939079115348
706.0,0.16,36.0,0.5,1.5148778730909664,1.2308037508437186
707.0,0.16,36.0,0.5,1.5139193460002827,1.2304142985191138
708.0,0.16,36.0,0.5,1.5129628504050918,1.2300255486798197
709.0,0.16,36.0,0.5,1.5120083791396233,1.2296374990783354
710.0,0.16,36.0,0.5,1.5110559250734426,1.2292501474774948
711.0,0.16,36.0,0.5,1.5101054811112287,1.2288634916504064
712.0,0.16,36.0,0.5,1.5091570401925505,1.2284775293803913
713.0,0.16,36.0,0.5,1.5082105952916487,1.2280922584609222
714.0,0.16,36.0,0.5,1.5072661394172155,1.2277076766955624
715.0,0.16,36.0,0.5,1.5063236656121781,1.2273237818979057
716.0,0.16,36.0,0.5,1.5053831669534845,1.2269405718915176
717.0,0.16,36.0,0.5,1.5044446365518878,1.2265580445098747
718.0,0.16,36.0,0.5,1.5035080675517365,1.2261761975963066
719.0,0.16,36.0,0.5,1.5025734531307626,1.225795029003937
720.0,0.16,36.0,0.5,1.5016407864998738,1.2254145365956264
721.0,0.16,36.0,0.5,1.5007100609029456,1.2250347182439139
722.0,0.16,36.0,0.5,1.4997812696166162,1.2246555718309602
723.0,0.16,36.0,0.5,1.4988544059500832,1.2242770952484912
724.0,0.16,36.0,0.5,1.4979294632448994,1.223899286397741
725.0,0.16,36.0,0.5,1.4970064348747734,1.2235221431893961
726.0,0.16,36.0,0.5,1.4960853142453698,1.2231456635435412
727.0,0.16,36.0,0.5,1.4951660947941112,1.222769845389602
728.0,0.16,36.0,0.5,1.494248769989982,1.222394686666292
729.0,0.16,36.0,0.5,1.4933333333333332,1.2220201853215573
730.0,0.16,36.0,0.5,1.4924197783556894,1.2216463393125236
731.0,0.16,36.0,0.5,1.4915080986195564,1.2212731466054416
732.0,0.16,36.0,0.5,1.490598287718231,1.2209006051756348
733.0,0.16,36.0,0.5,1.489690339275612,1.2205287130074458
734.0,0.16,36.0,0.5,1.488784246946012,1.220157468094185
735.0,0.16,36.0,0.5,1.4878800044139715,1.2197868684380775
736.0,0.16,36.0,0.5,1.4869776053940742,1.2194169120502119
737.0,0.16,36.0,0.5,1.486077043630763,1.2190475969504895
738.0,0.16,36.0,0.5,1.4851783128981586,1.2186789211675726
739.0,0.16,36.0,0.5,1.4842814069998773,1.2183108827388343
740.0,0.16,36.0,0.5,1.4833863197688537,1.2179434797103081
741.0,0.16,36.0,0.5,1.482493045067161,1.217576710136639
742.0,0.16,36.0,0.5,1.4816015767858342,1.2172105720810324
743.0,0.16,36.0,0.5,1.4807119088446954,1.2168450636152062
744.0,0.16,36.0,0.5,1.4798240351921796,1.216480182819342
745.0,0.16,36.0,0.5,1.478937949805161,1.2161159277820355
746.0,0.16,36.0,0.5,1.4780536466887824,1.21575229660025
747.0,0.16,36.0,0.5,1.477171119876284,1.2153892873792675
748.0,0.16,36.0,0.5,1.4762903634288351,1.215026898232642
749.0,0.16,36.0,0.5,1.4754113714353652,1.2146651272821514
750.0,0.16,36.0,0.5,1.4745341380123986,1.214303972657752
751.0,0.16,36.0,0.5,1.4736586573038881,1.2139434324975311
752.0,0.16,36.0,0.5,1.472784923481051,1.2135835049476615
753.0,0.16,36.0,0.5,1.4719129307422063,1.2132241881623553
754.0,0.16,36.0,0.5,1.4710426733126134,1.212865480303819
755.0,0.16,36.0,0.5,1.47017414544431,1.2125073795422072
756.0,0.16,36.0,0.5,1.469307341415954,1.212149884055579
757.0,0.16,36.0,0.5,1.468442255532665,1.2117929920298538
758.0,0.16,36.0,0.5,1.4675788821258662,1.2114367016587644
759.0,0.16,36.0,0.5,1.4667172155531298,1.2110810111438168
760.0,0.16,36.0,0.5,1.465857250198021,1.2107259186942438
761.0,0.16,36.0,0.5,1.4649989804699446,1.2103714225269633
762.0,0.16,36.0,0.5,1.4641424008039932,1.210017520866534
763.0,0.16,36.0,0.5,1.4632875056607937,1.209664211945114
764.0,0.16,36.0,0.5,1.462434289526359,1.2093114940024174
765.0,0.16,36.0,0.5,1.461582746911937,1.2089593652856727
766.0,0.16,36.0,0.5,1.4607328723538635,1.2086078240495812
767.0,0.16,36.0,0.5,1.459884660413414,1.2082568685562742
768.0,0.16,36.0,0.5,1.459038105676658,1.2079064970752735
769.0,0.16,36.0,0.5,1.4581932027543139,1.2075567078834493
770.0,0.16,36.0,0.5,1.4573499462816049,1.2072074992649793
771.0,0.16,36.0,0.5,1.4565083309181155,1.2068588695113094
772.0,0.16,36.0,0.5,1.45566835134765,1.2065108169211125
773.0,0.16,36.0,0.5,1.4548300022780913,1.2061633398002491
774.0,0.16,36.0,0.5,1.4539932784412608,1.205816436461728
775.0,0.16,36.0,0.5,1.4531581745927793,1.2054701052256664
776.0,0.16,36.0,0.5,1.4523246855119285,1.2051243444192505
777.0,0.16,36.0,0.5,1.4514928060015153,1.2047791523766982
778.0,0.16,36.0,0.5,1.4506625308877343,1.2044345274392187
779.0,0.16,36.0,0.5,1.4498338550200334,1.2040904679549762
780.0,0.16,36.0,0.5,1.449006773270979,1.2037469722790497
781.0,0.16,36.0,0.5,1.4481812805361236,1.203404038773397
782.0,0.16,36.0,0.5,1.4473573717338728,1.2030616658068167
783.0,0.16,36.0,0.5,1.4465350418053537,1.2027198517549105
784.0,0.16,36.0,0.5,1.4457142857142857,1.2023785950000465
785.0,0.16,36.0,0.5,1.4448950984468494,1.2020378939313225
786.0,0.16,36.0,0.5,1.4440774750115588,1.2016977469445296
787.0,0.16,36.0,0.5,1.4432614104391344,1.201358152442116
788.0,0.16,36.0,0.5,1.4424468997823736,1.2010191088331499
789.0,0.16,36.0,0.5,1.441633938116028,1.2006806145332853
790.0,0.16,36.0,0.5,1.440822520536676,1.2003426679647258
791.0,0.16,36.0,0.5,1.4400126421626003,1.2000052675561887
792.0,0.16,36.0,0.5,1.4392042981336626,1.1996684117428709
793.0,0.16,36.0,0.5,1.4383974836111828,1.1993320989664134
794.0,0.16,36.0,0.5,1.4375921937778169,1.198996327674867
795.0,0.16,36.0,0.5,1.4367884238374355,1.1986610963226576
796.0,0.16,36.0,0.5,1.4359861690150044,1.1983264033705527
797.0,0.16,36.0,0.5,1.4351854245564661,1.1979922472856266
798.0,0.16,36.0,0.5,1.4343861857286195,1.1976586265412275
799.0,0.16,36.0,0.5,1.4335884478190049,1.1973255396169435
800.0,0.16,36.0,0.5,1.4327922061357854,1.1969929849985694
801.0,0.16,36.0,0.5,1.4319974560076318,1.1966609611780739
802.0,0.16,36.0,0.5,1.4312041927836074,1.1963294666535667
803.0,0.16,36.0,0.5,1.430412411833054,1.1959984999292657
804.0,0.16,36.0,0.5,1.4296221085454768,1.1956680595154647
805.0,0.16,36.0,0.5,1.4288332783304343,1.1953381439285011
806.0,0.16,36.0,0.5,1.4280459166174244,1.1950087516907248
807.0,0.16,36.0,0.5,1.4272600188557731,1.1946798813304647
808.0,0.16,36.0,0.5,1.4264755805145253,1.1943515313819986
809.0,0.16,36.0,0.5,1.425692597082334,1.1940237003855216
810.0,0.16,36.0,0.5,1.4249110640673517,1.1936963868871144
811.0,0.16,36.0,0.5,1.4241309769971222,1.1933695894387129
812.0,0.16,36.0,0.5,1.4233523314184735,1.1930433065980772
813.0,0.16,36.0,0.5,1.4225751228974097,1.1927175369287608
814.0,0.16,36.0,0.5,1.421799347019007,1.192392279000081
815.0,0.16,36.0,0.5,1.4210249993873056,1.1920675313870879
816.0,0.16,36.0,0.5,1.4202520756252086,1.1917432926705351
817.0,0.16,36.0,0.5,1.4194805713743752,1.1914195614368497
818.0,0.16,36.0,0.5,1.418710482295118,1.1910963362781022
819.0,0.16,36.0,0.5,1.4179418040663019,1.1907736157919784
820.0,0.16,36.0,0.5,1.4171745323852407,1.1904513985817484
821.0,0.16,36.0,0.5,1.4164086629675967,1.1901296832562394
822.0,0.16,36.0,0.5,1.4156441915472804,1.1898084684298058
823.0,0.16,36.0,0.5,1.4148811138763495,1.189487752722301
824.0,0.16,36.0,0.5,1.4141194257249117,1.189167534759048
825.0,0.16,36.0,0.5,1.4133591228810243,1.188847813170813
826.0,0.16,36.0,0.5,1.4126002011505978,1.1885285865937756
827.0,0.16,36.0,0.5,1.4118426563572974,1.1882098536695012
828.0,0.16,36.0,0.5,1.4110864843424484,1.1878916130449144
829.0,0.16,36.0,0.5,1.4103316809649382,1.1875738633722697
830.0,0.16,36.0,0.5,1.4095782421011218,1.1872566033091254
831.0,0.16,36.0,0.5,1.4088261636447283,1.186939831518316
832.0,0.16,36.0,0.5,1.4080754415067656,1.1866235466679251
833.0,0.16,36.0,0.5,1.4073260716154268,1.1863077474312587
834.0,0.16,36.0,0.5,1.4065780499159986,1.1859924324868176
835.0,0.16,36.0,0.5,1.405831372370769,1.1856776005182728
836.0,0.16,36.0,0.5,1.4050860349589342,1.1853632502144371
837.0,0.16,36.0,0.5,1.4043420336765102,1.1850493802692401
838.0,0.16,36.0,0.5,1.4035993645362401,1.184735989381702
839.0,0.16,36.0,0.5,1.4028580235675057,1.184423076255907
840.0,0.16,36.0,0.5,1.4021180068162375,1.1841106396009782
841.0,0.16,36.0,0.5,1.4013793103448275,1.1837986781310526
842.0,0.16,36.0,0.5,1.4006419302320396,1.1834871905652549
843.0,0.16,36.0,0.5,1.399905862572923,1.1831761756276717
844.0,0.16,36.0,0.5,1.3991711034787255,1.1828656320473283
845.0,0.16,36.0,0.5,1.3984376490768065,1.182555558558162
846.0,0.16,36.0,0.5,1.3977054955105521,1.1822459538989982
847.0,0.16,36.0,0.5,1.3969746389392892,1.1819368168135254
848.0,0.16,36.0,0.5,1.3962450755382012,1.1816281460502713
849.0,0.16,36.0,0.5,1.3955168014982444,1.1813199403625778
850.0,0.16,36.0,0.5,1.3947898130260636,1.1810121985085775
851.0,0.16,36.0,0.5,1.3940641063439096,1.1807049192511692
852.0,0.16,36.0,0.5,1.393339677689557,1.180398101357994
853.0,0.16,36.0,0.5,1.3926165233162213,1.1800917436014122
854.0,0.16,36.0,0.5,1.3918946394924787,1.1797858447584793
855.0,0.16,36.0,0.5,1.391174022502185,1.1794804036109225
856.0,0.16,36.0,0.5,1.3904546686443937,1.1791754189451176
857.0,0.16,36.0,0.5,1.389736574233279,1.1788708895520659
858.0,0.16,36.0,0.5,1.3890197355980538,1.1785668142273706
859.0,0.16,36.0,0.5,1.3883041490828927,1.1782631917712156
860.0,0.16,36.0,0.5,1.3875898110468523,1.1779600209883407
861.0,0.16,36.0,0.5,1.3868767178637944,1.1776573006880204
862.0,0.16,36.0,0.5,1.386164865922309,1.177355029684041
863.0,0.16,36.0,0.5,1.3854542516256354,1.1770532067946782
864.0,0.16,36.0,0.5,1.3847448713915889,1.1767518308426754
865.0,0.16,36.0,0.5,1.3840367216524825,1.1764509006552217
866.0,0.16,36.0,0.5,1.3833297988550526,1.176150415063929
867.0,0.16,36.0,0.5,1.382624099460384,1.1758503729048113
868.0,0.16,36.0,0.5,1.3819196199438353,1.1755507730182628
869.0,0.16,36.0,0.5,1.381216356794965,1.175251614249036
870.0,0.16,36.0,0.5,1.3805143065174588,1.1749528954462212
871.0,0.16,36.0,0.5,1.3798134656290548,1.174654615463224
872.0,0.16,36.0,0.5,1.3791138306614734,1.1743567731577458
873.0,0.16,36.0,0.5,1.3784153981603426,1.1740593673917612
874.0,0.16,36.0,0.5,1.377718164685129,1.1737623970314985
875.0,0.16,36.0,0.5,1.3770221268090639,1.1734658609474176
876.0,0.16,36.0,0.5,1.3763272811190745,1.1731697580141907
877.0,0.16,36.0,0.5,1.3756336242157137,1.172874087110681
878.0,0.16,36.0,0.5,1.3749411527130886,1.1725788471199234
879.0,0.16,36.0,0.5,1.3742498632387925,1.172284036929102
880.0,0.16,36.0,0.5,1.3735597524338357,1.171989655429533
881.0,0.16,36.0,0.5,1.3728708169525763,1.1716957015166423
882.0,0.16,36.0,0.5,1.372183053462653,1.1714021740899463
883.0,0.16,36.0,0.5,1.371496458644916,1.171109072053033
884.0,0.16,36.0,0.5,1.3708110291933624,1.1708163943135415
885.0,0.16,36.0,0.5,1.3701267618150657,1.1705241397831425
886.0,0.16,36.0,0.5,1.3694436532301124,1.1702323073775192
887.0,0.16,36.0,0.5,1.3687617001715342,1.1699408960163475
888.0,0.16,36.0,0.5,1.3680808993852438,1.1696499046232782
889.0,0.16,36.0,0.5,1.3674012476299677,1.1693593321259157
890.0,0.16,36.0,0.5,1.3667227416771834,1.169069177455801
891.0,0.16,36.0,0.5,1.3660453783110544,1.1687794395483926
892.0,0.16,36.0,0.5,1.365369154328365,1.1684901173430458
893.0,0.16,36.0,0.5,1.3646940665384584,1.1682012097829972
894.0,0.16,36.0,0.5,1.3640201117631718,1.1679127158153437
895.0,0.16,36.0,0.5,1.363347286836776,1.1676246343910255
896.0,0.16,36.0,0.5,1.3626755886059096,1.1673369644648068
897.0,0.16,36.0,0.5,1.3620050139295201,1.1670497049952586
898.0,0.16,36.0,0.5,1.3613355596787997,1.1667628549447397
899.0,0.16,36.0,0.5,1.3606672227371261,1.1664764132793797
900.0,0.16,36.0,0.5,1.3599999999999999,1.16619037896906
901.0,0.16,36.0,0.5,1.359333888374985,1.1659047509873974
902.0,0.16,36.0,0.5,1.3586688847816482,1.165619528311725
903.0,0.16,36.0,0.5,1.3580049861514991,1.1653347099230758
904.0,0.16,36.0,0.5,1.3573421894279307,1.1650502948061645
905.0,0.16,36.0,0.5,1.3566804915661606,1.1647662819493705
906.0,0.16,36.0,0.5,1.3560198895331717,1.1644826703447209
907.0,0.16,36.0,0.5,1.3553603803076548,1.1641994589878724
908.0,0.16,36.0,0.5,1.3547019608799495,1.1639166468780957
909.0,0.16,36.0,0.5,1.354044628251987,1.163634233018257
910.0,0.16,36.0,0.5,1.3533883794372326,1.163352216414802
911.0,0.16,36.0,0.5,1.3527332114606287,1.1630705960777397
912.0,0.16,36.0,0.5,1.3520791213585392,1.1627893710206243
913.0,0.16,36.0,0.5,1.3514261061786912,1.1625085402605397
914.0,0.16,36.0,0.5,1.3507741629801204,1.162228102818083
915.0,0.16,36.0,0.5,1.3501232888331152,1.161948057717347
916.0,0.16,36.0,0.5,1.3494734808191615,1.1616684039859058
917.0,0.16,36.0,0.5,1.3488247360308876,1.161389140654797
918.0,0.16,36.0,0.5,1.348177051572009,1.161110266758506
919.0,0.16,36.0,0.5,1.347530424557276,1.1608317813349511
920.0,0.16,36.0,0.5,1.3468848521124166,1.160553683425466
921.0,0.16,36.0,0.5,1.346240331374086,1.1602759720747844
922.0,0.16,36.0,0.5,1.3455968594898116,1.1599986463310255
923.0,0.16,36.0,0.5,1.3449544336179398,1.1597217052456765
924.0,0.16,36.0,0.5,1.344313050927584,1.1594451478735783
925.0,0.16,36.0,0.5,1.3436727085985725,1.15916897327291
926.0,0.16,36.0,0.5,1.3430334038213947,1.1588931805051728
927.0,0.16,36.0,0.5,1.3423951337971516,1.1586177686351748
928.0,0.16,36.0,0.5,1.341757895737503,1.1583427367310173
929.0,0.16,36.0,0.5,1.3411216868646159,1.1580680838640773
930.0,0.16,36.0,0.5,1.3404865044111152,1.1577938091089948
931.0,0.16,36.0,0.5,1.3398523456200317,1.1575199115436554
932.0,0.16,36.0,0.5,1.3392192077447531,1.157246390249178
933.0,0.16,36.0,0.5,1.338587088048972,1.1569732443098986
934.0,0.16,36.0,0.5,1.337955983806639,1.156700472813355
935.0,0.16,36.0,0.5,1.3373258923019113,1.1564280748502742
936.0,0.16,36.0,0.5,1.336696810829104,1.1561560495145558
937.0,0.16,36.0,0.5,1.336068736692642,1.155884395903259
938.0,0.16,36.0,0.5,1.3354416672070104,1.1556131131165872
939.0,0.16,36.0,0.5,1.3348155996967075,1.1553422002578748
940.0,0.16,36.0,0.5,1.334190531496196,1.1550716564335721
941.0,0.16,36.0,0.5,1.3335664599498551,1.154801480753231
942.0,0.16,36.0,0.5,1.332943382411934,1.1545316723294923
943.0,0.16,36.0,0.5,1.332321296246505,1.1542622302780703
944.0,0.16,36.0,0.5,1.3317001988274149,1.1539931537177397
945.0,0.16,36.0,0.5,1.3310800875382398,1.1537244417703214
946.0,0.16,36.0,0.5,1.330460959772239,1.153456093560669
947.0,0.16,36.0,0.5,1.3298428129323088,1.1531881082166555
948.0,0.16,36.0,0.5,1.3292256444309356,1.1529204848691585
949.0,0.16,36.0,0.5,1.3286094516901519,1.152653222652048
950.0,0.16,36.0,0.5,1.3279942321414901,1.1523863207021725
951.0,0.16,36.0,0.5,1.3273799832259388,1.152119778159345
952.0,0.16,36.0,0.5,1.3267667023938958,1.1518535941663315
953.0,0.16,36.0,0.5,1.3261543871051265,1.1515877678688353
954.0,0.16,36.0,0.5,1.325543034828717,1.1513222984154858
955.0,0.16,36.0,0.5,1.3249326430430324,1.1510571849578248
956.0,0.16,36.0,0.5,1.3243232092356716,1.1507924266502938
957.0,0.16,36.0,0.5,1.3237147309034247,1.15052802265022
958.0,0.16,36.0,0.5,1.3231072055522293,1.1502639721178045
959.0,0.16,36.0,0.5,1.3225006306971276,1.1500002742161097
960.0,0.16,36.0,0.5,1.321895003862225,1.149736928111046
961.0,0.16,36.0,0.5,1.3212903225806452,1.1494739329713595
962.0,0.16,36.0,0.5,1.3206865843944897,1.149211287968618
963.0,0.16,36.0,0.5,1.3200837868547963,1.1489489922772014
964.0,0.16,36.0,0.5,1.3194819275214955,1.1486870450742863
965.0,0.16,36.0,0.5,1.3188810039633707,1.148425445539836
966.0,0.16,36.0,0.5,1.3182810137580163,1.1481641928565862
967.0,0.16,36.0,0.5,1.3176819544917966,1.1479032862100347
968.0,0.16,36.0,0.5,1.317083823759805,1.1476427247884269
969.0,0.16,36.0,0.5,1.316486619165824,1.1473825077827464
970.0,0.16,36.0,0.5,1.315890338322284,1.1471226343867007
971.0,0.16,36.0,0.5,1.315294978850224,1.1468631037967103
972.0,0.16,36.0,0.5,1.3147005383792514,1.1466039152118972
973.0,0.16,36.0,0.5,1.3141070145475024,1.1463450678340716
974.0,0.16,36.0,0.5,1.3135144050016025,1.146086560867722
975.0,0.16,36.0,0.5,1.3129227073966274,1.1458283935200015
976.0,0.16,36.0,0.5,1.3123319193960636,1.1455705650007177
977.0,0.16,36.0,0.5,1.311742038671771,1.1453130745223208
978.0,0.16,36.0,0.5,1.3111530629039427,1.1450559212998912
979.0,0.16,36.0,0.5,1.3105649897810676,1.1447991045511294
980.0,0.16,36.0,0.5,1.3099778169998917,1.144542623496343
981.0,0.16,36.0,0.5,1.3093915422653817,1.1442864773584374
982.0,0.16,36.0,0.5,1.3088061632906849,1.1440306653629022
983.0,0.16,36.0,0.5,1.308221677797094,1.143775186737802
984.0,0.16,36.0,0.5,1.307638083514009,1.1435200407137642
985.0,0.16,36.0,0.5,1.307055378178899,1.1432652265239676
986.0,0.16,36.0,0.5,1.3064735595372674,1.1430107434041323
987.0,0.16,36.0,0.5,1.3058926253426144,1.1427565905925086
988.0,0.16,36.0,0.5,1.3053125733564,1.142502767329865
989.0,0.16,36.0,0.5,1.3047334013480079,1.1422492728594786
990.0,0.16,36.0,0.5,1.3041551070947106,1.1419961064271238
991.0,0.16,36.0,0.5,1.3035776883816326,1.141743267281061
992.0,0.16,36.0,0.5,1.3030011430017143,1.1414907546720272
993.0,0.16,36.0,0.5,1.3024254687556782,1.1412385678532242
994.0,0.16,36.0,0.5,1.3018506634519922,1.1409867060803085
995.0,0.16,36.0,0.5,1.3012767249068344,1.1407351686113805
996.0,0.16,36.0,0.5,1.3007036509440602,1.1404839547069745
997.0,0.16,36.0,0.5,1.3001314393951653,1.1402330636300482
998.0,0.16,36.0,0.5,1.299560088099253,1.1399824946459718
999.0,0.16,36.0,0.5,1.2989895949029988,1.1397322470225184
1000.0,0.16,36.0,0.5,1.2984199576606166,1.1394823200298532
1.0,0.16,36.0,1.0,36.16,6.013318551349163
2.0,0.16,36.0,1.0,18.16,4.261455150532504
3.0,0.16,36.0,1.0,12.16,3.4871191548325386
4.0,0.16,36.0,1.0,9.16,3.026549190084311
5.0,0.16,36.0,1.0,7.36,2.7129319932501073
6.0,0.16,36.0,1.0,6.16,2.4819347291981715
7.0,0.16,36.0,1.0,5.302857142857143,2.3027933348125584
8.0,0.16,36.0,1.0,4.66,2.1587033144922905
9.0,0.16,36.0,1.0,4.16,2.039607805437114
10.0,0.16,36.0,1.0,3.7600000000000002,1.9390719429665317
11.0,0.16,36.0,1.0,3.432727272727273,1.8527620658701087
12.0,0.16,36.0,1.0,3.16,1.7776388834631178
13.0,0.16,36.0,1.0,2.9292307692307693,1.7114995674059545
14.0,0.16,36.0,1.0,2.7314285714285718,1.6527034130262368
15.0,0.16,36.0,1.0,2.56,1.6
16.0,0.16,36.0,1.0,2.41,1.5524174696260025
17.0,0.16,36.0,1.0,2.2776470588235296,1.5091875492540778
18.0,0.16,36.0,1.0,2.16,1.469693845669907
19.0,0.16,36.0,1.0,2.054736842105263,1.4334353288883537
20.0,0.16,36.0,1.0,1.96,1.4
21.0,0.16,36.0,1.0,1.874285714285714,1.3690455486526787
22.0,0.16,36.0,1.0,1.7963636363636364,1.3402849086532447
23.0,0.16,36.0,1.0,1.7252173913043478,1.3134753105042927
24.0,0.16,36.0,1.0,1.66,1.2884098726725126
25.0,0.16,36.0,1.0,1.5999999999999999,1.2649110640673518
26.0,0.16,36.0,1.0,1.5446153846153845,1.2428255648381974
27.0,0.16,36.0,1.0,1.4933333333333332,1.2220201853215573
28.0,0.16,36.0,1.0,1.4457142857142857,1.2023785950000465
29.0,0.16,36.0,1.0,1.4013793103448275,1.1837986781310526
30.0,0.16,36.0,1.0,1.3599999999999999,1.16619037896906
31.0,0.16,36.0,1.0,1.3212903225806452,1.1494739329713595
32.0,0.16,36.0,1.0,1.285,1.1335784048754634
33.0,0.16,36.0,1.0,1.2509090909090907,1.1184404726712507
34.0,0.16,36.0,1.0,1.2188235294117646,1.1040034100544096
35.0,0.16,36.0,1.0,1.1885714285714284,1.090216230190795
36.0,0.16,36.0,1.0,1.16,1.0770329614269007
37.0,0.16,36.0,1.0,1.132972972972973,1.0644120315803336
38.0,0.16,36.0,1.0,1.1073684210526316,1.0523157420910474
39.0,0.16,36.0,1.0,1.083076923076923,1.0407098169407853
40.0,0.16,36.0,1.0,1.06,1.0295630140987
41.0,0.16,36.0,1.0,1.038048780487805,1.0188467895065503
42.0,0.16,36.0,1.0,1.0171428571428571,1.008535005412731
43.0,0.16,36.0,1.0,0.9972093023255815,0.9986036763028572
44.0,0.16,36.0,1.0,0.9781818181818183,0.9890307468333925
45.0,0.16,36.0,1.0,0.9600000000000001,0.9797958971132713
46.0,0.16,36.0,1.0,0.942608695652174,0.9708803714424213
47.0,0.16,36.0,1.0,0.9259574468085107,0.9622668272410261
48.0,0.16,36.0,1.0,0.91,0.9539392014169457
49.0,0.16,36.0,1.0,0.8946938775510205,0.9458825918426771
50.0,0.16,36.0,1.0,0.88,0.938083151964686
51.0,0.16,36.0,1.0,0.8658823529411765,0.9305279968604795
52.0,0.16,36.0,1.0,0.8523076923076923,0.9232051193032307
53.0,0.16,36.0,1.0,0.8392452830188679,0.9161033145987781
54.0,0.16,36.0,1.0,0.8266666666666667,0.9092121131323904
55.0,0.16,36.0,1.0,0.8145454545454546,0.902521719708426
56.0,0.16,36.0,1.0,0.8028571428571429,0.896022958889527
57.0,0.16,36.0,1.0,0.791578947368421,0.8897072256469659
58.0,0.16,36.0,1.0,0.7806896551724138,0.8835664407232847
59.0,0.16,36.0,1.0,0.7701694915254238,0.877593010184917
60.0,0.16,36.0,1.0,0.76,0.8717797887081347
61.0,0.16,36.0,1.0,0.7501639344262295,0.8661200461981177
62.0,0.16,36.0,1.0,0.7406451612903227,0.8606074373896164
63.0,0.16,36.0,1.0,0.7314285714285714,0.855235974119758
64.0,0.16,36.0,1.0,0.7225,0.85
65.0,0.16,36.0,1.0,0.7138461538461539,0.8448941672459066
66.0,0.16,36.0,1.0,0.7054545454545454,0.8399134154509889
67.0,0.16,36.0,1.0,0.6973134328358209,0.8350529521149068
68.0,0.16,36.0,1.0,0.6894117647058824,0.8303082347573595
69.0,0.16,36.0,1.0,0.6817391304347826,0.825674954467424
70.0,0.16,36.0,1.0,0.6742857142857143,0.8211490207542808
71.0,0.16,36.0,1.0,0.6670422535211268,0.8167265475794985
72.0,0.16,36.0,1.0,0.66,0.812403840463596
73.0,0.16,36.0,1.0,0.6531506849315069,0.8081773845706812
74.0,0.16,36.0,1.0,0.6464864864864865,0.8040438336847603
75.0,0.16,36.0,1.0,0.64,0.8
76.0,0.16,36.0,1.0,0.6336842105263157,0.7960428446549317
77.0,0.16,36.0,1.0,0.6275324675324675,0.792169468947439
78.0,0.16,36.0,1.0,0.6215384615384616,0.7883771061734743
79.0,0.16,36.0,1.0,0.6156962025316456,0.7846631140378943
80.0,0.16,36.0,1.0,0.61,0.7810249675906654
81.0,0.16,36.0,1.0,0.6044444444444445,0.77746025264604
82.0,0.16,36.0,1.0,0.5990243902439024,0.7739666596462036
83.0,0.16,36.0,1.0,0.5937349397590361,0.7705419779343862
84.0,0.16,36.0,1.0,0.5885714285714285,0.7671840904055743
85.0,0.16,36.0,1.0,0.5835294117647059,0.7638909685057848
86.0,0.16,36.0,1.0,0.5786046511627907,0.7606606675534043
87.0,0.16,36.0,1.0,0.5737931034482758,0.7574913223583989
88.0,0.16,36.0,1.0,0.5690909090909091,0.7543811431172635
89.0,0.16,36.0,1.0,0.5644943820224719,0.75132841156346
90.0,0.16,36.0,1.0,0.56,0.7483314773547883
91.0,0.16,36.0,1.0,0.5556043956043956,0.745388754680667
92.0,0.16,36.0,1.0,0.551304347826087,0.7424987190737011
93.0,0.16,36.0,1.0,0.5470967741935484,0.7396599044111749
94.0,0.16,36.0,1.0,0.5429787234042553,0.7368709000932628
95.0,0.16,36.0,1.0,0.5389473684210526,0.7341303483857976
96.0,0.16,36.0,1.0,0.535,0.7314369419163897
97.0,0.16,36.0,1.0,0.5311340206185567,0.7287894213135622
98.0,0.16,36.0,1.0,0.5273469387755102,0.726186572979362
99.0,0.16,36.0,1.0,0.5236363636363637,0.7236272269866327
100.0,0.16,36.0,1.0,0.52,0.7211102550927979
101.0,0.16,36.0,1.0,0.5164356435643565,0.7186345688626149
102.0,0.16,36.0,1.0,0.5129411764705882,0.7161991178929141
103.0,0.16,36.0,1.0,0.5095145631067961,0.7138028881328486
104.0,0.16,36.0,1.0,0.5061538461538462,0.7114449002936533
105.0,0.16,36.0,1.0,0.5028571428571429,0.7091242083423347
106.0,0.16,36.0,1.0,0.4996226415094339,0.7068398980741211
107.0,0.16,36.0,1.0,0.4964485981308411,0.7045910857588542
108.0,0.16,36.0,1.0,0.4933333333333333,0.7023769168568492
109.0,0.16,36.0,1.0,0.4902752293577982,0.7001965648000554
110.0,0.16,36.0,1.0,0.4872727272727273,0.6980492298346351
111.0,0.16,36.0,1.0,0.4843243243243244,0.6959341379213441
112.0,0.16,36.0,1.0,0.48142857142857143,0.6938505396903366
113.0,0.16,36.0,1.0,0.47858407079646015,0.6917977094472488
114.0,0.16,36.0,1.0,0.47578947368421054,0.6897749442276159
115.0,0.16,36.0,1.0,0.47304347826086957,0.6877815628968761
116.0,0.16,36.0,1.0,0.4703448275862069,0.6858169052933931
117.0,0.16,36.0,1.0,0.46769230769230774,0.6838803314120883
118.0,0.16,36.0,1.0,0.46508474576271186,0.6819712206264366
119.0,0.16,36.0,1.0,0.4625210084033613,0.6800889709467146
120.0,0.16,36.0,1.0,0.45999999999999996,0.6782329983125268
121.0,0.16,36.0,1.0,0.45752066115702483,0.6764027359177555
122.0,0.16,36.0,1.0,0.4550819672131148,0.6745976335661983
123.0,0.16,36.0,1.0,0.45268292682926825,0.6728171570562601
124.0,0.16,36.0,1.0,0.4503225806451613,0.6710607875931668
125.0,0.16,36.0,1.0,0.44799999999999995,0.6693280212272604
126.0,0.16,36.0,1.0,0.44571428571428573,0.6676183683170241
127.0,0.16,36.0,1.0,0.44346456692913383,0.6659313530155596
128.0,0.16,36.0,1.0,0.44125000000000003,0.6642665127793211
129.0,0.16,36.0,1.0,0.43906976744186044,0.6626233978979768
130.0,0.16,36.0,1.0,0.43692307692307697,0.6610015710443334
131.0,0.16,36.0,1.0,0.43480916030534356,0.6594006068433237
132.0,0.16,36.0,1.0,0.43272727272727274,0.6578200914591107
133.0,0.16,36.0,1.0,0.4306766917293233,0.6562596221994184
134.0,0.16,36.0,1.0,0.4286567164179105,0.6547188071362472
135.0,0.16,36.0,1.0,0.42666666666666664,0.6531972647421808
136.0,0.16,36.0,1.0,0.42470588235294116,0.6516946235415335
137.0,0.16,36.0,1.0,0.42277372262773727,0.6502105217756302
138.0,0.16,36.0,1.0,0.4208695652173913,0.6487446070815474
139.0,0.16,36.0,1.0,0.41899280575539566,0.6472965361836842
140.0,0.16,36.0,1.0,0.41714285714285715,0.6458659745975609
141.0,0.16,36.0,1.0,0.41531914893617017,0.6444525963452783
142.0,0.16,36.0,1.0,0.4135211267605634,0.6430560836821027
143.0,0.16,36.0,1.0,0.4117482517482518,0.6416761268336635
144.0,0.16,36.0,1.0,0.41000000000000003,0.6403124237432849
145.0,0.16,36.0,1.0,0.4082758620689655,0.6389646798289914
146.0,0.16,36.0,1.0,0.40657534246575344,0.6376326077497554
147.0,0.16,36.0,1.0,0.40489795918367344,0.636315927180574
148.0,0.16,36.0,1.0,0.40324324324324323,0.6350143645959855
149.0,0.16,36.0,1.0,0.4016107382550336,0.6337276530616551
150.0,0.16,36.0,1.0,0.4,0.6324555320336759
151.0,0.16,36.0,1.0,0.3984105960264901,0.6311977471652526
152.0,0.16,36.0,1.0,0.3968421052631579,0.6299540501204496
153.0,0.16,36.0,1.0,0.3952941176470588,0.6287241983947006
154.0,0.16,36.0,1.0,0.39376623376623376,0.6275079551417924
155.0,0.16,36.0,1.0,0.39225806451612905,0.6263050890070502
156.0,0.16,36.0,1.0,0.39076923076923076,0.6251153739664629
157.0,0.16,36.0,1.0,0.3892993630573248,0.6239385891715024
158.0,0.16,36.0,1.0,0.3878481012658228,0.6227745187993988
159.0,0.16,36.0,1.0,0.3864150943396226,0.621622951908649
160.0,0.16,36.0,1.0,0.385,0.6204836822995429
161.0,0.16,36.0,1.0,0.3836024844720497,0.6193565083795033
162.0,0.16,36.0,1.0,0.38222222222222224,0.6182412330330469
163.0,0.16,36.0,1.0,0.38085889570552145,0.6171376634961777
164.0,0.16,36.0,1.0,0.3795121951219512,0.6160456112350378
165.0,0.16,36.0,1.0,0.3781818181818182,0.6149648918286459
166.0,0.16,36.0,1.0,0.3768674698795181,0.6138953248555636
167.0,0.16,36.0,1.0,0.3755688622754491,0.6128367337843328
168.0,0.16,36.0,1.0,0.3742857142857143,0.6117889458675387
169.0,0.16,36.0,1.0,0.37301775147928995,0.6107517920393603
170.0,0.16,36.0,1.0,0.37176470588235294,0.6097251068164677
171.0,0.16,36.0,1.0,0.3705263157894737,0.6087087282021457
172.0,0.16,36.0,1.0,0.36930232558139536,0.6077024975935144
173.0,0.16,36.0,1.0,0.368092485549133,0.6067062596917333
174.0,0.16,36.0,1.0,0.36689655172413793,0.6057198624150755
175.0,0.16,36.0,1.0,0.3657142857142857,0.6047431568147635
176.0,0.16,36.0,1.0,0.36454545454545456,0.6037759969934666
177.0,0.16,36.0,1.0,0.3633898305084746,0.6028182400263571
178.0,0.16,36.0,1.0,0.3622471910112359,0.6018697458846357
179.0,0.16,36.0,1.0,0.36111731843575423,0.600930377361433
180.0,0.16,36.0,1.0,0.36,0.6
181.0,0.16,36.0,1.0,0.35889502762430936,0.5990784820241079
182.0,0.16,36.0,1.0,0.3578021978021978,0.598165694270574
183.0,0.16,36.0,1.0,0.35672131147540986,0.59726151012384
184.0,0.16,36.0,1.0,0.3556521739130435,0.5963658054525288
185.0,0.16,36.0,1.0,0.35459459459459464,0.5954784585479097
186.0,0.16,36.0,1.0,0.35354838709677416,0.5945993500642043
187.0,0.16,36.0,1.0,0.35251336898395724,0.5937283629606701
188.0,0.16,36.0,1.0,0.35148936170212763,0.5928653824453977
189.0,0.16,36.0,1.0,0.3504761904761905,0.5920102959207639
190.0,0.16,36.0,1.0,0.3494736842105263,0.591162992930483
191.0,0.16,36.0,1.0,0.34848167539267016,0.5903233651082008
192.0,0.16,36.0,1.0,0.34750000000000003,0.5894913061275798
193.0,0.16,36.0,1.0,0.34652849740932645,0.5886667116538241
194.0,0.16,36.0,1.0,0.3455670103092784,0.5878494792965955
195.0,0.16,36.0,1.0,0.34461538461538466,0.5870395085642742
196.0,0.16,36.0,1.0,0.3436734693877551,0.5862367008195197
197.0,0.16,36.0,1.0,0.34274111675126906,0.5854409592360865
198.0,0.16,36.0,1.0,0.3418181818181818,0.5846521887568555
199.0,0.16,36.0,1.0,0.34090452261306536,0.5838702960530406
200.0,0.16,36.0,1.0,0.33999999999999997,0.58309518948453
201.0,0.16,36.0,1.0,0.3391044776119403,0.5823267790613277
202.0,0.16,36.0,1.0,0.3382178217821782,0.5815649764060574
203.0,0.16,36.0,1.0,0.33733990147783255,0.5808096947174974
204.0,0.16,36.0,1.0,0.33647058823529413,0.5800608487351082
205.0,0.16,36.0,1.0,0.33560975609756094,0.5793183547045276
206.0,0.16,36.0,1.0,0.33475728155339807,0.5785821303439971
207.0,0.16,36.0,1.0,0.3339130434782609,0.5778520948116922
208.0,0.16,36.0,1.0,0.33307692307692305,0.577128168673929
209.0,0.16,36.0,1.0,0.33224880382775124,0.5764102738742182
210.0,0.16,36.0,1.0,0.3314285714285714,0.5756983337031395
211.0,0.16,36.0,1.0,0.33061611374407585,0.5749922727690137
212.0,0.16,36.0,1.0,0.329811320754717,0.5742920169693437
213.0,0.16,36.0,1.0,0.3290140845070423,0.5735974934630051
214.0,0.16,36.0,1.0,0.32822429906542055,0.5729086306431599
215.0,0.16,36.0,1.0,0.32744186046511625,0.5722253581108725
216.0,0.16,36.0,1.0,0.32666666666666666,0.5715476066494082
217.0,0.16,36.0,1.0,0.3258986175115207,0.5708753081991905
218.0,0.16,36.0,1.0,0.3251376146788991,0.5702083958333998
219.0,0.16,36.0,1.0,0.32438356164383564,0.5695468037341932
220.0,0.16,36.0,1.0,0.3236363636363636,0.5688904671695278
221.0,0.16,36.0,1.0,0.32289592760180996,0.5682393224705679
222.0,0.16,36.0,1.0,0.3221621621621622,0.56759330700966
223.0,0.16,36.0,1.0,0.32143497757847533,0.5669523591788602
224.0,0.16,36.0,1.0,0.32071428571428573,0.5663164183689943
225.0,0.16,36.0,1.0,0.32,0.565685424949238
226.0,0.16,36.0,1.0,0.3192920353982301,0.5650593202472021
227.0,0.16,36.0,1.0,0.3185903083700441,0.5644380465295054
228.0,0.16,36.0,1.0,0.31789473684210523,0.5638215469828244
229.0,0.16,36.0,1.0,0.3172052401746725,0.5632097656954046
230.0,0.16,36.0,1.0,0.3165217391304348,0.5626026476390196
231.0,0.16,36.0,1.0,0.3158441558441558,0.5620001386513671
232.0,0.16,36.0,1.0,0.31517241379310346,0.561402185418888
233.0,0.16,36.0,1.0,0.3145064377682404,0.5608087354599965
234.0,0.16,36.0,1.0,0.3138461538461539,0.5602197371087115
235.0,0.16,36.0,1.0,0.31319148936170216,0.5596351394986756
236.0,0.16,36.0,1.0,0.31254237288135595,0.5590548925475529
237.0,0.16,36.0,1.0,0.3118987341772152,0.558478946941794
238.0,0.16,36.0,1.0,0.31126050420168067,0.5579072541217587
239.0,0.16,36.0,1.0,0.3106276150627615,0.557339766267186
240.0,0.16,36.0,1.0,0.31,0.5567764362830022
241.0,0.16,36.0,1.0,0.30937759336099585,0.5562172177854582
242.0,0.16,36.0,1.0,0.3087603305785124,0.5556620650885864
243.0,0.16,36.0,1.0,0.30814814814814817,0.5551109331909687
244.0,0.16,36.0,1.0,0.30754098360655735,0.5545637777628082
245.0,0.16,36.0,1.0,0.3069387755102041,0.5540205551332947
246.0,0.16,36.0,1.0,0.30634146341463414,0.5534812222782577
247.0,0.16,36.0,1.0,0.305748987854251,0.5529457368080986
248.0,0.16,36.0,1.0,0.30516129032258066,0.5524140569559944
249.0,0.16,36.0,1.0,0.30457831325301205,0.551886141566367
250.0,0.16,36.0,1.0,0.304,0.5513619500836089
251.0,0.16,36.0,1.0,0.30342629482071715,0.5508414425410612
252.0,0.16,36.0,1.0,0.3028571428571428,0.550324579550235
253.0,0.16,36.0,1.0,0.30229249011857706,0.5498113222902717
254.0,0.16,36.0,1.0,0.30173228346456693,0.5493016324976351
255.0,0.16,36.0,1.0,0.30117647058823527,0.5487954724560282
256.0,0.16,36.0,1.0,0.30062500000000003,0.5482928049865328
257.0,0.16,36.0,1.0,0.30007782101167313,0.5477935934379601
258.0,0.16,36.0,1.0,0.29953488372093023,0.5472978016774143
259.0,0.16,36.0,1.0,0.29899613899613897,0.546805394081056
260.0,0.16,36.0,1.0,0.29846153846153844,0.5463163355250678
261.0,0.16,36.0,1.0,0.2979310344827586,0.5458305913768104
262.0,0.16,36.0,1.0,0.2974045801526718,0.5453481274861699
263.0,0.16,36.0,1.0,0.2968821292775665,0.544868910177087
264.0,0.16,36.0,1.0,0.2963636363636364,0.544392906239268
265.0,0.16,36.0,1.0,0.2958490566037736,0.543920082920068
266.0,0.16,36.0,1.0,0.2953383458646617,0.5434504079165473
267.0,0.16,36.0,1.0,0.29483146067415733,0.5429838493676928
268.0,0.16,36.0,1.0,0.2943283582089552,0.5425203758468019
269.0,0.16,36.0,1.0,0.2938289962825279,0.5420599563540254
270.0,0.16,36.0,1.0,0.29333333333333333,0.5416025603090641
271.0,0.16,36.0,1.0,0.29284132841328414,0.5411481575440169
272.0,0.16,36.0,1.0,0.2923529411764706,0.540696718296376
273.0,0.16,36.0,1.0,0.2918681318681319,0.540248213202165
274.0,0.16,36.0,1.0,0.2913868613138686,0.5398026132892176
275.0,0.16,36.0,1.0,0.2909090909090909,0.5393598899705937
276.0,0.16,36.0,1.0,0.29043478260869565,0.5389200150381276
277.0,0.16,36.0,1.0,0.2899638989169675,0.5384829606561079
278.0,0.16,36.0,1.0,0.28949640287769784,0.5380486993550843
279.0,0.16,36.0,1.0,0.28903225806451616,0.5376172040257977
280.0,0.16,36.0,1.0,0.2885714285714286,0.5371884479132333
281.0,0.16,36.0,1.0,0.2881138790035587,0.5367624046107912
282.0,0.16,36.0,1.0,0.2876595744680851,0.5363390480545726
283.0,0.16,36.0,1.0,0.287208480565371,0.5359183525177795
284.0,0.16,36.0,1.0,0.28676056338028166,0.535500292605225
285.0,0.16,36.0,1.0,0.2863157894736842,0.5350848432479509
286.0,0.16,36.0,1.0,0.28587412587412586,0.5346719796979508
287.0,0.16,36.0,1.0,0.2854355400696864,0.5342616775229966
288.0,0.16,36.0,1.0,0.28500000000000003,0.5338539126015656
289.0,0.16,36.0,1.0,0.2845674740484429,0.5334486611178652
290.0,0.16,36.0,1.0,0.28413793103448276,0.5330458995569545
291.0,0.16,36.0,1.0,0.2837113402061856,0.5326456046999596
292.0,0.16,36.0,1.0,0.2832876712328767,0.5322477536193804
293.0,0.16,36.0,1.0,0.2828668941979522,0.5318523236744879
294.0,0.16,36.0,1.0,0.28244897959183674,0.5314592925068078
295.0,0.16,36.0,1.0,0.28203389830508474,0.5310686380356919
296.0,0.16,36.0,1.0,0.28162162162162163,0.5306803384539714
297.0,0.16,36.0,1.0,0.28121212121212125,0.5302943722236936
298.0,0.16,36.0,1.0,0.2808053691275168,0.5299107180719379
299.0,0.16,36.0,1.0,0.28040133779264215,0.5295293549867109
300.0,0.16,36.0,1.0,0.28,0.5291502622129182
301.0,0.16,36.0,1.0,0.2796013289036545,0.5287734192484098
302.0,0.16,36.0,1.0,0.279205298013245,0.5283988058401012
303.0,0.16,36.0,1.0,0.27881188118811884,0.528026401980165
304.0,0.16,36.0,1.0,0.27842105263157896,0.5276561879022921
305.0,0.16,36.0,1.0,0.2780327868852459,0.5272881440780229
306.0,0.16,36.0,1.0,0.2776470588235294,0.5269222512131457
307.0,0.16,36.0,1.0,0.27726384364820844,0.5265584902441593
308.0,0.16,36.0,1.0,0.2768831168831169,0.5261968423348024
309.0,0.16,36.0,1.0,0.276504854368932,0.5258372888726436
310.0,0.16,36.0,1.0,0.2761290322580645,0.5254798114657351
311.0,0.16,36.0,1.0,0.2757556270096463,0.5251243919393255
312.0,0.16,36.0,1.0,0.2753846153846154,0.524771012332632
313.0,0.16,36.0,1.0,0.27501597444089454,0.5244196548956709
314.0,0.16,36.0,1.0,0.2746496815286624,0.5240703020861441
315.0,0.16,36.0,1.0,0.2742857142857143,0.5237229365663817
316.0,0.16,36.0,1.0,0.27392405063291136,0.5233775412003379
317.0,0.16,36.0,1.0,0.2735646687697161,0.5230340990506414
318.0,0.16,36.0,1.0,0.2732075471698113,0.5226925933756966
319.0,0.16,36.0,1.0,0.2728526645768025,0.5223530076268371
320.0,0.16,36.0,1.0,0.2725,0.5220153254455275
321.0,0.16,36.0,1.0,0.27214953271028036,0.5216795306606158
322.0,0.16,36.0,1.0,0.27180124223602486,0.5213456072856324
323.0,0.16,36.0,1.0,0.2714551083591331,0.5210135395161368
324.0,0.16,36.0,1.0,0.2711111111111111,0.5206833117271102
325.0,0.16,36.0,1.0,0.27076923076923076,0.5203549084703927
326.0,0.16,36.0,1.0,0.27042944785276074,0.5200283144721648
327.0,0.16,36.0,1.0,0.2700917431192661,0.5197035146304728
328.0,0.16,36.0,1.0,0.2697560975609756,0.5193804940127956
329.0,0.16,36.0,1.0,0.2694224924012158,0.5190592378536536
330.0,0.16,36.0,1.0,0.2690909090909091,0.5187397315522584
331.0,0.16,36.0,1.0,0.26876132930513597,0.5184219606702015
332.0,0.16,36.0,1.0,0.26843373493975903,0.5181059109291835
333.0,0.16,36.0,1.0,0.26810810810810815,0.5177915682087805
334.0,0.16,36.0,1.0,0.26778443113772454,0.5174789185442481
335.0,0.16,36.0,1.0,0.2674626865671642,0.5171679481243634
336.0,0.16,36.0,1.0,0.2671428571428571,0.5168586432893012
337.0,0.16,36.0,1.0,0.26682492581602374,0.5165509905285477
338.0,0.16,36.0,1.0,0.266508875739645,0.5162449764788467
339.0,0.16,36.0,1.0,0.2661946902654867,0.5159405879221819
340.0,0.16,36.0,1.0,0.26588235294117646,0.5156378117837912
341.0,0.16,36.0,1.0,0.26557184750733137,0.5153366351302141
342.0,0.16,36.0,1.0,0.26526315789473687,0.5150370451673713
343.0,0.16,36.0,1.0,0.26495626822157436,0.5147390292386759
344.0,0.16,36.0,1.0,0.26465116279069767,0.5144425748231747
345.0,0.16,36.0,1.0,0.2643478260869565,0.5141476695337212
346.0,0.16,36.0,1.0,0.26404624277456645,0.5138543011151765
347.0,0.16,36.0,1.0,0.2637463976945245,0.5135624574426411
348.0,0.16,36.0,1.0,0.263448275862069,0.5132721265197137
349.0,0.16,36.0,1.0,0.2631518624641834,0.5129832964767794
350.0,0.16,36.0,1.0,0.26285714285714284,0.5126959555693246
351.0,0.16,36.0,1.0,0.26256410256410256,0.5124100921762789
352.0,0.16,36.0,1.0,0.26227272727272727,0.5121256947983838
353.0,0.16,36.0,1.0,0.2619830028328612,0.5118427520565874
354.0,0.16,36.0,1.0,0.26169491525423727,0.5115612526904645
355.0,0.16,36.0,1.0,0.26140845070422536,0.5112811855566616
356.0,0.16,36.0,1.0,0.261123595505618,0.5110025396273662
357.0,0.16,36.0,1.0,0.2608403361344538,0.5107253039888016
358.0,0.16,36.0,1.0,0.26055865921787713,0.5104494678397433
359.0,0.16,36.0,1.0,0.26027855153203344,0.5101750204900602
360.0,0.16,36.0,1.0,0.26,0.5099019513592785
361.0,0.16,36.0,1.0,0.2597229916897507,0.5096302499751665
362.0,0.16,36.0,1.0,0.2594475138121547,0.5093599059723436
363.0,0.16,36.0,1.0,0.2591735537190083,0.5090909090909091
364.0,0.16,36.0,1.0,0.2589010989010989,0.5088232491750931
365.0,0.16,36.0,1.0,0.2586301369863014,0.508556916171928
366.0,0.16,36.0,1.0,0.25836065573770495,0.5082919001299401
367.0,0.16,36.0,1.0,0.25809264305177115,0.5080281911978617
368.0,0.16,36.0,1.0,0.25782608695652176,0.5077657796233631
369.0,0.16,36.0,1.0,0.2575609756097561,0.507504655751803
370.0,0.16,36.0,1.0,0.25729729729729733,0.507244810024999
371.0,0.16,36.0,1.0,0.25703504043126685,0.5069862329800158
372.0,0.16,36.0,1.0,0.2567741935483871,0.5067289152479727
373.0,0.16,36.0,1.0,0.256514745308311,0.5064728475528683
374.0,0.16,36.0,1.0,0.2562566844919786,0.5062180207104233
375.0,0.16,36.0,1.0,0.256,0.5059644256269407
376.0,0.16,36.0,1.0,0.25574468085106383,0.5057120532981826
377.0,0.16,36.0,1.0,0.25549071618037134,0.5054608948082644
378.0,0.16,36.0,1.0,0.25523809523809526,0.5052109413285655
379.0,0.16,36.0,1.0,0.2549868073878628,0.5049621841166552
380.0,0.16,36.0,1.0,0.25473684210526315,0.5047146145152359
381.0,0.16,36.0,1.0,0.2544881889763779,0.5044682239511007
382.0,0.16,36.0,1.0,0.2542408376963351,0.5042230039341076
383.0,0.16,36.0,1.0,0.2539947780678851,0.5039789460561672
384.0,0.16,36.0,1.0,0.25375000000000003,0.5037360419902471
385.0,0.16,36.0,1.0,0.2535064935064935,0.5034942834893893
386.0,0.16,36.0,1.0,0.25326424870466324,0.5032536623857429
387.0,0.16,36.0,1.0,0.25302325581395346,0.5030141705896102
388.0,0.16,36.0,1.0,0.2527835051546392,0.5027758000885079
389.0,0.16,36.0,1.0,0.25254498714652956,0.5025385429462397
390.0,0.16,36.0,1.0,0.25230769230769234,0.5023023913019848
391.0,0.16,36.0,1.0,0.25207161125319694,0.502067337369398
392.0,0.16,36.0,1.0,0.2518367346938776,0.5018333734357228
393.0,0.16,36.0,1.0,0.2516030534351145,0.5016004918609177
394.0,0.16,36.0,1.0,0.2513705583756345,0.501368685076795
395.0,0.16,36.0,1.0,0.25113924050632913,0.5011379455861721
396.0,0.16,36.0,1.0,0.2509090909090909,0.5009082659620331
397.0,0.16,36.0,1.0,0.2506801007556675,0.5006796388467055
398.0,0.16,36.0,1.0,0.25045226130653264,0.5004520569510457
399.0,0.16,36.0,1.0,0.25022556390977446,0.500225513053637
400.0,0.16,36.0,1.0,0.25,0.5
401.0,0.16,36.0,1.0,0.24977556109725685,0.49977551070181186
402.0,0.16,36.0,1.0,0.24955223880597016,0.4995520381361387
403.0,0.16,36.0,1.0,0.24933002481389577,0.4993295753446773
404.0,0.16,36.0,1.0,0.2491089108910891,0.49910811543300826
405.0,0.16,36.0,1.0,0.24888888888888888,0.49888765156985887
406.0,0.16,36.0,1.0,0.24866995073891626,0.49866817698637667
407.0,0.16,36.0,1.0,0.24845208845208844,0.498449684975413
408.0,0.16,36.0,1.0,0.24823529411764705,0.49823216889081645
409.0,0.16,36.0,1.0,0.24801955990220048,0.49801562214673595
410.0,0.16,36.0,1.0,0.24780487804878049,0.4978000382169335
411.0,0.16,36.0,1.0,0.24759124087591242,0.49758541063410655
412.0,0.16,36.0,1.0,0.24737864077669902,0.49737173298921905
413.0,0.16,36.0,1.0,0.24716707021791767,0.4971589989308427
414.0,0.16,36.0,1.0,0.24695652173913044,0.49694720216450605
415.0,0.16,36.0,1.0,0.24674698795180722,0.496736336452053
416.0,0.16,36.0,1.0,0.24653846153846154,0.4965263956110103
417.0,0.16,36.0,1.0,0.24633093525179856,0.4963173735139629
418.0,0.16,36.0,1.0,0.2461244019138756,0.4961092640879382
419.0,0.16,36.0,1.0,0.24591885441527445,0.4959020613137986
420.0,0.16,36.0,1.0,0.24571428571428572,0.4956957592256421
421.0,0.16,36.0,1.0,0.2455106888361045,0.49549035191021074
422.0,0.16,36.0,1.0,0.24530805687203794,0.49528583350630767
423.0,0.16,36.0,1.0,0.2451063829787234,0.49508219820422084
424.0,0.16,36.0,1.0,0.2449056603773585,0.49487944024515557
425.0,0.16,36.0,1.0,0.24470588235294116,0.4946775539206738
426.0,0.16,36.0,1.0,0.24450704225352113,0.49447653357214144
427.0,0.16,36.0,1.0,0.24430913348946137,0.4942763735901822
428.0,0.16,36.0,1.0,0.24411214953271027,0.4940770684141395
429.0,0.16,36.0,1.0,0.24391608391608394,0.49387861253154497
430.0,0.16,36.0,1.0,0.24372093023255814,0.493681000477594
431.0,0.16,36.0,1.0,0.24352668213457077,0.49348422683462817
432.0,0.16,36.0,1.0,0.24333333333333335,0.49328828623162474
433.0,0.16,36.0,1.0,0.24314087759815242,0.4930931733436921
434.0,0.16,36.0,1.0,0.24294930875576037,0.4928988828915728
435.0,0.16,36.0,1.0,0.24275862068965517,0.4927054096411518
436.0,0.16,36.0,1.0,0.24256880733944955,0.4925127484029724
437.0,0.16,36.0,1.0,0.24237986270022882,0.49232089403175733
438.0,0.16,36.0,1.0,0.2421917808219178,0.4921298414259369
439.0,0.16,36.0,1.0,0.24200455580865604,0.4919395855271824
440.0,0.16,36.0,1.0,0.24181818181818182,0.4917501213199462
441.0,0.16,36.0,1.0,0.2416326530612245,0.49156144383100725
442.0,0.16,36.0,1.0,0.241447963800905,0.49137354812902273
443.0,0.16,36.0,1.0,0.24126410835214446,0.4911864293240851
444.0,0.16,36.0,1.0,0.2410810810810811,0.4910000825672854
445.0,0.16,36.0,1.0,0.24089887640449437,0.49081450305028107
446.0,0.16,36.0,1.0,0.24071748878923765,0.49062968600487034
447.0,0.16,36.0,1.0,0.24053691275167785,0.49044562670257125
448.0,0.16,36.0,1.0,0.24035714285714288,0.4902623204542063
449.0,0.16,36.0,1.0,0.2401781737193764,0.4900797626094924
450.0,0.16,36.0,1.0,0.24,0.4898979485566356
451.0,0.16,36.0,1.0,0.23982261640798225,0.48971687372193157
452.0,0.16,36.0,1.0,0.23964601769911503,0.4895365335693701
453.0,0.16,36.0,1.0,0.23947019867549668,0.4893569236002457
454.0,0.16,36.0,1.0,0.23929515418502204,0.4891780393527719
455.0,0.16,36.0,1.0,0.23912087912087912,0.4889998764017013
456.0,0.16,36.0,1.0,0.23894736842105263,0.48882243035794976
457.0,0.16,36.0,1.0,0.2387746170678337,0.48864569686822545
458.0,0.16,36.0,1.0,0.23860262008733624,0.48846967161466254
459.0,0.16,36.0,1.0,0.2384313725490196,0.488294350314459
460.0,0.16,36.0,1.0,0.23826086956521741,0.4881197287195196
461.0,0.16,36.0,1.0,0.23809110629067246,0.4879458026161025
462.0,0.16,36.0,1.0,0.23792207792207792,0.48777256782447076
463.0,0.16,36.0,1.0,0.23775377969762418,0.48760002019854776
464.0,0.16,36.0,1.0,0.23758620689655174,0.487428155625577
465.0,0.16,36.0,1.0,0.23741935483870968,0.48725697002578594
466.0,0.16,36.0,1.0,0.23725321888412018,0.487086459352054
467.0,0.16,36.0,1.0,0.23708779443254818,0.48691661958958454
468.0,0.16,36.0,1.0,0.23692307692307693,0.48674744675558074
469.0,0.16,36.0,1.0,0.23675906183368872,0.48657893689892573
470.0,0.16,36.0,1.0,0.23659574468085107,0.48641108609986583
471.0,0.16,36.0,1.0,0.2364331210191083,0.4862438904696986
472.0,0.16,36.0,1.0,0.23627118644067796,0.48607734615046394
473.0,0.16,36.0,1.0,0.23610993657505286,0.48591144931463887
474.0,0.16,36.0,1.0,0.2359493670886076,0.4857461961648363
475.0,0.16,36.0,1.0,0.23578947368421055,0.4855815829335072
476.0,0.16,36.0,1.0,0.23563025210084032,0.4854176058826465
477.0,0.16,36.0,1.0,0.23547169811320756,0.4852542613035022
478.0,0.16,36.0,1.0,0.23531380753138076,0.48509154551628786
479.0,0.16,36.0,1.0,0.23515657620041752,0.48492945486989913
480.0,0.16,36.0,1.0,0.235,0.4847679857416329
481.0,0.16,36.0,1.0,0.23484407484407485,0.48460713453691007
482.0,0.16,36.0,1.0,0.2346887966804979,0.4844468976890015
483.0,0.16,36.0,1.0,0.23453416149068324,0.48428727165875757
484.0,0.16,36.0,1.0,0.2343801652892562,0.4841282529343399
485.0,0.16,36.0,1.0,0.23422680412371133,0.4839698380309576
486.0,0.16,36.0,1.0,0.23407407407407407,0.48381202349060537
487.0,0.16,36.0,1.0,0.23392197125256675,0.48365480588180526
488.0,0.16,36.0,1.0,0.2337704918032787,0.48349818179935145
489.0,0.16,36.0,1.0,0.23361963190184049,0.48334214786405755
490.0,0.16,36.0,1.0,0.23346938775510206,0.4831867007225075
491.0,0.16,36.0,1.0,0.23331975560081467,0.48303183704680863
492.0,0.16,36.0,1.0,0.23317073170731706,0.4828775535343479
493.0,0.16,36.0,1.0,0.23302231237322515,0.48272384690755143
494.0,0.16,36.0,1.0,0.2328744939271255,0.48257071391364553
495.0,0.16,36.0,1.0,0.23272727272727273,0.4824181513244218
496.0,0.16,36.0,1.0,0.23258064516129034,0.48226615593600425
497.0,0.16,36.0,1.0,0.23243460764587526,0.48211472456861887
498.0,0.16,36.0,1.0,0.232289156626506,0.4819638540663667
499.0,0.16,36.0,1.0,0.2321442885771543,0.4818135412969983
500.0,0.16,36.0,1.0,0.23199999999999998,0.4816637831516918
501.0,0.16,36.0,1.0,0.2318562874251497,0.4815145765448328
502.0,0.16,36.0,1.0,0.2317131474103586,0.48136591841379733
503.0,0.16,36.0,1.0,0.23157057654075547,0.48121780571873635
504.0,0.16,36.0,1.0,0.23142857142857143,0.4810702354423639
505.0,0.16,36.0,1.0,0.23128712871287127,0.4809232045897466
506.0,0.16,36.0,1.0,0.23114624505928855,0.4807767101880961
507.0,0.16,36.0,1.0,0.23100591715976332,0.48063074928656335
508.0,0.16,36.0,1.0,0.23086614173228348,0.4804853189560358
509.0,0.16,36.0,1.0,0.23072691552062868,0.48034041628893637
510.0,0.16,36.0,1.0,0.23058823529411765,0.48019603839902475
511.0,0.16,36.0,1.0,0.23045009784735812,0.48005218242120107
512.0,0.16,36.0,1.0,0.2303125,0.4799088455113117
513.0,0.16,36.0,1.0,0.23017543859649123,0.47976602484595676
514.0,0.16,36.0,1.0,0.23003891050583658,0.4796237176223008
515.0,0.16,36.0,1.0,0.22990291262135923,0.47948192105788434
516.0,0.16,36.0,1.0,0.2297674418604651,0.4793406323904381
517.0,0.16,36.0,1.0,0.22963249516441006,0.4791998488776995
518.0,0.16,36.0,1.0,0.2294980694980695,0.47905956779723075
519.0,0.16,36.0,1.0,0.22936416184971098,0.4789197864462388
520.0,0.16,36.0,1.0,0.22923076923076924,0.478780502141398
521.0,0.16,36.0,1.0,0.2290978886756238,0.47864171221867385
522.0,0.16,36.0,1.0,0.2289655172413793,0.4785034140331491
523.0,0.16,36.0,1.0,0.2288336520076482,0.4783656049588517
524.0,0.16,36.0,1.0,0.22870229007633588,0.47822828238858467
525.0,0.16,36.0,1.0,0.2285714285714286,0.4780914437337575
526.0,0.16,36.0,1.0,0.22844106463878328,0.47795508642421963
527.0,0.16,36.0,1.0,0.22831119544592032,0.47781920790809607
528.0,0.16,36.0,1.0,0.22818181818181818,0.47768380565162366
529.0,0.16,36.0,1.0,0.2280529300567108,0.47754887713899064
530.0,0.16,36.0,1.0,0.2279245283018868,0.4774144198721765
531.0,0.16,36.0,1.0,0.22779661016949154,0.47728043137079434
532.0,0.16,36.0,1.0,0.22766917293233083,0.47714690917193503
533.0,0.16,36.0,1.0,0.2275422138836773,0.47701385083001235
534.0,0.16,36.0,1.0,0.22741573033707865,0.4768812539166104
535.0,0.16,36.0,1.0,0.22728971962616823,0.47674911602033226
536.0,0.16,36.0,1.0,0.22716417910447761,0.47661743474665047
537.0,0.16,36.0,1.0,0.2270391061452514,0.476486207717759
538.0,0.16,36.0,1.0,0.22691449814126394,0.4763554325724269
539.0,0.16,36.0,1.0,0.22679035250463822,0.4762251069658531
540.0,0.16,36.0,1.0,0.22666666666666668,0.47609522856952335
541.0,0.16,36.0,1.0,0.226543438077634,0.4759657950710681
542.0,0.16,36.0,1.0,0.22642066420664209,0.4758368041741224
543.0,0.16,36.0,1.0,0.22629834254143646,0.47570825359818647
544.0,0.16,36.0,1.0,0.2261764705882353,0.4755801410784888
545.0,0.16,36.0,1.0,0.22605504587155964,0.47545246436584976
546.0,0.16,36.0,1.0,0.22593406593406595,0.47532522122654713
547.0,0.16,36.0,1.0,0.22581352833638024,0.4751984094421826
548.0,0.16,36.0,1.0,0.2256934306569343,0.4750720268095506
549.0,0.16,36.0,1.0,0.22557377049180327,0.47494607114050674
550.0,0.16,36.0,1.0,0.22545454545454546,0.47482054026183984
551.0,0.16,36.0,1.0,0.22533575317604354,0.4746954320151433
552.0,0.16,36.0,1.0,0.2252173913043478,0.4745707442566891
553.0,0.16,36.0,1.0,0.22509945750452082,0.47444647485730235
554.0,0.16,36.0,1.0,0.22498194945848377,0.4743226217022374
555.0,0.16,36.0,1.0,0.22486486486486487,0.4741991826910553
556.0,0.16,36.0,1.0,0.22474820143884894,0.4740761557375027
557.0,0.16,36.0,1.0,0.22463195691202872,0.4739535387693911
558.0,0.16,36.0,1.0,0.22451612903225807,0.47383132972847847
559.0,0.16,36.0,1.0,0.22440071556350627,0.4737095265703512
560.0,0.16,36.0,1.0,0.22428571428571428,0.4735881272643079
561.0,0.16,36.0,1.0,0.22417112299465242,0.47346712979324385
562.0,0.16,36.0,1.0,0.22405693950177935,0.4733465321535369
563.0,0.16,36.0,1.0,0.22394316163410302,0.4732263323549346
564.0,0.16,36.0,1.0,0.22382978723404257,0.4731065284204421
565.0,0.16,36.0,1.0,0.22371681415929204,0.4729871183862115
566.0,0.16,36.0,1.0,0.2236042402826855,0.47286810030143234
567.0,0.16,36.0,1.0,0.2234920634920635,0.4727494722282231
568.0,0.16,36.0,1.0,0.22338028169014085,0.4726312322415234
569.0,0.16,36.0,1.0,0.22326889279437612,0.4725133784289881
570.0,0.16,36.0,1.0,0.2231578947368421,0.4723959088908816
571.0,0.16,36.0,1.0,0.22304728546409808,0.47227882173997393
572.0,0.16,36.0,1.0,0.22293706293706295,0.4721621151014373
573.0,0.16,36.0,1.0,0.22282722513089004,0.47204578711274403
574.0,0.16,36.0,1.0,0.22271777003484322,0.47192983592356524
575.0,0.16,36.0,1.0,0.22260869565217392,0.4718142596956708
576.0,0.16,36.0,1.0,0.2225,0.4716990566028302
577.0,0.16,36.0,1.0,0.22239168110918545,0.47158422483071405
578.0,0.16,36.0,1.0,0.22228373702422144,0.4714697625767971
579.0,0.16,36.0,1.0,0.2221761658031088,0.471355668050262
580.0,0.16,36.0,1.0,0.22206896551724137,0.47124193947190374
581.0,0.16,36.0,1.0,0.22196213425129088,0.47112857507403527
582.0,0.16,36.0,1.0,0.2218556701030928,0.4710155731003942
583.0,0.16,36.0,1.0,0.22174957118353344,0.4709029318060501
584.0,0.16,36.0,1.0,0.22164383561643836,0.47079064945731275
585.0,0.16,36.0,1.0,0.22153846153846155,0.4706787243316417
586.0,0.16,36.0,1.0,0.2214334470989761,0.47056715471755584
587.0,0.16,36.0,1.0,0.22132879045996592,0.4704559389145448
588.0,0.16,36.0,1.0,0.22122448979591836,0.4703450752329808
589.0,0.16,36.0,1.0,0.22112054329371816,0.47023456199403096
590.0,0.16,36.0,1.0,0.22101694915254239,0.4701243975295713
591.0,0.16,36.0,1.0,0.22091370558375634,0.4700145801821007
592.0,0.16,36.0,1.0,0.22081081081081083,0.46990510830465637
593.0,0.16,36.0,1.0,0.22070826306913996,0.4697959802607297
594.0,0.16,36.0,1.0,0.2206060606060606,0.46968719442418333
595.0,0.16,36.0,1.0,0.22050420168067228,0.4695787491791683
596.0,0.16,36.0,1.0,0.2204026845637584,0.46947064292004287
597.0,0.16,36.0,1.0,0.22030150753768846,0.4693628740512914
598.0,0.16,36.0,1.0,0.22020066889632106,0.46925544098744454
599.0,0.16,36.0,1.0,0.2201001669449082,0.46914834215299983
600.0,0.16,36.0,1.0,0.22,0.469041575982343
601.0,0.16,36.0,1.0,0.2199001663893511,0.46893514091967037
602.0,0.16,36.0,1.0,0.21980066445182725,0.4688290354189118
603.0,0.16,36.0,1.0,0.21970149253731344,0.46872325794365427
604.0,0.16,36.0,1.0,0.21960264900662252,0.4686178069670662
605.0,0.16,36.0,1.0,0.21950413223140497,0.46851268097182275
606.0,0.16,36.0,1.0,0.2194059405940594,0.4684078784500314
607.0,0.16,36.0,1.0,0.21930807248764417,0.46830339790315867
608.0,0.16,36.0,1.0,0.21921052631578947,0.46819923784195705
609.0,0.16,36.0,1.0,0.21911330049261085,0.46809539678639317
610.0,0.16,36.0,1.0,0.21901639344262297,0.467991873265576
611.0,0.16,36.0,1.0,0.21891980360065466,0.46788866581768646
612.0,0.16,36.0,1.0,0.2188235294117647,0.46778577298990687
613.0,0.16,36.0,1.0,0.21872756933115825,0.4676831933383519
614.0,0.16,36.0,1.0,0.21863192182410424,0.4675809254279993
615.0,0.16,36.0,1.0,0.21853658536585366,0.46747896783262205
616.0,0.16,36.0,1.0,0.21844155844155844,0.4673773191347206
617.0,0.16,36.0,1.0,0.21834683954619125,0.467275977925456
618.0,0.16,36.0,1.0,0.21825242718446602,0.46717494280458366
619.0,0.16,36.0,1.0,0.2181583198707593,0.46707421238038743
620.0,0.16,36.0,1.0,0.21806451612903227,0.46697378526961475
621.0,0.16,36.0,1.0,0.21797101449275363,0.4668736600974118
622.0,0.16,36.0,1.0,0.21787781350482316,0.46677383549726004
623.0,0.16,36.0,1.0,0.21778491171749598,0.4666743101109123
624.0,0.16,36.0,1.0,0.21769230769230768,0.4665750825883308
625.0,0.16,36.0,1.0,0.21760000000000002,0.46647615158762407
626.0,0.16,36.0,1.0,0.21750798722044729,0.466377515774986
627.0,0.16,36.0,1.0,0.21741626794258373,0.4662791738246345
628.0,0.16,36.0,1.0,0.21732484076433123,0.46618112441875126
629.0,0.16,36.0,1.0,0.21723370429252783,0.46608336624742125
630.0,0.16,36.0,1.0,0.21714285714285714,0.465985898008574
631.0,0.16,36.0,1.0,0.21705229793977815,0.4658887184079243
632.0,0.16,36.0,1.0,0.2169620253164557,0.46579182615891374
633.0,0.16,36.0,1.0,0.21687203791469195,0.4656952199826534
634.0,0.16,36.0,1.0,0.21678233438485806,0.4655988986078662
635.0,0.16,36.0,1.0,0.21669291338582677,0.46550286077083003
636.0,0.16,36.0,1.0,0.21660377358490568,0.46540710521532186
637.0,0.16,36.0,1.0,0.2165149136577708,0.4653116306925616
638.0,0.16,36.0,1.0,0.21642633228840125,0.46521643596115697
639.0,0.16,36.0,1.0,0.2163380281690141,0.46512151978704885
640.0,0.16,36.0,1.0,0.21625,0.46502688094345684
641.0,0.16,36.0,1.0,0.2161622464898596,0.46493251821082554
642.0,0.16,36.0,1.0,0.2160747663551402,0.46483843037677103
643.0,0.16,36.0,1.0,0.21598755832037325,0.4647446162360283
644.0,0.16,36.0,1.0,0.21590062111801242,0.4646510745903989
645.0,0.16,36.0,1.0,0.2158139534883721,0.4645578042486985
646.0,0.16,36.0,1.0,0.21572755417956657,0.4644648040267062
647.0,0.16,36.0,1.0,0.21564142194744979,0.4643720727471128
648.0,0.16,36.0,1.0,0.21555555555555556,0.46427960923947065
649.0,0.16,36.0,1.0,0.21546995377503853,0.4641874123401436
650.0,0.16,36.0,1.0,0.2153846153846154,0.4640954808922571
651.0,0.16,36.0,1.0,0.21529953917050693,0.464003813745649
652.0,0.16,36.0,1.0,0.21521472392638036,0.46391240975682074
653.0,0.16,36.0,1.0,0.2151301684532925,0.4638212677888892
654.0,0.16,36.0,1.0,0.21504587155963303,0.4637303867115385
655.0,0.16,36.0,1.0,0.2149618320610687,0.46363976540097235
656.0,0.16,36.0,1.0,0.2148780487804878,0.4635494027398674
657.0,0.16,36.0,1.0,0.2147945205479452,0.46345929761732607
658.0,0.16,36.0,1.0,0.2147112462006079,0.46336944892883036
659.0,0.16,36.0,1.0,0.21462822458270106,0.46327985557619605
660.0,0.16,36.0,1.0,0.21454545454545454,0.4631905164675271
661.0,0.16,36.0,1.0,0.21446293494704993,0.46310143051717073
662.0,0.16,36.0,1.0,0.21438066465256797,0.46301259664567224
663.0,0.16,36.0,1.0,0.21429864253393666,0.4629240137797311
664.0,0.16,36.0,1.0,0.21421686746987953,0.46283568085215676
665.0,0.16,36.0,1.0,0.21413533834586468,0.4627475968018253
666.0,0.16,36.0,1.0,0.21405405405405406,0.46265976057363584
667.0,0.16,36.0,1.0,0.21397301349325337,0.46257217111846816
668.0,0.16,36.0,1.0,0.2138922155688623,0.4624848273931398
669.0,0.16,36.0,1.0,0.21381165919282513,0.4623977283603642
670.0,0.16,36.0,1.0,0.2137313432835821,0.4623108729887089
671.0,0.16,36.0,1.0,0.21365126676602086,0.4622242602525541
672.0,0.16,36.0,1.0,0.21357142857142858,0.4621378891320518
673.0,0.16,36.0,1.0,0.2134918276374443,0.4620517586130847
674.0,0.16,36.0,1.0,0.21341246290801186,0.4619658676872263
675.0,0.16,36.0,1.0,0.21333333333333335,0.46188021535170065
676.0,0.16,36.0,1.0,0.21325443786982248,0.4617948006093426
677.0,0.16,36.0,1.0,0.2131757754800591,0.4617096224685588
678.0,0.16,36.0,1.0,0.21309734513274337,0.4616246799432883
679.0,0.16,36.0,1.0,0.21301914580265097,0.4615399720529642
680.0,0.16,36.0,1.0,0.21294117647058824,0.461455497822475
681.0,0.16,36.0,1.0,0.21286343612334802,0.4613712562821269
682.0,0.16,36.0,1.0,0.2127859237536657,0.4612872464676058
683.0,0.16,36.0,1.0,0.2127086383601757,0.46120346741994006
684.0,0.16,36.0,1.0,0.21263157894736842,0.4611199181854634
685.0,0.16,36.0,1.0,0.21255474452554746,0.46103659781577805
686.0,0.16,36.0,1.0,0.21247813411078717,0.4609535053677184
687.0,0.16,36.0,1.0,0.21240174672489082,0.4608706399033147
688.0,0.16,36.0,1.0,0.21232558139534885,0.4607880004897576
689.0,0.16,36.0,1.0,0.21224963715529754,0.46070558619936175
690.0,0.16,36.0,1.0,0.21217391304347827,0.4606233961095314
691.0,0.16,36.0,1.0,0.21209840810419683,0.46054142930272496
692.0,0.16,36.0,1.0,0.21202312138728324,0.46045968486642047
693.0,0.16,36.0,1.0,0.21194805194805194,0.46037816189308106
694.0,0.16,36.0,1.0,0.21187319884726225,0.460296859480121
695.0,0.16,36.0,1.0,0.21179856115107915,0.46021577672987174
696.0,0.16,36.0,1.0,0.21172413793103448,0.4601349127495484
697.0,0.16,36.0,1.0,0.21164992826398854,0.4600542666512164
698.0,0.16,36.0,1.0,0.2115759312320917,0.4599738375517587
699.0,0.16,36.0,1.0,0.2115021459227468,0.4598936245728427
700.0,0.16,36.0,1.0,0.21142857142857144,0.45981362684088806
701.0,0.16,36.0,1.0,0.21135520684736092,0.4597338434870343
702.0,0.16,36.0,1.0,0.2112820512820513,0.4596542736471089
703.0,0.16,36.0,1.0,0.21120910384068278,0.4595749164615958
704.0,0.16,36.0,1.0,0.21113636363636365,0.45949577107560374
705.0,0.16,36.0,1.0,0.21106382978723404,0.45941683663883504
706.0,0.16,36.0,1.0,0.21099150141643058,0.45933811230555494
707.0,0.16,36.0,1.0,0.21091937765205093,0.4592595972345607
708.0,0.16,36.0,1.0,0.21084745762711865,0.45918129058915136
709.0,0.16,36.0,1.0,0.21077574047954867,0.45910319153709733
710.0,0.16,36.0,1.0,0.2107042253521127,0.4590252992506107
711.0,0.16,36.0,1.0,0.21063291139240506,0.4589476129063153
712.0,0.16,36.0,1.0,0.21056179775280898,0.4588701316852176
713.0,0.16,36.0,1.0,0.21049088359046284,0.45879285477267717
714.0,0.16,36.0,1.0,0.2104201680672269,0.45871578135837765
715.0,0.16,36.0,1.0,0.21034965034965036,0.45863891063629825
716.0,0.16,36.0,1.0,0.21027932960893855,0.4585622418046852
717.0,0.16,36.0,1.0,0.2102092050209205,0.45848577406602326
718.0,0.16,36.0,1.0,0.2101392757660167,0.4584095066270078
719.0,0.16,36.0,1.0,0.21006954102920722,0.45833343869851695
720.0,0.16,36.0,1.0,0.21000000000000002,0.45825756949558405
721.0,0.16,36.0,1.0,0.20993065187239945,0.45818189823736977
722.0,0.16,36.0,1.0,0.20986149584487535,0.45810642414713565
723.0,0.16,36.0,1.0,0.20979253112033194,0.45803114645221665
724.0,0.16,36.0,1.0,0.20972375690607736,0.45795606438399455
725.0,0.16,36.0,1.0,0.2096551724137931,0.45788117717787125
726.0,0.16,36.0,1.0,0.20958677685950414,0.4578064840732426
727.0,0.16,36.0,1.0,0.20951856946354883,0.4577319843134723
728.0,0.16,36.0,1.0,0.20945054945054944,0.4576576771458657
729.0,0.16,36.0,1.0,0.20938271604938272,0.45758356182164445
730.0,0.16,36.0,1.0,0.20931506849315068,0.45750963759592067
731.0,0.16,36.0,1.0,0.20924760601915185,0.45743590372767184
732.0,0.16,36.0,1.0,0.20918032786885246,0.45736235947971543
733.0,0.16,36.0,1.0,0.20911323328785814,0.4572890041186844
734.0,0.16,36.0,1.0,0.20904632152588556,0.45721583691500184
735.0,0.16,36.0,1.0,0.2089795918367347,0.45714285714285713
736.0,0.16,36.0,1.0,0.20891304347826087,0.45707006408018114
737.0,0.16,36.0,1.0,0.20884667571234736,0.45699745700862204
738.0,0.16,36.0,1.0,0.20878048780487807,0.45692503521352174
739.0,0.16,36.0,1.0,0.20871447902571041,0.45685279798389156
740.0,0.16,36.0,1.0,0.20864864864864865,0.4567807446123891
741.0,0.16,36.0,1.0,0.208582995951417,0.4567088743952946
742.0,0.16,36.0,1.0,0.2085175202156334,0.4566371866324877
743.0,0.16,36.0,1.0,0.20845222072678332,0.4565656806274244
744.0,0.16,36.0,1.0,0.20838709677419354,0.4564943556871142
745.0,0.16,36.0,1.0,0.2083221476510067,0.45642321112209744
746.0,0.16,36.0,1.0,0.2082573726541555,0.45635224624642257
747.0,0.16,36.0,1.0,0.20819277108433737,0.4562814603776241
748.0,0.16,36.0,1.0,0.2081283422459893,0.45621085283670015
749.0,0.16,36.0,1.0,0.20806408544726301,0.45614042294809065
750.0,0.16,36.0,1.0,0.20800000000000002,0.4560701700396552
751.0,0.16,36.0,1.0,0.20793608521970705,0.4560000934426517
752.0,0.16,36.0,1.0,0.20787234042553193,0.4559301924917146
753.0,0.16,36.0,1.0,0.20780876494023903,0.4558604665248337
754.0,0.16,36.0,1.0,0.20774535809018568,0.45579091488333295
755.0,0.16,36.0,1.0,0.20768211920529803,0.4557215369118493
756.0,0.16,36.0,1.0,0.20761904761904762,0.45565233195831184
757.0,0.16,36.0,1.0,0.207556142668428,0.4555832993739213
758.0,0.16,36.0,1.0,0.2074934036939314,0.4555144385131292
759.0,0.16,36.0,1.0,0.2074308300395257,0.45544574873361776
760.0,0.16,36.0,1.0,0.2073684210526316,0.45537722939627934
761.0,0.16,36.0,1.0,0.20730617608409987,0.4553088798651964
762.0,0.16,36.0,1.0,0.20724409448818898,0.45524069950762197
763.0,0.16,36.0,1.0,0.2071821756225426,0.4551726876939593
764.0,0.16,36.0,1.0,0.20712041884816754,0.4551048437977424
765.0,0.16,36.0,1.0,0.20705882352941177,0.4550371671956169
766.0,0.16,36.0,1.0,0.20699738903394255,0.4549696572673199
767.0,0.16,36.0,1.0,0.2069361147327249,0.4549023133956618
768.0,0.16,36.0,1.0,0.206875,0.4548351349665063
769.0,0.16,36.0,1.0,0.206814044213264,0.45476812136875205
770.0,0.16,36.0,1.0,0.20675324675324674,0.4547012719943136
771.0,0.16,36.0,1.0,0.20669260700389105,0.45463458623810293
772.0,0.16,36.0,1.0,0.2066321243523316,0.4545680634980108
773.0,0.16,36.0,1.0,0.20657179818887453,0.4545017031748886
774.0,0.16,36.0,1.0,0.20651162790697675,0.4544355046725297
775.0,0.16,36.0,1.0,0.2064516129032258,0.4543694673976518
776.0,0.16,36.0,1.0,0.2063917525773196,0.454303590759879
777.0,0.16,36.0,1.0,0.20633204633204633,0.4542378741717233
778.0,0.16,36.0,1.0,0.20627249357326477,0.45417231704856775
779.0,0.16,36.0,1.0,0.20621309370988447,0.4541069188086485
780.0,0.16,36.0,1.0,0.20615384615384616,0.4540416788730371
781.0,0.16,36.0,1.0,0.20609475032010244,0.4539765966656238
782.0,0.16,36.0,1.0,0.20603580562659846,0.4539116716130997
783.0,0.16,36.0,1.0,0.20597701149425288,0.45384690314494036
784.0,0.16,36.0,1.0,0.20591836734693877,0.4537822906933883
785.0,0.16,36.0,1.0,0.20585987261146496,0.45371783369343655
786.0,0.16,36.0,1.0,0.20580152671755725,0.45365353158281185
787.0,0.16,36.0,1.0,0.2057433290978399,0.45358938380195796
788.0,0.16,36.0,1.0,0.20568527918781726,0.4535253897940194
789.0,0.16,36.0,1.0,0.20562737642585552,0.4534615490048252
790.0,0.16,36.0,1.0,0.20556962025316455,0.4533978608828724
791.0,0.16,36.0,1.0,0.20551201011378004,0.4533343248793103
792.0,0.16,36.0,1.0,0.20545454545454545,0.453270940447924
793.0,0.16,36.0,1.0,0.20539722572509458,0.4532077070451192
794.0,0.16,36.0,1.0,0.20534005037783376,0.45314462412990597
795.0,0.16,36.0,1.0,0.20528301886792452,0.4530816911638833
796.0,0.16,36.0,1.0,0.20522613065326634,0.4530189076112236
797.0,0.16,36.0,1.0,0.2051693851944793,0.4529562729386572
798.0,0.16,36.0,1.0,0.20511278195488722,0.45289378661545715
799.0,0.16,36.0,1.0,0.20505632040050062,0.452831448113424
800.0,0.16,36.0,1.0,0.20500000000000002,0.45276925690687087
801.0,0.16,36.0,1.0,0.2049438202247191,0.4527072124726081
802.0,0.16,36.0,1.0,0.20488778054862844,0.4526453142899288
803.0,0.16,36.0,1.0,0.2048318804483188,0.452583561840594
804.0,0.16,36.0,1.0,0.20477611940298507,0.45252195460881794
805.0,0.16,36.0,1.0,0.20472049689440994,0.4524604920812534
806.0,0.16,36.0,1.0,0.2046650124069479,0.45239917374697747
807.0,0.16,36.0,1.0,0.2046096654275093,0.45233799909747724
808.0,0.16,36.0,1.0,0.20455445544554457,0.4522769676266354
809.0,0.16,36.0,1.0,0.20449938195302844,0.45221607883071613
810.0,0.16,36.0,1.0,0.20444444444444446,0.45215533220835125
811.0,0.16,36.0,1.0,0.20438964241676943,0.4520947272605261
812.0,0.16,36.0,1.0,0.20433497536945813,0.45203426349056564
813.0,0.16,36.0,1.0,0.20428044280442803,0.45197394040412114
814.0,0.16,36.0,1.0,0.20422604422604423,0.45191375750915597
815.0,0.16,36.0,1.0,0.2041717791411043,0.45185371431593246
816.0,0.16,36.0,1.0,0.20411764705882354,0.4517938103369982
817.0,0.16,36.0,1.0,0.20406364749082007,0.451734045087173
818.0,0.16,36.0,1.0,0.20400977995110026,0.4516744180835353
819.0,0.16,36.0,1.0,0.20395604395604397,0.45161492884540916
820.0,0.16,36.0,1.0,0.20390243902439026,0.4515555768943511
821.0,0.16,36.0,1.0,0.2038489646772229,0.45149636175413743
822.0,0.16,36.0,1.0,0.2037956204379562,0.45143728295075075
823.0,0.16,36.0,1.0,0.20374240583232078,0.4513783400123679
824.0,0.16,36.0,1.0,0.20368932038834953,0.45131953246934653
825.0,0.16,36.0,1.0,0.20363636363636364,0.451260859854213
826.0,0.16,36.0,1.0,0.20358353510895882,0.45120232170164953
827.0,0.16,36.0,1.0,0.20353083434099153,0.451143917548482
828.0,0.16,36.0,1.0,0.20347826086956522,0.4510856469336674
829.0,0.16,36.0,1.0,0.2034258142340169,0.4510275093982815
830.0,0.16,36.0,1.0,0.20337349397590362,0.4509695044855069
831.0,0.16,36.0,1.0,0.20332129963898918,0.45091163174062077
832.0,0.16,36.0,1.0,0.20326923076923076,0.45085389071098275
833.0,0.16,36.0,1.0,0.20321728691476593,0.45079628094602325
834.0,0.16,36.0,1.0,0.2031654676258993,0.4507388019972313
835.0,0.16,36.0,1.0,0.20311377245508982,0.45068145341814303
836.0,0.16,36.0,1.0,0.2030622009569378,0.4506242347643298
837.0,0.16,36.0,1.0,0.20301075268817204,0.4505671455933866
838.0,0.16,36.0,1.0,0.20295942720763724,0.45051018546492066
839.0,0.16,36.0,1.0,0.20290822407628128,0.45045335394053987
840.0,0.16,36.0,1.0,0.20285714285714285,0.4503966505838413
841.0,0.16,36.0,1.0,0.20280618311533888,0.4503400749604002
842.0,0.16,36.0,1.0,0.20275534441805226,0.45028362663775845
843.0,0.16,36.0,1.0,0.20270462633451958,0.45022730518541365
844.0,0.16,36.0,1.0,0.20265402843601896,0.4501711101748078
845.0,0.16,36.0,1.0,0.202603550295858,0.4501150411793167
846.0,0.16,36.0,1.0,0.2025531914893617,0.45005909777423864
847.0,0.16,36.0,1.0,0.2025029515938607,0.4500032795367837
848.0,0.16,36.0,1.0,0.20245283018867924,0.44994758604606294
849.0,0.16,36.0,1.0,0.20240282685512367,0.44989201688307795
850.0,0.16,36.0,1.0,0.2023529411764706,0.44983657163070967
851.0,0.16,36.0,1.0,0.20230317273795534,0.44978124987370843
852.0,0.16,36.0,1.0,0.20225352112676057,0.44972605119868314
853.0,0.16,36.0,1.0,0.2022039859320047,0.4496709751940909
854.0,0.16,36.0,1.0,0.20215456674473067,0.44961602145022667
855.0,0.16,36.0,1.0,0.20210526315789473,0.4495611895592131
856.0,0.16,36.0,1.0,0.20205607476635515,0.44950647911499025
857.0,0.16,36.0,1.0,0.20200700116686116,0.4494518897133053
858.0,0.16,36.0,1.0,0.20195804195804196,0.44939742095170276
859.0,0.16,36.0,1.0,0.2019091967403958,0.4493430724295144
860.0,0.16,36.0,1.0,0.2018604651162791,0.449288843747849
861.0,0.16,36.0,1.0,0.2018118466898955,0.44923473450958296
862.0,0.16,36.0,1.0,0.20176334106728538,0.4491807443193501
863.0,0.16,36.0,1.0,0.2017149478563152,0.4491268727835323
864.0,0.16,36.0,1.0,0.20166666666666666,0.4490731195102493
865.0,0.16,36.0,1.0,0.2016184971098266,0.4490194841093498
866.0,0.16,36.0,1.0,0.2015704387990762,0.44896596619240103
867.0,0.16,36.0,1.0,0.20152249134948097,0.4489125653726803
868.0,0.16,36.0,1.0,0.2014746543778802,0.44885928126516467
869.0,0.16,36.0,1.0,0.20142692750287688,0.448806113486522
870.0,0.16,36.0,1.0,0.2013793103448276,0.4487530616551018
871.0,0.16,36.0,1.0,0.20133180252583238,0.44870012539092563
872.0,0.16,36.0,1.0,0.20128440366972478,0.44864730431567823
873.0,0.16,36.0,1.0,0.20123711340206185,0.4485945980526982
874.0,0.16,36.0,1.0,0.20118993135011443,0.44854200622696916
875.0,0.16,36.0,1.0,0.20114285714285715,0.4484895284651105
876.0,0.16,36.0,1.0,0.2010958904109589,0.4484371643953687
877.0,0.16,36.0,1.0,0.2010490307867731,0.44838491364760824
878.0,0.16,36.0,1.0,0.201002277904328,0.448332775853303
879.0,0.16,36.0,1.0,0.2009556313993174,0.4482807506455273
880.0,0.16,36.0,1.0,0.20090909090909093,0.4482288376589473
881.0,0.16,36.0,1.0,0.20086265607264472,0.44817703652981233
882.0,0.16,36.0,1.0,0.20081632653061224,0.44812534689594635
883.0,0.16,36.0,1.0,0.20077010192525482,0.44807376839673935
884.0,0.16,36.0,1.0,0.20072398190045249,0.4480223006731389
885.0,0.16,36.0,1.0,0.20067796610169492,0.44797094336764176
886.0,0.16,36.0,1.0,0.20063205417607224,0.4479196961242855
887.0,0.16,36.0,1.0,0.20058624577226608,0.44786855858864
888.0,0.16,36.0,1.0,0.20054054054054055,0.44781753040779965
889.0,0.16,36.0,1.0,0.20049493813273342,0.4477666112303746
890.0,0.16,36.0,1.0,0.2004494382022472,0.447715800706483
891.0,0.16,36.0,1.0,0.20040404040404042,0.4476650984877428
892.0,0.16,36.0,1.0,0.20035874439461884,0.44761450422726345
893.0,0.16,36.0,1.0,0.20031354983202687,0.4475640175796384
894.0,0.16,36.0,1.0,0.20026845637583893,0.44751363820093676
895.0,0.16,36.0,1.0,0.20022346368715083,0.4474633657486955
896.0,0.16,36.0,1.0,0.20017857142857143,0.44741319988191164
897.0,0.16,36.0,1.0,0.20013377926421405,0.4473631402610345
898.0,0.16,36.0,1.0,0.2000890868596882,0.44731318654795793
899.0,0.16,36.0,1.0,0.20004449388209122,0.44726333840601246
900.0,0.16,36.0,1.0,0.2,0.4472135954999579
901.0,0.16,36.0,1.0,0.1999556048834628,0.44716395749597576
902.0,0.16,36.0,1.0,0.19991130820399114,0.44711442406166135
903.0,0.16,36.0,1.0,0.1998671096345515,0.44706499486601664
904.0,0.16,36.0,1.0,0.19982300884955753,0.4470156695794427
905.0,0.16,36.0,1.0,0.19977900552486189,0.44696644787373235
906.0,0.16,36.0,1.0,0.19973509933774836,0.4469173294220625
907.0,0.16,36.0,1.0,0.19969128996692392,0.4468683138989874
908.0,0.16,36.0,1.0,0.19964757709251102,0.4468194009804308
909.0,0.16,36.0,1.0,0.19960396039603961,0.4467705903436792
910.0,0.16,36.0,1.0,0.19956043956043956,0.4467218816673743
911.0,0.16,36.0,1.0,0.19951701427003293,0.4466732746315062
912.0,0.16,36.0,1.0,0.1994736842105263,0.446624768917406
913.0,0.16,36.0,1.0,0.19943044906900328,0.44657636420773916
914.0,0.16,36.0,1.0,0.19938730853391684,0.44652806018649804
915.0,0.16,36.0,1.0,0.19934426229508198,0.44647985653899547
916.0,0.16,36.0,1.0,0.19930131004366813,0.4464317529518573
917.0,0.16,36.0,1.0,0.19925845147219193,0.4463837491130159
918.0,0.16,36.0,1.0,0.1992156862745098,0.4463358447117034
919.0,0.16,36.0,1.0,0.19917301414581068,0.4462880394384446
920.0,0.16,36.0,1.0,0.1991304347826087,0.44624033298505045
921.0,0.16,36.0,1.0,0.19908794788273615,0.4461927250446114
922.0,0.16,36.0,1.0,0.19904555314533623,0.44614521531149054
923.0,0.16,36.0,1.0,0.1990032502708559,0.4460978034813172
924.0,0.16,36.0,1.0,0.19896103896103895,0.44605048925098034
925.0,0.16,36.0,1.0,0.1989189189189189,0.446003272318622
926.0,0.16,36.0,1.0,0.1988768898488121,0.4459561523836308
927.0,0.16,36.0,1.0,0.1988349514563107,0.44590912914663533
928.0,0.16,36.0,1.0,0.19879310344827586,0.44586220230949813
929.0,0.16,36.0,1.0,0.198751345532831,0.4458153715753092
930.0,0.16,36.0,1.0,0.19870967741935486,0.44576863664837935
931.0,0.16,36.0,1.0,0.19866809881847475,0.4457219972342343
932.0,0.16,36.0,1.0,0.1986266094420601,0.4456754530396083
933.0,0.16,36.0,1.0,0.19858520900321544,0.44562900377243786
934.0,0.16,36.0,1.0,0.19854389721627408,0.4455826491418557
935.0,0.16,36.0,1.0,0.19850267379679146,0.4455363888581846
936.0,0.16,36.0,1.0,0.19846153846153847,0.44549022263293103
937.0,0.16,36.0,1.0,0.1984204909284952,0.44544415017877964
938.0,0.16,36.0,1.0,0.19837953091684435,0.44539817120958675
939.0,0.16,36.0,1.0,0.19833865814696486,0.4453522854403746
940.0,0.16,36.0,1.0,0.19829787234042554,0.44530649258732524
941.0,0.16,36.0,1.0,0.19825717321997877,0.44526079236777494
942.0,0.16,36.0,1.0,0.19821656050955413,0.44521518450020786
943.0,0.16,36.0,1.0,0.1981760339342524,0.4451696687042508
944.0,0.16,36.0,1.0,0.198135593220339,0.4451242447006667
945.0,0.16,36.0,1.0,0.1980952380952381,0.44507891221134943
946.0,0.16,36.0,1.0,0.19805496828752645,0.4450336709593179
947.0,0.16,36.0,1.0,0.19801478352692714,0.4449885206687102
948.0,0.16,36.0,1.0,0.1979746835443038,0.4449434610647782
949.0,0.16,36.0,1.0,0.19793466807165438,0.4448984918738817
950.0,0.16,36.0,1.0,0.19789473684210526,0.44485361282348296
951.0,0.16,36.0,1.0,0.19785488958990538,0.4448088236421411
952.0,0.16,36.0,1.0,0.19781512605042018,0.4447641240595066
953.0,0.16,36.0,1.0,0.19777544596012592,0.4447195138063158
954.0,0.16,36.0,1.0,0.19773584905660377,0.4446749926143855
955.0,0.16,36.0,1.0,0.19769633507853404,0.4446305602166073
956.0,0.16,36.0,1.0,0.1976569037656904,0.4445862163469425
957.0,0.16,36.0,1.0,0.19761755485893417,0.4445419607404167
958.0,0.16,36.0,1.0,0.19757828810020878,0.4444977931331142
959.0,0.16,36.0,1.0,0.1975391032325339,0.44445371326217303
960.0,0.16,36.0,1.0,0.1975,0.44440972086577946
961.0,0.16,36.0,1.0,0.19746097814776276,0.44436581568316297
962.0,0.16,36.0,1.0,0.19742203742203743,0.44432199745459083
963.0,0.16,36.0,1.0,0.19738317757009347,0.44427826592136316
964.0,0.16,36.0,1.0,0.19734439834024897,0.4442346208258075
965.0,0.16,36.0,1.0,0.19730569948186527,0.444191061911274
966.0,0.16,36.0,1.0,0.1972670807453416,0.44414758892213024
967.0,0.16,36.0,1.0,0.19722854188210961,0.4441042016037561
968.0,0.16,36.0,1.0,0.19719008264462812,0.4440608997025387
969.0,0.16,36.0,1.0,0.19715170278637772,0.44401768296586763
970.0,0.16,36.0,1.0,0.19711340206185568,0.44397455114212986
971.0,0.16,36.0,1.0,0.19707518022657056,0.44393150398070486
972.0,0.16,36.0,1.0,0.19703703703703704,0.44388854123195953
973.0,0.16,36.0,1.0,0.19699897225077082,0.4438456626472436
974.0,0.16,36.0,1.0,0.19696098562628336,0.4438028679788847
975.0,0.16,36.0,1.0,0.19692307692307692,0.4437601569801833
976.0,0.16,36.0,1.0,0.19688524590163936,0.44371752940540826
977.0,0.16,36.0,1.0,0.1968474923234391,0.4436749850097919
978.0,0.16,36.0,1.0,0.19680981595092026,0.4436325235495255
979.0,0.16,36.0,1.0,0.19677221654749744,0.44359014478175396
980.0,0.16,36.0,1.0,0.19673469387755102,0.4435478484645721
981.0,0.16,36.0,1.0,0.19669724770642202,0.44350563435701923
982.0,0.16,36.0,1.0,0.19665987780040733,0.44346350221907477
983.0,0.16,36.0,1.0,0.19662258392675483,0.4434214518116538
984.0,0.16,36.0,1.0,0.19658536585365854,0.4433794828966024
985.0,0.16,36.0,1.0,0.19654822335025382,0.44333759523669297
986.0,0.16,36.0,1.0,0.19651115618661258,0.44329578859561997
987.0,0.16,36.0,1.0,0.1964741641337386,0.4432540627379952
988.0,0.16,36.0,1.0,0.19643724696356274,0.44321241742934364
989.0,0.16,36.0,1.0,0.19640040444893833,0.44317085243609866
990.0,0.16,36.0,1.0,0.19636363636363635,0.44312936752559784
991.0,0.16,36.0,1.0,0.19632694248234106,0.44308796246607857
992.0,0.16,36.0,1.0,0.19629032258064516,0.4430466370266737
993.0,0.16,36.0,1.0,0.19625377643504532,0.4430053909774071
994.0,0.16,36.0,1.0,0.19621730382293762,0.4429642240891894
995.0,0.16,36.0,1.0,0.19618090452261305,0.4429231361338139
996.0,0.16,36.0,1.0,0.19614457831325302,0.44288212688395207
997.0,0.16,36.0,1.0,0.19610832497492478,0.4428411961131493
998.0,0.16,36.0,1.0,0.19607214428857717,0.44280034359582104
999.0,0.16,36.0,1.0,0.19603603603603603,0.4427595691072481
1000.0,0.16,36.0,1.0,0.196,0.4427188724235731
1.0,0.16,36.0,1.5,36.16,6.013318551349163
2.0,0.16,36.0,1.5,12.887922061357855,3.5899752173737713
3.0,0.16,36.0,1.5,7.088203230275509,2.662367974243138
4.0,0.16,36.0,1.5,4.66,2.1587033144922905
5.0,0.16,36.0,1.5,3.3799378875996973,1.8384607386614753
6.0,0.16,36.0,1.5,2.609489742783178,1.6153915137771333
7.0,0.16,36.0,1.5,2.10381728976174,1.4504541667221822
8.0,0.16,36.0,1.5,1.7509902576697318,1.3232498848175773
9.0,0.16,36.0,1.5,1.4933333333333332,1.2220201853215573
10.0,0.16,36.0,1.5,1.2984199576606166,1.1394823200298532
11.0,0.16,36.0,1.5,1.1467644004363173,1.070870860765348
12.0,0.16,36.0,1.5,1.0260254037844385,1.0129291208097626
13.0,0.16,36.0,1.5,0.928046425542625,0.9633516624486745
14.0,0.16,36.0,1.5,0.8472431934890913,0.9204581432575255
15.0,0.16,36.0,1.5,0.7796773353931867,0.882993394875175
16.0,0.16,36.0,1.5,0.7225,0.85
17.0,0.16,36.0,1.5,0.673604853018117,0.8207343376623869
18.0,0.16,36.0,1.5,0.6314045207910316,0.7946096656793394
19.0,0.16,36.0,1.5,0.5946824431231696,0.7711565620048692
20.0,0.16,36.0,1.5,0.5624922359499621,0.7499948239487804
21.0,0.16,36.0,1.5,0.5340878118331298,0.7308131169000252
22.0,0.16,36.0,1.5,0.5088738994909989,0.7133539790952308
23.0,0.16,36.0,1.5,0.4863703872197692,0.697402600525528
24.0,0.16,36.0,1.5,0.46618621784789727,0.6827783079799016
25.0,0.16,36.0,1.5,0.44799999999999995,0.6693280212272604
26.0,0.16,36.0,1.5,0.4315454178836394,0.6569211656535656
27.0,0.16,36.0,1.5,0.4166001196398337,0.6454456752042217
28.0,0.16,36.0,1.5,0.40297716122021754,0.6348048213586737
29.0,0.16,36.0,1.5,0.39051835084047815,0.6249146748480773
30.0,0.16,36.0,1.5,0.3790890230020665,0.6157020570065252
31.0,0.16,36.0,1.5,0.36857389912786764,0.6071028735954621
32.0,0.16,36.0,1.5,0.35887378220871646,0.599060750015152
33.0,0.16,36.0,1.5,0.34990289740621583,0.5915259059468282
34.0,0.16,36.0,1.5,0.3415867372097152,0.5844542216544554
35.0,0.16,36.0,1.5,0.3338603038298663,0.5778064587990224
36.0,0.16,36.0,1.5,0.32666666666666666,0.5715476066494082
37.0,0.16,36.0,1.5,0.3199557714322395,0.5656463306981134
38.0,0.16,36.0,1.5,0.3136834515975645,0.5600745053986697
39.0,0.16,36.0,1.5,0.3078106035123881,0.5548068163896224
40.0,0.16,36.0,1.5,0.3023024947075771,0.5498204204170459
41.0,0.16,36.0,1.5,0.29712818117048334,0.5450946534047856
42.0,0.16,36.0,1.5,0.2922600142532216,0.5406107788910813
43.0,0.16,36.0,1.5,0.28767322167380854,0.5363517704583518
44.0,0.16,36.0,1.5,0.28334555005453965,0.5323021229100441
45.0,0.16,36.0,1.5,0.2792569587999888,0.528447687855656
46.0,0.16,36.0,1.5,0.27538935699078904,0.5247755300990977
47.0,0.16,36.0,1.5,0.27172637646647246,0.5212738018224898
48.0,0.16,36.0,1.5,0.26825317547305483,0.5179316320452486
49.0,0.16,36.0,1.5,0.26495626822157436,0.5147390292386759
50.0,0.16,36.0,1.5,0.26182337649086285,0.5116867953063308
51.0,0.16,36.0,1.5,0.258843300049036,0.5087664494137129
52.0,0.16,36.0,1.5,0.2560058031928281,0.5059701603778903
53.0,0.16,36.0,1.5,0.2533015151349586,0.5032906865172041
54.0,0.16,36.0,1.5,0.2507218423253029,0.5007213220198466
55.0,0.16,36.0,1.5,0.24825889108609714,0.4982558490234682
56.0,0.16,36.0,1.5,0.2459053991861364,0.4958884947103899
57.0,0.16,36.0,1.5,0.2436546751830554,0.4936138928181169
58.0,0.16,36.0,1.5,0.2415005445336209,0.49142704904555357
59.0,0.16,36.0,1.5,0.23943730161541796,0.4893233099040122
60.0,0.16,36.0,1.5,0.23745966692414833,0.4872983346207417
61.0,0.16,36.0,1.5,0.23556274881285666,0.4853480697528905
62.0,0.16,36.0,1.5,0.2337420092259171,0.4834687262128928
63.0,0.16,36.0,1.5,0.23199323295413854,0.4816567584433323
64.0,0.16,36.0,1.5,0.2303125,0.4799088455113117
65.0,0.16,36.0,1.5,0.2286961606955616,0.4782218739200054
66.0,0.16,36.0,1.5,0.22714081326145422,0.4765929219590386
67.0,0.16,36.0,1.5,0.22564328353473118,0.475019245436152
68.0,0.16,36.0,1.5,0.22420060662726463,0.4734982646507425
69.0,0.16,36.0,1.5,0.2228100103056187,0.4720275524856771
70.0,0.16,36.0,1.5,0.22146889990862598,0.4706048235076071
71.0,0.16,36.0,1.5,0.2201748446408151,0.46922792397811863
72.0,0.16,36.0,1.5,0.21892556509887895,0.46789482268868815
73.0,0.16,36.0,1.5,0.2177189219049411,0.4666036025417518
74.0,0.16,36.0,1.5,0.21655290533483101,0.4653524528084396
75.0,0.16,36.0,1.5,0.21542562584220407,0.4641396620007862
76.0,0.16,36.0,1.5,0.21433530539039622,0.46296361130265545
77.0,0.16,36.0,1.5,0.21328026951359697,0.46182276850930265
78.0,0.16,36.0,1.5,0.2122589400374429,0.4607156824305451
79.0,0.16,36.0,1.5,0.21126982839662894,0.4596409777169883
80.0,0.16,36.0,1.5,0.21031152949374526,0.45859735007274655
81.0,0.16,36.0,1.5,0.20938271604938272,0.45758356182164445
82.0,0.16,36.0,1.5,0.20848213339871313,0.4565984377970572
83.0,0.16,36.0,1.5,0.20760859469432352,0.45564086152837907
84.0,0.16,36.0,1.5,0.2067609764791412,0.4547097716996427
85.0,0.16,36.0,1.5,0.2059382145968919,0.4538041588580826
86.0,0.16,36.0,1.5,0.20513930041074166,0.4529230623524725
87.0,0.16,36.0,1.5,0.2043632773036329,0.4520655674828961
88.0,0.16,36.0,1.5,0.20360923743637488,0.45123080284525663
89.0,0.16,36.0,1.5,0.2028763187418303,0.4504179378553104
90.0,0.16,36.0,1.5,0.20216370213557838,0.44962618043834857
91.0,0.16,36.0,1.5,0.2014706089252627,0.44885477487185393
92.0,0.16,36.0,1.5,0.20079629840247115,0.44810299976955204
93.0,0.16,36.0,1.5,0.20014006560246808,0.44737016619625863
94.0,0.16,36.0,1.5,0.1995012392184219,0.44665561590382125
95.0,0.16,36.0,1.5,0.19887917965796373,0.4459587196792588
96.0,0.16,36.0,1.5,0.19827327723098714,0.4452788757969405
97.0,0.16,36.0,1.5,0.19768295045856732,0.4446155085673096
98.0,0.16,36.0,1.5,0.19710764449375467,0.4439680669752665
99.0,0.16,36.0,1.5,0.19654682964578954,0.4433360234018769
100.0,0.16,36.0,1.5,0.196,0.4427188724235731
101.0,0.16,36.0,1.5,0.19546667212629665,0.4421161296834765
102.0,0.16,36.0,1.5,0.19494638386976498,0.44152733082988754
103.0,0.16,36.0,1.5,0.19443869321739277,0.4409520305173713
104.0,0.16,36.0,1.5,0.19394317723545493,0.44038980146621803
105.0,0.16,36.0,1.5,0.19345943107252114,0.43984023357637614
106.0,0.16,36.0,1.5,0.19298706702345425,0.43930293309225044
107.0,0.16,36.0,1.5,0.1925257136501345,0.4387775218150247
108.0,0.16,36.0,1.5,0.1920750149549792,0.4382636363594169
109.0,0.16,36.0,1.5,0.19163462960363437,0.437760927451999
110.0,0.16,36.0,1.5,0.19120423019349211,0.4372690592684236
111.0,0.16,36.0,1.5,0.19078350256494592,0.4367877088070885
112.0,0.16,36.0,1.5,0.1903721451525272,0.4363165652969495
113.0,0.16,36.0,1.5,0.18996986837328275,0.4358553296373497
114.0,0.16,36.0,1.5,0.18957639404994825,0.43540371386788634
115.0,0.16,36.0,1.5,0.1891914548666533,0.4349614406664725
116.0,0.16,36.0,1.5,0.18881479385505978,0.43452824287387787
117.0,0.16,36.0,1.5,0.1884461639089861,0.4341038630431502
118.0,0.16,36.0,1.5,0.18808532732571157,0.4336880530124292
119.0,0.16,36.0,1.5,0.18773205537228202,0.43328057349976123
120.0,0.16,36.0,1.5,0.18738612787525832,0.43288119371862105
121.0,0.16,36.0,1.5,0.1870473328324568,0.4324896910129267
122.0,0.16,36.0,1.5,0.18671546604533334,0.4321058505104199
123.0,0.16,36.0,1.5,0.18639033077075412,0.43172946479335195
124.0,0.16,36.0,1.5,0.18607173739098345,0.431360333585488
125.0,0.16,36.0,1.5,0.18575950310079758,0.4309982634545035
126.0,0.16,36.0,1.5,0.1854534516107071,0.4306430675289074
127.0,0.16,36.0,1.5,0.18515341286533865,0.43029456522867987
128.0,0.16,36.0,1.5,0.18485922277608957,0.42995258200886477
129.0,0.16,36.0,1.5,0.1845707229672267,0.42961694911540294
130.0,0.16,36.0,1.5,0.1842877605346562,0.429287503352539
131.0,0.16,36.0,1.5,0.18401018781663922,0.4289640868611721
132.0,0.16,36.0,1.5,0.18373786217577698,0.42864654690756226
133.0,0.16,36.0,1.5,0.1834706457916303,0.42833473568183833
134.0,0.16,36.0,1.5,0.18320840546337983,0.428028510105787
135.0,0.16,36.0,1.5,0.18295101242196987,0.42772773164943356
136.0,0.16,36.0,1.5,0.18269834215121442,0.42743226615595414
137.0,0.16,36.0,1.5,0.18245027421737475,0.42714198367448586
138.0,0.16,36.0,1.5,0.18220669210674997,0.42685675830042796
139.0,0.16,36.0,1.5,0.18196748307084817,0.4265764680228484
140.0,0.16,36.0,1.5,0.1817325379787333,0.4263009945786349
141.0,0.16,36.0,1.5,0.18150175117616646,0.4260302233130491
142.0,0.16,36.0,1.5,0.18127502035118367,0.4257640430463612
143.0,0.16,36.0,1.5,0.18105224640577292,0.4255023459462626
144.0,0.16,36.0,1.5,0.18083333333333335,0.42524502740576914
145.0,0.16,36.0,1.5,0.1806181881016182,0.4249919859263445
146.0,0.16,36.0,1.5,0.1804067205408803,0.42474312300598854
147.0,0.16,36.0,1.5,0.18019884323695484,0.42449834303204864
148.0,0.16,36.0,1.5,0.17999447142902994,0.42425755317852615
149.0,0.16,36.0,1.5,0.17979352291186945,0.42402066330766175
150.0,0.16,36.0,1.5,0.17959591794226543,0.42378758587559573
151.0,0.16,36.0,1.5,0.1794015791495111,0.42355823584191005
152.0,0.16,36.0,1.5,0.17921043144969556,0.4233325305828688
153.0,0.16,36.0,1.5,0.17902240196363395,0.4231103898081846
154.0,0.16,36.0,1.5,0.17883741993825564,0.4228917354811461
155.0,0.16,36.0,1.5,0.17865541667128385,0.4226764917419513
156.0,0.16,36.0,1.5,0.1784763254390485,0.42246458483410004
157.0,0.16,36.0,1.5,0.17830008142728307,0.42225594303370445
158.0,0.16,36.0,1.5,0.17812662166476348,0.42205049658158617
159.0,0.16,36.0,1.5,0.17795588495965609,0.42184817761803367
160.0,0.16,36.0,1.5,0.17778781183844714,0.4216489201201008
161.0,0.16,36.0,1.5,0.17762234448733394,0.4214526598413325
162.0,0.16,36.0,1.5,0.17745942669596415,0.4212593342538111
163.0,0.16,36.0,1.5,0.177299003803415,0.4210688824924195
164.0,0.16,36.0,1.5,0.17714102264631043,0.4208812453012256
165.0,0.16,36.0,1.5,0.1769854315089787,0.42069636498189367
166.0,0.16,36.0,1.5,0.17683218007555904,0.4205141853440369
167.0,0.16,36.0,1.5,0.1766812193839694,0.42033465165742573
168.0,0.16,36.0,1.5,0.1765325017816527,0.4201577106059732
169.0,0.16,36.0,1.5,0.17638598088302232,0.41998331024342184
170.0,0.16,36.0,1.5,0.17624161152853254,0.41981139995065947
171.0,0.16,36.0,1.5,0.17609934974530259,0.4196419303945956
172.0,0.16,36.0,1.5,0.17595915270922607,0.4194748534885328
173.0,0.16,36.0,1.5,0.17582097870850255,0.4193101223539715
174.0,0.16,36.0,1.5,0.17568478710852903,0.41914769128378726
175.0,0.16,36.0,1.5,0.17555053831809392,0.41898751570672593
176.0,0.16,36.0,1.5,0.17541819375681747,0.4188295521531611
177.0,0.16,36.0,1.5,0.17528771582378636,0.4186737582220629
178.0,0.16,36.0,1.5,0.17515906786733204,0.41852009254912964
179.0,0.16,36.0,1.5,0.17503221415590486,0.4183685147760343
180.0,0.16,36.0,1.5,0.1749071198499986,0.418218985520742
181.0,0.16,36.0,1.5,0.17478375097508175,0.41807146634885495
182.0,0.16,36.0,1.5,0.1746620743954943,0.4179259197459453
183.0,0.16,36.0,1.5,0.1745420577892703,0.41778230909083536
184.0,0.16,36.0,1.5,0.17442366962384864,0.41764059862978914
185.0,0.16,36.0,1.5,0.17430687913263626,0.4175007534515791
186.0,0.16,36.0,1.5,0.17419165629238903,0.41736273946339414
187.0,0.16,36.0,1.5,0.1740779718013779,0.41722652336755617
188.0,0.16,36.0,1.5,0.17396579705830906,0.41709207263901465
189.0,0.16,36.0,1.5,0.17385510414196778,0.41695935550358837
190.0,0.16,36.0,1.5,0.17374586579155812,0.4168283409169272
191.0,0.16,36.0,1.5,0.17363805538771057,0.41669899854416564
192.0,0.16,36.0,1.5,0.17353164693413187,0.4165712987402419
193.0,0.16,36.0,1.5,0.17342661503987203,0.41644521253085864
194.0,0.16,36.0,1.5,0.17332293490218484,0.4163207115940604
195.0,0.16,36.0,1.5,0.17322058228995876,0.4161977682424051
196.0,0.16,36.0,1.5,0.1731195335276968,0.4160763554057077
197.0,0.16,36.0,1.5,0.1730197654800241,0.41595644661433495
198.0,0.16,36.0,1.5,0.17292125553670368,0.41583801598303116
199.0,0.16,36.0,1.5,0.17282398159814075,0.4157210381952551
200.0,0.16,36.0,1.5,0.17272792206135787,0.41560548848801054
201.0,0.16,36.0,1.5,0.17263305580642266,0.4154913426371513
202.0,0.16,36.0,1.5,0.17253936218331214,0.4153785769431449
203.0,0.16,36.0,1.5,0.17244682099919678,0.41526716821727766
204.0,0.16,36.0,1.5,0.1723554125061295,0.41515709376828613
205.0,0.16,36.0,1.5,0.1722651173891243,0.41504833138939895
206.0,0.16,36.0,1.5,0.1721759167546108,0.4149408593457757
207.0,0.16,36.0,1.5,0.1720877921192507,0.4148346563623279
208.0,0.16,36.0,1.5,0.17200072539910352,0.41472970161190953
209.0,0.16,36.0,1.5,0.17191469889912855,0.41462597470386314
210.0,0.16,36.0,1.5,0.1718296953030118,0.414523455672911
211.0,0.16,36.0,1.5,0.17174569766330547,0.4144221249683775
212.0,0.16,36.0,1.5,0.17166268939186982,0.41432196344373273
213.0,0.16,36.0,1.5,0.17158065425060617,0.4142229523464461
214.0,0.16,36.0,1.5,0.17149957634247098,0.41412507330813836
215.0,0.16,36.0,1.5,0.17141944010276142,0.41402830833502363
216.0,0.16,36.0,1.5,0.17134023029066286,0.4139326397986306
217.0,0.16,36.0,1.5,0.17126193198104916,0.41383805042679334
218.0,0.16,36.0,1.5,0.17118453055652727,0.4137445232949039
219.0,0.16,36.0,1.5,0.17110801169971757,0.4136520418174163
220.0,0.16,36.0,1.5,0.17103236138576214,0.41356058973959564
221.0,0.16,36.0,1.5,0.17095756587505306,0.4134701511295018
222.0,0.16,36.0,1.5,0.17088361170617336,0.41338071037020263
223.0,0.16,36.0,1.5,0.17081048568904364,0.4132922521522072
224.0,0.16,36.0,1.5,0.17073817489826706,0.4132047614661127
225.0,0.16,36.0,1.5,0.17066666666666666,0.4131182235954578
226.0,0.16,36.0,1.5,0.17059594857900823,0.41303262410977687
227.0,0.16,36.0,1.5,0.17052600846590266,0.4129479488578466
228.0,0.16,36.0,1.5,0.17045683439788192,0.41286418396112046
229.0,0.16,36.0,1.5,0.17038841467964333,0.4127813158073453
230.0,0.16,36.0,1.5,0.1703207378444558,0.4126993310443522
231.0,0.16,36.0,1.5,0.17025379264872367,0.41261821657401854
232.0,0.16,36.0,1.5,0.17018756806670263,0.4125379595463945
233.0,0.16,36.0,1.5,0.1701220532853627,0.4124585473539889
234.0,0.16,36.0,1.5,0.17005723769939407,0.4123799676262101
235.0,0.16,36.0,1.5,0.1699931109063506,0.4123022082239563
236.0,0.16,36.0,1.5,0.16992966270192725,0.4122252572343515
237.0,0.16,36.0,1.5,0.16986688307536654,0.41214910296562157
238.0,0.16,36.0,1.5,0.16980476220499072,0.4120737339421074
239.0,0.16,36.0,1.5,0.169743290453855,0.4119991388994096
240.0,0.16,36.0,1.5,0.16968245836551854,0.4119253067796619
241.0,0.16,36.0,1.5,0.16962225665992942,0.4118522267269286
242.0,0.16,36.0,1.5,0.16956267622941987,0.411779888082723
243.0,0.16,36.0,1.5,0.16950370813480867,0.4117082803816419
244.0,0.16,36.0,1.5,0.1694453436016071,0.4116373933471145
245.0,0.16,36.0,1.5,0.16938757401632565,0.4115672168872609
246.0,0.16,36.0,1.5,0.16933039092287813,0.4114977410908572
247.0,0.16,36.0,1.5,0.16927378601908016,0.4114289562234046
248.0,0.16,36.0,1.5,0.16921775115323964,0.4113608527232989
249.0,0.16,36.0,1.5,0.16916227832083583,0.41129342119809775
250.0,0.16,36.0,1.5,0.16910735966128493,0.411226652420882
251.0,0.16,36.0,1.5,0.16905298745478922,0.41116053732671043
252.0,0.16,36.0,1.5,0.16899915411926733,0.41109506700916193
253.0,0.16,36.0,1.5,0.16894585220736347,0.4110302327169663
254.0,0.16,36.0,1.5,0.16889307440353296,0.41096602585071795
255.0,0.16,36.0,1.5,0.16884081352120212,0.410902437959672
256.0,0.16,36.0,1.5,0.1687890625,0.4108394607386199
257.0,0.16,36.0,1.5,0.16873781440306032,0.41077708602484186
258.0,0.16,36.0,1.5,0.16868706241439102,0.4107153057951347
259.0,0.16,36.0,1.5,0.1686367998363101,0.41065411216291275
260.0,0.16,36.0,1.5,0.1685870200869452,0.4105934973753788
261.0,0.16,36.0,1.5,0.1685377166977955,0.41053345381076495
262.0,0.16,36.0,1.5,0.16848888331135412,0.41047397397563967
263.0,0.16,36.0,1.5,0.16844051367878915,0.4104150505022801
264.0,0.16,36.0,1.5,0.16839260165768177,0.410356676146108
265.0,0.16,36.0,1.5,0.16834514120981972,0.41029884378318654
266.0,0.16,36.0,1.5,0.16829812639904465,0.4102415464077775
267.0,0.16,36.0,1.5,0.168251551389152,0.4101847771299564
268.0,0.16,36.0,1.5,0.1682054104418414,0.4101285291732842
269.0,0.16,36.0,1.5,0.16815969791471708,0.41007279587253415
270.0,0.16,36.0,1.5,0.1681144082593358,0.4100175706714723
271.0,0.16,36.0,1.5,0.16806953601930197,0.40996284712068964
272.0,0.16,36.0,1.5,0.1680250758284081,0.4099086188754856
273.0,0.16,36.0,1.5,0.16798102240881937,0.40985487969380013
274.0,0.16,36.0,1.5,0.1679373705693016,0.4098016234341948
275.0,0.16,36.0,1.5,0.16789411520349054,0.40974884405387957
276.0,0.16,36.0,1.5,0.16785125128820233,0.4096965356067858
277.0,0.16,36.0,1.5,0.1678087738817834,0.40964469224168326
278.0,0.16,36.0,1.5,0.1677666781224987,0.40959330820034
279.0,0.16,36.0,1.5,0.16772495922695807,0.40954237781572506
280.0,0.16,36.0,1.5,0.16768361248857824,0.4094918955102509
281.0,0.16,36.0,1.5,0.1676426332760812,0.4094418557940568
282.0,0.16,36.0,1.5,0.16760201703202657,0.40939225326333006
283.0,0.16,36.0,1.5,0.16756175927137792,0.40934308259866553
284.0,0.16,36.0,1.5,0.16752185558010188,0.40929433856346203
285.0,0.16,36.0,1.5,0.16748230161379907,0.4092460160023541
286.0,0.16,36.0,1.5,0.16744309309636607,0.4091981098396791
287.0,0.16,36.0,1.5,0.16740422581868794,0.4091506150779783
288.0,0.16,36.0,1.5,0.16736569563735987,0.4091035267965309
289.0,0.16,36.0,1.5,0.1673274984734378,0.4090568401499207
290.0,0.16,36.0,1.5,0.16728963031121702,0.4090105503666342
291.0,0.16,36.0,1.5,0.1672520871970377,0.40896465274768884
292.0,0.16,36.0,1.5,0.16721486523811765,0.4089191426652923
293.0,0.16,36.0,1.5,0.16717796060141007,0.40887401556152975
294.0,0.16,36.0,1.5,0.1671413695124874,0.4088292669470807
295.0,0.16,36.0,1.5,0.16710508825444914,0.4087848923999628
296.0,0.16,36.0,1.5,0.16706911316685388,0.4087408875643026
297.0,0.16,36.0,1.5,0.16703344064467465,0.4086972481491338
298.0,0.16,36.0,1.5,0.16699806713727708,0.4086539699272198
299.0,0.16,36.0,1.5,0.1669629891474196,0.40861104873390247
300.0,0.16,36.0,1.5,0.16692820323027552,0.40856848046597466
301.0,0.16,36.0,1.5,0.1668937059924759,0.40852626108057716
302.0,0.16,36.0,1.5,0.1668594940911734,0.4084843865941187
303.0,0.16,36.0,1.5,0.16682556423312586,0.4084428530812185
304.0,0.16,36.0,1.5,0.16679191317379952,0.40840165667367156
305.0,0.16,36.0,1.5,0.16675853771649157,0.4083607935594351
306.0,0.16,36.0,1.5,0.16672543471147094,0.4083202599816362
307.0,0.16,36.0,1.5,0.16669260105513764,0.40828005223760033
308.0,0.16,36.0,1.5,0.16666003368919963,0.4082401666779001
309.0,0.16,36.0,1.5,0.16662772959986688,0.4082005997054229
310.0,0.16,36.0,1.5,0.1665956858170627,0.4081613477744588
311.0,0.16,36.0,1.5,0.16656389941365105,0.4081224073898063
312.0,0.16,36.0,1.5,0.16653236750468037,0.40808377510589705
313.0,0.16,36.0,1.5,0.1665010872466428,0.40804544752593774
314.0,0.16,36.0,1.5,0.16647005583674893,0.4080074213010701
315.0,0.16,36.0,1.5,0.16643927051221727,0.4079696931295476
316.0,0.16,36.0,1.5,0.1664087285495786,0.40793225975592884
317.0,0.16,36.0,1.5,0.16637842726399443,0.4078951179702871
318.0,0.16,36.0,1.5,0.16634836400858918,0.4078582646074359
319.0,0.16,36.0,1.5,0.16631853617379647,0.4078216965461701
320.0,0.16,36.0,1.5,0.16628894118671816,0.40778541070852226
321.0,0.16,36.0,1.5,0.1662595765104966,0.40774940405903304
322.0,0.16,36.0,1.5,0.1662304396436996,0.4077136736040375
323.0,0.16,36.0,1.5,0.16620152811971756,0.40767821639096385
324.0,0.16,36.0,1.5,0.16617283950617284,0.4076430295076476
325.0,0.16,36.0,1.5,0.166144371404341,0.407608110081658
326.0,0.16,36.0,1.5,0.16611612144858331,0.4075734552796383
327.0,0.16,36.0,1.5,0.1660880873057908,0.4075390623066589
328.0,0.16,36.0,1.5,0.16606026667483914,0.4075049284055828
329.0,0.16,36.0,1.5,0.1660326572860544,0.40747105085644353
330.0,0.16,36.0,1.5,0.16600525690068924,0.40743742697583546
331.0,0.16,36.0,1.5,0.16597806331040946,0.40740405411631514
332.0,0.16,36.0,1.5,0.16595107433679043,0.40737092966581506
333.0,0.16,36.0,1.5,0.1659242878308237,0.4073380510470679
334.0,0.16,36.0,1.5,0.16589770167243262,0.40730541571704226
335.0,0.16,36.0,1.5,0.16587131376999806,0.40727302116638914
336.0,0.16,36.0,1.5,0.16584512205989266,0.40724086491889866
337.0,0.16,36.0,1.5,0.16581912450602443,0.40720894453096734
338.0,0.16,36.0,1.5,0.1657933190993891,0.40717725759107554
339.0,0.16,36.0,1.5,0.16576770385763082,0.40714580171927456
340.0,0.16,36.0,1.5,0.16574227682461148,0.40711457456668326
341.0,0.16,36.0,1.5,0.1657170360699882,0.40708357381499466
342.0,0.16,36.0,1.5,0.1656919796887987,0.4070527971759913
343.0,0.16,36.0,1.5,0.16566710580105465,0.40702224239106966
344.0,0.16,36.0,1.5,0.1656424125513427,0.4069919072307737
345.0,0.16,36.0,1.5,0.16561789810843303,0.406961789494337
346.0,0.16,36.0,1.5,0.16559356066489506,0.40693188700923283
347.0,0.16,36.0,1.5,0.16556939843672067,0.4069021976307337
348.0,0.16,36.0,1.5,0.1655454096629541,0.40687271924147744
349.0,0.16,36.0,1.5,0.16552159260532917,0.40684344975104264
350.0,0.16,36.0,1.5,0.16549794554791272,0.40681438709553125
351.0,0.16,36.0,1.5,0.16547446679675512,0.4067855292371585
352.0,0.16,36.0,1.5,0.16545115467954685,0.4067568741638509
353.0,0.16,36.0,1.5,0.16542800754528175,0.40672841988885133
354.0,0.16,36.0,1.5,0.1654050237639261,0.4067001644503308
355.0,0.16,36.0,1.5,0.16538220172609405,0.40667210591100794
356.0,0.16,36.0,1.5,0.16535953984272878,0.4066442423577749
357.0,0.16,36.0,1.5,0.16533703654478954,0.4066165719013301
358.0,0.16,36.0,1.5,0.16531469028294438,0.40658909267581733
359.0,0.16,36.0,1.5,0.16529249952726835,0.4065618028384717
360.0,0.16,36.0,1.5,0.1652704627669473,0.40653470056927155
361.0,0.16,36.0,1.5,0.1652485785099869,0.40650778407059673
362.0,0.16,36.0,1.5,0.16522684528292678,0.40648105156689257
363.0,0.16,36.0,1.5,0.16520526163056012,0.40645450130434047
364.0,0.16,36.0,1.5,0.16518382611565785,0.4064281315505336
365.0,0.16,36.0,1.5,0.165162537318698,0.4064019405941586
366.0,0.16,36.0,1.5,0.16514139383759985,0.40637592674468287
367.0,0.16,36.0,1.5,0.16512039428746259,0.4063500883320472
368.0,0.16,36.0,1.5,0.1650995373003089,0.4063244237063641
369.0,0.16,36.0,1.5,0.16507882152483272,0.40629893123762056
370.0,0.16,36.0,1.5,0.1650582456261517,0.406273609315387
371.0,0.16,36.0,1.5,0.16503780828556386,0.40624845634853046
372.0,0.16,36.0,1.5,0.16501750820030853,0.4062234707649332
373.0,0.16,36.0,1.5,0.16499734408333136,0.40619865101121566
374.0,0.16,36.0,1.5,0.16497731466305365,0.40617399555246475
375.0,0.16,36.0,1.5,0.1649574186831455,0.4061495028719665
376.0,0.16,36.0,1.5,0.16493765490230275,0.40612517147094285
377.0,0.16,36.0,1.5,0.16491802209402806,0.4061009998682939
378.0,0.16,36.0,1.5,0.16489851904641561,0.4060769866003436
379.0,0.16,36.0,1.5,0.16487914456193944,0.40605313022059003
380.0,0.16,36.0,1.5,0.16485989745724547,0.40602942929946034
381.0,0.16,36.0,1.5,0.16484077656294702,0.4060058824240691
382.0,0.16,36.0,1.5,0.16482178072342393,0.40598248819798116
383.0,0.16,36.0,1.5,0.16480290879662493,0.4059592452409785
384.0,0.16,36.0,1.5,0.16478415965387339,0.40593615218883056
385.0,0.16,36.0,1.5,0.1647655321796765,0.4059132076930689
386.0,0.16,36.0,1.5,0.1647470252715374,0.4058904104207654
387.0,0.16,36.0,1.5,0.16472863783977068,0.405867759054314
388.0,0.16,36.0,1.5,0.16471036880732093,0.4058452522912162
389.0,0.16,36.0,1.5,0.16469221710958412,0.4058228888438701
390.0,0.16,36.0,1.5,0.1646741816942323,0.40580066743936277
391.0,0.16,36.0,1.5,0.164656261521041,0.4057785868192665
392.0,0.16,36.0,1.5,0.16463845556171933,0.4057566457394374
393.0,0.16,36.0,1.5,0.1646207627997434,0.40573484296981865
394.0,0.16,36.0,1.5,0.1646031822301918,0.4057131772942454
395.0,0.16,36.0,1.5,0.16458571285958445,0.4056916475102543
396.0,0.16,36.0,1.5,0.1645683537057237,0.4056702524288954
397.0,0.16,36.0,1.5,0.164551103797538,0.40564899087454664
398.0,0.16,36.0,1.5,0.1645339621749284,0.4056278616847324
399.0,0.16,36.0,1.5,0.16451692788861738,0.40560686370994437
400.0,0.16,36.0,1.5,0.1645,0.40558599581346494
401.0,0.16,36.0,1.5,0.1644831775809978,0.4055652568711943
402.0,0.16,36.0,1.5,0.16446645971391477,0.4055446457714795
403.0,0.16,36.0,1.5,0.16444984549129574,0.4055241614149467
404.0,0.16,36.0,1.5,0.16443333401578708,0.40550380271433595
405.0,0.16,36.0,1.5,0.16441692439999958,0.4054835685943385
406.0,0.16,36.0,1.5,0.16440061576637358,0.40546345799143674
407.0,0.16,36.0,1.5,0.16438440724704617,0.4054434698537469
408.0,0.16,36.0,1.5,0.16436829798372063,0.4054236031408638
409.0,0.16,36.0,1.5,0.16435228712753774,0.4054038568237083
410.0,0.16,36.0,1.5,0.16433637383894942,0.405384229884377
411.0,0.16,36.0,1.5,0.16432055728759407,0.4053647213159947
412.0,0.16,36.0,1.5,0.1643048366521741,0.40534533012256857
413.0,0.16,36.0,1.5,0.1642892111203352,0.40532605531884475
414.0,0.16,36.0,1.5,0.16427367988854774,0.40530689593016767
415.0,0.16,36.0,1.5,0.16425824216198973,0.40528785099234066
416.0,0.16,36.0,1.5,0.16424289715443188,0.40526891955148975
417.0,0.16,36.0,1.5,0.16422764408812424,0.4052501006639286
418.0,0.16,36.0,1.5,0.16421248219368484,0.40523139339602604
419.0,0.16,36.0,1.5,0.16419741070998978,0.40521279682407585
420.0,0.16,36.0,1.5,0.16418242888406515,0.4051943100341676
421.0,0.16,36.0,1.5,0.16416753597098072,0.40517593212206066
422.0,0.16,36.0,1.5,0.16415273123374513,0.40515766219305926
423.0,0.16,36.0,1.5,0.16413801394320268,0.40513949936188975
424.0,0.16,36.0,1.5,0.16412338337793178,0.4051214427525798
425.0,0.16,36.0,1.5,0.16410883882414493,0.40510349149833913
426.0,0.16,36.0,1.5,0.16409437957559023,0.4050856447414426
427.0,0.16,36.0,1.5,0.1640800049334543,0.4050679016331142
428.0,0.16,36.0,1.5,0.1640657142062668,0.4050502613334138
429.0,0.16,36.0,1.5,0.16405150670980645,0.4050327230111247
430.0,0.16,36.0,1.5,0.1640373817670081,0.4050152858436433
431.0,0.16,36.0,1.5,0.16402333870787172,0.4049979490168706
432.0,0.16,36.0,1.5,0.1640093768693724,0.40498071172510475
433.0,0.16,36.0,1.5,0.16399549559537174,0.4049635731709356
434.0,0.16,36.0,1.5,0.16398169423653075,0.40494653256514096
435.0,0.16,36.0,1.5,0.16396797215022388,0.40492958912658367
436.0,0.16,36.0,1.5,0.1639543287004543,0.4049127420821112
437.0,0.16,36.0,1.5,0.16394076325777068,0.4048959906664558
438.0,0.16,36.0,1.5,0.1639272751991849,0.40487933412213684
439.0,0.16,36.0,1.5,0.16391386390809123,0.40486277169936385
440.0,0.16,36.0,1.5,0.1639005287741865,0.4048463026559419
441.0,0.16,36.0,1.5,0.16388726919339164,0.40482992625717734
442.0,0.16,36.0,1.5,0.16387408456777416,0.4048136417757857
443.0,0.16,36.0,1.5,0.16386097430547197,0.4047974484918006
444.0,0.16,36.0,1.5,0.16384793782061824,0.40478134569248403
445.0,0.16,36.0,1.5,0.16383497453326723,0.4047653326722377
446.0,0.16,36.0,1.5,0.16382208386932146,0.4047494087325162
447.0,0.16,36.0,1.5,0.1638092652604596,0.4047335731817409
448.0,0.16,36.0,1.5,0.1637965181440659,0.4047178253352154
449.0,0.16,36.0,1.5,0.16378384196315998,0.4047021645150418
450.0,0.16,36.0,1.5,0.16377123616632824,0.4046865900500389
451.0,0.16,36.0,1.5,0.16375870020765596,0.4046711012756606
452.0,0.16,36.0,1.5,0.16374623354666035,0.4046556975339163
453.0,0.16,36.0,1.5,0.1637338356482247,0.4046403781732919
454.0,0.16,36.0,1.5,0.16372150598253338,0.4046251425486723
455.0,0.16,36.0,1.5,0.1637092440250079,0.4046099900212647
456.0,0.16,36.0,1.5,0.16369704925624354,0.40459491995852287
457.0,0.16,36.0,1.5,0.16368492116194738,0.40457993173407325
458.0,0.16,36.0,1.5,0.16367285923287683,0.40456502472764105
459.0,0.16,36.0,1.5,0.1636608629647791,0.40455019832497807
460.0,0.16,36.0,1.5,0.16364893185833165,0.40453545191779133
461.0,0.16,36.0,1.5,0.16363706541908338,0.4045207849036726
462.0,0.16,36.0,1.5,0.16362526315739664,0.40450619668602933
463.0,0.16,36.0,1.5,0.16361352458839012,0.40449168667401575
464.0,0.16,36.0,1.5,0.16360184923188248,0.4044772542824658
465.0,0.16,36.0,1.5,0.1635902366123368,0.40446289893182635
466.0,0.16,36.0,1.5,0.16357868625880576,0.40444862004809184
467.0,0.16,36.0,1.5,0.1635671977048777,0.40443441706273925
468.0,0.16,36.0,1.5,0.16355577048862327,0.40442028941266445
469.0,0.16,36.0,1.5,0.16354440415254284,0.4044062365401192
470.0,0.16,36.0,1.5,0.1635330982435149,0.4043922578926492
471.0,0.16,36.0,1.5,0.16352185231274466,0.40437835292303254
472.0,0.16,36.0,1.5,0.16351066591571395,0.4043645210892196
473.0,0.16,36.0,1.5,0.16349953861213135,0.40435076185427343
474.0,0.16,36.0,1.5,0.16348846996588323,0.40433707468631075
475.0,0.16,36.0,1.5,0.16347745954498535,0.40432345905844413
476.0,0.16,36.0,1.5,0.16346650692153525,0.4043099144487249
477.0,0.16,36.0,1.5,0.16345561167166514,0.40429644034008655
478.0,0.16,36.0,1.5,0.1634447733754955,0.404283036220289
479.0,0.16,36.0,1.5,0.16343399161708944,0.4042697015818641
480.0,0.16,36.0,1.5,0.1634232659844073,0.40425643592206084
481.0,0.16,36.0,1.5,0.16341259606926237,0.40424323874279255
482.0,0.16,36.0,1.5,0.16340198146727675,0.4042301095505835
483.0,0.16,36.0,1.5,0.1633914217778382,0.4042170478565175
484.0,0.16,36.0,1.5,0.1633809166040571,0.40420405317618613
485.0,0.16,36.0,1.5,0.16337046555272453,0.4041911250296381
486.0,0.16,36.0,1.5,0.1633600682342705,0.4041782629413295
487.0,0.16,36.0,1.5,0.1633497242627228,0.4041654664400743
488.0,0.16,36.0,1.5,0.16333943325566666,0.40415273505899557
489.0,0.16,36.0,1.5,0.1633291948342047,0.40414006833547783
490.0,0.16,36.0,1.5,0.16331900862291726,0.40412746581111914
491.0,0.16,36.0,1.5,0.1633088742498238,0.4041149270316846
492.0,0.16,36.0,1.5,0.16329879134634426,0.40410245154706037
493.0,0.16,36.0,1.5,0.1632887595472612,0.4040900389112075
494.0,0.16,36.0,1.5,0.16327877849068229,0.4040776886821175
495.0,0.16,36.0,1.5,0.1632688478180036,0.40406540042176786
496.0,0.16,36.0,1.5,0.16325896717387295,0.40405317369607796
497.0,0.16,36.0,1.5,0.16324913620615397,0.40404100807486604
498.0,0.16,36.0,1.5,0.16323935456589075,0.4040289031318066
499.0,0.16,36.0,1.5,0.16322962190727264,0.404016858444388
500.0,0.16,36.0,1.5,0.1632199378875997,0.404004873593871
501.0,0.16,36.0,1.5,0.16321030216724866,0.4039929481652479
502.0,0.16,36.0,1.5,0.1632007144096391,0.4039810817472015
503.0,0.16,36.0,1.5,0.1631911742812003,0.40396927393206566
504.0,0.16,36.0,1.5,0.16318168145133838,0.4039575243157854
505.0,0.16,36.0,1.5,0.16317223559240385,0.4039458324978782
506.0,0.16,36.0,1.5,0.16316283637965967,0.403934198081395
507.0,0.16,36.0,1.5,0.16315348349124967,0.4039226206728829
508.0,0.16,36.0,1.5,0.16314417660816732,0.403911099882347
509.0,0.16,36.0,1.5,0.1631349154142251,0.40389963532321377
510.0,0.16,36.0,1.5,0.16312569959602388,0.4038882266122942
511.0,0.16,36.0,1.5,0.16311652884292313,0.4038768733697476
512.0,0.16,36.0,1.5,0.1631074028470112,0.40386557521904637
513.0,0.16,36.0,1.5,0.16309832130307614,0.4038543317869404
514.0,0.16,36.0,1.5,0.16308928390857672,0.4038431427034223
515.0,0.16,36.0,1.5,0.16308029036361404,0.40383200760169324
516.0,0.16,36.0,1.5,0.16307134037090334,0.4038209261181289
517.0,0.16,36.0,1.5,0.16306243363574613,0.403809897892246
518.0,0.16,36.0,1.5,0.1630535698660029,0.40379892256666916
519.0,0.16,36.0,1.5,0.16304474877206576,0.4037879997870984
520.0,0.16,36.0,1.5,0.16303597006683201,0.40377712920227665
521.0,0.16,36.0,1.5,0.1630272334656775,0.4037663104639582
522.0,0.16,36.0,1.5,0.1630185386864304,0.40375554322687685
523.0,0.16,36.0,1.5,0.1630098854493458,0.40374482714871507
524.0,0.16,36.0,1.5,0.1630012734770799,0.4037341618900733
525.0,0.16,36.0,1.5,0.16299270249466505,0.4037235471144395
526.0,0.16,36.0,1.5,0.1629841722294848,0.4037129824881593
527.0,0.16,36.0,1.5,0.16297568241124955,0.40370246768040635
528.0,0.16,36.0,1.5,0.16296723277197211,0.4036920023631532
529.0,0.16,36.0,1.5,0.16295882304594395,0.40368158621114236
530.0,0.16,36.0,1.5,0.16295045296971142,0.4036712189018576
531.0,0.16,36.0,1.5,0.16294212228205252,0.4036609001154961
532.0,0.16,36.0,1.5,0.1629338307239538,0.4036506295349405
533.0,0.16,36.0,1.5,0.16292557803858754,0.4036404068457314
534.0,0.16,36.0,1.5,0.1629173639712893,0.40363023173603996
535.0,0.16,36.0,1.5,0.16290918826953574,0.40362010389664155
536.0,0.16,36.0,1.5,0.1629010506829225,0.40361002302088894
537.0,0.16,36.0,1.5,0.1628929509631426,0.40359998880468595
538.0,0.16,36.0,1.5,0.1628848888639651,0.40359000094646186
539.0,0.16,36.0,1.5,0.16287686414121375,0.40358005914714584
540.0,0.16,36.0,1.5,0.16286887655274623,0.40357016311014154
541.0,0.16,36.0,1.5,0.16286092585843337,0.40356031254130204
542.0,0.16,36.0,1.5,0.16285301182013875,0.4035505071489054
543.0,0.16,36.0,1.5,0.16284513420169863,0.4035407466436303
544.0,0.16,36.0,1.5,0.1628372927689018,0.4035310307385317
545.0,0.16,36.0,1.5,0.16282948728947014,0.4035213591490172
546.0,0.16,36.0,1.5,0.16282171753303898,0.40351173159282366
547.0,0.16,36.0,1.5,0.16281398327113794,0.4035021477899937
548.0,0.16,36.0,1.5,0.16280628427717184,0.4034926074628528
549.0,0.16,36.0,1.5,0.1627986203264021,0.4034831103359868
550.0,0.16,36.0,1.5,0.162790991195928,0.4034736561362191
551.0,0.16,36.0,1.5,0.16278339666466843,0.40346424459258895
552.0,0.16,36.0,1.5,0.16277583651334374,0.40345487543632896
553.0,0.16,36.0,1.5,0.16276831052445792,0.4034455484008442
554.0,0.16,36.0,1.5,0.16276081848228072,0.40343626322168996
555.0,0.16,36.0,1.5,0.16275336017283032,0.40342701963655125
556.0,0.16,36.0,1.5,0.162745935383856,0.4034178173852216
557.0,0.16,36.0,1.5,0.16273854390482106,0.40340865620958244
558.0,0.16,36.0,1.5,0.1627311855268858,0.4033995358535825
559.0,0.16,36.0,1.5,0.1627238600428911,0.4033904560632181
560.0,0.16,36.0,1.5,0.16271656724734165,0.40338141658651266
561.0,0.16,36.0,1.5,0.16270930693638982,0.40337241717349714
562.0,0.16,36.0,1.5,0.1627020789078195,0.4033634575761908
563.0,0.16,36.0,1.5,0.16269488296103007,0.4033545375485815
564.0,0.16,36.0,1.5,0.1626877188970208,0.40334565684660695
565.0,0.16,36.0,1.5,0.16268058651837525,0.40333681522813564
566.0,0.16,36.0,1.5,0.1626734856292458,0.4033280124529485
567.0,0.16,36.0,1.5,0.16266641603533846,0.40331924828272014
568.0,0.16,36.0,1.5,0.16265937754389795,0.4033105224810009
569.0,0.16,36.0,1.5,0.1626523699636927,0.4033018348131988
570.0,0.16,36.0,1.5,0.16264539310500017,0.4032931850465616
571.0,0.16,36.0,1.5,0.16263844677959244,0.4032845729501594
572.0,0.16,36.0,1.5,0.16263153080072162,0.40327599829486704
573.0,0.16,36.0,1.5,0.16262464498310591,0.4032674608533472
574.0,0.16,36.0,1.5,0.1626177891429154,0.403258960400033
575.0,0.16,36.0,1.5,0.16261096309775816,0.4032504967111115
576.0,0.16,36.0,1.5,0.16260416666666666,0.4032420695645069
577.0,0.16,36.0,1.5,0.1625973996700841,0.4032336787398643
578.0,0.16,36.0,1.5,0.16259066192985097,0.40322532401853306
579.0,0.16,36.0,1.5,0.16258395326919187,0.4032170051835511
580.0,0.16,36.0,1.5,0.1625772735127023,0.4032087220196288
581.0,0.16,36.0,1.5,0.1625706224863357,0.40320047431313333
582.0,0.16,36.0,1.5,0.16256400001739077,0.4031922618520732
583.0,0.16,36.0,1.5,0.16255740593449855,0.40318408442608267
584.0,0.16,36.0,1.5,0.16255084006761003,0.40317594182640665
585.0,0.16,36.0,1.5,0.16254430224798377,0.4031678338458858
586.0,0.16,36.0,1.5,0.16253779230817347,0.40315976027894135
587.0,0.16,36.0,1.5,0.16253131008201602,0.40315172092156076
588.0,0.16,36.0,1.5,0.16252485540461936,0.4031437155712828
589.0,0.16,36.0,1.5,0.16251842811235076,0.40313574402718344
590.0,0.16,36.0,1.5,0.16251202804282494,0.4031278060898615
591.0,0.16,36.0,1.5,0.16250565503489256,0.40311990156142447
592.0,0.16,36.0,1.5,0.16249930892862874,0.403112030245475
593.0,0.16,36.0,1.5,0.16249298956532163,0.4031041919470965
594.0,0.16,36.0,1.5,0.16248669678746128,0.40309638647284013
595.0,0.16,36.0,1.5,0.16248043043872842,0.40308861363071075
596.0,0.16,36.0,1.5,0.1624741903639837,0.4030808732301543
597.0,0.16,36.0,1.5,0.16246797640925645,0.4030731650820437
598.0,0.16,36.0,1.5,0.16246178842173437,0.4030654889986668
599.0,0.16,36.0,1.5,0.16245562624975257,0.40305784479371265
600.0,0.16,36.0,1.5,0.16244948974278317,0.4030502322822593
601.0,0.16,36.0,1.5,0.16244337875142498,0.40304265128076083
602.0,0.16,36.0,1.5,0.16243729312739302,0.403035101607035
603.0,0.16,36.0,1.5,0.16243123272350857,0.40302758308025094
604.0,0.16,36.0,1.5,0.16242519739368888,0.4030200955209168
605.0,0.16,36.0,1.5,0.16241918699293742,0.40301263875086774
606.0,0.16,36.0,1.5,0.16241320137733384,0.403005212593254
607.0,0.16,36.0,1.5,0.16240724040402432,0.4029978168725289
608.0,0.16,36.0,1.5,0.16240130393121194,0.4029904514144373
609.0,0.16,36.0,1.5,0.16239539181814713,0.402983116046004
610.0,0.16,36.0,1.5,0.1623895039251181,0.4029758105955221
611.0,0.16,36.0,1.5,0.16238364011344178,0.4029685348925419
612.0,0.16,36.0,1.5,0.16237780024545426,0.4029612887678595
613.0,0.16,36.0,1.5,0.16237198418450186,0.4029540720535057
614.0,0.16,36.0,1.5,0.16236619179493203,0.4029468845827351
615.0,0.16,36.0,1.5,0.16236042294208441,0.40293972619001517
616.0,0.16,36.0,1.5,0.16235467749228197,0.4029325967110156
617.0,0.16,36.0,1.5,0.16234895531282215,0.4029254959825974
618.0,0.16,36.0,1.5,0.16234325627196836,0.40291842384280263
619.0,0.16,36.0,1.5,0.1623375802389413,0.40291138013084377
620.0,0.16,36.0,1.5,0.16233192708391048,0.40290436468709356
621.0,0.16,36.0,1.5,0.16232629667798587,0.4028973773530747
622.0,0.16,36.0,1.5,0.16232068889320952,0.4028904179714498
623.0,0.16,36.0,1.5,0.16231510360254736,0.4028834863860113
624.0,0.16,36.0,1.5,0.16230954067988107,0.4028765824416717
625.0,0.16,36.0,1.5,0.162304,0.4028697059844535
626.0,0.16,36.0,1.5,0.16229848143859327,0.40286285686147993
627.0,0.16,36.0,1.5,0.16229298487224175,0.402856034920965
628.0,0.16,36.0,1.5,0.1622875101784104,0.40284924001220407
629.0,0.16,36.0,1.5,0.16228205723544042,0.4028424719855646
630.0,0.16,36.0,1.5,0.16227662592254172,0.4028357306924768
631.0,0.16,36.0,1.5,0.1622712161197852,0.40282901598542425
632.0,0.16,36.0,1.5,0.16226582770809544,0.402822327717935
633.0,0.16,36.0,1.5,0.16226046056924312,0.40281566574457245
634.0,0.16,36.0,1.5,0.1622551145858378,0.40280902992092643
635.0,0.16,36.0,1.5,0.1622497896413206,0.4028024201036044
636.0,0.16,36.0,1.5,0.16224448561995702,0.4027958361502227
637.0,0.16,36.0,1.5,0.16223920240682982,0.4027892779193977
638.0,0.16,36.0,1.5,0.162233939887832,0.4027827452707377
639.0,0.16,36.0,1.5,0.16222869794965983,0.402776238064834
640.0,0.16,36.0,1.5,0.1622234764798059,0.4027697561632525
641.0,0.16,36.0,1.5,0.16221827536655234,0.4027632994285258
642.0,0.16,36.0,1.5,0.1622130944989641,0.4027568677241446
643.0,0.16,36.0,1.5,0.16220793376688208,0.4027504609145495
644.0,0.16,36.0,1.5,0.16220279306091676,0.4027440788651234
645.0,0.16,36.0,1.5,0.16219767227244136,0.40273772144218295
646.0,0.16,36.0,1.5,0.16219257129358566,0.4027313885129711
647.0,0.16,36.0,1.5,0.1621874900172293,0.4027250799456489
648.0,0.16,36.0,1.5,0.16218242833699553,0.4027187956092881
649.0,0.16,36.0,1.5,0.16217738614724492,0.4027125353738631
650.0,0.16,36.0,1.5,0.16217236334306911,0.40270629911024375
651.0,0.16,36.0,1.5,0.16216735982028466,0.40270008669018764
652.0,0.16,36.0,1.5,0.1621623754754269,0.40269389798633265
653.0,0.16,36.0,1.5,0.16215741020574378,0.4026877328721894
654.0,0.16,36.0,1.5,0.16215246390919022,0.4026815912221345
655.0,0.16,36.0,1.5,0.1621475364844217,0.4026754729114026
656.0,0.16,36.0,1.5,0.1621426278307888,0.4026693778160798
657.0,0.16,36.0,1.5,0.16213773784833116,0.40266330581309634
658.0,0.16,36.0,1.5,0.16213286643777175,0.4026572567802197
659.0,0.16,36.0,1.5,0.16212801350051126,0.4026512305960473
660.0,0.16,36.0,1.5,0.16212317893862233,0.4026452271400002
661.0,0.16,36.0,1.5,0.16211836265484408,0.40263924629231573
662.0,0.16,36.0,1.5,0.1621135645525765,0.4026332879340412
663.0,0.16,36.0,1.5,0.162108784535875,0.4026273519470268
664.0,0.16,36.0,1.5,0.1621040225094449,0.4026214382139194
665.0,0.16,36.0,1.5,0.1620992783786362,0.4026155466181556
666.0,0.16,36.0,1.5,0.16209455204943818,0.40260967704395556
667.0,0.16,36.0,1.5,0.16208984342847416,0.4026038293763165
668.0,0.16,36.0,1.5,0.16208515242299618,0.40259800350100616
669.0,0.16,36.0,1.5,0.16208047894087999,0.4025921993045568
670.0,0.16,36.0,1.5,0.1620758228906198,0.40258641667425865
671.0,0.16,36.0,1.5,0.1620711841813233,0.4025806554981539
672.0,0.16,36.0,1.5,0.1620665627227066,0.40257491566503073
673.0,0.16,36.0,1.5,0.16206195842508925,0.4025691970644168
674.0,0.16,36.0,1.5,0.16205737119938934,0.4025634995865737
675.0,0.16,36.0,1.5,0.16205280095711866,0.4025578231224909
676.0,0.16,36.0,1.5,0.16204824761037778,0.40255216756387957
677.0,0.16,36.0,1.5,0.16204371107185134,0.40254653280316716
678.0,0.16,36.0,1.5,0.1620391912548033,0.40254091873349135
679.0,0.16,36.0,1.5,0.16203468807307217,0.4025353252486944
680.0,0.16,36.0,1.5,0.16203020144106658,0.4025297522433175
681.0,0.16,36.0,1.5,0.16202573127376038,0.40252419961259517
682.0,0.16,36.0,1.5,0.16202127748668838,0.4025186672524498
683.0,0.16,36.0,1.5,0.16201683999594158,0.4025131550594857
684.0,0.16,36.0,1.5,0.16201241871816283,0.4025076629309842
685.0,0.16,36.0,1.5,0.16200801357054243,0.4025021907648981
686.0,0.16,36.0,1.5,0.16200362447081368,0.402496738459846
687.0,0.16,36.0,1.5,0.16199925133724852,0.40249130591510734
688.0,0.16,36.0,1.5,0.16199489408865325,0.402485893030617
689.0,0.16,36.0,1.5,0.16199055264436435,0.40248049970696015
690.0,0.16,36.0,1.5,0.16198622692424405,0.40247512584536704
691.0,0.16,36.0,1.5,0.16198191684867635,0.402469771347708
692.0,0.16,36.0,1.5,0.16197762233856283,0.40246443611648824
693.0,0.16,36.0,1.5,0.1619733433153184,0.40245912005484286
694.0,0.16,36.0,1.5,0.16196907970086746,0.40245382306653205
695.0,0.16,36.0,1.5,0.1619648314176397,0.40244854505593597
696.0,0.16,36.0,1.5,0.16196059838856613,0.4024432859280499
697.0,0.16,36.0,1.5,0.16195638053707523,0.4024380455884797
698.0,0.16,36.0,1.5,0.16195217778708887,0.4024328239434364
699.0,0.16,36.0,1.5,0.16194799006301863,0.4024276208997323
700.0,0.16,36.0,1.5,0.16194381728976173,0.4024224363647754
701.0,0.16,36.0,1.5,0.16193965939269744,0.40241727024656565
702.0,0.16,36.0,1.5,0.16193551629768307,0.40241212245368935
703.0,0.16,36.0,1.5,0.16193138793105047,0.40240699289531545
704.0,0.16,36.0,1.5,0.16192727421960218,0.4024018814811906
705.0,0.16,36.0,1.5,0.16192317509060777,0.4023967881216347
706.0,0.16,36.0,1.5,0.16191909047180025,0.4023917127275365
707.0,0.16,36.0,1.5,0.1619150202913724,0.4023866552103491
708.0,0.16,36.0,1.5,0.1619109644779733,0.40238161548208595
709.0,0.16,36.0,1.5,0.1619069229607047,0.40237659345531607
710.0,0.16,36.0,1.5,0.16190289566911753,0.4023715890431599
711.0,0.16,36.0,1.5,0.16189888253320847,0.40236660215928516
712.0,0.16,36.0,1.5,0.16189488348341652,0.4023616327179028
713.0,0.16,36.0,1.5,0.16189089845061944,0.40235668063376234
714.0,0.16,36.0,1.5,0.16188692736613056,0.4023517458221482
715.0,0.16,36.0,1.5,0.16188297016169537,0.4023468281988754
716.0,0.16,36.0,1.5,0.16187902676948812,0.40234192768028554
717.0,0.16,36.0,1.5,0.16187509712210862,0.40233704418324273
718.0,0.16,36.0,1.5,0.16187118115257904,0.40233217762512985
719.0,0.16,36.0,1.5,0.16186727879434043,0.4023273279238442
720.0,0.16,36.0,1.5,0.16186338998124983,0.4023224949977938
721.0,0.16,36.0,1.5,0.1618595146475769,0.40231767876589375
722.0,0.16,36.0,1.5,0.16185565272800087,0.40231287914756203
723.0,0.16,36.0,1.5,0.1618518041576073,0.4023080960627157
724.0,0.16,36.0,1.5,0.1618479688718852,0.40230332943176744
725.0,0.16,36.0,1.5,0.16184414680672382,0.4022985791756215
726.0,0.16,36.0,1.5,0.1618403378984096,0.4022938452156702
727.0,0.16,36.0,1.5,0.16183654208362327,0.40228912747379003
728.0,0.16,36.0,1.5,0.1618327592994368,0.40228442587233826
729.0,0.16,36.0,1.5,0.16182898948331048,0.40227974033414915
730.0,0.16,36.0,1.5,0.16182523257308998,0.40227507078253055
731.0,0.16,36.0,1.5,0.1618214885070035,0.4022704171412602
732.0,0.16,36.0,1.5,0.1618177572236588,0.40226577933458224
733.0,0.16,36.0,1.5,0.1618140386620404,0.40226115728720363
734.0,0.16,36.0,1.5,0.16181033276150683,0.40225655092429113
735.0,0.16,36.0,1.5,0.16180663946178772,0.4022519601714673
736.0,0.16,36.0,1.5,0.1618029587029811,0.4022473849548075
737.0,0.16,36.0,1.5,0.16179929042555055,0.4022428252008363
738.0,0.16,36.0,1.5,0.1617956345703227,0.4022382808365244
739.0,0.16,36.0,1.5,0.16179199107848427,0.40223375178928517
740.0,0.16,36.0,1.5,0.16178835989157953,0.4022292379869712
741.0,0.16,36.0,1.5,0.16178474095150763,0.40222473935787145
742.0,0.16,36.0,1.5,0.16178113420051998,0.40222025583070775
743.0,0.16,36.0,1.5,0.16177753958121763,0.40221578733463165
744.0,0.16,36.0,1.5,0.16177395703654862,0.4022113337992213
745.0,0.16,36.0,1.5,0.16177038650980557,0.4022068951544784
746.0,0.16,36.0,1.5,0.16176682794462305,0.40220247133082493
747.0,0.16,36.0,1.5,0.16176328128497494,0.4021980622591001
748.0,0.16,36.0,1.5,0.16175974647517224,0.40219366787055744
749.0,0.16,36.0,1.5,0.1617562234598603,0.40218928809686155
750.0,0.16,36.0,1.5,0.16175271218401654,0.4021849228700854
751.0,0.16,36.0,1.5,0.16174921259294792,0.40218057212270697
752.0,0.16,36.0,1.5,0.16174572463228865,0.40217623578760675
753.0,0.16,36.0,1.5,0.16174224824799763,0.4021719137980643
754.0,0.16,36.0,1.5,0.16173878338635625,0.4021676060877557
755.0,0.16,36.0,1.5,0.16173532999396598,0.40216331259075083
756.0,0.16,36.0,1.5,0.16173188801774596,0.40215903324151003
757.0,0.16,36.0,1.5,0.16172845740493086,0.4021547679748816
758.0,0.16,36.0,1.5,0.16172503810306843,0.40215051672609897
759.0,0.16,36.0,1.5,0.1617216300600173,0.4021462794307779
760.0,0.16,36.0,1.5,0.16171823322394477,0.40214205602491365
761.0,0.16,36.0,1.5,0.1617148475433245,0.40213784644487827
762.0,0.16,36.0,1.5,0.1617114729669344,0.4021336506274181
763.0,0.16,36.0,1.5,0.16170810944385425,0.4021294685096508
764.0,0.16,36.0,1.5,0.1617047569234638,0.4021253000290628
765.0,0.16,36.0,1.5,0.16170141535544044,0.40212114512350683
766.0,0.16,36.0,1.5,0.161698084689757,0.40211700373119885
767.0,0.16,36.0,1.5,0.1616947648766798,0.40211287579071603
768.0,0.16,36.0,1.5,0.16169145586676648,0.4021087612409937
769.0,0.16,36.0,1.5,0.16168815761086386,0.4021046600213231
770.0,0.16,36.0,1.5,0.16168487006010598,0.4021005720713488
771.0,0.16,36.0,1.5,0.16168159316591196,0.402096497331066
772.0,0.16,36.0,1.5,0.161678326879984,0.4020924357408182
773.0,0.16,36.0,1.5,0.16167507115430543,0.4020883872412948
774.0,0.16,36.0,1.5,0.16167182594113857,0.40208435177352847
775.0,0.16,36.0,1.5,0.16166859119302293,0.40208032927889287
776.0,0.16,36.0,1.5,0.1616653668627731,0.4020763196991003
777.0,0.16,36.0,1.5,0.16166215290347685,0.40207232297619894
778.0,0.16,36.0,1.5,0.16165894926849322,0.40206833905257106
779.0,0.16,36.0,1.5,0.16165575591145062,0.40206436787093014
780.0,0.16,36.0,1.5,0.16165257278624484,0.4020604093743188
781.0,0.16,36.0,1.5,0.1616493998470373,0.4020564635061067
782.0,0.16,36.0,1.5,0.16164623704825304,0.40205253020998766
783.0,0.16,36.0,1.5,0.161643084344579,0.402048609429978
784.0,0.16,36.0,1.5,0.1616399416909621,0.40204470111041396
785.0,0.16,36.0,1.5,0.16163680904260747,0.4020408051959496
786.0,0.16,36.0,1.5,0.16163368635497655,0.4020369216315543
787.0,0.16,36.0,1.5,0.16163057358378544,0.40203305036251114
788.0,0.16,36.0,1.5,0.16162747068500302,0.4020291913344142
789.0,0.16,36.0,1.5,0.1616243776148492,0.4020253444931665
790.0,0.16,36.0,1.5,0.16162129432979327,0.40202150978497814
791.0,0.16,36.0,1.5,0.16161822078655197,0.40201768715636377
792.0,0.16,36.0,1.5,0.16161515694208797,0.40201387655414084
793.0,0.16,36.0,1.5,0.16161210275360804,0.4020100779254272
794.0,0.16,36.0,1.5,0.1616090581785615,0.4020062912176394
795.0,0.16,36.0,1.5,0.1616060231746383,0.4020025163784902
796.0,0.16,36.0,1.5,0.1616029976997676,0.4019987533559869
797.0,0.16,36.0,1.5,0.161599981712116,0.4019950020984291
798.0,0.16,36.0,1.5,0.161596975170086,0.40199126255440676
799.0,0.16,36.0,1.5,0.16159397803231415,0.40198753467279824
800.0,0.16,36.0,1.5,0.16159099025766974,0.4019838184027682
801.0,0.16,36.0,1.5,0.16158801180525298,0.4019801136937659
802.0,0.16,36.0,1.5,0.16158504263439352,0.401976420495523
803.0,0.16,36.0,1.5,0.16158208270464888,0.40197273875805173
804.0,0.16,36.0,1.5,0.16157913197580284,0.40196906843164293
805.0,0.16,36.0,1.5,0.1615761904078639,0.4019654094668643
806.0,0.16,36.0,1.5,0.1615732579610638,0.40196176181455845
807.0,0.16,36.0,1.5,0.16157033459585599,0.4019581254258408
808.0,0.16,36.0,1.5,0.16156742027291401,0.4019545002520982
809.0,0.16,36.0,1.5,0.1615645149531302,0.40195088624498665
810.0,0.16,36.0,1.5,0.16156161859761403,0.40194728335642976
811.0,0.16,36.0,1.5,0.16155873116769065,0.4019436915386167
812.0,0.16,36.0,1.5,0.1615558526248996,0.40194011074400077
813.0,0.16,36.0,1.5,0.16155298293099313,0.40193654092529724
814.0,0.16,36.0,1.5,0.1615501220479349,0.4019329820354818
815.0,0.16,36.0,1.5,0.16154726993789853,0.4019294340277887
816.0,0.16,36.0,1.5,0.1615444265632662,0.40192589685570923
817.0,0.16,36.0,1.5,0.16154159188662714,0.4019223704729897
818.0,0.16,36.0,1.5,0.16153876587077642,0.4019188548336298
819.0,0.16,36.0,1.5,0.16153594847871344,0.4019153498918814
820.0,0.16,36.0,1.5,0.16153313967364055,0.4019118556022459
821.0,0.16,36.0,1.5,0.16153033941896175,0.4019083719194734
822.0,0.16,36.0,1.5,0.16152754767828137,0.4019048987985608
823.0,0.16,36.0,1.5,0.16152476441540262,0.4019014361947499
824.0,0.16,36.0,1.5,0.16152198959432634,0.40189798406352617
825.0,0.16,36.0,1.5,0.16151922317924974,0.40189454236061695
826.0,0.16,36.0,1.5,0.16151646513456488,0.4018911110419897
827.0,0.16,36.0,1.5,0.16151371542485768,0.40188769006385067
828.0,0.16,36.0,1.5,0.16151097401490636,0.40188427938264315
829.0,0.16,36.0,1.5,0.16150824086968027,0.40188087895504593
830.0,0.16,36.0,1.5,0.1615055159543387,0.40187748873797186
831.0,0.16,36.0,1.5,0.16150279923422953,0.4018741086885662
832.0,0.16,36.0,1.5,0.16150009067488794,0.40187073876420504
833.0,0.16,36.0,1.5,0.16149739024203533,0.40186737892249397
834.0,0.16,36.0,1.5,0.16149469790157794,0.4018640291212663
835.0,0.16,36.0,1.5,0.16149201361960572,0.40186068931858177
836.0,0.16,36.0,1.5,0.16148933736239107,0.40185735947272516
837.0,0.16,36.0,1.5,0.1614866690963877,0.40185403954220456
838.0,0.16,36.0,1.5,0.1614840087882294,0.40185072948574996
839.0,0.16,36.0,1.5,0.16148135640472885,0.401847429262312
840.0,0.16,36.0,1.5,0.16147871191287647,0.4018441388310603
841.0,0.16,36.0,1.5,0.1614760752798393,0.4018408581513822
842.0,0.16,36.0,1.5,0.16147344647295966,0.4018375871828812
843.0,0.16,36.0,1.5,0.16147082545975436,0.40183432588537576
844.0,0.16,36.0,1.5,0.1614682122079132,0.4018310742188976
845.0,0.16,36.0,1.5,0.161465606685298,0.4018278321436906
846.0,0.16,36.0,1.5,0.16146300885994155,0.40182459962020933
847.0,0.16,36.0,1.5,0.16146041870004638,0.40182137660911765
848.0,0.16,36.0,1.5,0.16145783617398374,0.4018181630712874
849.0,0.16,36.0,1.5,0.1614552612502924,0.401814958967797
850.0,0.16,36.0,1.5,0.16145269389767772,0.4018117642599302
851.0,0.16,36.0,1.5,0.16145013408501047,0.4018085789091747
852.0,0.16,36.0,1.5,0.16144758178132576,0.40180540287722083
853.0,0.16,36.0,1.5,0.16144503695582207,0.40180223612596044
854.0,0.16,36.0,1.5,0.16144249957786005,0.4017990786174852
855.0,0.16,36.0,1.5,0.1614399696169616,0.40179593031408567
856.0,0.16,36.0,1.5,0.16143744704280888,0.40179279117825006
857.0,0.16,36.0,1.5,0.16143493182524304,0.4017896611726626
858.0,0.16,36.0,1.5,0.16143242393426346,0.40178654026020266
859.0,0.16,36.0,1.5,0.16142992334002665,0.4017834284039433
860.0,0.16,36.0,1.5,0.16142743001284518,0.40178032556715015
861.0,0.16,36.0,1.5,0.16142494392318676,0.4017772317132801
862.0,0.16,36.0,1.5,0.1614224650416732,0.40177414680598006
863.0,0.16,36.0,1.5,0.16141999333907953,0.4017710708090859
864.0,0.16,36.0,1.5,0.16141752878633286,0.4017680036866212
865.0,0.16,36.0,1.5,0.16141507135451155,0.4017649454027959
866.0,0.16,36.0,1.5,0.1614126210148442,0.4017618959220053
867.0,0.16,36.0,1.5,0.16141017773870864,0.40175885520882876
868.0,0.16,36.0,1.5,0.16140774149763115,0.40175582322802883
869.0,0.16,36.0,1.5,0.16140531226328536,0.4017527999445497
870.0,0.16,36.0,1.5,0.16140289000749133,0.4017497853235162
871.0,0.16,36.0,1.5,0.16140047470221477,0.4017467793302328
872.0,0.16,36.0,1.5,0.1613980663195659,0.40174378193018234
873.0,0.16,36.0,1.5,0.1613956648317988,0.401740793089025
874.0,0.16,36.0,1.5,0.16139327021131022,0.401737812772597
875.0,0.16,36.0,1.5,0.16139088243063893,0.4017348409469098
876.0,0.16,36.0,1.5,0.1613885014624647,0.40173187757814877
877.0,0.16,36.0,1.5,0.16138612727960744,0.40172892263267207
878.0,0.16,36.0,1.5,0.1613837598550263,0.4017259760770098
879.0,0.16,36.0,1.5,0.16138139916181887,0.4017230378778629
880.0,0.16,36.0,1.5,0.16137904517322027,0.40172010800210173
881.0,0.16,36.0,1.5,0.16137669786260225,0.4017171864167654
882.0,0.16,36.0,1.5,0.1613743572034724,0.40171427308906066
883.0,0.16,36.0,1.5,0.1613720231694733,0.4017113679863607
884.0,0.16,36.0,1.5,0.16136969573438165,0.4017084710762043
885.0,0.16,36.0,1.5,0.16136737487210742,0.40170558232629455
886.0,0.16,36.0,1.5,0.16136506055669314,0.4017027017044983
887.0,0.16,36.0,1.5,0.1613627527623129,0.40169982917884456
888.0,0.16,36.0,1.5,0.1613604514632717,0.401696964717524
889.0,0.16,36.0,1.5,0.16135815663400446,0.40169410828888746
890.0,0.16,36.0,1.5,0.1613558682490755,0.4016912598614457
891.0,0.16,36.0,1.5,0.1613535862831774,0.40168841940386757
892.0,0.16,36.0,1.5,0.16135131071113046,0.4016855868849796
893.0,0.16,36.0,1.5,0.16134904150788182,0.40168276227376476
894.0,0.16,36.0,1.5,0.16134677864850466,0.4016799455393618
895.0,0.16,36.0,1.5,0.16134452210819752,0.40167713665106397
896.0,0.16,36.0,1.5,0.1613422718622834,0.4016743355783182
897.0,0.16,36.0,1.5,0.16134002788620905,0.4016715422907242
898.0,0.16,36.0,1.5,0.16133779015554434,0.40166875675803354
899.0,0.16,36.0,1.5,0.16133555864598123,0.4016659789501486
900.0,0.16,36.0,1.5,0.16133333333333333,0.4016632088371218
901.0,0.16,36.0,1.5,0.16133111419353494,0.4016604463891546
902.0,0.16,36.0,1.5,0.1613289012026404,0.4016576915765966
903.0,0.16,36.0,1.5,0.16132669433682337,0.4016549443699447
904.0,0.16,36.0,1.5,0.16132449357237602,0.4016522047398421
905.0,0.16,36.0,1.5,0.16132229888570848,0.40164947265707757
906.0,0.16,36.0,1.5,0.1613201102533479,0.4016467480925843
907.0,0.16,36.0,1.5,0.1613179276519379,0.4016440310174395
908.0,0.16,36.0,1.5,0.16131575105823784,0.4016413214028629
909.0,0.16,36.0,1.5,0.1613135804491221,0.40163861922021654
910.0,0.16,36.0,1.5,0.16131141580157937,0.4016359244410034
911.0,0.16,36.0,1.5,0.161309257092712,0.40163323703686676
912.0,0.16,36.0,1.5,0.16130710429973524,0.40163055697958944
913.0,0.16,36.0,1.5,0.16130495739997666,0.4016278842410928
914.0,0.16,36.0,1.5,0.1613028163708754,0.4016252187934361
915.0,0.16,36.0,1.5,0.16130068118998156,0.40162256060881535
916.0,0.16,36.0,1.5,0.16129855183495542,0.40161990965956285
917.0,0.16,36.0,1.5,0.16129642828356694,0.40161726591814617
918.0,0.16,36.0,1.5,0.161294310513695,0.40161462935716746
919.0,0.16,36.0,1.5,0.16129219850332674,0.4016119999493625
920.0,0.16,36.0,1.5,0.161290092230557,0.4016093776676
921.0,0.16,36.0,1.5,0.1612879916735875,0.40160676248488086
922.0,0.16,36.0,1.5,0.16128589681072647,0.4016041543743372
923.0,0.16,36.0,1.5,0.1612838076203878,0.40160155330923186
924.0,0.16,36.0,1.5,0.16128172408109046,0.4015989592629573
925.0,0.16,36.0,1.5,0.16127964617145793,0.4015963722090352
926.0,0.16,36.0,1.5,0.1612775738702175,0.4015937921211152
927.0,0.16,36.0,1.5,0.16127550715619973,0.40159121897297473
928.0,0.16,36.0,1.5,0.16127344600833782,0.4015886527385178
929.0,0.16,36.0,1.5,0.161271390405667,0.4015860933917744
930.0,0.16,36.0,1.5,0.1612693403273238,0.40158354090689996
931.0,0.16,36.0,1.5,0.1612672957525457,0.40158099525817414
932.0,0.16,36.0,1.5,0.16126525666067035,0.4015784564200006
933.0,0.16,36.0,1.5,0.16126322303113502,0.40157592436690603
934.0,0.16,36.0,1.5,0.16126119484347606,0.40157339907353934
935.0,0.16,36.0,1.5,0.16125917207732826,0.4015708805146711
936.0,0.16,36.0,1.5,0.16125715471242427,0.4015683686651929
937.0,0.16,36.0,1.5,0.16125514272859406,0.40156586350011636
938.0,0.16,36.0,1.5,0.16125313610576442,0.4015633649945727
939.0,0.16,36.0,1.5,0.16125113482395817,0.4015608731238119
940.0,0.16,36.0,1.5,0.16124913886329384,0.4015583878632021
941.0,0.16,36.0,1.5,0.16124714820398497,0.4015559091882287
942.0,0.16,36.0,1.5,0.16124516282633963,0.40155343707449404
943.0,0.16,36.0,1.5,0.16124318271075982,0.40155097149771635
944.0,0.16,36.0,1.5,0.1612412078377409,0.40154851243372935
945.0,0.16,36.0,1.5,0.16123923818787117,0.40154605985848146
946.0,0.16,36.0,1.5,0.1612372737418311,0.401543613748035
947.0,0.16,36.0,1.5,0.16123531448039316,0.4015411740785659
948.0,0.16,36.0,1.5,0.16123336038442082,0.40153874082636265
949.0,0.16,36.0,1.5,0.16123141143486844,0.40153631396782585
950.0,0.16,36.0,1.5,0.1612294676127805,0.4015338934794677
951.0,0.16,36.0,1.5,0.1612275288992912,0.40153147933791095
952.0,0.16,36.0,1.5,0.16122559527562386,0.40152907151988865
953.0,0.16,36.0,1.5,0.16122366672309038,0.4015266700022433
954.0,0.16,36.0,1.5,0.1612217432230909,0.4015242747619263
955.0,0.16,36.0,1.5,0.16121982475711313,0.40152188577599746
956.0,0.16,36.0,1.5,0.16121791130673188,0.4015195030216239
957.0,0.16,36.0,1.5,0.1612160028536086,0.40151712647608023
958.0,0.16,36.0,1.5,0.16121409937949086,0.40151475611674703
959.0,0.16,36.0,1.5,0.16121220086621182,0.401512391921111
960.0,0.16,36.0,1.5,0.16121030729568983,0.4015100338667638
961.0,0.16,36.0,1.5,0.16120841864992783,0.40150768193140196
962.0,0.16,36.0,1.5,0.161206534911013,0.4015053360928258
963.0,0.16,36.0,1.5,0.1612046560611161,0.4015029963289391
964.0,0.16,36.0,1.5,0.16120278208249117,0.4015006626177486
965.0,0.16,36.0,1.5,0.161200912957475,0.4014983349373631
966.0,0.16,36.0,1.5,0.16119904866848656,0.40149601326599316
967.0,0.16,36.0,1.5,0.16119718919802667,0.4014936975819504
968.0,0.16,36.0,1.5,0.1611953345286775,0.4014913878636471
969.0,0.16,36.0,1.5,0.161193484643102,0.4014890840895951
970.0,0.16,36.0,1.5,0.16119163952404358,0.4014867862384061
971.0,0.16,36.0,1.5,0.16118979915432566,0.40148449428879024
972.0,0.16,36.0,1.5,0.16118796351685108,0.4014822082195562
973.0,0.16,36.0,1.5,0.16118613259460177,0.4014799280096102
974.0,0.16,36.0,1.5,0.1611843063706382,0.4014776536379555
975.0,0.16,36.0,1.5,0.1611824848280991,0.4014753850836924
976.0,0.16,36.0,1.5,0.1611806679502009,0.40147312232601684
977.0,0.16,36.0,1.5,0.16117885572023724,0.4014708653442205
978.0,0.16,36.0,1.5,0.16117704812157868,0.40146861411769
979.0,0.16,36.0,1.5,0.16117524513767217,0.4014663686259064
980.0,0.16,36.0,1.5,0.1611734467520407,0.40146412884844485
981.0,0.16,36.0,1.5,0.16117165294828276,0.4014618947649736
982.0,0.16,36.0,1.5,0.16116986371007197,0.40145966635525415
983.0,0.16,36.0,1.5,0.16116807902115676,0.4014574435991401
984.0,0.16,36.0,1.5,0.16116629886535977,0.40145522647657705
985.0,0.16,36.0,1.5,0.16116452322657757,0.4014530149676019
986.0,0.16,36.0,1.5,0.1611627520887802,0.4014508090523423
987.0,0.16,36.0,1.5,0.16116098543601076,0.4014486087110164
988.0,0.16,36.0,1.5,0.16115922325238502,0.4014464139239321
989.0,0.16,36.0,1.5,0.161157465522091,0.4014442246714866
990.0,0.16,36.0,1.5,0.1611557122293886,0.40144204093416597
991.0,0.16,36.0,1.5,0.16115396335860913,0.40143986269254467
992.0,0.16,36.0,1.5,0.16115221889415496,0.4014376899272849
993.0,0.16,36.0,1.5,0.16115047882049918,0.4014355226191364
994.0,0.16,36.0,1.5,0.1611487431221851,0.40143336074893565
995.0,0.16,36.0,1.5,0.16114701178382596,0.4014312042976056
996.0,0.16,36.0,1.5,0.16114528479010448,0.4014290532461552
997.0,0.16,36.0,1.5,0.1611435621257725,0.4014269075756787
998.0,0.16,36.0,1.5,0.16114184377565055,0.40142476726735554
999.0,0.16,36.0,1.5,0.16114012972462763,0.40142263230244957
1000.0,0.16,36.0,1.5,0.16113841995766062,0.4014205026623087
